case,i,x,u,exact,semidiscrete
sweep-BE-N8-M10,0,0,0,0,0
sweep-BE-N8-M10,1,0.125,0.1510270587051783,0.14262911504180839,0.14444027729439002
sweep-BE-N8-M10,2,0.25,0.27906161678618957,0.26354424025464895,0.26689083172508332
sweep-BE-N8-M10,3,0.375,0.36461157341135908,0.34433714392320625,0.34870967639704703
sweep-BE-N8-M10,4,0.5,0.39465272319679268,0.37270783885343794,0.3774406338986484
sweep-BE-N8-M10,5,0.625,0.36461157341135902,0.34433714392320625,0.34870967639704703
sweep-BE-N8-M10,6,0.75,0.27906161678618951,0.26354424025464895,0.26689083172508338
sweep-BE-N8-M10,7,0.875,0.1510270587051783,0.14262911504180845,0.14444027729439007
sweep-BE-N8-M10,8,1,0,0,0
sweep-BE-N8-M20,0,0,0,0,0
sweep-BE-N8-M20,1,0.125,0.14779940205801576,0.14262911504180839,0.14444027729439002
sweep-BE-N8-M20,2,0.25,0.27309768495761461,0.26354424025464895,0.26689083172508332
sweep-BE-N8-M20,3,0.375,0.35681932095909541,0.34433714392320625,0.34870967639704703
sweep-BE-N8-M20,4,0.5,0.38621844991975329,0.37270783885343794,0.3774406338986484
sweep-BE-N8-M20,5,0.625,0.35681932095909558,0.34433714392320625,0.34870967639704703
sweep-BE-N8-M20,6,0.75,0.27309768495761466,0.26354424025464895,0.26689083172508338
sweep-BE-N8-M20,7,0.875,0.14779940205801578,0.14262911504180845,0.14444027729439007
sweep-BE-N8-M20,8,1,0,0,0
sweep-BE-N8-M40,0,0,0,0,0
sweep-BE-N8-M40,1,0.125,0.14613686925603575,0.14262911504180839,0.14444027729439002
sweep-BE-N8-M40,2,0.25,0.27002572490185867,0.26354424025464895,0.26689083172508332
sweep-BE-N8-M40,3,0.375,0.35280561172066549,0.34433714392320625,0.34870967639704703
sweep-BE-N8-M40,4,0.5,0.38187404234583511,0.37270783885343794,0.3774406338986484
sweep-BE-N8-M40,5,0.625,0.35280561172066555,0.34433714392320625,0.34870967639704703
sweep-BE-N8-M40,6,0.75,0.27002572490185894,0.26354424025464895,0.26689083172508338
sweep-BE-N8-M40,7,0.875,0.14613686925603595,0.14262911504180845,0.14444027729439007
sweep-BE-N8-M40,8,1,0,0,0
sweep-BE-N8-M80,0,0,0,0,0
sweep-BE-N8-M80,1,0.125,0.14529290874422168,0.14262911504180839,0.14444027729439002
sweep-BE-N8-M80,2,0.25,0.26846628921563315,0.26354424025464895,0.26689083172508332
sweep-BE-N8-M80,3,0.375,0.35076811080693637,0.34433714392320625,0.34870967639704703
sweep-BE-N8-M80,4,0.5,0.37966866724872617,0.37270783885343794,0.3774406338986484
sweep-BE-N8-M80,5,0.625,0.35076811080693671,0.34433714392320625,0.34870967639704703
sweep-BE-N8-M80,6,0.75,0.26846628921563365,0.26354424025464895,0.26689083172508338
sweep-BE-N8-M80,7,0.875,0.14529290874422202,0.14262911504180845,0.14444027729439007
sweep-BE-N8-M80,8,1,0,0,0
sweep-BE-N8-M160,0,0,0,0,0
sweep-BE-N8-M160,1,0.125,0.14486768688114157,0.14262911504180839,0.14444027729439002
sweep-BE-N8-M160,2,0.25,0.26768058166348124,0.26354424025464895,0.26689083172508332
sweep-BE-N8-M160,3,0.375,0.34974153441807188,0.34433714392320625,0.34870967639704703
sweep-BE-N8-M160,4,0.5,0.37855750897241569,0.37270783885343794,0.3774406338986484
sweep-BE-N8-M160,5,0.625,0.34974153441807271,0.34433714392320625,0.34870967639704703
sweep-BE-N8-M160,6,0.75,0.26768058166348269,0.26354424025464895,0.26689083172508338
sweep-BE-N8-M160,7,0.875,0.14486768688114243,0.14262911504180845,0.14444027729439007
sweep-BE-N8-M160,8,1,0,0,0
sweep-BE-N8-M320,0,0,0,0,0
sweep-BE-N8-M320,1,0.125,0.14465425681766816,0.14262911504180839,0.14444027729439002
sweep-BE-N8-M320,2,0.25,0.26728621432894956,0.26354424025464895,0.26689083172508332
sweep-BE-N8-M320,3,0.375,0.34922626866421413,0.34433714392320625,0.34870967639704703
sweep-BE-N8-M320,4,0.5,0.37799978933936002,0.37270783885343794,0.3774406338986484
sweep-BE-N8-M320,5,0.625,0.34922626866421264,0.34433714392320625,0.34870967639704703
sweep-BE-N8-M320,6,0.75,0.26728621432894761,0.26354424025464895,0.26689083172508338
sweep-BE-N8-M320,7,0.875,0.14465425681766697,0.14262911504180845,0.14444027729439007
sweep-BE-N8-M320,8,1,0,0,0
sweep-BE-N8-M640,0,0,0,0,0
sweep-BE-N8-M640,1,0.125,0.14454733589751703,0.14262911504180839,0.14444027729439002
sweep-BE-N8-M640,2,0.25,0.26708865022950018,0.26354424025464895,0.26689083172508332
sweep-BE-N8-M640,3,0.375,0.34896813872868759,0.34433714392320625,0.34870967639704703
sweep-BE-N8-M640,4,0.5,0.37772039151048786,0.37270783885343794,0.3774406338986484
sweep-BE-N8-M640,5,0.625,0.34896813872869398,0.34433714392320625,0.34870967639704703
sweep-BE-N8-M640,6,0.75,0.26708865022950901,0.26354424025464895,0.26689083172508338
sweep-BE-N8-M640,7,0.875,0.1445473358975225,0.14262911504180845,0.14444027729439007
sweep-BE-N8-M640,8,1,0,0,0
sweep-BE-N8-M1280,0,0,0,0,0
sweep-BE-N8-M1280,1,0.125,0.14449382382627127,0.14262911504180839,0.14444027729439002
sweep-BE-N8-M1280,2,0.25,0.26698977281476971,0.26354424025464895,0.26689083172508332
sweep-BE-N8-M1280,3,0.375,0.34883894916054331,0.34433714392320625,0.34870967639704703
sweep-BE-N8-M1280,4,0.5,0.37758055772957211,0.37270783885343794,0.3774406338986484
sweep-BE-N8-M1280,5,0.625,0.34883894916055047,0.34433714392320625,0.34870967639704703
sweep-BE-N8-M1280,6,0.75,0.26698977281478203,0.26354424025464895,0.26689083172508338
sweep-BE-N8-M1280,7,0.875,0.14449382382627959,0.14262911504180845,0.14444027729439007
sweep-BE-N8-M1280,8,1,0,0,0
sweep-BE-N8-M2560,0,0,0,0,0
sweep-BE-N8-M2560,1,0.125,0.14446705487043887,0.14262911504180839,0.14444027729439002
sweep-BE-N8-M2560,2,0.25,0.26694031023396825,0.26354424025464895,0.26689083172508332
sweep-BE-N8-M2560,3,0.375,0.34877432318432205,0.34433714392320625,0.34870967639704703
sweep-BE-N8-M2560,4,0.5,0.3775106070769943,0.37270783885343794,0.3774406338986484
sweep-BE-N8-M2560,5,0.625,0.34877432318435919,0.34433714392320625,0.34870967639704703
sweep-BE-N8-M2560,6,0.75,0.26694031023400983,0.26354424025464895,0.26689083172508338
sweep-BE-N8-M2560,7,0.875,0.14446705487046402,0.14262911504180845,0.14444027729439007
sweep-BE-N8-M2560,8,1,0,0,0
sweep-BE-N16-M10,0,0,0,0,0
sweep-BE-N16-M10,1,0.0625,0.076332954990340374,0.072711692299852443,0.07294232043450416
sweep-BE-N16-M10,2,0.125,0.1497324773284163,0.14262911504180839,0.14308150840123493
sweep-BE-N16-M10,3,0.1875,0.21737786453370186,0.20706538088003687,0.20772215424114054
sweep-BE-N16-M10,4,0.25,0.27666954231186813,0.26354424025464895,0.26438015418548533
sweep-BE-N16-M10,5,0.3125,0.32532896473705619,0.30989524227358756,0.31087817307058052
sweep-BE-N16-M10,6,0.375,0.3614861774939846,0.34433714392320625,0.34542931810706129
sweep-BE-N16-M10,7,0.4375,0.38375167917360281,0.36554636223835113,0.36670580816768106
sweep-BE-N16-M10,8,0.5,0.39126981903300057,0.37270783885343794,0.37388999967140335
sweep-BE-N16-M10,9,0.5625,0.3837516791736027,0.36554636223835113,0.36670580816768106
sweep-BE-N16-M10,10,0.625,0.36148617749398437,0.34433714392320625,0.34542931810706129
sweep-BE-N16-M10,11,0.6875,0.32532896473705608,0.30989524227358761,0.31087817307058058
sweep-BE-N16-M10,12,0.75,0.27666954231186808,0.26354424025464895,0.26438015418548533
sweep-BE-N16-M10,13,0.8125,0.21737786453370178,0.20706538088003687,0.20772215424114054
sweep-BE-N16-M10,14,0.875,0.14973247732841621,0.14262911504180845,0.14308150840123496
sweep-BE-N16-M10,15,0.9375,0.076332954990340332,0.072711692299852582,0.072942320434504299
sweep-BE-N16-M10,16,1,0,0,0
sweep-BE-N16-M20,0,0,0,0,0
sweep-BE-N16-M20,1,0.0625,0.07467160817379416,0.072711692299852443,0.07294232043450416
sweep-BE-N16-M20,2,0.125,0.14647362832178973,0.14262911504180839,0.14308150840123493
sweep-BE-N16-M20,3,0.1875,0.212646749076736,0.20706538088003687,0.20772215424114054
sweep-BE-N16-M20,4,0.25,0.27064797451833406,0.26354424025464895,0.26438015418548533
sweep-BE-N16-M20,5,0.3125,0.31824835008032526,0.30989524227358756,0.31087817307058052
sweep-BE-N16-M20,6,0.375,0.35361862002446048,0.34433714392320625,0.34542931810706129
sweep-BE-N16-M20,7,0.4375,0.37539952471266252,0.36554636223835113,0.36670580816768106
sweep-BE-N16-M20,8,0.5,0.3827540361926357,0.37270783885343794,0.37388999967140335
sweep-BE-N16-M20,9,0.5625,0.37539952471266241,0.36554636223835113,0.36670580816768106
sweep-BE-N16-M20,10,0.625,0.35361862002446037,0.34433714392320625,0.34542931810706129
sweep-BE-N16-M20,11,0.6875,0.31824835008032515,0.30989524227358761,0.31087817307058058
sweep-BE-N16-M20,12,0.75,0.27064797451833394,0.26354424025464895,0.26438015418548533
sweep-BE-N16-M20,13,0.8125,0.21264674907673586,0.20706538088003687,0.20772215424114054
sweep-BE-N16-M20,14,0.875,0.14647362832178965,0.14262911504180845,0.14308150840123496
sweep-BE-N16-M20,15,0.9375,0.074671608173794105,0.072711692299852582,0.072942320434504299
sweep-BE-N16-M20,16,1,0,0,0
sweep-BE-N16-M40,0,0,0,0,0
sweep-BE-N16-M40,1,0.0625,0.073815766196706933,0.072711692299852443,0.07294232043450416
sweep-BE-N16-M40,2,0.125,0.14479483389483302,0.14262911504180839,0.14308150840123493
sweep-BE-N16-M40,3,0.1875,0.21020951732825904,0.20706538088003687,0.20772215424114054
sweep-BE-N16-M40,4,0.25,0.26754596689761556,0.26354424025464895,0.26438015418548533
sweep-BE-N16-M40,5,0.3125,0.31460077500060352,0.30989524227358756,0.31087817307058052
sweep-BE-N16-M40,6,0.375,0.3495656517504655,0.34433714392320625,0.34542931810706129
sweep-BE-N16-M40,7,0.4375,0.3710969165422332,0.36554636223835113,0.36670580816768106
sweep-BE-N16-M40,8,0.5,0.37836713494483132,0.37270783885343794,0.37388999967140335
sweep-BE-N16-M40,9,0.5625,0.37109691654223337,0.36554636223835113,0.36670580816768106
sweep-BE-N16-M40,10,0.625,0.34956565175046578,0.34433714392320625,0.34542931810706129
sweep-BE-N16-M40,11,0.6875,0.31460077500060385,0.30989524227358761,0.31087817307058058
sweep-BE-N16-M40,12,0.75,0.26754596689761589,0.26354424025464895,0.26438015418548533
sweep-BE-N16-M40,13,0.8125,0.21020951732825927,0.20706538088003687,0.20772215424114054
sweep-BE-N16-M40,14,0.875,0.14479483389483316,0.14262911504180845,0.14308150840123496
sweep-BE-N16-M40,15,0.9375,0.073815766196706989,0.072711692299852582,0.072942320434504299
sweep-BE-N16-M40,16,1,0,0,0
sweep-BE-N16-M80,0,0,0,0,0
sweep-BE-N16-M80,1,0.0625,0.073381284306298561,0.072711692299852443,0.07294232043450416
sweep-BE-N16-M80,2,0.125,0.14394256700940442,0.14262911504180839,0.14308150840123493
sweep-BE-N16-M80,3,0.1875,0.20897221758626042,0.20706538088003687,0.20772215424114054
sweep-BE-N16-M80,4,0.25,0.26597118303424633,0.26354424025464895,0.26438015418548533
sweep-BE-N16-M80,5,0.3125,0.31274902507658398,0.30989524227358756,0.31087817307058052
sweep-BE-N16-M80,6,0.375,0.34750809747690242,0.34433714392320625,0.34542931810706129
sweep-BE-N16-M80,7,0.4375,0.36891262857596968,0.36554636223835113,0.36670580816768106
sweep-BE-N16-M80,8,0.5,0.37614005424744795,0.37270783885343794,0.37388999967140335
sweep-BE-N16-M80,9,0.5625,0.36891262857596951,0.36554636223835113,0.36670580816768106
sweep-BE-N16-M80,10,0.625,0.3475080974769022,0.34433714392320625,0.34542931810706129
sweep-BE-N16-M80,11,0.6875,0.31274902507658381,0.30989524227358761,0.31087817307058058
sweep-BE-N16-M80,12,0.75,0.26597118303424622,0.26354424025464895,0.26438015418548533
sweep-BE-N16-M80,13,0.8125,0.20897221758626039,0.20706538088003687,0.20772215424114054
sweep-BE-N16-M80,14,0.875,0.14394256700940439,0.14262911504180845,0.14308150840123496
sweep-BE-N16-M80,15,0.9375,0.073381284306298547,0.072711692299852582,0.072942320434504299
sweep-BE-N16-M80,16,1,0,0,0
sweep-BE-N16-M160,0,0,0,0,0
sweep-BE-N16-M160,1,0.0625,0.073162367805407483,0.072711692299852443,0.07294232043450416
sweep-BE-N16-M160,2,0.125,0.14351314684598171,0.14262911504180839,0.14308150840123493
sweep-BE-N16-M160,3,0.1875,0.20834879613636495,0.20706538088003687,0.20772215424114054
sweep-BE-N16-M160,4,0.25,0.26517771803457862,0.26354424025464895,0.26438015418548533
sweep-BE-N16-M160,5,0.3125,0.31181600894210093,0.30989524227358756,0.31087817307058052
sweep-BE-N16-M160,6,0.375,0.3464713854944107,0.34433714392320625,0.34542931810706129
sweep-BE-N16-M160,7,0.4375,0.3678120610055618,0.36554636223835113,0.36670580816768106
sweep-BE-N16-M160,8,0.5,0.37501792528364919,0.37270783885343794,0.37388999967140335
sweep-BE-N16-M160,9,0.5625,0.36781206100556096,0.36554636223835113,0.36670580816768106
sweep-BE-N16-M160,10,0.625,0.34647138549440937,0.34433714392320625,0.34542931810706129
sweep-BE-N16-M160,11,0.6875,0.31181600894209938,0.30989524227358761,0.31087817307058058
sweep-BE-N16-M160,12,0.75,0.26517771803457707,0.26354424025464895,0.26438015418548533
sweep-BE-N16-M160,13,0.8125,0.20834879613636362,0.20706538088003687,0.20772215424114054
sweep-BE-N16-M160,14,0.875,0.14351314684598082,0.14262911504180845,0.14308150840123496
sweep-BE-N16-M160,15,0.9375,0.073162367805406997,0.072711692299852582,0.072942320434504299
sweep-BE-N16-M160,16,1,0,0,0
sweep-BE-N16-M320,0,0,0,0,0
sweep-BE-N16-M320,1,0.0625,0.07305248613500781,0.072711692299852443,0.07294232043450416
sweep-BE-N16-M320,2,0.125,0.14329760619615348,0.14262911504180839,0.14308150840123493
sweep-BE-N16-M320,3,0.1875,0.20803587961340447,0.20706538088003687,0.20772215424114054
sweep-BE-N16-M320,4,0.25,0.26477945084497767,0.26354424025464895,0.26438015418548533
sweep-BE-N16-M320,5,0.3125,0.31134769627060532,0.30989524227358756,0.31087817307058052
sweep-BE-N16-M320,6,0.375,0.34595102433435326,0.34433714392320625,0.34542931810706129
sweep-BE-N16-M320,7,0.4375,0.36725964854450122,0.36554636223835113,0.36670580816768106
sweep-BE-N16-M320,8,0.5,0.37445469042266738,0.37270783885343794,0.37388999967140335
sweep-BE-N16-M320,9,0.5625,0.36725964854450027,0.36554636223835113,0.36670580816768106
sweep-BE-N16-M320,10,0.625,0.34595102433435199,0.34433714392320625,0.34542931810706129
sweep-BE-N16-M320,11,0.6875,0.31134769627060405,0.30989524227358761,0.31087817307058058
sweep-BE-N16-M320,12,0.75,0.26477945084497662,0.26354424025464895,0.26438015418548533
sweep-BE-N16-M320,13,0.8125,0.20803587961340356,0.20706538088003687,0.20772215424114054
sweep-BE-N16-M320,14,0.875,0.14329760619615292,0.14262911504180845,0.14308150840123496
sweep-BE-N16-M320,15,0.9375,0.073052486135007505,0.072711692299852582,0.072942320434504299
sweep-BE-N16-M320,16,1,0,0,0
sweep-BE-N16-M640,0,0,0,0,0
sweep-BE-N16-M640,1,0.0625,0.072997438871053547,0.072711692299852443,0.07294232043450416
sweep-BE-N16-M640,2,0.125,0.14318962710372796,0.14262911504180839,0.14308150840123493
sweep-BE-N16-M640,3,0.1875,0.20787911826847447,0.20706538088003687,0.20772215424114054
sweep-BE-N16-M640,4,0.25,0.26457993149811648,0.26354424025464895,0.26438015418548533
sweep-BE-N16-M640,5,0.3125,0.31111308633842039,0.30989524227358756,0.31087817307058052
sweep-BE-N16-M640,6,0.375,0.34569033974496788,0.34433714392320625,0.34542931810706129
sweep-BE-N16-M640,7,0.4375,0.36698290726049215,0.36554636223835113,0.36670580816768106
sweep-BE-N16-M640,8,0.5,0.37417252745638113,0.37270783885343794,0.37388999967140335
sweep-BE-N16-M640,9,0.5625,0.36698290726049232,0.36554636223835113,0.36670580816768106
sweep-BE-N16-M640,10,0.625,0.34569033974496816,0.34433714392320625,0.34542931810706129
sweep-BE-N16-M640,11,0.6875,0.31111308633842083,0.30989524227358761,0.31087817307058058
sweep-BE-N16-M640,12,0.75,0.26457993149811687,0.26354424025464895,0.26438015418548533
sweep-BE-N16-M640,13,0.8125,0.2078791182684753,0.20706538088003687,0.20772215424114054
sweep-BE-N16-M640,14,0.875,0.14318962710372882,0.14262911504180845,0.14308150840123496
sweep-BE-N16-M640,15,0.9375,0.072997438871054032,0.072711692299852582,0.072942320434504299
sweep-BE-N16-M640,16,1,0,0,0
sweep-BE-N16-M1280,0,0,0,0,0
sweep-BE-N16-M1280,1,0.0625,0.072969888559696314,0.072711692299852443,0.07294232043450416
sweep-BE-N16-M1280,2,0.125,0.14313558522402831,0.14262911504180839,0.14308150840123493
sweep-BE-N16-M1280,3,0.1875,0.20780066161956132,0.20706538088003687,0.20772215424114054
sweep-BE-N16-M1280,4,0.25,0.2644800751250076,0.26354424025464895,0.26438015418548533
sweep-BE-N16-M1280,5,0.3125,0.31099566766553544,0.30989524227358756,0.31087817307058052
sweep-BE-N16-M1280,6,0.375,0.34555987110605629,0.34433714392320625,0.34542931810706129
sweep-BE-N16-M1280,7,0.4375,0.36684440249217998,0.36554636223835113,0.36670580816768106
sweep-BE-N16-M1280,8,0.5,0.37403130921924022,0.37270783885343794,0.37388999967140335
sweep-BE-N16-M1280,9,0.5625,0.36684440249217976,0.36554636223835113,0.36670580816768106
sweep-BE-N16-M1280,10,0.625,0.34555987110605613,0.34433714392320625,0.34542931810706129
sweep-BE-N16-M1280,11,0.6875,0.31099566766553527,0.30989524227358761,0.31087817307058058
sweep-BE-N16-M1280,12,0.75,0.26448007512500737,0.26354424025464895,0.26438015418548533
sweep-BE-N16-M1280,13,0.8125,0.20780066161956035,0.20706538088003687,0.20772215424114054
sweep-BE-N16-M1280,14,0.875,0.14313558522402722,0.14262911504180845,0.14308150840123496
sweep-BE-N16-M1280,15,0.9375,0.072969888559695689,0.072711692299852582,0.072942320434504299
sweep-BE-N16-M1280,16,1,0,0,0
sweep-BE-N16-M2560,0,0,0,0,0
sweep-BE-N16-M2560,1,0.0625,0.072956106725134987,0.072711692299852443,0.07294232043450416
sweep-BE-N16-M2560,2,0.125,0.14310855118307955,0.14262911504180839,0.14308150840123493
sweep-BE-N16-M2560,3,0.1875,0.20776141427526071,0.20706538088003687,0.20772215424114054
sweep-BE-N16-M2560,4,0.25,0.26443012273078859,0.26354424025464895,0.26438015418548533
sweep-BE-N16-M2560,5,0.3125,0.31093692986389626,0.30989524227358756,0.31087817307058052
sweep-BE-N16-M2560,6,0.375,0.34549460515777369,0.34433714392320625,0.34542931810706129
sweep-BE-N16-M2560,7,0.4375,0.36677511653104383,0.36554636223835113,0.36670580816768106
sweep-BE-N16-M2560,8,0.5,0.37396066586588023,0.37270783885343794,0.37388999967140335
sweep-BE-N16-M2560,9,0.5625,0.36677511653104811,0.36554636223835113,0.36670580816768106
sweep-BE-N16-M2560,10,0.625,0.34549460515778191,0.34433714392320625,0.34542931810706129
sweep-BE-N16-M2560,11,0.6875,0.31093692986390875,0.30989524227358761,0.31087817307058058
sweep-BE-N16-M2560,12,0.75,0.26443012273080446,0.26354424025464895,0.26438015418548533
sweep-BE-N16-M2560,13,0.8125,0.2077614142752762,0.20706538088003687,0.20772215424114054
sweep-BE-N16-M2560,14,0.875,0.14310855118309201,0.14262911504180845,0.14308150840123496
sweep-BE-N16-M2560,15,0.9375,0.072956106725141689,0.072711692299852582,0.072942320434504299
sweep-BE-N16-M2560,16,1,0,0,0
sweep-BE-N24-M10,0,0,0,0,0
sweep-BE-N24-M10,1,0.041666666666666664,0.050989275261735655,0.048648135016103849,0.048716702749397066
sweep-BE-N24-M10,2,0.083333333333333329,0.10110610988684512,0.09646388695427098,0.096599849207930202
sweep-BE-N24-M10,3,0.125,0.14949299093988114,0.14262911504180839,0.14283014546397765
sweep-BE-N24-M10,4,0.16666666666666666,0.19532200547064843,0.18635391942671894,0.18661657833113876
sweep-BE-N24-M10,5,0.20833333333333334,0.23780900633432217,0.22689015658317085,0.22720994980316381
sweep-BE-N24-M10,6,0.25,0.27622702916650288,0.26354424025464895,0.2639156960395575
sweep-BE-N24-M10,7,0.29166666666666669,0.30991873094504374,0.29568900890710237,0.29610577154545981
sweep-BE-N24-M10,8,0.33333333333333331,0.33830763731140934,0.32277445663667409,0.32322939520418958
sweep-BE-N24-M10,9,0.375,0.36090800620677943,0.34433714392320625,0.34482247429485685
sweep-BE-N24-M10,10,0.41666666666666669,0.37733313905334825,0.36000812720891995,0.36051554524748775
sweep-BE-N24-M10,11,0.45833333333333331,0.38730199727420367,0.36951927162497922,0.37004009526714143
sweep-BE-N24-M10,12,0.5,0.3906440109412973,0.37270783885343794,0.37323315666227758
sweep-BE-N24-M10,13,0.54166666666666663,0.38730199727420384,0.36951927162497922,0.37004009526714143
sweep-BE-N24-M10,14,0.58333333333333337,0.37733313905334848,0.36000812720891995,0.36051554524748775
sweep-BE-N24-M10,15,0.625,0.36090800620677971,0.3443371439232063,0.34482247429485691
sweep-BE-N24-M10,16,0.66666666666666663,0.33830763731140956,0.32277445663667409,0.32322939520418958
sweep-BE-N24-M10,17,0.70833333333333337,0.30991873094504385,0.29568900890710237,0.29610577154545981
sweep-BE-N24-M10,18,0.75,0.27622702916650299,0.26354424025464895,0.26391569603955756
sweep-BE-N24-M10,19,0.79166666666666663,0.23780900633432231,0.22689015658317094,0.22720994980316389
sweep-BE-N24-M10,20,0.83333333333333337,0.19532200547064851,0.18635391942671894,0.18661657833113876
sweep-BE-N24-M10,21,0.875,0.14949299093988125,0.14262911504180845,0.14283014546397771
sweep-BE-N24-M10,22,0.91666666666666663,0.10110610988684519,0.096463886954271091,0.096599849207930313
sweep-BE-N24-M10,23,0.95833333333333337,0.050989275261735689,0.048648135016104002,0.048716702749397219
sweep-BE-N24-M10,24,1,0,0,0
sweep-BE-N24-M20,0,0,0,0,0
sweep-BE-N24-M20,1,0.041666666666666664,0.049875774023420694,0.048648135016103849,0.048716702749397066
sweep-BE-N24-M20,2,0.083333333333333329,0.098898159725123655,0.09646388695427098,0.096599849207930202
sweep-BE-N24-M20,3,0.125,0.14622837049417967,0.14262911504180839,0.14283014546397765
sweep-BE-N24-M20,4,0.16666666666666666,0.19105657330191664,0.18635391942671894,0.18661657833113876
sweep-BE-N24-M20,5,0.20833333333333334,0.23261574516956837,0.22689015658317085,0.22720994980316381
sweep-BE-N24-M20,6,0.25,0.2701947971441,0.26354424025464895,0.2639156960395575
sweep-BE-N24-M20,7,0.29166666666666669,0.30315074122734564,0.29568900890710237,0.29610577154545981
sweep-BE-N24-M20,8,0.33333333333333331,0.33091969207892724,0.32277445663667409,0.32322939520418958
sweep-BE-N24-M20,9,0.375,0.35302651525076634,0.34433714392320625,0.34482247429485685
sweep-BE-N24-M20,10,0.41666666666666669,0.36909295686922355,0.36000812720891995,0.36051554524748775
sweep-BE-N24-M20,11,0.45833333333333331,0.37884411566374793,0.36951927162497922,0.37004009526714143
sweep-BE-N24-M20,12,0.5,0.38211314660383322,0.37270783885343794,0.37323315666227758
sweep-BE-N24-M20,13,0.54166666666666663,0.37884411566374798,0.36951927162497922,0.37004009526714143
sweep-BE-N24-M20,14,0.58333333333333337,0.36909295686922355,0.36000812720891995,0.36051554524748775
sweep-BE-N24-M20,15,0.625,0.35302651525076623,0.3443371439232063,0.34482247429485691
sweep-BE-N24-M20,16,0.66666666666666663,0.33091969207892707,0.32277445663667409,0.32322939520418958
sweep-BE-N24-M20,17,0.70833333333333337,0.30315074122734548,0.29568900890710237,0.29610577154545981
sweep-BE-N24-M20,18,0.75,0.27019479714409972,0.26354424025464895,0.26391569603955756
sweep-BE-N24-M20,19,0.79166666666666663,0.23261574516956812,0.22689015658317094,0.22720994980316389
sweep-BE-N24-M20,20,0.83333333333333337,0.19105657330191644,0.18635391942671894,0.18661657833113876
sweep-BE-N24-M20,21,0.875,0.14622837049417953,0.14262911504180845,0.14283014546397771
sweep-BE-N24-M20,22,0.91666666666666663,0.098898159725123558,0.096463886954271091,0.096599849207930313
sweep-BE-N24-M20,23,0.95833333333333337,0.049875774023420659,0.048648135016104002,0.048716702749397219
sweep-BE-N24-M20,24,1,0,0,0
sweep-BE-N24-M40,0,0,0,0,0
sweep-BE-N24-M40,1,0.041666666666666664,0.049302142234088582,0.048648135016103849,0.048716702749397066
sweep-BE-N24-M40,2,0.083333333333333329,0.097760711145415666,0.09646388695427098,0.096599849207930202
sweep-BE-N24-M40,3,0.125,0.14454656718465494,0.14262911504180839,0.14283014546397765
sweep-BE-N24-M40,4,0.16666666666666666,0.18885919138348514,0.18635391942671894,0.18661657833113876
sweep-BE-N24-M40,5,0.20833333333333334,0.22994038245608381,0.22689015658317085,0.22720994980316381
sweep-BE-N24-M40,6,0.25,0.26708722983334071,0.26354424025464895,0.2639156960395575
sweep-BE-N24-M40,7,0.29166666666666669,0.29966414065757924,0.29568900890710237,0.29610577154545981
sweep-BE-N24-M40,8,0.33333333333333331,0.32711371495257063,0.32277445663667409,0.32322939520418958
sweep-BE-N24-M40,9,0.375,0.34896628289166776,0.34433714392320625,0.34482247429485685
sweep-BE-N24-M40,10,0.41666666666666669,0.36484794097875622,0.36000812720891995,0.36051554524748775
sweep-BE-N24-M40,11,0.45833333333333331,0.37448694964073859,0.36951927162497922,0.37004009526714143
sweep-BE-N24-M40,12,0.5,0.37771838276697023,0.37270783885343794,0.37323315666227758
sweep-BE-N24-M40,13,0.54166666666666663,0.37448694964073875,0.36951927162497922,0.37004009526714143
sweep-BE-N24-M40,14,0.58333333333333337,0.36484794097875639,0.36000812720891995,0.36051554524748775
sweep-BE-N24-M40,15,0.625,0.34896628289166792,0.3443371439232063,0.34482247429485691
sweep-BE-N24-M40,16,0.66666666666666663,0.32711371495257086,0.32277445663667409,0.32322939520418958
sweep-BE-N24-M40,17,0.70833333333333337,0.2996641406575794,0.29568900890710237,0.29610577154545981
sweep-BE-N24-M40,18,0.75,0.26708722983334082,0.26354424025464895,0.26391569603955756
sweep-BE-N24-M40,19,0.79166666666666663,0.22994038245608389,0.22689015658317094,0.22720994980316389
sweep-BE-N24-M40,20,0.83333333333333337,0.18885919138348523,0.18635391942671894,0.18661657833113876
sweep-BE-N24-M40,21,0.875,0.14454656718465503,0.14262911504180845,0.14283014546397771
sweep-BE-N24-M40,22,0.91666666666666663,0.097760711145415735,0.096463886954271091,0.096599849207930313
sweep-BE-N24-M40,23,0.95833333333333337,0.049302142234088624,0.048648135016104002,0.048716702749397219
sweep-BE-N24-M40,24,1,0,0,0
sweep-BE-N24-M80,0,0,0,0,0
sweep-BE-N24-M80,1,0.041666666666666664,0.049010925650813802,0.048648135016103849,0.048716702749397066
sweep-BE-N24-M80,2,0.083333333333333329,0.097183260775346447,0.09646388695427098,0.096599849207930202
sweep-BE-N24-M80,3,0.125,0.14369276336372264,0.14262911504180839,0.14283014546397765
sweep-BE-N24-M80,4,0.16666666666666666,0.18774364293178503,0.18635391942671894,0.18661657833113876
sweep-BE-N24-M80,5,0.20833333333333334,0.22858217671691294,0.22689015658317085,0.22720994980316381
sweep-BE-N24-M80,6,0.25,0.26550960608346202,0.26354424025464895,0.2639156960395575
sweep-BE-N24-M80,7,0.29166666666666669,0.29789409247675303,0.29568900890710237,0.29610577154545981
sweep-BE-N24-M80,8,0.33333333333333331,0.32518152835592096,0.32277445663667409,0.32322939520418958
sweep-BE-N24-M80,9,0.375,0.34690501812756669,0.34433714392320625,0.34482247429485685
sweep-BE-N24-M80,10,0.41666666666666669,0.36269286685880808,0.36000812720891995,0.36051554524748775
sweep-BE-N24-M80,11,0.45833333333333331,0.37227494008063511,0.36951927162497922,0.37004009526714143
sweep-BE-N24-M80,12,0.5,0.37548728586356972,0.37270783885343794,0.37323315666227758
sweep-BE-N24-M80,13,0.54166666666666663,0.37227494008063527,0.36951927162497922,0.37004009526714143
sweep-BE-N24-M80,14,0.58333333333333337,0.36269286685880836,0.36000812720891995,0.36051554524748775
sweep-BE-N24-M80,15,0.625,0.34690501812756686,0.3443371439232063,0.34482247429485691
sweep-BE-N24-M80,16,0.66666666666666663,0.32518152835592107,0.32277445663667409,0.32322939520418958
sweep-BE-N24-M80,17,0.70833333333333337,0.29789409247675319,0.29568900890710237,0.29610577154545981
sweep-BE-N24-M80,18,0.75,0.26550960608346225,0.26354424025464895,0.26391569603955756
sweep-BE-N24-M80,19,0.79166666666666663,0.22858217671691319,0.22689015658317094,0.22720994980316389
sweep-BE-N24-M80,20,0.83333333333333337,0.18774364293178536,0.18635391942671894,0.18661657833113876
sweep-BE-N24-M80,21,0.875,0.14369276336372291,0.14262911504180845,0.14283014546397771
sweep-BE-N24-M80,22,0.91666666666666663,0.097183260775346655,0.096463886954271091,0.096599849207930313
sweep-BE-N24-M80,23,0.95833333333333337,0.049010925650813914,0.048648135016104002,0.048716702749397219
sweep-BE-N24-M80,24,1,0,0,0
sweep-BE-N24-M160,0,0,0,0,0
sweep-BE-N24-M160,1,0.041666666666666664,0.048864193471900151,0.048648135016103849,0.048716702749397066
sweep-BE-N24-M160,2,0.083333333333333329,0.096892307045782194,0.09646388695427098,0.096599849207930202
sweep-BE-N24-M160,3,0.125,0.14326256638248827,0.14262911504180839,0.14283014546397765
sweep-BE-N24-M160,4,0.16666666666666666,0.18718156348850265,0.18635391942671894,0.18661657833113876
sweep-BE-N24-M160,5,0.20833333333333334,0.22789783214669487,0.22689015658317085,0.22720994980316381
sweep-BE-N24-M160,6,0.25,0.26471470571164102,0.26354424025464895,0.2639156960395575
sweep-BE-N24-M160,7,0.29166666666666669,0.29700223726907898,0.29568900890710237,0.29610577154545981
sweep-BE-N24-M160,8,0.33333333333333331,0.32420797820226599,0.32277445663667409,0.32322939520418958
sweep-BE-N24-M160,9,0.375,0.34586643074097895,0.34433714392320625,0.34482247429485685
sweep-BE-N24-M160,10,0.41666666666666669,0.36160701275742302,0.36000812720891995,0.36051554524748775
sweep-BE-N24-M160,11,0.45833333333333331,0.37116039852918298,0.36951927162497922,0.37004009526714143
sweep-BE-N24-M160,12,0.5,0.37436312697700524,0.37270783885343794,0.37323315666227758
sweep-BE-N24-M160,13,0.54166666666666663,0.37116039852918326,0.36951927162497922,0.37004009526714143
sweep-BE-N24-M160,14,0.58333333333333337,0.3616070127574233,0.36000812720891995,0.36051554524748775
sweep-BE-N24-M160,15,0.625,0.34586643074097928,0.3443371439232063,0.34482247429485691
sweep-BE-N24-M160,16,0.66666666666666663,0.32420797820226632,0.32277445663667409,0.32322939520418958
sweep-BE-N24-M160,17,0.70833333333333337,0.29700223726907921,0.29568900890710237,0.29610577154545981
sweep-BE-N24-M160,18,0.75,0.26471470571164124,0.26354424025464895,0.26391569603955756
sweep-BE-N24-M160,19,0.79166666666666663,0.22789783214669504,0.22689015658317094,0.22720994980316389
sweep-BE-N24-M160,20,0.83333333333333337,0.18718156348850276,0.18635391942671894,0.18661657833113876
sweep-BE-N24-M160,21,0.875,0.14326256638248841,0.14262911504180845,0.14283014546397771
sweep-BE-N24-M160,22,0.91666666666666663,0.096892307045782319,0.096463886954271091,0.096599849207930313
sweep-BE-N24-M160,23,0.95833333333333337,0.048864193471900214,0.048648135016104002,0.048716702749397219
sweep-BE-N24-M160,24,1,0,0,0
sweep-BE-N24-M320,0,0,0,0,0
sweep-BE-N24-M320,1,0.041666666666666664,0.048790543369145463,0.048648135016103849,0.048716702749397066
sweep-BE-N24-M320,2,0.083333333333333329,0.096746267013950629,0.09646388695427098,0.096599849207930202
sweep-BE-N24-M320,3,0.125,0.14304663520701438,0.14262911504180839,0.14283014546397765
sweep-BE-N24-M320,4,0.16666666666666666,0.18689943581166632,0.18635391942671894,0.18661657833113876
sweep-BE-N24-M320,5,0.20833333333333334,0.22755433525126734,0.22689015658317085,0.22720994980316381
sweep-BE-N24-M320,6,0.25,0.26431571692473821,0.26354424025464895,0.2639156960395575
sweep-BE-N24-M320,7,0.29166666666666669,0.29655458339946539,0.29568900890710237,0.29610577154545981
sweep-BE-N24-M320,8,0.33333333333333331,0.32371931873176396,0.32277445663667409,0.32322939520418958
sweep-BE-N24-M320,9,0.375,0.34534512676861068,0.34433714392320625,0.34482247429485685
sweep-BE-N24-M320,10,0.41666666666666669,0.36106198393868882,0.36000812720891995,0.36051554524748775
sweep-BE-N24-M320,11,0.45833333333333331,0.37060097045828189,0.36951927162497922,0.37004009526714143
sweep-BE-N24-M320,12,0.5,0.37379887162333286,0.37270783885343794,0.37323315666227758
sweep-BE-N24-M320,13,0.54166666666666663,0.37060097045828205,0.36951927162497922,0.37004009526714143
sweep-BE-N24-M320,14,0.58333333333333337,0.36106198393868932,0.36000812720891995,0.36051554524748775
sweep-BE-N24-M320,15,0.625,0.34534512676861151,0.3443371439232063,0.34482247429485691
sweep-BE-N24-M320,16,0.66666666666666663,0.32371931873176474,0.32277445663667409,0.32322939520418958
sweep-BE-N24-M320,17,0.70833333333333337,0.29655458339946617,0.29568900890710237,0.29610577154545981
sweep-BE-N24-M320,18,0.75,0.26431571692473887,0.26354424025464895,0.26391569603955756
sweep-BE-N24-M320,19,0.79166666666666663,0.22755433525126784,0.22689015658317094,0.22720994980316389
sweep-BE-N24-M320,20,0.83333333333333337,0.18689943581166682,0.18635391942671894,0.18661657833113876
sweep-BE-N24-M320,21,0.875,0.14304663520701486,0.14262911504180845,0.14283014546397771
sweep-BE-N24-M320,22,0.91666666666666663,0.096746267013950948,0.096463886954271091,0.096599849207930313
sweep-BE-N24-M320,23,0.95833333333333337,0.048790543369145643,0.048648135016104002,0.048716702749397219
sweep-BE-N24-M320,24,1,0,0,0
sweep-BE-N24-M640,0,0,0,0,0
sweep-BE-N24-M640,1,0.041666666666666664,0.048753646929300405,0.048648135016103849,0.048716702749397066
sweep-BE-N24-M640,2,0.083333333333333329,0.096673105442575846,0.09646388695427098,0.096599849207930202
sweep-BE-N24-M640,3,0.125,0.14293846031888024,0.14262911504180839,0.14283014546397765
sweep-BE-N24-M640,4,0.16666666666666666,0.18675809850910022,0.18635391942671894,0.18661657833113876
sweep-BE-N24-M640,5,0.20833333333333334,0.22738225385470229,0.22689015658317085,0.22720994980316381
sweep-BE-N24-M640,6,0.25,0.26411583579457948,0.26354424025464895,0.2639156960395575
sweep-BE-N24-M640,7,0.29166666666666669,0.29633032255726727,0.29568900890710237,0.29610577154545981
sweep-BE-N24-M640,8,0.33333333333333331,0.3234745153427131,0.32277445663667409,0.32322939520418958
sweep-BE-N24-M640,9,0.375,0.34508396948656622,0.34433714392320625,0.34482247429485685
sweep-BE-N24-M640,10,0.41666666666666669,0.36078894123715272,0.36000812720891995,0.36051554524748775
sweep-BE-N24-M640,11,0.45833333333333331,0.37032071417357931,0.36951927162497922,0.37004009526714143
sweep-BE-N24-M640,12,0.5,0.37351619701819677,0.37270783885343794,0.37323315666227758
sweep-BE-N24-M640,13,0.54166666666666663,0.37032071417357865,0.36951927162497922,0.37004009526714143
sweep-BE-N24-M640,14,0.58333333333333337,0.36078894123715166,0.36000812720891995,0.36051554524748775
sweep-BE-N24-M640,15,0.625,0.34508396948656461,0.3443371439232063,0.34482247429485691
sweep-BE-N24-M640,16,0.66666666666666663,0.32347451534271099,0.32277445663667409,0.32322939520418958
sweep-BE-N24-M640,17,0.70833333333333337,0.2963303225572646,0.29568900890710237,0.29610577154545981
sweep-BE-N24-M640,18,0.75,0.26411583579457654,0.26354424025464895,0.26391569603955756
sweep-BE-N24-M640,19,0.79166666666666663,0.22738225385469946,0.22689015658317094,0.22720994980316389
sweep-BE-N24-M640,20,0.83333333333333337,0.18675809850909766,0.18635391942671894,0.18661657833113876
sweep-BE-N24-M640,21,0.875,0.14293846031887811,0.14262911504180845,0.14283014546397771
sweep-BE-N24-M640,22,0.91666666666666663,0.096673105442574334,0.096463886954271091,0.096599849207930313
sweep-BE-N24-M640,23,0.95833333333333337,0.048753646929299621,0.048648135016104002,0.048716702749397219
sweep-BE-N24-M640,24,1,0,0,0
sweep-BE-N24-M1280,0,0,0,0,0
sweep-BE-N24-M1280,1,0.041666666666666664,0.048735180813796068,0.048648135016103849,0.048716702749397066
sweep-BE-N24-M1280,2,0.083333333333333329,0.096636489171923246,0.09646388695427098,0.096599849207930202
sweep-BE-N24-M1280,3,0.125,0.14288432040762244,0.14262911504180839,0.14283014546397765
sweep-BE-N24-M1280,4,0.16666666666666666,0.18668736130612959,0.18635391942671894,0.18661657833113876
sweep-BE-N24-M1280,5,0.20833333333333334,0.22729612969317389,0.22689015658317085,0.22720994980316381
sweep-BE-N24-M1280,6,0.25,0.26401579828277572,0.26354424025464895,0.2639156960395575
sweep-BE-N24-M1280,7,0.29166666666666669,0.29621808336475086,0.29568900890710237,0.29610577154545981
sweep-BE-N24-M1280,8,0.33333333333333331,0.32335199491318678,0.32277445663667409,0.32322939520418958
sweep-BE-N24-M1280,9,0.375,0.34495326417854838,0.34433714392320625,0.34482247429485685
sweep-BE-N24-M1280,10,0.41666666666666669,0.36065228745470151,0.36000812720891995,0.36051554524748775
sweep-BE-N24-M1280,11,0.45833333333333331,0.37018045010079981,0.36951927162497922,0.37004009526714143
sweep-BE-N24-M1280,12,0.5,0.37337472261226295,0.37270783885343794,0.37323315666227758
sweep-BE-N24-M1280,13,0.54166666666666663,0.37018045010080025,0.36951927162497922,0.37004009526714143
sweep-BE-N24-M1280,14,0.58333333333333337,0.36065228745470218,0.36000812720891995,0.36051554524748775
sweep-BE-N24-M1280,15,0.625,0.34495326417854955,0.3443371439232063,0.34482247429485691
sweep-BE-N24-M1280,16,0.66666666666666663,0.32335199491318856,0.32277445663667409,0.32322939520418958
sweep-BE-N24-M1280,17,0.70833333333333337,0.29621808336475292,0.29568900890710237,0.29610577154545981
sweep-BE-N24-M1280,18,0.75,0.26401579828277805,0.26354424025464895,0.26391569603955756
sweep-BE-N24-M1280,19,0.79166666666666663,0.22729612969317659,0.22689015658317094,0.22720994980316389
sweep-BE-N24-M1280,20,0.83333333333333337,0.18668736130613203,0.18635391942671894,0.18661657833113876
sweep-BE-N24-M1280,21,0.875,0.14288432040762455,0.14262911504180845,0.14283014546397771
sweep-BE-N24-M1280,22,0.91666666666666663,0.096636489171924772,0.096463886954271091,0.096599849207930313
sweep-BE-N24-M1280,23,0.95833333333333337,0.048735180813796831,0.048648135016104002,0.048716702749397219
sweep-BE-N24-M1280,24,1,0,0,0
sweep-BE-N24-M2560,0,0,0,0,0
sweep-BE-N24-M2560,1,0.041666666666666664,0.048725943276085364,0.048648135016103849,0.048716702749397066
sweep-BE-N24-M2560,2,0.083333333333333329,0.096618172153333057,0.09646388695427098,0.096599849207930202
sweep-BE-N24-M2560,3,0.125,0.14285723731741934,0.14262911504180839,0.14283014546397765
sweep-BE-N24-M2560,4,0.16666666666666666,0.18665197554349502,0.18635391942671894,0.18661657833113876
sweep-BE-N24-M2560,5,0.20833333333333334,0.22725304671831709,0.22689015658317085,0.22720994980316381
sweep-BE-N24-M2560,6,0.25,0.26396575525734062,0.26354424025464895,0.2639156960395575
sweep-BE-N24-M2560,7,0.29166666666666669,0.29616193653877765,0.29568900890710237,0.29610577154545981
sweep-BE-N24-M2560,8,0.33333333333333331,0.32329070497443468,0.32277445663667409,0.32322939520418958
sweep-BE-N24-M2560,9,0.375,0.34488787981486202,0.34433714392320625,0.34482247429485685
sweep-BE-N24-M2560,10,0.41666666666666669,0.36058392741067152,0.36000812720891995,0.36051554524748775
sweep-BE-N24-M2560,11,0.45833333333333331,0.37011028403573309,0.36951927162497922,0.37004009526714143
sweep-BE-N24-M2560,12,0.5,0.37330395108698616,0.37270783885343794,0.37323315666227758
sweep-BE-N24-M2560,13,0.54166666666666663,0.37011028403573276,0.36951927162497922,0.37004009526714143
sweep-BE-N24-M2560,14,0.58333333333333337,0.36058392741067086,0.36000812720891995,0.36051554524748775
sweep-BE-N24-M2560,15,0.625,0.34488787981486085,0.3443371439232063,0.34482247429485691
sweep-BE-N24-M2560,16,0.66666666666666663,0.32329070497443319,0.32277445663667409,0.32322939520418958
sweep-BE-N24-M2560,17,0.70833333333333337,0.29616193653877587,0.29568900890710237,0.29610577154545981
sweep-BE-N24-M2560,18,0.75,0.26396575525733867,0.26354424025464895,0.26391569603955756
sweep-BE-N24-M2560,19,0.79166666666666663,0.22725304671831492,0.22689015658317094,0.22720994980316389
sweep-BE-N24-M2560,20,0.83333333333333337,0.18665197554349283,0.18635391942671894,0.18661657833113876
sweep-BE-N24-M2560,21,0.875,0.14285723731741726,0.14262911504180845,0.14283014546397771
sweep-BE-N24-M2560,22,0.91666666666666663,0.09661817215333178,0.096463886954271091,0.096599849207930313
sweep-BE-N24-M2560,23,0.95833333333333337,0.048725943276084656,0.048648135016104002,0.048716702749397219
sweep-BE-N24-M2560,24,1,0,0,0
sweep-BE-N32-M10,0,0,0,0,0
sweep-BE-N32-M10,1,0.03125,0.038268344694337667,0.036531756542824687,0.036560718066624913
sweep-BE-N32-M10,2,0.0625,0.076168144309663691,0.072711692299852443,0.072769336432146725
sweep-BE-N32-M10,3,0.09375,0.11333440305754454,0.10819137471177839,0.10827714630806125
sweep-BE-N32-M10,4,0.125,0.14940918954909443,0.14262911504180839,0.14274218807472011
sweep-BE-N32-M10,5,0.15625,0.18404508386991544,0.17569325902498042,0.17583254453940203
sweep-BE-N32-M10,6,0.1875,0.21690852342379222,0.20706538088003687,0.20722953748032327
sweep-BE-N32-M10,7,0.21875,0.24768301532283754,0.23644334992376725,0.23663079669212059
sweep-BE-N32-M10,8,0.25,0.27607218438701503,0.26354424025464895,0.26375317197622111
sweep-BE-N32-M10,9,0.28125,0.30180262739913821,0.288107055483942,0.28833546003204058
sweep-BE-N32-M10,10,0.3125,0.32462654612730946,0.30989524227358756,0.31014091998755577
sweep-BE-N32-M10,11,0.34375,0.34432413375735338,0.32869896847416691,0.32895955334331811
sweep-BE-N32-M10,12,0.375,0.36070569175259592,0.34433714392320625,0.34461012637280031
sweep-BE-N32-M10,13,0.40625,0.37361345675447233,0.35665916444243495,0.3569419155022549
sweep-BE-N32-M10,14,0.4375,0.38292311992991246,0.36554636223835113,0.36583615886112353
sweep-BE-N32-M10,15,0.46875,0.38854502413335729,0.37091314873794384,0.37120720002377233
sweep-BE-N32-M10,16,0.5,0.39042502735408213,0.37270783885343794,0.37300331292769529
sweep-BE-N32-M10,17,0.53125,0.38854502413335712,0.37091314873794384,0.37120720002377239
sweep-BE-N32-M10,18,0.5625,0.38292311992991224,0.36554636223835113,0.36583615886112353
sweep-BE-N32-M10,19,0.59375,0.37361345675447205,0.35665916444243495,0.3569419155022549
sweep-BE-N32-M10,20,0.625,0.36070569175259559,0.34433714392320625,0.34461012637280031
sweep-BE-N32-M10,21,0.65625,0.34432413375735316,0.32869896847416696,0.32895955334331817
sweep-BE-N32-M10,22,0.6875,0.32462654612730923,0.30989524227358761,0.31014091998755583
sweep-BE-N32-M10,23,0.71875,0.30180262739913799,0.28810705548394205,0.28833546003204064
sweep-BE-N32-M10,24,0.75,0.2760721843870147,0.26354424025464895,0.26375317197622117
sweep-BE-N32-M10,25,0.78125,0.24768301532283715,0.23644334992376725,0.23663079669212059
sweep-BE-N32-M10,26,0.8125,0.21690852342379183,0.20706538088003687,0.20722953748032327
sweep-BE-N32-M10,27,0.84375,0.18404508386991503,0.17569325902498051,0.17583254453940211
sweep-BE-N32-M10,28,0.875,0.14940918954909407,0.14262911504180845,0.14274218807472014
sweep-BE-N32-M10,29,0.90625,0.11333440305754425,0.10819137471177841,0.10827714630806126
sweep-BE-N32-M10,30,0.9375,0.076168144309663469,0.072711692299852582,0.072769336432146864
sweep-BE-N32-M10,31,0.96875,0.038268344694337549,0.03653175654282477,0.036560718066624996
sweep-BE-N32-M10,32,1,0,0,0
sweep-BE-N32-M20,0,0,0,0,0
sweep-BE-N32-M20,1,0.03125,0.037431656481147275,0.036531756542824687,0.036560718066624913
sweep-BE-N32-M20,2,0.0625,0.074502825648156246,0.072711692299852443,0.072769336432146725
sweep-BE-N32-M20,3,0.09375,0.11085649187678616,0.10819137471177839,0.10827714630806125
sweep-BE-N32-M20,4,0.125,0.14614254948831984,0.14262911504180839,0.14274218807472011
sweep-BE-N32-M20,5,0.15625,0.18002117445863702,0.17569325902498042,0.17583254453940203
sweep-BE-N32-M20,6,0.1875,0.21216609710933332,0.20706538088003687,0.20722953748032327
sweep-BE-N32-M20,7,0.21875,0.24226774426308029,0.23644334992376725,0.23663079669212059
sweep-BE-N32-M20,8,0.25,0.27003622060255322,0.26354424025464895,0.26375317197622111
sweep-BE-N32-M20,9,0.28125,0.29520410052080964,0.288107055483942,0.28833546003204058
sweep-BE-N32-M20,10,0.3125,0.31752900357607411,0.30989524227358756,0.31014091998755577
sweep-BE-N32-M20,11,0.34375,0.33679592874789105,0.32869896847416691,0.32895955334331811
sweep-BE-N32-M20,12,0.375,0.35281932501448315,0.34433714392320625,0.34461012637280031
sweep-BE-N32-M20,13,0.40625,0.36544487831052369,0.35665916444243495,0.3569419155022549
sweep-BE-N32-M20,14,0.4375,0.37455099765594241,0.36554636223835113,0.36583615886112353
sweep-BE-N32-M20,15,0.46875,0.38004998614353186,0.37091314873794384,0.37120720002377233
sweep-BE-N32-M20,16,0.5,0.38188888550810363,0.37270783885343794,0.37300331292769529
sweep-BE-N32-M20,17,0.53125,0.38004998614353203,0.37091314873794384,0.37120720002377239
sweep-BE-N32-M20,18,0.5625,0.37455099765594269,0.36554636223835113,0.36583615886112353
sweep-BE-N32-M20,19,0.59375,0.36544487831052397,0.35665916444243495,0.3569419155022549
sweep-BE-N32-M20,20,0.625,0.35281932501448332,0.34433714392320625,0.34461012637280031
sweep-BE-N32-M20,21,0.65625,0.33679592874789116,0.32869896847416696,0.32895955334331817
sweep-BE-N32-M20,22,0.6875,0.31752900357607422,0.30989524227358761,0.31014091998755583
sweep-BE-N32-M20,23,0.71875,0.29520410052080981,0.28810705548394205,0.28833546003204064
sweep-BE-N32-M20,24,0.75,0.27003622060255339,0.26354424025464895,0.26375317197622117
sweep-BE-N32-M20,25,0.78125,0.24226774426308051,0.23644334992376725,0.23663079669212059
sweep-BE-N32-M20,26,0.8125,0.21216609710933354,0.20706538088003687,0.20722953748032327
sweep-BE-N32-M20,27,0.84375,0.18002117445863725,0.17569325902498051,0.17583254453940211
sweep-BE-N32-M20,28,0.875,0.14614254948832003,0.14262911504180845,0.14274218807472014
sweep-BE-N32-M20,29,0.90625,0.1108564918767863,0.10819137471177841,0.10827714630806126
sweep-BE-N32-M20,30,0.9375,0.074502825648156357,0.072711692299852582,0.072769336432146864
sweep-BE-N32-M20,31,0.96875,0.037431656481147331,0.03653175654282477,0.036560718066624996
sweep-BE-N32-M20,32,1,0,0,0
sweep-BE-N32-M40,0,0,0,0,0
sweep-BE-N32-M40,1,0.03125,0.037000624614788237,0.036531756542824687,0.036560718066624913
sweep-BE-N32-M40,2,0.0625,0.073644912987937183,0.072711692299852443,0.072769336432146725
sweep-BE-N32-M40,3,0.09375,0.10957996059060773,0.10819137471177839,0.10827714630806125
sweep-BE-N32-M40,4,0.125,0.14445969327029096,0.14262911504180839,0.14274218807472011
sweep-BE-N32-M40,5,0.15625,0.17794820013408008,0.17569325902498042,0.17583254453940203
sweep-BE-N32-M40,6,0.1875,0.20972296855419675,0.20706538088003687,0.20722953748032327
sweep-BE-N32-M40,7,0.21875,0.23947799014089999,0.23644334992376725,0.23663079669212059
sweep-BE-N32-M40,8,0.25,0.26692670777056049,0.26354424025464895,0.26375317197622111
sweep-BE-N32-M40,9,0.28125,0.29180477528740922,0.288107055483942,0.28833546003204058
sweep-BE-N32-M40,10,0.3125,0.31387260330152394,0.30989524227358756,0.31014091998755577
sweep-BE-N32-M40,11,0.34375,0.33291766656562671,0.32869896847416691,0.32895955334331811
sweep-BE-N32-M40,12,0.375,0.34875655070939371,0.34433714392320625,0.34461012637280031
sweep-BE-N32-M40,13,0.40625,0.36123671862010559,0.35665916444243495,0.3569419155022549
sweep-BE-N32-M40,14,0.4375,0.37023797945842835,0.36554636223835113,0.36583615886112353
sweep-BE-N32-M40,15,0.46875,0.37567364616189936,0.37091314873794384,0.37120720002377233
sweep-BE-N32-M40,16,0.5,0.37749137028872648,0.37270783885343794,0.37300331292769529
sweep-BE-N32-M40,17,0.53125,0.37567364616189941,0.37091314873794384,0.37120720002377239
sweep-BE-N32-M40,18,0.5625,0.3702379794584284,0.36554636223835113,0.36583615886112353
sweep-BE-N32-M40,19,0.59375,0.36123671862010565,0.35665916444243495,0.3569419155022549
sweep-BE-N32-M40,20,0.625,0.34875655070939382,0.34433714392320625,0.34461012637280031
sweep-BE-N32-M40,21,0.65625,0.33291766656562694,0.32869896847416696,0.32895955334331817
sweep-BE-N32-M40,22,0.6875,0.31387260330152422,0.30989524227358761,0.31014091998755583
sweep-BE-N32-M40,23,0.71875,0.29180477528740961,0.28810705548394205,0.28833546003204064
sweep-BE-N32-M40,24,0.75,0.26692670777056093,0.26354424025464895,0.26375317197622117
sweep-BE-N32-M40,25,0.78125,0.23947799014090046,0.23644334992376725,0.23663079669212059
sweep-BE-N32-M40,26,0.8125,0.2097229685541972,0.20706538088003687,0.20722953748032327
sweep-BE-N32-M40,27,0.84375,0.1779482001340805,0.17569325902498051,0.17583254453940211
sweep-BE-N32-M40,28,0.875,0.14445969327029134,0.14262911504180845,0.14274218807472014
sweep-BE-N32-M40,29,0.90625,0.10957996059060801,0.10819137471177841,0.10827714630806126
sweep-BE-N32-M40,30,0.9375,0.073644912987937378,0.072711692299852582,0.072769336432146864
sweep-BE-N32-M40,31,0.96875,0.037000624614788327,0.03653175654282477,0.036560718066624996
sweep-BE-N32-M40,32,1,0,0,0
sweep-BE-N32-M80,0,0,0,0,0
sweep-BE-N32-M80,1,0.03125,0.036781801122624413,0.036531756542824687,0.036560718066624913
sweep-BE-N32-M80,2,0.0625,0.073209373393460148,0.072711692299852443,0.072769336432146725
sweep-BE-N32-M80,3,0.09375,0.10893189937820245,0.10819137471177839,0.10827714630806125
sweep-BE-N32-M80,4,0.125,0.14360535162369917,0.14262911504180839,0.14274218807472011
sweep-BE-N32-M80,5,0.15625,0.17689580583038911,0.17569325902498042,0.17583254453940203
sweep-BE-N32-M80,6,0.1875,0.2084826567258484,0.20706538088003687,0.20722953748032327
sweep-BE-N32-M80,7,0.21875,0.23806170566882465,0.23644334992376725,0.23663079669212059
sweep-BE-N32-M80,8,0.25,0.26534809024844402,0.26354424025464895,0.26375317197622111
sweep-BE-N32-M80,9,0.28125,0.29007902766494981,0.288107055483942,0.28833546003204058
sweep-BE-N32-M80,10,0.3125,0.31201634547171536,0.30989524227358756,0.31014091998755577
sweep-BE-N32-M80,11,0.34375,0.33094877530610384,0.32869896847416691,0.32895955334331811
sweep-BE-N32-M80,12,0.375,0.34669398751929115,0.34433714392320625,0.34461012637280031
sweep-BE-N32-M80,13,0.40625,0.35910034711045569,0.35665916444243495,0.3569419155022549
sweep-BE-N32-M80,14,0.4375,0.36804837405472857,0.36554636223835113,0.36583615886112353
sweep-BE-N32-M80,15,0.46875,0.37345189396114736,0.37091314873794384,0.37120720002377233
sweep-BE-N32-M80,16,0.5,0.37525886797914881,0.37270783885343794,0.37300331292769529
sweep-BE-N32-M80,17,0.53125,0.37345189396114709,0.37091314873794384,0.37120720002377239
sweep-BE-N32-M80,18,0.5625,0.36804837405472807,0.36554636223835113,0.36583615886112353
sweep-BE-N32-M80,19,0.59375,0.35910034711045491,0.35665916444243495,0.3569419155022549
sweep-BE-N32-M80,20,0.625,0.34669398751929015,0.34433714392320625,0.34461012637280031
sweep-BE-N32-M80,21,0.65625,0.33094877530610273,0.32869896847416696,0.32895955334331817
sweep-BE-N32-M80,22,0.6875,0.31201634547171403,0.30989524227358761,0.31014091998755583
sweep-BE-N32-M80,23,0.71875,0.29007902766494831,0.28810705548394205,0.28833546003204064
sweep-BE-N32-M80,24,0.75,0.26534809024844247,0.26354424025464895,0.26375317197622117
sweep-BE-N32-M80,25,0.78125,0.23806170566882301,0.23644334992376725,0.23663079669212059
sweep-BE-N32-M80,26,0.8125,0.20848265672584682,0.20706538088003687,0.20722953748032327
sweep-BE-N32-M80,27,0.84375,0.17689580583038766,0.17569325902498051,0.17583254453940211
sweep-BE-N32-M80,28,0.875,0.14360535162369795,0.14262911504180845,0.14274218807472014
sweep-BE-N32-M80,29,0.90625,0.10893189937820148,0.10819137471177841,0.10827714630806126
sweep-BE-N32-M80,30,0.9375,0.073209373393459468,0.072711692299852582,0.072769336432146864
sweep-BE-N32-M80,31,0.96875,0.03678180112262406,0.03653175654282477,0.036560718066624996
sweep-BE-N32-M80,32,1,0,0,0
sweep-BE-N32-M160,0,0,0,0,0
sweep-BE-N32-M160,1,0.03125,0.03667154465789068,0.036531756542824687,0.036560718066624913
sweep-BE-N32-M160,2,0.0625,0.072989922294020404,0.072711692299852443,0.072769336432146725
sweep-BE-N32-M160,3,0.09375,0.10860536707810849,0.10819137471177839,0.10827714630806125
sweep-BE-N32-M160,4,0.125,0.1431748828075016,0.14262911504180839,0.14274218807472011
sweep-BE-N32-M160,5,0.15625,0.17636554614810612,0.17569325902498042,0.17583254453940203
sweep-BE-N32-M160,6,0.1875,0.20785771286808985,0.20706538088003687,0.20722953748032327
sweep-BE-N32-M160,7,0.21875,0.23734809618656985,0.23644334992376725,0.23663079669212059
sweep-BE-N32-M160,8,0.25,0.26455268759110578,0.26354424025464895,0.26375317197622111
sweep-BE-N32-M160,9,0.28125,0.28920949199492957,0.288107055483942,0.28833546003204058
sweep-BE-N32-M160,10,0.3125,0.31108105089285204,0.30989524227358756,0.31014091998755577
sweep-BE-N32-M160,11,0.34375,0.3299567292164759,0.32869896847416691,0.32895955334331811
sweep-BE-N32-M160,12,0.375,0.34565474386504907,0.34433714392320625,0.34461012637280031
sweep-BE-N32-M160,13,0.40625,0.35802391437609821,0.35665916444243495,0.3569419155022549
sweep-BE-N32-M160,14,0.4375,0.36694511887592546,0.36554636223835113,0.36583615886112353
sweep-BE-N32-M160,15,0.46875,0.37233244128837134,0.37091314873794384,0.37120720002377233
sweep-BE-N32-M160,16,0.5,0.37413399875359371,0.37270783885343794,0.37300331292769529
sweep-BE-N32-M160,17,0.53125,0.37233244128837112,0.37091314873794384,0.37120720002377239
sweep-BE-N32-M160,18,0.5625,0.36694511887592512,0.36554636223835113,0.36583615886112353
sweep-BE-N32-M160,19,0.59375,0.35802391437609754,0.35665916444243495,0.3569419155022549
sweep-BE-N32-M160,20,0.625,0.34565474386504819,0.34433714392320625,0.34461012637280031
sweep-BE-N32-M160,21,0.65625,0.32995672921647484,0.32869896847416696,0.32895955334331817
sweep-BE-N32-M160,22,0.6875,0.31108105089285104,0.30989524227358761,0.31014091998755583
sweep-BE-N32-M160,23,0.71875,0.28920949199492868,0.28810705548394205,0.28833546003204064
sweep-BE-N32-M160,24,0.75,0.26455268759110501,0.26354424025464895,0.26375317197622117
sweep-BE-N32-M160,25,0.78125,0.23734809618656919,0.23644334992376725,0.23663079669212059
sweep-BE-N32-M160,26,0.8125,0.20785771286808927,0.20706538088003687,0.20722953748032327
sweep-BE-N32-M160,27,0.84375,0.17636554614810562,0.17569325902498051,0.17583254453940211
sweep-BE-N32-M160,28,0.875,0.14317488280750118,0.14262911504180845,0.14274218807472014
sweep-BE-N32-M160,29,0.90625,0.10860536707810817,0.10819137471177841,0.10827714630806126
sweep-BE-N32-M160,30,0.9375,0.072989922294020196,0.072711692299852582,0.072769336432146864
sweep-BE-N32-M160,31,0.96875,0.036671544657890569,0.03653175654282477,0.036560718066624996
sweep-BE-N32-M160,32,1,0,0,0
sweep-BE-N32-M320,0,0,0,0,0
sweep-BE-N32-M320,1,0.03125,0.036616202959279406,0.036531756542824687,0.036560718066624913
sweep-BE-N32-M320,2,0.0625,0.072879771867608328,0.072711692299852443,0.072769336432146725
sweep-BE-N32-M320,3,0.09375,0.10844146873271629,0.10819137471177839,0.10827714630806125
sweep-BE-N32-M320,4,0.125,0.14295881497379143,0.14262911504180839,0.14274218807472011
sweep-BE-N32-M320,5,0.15625,0.17609938967743127,0.17569325902498042,0.17583254453940203
sweep-BE-N32-M320,6,0.1875,0.20754403099275881,0.20706538088003687,0.20722953748032327
sweep-BE-N32-M320,7,0.21875,0.23698990983451793,0.23644334992376725,0.23663079669212059
sweep-BE-N32-M320,8,0.25,0.26415344629270776,0.26354424025464895,0.26375317197622111
sweep-BE-N32-M320,9,0.28125,0.28877304066213649,0.288107055483942,0.28833546003204058
sweep-BE-N32-M320,10,0.3125,0.3106115927905872,0.30989524227358756,0.31014091998755577
sweep-BE-N32-M320,11,0.34375,0.32945878548289609,0.32869896847416691,0.32895955334331811
sweep-BE-N32-M320,12,0.375,0.3451331099705125,0.34433714392320625,0.34461012637280031
sweep-BE-N32-M320,13,0.40625,0.35748361394016337,0.35665916444243495,0.3569419155022549
sweep-BE-N32-M320,14,0.4375,0.36639135528714889,0.36554636223835113,0.36583615886112353
sweep-BE-N32-M320,15,0.46875,0.37177054759283074,0.37091314873794384,0.37120720002377233
sweep-BE-N32-M320,16,0.5,0.37356938629473957,0.37270783885343794,0.37300331292769529
sweep-BE-N32-M320,17,0.53125,0.37177054759283062,0.37091314873794384,0.37120720002377239
sweep-BE-N32-M320,18,0.5625,0.36639135528714872,0.36554636223835113,0.36583615886112353
sweep-BE-N32-M320,19,0.59375,0.35748361394016309,0.35665916444243495,0.3569419155022549
sweep-BE-N32-M320,20,0.625,0.345133109970512,0.34433714392320625,0.34461012637280031
sweep-BE-N32-M320,21,0.65625,0.32945878548289542,0.32869896847416696,0.32895955334331817
sweep-BE-N32-M320,22,0.6875,0.31061159279058659,0.30989524227358761,0.31014091998755583
sweep-BE-N32-M320,23,0.71875,0.28877304066213577,0.28810705548394205,0.28833546003204064
sweep-BE-N32-M320,24,0.75,0.26415344629270693,0.26354424025464895,0.26375317197622117
sweep-BE-N32-M320,25,0.78125,0.23698990983451704,0.23644334992376725,0.23663079669212059
sweep-BE-N32-M320,26,0.8125,0.20754403099275792,0.20706538088003687,0.20722953748032327
sweep-BE-N32-M320,27,0.84375,0.17609938967743055,0.17569325902498051,0.17583254453940211
sweep-BE-N32-M320,28,0.875,0.14295881497379087,0.14262911504180845,0.14274218807472014
sweep-BE-N32-M320,29,0.90625,0.10844146873271591,0.10819137471177841,0.10827714630806126
sweep-BE-N32-M320,30,0.9375,0.072879771867608065,0.072711692299852582,0.072769336432146864
sweep-BE-N32-M320,31,0.96875,0.036616202959279281,0.03653175654282477,0.036560718066624996
sweep-BE-N32-M320,32,1,0,0,0
sweep-BE-N32-M640,0,0,0,0,0
sweep-BE-N32-M640,1,0.03125,0.036588478453858368,0.036531756542824687,0.036560718066624913
sweep-BE-N32-M640,2,0.0625,0.072824589858909189,0.072711692299852443,0.072769336432146725
sweep-BE-N32-M640,3,0.09375,0.1083593606536484,0.10819137471177839,0.10827714630806125
sweep-BE-N32-M640,4,0.125,0.14285057157004091,0.14262911504180839,0.14274218807472011
sweep-BE-N32-M640,5,0.15625,0.17596605339214813,0.17569325902498042,0.17583254453940203
sweep-BE-N32-M640,6,0.1875,0.20738688592725926,0.20706538088003687,0.20722953748032327
sweep-BE-N32-M640,7,0.21875,0.23681046938168687,0.23644334992376725,0.23663079669212059
sweep-BE-N32-M640,8,0.25,0.26395343856219788,0.26354424025464895,0.26375317197622111
sweep-BE-N32-M640,9,0.28125,0.28855439183772769,0.288107055483942,0.28833546003204058
sweep-BE-N32-M640,10,0.3125,0.31037640857998405,0.30989524227358756,0.31014091998755577
sweep-BE-N32-M640,11,0.34375,0.32920933083861154,0.32869896847416691,0.32895955334331811
sweep-BE-N32-M640,12,0.375,0.3448717872771368,0.34433714392320625,0.34461012637280031
sweep-BE-N32-M640,13,0.40625,0.35721293987808744,0.35665916444243495,0.3569419155022549
sweep-BE-N32-M640,14,0.4375,0.36611393659555586,0.36554636223835113,0.36583615886112353
sweep-BE-N32-M640,15,0.46875,0.37148905596537313,0.37091314873794384,0.37120720002377233
sweep-BE-N32-M640,16,0.5,0.37328653264966882,0.37270783885343794,0.37300331292769529
sweep-BE-N32-M640,17,0.53125,0.37148905596537246,0.37091314873794384,0.37120720002377239
sweep-BE-N32-M640,18,0.5625,0.36611393659555452,0.36554636223835113,0.36583615886112353
sweep-BE-N32-M640,19,0.59375,0.3572129398780855,0.35665916444243495,0.3569419155022549
sweep-BE-N32-M640,20,0.625,0.34487178727713425,0.34433714392320625,0.34461012637280031
sweep-BE-N32-M640,21,0.65625,0.32920933083860837,0.32869896847416696,0.32895955334331817
sweep-BE-N32-M640,22,0.6875,0.31037640857998045,0.30989524227358761,0.31014091998755583
sweep-BE-N32-M640,23,0.71875,0.28855439183772347,0.28810705548394205,0.28833546003204064
sweep-BE-N32-M640,24,0.75,0.26395343856219328,0.26354424025464895,0.26375317197622117
sweep-BE-N32-M640,25,0.78125,0.23681046938168224,0.23644334992376725,0.23663079669212059
sweep-BE-N32-M640,26,0.8125,0.20738688592725482,0.20706538088003687,0.20722953748032327
sweep-BE-N32-M640,27,0.84375,0.17596605339214422,0.17569325902498051,0.17583254453940211
sweep-BE-N32-M640,28,0.875,0.14285057157003769,0.14262911504180845,0.14274218807472014
sweep-BE-N32-M640,29,0.90625,0.10835936065364592,0.10819137471177841,0.10827714630806126
sweep-BE-N32-M640,30,0.9375,0.072824589858907482,0.072711692299852582,0.072769336432146864
sweep-BE-N32-M640,31,0.96875,0.036588478453857494,0.03653175654282477,0.036560718066624996
sweep-BE-N32-M640,32,1,0,0,0
sweep-BE-N32-M1280,0,0,0,0,0
sweep-BE-N32-M1280,1,0.03125,0.036574602750695989,0.036531756542824687,0.036560718066624913
sweep-BE-N32-M1280,2,0.0625,0.07279697208319115,0.072711692299852443,0.072769336432146725
sweep-BE-N32-M1280,3,0.09375,0.10831826677965223,0.10819137471177839,0.10827714630806125
sweep-BE-N32-M1280,4,0.125,0.14279639735423752,0.14262911504180839,0.14274218807472011
sweep-BE-N32-M1280,5,0.15625,0.17589932056185043,0.17569325902498042,0.17583254453940203
sweep-BE-N32-M1280,6,0.1875,0.20730823715610289,0.20706538088003687,0.20722953748032327
sweep-BE-N32-M1280,7,0.21875,0.23672066210033182,0.23644334992376725,0.23663079669212059
sweep-BE-N32-M1280,8,0.25,0.26385333766385721,0.26354424025464895,0.26375317197622111
sweep-BE-N32-M1280,9,0.28125,0.28844496134877351,0.288107055483942,0.28833546003204058
sweep-BE-N32-M1280,10,0.3125,0.31025870237584585,0.30989524227358756,0.31014091998755577
sweep-BE-N32-M1280,11,0.34375,0.32908448249437988,0.32869896847416691,0.32895955334331811
sweep-BE-N32-M1280,12,0.375,0.34474099915061568,0.34433714392320625,0.34461012637280031
sweep-BE-N32-M1280,13,0.40625,0.35707747153043118,0.35665916444243495,0.3569419155022549
sweep-BE-N32-M1280,14,0.4375,0.36597509266100703,0.36554636223835113,0.36583615886112353
sweep-BE-N32-M1280,15,0.46875,0.37134817358692129,0.37091314873794384,0.37120720002377233
sweep-BE-N32-M1280,16,0.5,0.37314496860163249,0.37270783885343794,0.37300331292769529
sweep-BE-N32-M1280,17,0.53125,0.3713481735869209,0.37091314873794384,0.37120720002377239
sweep-BE-N32-M1280,18,0.5625,0.36597509266100631,0.36554636223835113,0.36583615886112353
sweep-BE-N32-M1280,19,0.59375,0.35707747153043029,0.35665916444243495,0.3569419155022549
sweep-BE-N32-M1280,20,0.625,0.34474099915061446,0.34433714392320625,0.34461012637280031
sweep-BE-N32-M1280,21,0.65625,0.32908448249437838,0.32869896847416696,0.32895955334331817
sweep-BE-N32-M1280,22,0.6875,0.31025870237584408,0.30989524227358761,0.31014091998755583
sweep-BE-N32-M1280,23,0.71875,0.28844496134877146,0.28810705548394205,0.28833546003204064
sweep-BE-N32-M1280,24,0.75,0.26385333766385499,0.26354424025464895,0.26375317197622117
sweep-BE-N32-M1280,25,0.78125,0.23672066210032933,0.23644334992376725,0.23663079669212059
sweep-BE-N32-M1280,26,0.8125,0.20730823715610047,0.20706538088003687,0.20722953748032327
sweep-BE-N32-M1280,27,0.84375,0.17589932056184832,0.17569325902498051,0.17583254453940211
sweep-BE-N32-M1280,28,0.875,0.14279639735423594,0.14262911504180845,0.14274218807472014
sweep-BE-N32-M1280,29,0.90625,0.10831826677965099,0.10819137471177841,0.10827714630806126
sweep-BE-N32-M1280,30,0.9375,0.072796972083190289,0.072711692299852582,0.072769336432146864
sweep-BE-N32-M1280,31,0.96875,0.036574602750695566,0.03653175654282477,0.036560718066624996
sweep-BE-N32-M1280,32,1,0,0,0
sweep-BE-N32-M2560,0,0,0,0,0
sweep-BE-N32-M2560,1,0.03125,0.036567661531924298,0.036531756542824687,0.036560718066624913
sweep-BE-N32-M2560,2,0.0625,0.072783156493379048,0.072711692299852443,0.072769336432146725
sweep-BE-N32-M2560,3,0.09375,0.10829770987048229,0.10819137471177839,0.10827714630806125
sweep-BE-N32-M2560,4,0.125,0.14276929709998254,0.14262911504180839,0.14274218807472011
sweep-BE-N32-M2560,5,0.15625,0.17586593795277325,0.17569325902498042,0.17583254453940203
sweep-BE-N32-M2560,6,0.1875,0.20726889368497789,0.20706538088003687,0.20722953748032327
sweep-BE-N32-M2560,7,0.21875,0.23667573666629346,0.23644334992376725,0.23663079669212059
sweep-BE-N32-M2560,8,0.25,0.26380326292339429,0.26354424025464895,0.26375317197622111
sweep-BE-N32-M2560,9,0.28125,0.28839021954901051,0.288107055483942,0.28833546003204058
sweep-BE-N32-M2560,10,0.3125,0.31019982071023927,0.30989524227358756,0.31014091998755577
sweep-BE-N32-M2560,11,0.34375,0.32902202802555719,0.32869896847416691,0.32895955334331811
sweep-BE-N32-M2560,12,0.375,0.34467557334925292,0.34433714392320625,0.34461012637280031
sweep-BE-N32-M2560,13,0.40625,0.35700970448276065,0.35665916444243495,0.3569419155022549
sweep-BE-N32-M2560,14,0.4375,0.36590563700074313,0.36554636223835113,0.36583615886112353
sweep-BE-N32-M2560,15,0.46875,0.37127769821004047,0.37091314873794384,0.37120720002377233
sweep-BE-N32-M2560,16,0.5,0.37307415222454005,0.37270783885343794,0.37300331292769529
sweep-BE-N32-M2560,17,0.53125,0.37127769821004047,0.37091314873794384,0.37120720002377239
sweep-BE-N32-M2560,18,0.5625,0.36590563700074297,0.36554636223835113,0.36583615886112353
sweep-BE-N32-M2560,19,0.59375,0.35700970448276054,0.35665916444243495,0.3569419155022549
sweep-BE-N32-M2560,20,0.625,0.34467557334925281,0.34433714392320625,0.34461012637280031
sweep-BE-N32-M2560,21,0.65625,0.32902202802555713,0.32869896847416696,0.32895955334331817
sweep-BE-N32-M2560,22,0.6875,0.3101998207102391,0.30989524227358761,0.31014091998755583
sweep-BE-N32-M2560,23,0.71875,0.28839021954901034,0.28810705548394205,0.28833546003204064
sweep-BE-N32-M2560,24,0.75,0.26380326292339445,0.26354424025464895,0.26375317197622117
sweep-BE-N32-M2560,25,0.78125,0.23667573666629382,0.23644334992376725,0.23663079669212059
sweep-BE-N32-M2560,26,0.8125,0.20726889368497833,0.20706538088003687,0.20722953748032327
sweep-BE-N32-M2560,27,0.84375,0.17586593795277367,0.17569325902498051,0.17583254453940211
sweep-BE-N32-M2560,28,0.875,0.14276929709998293,0.14262911504180845,0.14274218807472014
sweep-BE-N32-M2560,29,0.90625,0.10829770987048273,0.10819137471177841,0.10827714630806126
sweep-BE-N32-M2560,30,0.9375,0.072783156493379519,0.072711692299852582,0.072769336432146864
sweep-BE-N32-M2560,31,0.96875,0.036567661531924582,0.03653175654282477,0.036560718066624996
sweep-BE-N32-M2560,32,1,0,0,0
sweep-BE-N40-M10,0,0,0,0,0
sweep-BE-N40-M10,1,0.025000000000000001,0.030624442810311642,0.029242320007120095,0.029257156489296627
sweep-BE-N40-M10,2,0.050000000000000003,0.06106007574703709,0.058304351387338138,0.058333932879844959
sweep-BE-N40-M10,3,0.074999999999999997,0.091119253012246423,0.087006917053088967,0.087051061176187924
sweep-BE-N40-M10,4,0.10000000000000001,0.12061664978240891,0.11517305614247163,0.1152314907329644
sweep-BE-N40-M10,5,0.125,0.14937040479755667,0.14262911504180839,0.14270147983101314
sweep-BE-N40-M10,6,0.14999999999999999,0.17720324159642753,0.16920581801791876,0.16929166685284627
sweep-BE-N40-M10,7,0.17499999999999999,0.20394356148479903,0.19473931085930446,0.19483811445333979
sweep-BE-N40-M10,8,0.20000000000000001,0.22942650149850063,0.21907217109185045,0.21918332028798082
sweep-BE-N40-M10,9,0.22500000000000001,0.2534949508384105,0.24205437854072587,0.24217718806719632
sweep-BE-N40-M10,10,0.25,0.27600051951077648,0.26354424025464895,0.26367795294989044
sweep-BE-N40-M10,11,0.27500000000000002,0.2968044532008724,0.28340926409004918,0.28355305557083155
sweep-BE-N40-M10,12,0.29999999999999999,0.31577848873948883,0.30152697556919061,0.30167995931321939
sweep-BE-N40-M10,13,0.32500000000000001,0.33280564488802317,0.31778567297605381,0.31794690578767476
sweep-BE-N40-M10,14,0.34999999999999998,0.34778094356671574,0.33208511603456004,0.33225360385987412
sweep-BE-N40-M10,15,0.375,0.36061205707942023,0.34433714392320625,0.34451184797874257
sweep-BE-N40-M10,16,0.40000000000000002,0.37121987734455258,0.35446621881584617,0.35464606199300736
sweep-BE-N40-M10,17,0.42499999999999999,0.37953900362272008,0.36240989159750753,0.36259376510330243
sweep-BE-N40-M10,18,0.45000000000000001,0.38551814573402754,0.36811918688395212,0.36830595707707342
sweep-BE-N40-M10,19,0.47499999999999998,0.38912044027909232,0.37155890497120569,0.37174742035130531
sweep-BE-N40-M10,20,0.5,0.39032367791415973,0.37270783885343794,0.37289693716050992
sweep-BE-N40-M10,21,0.52500000000000002,0.38912044027909237,0.37155890497120569,0.37174742035130531
sweep-BE-N40-M10,22,0.55000000000000004,0.3855181457340276,0.36811918688395212,0.36830595707707342
sweep-BE-N40-M10,23,0.57499999999999996,0.37953900362272014,0.36240989159750758,0.36259376510330249
sweep-BE-N40-M10,24,0.59999999999999998,0.3712198773445527,0.35446621881584622,0.35464606199300741
sweep-BE-N40-M10,25,0.625,0.3606120570794204,0.34433714392320625,0.34451184797874257
sweep-BE-N40-M10,26,0.65000000000000002,0.34778094356671596,0.33208511603456009,0.33225360385987418
sweep-BE-N40-M10,27,0.67500000000000004,0.33280564488802339,0.31778567297605387,0.31794690578767482
sweep-BE-N40-M10,28,0.69999999999999996,0.31577848873948905,0.30152697556919061,0.30167995931321939
sweep-BE-N40-M10,29,0.72499999999999998,0.29680445320087256,0.28340926409004924,0.28355305557083166
sweep-BE-N40-M10,30,0.75,0.27600051951077664,0.26354424025464895,0.26367795294989049
sweep-BE-N40-M10,31,0.77500000000000002,0.25349495083841067,0.24205437854072592,0.24217718806719635
sweep-BE-N40-M10,32,0.80000000000000004,0.22942650149850075,0.21907217109185048,0.21918332028798088
sweep-BE-N40-M10,33,0.82499999999999996,0.20394356148479909,0.19473931085930452,0.19483811445333982
sweep-BE-N40-M10,34,0.84999999999999998,0.17720324159642753,0.16920581801791879,0.1692916668528463
sweep-BE-N40-M10,35,0.875,0.14937040479755664,0.14262911504180845,0.14270147983101317
sweep-BE-N40-M10,36,0.90000000000000002,0.12061664978240888,0.11517305614247167,0.11523149073296445
sweep-BE-N40-M10,37,0.92500000000000004,0.091119253012246396,0.087006917053089022,0.08705106117618798
sweep-BE-N40-M10,38,0.94999999999999996,0.061060075747037049,0.05830435138733818,0.058333932879845
sweep-BE-N40-M10,39,0.97499999999999998,0.030624442810311622,0.02924232000712014,0.029257156489296676
sweep-BE-N40-M10,40,1,0,0,0
sweep-BE-N40-M20,0,0,0,0,0
sweep-BE-N40-M20,1,0.025000000000000001,0.029954513199676871,0.029242320007120095,0.029257156489296627
sweep-BE-N40-M20,2,0.050000000000000003,0.059724346864591306,0.058304351387338138,0.058333932879844959
sweep-BE-N40-M20,3,0.074999999999999997,0.089125960070724861,0.087006917053088967,0.087051061176187924
sweep-BE-N40-M20,4,0.10000000000000001,0.11797808209563321,0.11517305614247163,0.1152314907329644
sweep-BE-N40-M20,5,0.125,0.14610283001272859,0.14262911504180839,0.14270147983101314
sweep-BE-N40-M20,6,0.14999999999999999,0.17332680539867443,0.16920581801791876,0.16929166685284627
sweep-BE-N40-M20,7,0.17499999999999999,0.19948216339232591,0.19473931085930446,0.19483811445333979
sweep-BE-N40-M20,8,0.20000000000000001,0.22440764751411299,0.21907217109185045,0.21918332028798082
sweep-BE-N40-M20,9,0.22500000000000001,0.24794958386586033,0.24205437854072587,0.24217718806719632
sweep-BE-N40-M20,10,0.25,0.26996282858147119,0.26354424025464895,0.26367795294989044
sweep-BE-N40-M20,11,0.27500000000000002,0.29031166268712716,0.28340926409004918,0.28355305557083155
sweep-BE-N40-M20,12,0.29999999999999999,0.30887062885389288,0.30152697556919061,0.30167995931321939
sweep-BE-N40-M20,13,0.32500000000000001,0.32552530488386772,0.31778567297605381,0.31794690578767476
sweep-BE-N40-M20,14,0.34999999999999998,0.340173009161085,0.33208511603456004,0.33225360385987412
sweep-BE-N40-M20,15,0.375,0.35272343371781995,0.34433714392320625,0.34451184797874257
sweep-BE-N40-M20,16,0.40000000000000002,0.36309920101324045,0.35446621881584617,0.35464606199300736
sweep-BE-N40-M20,17,0.42499999999999999,0.37123634099167757,0.36240989159750753,0.36259376510330243
sweep-BE-N40-M20,18,0.45000000000000001,0.37708468547929064,0.36811918688395212,0.36830595707707342
sweep-BE-N40-M20,19,0.47499999999999998,0.3806081774875415,0.37155890497120569,0.37174742035130531
sweep-BE-N40-M20,20,0.5,0.38178509351651946,0.37270783885343794,0.37289693716050992
sweep-BE-N40-M20,21,0.52500000000000002,0.38060817748754155,0.37155890497120569,0.37174742035130531
sweep-BE-N40-M20,22,0.55000000000000004,0.37708468547929069,0.36811918688395212,0.36830595707707342
sweep-BE-N40-M20,23,0.57499999999999996,0.37123634099167774,0.36240989159750758,0.36259376510330249
sweep-BE-N40-M20,24,0.59999999999999998,0.36309920101324072,0.35446621881584622,0.35464606199300741
sweep-BE-N40-M20,25,0.625,0.35272343371782022,0.34433714392320625,0.34451184797874257
sweep-BE-N40-M20,26,0.65000000000000002,0.34017300916108528,0.33208511603456009,0.33225360385987418
sweep-BE-N40-M20,27,0.67500000000000004,0.32552530488386788,0.31778567297605387,0.31794690578767482
sweep-BE-N40-M20,28,0.69999999999999996,0.3088706288538931,0.30152697556919061,0.30167995931321939
sweep-BE-N40-M20,29,0.72499999999999998,0.29031166268712738,0.28340926409004924,0.28355305557083166
sweep-BE-N40-M20,30,0.75,0.26996282858147141,0.26354424025464895,0.26367795294989049
sweep-BE-N40-M20,31,0.77500000000000002,0.24794958386586047,0.24205437854072592,0.24217718806719635
sweep-BE-N40-M20,32,0.80000000000000004,0.22440764751411307,0.21907217109185048,0.21918332028798088
sweep-BE-N40-M20,33,0.82499999999999996,0.19948216339232597,0.19473931085930452,0.19483811445333982
sweep-BE-N40-M20,34,0.84999999999999998,0.17332680539867454,0.16920581801791879,0.1692916668528463
sweep-BE-N40-M20,35,0.875,0.14610283001272867,0.14262911504180845,0.14270147983101317
sweep-BE-N40-M20,36,0.90000000000000002,0.11797808209563325,0.11517305614247167,0.11523149073296445
sweep-BE-N40-M20,37,0.92500000000000004,0.089125960070724902,0.087006917053089022,0.08705106117618798
sweep-BE-N40-M20,38,0.94999999999999996,0.059724346864591341,0.05830435138733818,0.058333932879845
sweep-BE-N40-M20,39,0.97499999999999998,0.029954513199676888,0.02924232000712014,0.029257156489296676
sweep-BE-N40-M20,40,1,0,0,0
sweep-BE-N40-M40,0,0,0,0,0
sweep-BE-N40-M40,1,0.025000000000000001,0.029609388222010789,0.029242320007120095,0.029257156489296627
sweep-BE-N40-M40,2,0.050000000000000003,0.05903622471951215,0.058304351387338138,0.058333932879844959
sweep-BE-N40-M40,3,0.074999999999999997,0.088099083260080882,0.087006917053088967,0.087051061176187924
sweep-BE-N40-M40,4,0.10000000000000001,0.11661878165643323,0.11517305614247163,0.1152314907329644
sweep-BE-N40-M40,5,0.125,0.14441948648419356,0.14262911504180839,0.14270147983101314
sweep-BE-N40-M40,6,0.14999999999999999,0.17132979715342628,0.16920581801791876,0.16929166685284627
sweep-BE-N40-M40,7,0.17499999999999999,0.19718380265026922,0.19473931085930446,0.19483811445333979
sweep-BE-N40-M40,8,0.20000000000000001,0.22182210443350509,0.21907217109185045,0.21918332028798082
sweep-BE-N40-M40,9,0.22500000000000001,0.24509279917957352,0.24205437854072587,0.24217718806719632
sweep-BE-N40-M40,10,0.25,0.26685241531707371,0.26354424025464895,0.26367795294989044
sweep-BE-N40-M40,11,0.27500000000000002,0.28696679757671134,0.28340926409004918,0.28355305557083155
sweep-BE-N40-M40,12,0.29999999999999999,0.30531193410314494,0.30152697556919061,0.30167995931321939
sweep-BE-N40-M40,13,0.32500000000000001,0.32177472102931209,0.31778567297605381,0.31794690578767476
sweep-BE-N40-M40,14,0.34999999999999998,0.33625365979938088,0.33208511603456004,0.33225360385987412
sweep-BE-N40-M40,15,0.375,0.348659482941098,0.34433714392320625,0.34451184797874257
sweep-BE-N40-M40,16,0.40000000000000002,0.35891570442944004,0.35446621881584617,0.35464606199300736
sweep-BE-N40-M40,17,0.42499999999999999,0.3669590912483916,0.36240989159750753,0.36259376510330243
sweep-BE-N40-M40,18,0.45000000000000001,0.37274005324351633,0.36811918688395212,0.36830595707707342
sweep-BE-N40-M40,19,0.47499999999999998,0.37622294886174928,0.37155890497120569,0.37174742035130531
sweep-BE-N40-M40,20,0.5,0.3773863048934239,0.37270783885343794,0.37289693716050992
sweep-BE-N40-M40,21,0.52500000000000002,0.37622294886174956,0.37155890497120569,0.37174742035130531
sweep-BE-N40-M40,22,0.55000000000000004,0.37274005324351661,0.36811918688395212,0.36830595707707342
sweep-BE-N40-M40,23,0.57499999999999996,0.36695909124839199,0.36240989159750758,0.36259376510330249
sweep-BE-N40-M40,24,0.59999999999999998,0.3589157044294406,0.35446621881584622,0.35464606199300741
sweep-BE-N40-M40,25,0.625,0.34865948294109861,0.34433714392320625,0.34451184797874257
sweep-BE-N40-M40,26,0.65000000000000002,0.33625365979938149,0.33208511603456009,0.33225360385987418
sweep-BE-N40-M40,27,0.67500000000000004,0.32177472102931276,0.31778567297605387,0.31794690578767482
sweep-BE-N40-M40,28,0.69999999999999996,0.30531193410314567,0.30152697556919061,0.30167995931321939
sweep-BE-N40-M40,29,0.72499999999999998,0.28696679757671217,0.28340926409004924,0.28355305557083166
sweep-BE-N40-M40,30,0.75,0.2668524153170746,0.26354424025464895,0.26367795294989049
sweep-BE-N40-M40,31,0.77500000000000002,0.24509279917957436,0.24205437854072592,0.24217718806719635
sweep-BE-N40-M40,32,0.80000000000000004,0.22182210443350589,0.21907217109185048,0.21918332028798088
sweep-BE-N40-M40,33,0.82499999999999996,0.19718380265026997,0.19473931085930452,0.19483811445333982
sweep-BE-N40-M40,34,0.84999999999999998,0.17132979715342697,0.16920581801791879,0.1692916668528463
sweep-BE-N40-M40,35,0.875,0.14441948648419412,0.14262911504180845,0.14270147983101317
sweep-BE-N40-M40,36,0.90000000000000002,0.11661878165643368,0.11517305614247167,0.11523149073296445
sweep-BE-N40-M40,37,0.92500000000000004,0.088099083260081215,0.087006917053089022,0.08705106117618798
sweep-BE-N40-M40,38,0.94999999999999996,0.059036224719512378,0.05830435138733818,0.058333932879845
sweep-BE-N40-M40,39,0.97499999999999998,0.0296093882220109,0.02924232000712014,0.029257156489296676
sweep-BE-N40-M40,40,1,0,0,0
sweep-BE-N40-M80,0,0,0,0,0
sweep-BE-N40-M80,1,0.025000000000000001,0.029434177075490037,0.029242320007120095,0.029257156489296627
sweep-BE-N40-M80,2,0.050000000000000003,0.058686882661452576,0.058304351387338138,0.058333932879844959
sweep-BE-N40-M80,3,0.074999999999999997,0.087577764100438438,0.087006917053088967,0.087051061176187924
sweep-BE-N40-M80,4,0.10000000000000001,0.11592869950118333,0.11517305614247163,0.1152314907329644
sweep-BE-N40-M80,5,0.125,0.14356489591929897,0.14262911504180839,0.14270147983101314
sweep-BE-N40-M80,6,0.14999999999999999,0.17031596701389976,0.16920581801791876,0.16929166685284627
sweep-BE-N40-M80,7,0.17499999999999999,0.19601698353605368,0.19473931085930446,0.19483811445333979
sweep-BE-N40-M80,8,0.20000000000000001,0.22050949017244642,0.21907217109185045,0.21918332028798082
sweep-BE-N40-M80,9,0.22500000000000001,0.24364248247507964,0.24205437854072587,0.24217718806719632
sweep-BE-N40-M80,10,0.25,0.26527333785390705,0.26354424025464895,0.26367795294989044
sweep-BE-N40-M80,11,0.27500000000000002,0.28526869489252893,0.28340926409004918,0.28355305557083155
sweep-BE-N40-M80,12,0.29999999999999999,0.30350527556567114,0.30152697556919061,0.30167995931321939
sweep-BE-N40-M80,13,0.32500000000000001,0.31987064528920534,0.31778567297605381,0.31794690578767476
sweep-BE-N40-M80,14,0.34999999999999998,0.33426390611674828,0.33208511603456004,0.33225360385987412
sweep-BE-N40-M80,15,0.375,0.34659631880905328,0.34433714392320625,0.34451184797874257
sweep-BE-N40-M80,16,0.40000000000000002,0.35679184994092883,0.35446621881584617,0.35464606199300736
sweep-BE-N40-M80,17,0.42499999999999999,0.3647876406725889,0.36240989159750753,0.36259376510330243
sweep-BE-N40-M80,18,0.45000000000000001,0.37053439429530249,0.36811918688395212,0.36830595707707342
sweep-BE-N40-M80,19,0.47499999999999998,0.37399668016199622,0.37155890497120569,0.37174742035130531
sweep-BE-N40-M80,20,0.5,0.37515315212897488,0.37270783885343794,0.37289693716050992
sweep-BE-N40-M80,21,0.52500000000000002,0.37399668016199611,0.37155890497120569,0.37174742035130531
sweep-BE-N40-M80,22,0.55000000000000004,0.37053439429530227,0.36811918688395212,0.36830595707707342
sweep-BE-N40-M80,23,0.57499999999999996,0.36478764067258845,0.36240989159750758,0.36259376510330249
sweep-BE-N40-M80,24,0.59999999999999998,0.35679184994092816,0.35446621881584622,0.35464606199300741
sweep-BE-N40-M80,25,0.625,0.34659631880905239,0.34433714392320625,0.34451184797874257
sweep-BE-N40-M80,26,0.65000000000000002,0.33426390611674722,0.33208511603456009,0.33225360385987418
sweep-BE-N40-M80,27,0.67500000000000004,0.31987064528920411,0.31778567297605387,0.31794690578767482
sweep-BE-N40-M80,28,0.69999999999999996,0.30350527556566975,0.30152697556919061,0.30167995931321939
sweep-BE-N40-M80,29,0.72499999999999998,0.28526869489252743,0.28340926409004924,0.28355305557083166
sweep-BE-N40-M80,30,0.75,0.2652733378539055,0.26354424025464895,0.26367795294989049
sweep-BE-N40-M80,31,0.77500000000000002,0.24364248247507805,0.24205437854072592,0.24217718806719635
sweep-BE-N40-M80,32,0.80000000000000004,0.22050949017244492,0.21907217109185048,0.21918332028798088
sweep-BE-N40-M80,33,0.82499999999999996,0.19601698353605235,0.19473931085930452,0.19483811445333982
sweep-BE-N40-M80,34,0.84999999999999998,0.17031596701389859,0.16920581801791879,0.1692916668528463
sweep-BE-N40-M80,35,0.875,0.14356489591929797,0.14262911504180845,0.14270147983101317
sweep-BE-N40-M80,36,0.90000000000000002,0.11592869950118254,0.11517305614247167,0.11523149073296445
sweep-BE-N40-M80,37,0.92500000000000004,0.087577764100437841,0.087006917053089022,0.08705106117618798
sweep-BE-N40-M80,38,0.94999999999999996,0.05868688266145216,0.05830435138733818,0.058333932879845
sweep-BE-N40-M80,39,0.97499999999999998,0.029434177075489829,0.02924232000712014,0.029257156489296676
sweep-BE-N40-M80,40,1,0,0,0
sweep-BE-N40-M160,0,0,0,0,0
sweep-BE-N40-M160,1,0.025000000000000001,0.029345895058906255,0.029242320007120095,0.029257156489296627
sweep-BE-N40-M160,2,0.050000000000000003,0.058510862916274005,0.058304351387338138,0.058333932879844959
sweep-BE-N40-M160,3,0.074999999999999997,0.087315091846926582,0.087006917053088967,0.087051061176187924
sweep-BE-N40-M160,4,0.10000000000000001,0.11558099420112845,0.11517305614247163,0.1152314907329644
sweep-BE-N40-M160,5,0.125,0.14313430129149962,0.14262911504180839,0.14270147983101314
sweep-BE-N40-M160,6,0.14999999999999999,0.16980513781742354,0.16920581801791876,0.16929166685284627
sweep-BE-N40-M160,7,0.17499999999999999,0.19542906920276484,0.19473931085930446,0.19483811445333979
sweep-BE-N40-M160,8,0.20000000000000001,0.21984811538971105,0.21907217109185045,0.21918332028798082
sweep-BE-N40-M160,9,0.22500000000000001,0.24291172483836276,0.24205437854072587,0.24217718806719632
sweep-BE-N40-M160,10,0.25,0.26447770272704063,0.26354424025464895,0.26367795294989044
sweep-BE-N40-M160,11,0.27500000000000002,0.2844130876306456,0.28340926409004918,0.28355305557083155
sweep-BE-N40-M160,12,0.29999999999999999,0.3025949712720587,0.30152697556919061,0.30167995931321939
sweep-BE-N40-M160,13,0.32500000000000001,0.31891125629254091,0.31778567297605381,0.31794690578767476
sweep-BE-N40-M160,14,0.34999999999999998,0.33326134736922541,0.33208511603456004,0.33225360385987412
sweep-BE-N40-M160,15,0.375,0.34555677141873498,0.34433714392320625,0.34451184797874257
sweep-BE-N40-M160,16,0.40000000000000002,0.35572172306316119,0.35446621881584617,0.35464606199300736
sweep-BE-N40-M160,17,0.42499999999999999,0.36369353199542664,0.36240989159750753,0.36259376510330243
sweep-BE-N40-M160,18,0.45000000000000001,0.36942304936256831,0.36811918688395212,0.36830595707707342
sweep-BE-N40-M160,19,0.47499999999999998,0.37287495078476013,0.37155890497120569,0.37174742035130531
sweep-BE-N40-M160,20,0.5,0.37402795414186052,0.37270783885343794,0.37289693716050992
sweep-BE-N40-M160,21,0.52500000000000002,0.3728749507847603,0.37155890497120569,0.37174742035130531
sweep-BE-N40-M160,22,0.55000000000000004,0.36942304936256865,0.36811918688395212,0.36830595707707342
sweep-BE-N40-M160,23,0.57499999999999996,0.36369353199542703,0.36240989159750758,0.36259376510330249
sweep-BE-N40-M160,24,0.59999999999999998,0.35572172306316163,0.35446621881584622,0.35464606199300741
sweep-BE-N40-M160,25,0.625,0.34555677141873553,0.34433714392320625,0.34451184797874257
sweep-BE-N40-M160,26,0.65000000000000002,0.33326134736922586,0.33208511603456009,0.33225360385987418
sweep-BE-N40-M160,27,0.67500000000000004,0.3189112562925413,0.31778567297605387,0.31794690578767482
sweep-BE-N40-M160,28,0.69999999999999996,0.30259497127205914,0.30152697556919061,0.30167995931321939
sweep-BE-N40-M160,29,0.72499999999999998,0.28441308763064599,0.28340926409004924,0.28355305557083166
sweep-BE-N40-M160,30,0.75,0.26447770272704102,0.26354424025464895,0.26367795294989049
sweep-BE-N40-M160,31,0.77500000000000002,0.24291172483836315,0.24205437854072592,0.24217718806719635
sweep-BE-N40-M160,32,0.80000000000000004,0.21984811538971141,0.21907217109185048,0.21918332028798088
sweep-BE-N40-M160,33,0.82499999999999996,0.1954290692027652,0.19473931085930452,0.19483811445333982
sweep-BE-N40-M160,34,0.84999999999999998,0.16980513781742382,0.16920581801791879,0.1692916668528463
sweep-BE-N40-M160,35,0.875,0.14313430129149982,0.14262911504180845,0.14270147983101317
sweep-BE-N40-M160,36,0.90000000000000002,0.11558099420112861,0.11517305614247167,0.11523149073296445
sweep-BE-N40-M160,37,0.92500000000000004,0.087315091846926665,0.087006917053089022,0.08705106117618798
sweep-BE-N40-M160,38,0.94999999999999996,0.058510862916274047,0.05830435138733818,0.058333932879845
sweep-BE-N40-M160,39,0.97499999999999998,0.029345895058906279,0.02924232000712014,0.029257156489296676
sweep-BE-N40-M160,40,1,0,0,0
sweep-BE-N40-M320,0,0,0,0,0
sweep-BE-N40-M320,1,0.025000000000000001,0.029301583108488446,0.029242320007120095,0.029257156489296627
sweep-BE-N40-M320,2,0.050000000000000003,0.058422512213347925,0.058304351387338138,0.058333932879844959
sweep-BE-N40-M320,3,0.074999999999999997,0.087183247102955386,0.087006917053088967,0.087051061176187924
sweep-BE-N40-M320,4,0.10000000000000001,0.11540646828280157,0.11517305614247163,0.1152314907329644
sweep-BE-N40-M320,5,0.125,0.14291817020913927,0.14262911504180839,0.14270147983101314
sweep-BE-N40-M320,6,0.14999999999999999,0.16954873409102339,0.16920581801791876,0.16929166685284627
sweep-BE-N40-M320,7,0.17499999999999999,0.19513397364656104,0.19473931085930446,0.19483811445333979
sweep-BE-N40-M320,8,0.20000000000000001,0.21951614736593689,0.21907217109185045,0.21918332028798082
sweep-BE-N40-M320,9,0.22500000000000001,0.24254493104027544,0.24205437854072587,0.24217718806719632
sweep-BE-N40-M320,10,0.25,0.26407834456037677,0.26354424025464895,0.26367795294989044
sweep-BE-N40-M320,11,0.27500000000000002,0.28398362727130277,0.28340926409004918,0.28355305557083155
sweep-BE-N40-M320,12,0.29999999999999999,0.30213805648596254,0.30152697556919061,0.30167995931321939
sweep-BE-N40-M320,13,0.32500000000000001,0.31842970411128707,0.31778567297605381,0.31794690578767476
sweep-BE-N40-M320,14,0.34999999999999998,0.33275812672214389,0.33208511603456004,0.33225360385987412
sweep-BE-N40-M320,15,0.375,0.34503498482845296,0.34433714392320625,0.34451184797874257
sweep-BE-N40-M320,16,0.40000000000000002,0.3551845875175193,0.35446621881584617,0.35464606199300736
sweep-BE-N40-M320,17,0.42499999999999999,0.36314435911367937,0.36240989159750753,0.36259376510330243
sweep-BE-N40-M320,18,0.45000000000000001,0.36886522497815022,0.36811918688395212,0.36830595707707342
sweep-BE-N40-M320,19,0.47499999999999998,0.37231191407049652,0.37155890497120569,0.37174742035130531
sweep-BE-N40-M320,20,0.5,0.37346317640632337,0.37270783885343794,0.37289693716050992
sweep-BE-N40-M320,21,0.52500000000000002,0.37231191407049702,0.37155890497120569,0.37174742035130531
sweep-BE-N40-M320,22,0.55000000000000004,0.36886522497815127,0.36811918688395212,0.36830595707707342
sweep-BE-N40-M320,23,0.57499999999999996,0.36314435911368076,0.36240989159750758,0.36259376510330249
sweep-BE-N40-M320,24,0.59999999999999998,0.35518458751752108,0.35446621881584622,0.35464606199300741
sweep-BE-N40-M320,25,0.625,0.34503498482845518,0.34433714392320625,0.34451184797874257
sweep-BE-N40-M320,26,0.65000000000000002,0.33275812672214644,0.33208511603456009,0.33225360385987418
sweep-BE-N40-M320,27,0.67500000000000004,0.31842970411128996,0.31778567297605387,0.31794690578767482
sweep-BE-N40-M320,28,0.69999999999999996,0.30213805648596553,0.30152697556919061,0.30167995931321939
sweep-BE-N40-M320,29,0.72499999999999998,0.28398362727130605,0.28340926409004924,0.28355305557083166
sweep-BE-N40-M320,30,0.75,0.26407834456038015,0.26354424025464895,0.26367795294989049
sweep-BE-N40-M320,31,0.77500000000000002,0.2425449310402788,0.24205437854072592,0.24217718806719635
sweep-BE-N40-M320,32,0.80000000000000004,0.21951614736594013,0.21907217109185048,0.21918332028798088
sweep-BE-N40-M320,33,0.82499999999999996,0.19513397364656404,0.19473931085930452,0.19483811445333982
sweep-BE-N40-M320,34,0.84999999999999998,0.16954873409102605,0.16920581801791879,0.1692916668528463
sweep-BE-N40-M320,35,0.875,0.14291817020914152,0.14262911504180845,0.14270147983101317
sweep-BE-N40-M320,36,0.90000000000000002,0.1154064682828034,0.11517305614247167,0.11523149073296445
sweep-BE-N40-M320,37,0.92500000000000004,0.087183247102956787,0.087006917053089022,0.08705106117618798
sweep-BE-N40-M320,38,0.94999999999999996,0.058422512213348862,0.05830435138733818,0.058333932879845
sweep-BE-N40-M320,39,0.97499999999999998,0.029301583108488915,0.02924232000712014,0.029257156489296676
sweep-BE-N40-M320,40,1,0,0,0
sweep-BE-N40-M640,0,0,0,0,0
sweep-BE-N40-M640,1,0.025000000000000001,0.029279384165847661,0.029242320007120095,0.029257156489296627
sweep-BE-N40-M640,2,0.050000000000000003,0.058378251191929638,0.058304351387338138,0.058333932879844959
sweep-BE-N40-M640,3,0.074999999999999997,0.087117196886674922,0.087006917053088967,0.087051061176187924
sweep-BE-N40-M640,4,0.10000000000000001,0.11531903609320618,0.11517305614247163,0.1152314907329644
sweep-BE-N40-M640,5,0.125,0.142809895094752,0.14262911504180839,0.14270147983101314
sweep-BE-N40-M640,6,0.14999999999999999,0.16942028360392966,0.16920581801791876,0.16929166685284627
sweep-BE-N40-M640,7,0.17499999999999999,0.19498613972672788,0.19473931085930446,0.19483811445333979
sweep-BE-N40-M640,8,0.20000000000000001,0.21934984145863981,0.21907217109185045,0.21918332028798082
sweep-BE-N40-M640,9,0.22500000000000001,0.24236117847673527,0.24205437854072587,0.24217718806719632
sweep-BE-N40-M640,10,0.25,0.2638782782362516,0.26354424025464895,0.26367795294989044
sweep-BE-N40-M640,11,0.27500000000000002,0.2837684806620096,0.28340926409004918,0.28355305557083155
sweep-BE-N40-M640,12,0.29999999999999999,0.30190915604189095,0.30152697556919061,0.30167995931321939
sweep-BE-N40-M640,13,0.32500000000000001,0.31818846107979204,0.31778567297605381,0.31794690578767476
sweep-BE-N40-M640,14,0.34999999999999998,0.33250602844673582,0.33208511603456004,0.33225360385987412
sweep-BE-N40-M640,15,0.375,0.34477358557883103,0.34433714392320625,0.34451184797874257
sweep-BE-N40-M640,16,0.40000000000000002,0.35491549890698154,0.35446621881584617,0.35464606199300736
sweep-BE-N40-M640,17,0.42499999999999999,0.36286924016299066,0.36240989159750753,0.36259376510330243
sweep-BE-N40-M640,18,0.45000000000000001,0.36858577188712793,0.36811918688395212,0.36830595707707342
sweep-BE-N40-M640,19,0.47499999999999998,0.3720298497603744,0.37155890497120569,0.37174742035130531
sweep-BE-N40-M640,20,0.5,0.37318023989736931,0.37270783885343794,0.37289693716050992
sweep-BE-N40-M640,21,0.52500000000000002,0.37202984976037456,0.37155890497120569,0.37174742035130531
sweep-BE-N40-M640,22,0.55000000000000004,0.36858577188712827,0.36811918688395212,0.36830595707707342
sweep-BE-N40-M640,23,0.57499999999999996,0.3628692401629911,0.36240989159750758,0.36259376510330249
sweep-BE-N40-M640,24,0.59999999999999998,0.35491549890698199,0.35446621881584622,0.35464606199300741
sweep-BE-N40-M640,25,0.625,0.3447735855788317,0.34433714392320625,0.34451184797874257
sweep-BE-N40-M640,26,0.65000000000000002,0.33250602844673666,0.33208511603456009,0.33225360385987418
sweep-BE-N40-M640,27,0.67500000000000004,0.31818846107979293,0.31778567297605387,0.31794690578767482
sweep-BE-N40-M640,28,0.69999999999999996,0.301909156041892,0.30152697556919061,0.30167995931321939
sweep-BE-N40-M640,29,0.72499999999999998,0.28376848066201071,0.28340926409004924,0.28355305557083166
sweep-BE-N40-M640,30,0.75,0.26387827823625287,0.26354424025464895,0.26367795294989049
sweep-BE-N40-M640,31,0.77500000000000002,0.24236117847673666,0.24205437854072592,0.24217718806719635
sweep-BE-N40-M640,32,0.80000000000000004,0.21934984145864123,0.21907217109185048,0.21918332028798088
sweep-BE-N40-M640,33,0.82499999999999996,0.19498613972672932,0.19473931085930452,0.19483811445333982
sweep-BE-N40-M640,34,0.84999999999999998,0.16942028360393099,0.16920581801791879,0.1692916668528463
sweep-BE-N40-M640,35,0.875,0.1428098950947532,0.14262911504180845,0.14270147983101317
sweep-BE-N40-M640,36,0.90000000000000002,0.11531903609320714,0.11517305614247167,0.11523149073296445
sweep-BE-N40-M640,37,0.92500000000000004,0.087117196886675644,0.087006917053089022,0.08705106117618798
sweep-BE-N40-M640,38,0.94999999999999996,0.05837825119193011,0.05830435138733818,0.058333932879845
sweep-BE-N40-M640,39,0.97499999999999998,0.0292793841658479,0.02924232000712014,0.029257156489296676
sweep-BE-N40-M640,40,1,0,0,0
sweep-BE-N40-M1280,0,0,0,0,0
sweep-BE-N40-M1280,1,0.025000000000000001,0.02926827392349347,0.029242320007120095,0.029257156489296627
sweep-BE-N40-M1280,2,0.050000000000000003,0.058356099205559904,0.058304351387338138,0.058333932879844959
sweep-BE-N40-M1280,3,0.074999999999999997,0.08708413973065196,0.087006917053088967,0.087051061176187924
sweep-BE-N40-M1280,4,0.10000000000000001,0.11527527757588961,0.11517305614247163,0.1152314907329644
sweep-BE-N40-M1280,5,0.125,0.14275570500195231,0.14262911504180839,0.14270147983101314
sweep-BE-N40-M1280,6,0.14999999999999999,0.16935599603558893,0.16920581801791876,0.16929166685284627
sweep-BE-N40-M1280,7,0.17499999999999999,0.19491215103708281,0.19473931085930446,0.19483811445333979
sweep-BE-N40-M1280,8,0.20000000000000001,0.21926660781256585,0.21907217109185045,0.21918332028798082
sweep-BE-N40-M1280,9,0.22500000000000001,0.24226921303733856,0.24205437854072587,0.24217718806719632
sweep-BE-N40-M1280,10,0.25,0.26377814800104754,0.26354424025464895,0.26367795294989044
sweep-BE-N40-M1280,11,0.27500000000000002,0.28366080296719487,0.28340926409004918,0.28355305557083155
sweep-BE-N40-M1280,12,0.29999999999999999,0.30179459475626058,0.30152697556919061,0.30167995931321939
sweep-BE-N40-M1280,13,0.32500000000000001,0.3180677225117674,0.31778567297605381,0.31794690578767476
sweep-BE-N40-M1280,14,0.34999999999999998,0.33237985698973849,0.33208511603456004,0.33225360385987412
sweep-BE-N40-M1280,15,0.375,0.3446427591218495,0.34433714392320625,0.34451184797874257
sweep-BE-N40-M1280,16,0.40000000000000002,0.35478082403862737,0.35446621881584617,0.35464606199300736
sweep-BE-N40-M1280,17,0.42499999999999999,0.36273154719861134,0.36240989159750753,0.36259376510330243
sweep-BE-N40-M1280,18,0.45000000000000001,0.36844590974963631,0.36811918688395212,0.36830595707707342
sweep-BE-N40-M1280,19,0.47499999999999998,0.371888680746357,0.37155890497120569,0.37174742035130531
sweep-BE-N40-M1280,20,0.5,0.37303863436074103,0.37270783885343794,0.37289693716050992
sweep-BE-N40-M1280,21,0.52500000000000002,0.37188868074635745,0.37155890497120569,0.37174742035130531
sweep-BE-N40-M1280,22,0.55000000000000004,0.36844590974963704,0.36811918688395212,0.36830595707707342
sweep-BE-N40-M1280,23,0.57499999999999996,0.36273154719861223,0.36240989159750758,0.36259376510330249
sweep-BE-N40-M1280,24,0.59999999999999998,0.35478082403862843,0.35446621881584622,0.35464606199300741
sweep-BE-N40-M1280,25,0.625,0.34464275912185077,0.34433714392320625,0.34451184797874257
sweep-BE-N40-M1280,26,0.65000000000000002,0.33237985698973982,0.33208511603456009,0.33225360385987418
sweep-BE-N40-M1280,27,0.67500000000000004,0.3180677225117689,0.31778567297605387,0.31794690578767482
sweep-BE-N40-M1280,28,0.69999999999999996,0.30179459475626214,0.30152697556919061,0.30167995931321939
sweep-BE-N40-M1280,29,0.72499999999999998,0.28366080296719676,0.28340926409004924,0.28355305557083166
sweep-BE-N40-M1280,30,0.75,0.26377814800104965,0.26354424025464895,0.26367795294989049
sweep-BE-N40-M1280,31,0.77500000000000002,0.24226921303734084,0.24205437854072592,0.24217718806719635
sweep-BE-N40-M1280,32,0.80000000000000004,0.21926660781256835,0.21907217109185048,0.21918332028798088
sweep-BE-N40-M1280,33,0.82499999999999996,0.19491215103708537,0.19473931085930452,0.19483811445333982
sweep-BE-N40-M1280,34,0.84999999999999998,0.16935599603559137,0.16920581801791879,0.1692916668528463
sweep-BE-N40-M1280,35,0.875,0.1427557050019545,0.14262911504180845,0.14270147983101317
sweep-BE-N40-M1280,36,0.90000000000000002,0.11527527757589152,0.11517305614247167,0.11523149073296445
sweep-BE-N40-M1280,37,0.92500000000000004,0.087084139730653529,0.087006917053089022,0.08705106117618798
sweep-BE-N40-M1280,38,0.94999999999999996,0.058356099205561,0.05830435138733818,0.058333932879845
sweep-BE-N40-M1280,39,0.97499999999999998,0.029268273923494022,0.02924232000712014,0.029257156489296676
sweep-BE-N40-M1280,40,1,0,0,0
sweep-BE-N40-M2560,0,0,0,0,0
sweep-BE-N40-M2560,1,0.025000000000000001,0.02926271610589606,0.029242320007120095,0.029257156489296627
sweep-BE-N40-M2560,2,0.050000000000000003,0.058345017836158704,0.058304351387338138,0.058333932879844959
sweep-BE-N40-M2560,3,0.074999999999999997,0.08706760312977406,0.087006917053088967,0.087051061176187924
sweep-BE-N40-M2560,4,0.10000000000000001,0.11525338769717838,0.11517305614247163,0.1152314907329644
sweep-BE-N40-M2560,5,0.125,0.14272859680378897,0.14262911504180839,0.14270147983101314
sweep-BE-N40-M2560,6,0.14999999999999999,0.1693238366490297,0.16920581801791876,0.16929166685284627
sweep-BE-N40-M2560,7,0.17499999999999999,0.19487513873543946,0.19473931085930446,0.19483811445333979
sweep-BE-N40-M2560,8,0.20000000000000001,0.21922497078898576,0.21907217109185045,0.21918332028798082
sweep-BE-N40-M2560,9,0.22500000000000001,0.24222320799791766,0.24205437854072587,0.24217718806719632
sweep-BE-N40-M2560,10,0.25,0.26372805858215204,0.26354424025464895,0.26367795294989044
sweep-BE-N40-M2560,11,0.27500000000000002,0.28360693798674874,0.28340926409004918,0.28355305557083155
sweep-BE-N40-M2560,12,0.29999999999999999,0.30173728630978036,0.30152697556919061,0.30167995931321939
sweep-BE-N40-M2560,13,0.32500000000000001,0.31800732392488251,0.31778567297605381,0.31794690578767476
sweep-BE-N40-M2560,14,0.34999999999999998,0.33231674063982164,0.33208511603456004,0.33225360385987412
sweep-BE-N40-M2560,15,0.375,0.34457731414218656,0.34433714392320625,0.34451184797874257
sweep-BE-N40-M2560,16,0.40000000000000002,0.35471345391928033,0.35446621881584617,0.35464606199300736
sweep-BE-N40-M2560,17,0.42499999999999999,0.36266266729876889,0.36240989159750753,0.36259376510330243
sweep-BE-N40-M2560,18,0.45000000000000001,0.36837594473678603,0.36811918688395212,0.36830595707707342
sweep-BE-N40-M2560,19,0.47499999999999998,0.37181806197806877,0.37155890497120569,0.37174742035130531
sweep-BE-N40-M2560,20,0.5,0.37296779722520451,0.37270783885343794,0.37289693716050992
sweep-BE-N40-M2560,21,0.52500000000000002,0.37181806197806871,0.37155890497120569,0.37174742035130531
sweep-BE-N40-M2560,22,0.55000000000000004,0.36837594473678598,0.36811918688395212,0.36830595707707342
sweep-BE-N40-M2560,23,0.57499999999999996,0.36266266729876878,0.36240989159750758,0.36259376510330249
sweep-BE-N40-M2560,24,0.59999999999999998,0.35471345391928016,0.35446621881584622,0.35464606199300741
sweep-BE-N40-M2560,25,0.625,0.34457731414218618,0.34433714392320625,0.34451184797874257
sweep-BE-N40-M2560,26,0.65000000000000002,0.33231674063982125,0.33208511603456009,0.33225360385987418
sweep-BE-N40-M2560,27,0.67500000000000004,0.3180073239248819,0.31778567297605387,0.31794690578767482
sweep-BE-N40-M2560,28,0.69999999999999996,0.30173728630977953,0.30152697556919061,0.30167995931321939
sweep-BE-N40-M2560,29,0.72499999999999998,0.28360693798674785,0.28340926409004924,0.28355305557083166
sweep-BE-N40-M2560,30,0.75,0.26372805858215093,0.26354424025464895,0.26367795294989049
sweep-BE-N40-M2560,31,0.77500000000000002,0.2422232079979165,0.24205437854072592,0.24217718806719635
sweep-BE-N40-M2560,32,0.80000000000000004,0.21922497078898456,0.21907217109185048,0.21918332028798088
sweep-BE-N40-M2560,33,0.82499999999999996,0.1948751387354383,0.19473931085930452,0.19483811445333982
sweep-BE-N40-M2560,34,0.84999999999999998,0.16932383664902845,0.16920581801791879,0.1692916668528463
sweep-BE-N40-M2560,35,0.875,0.14272859680378799,0.14262911504180845,0.14270147983101317
sweep-BE-N40-M2560,36,0.90000000000000002,0.11525338769717748,0.11517305614247167,0.11523149073296445
sweep-BE-N40-M2560,37,0.92500000000000004,0.087067603129773366,0.087006917053089022,0.08705106117618798
sweep-BE-N40-M2560,38,0.94999999999999996,0.058345017836158135,0.05830435138733818,0.058333932879845
sweep-BE-N40-M2560,39,0.97499999999999998,0.029262716105895776,0.02924232000712014,0.029257156489296676
sweep-BE-N40-M2560,40,1,0,0,0
sweep-BE-N48-M10,0,0,0,0,0
sweep-BE-N48-M10,1,0.020833333333333332,0.025524789393994406,0.024376258949618736,0.024384847449396847
sweep-BE-N48-M10,2,0.041666666666666664,0.050940277721166771,0.048648135016103849,0.048665275238385493
sweep-BE-N48-M10,3,0.0625,0.076137631958643384,0.072711692299852443,0.072737310847574399
sweep-BE-N48-M10,4,0.083333333333333329,0.10100895316721117,0.09646388695427098,0.096497874124878869
sweep-BE-N48-M10,5,0.10416666666666667,0.12544773853114038,0.11980300843534601,0.11984521869055746
sweep-BE-N48-M10,6,0.125,0.14934933741959205,0.14262911504180839,0.14267936763083039
sweep-BE-N48-M10,7,0.14583333333333334,0.17261139951668561,0.16484446188084165,0.16490254161437307
sweep-BE-N48-M10,8,0.16666666666666666,0.19513431310126458,0.18635391942671894,0.18641957759842423
sweep-BE-N48-M10,9,0.1875,0.21682163159957912,0.20706538088003687,0.20713833633154474
sweep-BE-N48-M10,10,0.20833333333333334,0.23758048658432177,0.22689015658317085,0.22697009690803768
sweep-BE-N48-M10,11,0.22916666666666666,0.25732198545149054,0.24574335380300516,0.24582993668448716
sweep-BE-N48-M10,12,0.25,0.27596159207216608,0.26354424025464895,0.26363709493155518
sweep-BE-N48-M10,13,0.27083333333333331,0.29341948878919427,0.2802165898094745,0.28031531866382314
sweep-BE-N48-M10,14,0.29166666666666669,0.30962091820864768,0.29568900890710237,0.29579318916678199
sweep-BE-N48-M10,15,0.3125,0.32449650332246355,0.3098952422735875,0.31000442782273208
sweep-BE-N48-M10,16,0.33333333333333331,0.33798254459144311,0.32277445663667409,0.32288817992599972
sweep-BE-N48-M10,17,0.35416666666666669,0.35002129271645799,0.33427150122320631,0.33438927527212903
sweep-BE-N48-M10,18,0.375,0.36056119592981445,0.34433714392320625,0.34445846440516747
sweep-BE-N48-M10,19,0.39583333333333331,0.36955712074783759,0.35292828210932692,0.35305262951139754
sweep-BE-N48-M10,20,0.41666666666666669,0.37697054523937712,0.36000812720891995,0.36013496905643411
sweep-BE-N48-M10,21,0.4375,0.38276972398263065,0.36554636223835113,0.36567515537504464
sweep-BE-N48-M10,22,0.45833333333333331,0.38692982400391351,0.36951927162497922,0.36964946453886804
sweep-BE-N48-M10,23,0.47916666666666669,0.38943303111626437,0.37190984276087852,0.37204087794591784
sweep-BE-N48-M10,24,0.5,0.39026862620252878,0.37270783885343794,0.37283915519684852
sweep-BE-N48-M10,25,0.52083333333333337,0.38943303111626443,0.37190984276087852,0.37204087794591784
sweep-BE-N48-M10,26,0.54166666666666663,0.38692982400391362,0.36951927162497922,0.36964946453886804
sweep-BE-N48-M10,27,0.5625,0.38276972398263076,0.36554636223835113,0.36567515537504464
sweep-BE-N48-M10,28,0.58333333333333337,0.37697054523937723,0.36000812720891995,0.36013496905643411
sweep-BE-N48-M10,29,0.60416666666666663,0.3695571207478377,0.35292828210932697,0.3530526295113976
sweep-BE-N48-M10,30,0.625,0.3605611959298145,0.3443371439232063,0.34445846440516753
sweep-BE-N48-M10,31,0.64583333333333337,0.35002129271645804,0.33427150122320631,0.33438927527212903
sweep-BE-N48-M10,32,0.66666666666666663,0.33798254459144317,0.32277445663667409,0.32288817992599972
sweep-BE-N48-M10,33,0.6875,0.3244965033224636,0.3098952422735875,0.31000442782273208
sweep-BE-N48-M10,34,0.70833333333333337,0.30962091820864773,0.29568900890710237,0.29579318916678199
sweep-BE-N48-M10,35,0.72916666666666663,0.29341948878919433,0.2802165898094745,0.28031531866382314
sweep-BE-N48-M10,36,0.75,0.27596159207216614,0.26354424025464895,0.26363709493155524
sweep-BE-N48-M10,37,0.77083333333333337,0.25732198545149054,0.24574335380300519,0.24582993668448719
sweep-BE-N48-M10,38,0.79166666666666663,0.23758048658432182,0.22689015658317094,0.22697009690803777
sweep-BE-N48-M10,39,0.8125,0.2168216315995791,0.20706538088003698,0.20713833633154488
sweep-BE-N48-M10,40,0.83333333333333337,0.19513431310126453,0.18635391942671894,0.18641957759842423
sweep-BE-N48-M10,41,0.85416666666666663,0.17261139951668558,0.16484446188084181,0.16490254161437323
sweep-BE-N48-M10,42,0.875,0.14934933741959203,0.14262911504180845,0.14267936763083044
sweep-BE-N48-M10,43,0.89583333333333337,0.12544773853114038,0.11980300843534607,0.11984521869055753
sweep-BE-N48-M10,44,0.91666666666666663,0.10100895316721119,0.096463886954271091,0.096497874124878966
sweep-BE-N48-M10,45,0.9375,0.076137631958643384,0.072711692299852415,0.072737310847574357
sweep-BE-N48-M10,46,0.95833333333333337,0.050940277721166764,0.048648135016104002,0.048665275238385645
sweep-BE-N48-M10,47,0.97916666666666663,0.025524789393994406,0.024376258949618756,0.024384847449396868
sweep-BE-N48-M10,48,1,0,0,0
sweep-BE-N48-M20,0,0,0,0,0
sweep-BE-N48-M20,1,0.020833333333333332,0.024966252480286107,0.024376258949618736,0.024384847449396847
sweep-BE-N48-M20,2,0.041666666666666664,0.049825595634562812,0.048648135016103849,0.048665275238385493
sweep-BE-N48-M20,3,0.0625,0.074471577938967706,0.072711692299852443,0.072737310847574399
sweep-BE-N48-M20,4,0.083333333333333329,0.098798661513553321,0.09646388695427098,0.096497874124878869
sweep-BE-N48-M20,5,0.10416666666666667,0.12270267405169143,0.11980300843534601,0.11984521869055746
sweep-BE-N48-M20,6,0.125,0.14608125490188298,0.14262911504180839,0.14267936763083039
sweep-BE-N48-M20,7,0.14583333333333334,0.16883429339178241,0.16484446188084165,0.16490254161437307
sweep-BE-N48-M20,8,0.16666666666666666,0.19086435751746594,0.18635391942671894,0.18641957759842423
sweep-BE-N48-M20,9,0.1875,0.21207711116223046,0.20706538088003687,0.20713833633154474
sweep-BE-N48-M20,10,0.20833333333333334,0.23238171805832789,0.22689015658317085,0.22697009690803768
sweep-BE-N48-M20,11,0.22916666666666666,0.25169123076180916,0.24574335380300516,0.24582993668448716
sweep-BE-N48-M20,12,0.25,0.26992296297482765,0.26354424025464895,0.26363709493155518
sweep-BE-N48-M20,13,0.27083333333333331,0.28699884362106071,0.2802165898094745,0.28031531866382314
sweep-BE-N48-M20,14,0.29166666666666669,0.3028457511580443,0.29568900890710237,0.29579318916678199
sweep-BE-N48-M20,15,0.3125,0.31739582669484362,0.3098952422735875,0.31000442782273208
sweep-BE-N48-M20,16,0.33333333333333331,0.3305867645742418,0.32277445663667409,0.32288817992599972
sweep-BE-N48-M20,17,0.35416666666666669,0.34236207917512967,0.33427150122320631,0.33438927527212903
sweep-BE-N48-M20,18,0.375,0.35267134679260698,0.34433714392320625,0.34445846440516747
sweep-BE-N48-M20,19,0.39583333333333331,0.36147042156002818,0.35292828210932692,0.35305262951139754
sweep-BE-N48-M20,20,0.41666666666666669,0.36872162448838069,0.36000812720891995,0.36013496905643411
sweep-BE-N48-M20,21,0.4375,0.37439390481350027,0.36554636223835113,0.36567515537504464
sweep-BE-N48-M20,22,0.45833333333333331,0.37846297296021053,0.36951927162497922,0.36964946453886804
sweep-BE-N48-M20,23,0.47916666666666669,0.38091140455401246,0.37190984276087852,0.37204087794591784
sweep-BE-N48-M20,24,0.5,0.38172871503493139,0.37270783885343794,0.37283915519684852
sweep-BE-N48-M20,25,0.52083333333333337,0.38091140455401229,0.37190984276087852,0.37204087794591784
sweep-BE-N48-M20,26,0.54166666666666663,0.3784629729602102,0.36951927162497922,0.36964946453886804
sweep-BE-N48-M20,27,0.5625,0.37439390481349977,0.36554636223835113,0.36567515537504464
sweep-BE-N48-M20,28,0.58333333333333337,0.36872162448838014,0.36000812720891995,0.36013496905643411
sweep-BE-N48-M20,29,0.60416666666666663,0.36147042156002762,0.35292828210932697,0.3530526295113976
sweep-BE-N48-M20,30,0.625,0.35267134679260637,0.3443371439232063,0.34445846440516753
sweep-BE-N48-M20,31,0.64583333333333337,0.34236207917512901,0.33427150122320631,0.33438927527212903
sweep-BE-N48-M20,32,0.66666666666666663,0.33058676457424119,0.32277445663667409,0.32288817992599972
sweep-BE-N48-M20,33,0.6875,0.31739582669484301,0.3098952422735875,0.31000442782273208
sweep-BE-N48-M20,34,0.70833333333333337,0.3028457511580438,0.29568900890710237,0.29579318916678199
sweep-BE-N48-M20,35,0.72916666666666663,0.28699884362106021,0.2802165898094745,0.28031531866382314
sweep-BE-N48-M20,36,0.75,0.26992296297482715,0.26354424025464895,0.26363709493155524
sweep-BE-N48-M20,37,0.77083333333333337,0.25169123076180872,0.24574335380300519,0.24582993668448719
sweep-BE-N48-M20,38,0.79166666666666663,0.23238171805832747,0.22689015658317094,0.22697009690803777
sweep-BE-N48-M20,39,0.8125,0.21207711116223013,0.20706538088003698,0.20713833633154488
sweep-BE-N48-M20,40,0.83333333333333337,0.19086435751746564,0.18635391942671894,0.18641957759842423
sweep-BE-N48-M20,41,0.85416666666666663,0.16883429339178213,0.16484446188084181,0.16490254161437323
sweep-BE-N48-M20,42,0.875,0.14608125490188276,0.14262911504180845,0.14267936763083044
sweep-BE-N48-M20,43,0.89583333333333337,0.12270267405169125,0.11980300843534607,0.11984521869055753
sweep-BE-N48-M20,44,0.91666666666666663,0.098798661513553182,0.096463886954271091,0.096497874124878966
sweep-BE-N48-M20,45,0.9375,0.074471577938967623,0.072711692299852415,0.072737310847574357
sweep-BE-N48-M20,46,0.95833333333333337,0.04982559563456275,0.048648135016104002,0.048665275238385645
sweep-BE-N48-M20,47,0.97916666666666663,0.024966252480286076,0.024376258949618756,0.024384847449396868
sweep-BE-N48-M20,48,1,0,0,0
sweep-BE-N48-M40,0,0,0,0,0
sweep-BE-N48-M40,1,0.020833333333333332,0.0246785127001319,0.024376258949618736,0.024384847449396847
sweep-BE-N48-M40,2,0.041666666666666664,0.049251348220167641,0.048648135016103849,0.048665275238385493
sweep-BE-N48-M40,3,0.0625,0.073613281905920092,0.072711692299852443,0.072737310847574399
sweep-BE-N48-M40,4,0.083333333333333329,0.097659992217234759,0.09646388695427098,0.096497874124878869
sweep-BE-N48-M40,5,0.10416666666666667,0.12128850744884045,0.11980300843534601,0.11984521869055746
sweep-BE-N48-M40,6,0.125,0.14439764667099977,0.14262911504180839,0.14267936763083039
sweep-BE-N48-M40,7,0.14583333333333334,0.1668884530017839,0.16484446188084165,0.16490254161437307
sweep-BE-N48-M40,8,0.16666666666666666,0.18866461735563297,0.18635391942671894,0.18641957759842423
sweep-BE-N48-M40,9,0.1875,0.20963289085364623,0.20706538088003687,0.20713833633154474
sweep-BE-N48-M40,10,0.20833333333333334,0.22970348412959729,0.22689015658317085,0.22697009690803768
sweep-BE-N48-M40,11,0.22916666666666666,0.24879045182178497,0.24574335380300516,0.24582993668448716
sweep-BE-N48-M40,12,0.25,0.26681206060426671,0.26354424025464895,0.26363709493155518
sweep-BE-N48-M40,13,0.27083333333333331,0.28369113918150829,0.2802165898094745,0.28031531866382314
sweep-BE-N48-M40,14,0.29166666666666669,0.29935540874771849,0.29568900890710237,0.29579318916678199
sweep-BE-N48-M40,15,0.3125,0.31373779249579248,0.3098952422735875,0.31000442782273208
sweep-BE-N48-M40,16,0.33333333333333331,0.32677670285049737,0.32277445663667409,0.32288817992599972
sweep-BE-N48-M40,17,0.35416666666666669,0.33841630519592436,0.33427150122320631,0.33438927527212903
sweep-BE-N48-M40,18,0.375,0.34860675696788612,0.34433714392320625,0.34445846440516747
sweep-BE-N48-M40,19,0.39583333333333331,0.35730442108742838,0.35292828210932692,0.35305262951139754
sweep-BE-N48-M40,20,0.41666666666666669,0.36447205282150158,0.36000812720891995,0.36013496905643411
sweep-BE-N48-M40,21,0.4375,0.37007895927062567,0.36554636223835113,0.36567515537504464
sweep-BE-N48-M40,22,0.45833333333333331,0.37410113080059748,0.36951927162497922,0.36964946453886804
sweep-BE-N48-M40,23,0.47916666666666669,0.37652134385543062,0.37190984276087852,0.37204087794591784
sweep-BE-N48-M40,24,0.5,0.3773292347112665,0.37270783885343794,0.37283915519684852
sweep-BE-N48-M40,25,0.52083333333333337,0.37652134385543085,0.37190984276087852,0.37204087794591784
sweep-BE-N48-M40,26,0.54166666666666663,0.37410113080059793,0.36951927162497922,0.36964946453886804
sweep-BE-N48-M40,27,0.5625,0.37007895927062628,0.36554636223835113,0.36567515537504464
sweep-BE-N48-M40,28,0.58333333333333337,0.36447205282150247,0.36000812720891995,0.36013496905643411
sweep-BE-N48-M40,29,0.60416666666666663,0.35730442108742944,0.35292828210932697,0.3530526295113976
sweep-BE-N48-M40,30,0.625,0.34860675696788729,0.3443371439232063,0.34445846440516753
sweep-BE-N48-M40,31,0.64583333333333337,0.33841630519592564,0.33427150122320631,0.33438927527212903
sweep-BE-N48-M40,32,0.66666666666666663,0.32677670285049865,0.32277445663667409,0.32288817992599972
sweep-BE-N48-M40,33,0.6875,0.31373779249579364,0.3098952422735875,0.31000442782273208
sweep-BE-N48-M40,34,0.70833333333333337,0.29935540874771954,0.29568900890710237,0.29579318916678199
sweep-BE-N48-M40,35,0.72916666666666663,0.28369113918150929,0.2802165898094745,0.28031531866382314
sweep-BE-N48-M40,36,0.75,0.26681206060426776,0.26354424025464895,0.26363709493155524
sweep-BE-N48-M40,37,0.77083333333333337,0.24879045182178594,0.24574335380300519,0.24582993668448719
sweep-BE-N48-M40,38,0.79166666666666663,0.22970348412959815,0.22689015658317094,0.22697009690803777
sweep-BE-N48-M40,39,0.8125,0.20963289085364703,0.20706538088003698,0.20713833633154488
sweep-BE-N48-M40,40,0.83333333333333337,0.18866461735563367,0.18635391942671894,0.18641957759842423
sweep-BE-N48-M40,41,0.85416666666666663,0.16688845300178454,0.16484446188084181,0.16490254161437323
sweep-BE-N48-M40,42,0.875,0.14439764667100033,0.14262911504180845,0.14267936763083044
sweep-BE-N48-M40,43,0.89583333333333337,0.12128850744884091,0.11980300843534607,0.11984521869055753
sweep-BE-N48-M40,44,0.91666666666666663,0.097659992217235106,0.096463886954271091,0.096497874124878966
sweep-BE-N48-M40,45,0.9375,0.073613281905920341,0.072711692299852415,0.072737310847574357
sweep-BE-N48-M40,46,0.95833333333333337,0.049251348220167808,0.048648135016104002,0.048665275238385645
sweep-BE-N48-M40,47,0.97916666666666663,0.02467851270013198,0.024376258949618756,0.024384847449396868
sweep-BE-N48-M40,48,1,0,0,0
sweep-BE-N48-M80,0,0,0,0,0
sweep-BE-N48-M80,1,0.020833333333333332,0.024532434412997982,0.024376258949618736,0.024384847449396847
sweep-BE-N48-M80,2,0.041666666666666664,0.048959817175551659,0.048648135016103849,0.048665275238385493
sweep-BE-N48-M80,3,0.0625,0.073177546484511732,0.072711692299852443,0.072737310847574399
sweep-BE-N48-M80,4,0.083333333333333329,0.097081918305003817,0.09646388695427098,0.096497874124878869
sweep-BE-N48-M80,5,0.10416666666666667,0.12057057044702664,0.11980300843534601,0.11984521869055746
sweep-BE-N48-M80,6,0.125,0.14354292089606455,0.14262911504180839,0.14267936763083039
sweep-BE-N48-M80,7,0.14583333333333334,0.16590059852071537,0.16484446188084165,0.16490254161437307
sweep-BE-N48-M80,8,0.16666666666666666,0.18754786431297726,0.18635391942671894,0.18641957759842423
sweep-BE-N48-M80,9,0.1875,0.20839202135737897,0.20706538088003687,0.20713833633154474
sweep-BE-N48-M80,10,0.20833333333333334,0.22834381177340324,0.22689015658317085,0.22697009690803768
sweep-BE-N48-M80,11,0.22916666666666666,0.24731779893143399,0.24574335380300516,0.24582993668448716
sweep-BE-N48-M80,12,0.25,0.26523273330552116,0.26354424025464895,0.26363709493155518
sweep-BE-N48-M80,13,0.27083333333333331,0.28201190039632418,0.2802165898094745,0.28031531866382314
sweep-BE-N48-M80,14,0.29166666666666669,0.29758344923437541,0.29568900890710237,0.29579318916678199
sweep-BE-N48-M80,15,0.3125,0.31188070005696272,0.3098952422735875,0.31000442782273208
sweep-BE-N48-M80,16,0.33333333333333331,0.32484242984110995,0.32277445663667409,0.32288817992599972
sweep-BE-N48-M80,17,0.35416666666666669,0.33641313446996041,0.33427150122320631,0.33438927527212903
sweep-BE-N48-M80,18,0.375,0.34654326640992655,0.34433714392320625,0.34445846440516747
sweep-BE-N48-M80,19,0.39583333333333331,0.35518944688083526,0.35292828210932692,0.35305262951139754
sweep-BE-N48-M80,20,0.41666666666666669,0.36231465161052429,0.36000812720891995,0.36013496905643411
sweep-BE-N48-M80,21,0.4375,0.36788836937845981,0.36554636223835113,0.36567515537504464
sweep-BE-N48-M80,22,0.45833333333333331,0.37188673266946687,0.36951927162497922,0.36964946453886804
sweep-BE-N48-M80,23,0.47916666666666669,0.37429261987809331,0.37190984276087852,0.37204087794591784
sweep-BE-N48-M80,24,0.5,0.37509572862595347,0.37270783885343794,0.37283915519684852
sweep-BE-N48-M80,25,0.52083333333333337,0.37429261987809337,0.37190984276087852,0.37204087794591784
sweep-BE-N48-M80,26,0.54166666666666663,0.37188673266946681,0.36951927162497922,0.36964946453886804
sweep-BE-N48-M80,27,0.5625,0.36788836937845976,0.36554636223835113,0.36567515537504464
sweep-BE-N48-M80,28,0.58333333333333337,0.36231465161052417,0.36000812720891995,0.36013496905643411
sweep-BE-N48-M80,29,0.60416666666666663,0.35518944688083504,0.35292828210932697,0.3530526295113976
sweep-BE-N48-M80,30,0.625,0.34654326640992617,0.3443371439232063,0.34445846440516753
sweep-BE-N48-M80,31,0.64583333333333337,0.33641313446995991,0.33427150122320631,0.33438927527212903
sweep-BE-N48-M80,32,0.66666666666666663,0.32484242984110934,0.32277445663667409,0.32288817992599972
sweep-BE-N48-M80,33,0.6875,0.311880700056962,0.3098952422735875,0.31000442782273208
sweep-BE-N48-M80,34,0.70833333333333337,0.29758344923437463,0.29568900890710237,0.29579318916678199
sweep-BE-N48-M80,35,0.72916666666666663,0.28201190039632335,0.2802165898094745,0.28031531866382314
sweep-BE-N48-M80,36,0.75,0.2652327333055205,0.26354424025464895,0.26363709493155524
sweep-BE-N48-M80,37,0.77083333333333337,0.2473177989314333,0.24574335380300519,0.24582993668448719
sweep-BE-N48-M80,38,0.79166666666666663,0.22834381177340249,0.22689015658317094,0.22697009690803777
sweep-BE-N48-M80,39,0.8125,0.20839202135737822,0.20706538088003698,0.20713833633154488
sweep-BE-N48-M80,40,0.83333333333333337,0.18754786431297657,0.18635391942671894,0.18641957759842423
sweep-BE-N48-M80,41,0.85416666666666663,0.16590059852071473,0.16484446188084181,0.16490254161437323
sweep-BE-N48-M80,42,0.875,0.14354292089606399,0.14262911504180845,0.14267936763083044
sweep-BE-N48-M80,43,0.89583333333333337,0.12057057044702615,0.11980300843534607,0.11984521869055753
sweep-BE-N48-M80,44,0.91666666666666663,0.097081918305003456,0.096463886954271091,0.096497874124878966
sweep-BE-N48-M80,45,0.9375,0.073177546484511455,0.072711692299852415,0.072737310847574357
sweep-BE-N48-M80,46,0.95833333333333337,0.048959817175551465,0.048648135016104002,0.048665275238385645
sweep-BE-N48-M80,47,0.97916666666666663,0.024532434412997888,0.024376258949618756,0.024384847449396868
sweep-BE-N48-M80,48,1,0,0,0
sweep-BE-N48-M160,0,0,0,0,0
sweep-BE-N48-M160,1,0.020833333333333332,0.024458831263936623,0.024376258949618736,0.024384847449396847
sweep-BE-N48-M160,2,0.041666666666666664,0.048812926057412984,0.048648135016103849,0.048665275238385493
sweep-BE-N48-M160,3,0.0625,0.072957996407614772,0.072711692299852443,0.072737310847574399
sweep-BE-N48-M160,4,0.083333333333333329,0.096790649416483757,0.09646388695427098,0.096497874124878869
sweep-BE-N48-M160,5,0.10416666666666667,0.12020883000498053,0.11980300843534601,0.11984521869055746
sweep-BE-N48-M160,6,0.125,0.14311225792860066,0.14262911504180839,0.14267936763083039
sweep-BE-N48-M160,7,0.14583333333333334,0.16540285719277698,0.16484446188084165,0.16490254161437307
sweep-BE-N48-M160,8,0.16666666666666666,0.1869851760293452,0.18635391942671894,0.18641957759842423
sweep-BE-N48-M160,9,0.1875,0.2077667956356693,0.20706538088003687,0.20713833633154474
sweep-BE-N48-M160,10,0.20833333333333334,0.22765872592614264,0.22689015658317085,0.22697009690803768
sweep-BE-N48-M160,11,0.22916666666666666,0.24657578660139687,0.24574335380300516,0.24582993668448716
sweep-BE-N48-M160,12,0.25,0.26443697190342053,0.26354424025464895,0.26363709493155518
sweep-BE-N48-M160,13,0.27083333333333331,0.28116579749465126,0.2802165898094745,0.28031531866382314
sweep-BE-N48-M160,14,0.29166666666666669,0.29669062797565132,0.29568900890710237,0.29579318916678199
sweep-BE-N48-M160,15,0.3125,0.31094498363888584,0.3098952422735875,0.31000442782273208
sweep-BE-N48-M160,16,0.33333333333333331,0.32386782514503631,0.32277445663667409,0.32288817992599972
sweep-BE-N48-M160,17,0.35416666666666669,0.33540381490282267,0.33427150122320631,0.33438927527212903
sweep-BE-N48-M160,18,0.375,0.34550355403306465,0.34433714392320625,0.34445846440516747
sweep-BE-N48-M160,19,0.39583333333333331,0.35412379390226645,0.35292828210932692,0.35305262951139754
sweep-BE-N48-M160,20,0.41666666666666669,0.36122762131990482,0.36000812720891995,0.36013496905643411
sweep-BE-N48-M160,21,0.4375,0.36678461660637801,0.36554636223835113,0.36567515537504464
sweep-BE-N48-M160,22,0.45833333333333331,0.370770983854744,0.36951927162497922,0.36964946453886804
sweep-BE-N48-M160,23,0.47916666666666669,0.373169652828447,0.37190984276087852,0.37204087794591784
sweep-BE-N48-M160,24,0.5,0.37397035205869111,0.37270783885343794,0.37283915519684852
sweep-BE-N48-M160,25,0.52083333333333337,0.373169652828447,0.37190984276087852,0.37204087794591784
sweep-BE-N48-M160,26,0.54166666666666663,0.37077098385474411,0.36951927162497922,0.36964946453886804
sweep-BE-N48-M160,27,0.5625,0.36678461660637818,0.36554636223835113,0.36567515537504464
sweep-BE-N48-M160,28,0.58333333333333337,0.36122762131990499,0.36000812720891995,0.36013496905643411
sweep-BE-N48-M160,29,0.60416666666666663,0.35412379390226667,0.35292828210932697,0.3530526295113976
sweep-BE-N48-M160,30,0.625,0.34550355403306499,0.3443371439232063,0.34445846440516753
sweep-BE-N48-M160,31,0.64583333333333337,0.33540381490282306,0.33427150122320631,0.33438927527212903
sweep-BE-N48-M160,32,0.66666666666666663,0.32386782514503681,0.32277445663667409,0.32288817992599972
sweep-BE-N48-M160,33,0.6875,0.31094498363888645,0.3098952422735875,0.31000442782273208
sweep-BE-N48-M160,34,0.70833333333333337,0.29669062797565199,0.29568900890710237,0.29579318916678199
sweep-BE-N48-M160,35,0.72916666666666663,0.28116579749465193,0.2802165898094745,0.28031531866382314
sweep-BE-N48-M160,36,0.75,0.26443697190342125,0.26354424025464895,0.26363709493155524
sweep-BE-N48-M160,37,0.77083333333333337,0.24657578660139756,0.24574335380300519,0.24582993668448719
sweep-BE-N48-M160,38,0.79166666666666663,0.22765872592614331,0.22689015658317094,0.22697009690803777
sweep-BE-N48-M160,39,0.8125,0.20776679563566988,0.20706538088003698,0.20713833633154488
sweep-BE-N48-M160,40,0.83333333333333337,0.18698517602934572,0.18635391942671894,0.18641957759842423
sweep-BE-N48-M160,41,0.85416666666666663,0.16540285719277745,0.16484446188084181,0.16490254161437323
sweep-BE-N48-M160,42,0.875,0.14311225792860108,0.14262911504180845,0.14267936763083044
sweep-BE-N48-M160,43,0.89583333333333337,0.12020883000498088,0.11980300843534607,0.11984521869055753
sweep-BE-N48-M160,44,0.91666666666666663,0.096790649416484034,0.096463886954271091,0.096497874124878966
sweep-BE-N48-M160,45,0.9375,0.072957996407614967,0.072711692299852415,0.072737310847574357
sweep-BE-N48-M160,46,0.95833333333333337,0.048812926057413122,0.048648135016104002,0.048665275238385645
sweep-BE-N48-M160,47,0.97916666666666663,0.024458831263936696,0.024376258949618756,0.024384847449396868
sweep-BE-N48-M160,48,1,0,0,0
sweep-BE-N48-M320,0,0,0,0,0
sweep-BE-N48-M320,1,0.020833333333333332,0.024421887161032021,0.024376258949618736,0.024384847449396847
sweep-BE-N48-M320,2,0.041666666666666664,0.048739196051924186,0.048648135016103849,0.048665275238385493
sweep-BE-N48-M320,3,0.0625,0.07284779622274451,0.072711692299852443,0.072737310847574399
sweep-BE-N48-M320,4,0.083333333333333329,0.096644450946341914,0.09646388695427098,0.096497874124878869
sweep-BE-N48-M320,5,0.10416666666666667,0.12002725929386107,0.11980300843534601,0.11984521869055746
sweep-BE-N48-M320,6,0.125,0.1428960924901638,0.14262911504180839,0.14267936763083039
sweep-BE-N48-M320,7,0.14583333333333334,0.16515302268061641,0.16484446188084165,0.16490254161437307
sweep-BE-N48-M320,8,0.16666666666666666,0.18670274227319733,0.18635391942671894,0.18641957759842423
sweep-BE-N48-M320,9,0.1875,0.20745297206023799,0.20706538088003687,0.20713833633154474
sweep-BE-N48-M320,10,0.20833333333333334,0.22731485637215712,0.22689015658317085,0.22697009690803768
sweep-BE-N48-M320,11,0.22916666666666666,0.24620334357107906,0.24574335380300516,0.24582993668448716
sweep-BE-N48-M320,12,0.25,0.2640375502550048,0.26354424025464895,0.26363709493155518
sweep-BE-N48-M320,13,0.27083333333333331,0.28074110761295645,0.2802165898094745,0.28031531866382314
sweep-BE-N48-M320,14,0.29166666666666669,0.29624248844795065,0.29568900890710237,0.29579318916678199
sweep-BE-N48-M320,15,0.3125,0.31047531346743634,0.3098952422735875,0.31000442782273208
sweep-BE-N48-M320,16,0.33333333333333331,0.32337863552961726,0.32277445663667409,0.32288817992599972
sweep-BE-N48-M320,17,0.35416666666666669,0.33489720062846923,0.33427150122320631,0.33438927527212903
sweep-BE-N48-M320,18,0.375,0.34498168449987648,0.34433714392320625,0.34445846440516747
sweep-BE-N48-M320,19,0.39583333333333331,0.35358890383570357,0.35292828210932692,0.35305262951139754
sweep-BE-N48-M320,20,0.41666666666666669,0.36068200120135008,0.36000812720891995,0.36013496905643411
sweep-BE-N48-M320,21,0.4375,0.36623060286494408,0.36554636223835113,0.36567515537504464
sweep-BE-N48-M320,22,0.45833333333333331,0.37021094886232542,0.36951927162497922,0.36964946453886804
sweep-BE-N48-M320,23,0.47916666666666669,0.37260599474085943,0.37190984276087852,0.37204087794591784
sweep-BE-N48-M320,24,0.5,0.37340548454639999,0.37270783885343794,0.37283915519684852
sweep-BE-N48-M320,25,0.52083333333333337,0.37260599474085998,0.37190984276087852,0.37204087794591784
sweep-BE-N48-M320,26,0.54166666666666663,0.37021094886232658,0.36951927162497922,0.36964946453886804
sweep-BE-N48-M320,27,0.5625,0.36623060286494585,0.36554636223835113,0.36567515537504464
sweep-BE-N48-M320,28,0.58333333333333337,0.36068200120135235,0.36000812720891995,0.36013496905643411
sweep-BE-N48-M320,29,0.60416666666666663,0.3535889038357064,0.35292828210932697,0.3530526295113976
sweep-BE-N48-M320,30,0.625,0.34498168449987976,0.3443371439232063,0.34445846440516753
sweep-BE-N48-M320,31,0.64583333333333337,0.334897200628473,0.33427150122320631,0.33438927527212903
sweep-BE-N48-M320,32,0.66666666666666663,0.32337863552962148,0.32277445663667409,0.32288817992599972
sweep-BE-N48-M320,33,0.6875,0.31047531346744078,0.3098952422735875,0.31000442782273208
sweep-BE-N48-M320,34,0.70833333333333337,0.29624248844795514,0.29568900890710237,0.29579318916678199
sweep-BE-N48-M320,35,0.72916666666666663,0.28074110761296117,0.2802165898094745,0.28031531866382314
sweep-BE-N48-M320,36,0.75,0.26403755025500952,0.26354424025464895,0.26363709493155524
sweep-BE-N48-M320,37,0.77083333333333337,0.24620334357108378,0.24574335380300519,0.24582993668448719
sweep-BE-N48-M320,38,0.79166666666666663,0.22731485637216167,0.22689015658317094,0.22697009690803777
sweep-BE-N48-M320,39,0.8125,0.20745297206024224,0.20706538088003698,0.20713833633154488
sweep-BE-N48-M320,40,0.83333333333333337,0.18670274227320119,0.18635391942671894,0.18641957759842423
sweep-BE-N48-M320,41,0.85416666666666663,0.16515302268061988,0.16484446188084181,0.16490254161437323
sweep-BE-N48-M320,42,0.875,0.1428960924901668,0.14262911504180845,0.14267936763083044
sweep-BE-N48-M320,43,0.89583333333333337,0.12002725929386358,0.11980300843534607,0.11984521869055753
sweep-BE-N48-M320,44,0.91666666666666663,0.096644450946343982,0.096463886954271091,0.096497874124878966
sweep-BE-N48-M320,45,0.9375,0.072847796222746092,0.072711692299852415,0.072737310847574357
sweep-BE-N48-M320,46,0.95833333333333337,0.048739196051925254,0.048648135016104002,0.048665275238385645
sweep-BE-N48-M320,47,0.97916666666666663,0.024421887161032559,0.024376258949618756,0.024384847449396868
sweep-BE-N48-M320,48,1,0,0,0
sweep-BE-N48-M640,0,0,0,0,0
sweep-BE-N48-M640,1,0.020833333333333332,0.024403379284121233,0.024376258949618736,0.024384847449396847
sweep-BE-N48-M640,2,0.041666666666666664,0.048702259551672906,0.048648135016103849,0.048665275238385493
sweep-BE-N48-M640,3,0.0625,0.07279258926691741,0.072711692299852443,0.072737310847574399
sweep-BE-N48-M640,4,0.083333333333333329,0.096571209939599376,0.09646388695427098,0.096497874124878869
sweep-BE-N48-M640,5,0.10416666666666667,0.11993629786543814,0.11980300843534601,0.11984521869055746
sweep-BE-N48-M640,6,0.125,0.14278780015086165,0.14262911504180839,0.14267936763083039
sweep-BE-N48-M640,7,0.14583333333333334,0.16502786315485732,0.16484446188084165,0.16490254161437307
sweep-BE-N48-M640,8,0.16666666666666666,0.18656125151328537,0.18635391942671894,0.18641957759842423
sweep-BE-N48-M640,9,0.1875,0.2072957559513291,0.20706538088003687,0.20713833633154474
sweep-BE-N48-M640,10,0.20833333333333334,0.22714258813776586,0.22689015658317085,0.22697009690803768
sweep-BE-N48-M640,11,0.22916666666666666,0.24601676089023222,0.24574335380300516,0.24582993668448716
sweep-BE-N48-M640,12,0.25,0.26383745210338638,0.26354424025464895,0.26363709493155518
sweep-BE-N48-M640,13,0.27083333333333331,0.28052835084157135,0.2802165898094745,0.28031531866382314
sweep-BE-N48-M640,14,0.29166666666666669,0.29601798411395669,0.29568900890710237,0.29579318916678199
sweep-BE-N48-M640,15,0.3125,0.31024002293285846,0.3098952422735875,0.31000442782273208
sweep-BE-N48-M640,16,0.33333333333333331,0.32313356634464691,0.32277445663667409,0.32288817992599972
sweep-BE-N48-M640,17,0.35416666666666669,0.33464340221697997,0.33427150122320631,0.33438927527212903
sweep-BE-N48-M640,18,0.375,0.34472024366563014,0.34433714392320625,0.34445846440516747
sweep-BE-N48-M640,19,0.39583333333333331,0.35332094010848947,0.35292828210932692,0.35305262951139754
sweep-BE-N48-M640,20,0.41666666666666669,0.36040866204298661,0.36000812720891995,0.36013496905643411
sweep-BE-N48-M640,21,0.4375,0.3659530587556713,0.36554636223835113,0.36567515537504464
sweep-BE-N48-M640,22,0.45833333333333331,0.36993038828862851,0.36951927162497922,0.36964946453886804
sweep-BE-N48-M640,23,0.47916666666666669,0.37232361910618744,0.37190984276087852,0.37204087794591784
sweep-BE-N48-M640,24,0.5,0.37312250302657174,0.37270783885343794,0.37283915519684852
sweep-BE-N48-M640,25,0.52083333333333337,0.3723236191061875,0.37190984276087852,0.37204087794591784
sweep-BE-N48-M640,26,0.54166666666666663,0.36993038828862862,0.36951927162497922,0.36964946453886804
sweep-BE-N48-M640,27,0.5625,0.36595305875567141,0.36554636223835113,0.36567515537504464
sweep-BE-N48-M640,28,0.58333333333333337,0.36040866204298677,0.36000812720891995,0.36013496905643411
sweep-BE-N48-M640,29,0.60416666666666663,0.35332094010848963,0.35292828210932697,0.3530526295113976
sweep-BE-N48-M640,30,0.625,0.34472024366563042,0.3443371439232063,0.34445846440516753
sweep-BE-N48-M640,31,0.64583333333333337,0.33464340221698036,0.33427150122320631,0.33438927527212903
sweep-BE-N48-M640,32,0.66666666666666663,0.3231335663446474,0.32277445663667409,0.32288817992599972
sweep-BE-N48-M640,33,0.6875,0.31024002293285902,0.3098952422735875,0.31000442782273208
sweep-BE-N48-M640,34,0.70833333333333337,0.29601798411395736,0.29568900890710237,0.29579318916678199
sweep-BE-N48-M640,35,0.72916666666666663,0.28052835084157207,0.2802165898094745,0.28031531866382314
sweep-BE-N48-M640,36,0.75,0.26383745210338716,0.26354424025464895,0.26363709493155524
sweep-BE-N48-M640,37,0.77083333333333337,0.24601676089023303,0.24574335380300519,0.24582993668448719
sweep-BE-N48-M640,38,0.79166666666666663,0.22714258813776664,0.22689015658317094,0.22697009690803777
sweep-BE-N48-M640,39,0.8125,0.20729575595132985,0.20706538088003698,0.20713833633154488
sweep-BE-N48-M640,40,0.83333333333333337,0.18656125151328604,0.18635391942671894,0.18641957759842423
sweep-BE-N48-M640,41,0.85416666666666663,0.16502786315485793,0.16484446188084181,0.16490254161437323
sweep-BE-N48-M640,42,0.875,0.14278780015086223,0.14262911504180845,0.14267936763083044
sweep-BE-N48-M640,43,0.89583333333333337,0.11993629786543865,0.11980300843534607,0.11984521869055753
sweep-BE-N48-M640,44,0.91666666666666663,0.09657120993959982,0.096463886954271091,0.096497874124878966
sweep-BE-N48-M640,45,0.9375,0.072792589266917757,0.072711692299852415,0.072737310847574357
sweep-BE-N48-M640,46,0.95833333333333337,0.048702259551673142,0.048648135016104002,0.048665275238385645
sweep-BE-N48-M640,47,0.97916666666666663,0.024403379284121351,0.024376258949618756,0.024384847449396868
sweep-BE-N48-M640,48,1,0,0,0
sweep-BE-N48-M1280,0,0,0,0,0
sweep-BE-N48-M1280,1,0.020833333333333332,0.024394116364974433,0.024376258949618736,0.024384847449396847
sweep-BE-N48-M1280,2,0.041666666666666664,0.04868377337862119,0.048648135016103849,0.048665275238385493
sweep-BE-N48-M1280,3,0.0625,0.072764959000591822,0.072711692299852443,0.072737310847574399
sweep-BE-N48-M1280,4,0.083333333333333329,0.096534553897042227,0.09646388695427098,0.096497874124878869
sweep-BE-N48-M1280,5,0.10416666666666667,0.11989077301345119,0.11980300843534601,0.11984521869055746
sweep-BE-N48-M1280,6,0.125,0.14273360143385014,0.14262911504180839,0.14267936763083039
sweep-BE-N48-M1280,7,0.14583333333333334,0.16496522266004821,0.16484446188084165,0.16490254161437307
sweep-BE-N48-M1280,8,0.16666666666666666,0.18649043747689423,0.18635391942671894,0.18641957759842423
sweep-BE-N48-M1280,9,0.1875,0.20721707160993141,0.20706538088003687,0.20713833633154474
sweep-BE-N48-M1280,10,0.20833333333333334,0.22705637042979146,0.22689015658317085,0.22697009690803768
sweep-BE-N48-M1280,11,0.22916666666666666,0.24592337901314298,0.24574335380300516,0.24582993668448716
sweep-BE-N48-M1280,12,0.25,0.26373730593271627,0.26354424025464895,0.26363709493155518
sweep-BE-N48-M1280,13,0.27083333333333331,0.2804218692185978,0.2802165898094745,0.28031531866382314
sweep-BE-N48-M1280,14,0.29166666666666669,0.29590562300933665,0.29568900890710237,0.29579318916678199
sweep-BE-N48-M1280,15,0.3125,0.31012226349409189,0.3098952422735875,0.31000442782273208
sweep-BE-N48-M1280,16,0.33333333333333331,0.32301091283572936,0.32277445663667409,0.32288817992599972
sweep-BE-N48-M1280,17,0.35416666666666669,0.33451637985906674,0.33427150122320631,0.33438927527212903
sweep-BE-N48-M1280,18,0.375,0.34458939638795855,0.34433714392320625,0.34445846440516747
sweep-BE-N48-M1280,19,0.39583333333333331,0.35318682821919067,0.35292828210932692,0.35305262951139754
sweep-BE-N48-M1280,20,0.41666666666666669,0.36027185982975984,0.36000812720891995,0.36013496905643411
sweep-BE-N48-M1280,21,0.4375,0.36581415202659584,0.36554636223835113,0.36567515537504464
sweep-BE-N48-M1280,22,0.45833333333333331,0.3697899718636436,0.36951927162497922,0.36964946453886804
sweep-BE-N48-M1280,23,0.47916666666666669,0.37218229426998195,0.37190984276087852,0.37204087794591784
sweep-BE-N48-M1280,24,0.5,0.3729808749537909,0.37270783885343794,0.37283915519684852
sweep-BE-N48-M1280,25,0.52083333333333337,0.37218229426998212,0.37190984276087852,0.37204087794591784
sweep-BE-N48-M1280,26,0.54166666666666663,0.36978997186364393,0.36951927162497922,0.36964946453886804
sweep-BE-N48-M1280,27,0.5625,0.36581415202659623,0.36554636223835113,0.36567515537504464
sweep-BE-N48-M1280,28,0.58333333333333337,0.36027185982976029,0.36000812720891995,0.36013496905643411
sweep-BE-N48-M1280,29,0.60416666666666663,0.35318682821919123,0.35292828210932697,0.3530526295113976
sweep-BE-N48-M1280,30,0.625,0.34458939638795938,0.3443371439232063,0.34445846440516753
sweep-BE-N48-M1280,31,0.64583333333333337,0.33451637985906768,0.33427150122320631,0.33438927527212903
sweep-BE-N48-M1280,32,0.66666666666666663,0.32301091283573041,0.32277445663667409,0.32288817992599972
sweep-BE-N48-M1280,33,0.6875,0.31012226349409305,0.3098952422735875,0.31000442782273208
sweep-BE-N48-M1280,34,0.70833333333333337,0.29590562300933798,0.29568900890710237,0.29579318916678199
sweep-BE-N48-M1280,35,0.72916666666666663,0.28042186921859913,0.2802165898094745,0.28031531866382314
sweep-BE-N48-M1280,36,0.75,0.26373730593271771,0.26354424025464895,0.26363709493155524
sweep-BE-N48-M1280,37,0.77083333333333337,0.24592337901314459,0.24574335380300519,0.24582993668448719
sweep-BE-N48-M1280,38,0.79166666666666663,0.22705637042979313,0.22689015658317094,0.22697009690803777
sweep-BE-N48-M1280,39,0.8125,0.20721707160993316,0.20706538088003698,0.20713833633154488
sweep-BE-N48-M1280,40,0.83333333333333337,0.18649043747689581,0.18635391942671894,0.18641957759842423
sweep-BE-N48-M1280,41,0.85416666666666663,0.16496522266004962,0.16484446188084181,0.16490254161437323
sweep-BE-N48-M1280,42,0.875,0.14273360143385136,0.14262911504180845,0.14267936763083044
sweep-BE-N48-M1280,43,0.89583333333333337,0.1198907730134522,0.11980300843534607,0.11984521869055753
sweep-BE-N48-M1280,44,0.91666666666666663,0.096534553897043116,0.096463886954271091,0.096497874124878966
sweep-BE-N48-M1280,45,0.9375,0.07276495900059253,0.072711692299852415,0.072737310847574357
sweep-BE-N48-M1280,46,0.95833333333333337,0.048683773378621675,0.048648135016104002,0.048665275238385645
sweep-BE-N48-M1280,47,0.97916666666666663,0.02439411636497469,0.024376258949618756,0.024384847449396868
sweep-BE-N48-M1280,48,1,0,0,0
sweep-BE-N48-M2560,0,0,0,0,0
sweep-BE-N48-M2560,1,0.020833333333333332,0.024389482657176349,0.024376258949618736,0.024384847449396847
sweep-BE-N48-M2560,2,0.041666666666666664,0.048674525805273143,0.048648135016103849,0.048665275238385493
sweep-BE-N48-M2560,3,0.0625,0.072751137161222557,0.072711692299852443,0.072737310847574399
sweep-BE-N48-M2560,4,0.083333333333333329,0.096516216978889791,0.09646388695427098,0.096497874124878869
sweep-BE-N48-M2560,5,0.10416666666666667,0.11986799953801418,0.11980300843534601,0.11984521869055746
sweep-BE-N48-M2560,6,0.125,0.14270648892064661,0.14262911504180839,0.14267936763083039
sweep-BE-N48-M2560,7,0.14583333333333334,0.16493388720902197,0.16484446188084165,0.16490254161437307
sweep-BE-N48-M2560,8,0.16666666666666666,0.18645501327125713,0.18635391942671894,0.18641957759842423
sweep-BE-N48-M2560,9,0.1875,0.20717771034157037,0.20706538088003687,0.20713833633154474
sweep-BE-N48-M2560,10,0.20833333333333334,0.22701324064970024,0.22689015658317085,0.22697009690803768
sweep-BE-N48-M2560,11,0.22916666666666666,0.24587666540966138,0.24574335380300516,0.24582993668448716
sweep-BE-N48-M2560,12,0.25,0.26368720854066596,0.26354424025464895,0.26363709493155518
sweep-BE-N48-M2560,13,0.27083333333333331,0.28036860256270268,0.2802165898094745,0.28031531866382314
sweep-BE-N48-M2560,14,0.29166666666666669,0.29584941518559493,0.29568900890710237,0.29579318916678199
sweep-BE-N48-M2560,15,0.3125,0.31006335519303396,0.3098952422735875,0.31000442782273208
sweep-BE-N48-M2560,16,0.33333333333333331,0.32294955631174416,0.32277445663667409,0.32288817992599972
sweep-BE-N48-M2560,17,0.35416666666666669,0.33445283785020957,0.33427150122320631,0.33438927527212903
sweep-BE-N48-M2560,18,0.375,0.34452394099086664,0.34433714392320625,0.34445846440516747
sweep-BE-N48-M2560,19,0.39583333333333331,0.35311973972392308,0.35292828210932692,0.35305262951139754
sweep-BE-N48-M2560,20,0.41666666666666669,0.36020342551955303,0.36000812720891995,0.36013496905643411
sweep-BE-N48-M2560,21,0.4375,0.36574466494767244,0.36554636223835113,0.36567515537504464
sweep-BE-N48-M2560,22,0.45833333333333331,0.36971972957034338,0.36951927162497922,0.36964946453886804
sweep-BE-N48-M2560,23,0.47916666666666669,0.37211159755058865,0.37190984276087852,0.37204087794591784
sweep-BE-N48-M2560,24,0.5,0.37291002654251065,0.37270783885343794,0.37283915519684852
sweep-BE-N48-M2560,25,0.52083333333333337,0.37211159755058859,0.37190984276087852,0.37204087794591784
sweep-BE-N48-M2560,26,0.54166666666666663,0.36971972957034327,0.36951927162497922,0.36964946453886804
sweep-BE-N48-M2560,27,0.5625,0.36574466494767227,0.36554636223835113,0.36567515537504464
sweep-BE-N48-M2560,28,0.58333333333333337,0.36020342551955276,0.36000812720891995,0.36013496905643411
sweep-BE-N48-M2560,29,0.60416666666666663,0.35311973972392263,0.35292828210932697,0.3530526295113976
sweep-BE-N48-M2560,30,0.625,0.34452394099086603,0.3443371439232063,0.34445846440516753
sweep-BE-N48-M2560,31,0.64583333333333337,0.3344528378502088,0.33427150122320631,0.33438927527212903
sweep-BE-N48-M2560,32,0.66666666666666663,0.32294955631174327,0.32277445663667409,0.32288817992599972
sweep-BE-N48-M2560,33,0.6875,0.31006335519303291,0.3098952422735875,0.31000442782273208
sweep-BE-N48-M2560,34,0.70833333333333337,0.29584941518559377,0.29568900890710237,0.29579318916678199
sweep-BE-N48-M2560,35,0.72916666666666663,0.28036860256270124,0.2802165898094745,0.28031531866382314
sweep-BE-N48-M2560,36,0.75,0.26368720854066435,0.26354424025464895,0.26363709493155524
sweep-BE-N48-M2560,37,0.77083333333333337,0.24587666540965958,0.24574335380300519,0.24582993668448719
sweep-BE-N48-M2560,38,0.79166666666666663,0.22701324064969833,0.22689015658317094,0.22697009690803777
sweep-BE-N48-M2560,39,0.8125,0.20717771034156834,0.20706538088003698,0.20713833633154488
sweep-BE-N48-M2560,40,0.83333333333333337,0.18645501327125499,0.18635391942671894,0.18641957759842423
sweep-BE-N48-M2560,41,0.85416666666666663,0.16493388720901972,0.16484446188084181,0.16490254161437323
sweep-BE-N48-M2560,42,0.875,0.14270648892064441,0.14262911504180845,0.14267936763083044
sweep-BE-N48-M2560,43,0.89583333333333337,0.11986799953801218,0.11980300843534607,0.11984521869055753
sweep-BE-N48-M2560,44,0.91666666666666663,0.096516216978888097,0.096463886954271091,0.096497874124878966
sweep-BE-N48-M2560,45,0.9375,0.072751137161221224,0.072711692299852415,0.072737310847574357
sweep-BE-N48-M2560,46,0.95833333333333337,0.048674525805272192,0.048648135016104002,0.048665275238385645
sweep-BE-N48-M2560,47,0.97916666666666663,0.024389482657175859,0.024376258949618756,0.024384847449396868
sweep-BE-N48-M2560,48,1,0,0,0
sweep-BE-N64-M10,0,0,0,0,0
sweep-BE-N64-M10,1,0.015625,0.019146888018338561,0.018287906856136286,0.018291531208779813
sweep-BE-N64-M10,2,0.03125,0.03824764950637162,0.036531756542824687,0.036538996516728761
sweep-BE-N64-M10,3,0.046875,0.057256269056645388,0.054687598028197462,0.054698436181630804
sweep-BE-N64-M10,4,0.0625,0.076126953239704837,0.072711692299852443,0.072726102522754119
sweep-BE-N64-M10,5,0.078125,0.09481424092447624,0.090560617735965035,0.090578565312845888
sweep-BE-N64-M10,6,0.09375,0.11327311279811389,0.10819137471177839,0.1082128164053537
sweep-BE-N64-M10,7,0.109375,0.13145909982146803,0.12556148918946589,0.12558637334481776
sweep-BE-N64-M10,8,0.125,0.149328390358895,0.14262911504180839,0.14265738171082701
sweep-BE-N64-M10,9,0.140625,0.16683793572432515,0.15935313486318017,0.15938471594898396
sweep-BE-N64-M10,10,0.15625,0.18394555388931813,0.17569325902498042,0.17572807844596752
sweep-BE-N64-M10,11,0.171875,0.20061003110326409,0.1916101227368775,0.19164809661001292
sweep-BE-N64-M10,12,0.1875,0.21679122118091884,0.20706538088003687,0.20710641772293412
sweep-BE-N64-M10,13,0.203125,0.23245014221808041,0.22202180038387093,0.22206580133518106
sweep-BE-N64-M10,14,0.21875,0.24754907050241082,0.23644334992376725,0.23649020898134454
sweep-BE-N64-M10,15,0.234375,0.26205163139316323,0.25029528672370571,0.25034489099997609
sweep-BE-N64-M10,16,0.25,0.27592288695087741,0.26354424025464895,0.26359647024856603
sweep-BE-N64-M10,17,0.265625,0.2891294201059364,0.27615829262706959,0.27621302251200325
sweep-BE-N64-M10,18,0.28125,0.30163941516321396,0.288107055483942,0.28816415341080565
sweep-BE-N64-M10,19,0.296875,0.31342273444887103,0.29936174320895587,0.29942107162384252
sweep-BE-N64-M10,20,0.3125,0.32445099091465152,0.30989524227358756,0.3099566582491492
sweep-BE-N64-M10,21,0.328125,0.33469761652476815,0.31968217655596476,0.31974553213573681
sweep-BE-N64-M10,22,0.34375,0.34413792626062772,0.32869896847416691,0.32876411102900849
sweep-BE-N64-M10,23,0.359375,0.35274917758920316,0.33692389578668558,0.33699066838247621
sweep-BE-N64-M10,24,0.375,0.36051062525178745,0.34433714392320625,0.34440538569891405
sweep-BE-N64-M10,25,0.390625,0.36740357124113887,0.35092085371964421,0.35099040027485423
sweep-BE-N64-M10,26,0.40625,0.37341140984661819,0.35665916444243495,0.3567298482334042
sweep-BE-N64-M10,27,0.421875,0.37851966765880035,0.36153825199843054,0.36160990274171539
sweep-BE-N64-M10,28,0.4375,0.38271603843718532,0.36554636223835113,0.36561880732103513
sweep-BE-N64-M10,29,0.453125,0.38599041275700924,0.36867383927355973,0.36874690416909323
sweep-BE-N64-M10,30,0.46875,0.3883349023637343,0.37091314873794384,0.37098665742659376
sweep-BE-N64-M10,31,0.484375,0.38974385917654492,0.37225889593886341,0.37233267133176023
sweep-BE-N64-M10,32,0.5,0.39021388889506903,0.37270783885343794,0.37278170321919818
sweep-BE-N64-M10,33,0.515625,0.38974385917654492,0.37225889593886341,0.37233267133176023
sweep-BE-N64-M10,34,0.53125,0.38833490236373419,0.37091314873794384,0.37098665742659376
sweep-BE-N64-M10,35,0.546875,0.38599041275700902,0.36867383927355973,0.36874690416909323
sweep-BE-N64-M10,36,0.5625,0.38271603843718505,0.36554636223835113,0.36561880732103513
sweep-BE-N64-M10,37,0.578125,0.37851966765880002,0.36153825199843054,0.36160990274171539
sweep-BE-N64-M10,38,0.59375,0.37341140984661775,0.35665916444243495,0.3567298482334042
sweep-BE-N64-M10,39,0.609375,0.36740357124113837,0.35092085371964421,0.35099040027485423
sweep-BE-N64-M10,40,0.625,0.36051062525178701,0.34433714392320625,0.34440538569891405
sweep-BE-N64-M10,41,0.640625,0.35274917758920271,0.33692389578668563,0.33699066838247627
sweep-BE-N64-M10,42,0.65625,0.34413792626062711,0.32869896847416696,0.32876411102900854
sweep-BE-N64-M10,43,0.671875,0.33469761652476748,0.31968217655596476,0.31974553213573681
sweep-BE-N64-M10,44,0.6875,0.32445099091465079,0.30989524227358761,0.30995665824914925
sweep-BE-N64-M10,45,0.703125,0.31342273444887031,0.29936174320895592,0.29942107162384257
sweep-BE-N64-M10,46,0.71875,0.30163941516321324,0.28810705548394205,0.2881641534108057
sweep-BE-N64-M10,47,0.734375,0.28912942010593567,0.27615829262706953,0.27621302251200325
sweep-BE-N64-M10,48,0.75,0.27592288695087674,0.26354424025464895,0.26359647024856608
sweep-BE-N64-M10,49,0.765625,0.26205163139316257,0.25029528672370582,0.2503448909999762
sweep-BE-N64-M10,50,0.78125,0.24754907050241021,0.23644334992376725,0.23649020898134454
sweep-BE-N64-M10,51,0.796875,0.23245014221807977,0.22202180038387095,0.22206580133518111
sweep-BE-N64-M10,52,0.8125,0.21679122118091823,0.20706538088003687,0.20710641772293412
sweep-BE-N64-M10,53,0.828125,0.2006100311032635,0.19161012273687753,0.19164809661001295
sweep-BE-N64-M10,54,0.84375,0.18394555388931755,0.17569325902498051,0.17572807844596761
sweep-BE-N64-M10,55,0.859375,0.16683793572432462,0.15935313486318015,0.15938471594898396
sweep-BE-N64-M10,56,0.875,0.14932839035889453,0.14262911504180845,0.14265738171082704
sweep-BE-N64-M10,57,0.890625,0.13145909982146761,0.125561489189466,0.12558637334481787
sweep-BE-N64-M10,58,0.90625,0.11327311279811356,0.10819137471177841,0.10821281640535373
sweep-BE-N64-M10,59,0.921875,0.094814240924475934,0.090560617735965104,0.090578565312845971
sweep-BE-N64-M10,60,0.9375,0.076126953239704587,0.072711692299852582,0.072726102522754257
sweep-BE-N64-M10,61,0.953125,0.057256269056645201,0.054687598028197483,0.054698436181630825
sweep-BE-N64-M10,62,0.96875,0.038247649506371481,0.03653175654282477,0.036538996516728844
sweep-BE-N64-M10,63,0.984375,0.019146888018338491,0.018287906856136269,0.018291531208779795
sweep-BE-N64-M10,64,1,0,0,0
sweep-BE-N64-M20,0,0,0,0,0
sweep-BE-N64-M20,1,0.015625,0.018727789708418163,0.018287906856136286,0.018291531208779813
sweep-BE-N64-M20,2,0.03125,0.037410462531068105,0.036531756542824687,0.036538996516728761
sweep-BE-N64-M20,3,0.046875,0.056003010272711179,0.054687598028197462,0.054698436181630804
sweep-BE-N64-M20,4,0.0625,0.074460641857322929,0.072711692299852443,0.072726102522754119
sweep-BE-N64-M20,5,0.078125,0.092738891233718437,0.090560617735965035,0.090578565312845888
sweep-BE-N64-M20,6,0.09375,0.11079372449816441,0.10819137471177839,0.1082128164053537
sweep-BE-N64-M20,7,0.109375,0.12858164597591018,0.12556148918946589,0.12558637334481776
sweep-BE-N64-M20,8,0.125,0.14605980300607793,0.14262911504180839,0.14265738171082701
sweep-BE-N64-M20,9,0.140625,0.16318608917747626,0.15935313486318017,0.15938471594898396
sweep-BE-N64-M20,10,0.15625,0.17991924576663276,0.17569325902498042,0.17572807844596752
sweep-BE-N64-M20,11,0.171875,0.19621896113367279,0.1916101227368775,0.19164809661001292
sweep-BE-N64-M20,12,0.1875,0.21204596783659058,0.20706538088003687,0.20710641772293412
sweep-BE-N64-M20,13,0.203125,0.22736213722995685,0.22202180038387093,0.22206580133518106
sweep-BE-N64-M20,14,0.21875,0.24213057132016497,0.23644334992376725,0.23649020898134454
sweep-BE-N64-M20,15,0.234375,0.25631569165592949,0.25029528672370571,0.25034489099997609
sweep-BE-N64-M20,16,0.25,0.26988332503989187,0.26354424025464895,0.26359647024856603
sweep-BE-N64-M20,17,0.265625,0.28280078585484575,0.27615829262706959,0.27621302251200325
sweep-BE-N64-M20,18,0.28125,0.29503695480625203,0.288107055483942,0.28816415341080565
sweep-BE-N64-M20,19,0.296875,0.3065623538913449,0.29936174320895587,0.29942107162384252
sweep-BE-N64-M20,20,0.3125,0.31734921741422262,0.30989524227358756,0.3099566582491492
sweep-BE-N64-M20,21,0.328125,0.32737155887584091,0.31968217655596476,0.31974553213573681
sweep-BE-N64-M20,22,0.34375,0.33660523357776528,0.32869896847416691,0.32876411102900849
sweep-BE-N64-M20,23,0.359375,0.34502799678886448,0.33692389578668558,0.33699066838247621
sweep-BE-N64-M20,24,0.375,0.35261955733481609,0.34433714392320625,0.34440538569891405
sweep-BE-N64-M20,25,0.390625,0.35936162648132258,0.35092085371964421,0.35099040027485423
sweep-BE-N64-M20,26,0.40625,0.36523796199327463,0.35665916444243495,0.3567298482334042
sweep-BE-N64-M20,27,0.421875,0.37023440726371776,0.36153825199843054,0.36160990274171539
sweep-BE-N64-M20,28,0.4375,0.3743389254183585,0.36554636223835113,0.36561880732103513
sweep-BE-N64-M20,29,0.453125,0.37754162831344901,0.36867383927355973,0.36874690416909323
sweep-BE-N64-M20,30,0.46875,0.37983480035719142,0.37091314873794384,0.37098665742659376
sweep-BE-N64-M20,31,0.484375,0.38121291709727412,0.37225889593886341,0.37233267133176023
sweep-BE-N64-M20,32,0.5,0.38167265852976151,0.37270783885343794,0.37278170321919818
sweep-BE-N64-M20,33,0.515625,0.38121291709727412,0.37225889593886341,0.37233267133176023
sweep-BE-N64-M20,34,0.53125,0.37983480035719147,0.37091314873794384,0.37098665742659376
sweep-BE-N64-M20,35,0.546875,0.37754162831344912,0.36867383927355973,0.36874690416909323
sweep-BE-N64-M20,36,0.5625,0.37433892541835867,0.36554636223835113,0.36561880732103513
sweep-BE-N64-M20,37,0.578125,0.37023440726371792,0.36153825199843054,0.36160990274171539
sweep-BE-N64-M20,38,0.59375,0.3652379619932748,0.35665916444243495,0.3567298482334042
sweep-BE-N64-M20,39,0.609375,0.35936162648132269,0.35092085371964421,0.35099040027485423
sweep-BE-N64-M20,40,0.625,0.35261955733481609,0.34433714392320625,0.34440538569891405
sweep-BE-N64-M20,41,0.640625,0.34502799678886453,0.33692389578668563,0.33699066838247627
sweep-BE-N64-M20,42,0.65625,0.33660523357776528,0.32869896847416696,0.32876411102900854
sweep-BE-N64-M20,43,0.671875,0.32737155887584085,0.31968217655596476,0.31974553213573681
sweep-BE-N64-M20,44,0.6875,0.31734921741422256,0.30989524227358761,0.30995665824914925
sweep-BE-N64-M20,45,0.703125,0.30656235389134495,0.29936174320895592,0.29942107162384257
sweep-BE-N64-M20,46,0.71875,0.29503695480625219,0.28810705548394205,0.2881641534108057
sweep-BE-N64-M20,47,0.734375,0.28280078585484603,0.27615829262706953,0.27621302251200325
sweep-BE-N64-M20,48,0.75,0.26988332503989215,0.26354424025464895,0.26359647024856608
sweep-BE-N64-M20,49,0.765625,0.25631569165592971,0.25029528672370582,0.2503448909999762
sweep-BE-N64-M20,50,0.78125,0.24213057132016511,0.23644334992376725,0.23649020898134454
sweep-BE-N64-M20,51,0.796875,0.22736213722995699,0.22202180038387095,0.22206580133518111
sweep-BE-N64-M20,52,0.8125,0.21204596783659072,0.20706538088003687,0.20710641772293412
sweep-BE-N64-M20,53,0.828125,0.19621896113367285,0.19161012273687753,0.19164809661001295
sweep-BE-N64-M20,54,0.84375,0.17991924576663287,0.17569325902498051,0.17572807844596761
sweep-BE-N64-M20,55,0.859375,0.1631860891774764,0.15935313486318015,0.15938471594898396
sweep-BE-N64-M20,56,0.875,0.1460598030060781,0.14262911504180845,0.14265738171082704
sweep-BE-N64-M20,57,0.890625,0.12858164597591035,0.125561489189466,0.12558637334481787
sweep-BE-N64-M20,58,0.90625,0.11079372449816456,0.10819137471177841,0.10821281640535373
sweep-BE-N64-M20,59,0.921875,0.092738891233718576,0.090560617735965104,0.090578565312845971
sweep-BE-N64-M20,60,0.9375,0.074460641857323026,0.072711692299852582,0.072726102522754257
sweep-BE-N64-M20,61,0.953125,0.056003010272711241,0.054687598028197483,0.054698436181630825
sweep-BE-N64-M20,62,0.96875,0.037410462531068139,0.03653175654282477,0.036538996516728844
sweep-BE-N64-M20,63,0.984375,0.018727789708418183,0.018287906856136269,0.018291531208779795
sweep-BE-N64-M20,64,1,0,0,0
sweep-BE-N64-M40,0,0,0,0,0
sweep-BE-N64-M40,1,0.015625,0.01851188369424573,0.018287906856136286,0.018291531208779813
sweep-BE-N64-M40,2,0.03125,0.036979170639222514,0.036531756542824687,0.036538996516728761
sweep-BE-N64-M40,3,0.046875,0.055357371523136592,0.054687598028197462,0.054698436181630804
sweep-BE-N64-M40,4,0.0625,0.073602211650318355,0.072711692299852443,0.072726102522754119
sweep-BE-N64-M40,5,0.078125,0.091669737602842138,0.090560617735965035,0.090578565312845888
sweep-BE-N64-M40,6,0.09375,0.10951642312815994,0.10819137471177839,0.1082128164053537
sweep-BE-N64-M40,7,0.109375,0.12709927399765628,0.12556148918946589,0.12558637334481776
sweep-BE-N64-M40,8,0.125,0.14437593158351064,0.14262911504180839,0.14265738171082701
sweep-BE-N64-M40,9,0.140625,0.16130477490434225,0.15935313486318017,0.15938471594898396
sweep-BE-N64-M40,10,0.15625,0.17784502089379972,0.17569325902498042,0.17572807844596752
sweep-BE-N64-M40,11,0.171875,0.19395682265053996,0.1916101227368775,0.19164809661001292
sweep-BE-N64-M40,12,0.1875,0.20960136543290384,0.20706538088003687,0.20710641772293412
sweep-BE-N64-M40,13,0.203125,0.22474096016702844,0.22202180038387093,0.22206580133518106
sweep-BE-N64-M40,14,0.21875,0.23933913424312747,0.23644334992376725,0.23649020898134454
sweep-BE-N64-M40,15,0.234375,0.25336071938120258,0.25029528672370571,0.25034489099997609
sweep-BE-N64-M40,16,0.25,0.2667719363545103,0.26354424025464895,0.26359647024856603
sweep-BE-N64-M40,17,0.265625,0.27954047636667806,0.27615829262706959,0.27621302251200325
sweep-BE-N64-M40,18,0.28125,0.29163557888642455,0.288107055483942,0.28816415341080565
sweep-BE-N64-M40,19,0.296875,0.30302810575237388,0.29936174320895587,0.29942107162384252
sweep-BE-N64-M40,20,0.3125,0.31369061136943838,0.30989524227358756,0.3099566582491492
sweep-BE-N64-M40,21,0.328125,0.32359740882766141,0.31968217655596476,0.31974553213573681
sweep-BE-N64-M40,22,0.34375,0.33272463178423312,0.32869896847416691,0.32876411102900849
sweep-BE-N64-M40,23,0.359375,0.34105029195960085,0.33692389578668558,0.33699066838247621
sweep-BE-N64-M40,24,0.375,0.34855433210916037,0.34433714392320625,0.34440538569891405
sweep-BE-N64-M40,25,0.390625,0.3552186743429151,0.35092085371964421,0.35099040027485423
sweep-BE-N64-M40,26,0.40625,0.36102726367669663,0.35665916444243495,0.3567298482334042
sweep-BE-N64-M40,27,0.421875,0.36596610671002744,0.36153825199843054,0.36160990274171539
sweep-BE-N64-M40,28,0.4375,0.3700233053374487,0.36554636223835113,0.36561880732103513
sweep-BE-N64-M40,29,0.453125,0.37318908541209828,0.36867383927355973,0.36874690416909323
sweep-BE-N64-M40,30,0.46875,0.37545582029248686,0.37091314873794384,0.37098665742659376
sweep-BE-N64-M40,31,0.484375,0.37681804921574497,0.37225889593886341,0.37233267133176023
sweep-BE-N64-M40,32,0.5,0.37727249045307948,0.37270783885343794,0.37278170321919818
sweep-BE-N64-M40,33,0.515625,0.37681804921574513,0.37225889593886341,0.37233267133176023
sweep-BE-N64-M40,34,0.53125,0.37545582029248692,0.37091314873794384,0.37098665742659376
sweep-BE-N64-M40,35,0.546875,0.37318908541209828,0.36867383927355973,0.36874690416909323
sweep-BE-N64-M40,36,0.5625,0.3700233053374487,0.36554636223835113,0.36561880732103513
sweep-BE-N64-M40,37,0.578125,0.36596610671002738,0.36153825199843054,0.36160990274171539
sweep-BE-N64-M40,38,0.59375,0.36102726367669657,0.35665916444243495,0.3567298482334042
sweep-BE-N64-M40,39,0.609375,0.35521867434291493,0.35092085371964421,0.35099040027485423
sweep-BE-N64-M40,40,0.625,0.34855433210916004,0.34433714392320625,0.34440538569891405
sweep-BE-N64-M40,41,0.640625,0.34105029195960035,0.33692389578668563,0.33699066838247627
sweep-BE-N64-M40,42,0.65625,0.33272463178423251,0.32869896847416696,0.32876411102900854
sweep-BE-N64-M40,43,0.671875,0.32359740882766069,0.31968217655596476,0.31974553213573681
sweep-BE-N64-M40,44,0.6875,0.31369061136943754,0.30989524227358761,0.30995665824914925
sweep-BE-N64-M40,45,0.703125,0.30302810575237299,0.29936174320895592,0.29942107162384257
sweep-BE-N64-M40,46,0.71875,0.29163557888642366,0.28810705548394205,0.2881641534108057
sweep-BE-N64-M40,47,0.734375,0.27954047636667712,0.27615829262706953,0.27621302251200325
sweep-BE-N64-M40,48,0.75,0.26677193635450935,0.26354424025464895,0.26359647024856608
sweep-BE-N64-M40,49,0.765625,0.25336071938120164,0.25029528672370582,0.2503448909999762
sweep-BE-N64-M40,50,0.78125,0.23933913424312653,0.23644334992376725,0.23649020898134454
sweep-BE-N64-M40,51,0.796875,0.22474096016702746,0.22202180038387095,0.22206580133518111
sweep-BE-N64-M40,52,0.8125,0.20960136543290284,0.20706538088003687,0.20710641772293412
sweep-BE-N64-M40,53,0.828125,0.19395682265053901,0.19161012273687753,0.19164809661001295
sweep-BE-N64-M40,54,0.84375,0.17784502089379889,0.17569325902498051,0.17572807844596761
sweep-BE-N64-M40,55,0.859375,0.16130477490434153,0.15935313486318015,0.15938471594898396
sweep-BE-N64-M40,56,0.875,0.14437593158350998,0.14262911504180845,0.14265738171082704
sweep-BE-N64-M40,57,0.890625,0.12709927399765567,0.125561489189466,0.12558637334481787
sweep-BE-N64-M40,58,0.90625,0.10951642312815942,0.10819137471177841,0.10821281640535373
sweep-BE-N64-M40,59,0.921875,0.091669737602841653,0.090560617735965104,0.090578565312845971
sweep-BE-N64-M40,60,0.9375,0.073602211650317939,0.072711692299852582,0.072726102522754257
sweep-BE-N64-M40,61,0.953125,0.055357371523136266,0.054687598028197483,0.054698436181630825
sweep-BE-N64-M40,62,0.96875,0.036979170639222285,0.03653175654282477,0.036538996516728844
sweep-BE-N64-M40,63,0.984375,0.018511883694245616,0.018287906856136269,0.018291531208779795
sweep-BE-N64-M40,64,1,0,0,0
sweep-BE-N64-M80,0,0,0,0,0
sweep-BE-N64-M80,1,0.015625,0.018402273507349062,0.018287906856136286,0.018291531208779813
sweep-BE-N64-M80,2,0.03125,0.036760214325970132,0.036531756542824687,0.036538996516728761
sweep-BE-N64-M80,3,0.046875,0.055029596568465441,0.054687598028197462,0.054698436181630804
sweep-BE-N64-M80,4,0.0625,0.073166407692803928,0.072711692299852443,0.072726102522754119
sweep-BE-N64-M80,5,0.078125,0.091126954532390031,0.090560617735965035,0.090578565312845888
sweep-BE-N64-M80,6,0.09375,0.1088679685567291,0.10819137471177839,0.1082128164053537
sweep-BE-N64-M80,7,0.109375,0.12634671010910717,0.12556148918946589,0.12558637334481776
sweep-BE-N64-M80,8,0.125,0.14352107137016762,0.14262911504180839,0.14265738171082701
sweep-BE-N64-M80,9,0.140625,0.16034967779933615,0.15935313486318017,0.15938471594898396
sweep-BE-N64-M80,10,0.15625,0.17679198780971314,0.17569325902498042,0.17572807844596752
sweep-BE-N64-M80,11,0.171875,0.19280839043630726,0.1916101227368775,0.19164809661001292
sweep-BE-N64-M80,12,0.1875,0.20836030076231984,0.20706538088003687,0.20710641772293412
sweep-BE-N64-M80,13,0.203125,0.22341025287358909,0.22202180038387093,0.22206580133518106
sweep-BE-N64-M80,14,0.21875,0.23792199011725879,0.23644334992376725,0.23649020898134454
sweep-BE-N64-M80,15,0.234375,0.25186055244723105,0.25029528672370571,0.25034489099997609
sweep-BE-N64-M80,16,0.25,0.26519236064597895,0.26354424025464895,0.26359647024856603
sweep-BE-N64-M80,17,0.265625,0.27788529721982325,0.27615829262706959,0.27621302251200325
sweep-BE-N64-M80,18,0.28125,0.28990878377278767,0.288107055483942,0.28816415341080565
sweep-BE-N64-M80,19,0.296875,0.30123385467263297,0.29936174320895587,0.29942107162384252
sweep-BE-N64-M80,20,0.3125,0.31183322683160242,0.30989524227358756,0.3099566582491492
sweep-BE-N64-M80,21,0.328125,0.32168136543376963,0.31968217655596476,0.31974553213573681
sweep-BE-N64-M80,22,0.34375,0.33075454545064709,0.32869896847416691,0.32876411102900849
sweep-BE-N64-M80,23,0.359375,0.33903090879685732,0.33692389578668558,0.33699066838247621
sweep-BE-N64-M80,24,0.375,0.34649051698817551,0.34433714392320625,0.34440538569891405
sweep-BE-N64-M80,25,0.390625,0.35311539917508422,0.35092085371964421,0.35099040027485423
sweep-BE-N64-M80,26,0.40625,0.35888959543612409,0.35665916444243495,0.3567298482334042
sweep-BE-N64-M80,27,0.421875,0.36379919522674242,0.36153825199843054,0.36160990274171539
sweep-BE-N64-M80,28,0.4375,0.36783237089101345,0.36554636223835113,0.36561880732103513
sweep-BE-N64-M80,29,0.453125,0.37097940615549752,0.36867383927355973,0.36874690416909323
sweep-BE-N64-M80,30,0.46875,0.37323271953659465,0.37091314873794384,0.37098665742659376
sweep-BE-N64-M80,31,0.484375,0.37458688260500289,0.37225889593886341,0.37233267133176023
sweep-BE-N64-M80,32,0.5,0.37503863306327984,0.37270783885343794,0.37278170321919818
sweep-BE-N64-M80,33,0.515625,0.37458688260500278,0.37225889593886341,0.37233267133176023
sweep-BE-N64-M80,34,0.53125,0.37323271953659432,0.37091314873794384,0.37098665742659376
sweep-BE-N64-M80,35,0.546875,0.37097940615549707,0.36867383927355973,0.36874690416909323
sweep-BE-N64-M80,36,0.5625,0.36783237089101295,0.36554636223835113,0.36561880732103513
sweep-BE-N64-M80,37,0.578125,0.36379919522674181,0.36153825199843054,0.36160990274171539
sweep-BE-N64-M80,38,0.59375,0.35888959543612331,0.35665916444243495,0.3567298482334042
sweep-BE-N64-M80,39,0.609375,0.35311539917508322,0.35092085371964421,0.35099040027485423
sweep-BE-N64-M80,40,0.625,0.34649051698817435,0.34433714392320625,0.34440538569891405
sweep-BE-N64-M80,41,0.640625,0.33903090879685599,0.33692389578668563,0.33699066838247627
sweep-BE-N64-M80,42,0.65625,0.3307545454506457,0.32869896847416696,0.32876411102900854
sweep-BE-N64-M80,43,0.671875,0.32168136543376813,0.31968217655596476,0.31974553213573681
sweep-BE-N64-M80,44,0.6875,0.31183322683160075,0.30989524227358761,0.30995665824914925
sweep-BE-N64-M80,45,0.703125,0.3012338546726312,0.29936174320895592,0.29942107162384257
sweep-BE-N64-M80,46,0.71875,0.28990878377278584,0.28810705548394205,0.2881641534108057
sweep-BE-N64-M80,47,0.734375,0.27788529721982147,0.27615829262706953,0.27621302251200325
sweep-BE-N64-M80,48,0.75,0.26519236064597712,0.26354424025464895,0.26359647024856608
sweep-BE-N64-M80,49,0.765625,0.25186055244722927,0.25029528672370582,0.2503448909999762
sweep-BE-N64-M80,50,0.78125,0.23792199011725712,0.23644334992376725,0.23649020898134454
sweep-BE-N64-M80,51,0.796875,0.2234102528735874,0.22202180038387095,0.22206580133518111
sweep-BE-N64-M80,52,0.8125,0.20836030076231823,0.20706538088003687,0.20710641772293412
sweep-BE-N64-M80,53,0.828125,0.19280839043630571,0.19161012273687753,0.19164809661001295
sweep-BE-N64-M80,54,0.84375,0.1767919878097117,0.17569325902498051,0.17572807844596761
sweep-BE-N64-M80,55,0.859375,0.16034967779933484,0.15935313486318015,0.15938471594898396
sweep-BE-N64-M80,56,0.875,0.14352107137016637,0.14262911504180845,0.14265738171082704
sweep-BE-N64-M80,57,0.890625,0.12634671010910606,0.125561489189466,0.12558637334481787
sweep-BE-N64-M80,58,0.90625,0.10886796855672815,0.10819137471177841,0.10821281640535373
sweep-BE-N64-M80,59,0.921875,0.091126954532389254,0.090560617735965104,0.090578565312845971
sweep-BE-N64-M80,60,0.9375,0.073166407692803304,0.072711692299852582,0.072726102522754257
sweep-BE-N64-M80,61,0.953125,0.055029596568464963,0.054687598028197483,0.054698436181630825
sweep-BE-N64-M80,62,0.96875,0.036760214325969813,0.03653175654282477,0.036538996516728844
sweep-BE-N64-M80,63,0.984375,0.018402273507348903,0.018287906856136269,0.018291531208779795
sweep-BE-N64-M80,64,1,0,0,0
sweep-BE-N64-M160,0,0,0,0,0
sweep-BE-N64-M160,1,0.015625,0.018347045183943957,0.018287906856136286,0.018291531208779813
sweep-BE-N64-M160,2,0.03125,0.036649890729028432,0.036531756542824687,0.036538996516728761
sweep-BE-N64-M160,3,0.046875,0.054864443477195386,0.054687598028197462,0.054698436181630804
sweep-BE-N64-M160,4,0.0625,0.072946822975468076,0.072711692299852443,0.072726102522754119
sweep-BE-N64-M160,5,0.078125,0.090853467187805806,0.090560617735965035,0.090578565312845888
sweep-BE-N64-M160,6,0.09375,0.10854123743986423,0.10819137471177839,0.1082128164053537
sweep-BE-N64-M160,7,0.109375,0.12596752234384043,0.12556148918946589,0.12558637334481776
sweep-BE-N64-M160,8,0.125,0.14309034045303848,0.14262911504180839,0.14265738171082701
sweep-BE-N64-M160,9,0.140625,0.15986844139885159,0.15935313486318017,0.15938471594898396
sweep-BE-N64-M160,10,0.15625,0.17626140526651321,0.17569325902498042,0.17572807844596752
sweep-BE-N64-M160,11,0.171875,0.19222973997021209,0.1916101227368775,0.19164809661001292
sweep-BE-N64-M160,12,0.1875,0.20773497639298602,0.20706538088003687,0.20710641772293412
sweep-BE-N64-M160,13,0.203125,0.22273976106219429,0.22202180038387093,0.22206580133518106
sweep-BE-N64-M160,14,0.21875,0.23720794613730484,0.23644334992376725,0.23649020898134454
sweep-BE-N64-M160,15,0.234375,0.25110467649320845,0.25029528672370571,0.25034489099997609
sweep-BE-N64-M160,16,0.25,0.26439647368926783,0.26354424025464895,0.26359647024856603
sweep-BE-N64-M160,17,0.265625,0.27705131662181376,0.27615829262706959,0.27621302251200325
sweep-BE-N64-M160,18,0.28125,0.28903871866578851,0.288107055483942,0.28816415341080565
sweep-BE-N64-M160,19,0.296875,0.30032980111969559,0.29936174320895587,0.29942107162384252
sweep-BE-N64-M160,20,0.3125,0.31089736277692159,0.30989524227358756,0.3099566582491492
sweep-BE-N64-M160,21,0.328125,0.32071594545582521,0.31968217655596476,0.31974553213573681
sweep-BE-N64-M160,22,0.34375,0.32976189533072664,0.32869896847416691,0.32876411102900849
sweep-BE-N64-M160,23,0.359375,0.33801341991604561,0.33692389578668558,0.33699066838247621
sweep-BE-N64-M160,24,0.375,0.34545064056630786,0.34433714392320625,0.34440538569891405
sweep-BE-N64-M160,25,0.390625,0.35205564036554349,0.35092085371964421,0.35099040027485423
sweep-BE-N64-M160,26,0.40625,0.35781250729070618,0.35665916444243495,0.3567298482334042
sweep-BE-N64-M160,27,0.421875,0.36270737254513136,0.36153825199843054,0.36160990274171539
sweep-BE-N64-M160,28,0.4375,0.36672844396968146,0.36554636223835113,0.36561880732103513
sweep-BE-N64-M160,29,0.453125,0.36986603445109062,0.36867383927355973,0.36874690416909323
sweep-BE-N64-M160,30,0.46875,0.37211258525906865,0.37091314873794384,0.37098665742659376
sweep-BE-N64-M160,31,0.484375,0.37346268425594448,0.37225889593886341,0.37233267133176023
sweep-BE-N64-M160,32,0.5,0.37391307893497999,0.37270783885343794,0.37278170321919818
sweep-BE-N64-M160,33,0.515625,0.37346268425594353,0.37225889593886341,0.37233267133176023
sweep-BE-N64-M160,34,0.53125,0.37211258525906676,0.37091314873794384,0.37098665742659376
sweep-BE-N64-M160,35,0.546875,0.36986603445108795,0.36867383927355973,0.36874690416909323
sweep-BE-N64-M160,36,0.5625,0.36672844396967802,0.36554636223835113,0.36561880732103513
sweep-BE-N64-M160,37,0.578125,0.36270737254512719,0.36153825199843054,0.36160990274171539
sweep-BE-N64-M160,38,0.59375,0.35781250729070141,0.35665916444243495,0.3567298482334042
sweep-BE-N64-M160,39,0.609375,0.35205564036553827,0.35092085371964421,0.35099040027485423
sweep-BE-N64-M160,40,0.625,0.34545064056630242,0.34433714392320625,0.34440538569891405
sweep-BE-N64-M160,41,0.640625,0.33801341991603989,0.33692389578668563,0.33699066838247627
sweep-BE-N64-M160,42,0.65625,0.3297618953307207,0.32869896847416696,0.32876411102900854
sweep-BE-N64-M160,43,0.671875,0.32071594545581911,0.31968217655596476,0.31974553213573681
sweep-BE-N64-M160,44,0.6875,0.31089736277691543,0.30989524227358761,0.30995665824914925
sweep-BE-N64-M160,45,0.703125,0.30032980111968943,0.29936174320895592,0.29942107162384257
sweep-BE-N64-M160,46,0.71875,0.28903871866578235,0.28810705548394205,0.2881641534108057
sweep-BE-N64-M160,47,0.734375,0.27705131662180771,0.27615829262706953,0.27621302251200325
sweep-BE-N64-M160,48,0.75,0.26439647368926184,0.26354424025464895,0.26359647024856608
sweep-BE-N64-M160,49,0.765625,0.25110467649320262,0.25029528672370582,0.2503448909999762
sweep-BE-N64-M160,50,0.78125,0.23720794613729917,0.23644334992376725,0.23649020898134454
sweep-BE-N64-M160,51,0.796875,0.22273976106218885,0.22202180038387095,0.22206580133518111
sweep-BE-N64-M160,52,0.8125,0.20773497639298083,0.20706538088003687,0.20710641772293412
sweep-BE-N64-M160,53,0.828125,0.19222973997020718,0.19161012273687753,0.19164809661001295
sweep-BE-N64-M160,54,0.84375,0.17626140526650866,0.17569325902498051,0.17572807844596761
sweep-BE-N64-M160,55,0.859375,0.1598684413988474,0.15935313486318015,0.15938471594898396
sweep-BE-N64-M160,56,0.875,0.1430903404530347,0.14262911504180845,0.14265738171082704
sweep-BE-N64-M160,57,0.890625,0.12596752234383704,0.125561489189466,0.12558637334481787
sweep-BE-N64-M160,58,0.90625,0.10854123743986126,0.10819137471177841,0.10821281640535373
sweep-BE-N64-M160,59,0.921875,0.09085346718780328,0.090560617735965104,0.090578565312845971
sweep-BE-N64-M160,60,0.9375,0.072946822975466036,0.072711692299852582,0.072726102522754257
sweep-BE-N64-M160,61,0.953125,0.054864443477193832,0.054687598028197483,0.054698436181630825
sweep-BE-N64-M160,62,0.96875,0.036649890729027391,0.03653175654282477,0.036538996516728844
sweep-BE-N64-M160,63,0.984375,0.018347045183943436,0.018287906856136269,0.018291531208779795
sweep-BE-N64-M160,64,1,0,0,0
sweep-BE-N64-M320,0,0,0,0,0
sweep-BE-N64-M320,1,0.015625,0.018319324068817089,0.018287906856136286,0.018291531208779813
sweep-BE-N64-M320,2,0.03125,0.036594515281369117,0.036531756542824687,0.036538996516728761
sweep-BE-N64-M320,3,0.046875,0.054781547101307337,0.054687598028197462,0.054698436181630804
sweep-BE-N64-M320,4,0.0625,0.072836605375981675,0.072711692299852443,0.072726102522754119
sweep-BE-N64-M320,5,0.078125,0.090716193888572091,0.090560617735965035,0.090578565312845888
sweep-BE-N64-M320,6,0.09375,0.10837723914428479,0.10819137471177839,0.1082128164053537
sweep-BE-N64-M320,7,0.109375,0.12577719413817387,0.12556148918946589,0.12558637334481776
sweep-BE-N64-M320,8,0.125,0.14287414085460295,0.14262911504180839,0.14265738171082701
sweep-BE-N64-M320,9,0.140625,0.15962689125141657,0.15935313486318017,0.15938471594898396
sweep-BE-N64-M320,10,0.15625,0.1759950864855411,0.17569325902498042,0.17572807844596752
sweep-BE-N64-M320,11,0.171875,0.19193929414097302,0.1916101227368775,0.19164809661001292
sweep-BE-N64-M320,12,0.1875,0.20742110322492274,0.20706538088003687,0.20710641772293412
sweep-BE-N64-M320,13,0.203125,0.22240321670326069,0.22202180038387093,0.22206580133518106
sweep-BE-N64-M320,14,0.21875,0.23684954135233935,0.23644334992376725,0.23649020898134454
sweep-BE-N64-M320,15,0.234375,0.25072527471073047,0.25029528672370571,0.25034489099997609
sweep-BE-N64-M320,16,0.25,0.26399698892140305,0.26354424025464895,0.26359647024856603
sweep-BE-N64-M320,17,0.265625,0.27663271126235861,0.27615829262706959,0.27621302251200325
sweep-BE-N64-M320,18,0.28125,0.28860200117171941,0.288107055483942,0.28816415341080565
sweep-BE-N64-M320,19,0.296875,0.29987602358170767,0.29936174320895587,0.29942107162384252
sweep-BE-N64-M320,20,0.3125,0.31042761838485011,0.30989524227358756,0.3099566582491492
sweep-BE-N64-M320,21,0.328125,0.32023136586505524,0.31968217655596476,0.31974553213573681
sweep-BE-N64-M320,22,0.34375,0.32926364793593643,0.32869896847416691,0.32876411102900849
sweep-BE-N64-M320,23,0.359375,0.3375027050388506,0.33692389578668558,0.33699066838247621
sweep-BE-N64-M320,24,0.375,0.34492868856358067,0.34433714392320625,0.34440538569891405
sweep-BE-N64-M320,25,0.390625,0.35152370866537613,0.35092085371964421,0.35099040027485423
sweep-BE-N64-M320,26,0.40625,0.35727187736315624,0.35665916444243495,0.3567298482334042
sweep-BE-N64-M320,27,0.421875,0.36215934681504802,0.36153825199843054,0.36160990274171539
sweep-BE-N64-M320,28,0.4375,0.36617434267905002,0.36554636223835113,0.36561880732103513
sweep-BE-N64-M320,29,0.453125,0.36930719247845378,0.36867383927355973,0.36874690416909323
sweep-BE-N64-M320,30,0.46875,0.37155034890368727,0.37091314873794384,0.37098665742659376
sweep-BE-N64-M320,31,0.484375,0.3728984079944449,0.37225889593886341,0.37233267133176023
sweep-BE-N64-M320,32,0.5,0.37334812215830099,0.37270783885343794,0.37278170321919818
sweep-BE-N64-M320,33,0.515625,0.37289840799444435,0.37225889593886341,0.37233267133176023
sweep-BE-N64-M320,34,0.53125,0.37155034890368616,0.37091314873794384,0.37098665742659376
sweep-BE-N64-M320,35,0.546875,0.36930719247845201,0.36867383927355973,0.36874690416909323
sweep-BE-N64-M320,36,0.5625,0.36617434267904775,0.36554636223835113,0.36561880732103513
sweep-BE-N64-M320,37,0.578125,0.36215934681504519,0.36153825199843054,0.36160990274171539
sweep-BE-N64-M320,38,0.59375,0.35727187736315286,0.35665916444243495,0.3567298482334042
sweep-BE-N64-M320,39,0.609375,0.35152370866537219,0.35092085371964421,0.35099040027485423
sweep-BE-N64-M320,40,0.625,0.34492868856357622,0.34433714392320625,0.34440538569891405
sweep-BE-N64-M320,41,0.640625,0.33750270503884572,0.33692389578668563,0.33699066838247627
sweep-BE-N64-M320,42,0.65625,0.32926364793593105,0.32869896847416696,0.32876411102900854
sweep-BE-N64-M320,43,0.671875,0.32023136586504941,0.31968217655596476,0.31974553213573681
sweep-BE-N64-M320,44,0.6875,0.3104276183848439,0.30989524227358761,0.30995665824914925
sweep-BE-N64-M320,45,0.703125,0.29987602358170123,0.29936174320895592,0.29942107162384257
sweep-BE-N64-M320,46,0.71875,0.28860200117171275,0.28810705548394205,0.2881641534108057
sweep-BE-N64-M320,47,0.734375,0.27663271126235184,0.27615829262706953,0.27621302251200325
sweep-BE-N64-M320,48,0.75,0.26399698892139617,0.26354424025464895,0.26359647024856608
sweep-BE-N64-M320,49,0.765625,0.25072527471072359,0.25029528672370582,0.2503448909999762
sweep-BE-N64-M320,50,0.78125,0.23684954135233258,0.23644334992376725,0.23649020898134454
sweep-BE-N64-M320,51,0.796875,0.22240321670325414,0.22202180038387095,0.22206580133518111
sweep-BE-N64-M320,52,0.8125,0.2074211032249165,0.20706538088003687,0.20710641772293412
sweep-BE-N64-M320,53,0.828125,0.19193929414096708,0.19161012273687753,0.19164809661001295
sweep-BE-N64-M320,54,0.84375,0.17599508648553552,0.17569325902498051,0.17572807844596761
sweep-BE-N64-M320,55,0.859375,0.15962689125141136,0.15935313486318015,0.15938471594898396
sweep-BE-N64-M320,56,0.875,0.14287414085459818,0.14262911504180845,0.14265738171082704
sweep-BE-N64-M320,57,0.890625,0.12577719413816954,0.125561489189466,0.12558637334481787
sweep-BE-N64-M320,58,0.90625,0.108377239144281,0.10819137471177841,0.10821281640535373
sweep-BE-N64-M320,59,0.921875,0.090716193888568872,0.090560617735965104,0.090578565312845971
sweep-BE-N64-M320,60,0.9375,0.072836605375979052,0.072711692299852582,0.072726102522754257
sweep-BE-N64-M320,61,0.953125,0.054781547101305346,0.054687598028197483,0.054698436181630825
sweep-BE-N64-M320,62,0.96875,0.036594515281367784,0.03653175654282477,0.036538996516728844
sweep-BE-N64-M320,63,0.984375,0.018319324068816419,0.018287906856136269,0.018291531208779795
sweep-BE-N64-M320,64,1,0,0,0
sweep-BE-N64-M640,0,0,0,0,0
sweep-BE-N64-M640,1,0.015625,0.018305436627784076,0.018287906856136286,0.018291531208779813
sweep-BE-N64-M640,2,0.03125,0.036566773855364935,0.036531756542824687,0.036538996516728761
sweep-BE-N64-M640,3,0.046875,0.054740018521857114,0.054687598028197462,0.054698436181630804
sweep-BE-N64-M640,4,0.0625,0.072781389689070788,0.072711692299852443,0.072726102522754119
sweep-BE-N64-M640,5,0.078125,0.090647424113626654,0.090560617735965035,0.090578565312845888
sweep-BE-N64-M640,6,0.09375,0.10829508095371618,0.10819137471177839,0.1082128164053537
sweep-BE-N64-M640,7,0.109375,0.12568184545825942,0.12556148918946589,0.12558637334481776
sweep-BE-N64-M640,8,0.125,0.14276583138866417,0.14262911504180839,0.14265738171082701
sweep-BE-N64-M640,9,0.140625,0.15950588192644369,0.15935313486318017,0.15938471594898396
sweep-BE-N64-M640,10,0.15625,0.17586166882359719,0.17569325902498042,0.17572807844596752
sweep-BE-N64-M640,11,0.171875,0.19179378955689172,0.1916101227368775,0.19164809661001292
sweep-BE-N64-M640,12,0.1875,0.20726386225199175,0.20706538088003687,0.20710641772293412
sweep-BE-N64-M640,13,0.203125,0.22223461814875642,0.22202180038387093,0.22206580133518106
sweep-BE-N64-M640,14,0.21875,0.2366699913849471,0.23644334992376725,0.23649020898134454
sweep-BE-N64-M640,15,0.234375,0.25053520588204853,0.25029528672370571,0.25034489099997609
sweep-BE-N64-M640,16,0.25,0.26379685912388784,0.26354424025464895,0.26359647024856603
sweep-BE-N64-M640,17,0.265625,0.27642300262622171,0.27615829262706959,0.27621302251200325
sweep-BE-N64-M640,18,0.28125,0.2883832189034336,0.288107055483942,0.28816415341080565
sweep-BE-N64-M640,19,0.296875,0.29964869474692035,0.29936174320895587,0.29942107162384252
sweep-BE-N64-M640,20,0.3125,0.31019229063863596,0.30989524227358756,0.3099566582491492
sweep-BE-N64-M640,21,0.328125,0.3199886061325673,0.31968217655596476,0.31974553213573681
sweep-BE-N64-M640,22,0.34375,0.32901404104663357,0.32869896847416691,0.32876411102900849
sweep-BE-N64-M640,23,0.359375,0.33724685231759205,0.33692389578668558,0.33699066838247621
sweep-BE-N64-M640,24,0.375,0.34466720638198206,0.34433714392320625,0.34440538569891405
sweep-BE-N64-M640,25,0.390625,0.35125722695691602,0.35092085371964421,0.35099040027485423
sweep-BE-N64-M640,26,0.40625,0.35700103810561135,0.35665916444243495,0.3567298482334042
sweep-BE-N64-M640,27,0.421875,0.36188480248391242,0.36153825199843054,0.36160990274171539
sweep-BE-N64-M640,28,0.4375,0.36589675467566463,0.36554636223835113,0.36561880732103513
sweep-BE-N64-M640,29,0.453125,0.36902722953663264,0.36867383927355973,0.36874690416909323
sweep-BE-N64-M640,30,0.46875,0.37126868547867908,0.37091314873794384,0.37098665742659376
sweep-BE-N64-M640,31,0.484375,0.37261572263811132,0.37225889593886341,0.37233267133176023
sweep-BE-N64-M640,32,0.5,0.37306509588442566,0.37270783885343794,0.37278170321919818
sweep-BE-N64-M640,33,0.515625,0.37261572263811127,0.37225889593886341,0.37233267133176023
sweep-BE-N64-M640,34,0.53125,0.37126868547867903,0.37091314873794384,0.37098665742659376
sweep-BE-N64-M640,35,0.546875,0.36902722953663242,0.36867383927355973,0.36874690416909323
sweep-BE-N64-M640,36,0.5625,0.36589675467566429,0.36554636223835113,0.36561880732103513
sweep-BE-N64-M640,37,0.578125,0.36188480248391192,0.36153825199843054,0.36160990274171539
sweep-BE-N64-M640,38,0.59375,0.35700103810561074,0.35665916444243495,0.3567298482334042
sweep-BE-N64-M640,39,0.609375,0.35125722695691525,0.35092085371964421,0.35099040027485423
sweep-BE-N64-M640,40,0.625,0.34466720638198123,0.34433714392320625,0.34440538569891405
sweep-BE-N64-M640,41,0.640625,0.33724685231759127,0.33692389578668563,0.33699066838247627
sweep-BE-N64-M640,42,0.65625,0.32901404104663273,0.32869896847416696,0.32876411102900854
sweep-BE-N64-M640,43,0.671875,0.31998860613256636,0.31968217655596476,0.31974553213573681
sweep-BE-N64-M640,44,0.6875,0.31019229063863502,0.30989524227358761,0.30995665824914925
sweep-BE-N64-M640,45,0.703125,0.2996486947469193,0.29936174320895592,0.29942107162384257
sweep-BE-N64-M640,46,0.71875,0.28838321890343244,0.28810705548394205,0.2881641534108057
sweep-BE-N64-M640,47,0.734375,0.27642300262622055,0.27615829262706953,0.27621302251200325
sweep-BE-N64-M640,48,0.75,0.26379685912388656,0.26354424025464895,0.26359647024856608
sweep-BE-N64-M640,49,0.765625,0.25053520588204725,0.25029528672370582,0.2503448909999762
sweep-BE-N64-M640,50,0.78125,0.23666999138494577,0.23644334992376725,0.23649020898134454
sweep-BE-N64-M640,51,0.796875,0.22223461814875498,0.22202180038387095,0.22206580133518111
sweep-BE-N64-M640,52,0.8125,0.20726386225199026,0.20706538088003687,0.20710641772293412
sweep-BE-N64-M640,53,0.828125,0.1917937895568903,0.19161012273687753,0.19164809661001295
sweep-BE-N64-M640,54,0.84375,0.17586166882359588,0.17569325902498051,0.17572807844596761
sweep-BE-N64-M640,55,0.859375,0.15950588192644249,0.15935313486318015,0.15938471594898396
sweep-BE-N64-M640,56,0.875,0.14276583138866308,0.14262911504180845,0.14265738171082704
sweep-BE-N64-M640,57,0.890625,0.12568184545825845,0.125561489189466,0.12558637334481787
sweep-BE-N64-M640,58,0.90625,0.10829508095371533,0.10819137471177841,0.10821281640535373
sweep-BE-N64-M640,59,0.921875,0.090647424113625946,0.090560617735965104,0.090578565312845971
sweep-BE-N64-M640,60,0.9375,0.072781389689070206,0.072711692299852582,0.072726102522754257
sweep-BE-N64-M640,61,0.953125,0.054740018521856663,0.054687598028197483,0.054698436181630825
sweep-BE-N64-M640,62,0.96875,0.036566773855364637,0.03653175654282477,0.036538996516728844
sweep-BE-N64-M640,63,0.984375,0.018305436627783927,0.018287906856136269,0.018291531208779795
sweep-BE-N64-M640,64,1,0,0,0
sweep-BE-N64-M1280,0,0,0,0,0
sweep-BE-N64-M1280,1,0.015625,0.018298486168145861,0.018287906856136286,0.018291531208779813
sweep-BE-N64-M1280,2,0.03125,0.036552889680354569,0.036531756542824687,0.036538996516728761
sweep-BE-N64-M1280,3,0.046875,0.054719234079668291,0.054687598028197462,0.054698436181630804
sweep-BE-N64-M1280,4,0.0625,0.072753755051245261,0.072711692299852443,0.072726102522754119
sweep-BE-N64-M1280,5,0.078125,0.09061300585442747,0.090560617735965035,0.090578565312845888
sweep-BE-N64-M1280,6,0.09375,0.10825396198974439,0.10819137471177839,0.1082128164053537
sweep-BE-N64-M1280,7,0.109375,0.12563412484870079,0.12556148918946589,0.12558637334481776
sweep-BE-N64-M1280,8,0.125,0.14271162409664701,0.14262911504180839,0.14265738171082701
sweep-BE-N64-M1280,9,0.140625,0.15944531854208241,0.15935313486318017,0.15938471594898396
sweep-BE-N64-M1280,10,0.15625,0.17579489524938943,0.17569325902498042,0.17572807844596752
sweep-BE-N64-M1280,11,0.171875,0.19172096665622645,0.1916101227368775,0.19164809661001292
sweep-BE-N64-M1280,12,0.1875,0.20718516546161522,0.20706538088003687,0.20710641772293412
sweep-BE-N64-M1280,13,0.203125,0.22215023705612974,0.22202180038387093,0.22206580133518106
sweep-BE-N64-M1280,14,0.21875,0.23658012927151334,0.23644334992376725,0.23649020898134454
sweep-BE-N64-M1280,15,0.234375,0.25044007923350997,0.25029528672370571,0.25034489099997609
sweep-BE-N64-M1280,16,0.25,0.26369669710867288,0.26354424025464895,0.26359647024856603
sweep-BE-N64-M1280,17,0.265625,0.2763180465433982,0.27615829262706959,0.27621302251200325
sweep-BE-N64-M1280,18,0.28125,0.28827372160139803,0.288107055483942,0.28816415341080565
sweep-BE-N64-M1280,19,0.296875,0.29953492001426418,0.29936174320895587,0.29942107162384252
sweep-BE-N64-M1280,20,0.3125,0.3100745125686557,0.30989524227358756,0.3099566582491492
sweep-BE-N64-M1280,21,0.328125,0.31986710846294963,0.31968217655596476,0.31974553213573681
sweep-BE-N64-M1280,22,0.34375,0.32888911647590663,0.32869896847416691,0.32876411102900849
sweep-BE-N64-M1280,23,0.359375,0.33711880179998882,0.33692389578668558,0.33699066838247621
sweep-BE-N64-M1280,24,0.375,0.34453633840241521,0.34433714392320625,0.34440538569891405
sweep-BE-N64-M1280,25,0.390625,0.35112385678781111,0.35092085371964421,0.35099040027485423
sweep-BE-N64-M1280,26,0.40625,0.35686548704738752,0.35665916444243495,0.3567298482334042
sweep-BE-N64-M1280,27,0.421875,0.36174739709094189,0.36153825199843054,0.36160990274171539
sweep-BE-N64-M1280,28,0.4375,0.36575782596957429,0.36554636223835113,0.36561880732103513
sweep-BE-N64-M1280,29,0.453125,0.36888711220884424,0.36867383927355973,0.36874690416909323
sweep-BE-N64-M1280,30,0.46875,0.37112771708410808,0.37091314873794384,0.37098665742659376
sweep-BE-N64-M1280,31,0.484375,0.37247424278196756,0.37225889593886341,0.37233267133176023
sweep-BE-N64-M1280,32,0.5,0.37292344540407474,0.37270783885343794,0.37278170321919818
sweep-BE-N64-M1280,33,0.515625,0.37247424278196756,0.37225889593886341,0.37233267133176023
sweep-BE-N64-M1280,34,0.53125,0.37112771708410797,0.37091314873794384,0.37098665742659376
sweep-BE-N64-M1280,35,0.546875,0.36888711220884401,0.36867383927355973,0.36874690416909323
sweep-BE-N64-M1280,36,0.5625,0.36575782596957407,0.36554636223835113,0.36561880732103513
sweep-BE-N64-M1280,37,0.578125,0.36174739709094161,0.36153825199843054,0.36160990274171539
sweep-BE-N64-M1280,38,0.59375,0.35686548704738713,0.35665916444243495,0.3567298482334042
sweep-BE-N64-M1280,39,0.609375,0.35112385678781061,0.35092085371964421,0.35099040027485423
sweep-BE-N64-M1280,40,0.625,0.34453633840241471,0.34433714392320625,0.34440538569891405
sweep-BE-N64-M1280,41,0.640625,0.33711880179998832,0.33692389578668563,0.33699066838247627
sweep-BE-N64-M1280,42,0.65625,0.32888911647590618,0.32869896847416696,0.32876411102900854
sweep-BE-N64-M1280,43,0.671875,0.3198671084629493,0.31968217655596476,0.31974553213573681
sweep-BE-N64-M1280,44,0.6875,0.31007451256865537,0.30989524227358761,0.30995665824914925
sweep-BE-N64-M1280,45,0.703125,0.29953492001426379,0.29936174320895592,0.29942107162384257
sweep-BE-N64-M1280,46,0.71875,0.28827372160139753,0.28810705548394205,0.2881641534108057
sweep-BE-N64-M1280,47,0.734375,0.2763180465433977,0.27615829262706953,0.27621302251200325
sweep-BE-N64-M1280,48,0.75,0.26369669710867233,0.26354424025464895,0.26359647024856608
sweep-BE-N64-M1280,49,0.765625,0.25044007923350942,0.25029528672370582,0.2503448909999762
sweep-BE-N64-M1280,50,0.78125,0.23658012927151278,0.23644334992376725,0.23649020898134454
sweep-BE-N64-M1280,51,0.796875,0.2221502370561291,0.22202180038387095,0.22206580133518111
sweep-BE-N64-M1280,52,0.8125,0.20718516546161456,0.20706538088003687,0.20710641772293412
sweep-BE-N64-M1280,53,0.828125,0.19172096665622579,0.19161012273687753,0.19164809661001295
sweep-BE-N64-M1280,54,0.84375,0.17579489524938879,0.17569325902498051,0.17572807844596761
sweep-BE-N64-M1280,55,0.859375,0.15944531854208177,0.15935313486318015,0.15938471594898396
sweep-BE-N64-M1280,56,0.875,0.14271162409664639,0.14262911504180845,0.14265738171082704
sweep-BE-N64-M1280,57,0.890625,0.12563412484870023,0.125561489189466,0.12558637334481787
sweep-BE-N64-M1280,58,0.90625,0.10825396198974389,0.10819137471177841,0.10821281640535373
sweep-BE-N64-M1280,59,0.921875,0.090613005854427026,0.090560617735965104,0.090578565312845971
sweep-BE-N64-M1280,60,0.9375,0.072753755051244914,0.072711692299852582,0.072726102522754257
sweep-BE-N64-M1280,61,0.953125,0.054719234079668042,0.054687598028197483,0.054698436181630825
sweep-BE-N64-M1280,62,0.96875,0.036552889680354389,0.03653175654282477,0.036538996516728844
sweep-BE-N64-M1280,63,0.984375,0.018298486168145781,0.018287906856136269,0.018291531208779795
sweep-BE-N64-M1280,64,1,0,0,0
sweep-BE-N64-M2560,0,0,0,0,0
sweep-BE-N64-M2560,1,0.015625,0.018295009251250754,0.018287906856136286,0.018291531208779813
sweep-BE-N64-M2560,2,0.03125,0.036545944222761681,0.036531756542824687,0.036538996516728761
sweep-BE-N64-M2560,3,0.046875,0.054708836813593315,0.054687598028197462,0.054698436181630804
sweep-BE-N64-M2560,4,0.0625,0.072739931024612806,0.072711692299852443,0.072726102522754119
sweep-BE-N64-M2560,5,0.078125,0.090595788370528507,0.090560617735965035,0.090578565312845888
sweep-BE-N64-M2560,6,0.09375,0.10823339252700563,0.10819137471177839,0.1082128164053537
sweep-BE-N64-M2560,7,0.109375,0.12561025296075964,0.12556148918946589,0.12558637334481776
sweep-BE-N64-M2560,8,0.125,0.14268450729297225,0.14262911504180839,0.14265738171082701
sweep-BE-N64-M2560,9,0.140625,0.15941502214942915,0.15935313486318017,0.15938471594898396
sweep-BE-N64-M2560,10,0.15625,0.1757614922544212,0.17569325902498042,0.17572807844596752
sweep-BE-N64-M2560,11,0.171875,0.19168453752968384,0.1916101227368775,0.19164809661001292
sweep-BE-N64-M2560,12,0.1875,0.20714579796445487,0.20706538088003687,0.20710641772293412
sweep-BE-N64-M2560,13,0.203125,0.22210802602810059,0.22202180038387093,0.22206580133518106
sweep-BE-N64-M2560,14,0.21875,0.23653517640267915,0.23644334992376725,0.23649020898134454
sweep-BE-N64-M2560,15,0.234375,0.25039249281926917,0.25029528672370571,0.25034489099997609
sweep-BE-N64-M2560,16,0.25,0.26364659178886546,0.26354424025464895,0.26359647024856603
sweep-BE-N64-M2560,17,0.265625,0.27626554302612832,0.27615829262706959,0.27621302251200325
sweep-BE-N64-M2560,18,0.28125,0.28821894637223749,0.288107055483942,0.28816415341080565
sweep-BE-N64-M2560,19,0.296875,0.29947800503153782,0.29936174320895587,0.29942107162384252
sweep-BE-N64-M2560,20,0.3125,0.31001559494554198,0.30989524227358756,0.3099566582491492
sweep-BE-N64-M2560,21,0.328125,0.31980633013716325,0.31968217655596476,0.31974553213573681
sweep-BE-N64-M2560,22,0.34375,0.32882662386775791,0.32869896847416691,0.32876411102900849
sweep-BE-N64-M2560,23,0.359375,0.33705474545964453,0.33692389578668558,0.33699066838247621
sweep-BE-N64-M2560,24,0.375,0.34447087264720999,0.34433714392320625,0.34440538569891405
sweep-BE-N64-M2560,25,0.390625,0.35105713933048344,0.35092085371964421,0.35099040027485423
sweep-BE-N64-M2560,26,0.40625,0.35679767861613587,0.35665916444243495,0.3567298482334042
sweep-BE-N64-M2560,27,0.421875,0.36167866104221635,0.36153825199843054,0.36160990274171539
sweep-BE-N64-M2560,28,0.4375,0.36568832789453698,0.36554636223835113,0.36561880732103513
sweep-BE-N64-M2560,29,0.453125,0.36881701953444507,0.36867383927355973,0.36874690416909323
sweep-BE-N64-M2560,30,0.46875,0.37105719866973913,0.37091314873794384,0.37098665742659376
sweep-BE-N64-M2560,31,0.484375,0.3724034685126657,0.37225889593886341,0.37233267133176023
sweep-BE-N64-M2560,32,0.5,0.37285258578125385,0.37270783885343794,0.37278170321919818
sweep-BE-N64-M2560,33,0.515625,0.37240346851266554,0.37225889593886341,0.37233267133176023
sweep-BE-N64-M2560,34,0.53125,0.3710571986697388,0.37091314873794384,0.37098665742659376
sweep-BE-N64-M2560,35,0.546875,0.36881701953444462,0.36867383927355973,0.36874690416909323
sweep-BE-N64-M2560,36,0.5625,0.36568832789453626,0.36554636223835113,0.36561880732103513
sweep-BE-N64-M2560,37,0.578125,0.36167866104221547,0.36153825199843054,0.36160990274171539
sweep-BE-N64-M2560,38,0.59375,0.35679767861613482,0.35665916444243495,0.3567298482334042
sweep-BE-N64-M2560,39,0.609375,0.35105713933048227,0.35092085371964421,0.35099040027485423
sweep-BE-N64-M2560,40,0.625,0.34447087264720871,0.34433714392320625,0.34440538569891405
sweep-BE-N64-M2560,41,0.640625,0.33705474545964303,0.33692389578668563,0.33699066838247627
sweep-BE-N64-M2560,42,0.65625,0.32882662386775624,0.32869896847416696,0.32876411102900854
sweep-BE-N64-M2560,43,0.671875,0.31980633013716131,0.31968217655596476,0.31974553213573681
sweep-BE-N64-M2560,44,0.6875,0.31001559494553987,0.30989524227358761,0.30995665824914925
sweep-BE-N64-M2560,45,0.703125,0.29947800503153554,0.29936174320895592,0.29942107162384257
sweep-BE-N64-M2560,46,0.71875,0.28821894637223505,0.28810705548394205,0.2881641534108057
sweep-BE-N64-M2560,47,0.734375,0.27626554302612566,0.27615829262706953,0.27621302251200325
sweep-BE-N64-M2560,48,0.75,0.26364659178886268,0.26354424025464895,0.26359647024856608
sweep-BE-N64-M2560,49,0.765625,0.25039249281926629,0.25029528672370582,0.2503448909999762
sweep-BE-N64-M2560,50,0.78125,0.23653517640267629,0.23644334992376725,0.23649020898134454
sweep-BE-N64-M2560,51,0.796875,0.22210802602809757,0.22202180038387095,0.22206580133518111
sweep-BE-N64-M2560,52,0.8125,0.20714579796445179,0.20706538088003687,0.20710641772293412
sweep-BE-N64-M2560,53,0.828125,0.19168453752968062,0.19161012273687753,0.19164809661001295
sweep-BE-N64-M2560,54,0.84375,0.17576149225441792,0.17569325902498051,0.17572807844596761
sweep-BE-N64-M2560,55,0.859375,0.15941502214942582,0.15935313486318015,0.15938471594898396
sweep-BE-N64-M2560,56,0.875,0.14268450729296892,0.14262911504180845,0.14265738171082704
sweep-BE-N64-M2560,57,0.890625,0.12561025296075645,0.125561489189466,0.12558637334481787
sweep-BE-N64-M2560,58,0.90625,0.10823339252700272,0.10819137471177841,0.10821281640535373
sweep-BE-N64-M2560,59,0.921875,0.090595788370525926,0.090560617735965104,0.090578565312845971
sweep-BE-N64-M2560,60,0.9375,0.072739931024610696,0.072711692299852582,0.072726102522754257
sweep-BE-N64-M2560,61,0.953125,0.054708836813591691,0.054687598028197483,0.054698436181630825
sweep-BE-N64-M2560,62,0.96875,0.036545944222760592,0.03653175654282477,0.036538996516728844
sweep-BE-N64-M2560,63,0.984375,0.018295009251250202,0.018287906856136269,0.018291531208779795
sweep-BE-N64-M2560,64,1,0,0,0
sweep-BE-N96-M10,0,0,0,0,0
sweep-BE-N96-M10,1,0.010416666666666666,0.012766161327939634,0.012194658647770831,0.012195732758486582
sweep-BE-N96-M10,2,0.020833333333333332,0.025518652330571837,0.024376258949618736,0.024378406020865582
sweep-BE-N96-M10,3,0.03125,0.038243817321115925,0.036531756542824687,0.036534974275464954
sweep-BE-N96-M10,4,0.041666666666666664,0.050928029874169389,0.048648135016103849,0.048652419964508829
sweep-BE-N96-M10,5,0.052083333333333336,0.063557707417225537,0.060712419847904868,0.060717767423644486
sweep-BE-N96-M10,6,0.0625,0.076119325775232338,0.072711692299852443,0.072718096776608662
sweep-BE-N96-M10,7,0.072916666666666671,0.088599433652617798,0.08463310325045606,0.084640557770154737
sweep-BE-N96-M10,8,0.083333333333333329,0.10098466703727421,0.09646388695427098,0.096472383534425735
sweep-BE-N96-M10,9,0.09375,0.11326176351107706,0.10819137471177839,0.10820090425403835
sweep-BE-N96-M10,10,0.10416666666666667,0.12541757645161442,0.11980300843534601,0.11981356073523865
sweep-BE-N96-M10,11,0.11458333333333333,0.13743908910991964,0.13128635409674289,0.13129791785460115
sweep-BE-N96-M10,12,0.125,0.14931342854913215,0.14262911504180839,0.14264167787487075
sweep-BE-N96-M10,13,0.13541666666666666,0.16102787942916069,0.15381914515801737,0.15383269361368751
sweep-BE-N96-M10,14,0.14583333333333334,0.17256989762258793,0.16484446188084165,0.1648589814510939
sweep-BE-N96-M10,15,0.15625,0.18392712364723629,0.1756932590249804,0.17570873416189525
sweep-BE-N96-M10,16,0.16666666666666666,0.19508739590101112,0.18635391942671894,0.18637033355913216
sweep-BE-N96-M10,17,0.17708333333333334,0.20603876368484877,0.19681502738387868,0.19683236293512615
sweep-BE-N96-M10,18,0.1875,0.21676949999982437,0.20706538088003687,0.2070836192867761
sweep-BE-N96-M10,19,0.19791666666666666,0.22726811410471623,0.21709400357992648,0.21711312531201474
sweep-BE-N96-M10,20,0.20833333333333334,0.23752336382057926,0.22689015658317085,0.22691014116457847
sweep-BE-N96-M10,21,0.21875,0.24752426756915163,0.23644334992376725,0.23646417595450386
sweep-BE-N96-M10,22,0.22916666666666666,0.25726011613220418,0.24574335380300516,0.24576499898203544
sweep-BE-N96-M10,23,0.23958333333333334,0.26672048411923904,0.25478020954379099,0.25480265069291508
sweep-BE-N96-M10,24,0.25,0.27589524113125941,0.26354424025464895,0.26356745334332227
sweep-BE-N96-M10,25,0.26041666666666669,0.28477456260865419,0.27202606119197886,0.27205002136304468
sweep-BE-N96-M10,26,0.27083333333333331,0.2933489403515826,0.2802165898094745,0.28024127140578148
sweep-BE-N96-M10,27,0.28125,0.30160919270159281,0.288107055483942,0.28813243207581857
sweep-BE-N96-M10,28,0.29166666666666669,0.30954647437357163,0.29568900890710237,0.29571505332065839
sweep-BE-N96-M10,29,0.30208333333333331,0.31715228592749756,0.30295433113332304,0.30298101547954809
sweep-BE-N96-M10,30,0.3125,0.32441848286985381,0.3098952422735875,0.30992253797821528
sweep-BE-N96-M10,31,0.32291666666666669,0.33133728437495602,0.3165043098263961,0.31653218766050245
sweep-BE-N96-M10,32,0.33333333333333331,0.33790128161685551,0.32277445663667409,0.32280288674797591
sweep-BE-N96-M10,33,0.34375,0.34410344570289542,0.32869896847416696,0.32872792041898902
sweep-BE-N96-M10,34,0.35416666666666669,0.3499371352004253,0.33427150122320631,0.33430094399908095
sweep-BE-N96-M10,35,0.36458333333333331,0.35539610324861304,0.33948608767614769,0.33951598975501301
sweep-BE-N96-M10,36,0.375,0.36047450424774052,0.34433714392320625,0.34436747328516726
sweep-BE-N96-M10,37,0.38541666666666669,0.36516690011881775,0.34881947533184682,0.34885019949946305
sweep-BE-N96-M10,38,0.39583333333333331,0.36946826612681422,0.35292828210932692,0.3529593681823901
sweep-BE-N96-M10,39,0.40625,0.37337399626127116,0.3566591644424349,0.3566905791331994
sweep-BE-N96-M10,40,0.41666666666666669,0.37687990816853278,0.36000812720891995,0.36003983687774804
sweep-BE-N96-M10,41,0.42708333333333331,0.37998224763031524,0.36297158425556941,0.36300355494695347
sweep-BE-N96-M10,42,0.4375,0.38267769258381773,0.36554636223835113,0.3655785597172741
sweep-BE-N96-M10,43,0.44791666666666669,0.3849633566790705,0.36772970402051014,0.36776209380910502
sweep-BE-N96-M10,44,0.45833333333333331,0.38683679236971058,0.36951927162497922,0.36955181903944923
sweep-BE-N96-M10,45,0.46875,0.38829599353387612,0.37091314873794384,0.37094581892570228
sweep-BE-N96-M10,46,0.47916666666666669,0.38933939762241149,0.37190984276087852,0.37194260073787
sweep-BE-N96-M10,47,0.48958333333333331,0.38996588733208432,0.37250828640885914,0.37254109709702143
sweep-BE-N96-M10,48,0.5,0.39017479180202153,0.37270783885343794,0.37274066711826437
sweep-BE-N96-M10,49,0.51041666666666663,0.38996588733208432,0.37250828640885914,0.37254109709702143
sweep-BE-N96-M10,50,0.52083333333333337,0.38933939762241154,0.37190984276087852,0.37194260073787
sweep-BE-N96-M10,51,0.53125,0.38829599353387617,0.37091314873794384,0.37094581892570228
sweep-BE-N96-M10,52,0.54166666666666663,0.38683679236971064,0.36951927162497922,0.36955181903944923
sweep-BE-N96-M10,53,0.55208333333333337,0.38496335667907056,0.36772970402051014,0.36776209380910502
sweep-BE-N96-M10,54,0.5625,0.38267769258381779,0.36554636223835113,0.3655785597172741
sweep-BE-N96-M10,55,0.57291666666666663,0.3799822476303153,0.36297158425556941,0.36300355494695347
sweep-BE-N96-M10,56,0.58333333333333337,0.37687990816853278,0.36000812720891995,0.36003983687774804
sweep-BE-N96-M10,57,0.59375,0.3733739962612711,0.35665916444243495,0.35669057913319946
sweep-BE-N96-M10,58,0.60416666666666663,0.36946826612681405,0.35292828210932697,0.35295936818239015
sweep-BE-N96-M10,59,0.61458333333333337,0.36516690011881742,0.34881947533184687,0.34885019949946305
sweep-BE-N96-M10,60,0.625,0.36047450424774008,0.3443371439232063,0.34436747328516726
sweep-BE-N96-M10,61,0.63541666666666663,0.35539610324861254,0.33948608767614774,0.33951598975501307
sweep-BE-N96-M10,62,0.64583333333333337,0.34993713520042463,0.33427150122320631,0.33430094399908095
sweep-BE-N96-M10,63,0.65625,0.34410344570289464,0.32869896847416696,0.32872792041898902
sweep-BE-N96-M10,64,0.66666666666666663,0.33790128161685457,0.32277445663667409,0.32280288674797597
sweep-BE-N96-M10,65,0.67708333333333337,0.33133728437495497,0.3165043098263961,0.31653218766050245
sweep-BE-N96-M10,66,0.6875,0.32441848286985264,0.3098952422735875,0.30992253797821528
sweep-BE-N96-M10,67,0.69791666666666663,0.31715228592749634,0.30295433113332304,0.30298101547954809
sweep-BE-N96-M10,68,0.70833333333333337,0.30954647437357036,0.29568900890710237,0.29571505332065839
sweep-BE-N96-M10,69,0.71875,0.30160919270159142,0.28810705548394205,0.28813243207581862
sweep-BE-N96-M10,70,0.72916666666666663,0.29334894035158116,0.2802165898094745,0.28024127140578148
sweep-BE-N96-M10,71,0.73958333333333337,0.28477456260865269,0.27202606119197881,0.27205002136304463
sweep-BE-N96-M10,72,0.75,0.27589524113125791,0.26354424025464895,0.26356745334332232
sweep-BE-N96-M10,73,0.76041666666666663,0.2667204841192376,0.2547802095437911,0.25480265069291519
sweep-BE-N96-M10,74,0.77083333333333337,0.25726011613220279,0.24574335380300519,0.24576499898203549
sweep-BE-N96-M10,75,0.78125,0.2475242675691503,0.23644334992376725,0.23646417595450386
sweep-BE-N96-M10,76,0.79166666666666663,0.23752336382057795,0.22689015658317094,0.22691014116457855
sweep-BE-N96-M10,77,0.80208333333333337,0.22726811410471498,0.21709400357992648,0.21711312531201474
sweep-BE-N96-M10,78,0.8125,0.2167694999998232,0.20706538088003698,0.20708361928677624
sweep-BE-N96-M10,79,0.82291666666666663,0.20603876368484766,0.19681502738387874,0.19683236293512621
sweep-BE-N96-M10,80,0.83333333333333337,0.19508739590101015,0.18635391942671894,0.18637033355913216
sweep-BE-N96-M10,81,0.84375,0.18392712364723543,0.17569325902498051,0.17570873416189534
sweep-BE-N96-M10,82,0.85416666666666663,0.17256989762258715,0.16484446188084181,0.16485898145109407
sweep-BE-N96-M10,83,0.86458333333333337,0.16102787942916,0.15381914515801731,0.15383269361368745
sweep-BE-N96-M10,84,0.875,0.14931342854913149,0.14262911504180845,0.14264167787487081
sweep-BE-N96-M10,85,0.88541666666666663,0.13743908910991903,0.13128635409674286,0.13129791785460115
sweep-BE-N96-M10,86,0.89583333333333337,0.12541757645161389,0.11980300843534607,0.1198135607352387
sweep-BE-N96-M10,87,0.90625,0.11326176351107661,0.10819137471177856,0.10820090425403851
sweep-BE-N96-M10,88,0.91666666666666663,0.10098466703727382,0.096463886954271091,0.096472383534425832
sweep-BE-N96-M10,89,0.92708333333333337,0.088599433652617438,0.084633103250456088,0.084640557770154778
sweep-BE-N96-M10,90,0.9375,0.076119325775232005,0.072711692299852415,0.072718096776608634
sweep-BE-N96-M10,91,0.94791666666666663,0.063557707417225259,0.06071241984790493,0.060717767423644549
sweep-BE-N96-M10,92,0.95833333333333337,0.05092802987416916,0.048648135016104002,0.048652419964508989
sweep-BE-N96-M10,93,0.96875,0.038243817321115751,0.03653175654282477,0.036534974275465038
sweep-BE-N96-M10,94,0.97916666666666663,0.025518652330571722,0.024376258949618756,0.024378406020865603
sweep-BE-N96-M10,95,0.98958333333333337,0.012766161327939576,0.01219465864777078,0.012195732758486531
sweep-BE-N96-M10,96,1,0,0,0
sweep-BE-N96-M20,0,0,0,0,0
sweep-BE-N96-M20,1,0.010416666666666666,0.012486669274222831,0.012194658647770831,0.012195732758486582
sweep-BE-N96-M20,2,0.020833333333333332,0.024959967510229865,0.024376258949618736,0.024378406020865582
sweep-BE-N96-M20,3,0.03125,0.037406537987847932,0.036531756542824687,0.036534974275464954
sweep-BE-N96-M20,4,0.041666666666666664,0.049813052607656998,0.048648135016103849,0.048652419964508829
sweep-BE-N96-M20,5,0.052083333333333336,0.062166226163052868,0.060712419847904868,0.060717767423644486
sweep-BE-N96-M20,6,0.0625,0.074452830566379177,0.072711692299852443,0.072718096776608662
sweep-BE-N96-M20,7,0.072916666666666671,0.086659709013894956,0.08463310325045606,0.084640557770154737
sweep-BE-N96-M20,8,0.083333333333333329,0.098773790074409645,0.09646388695427098,0.096472383534425735
sweep-BE-N96-M20,9,0.09375,0.11078210168649899,0.10819137471177839,0.10820090425403835
sweep-BE-N96-M20,10,0.10416666666666667,0.12267178504931335,0.11980300843534601,0.11981356073523865
sweep-BE-N96-M20,11,0.11458333333333333,0.13443010839210376,0.13128635409674289,0.13129791785460115
sweep-BE-N96-M20,12,0.125,0.14604448060772085,0.14262911504180839,0.14264167787487075
sweep-BE-N96-M20,13,0.13541666666666666,0.15750246473548785,0.15381914515801737,0.15383269361368751
sweep-BE-N96-M20,14,0.14583333333333334,0.16879179127900951,0.16484446188084165,0.1648589814510939
sweep-BE-N96-M20,15,0.15625,0.17990037134465628,0.1756932590249804,0.17570873416189525
sweep-BE-N96-M20,16,0.16666666666666666,0.19081630958665424,0.18635391942671894,0.18637033355913216
sweep-BE-N96-M20,17,0.17708333333333334,0.20152791694491948,0.19681502738387868,0.19683236293512615
sweep-BE-N96-M20,18,0.1875,0.21202372316199614,0.20706538088003687,0.2070836192867761
sweep-BE-N96-M20,19,0.19791666666666666,0.22229248906569579,0.21709400357992648,0.21711312531201474
sweep-BE-N96-M20,20,0.20833333333333334,0.2323232186042842,0.22689015658317085,0.22691014116457847
sweep-BE-N96-M20,21,0.21875,0.24210517062132908,0.23644334992376725,0.23646417595450386
sweep-BE-N96-M20,22,0.22916666666666666,0.25162787035759943,0.24574335380300516,0.24576499898203544
sweep-BE-N96-M20,23,0.23958333333333334,0.26088112066769992,0.25478020954379099,0.25480265069291508
sweep-BE-N96-M20,24,0.25,0.26985501293942987,0.26354424025464895,0.26356745334332227
sweep-BE-N96-M20,25,0.26041666666666669,0.27853993770417329,0.27202606119197886,0.27205002136304468
sweep-BE-N96-M20,26,0.27083333333333331,0.28692659492695843,0.2802165898094745,0.28024127140578148
sweep-BE-N96-M20,27,0.28125,0.29500600396516824,0.288107055483942,0.28813243207581857
sweep-BE-N96-M20,28,0.29166666666666669,0.30276951318523748,0.29568900890710237,0.29571505332065839
sweep-BE-N96-M20,29,0.30208333333333331,0.31020880922703864,0.30295433113332304,0.30298101547954809
sweep-BE-N96-M20,30,0.3125,0.31731592590603608,0.3098952422735875,0.30992253797821528
sweep-BE-N96-M20,31,0.32291666666666669,0.32408325274367605,0.3165043098263961,0.31653218766050245
sweep-BE-N96-M20,32,0.33333333333333331,0.33050354311687774,0.32277445663667409,0.32280288674797591
sweep-BE-N96-M20,33,0.34375,0.33656992201789887,0.32869896847416696,0.32872792041898902
sweep-BE-N96-M20,34,0.35416666666666669,0.34227589341626596,0.33427150122320631,0.33430094399908095
sweep-BE-N96-M20,35,0.36458333333333331,0.34761534721488674,0.33948608767614769,0.33951598975501301
sweep-BE-N96-M20,36,0.375,0.35258256579289471,0.34433714392320625,0.34436747328516726
sweep-BE-N96-M20,37,0.38541666666666669,0.35717223012822141,0.34881947533184682,0.34885019949946305
sweep-BE-N96-M20,38,0.39583333333333331,0.36137942549333801,0.35292828210932692,0.3529593681823901
sweep-BE-N96-M20,39,0.40625,0.36519964671806882,0.3566591644424349,0.3566905791331994
sweep-BE-N96-M20,40,0.41666666666666669,0.36862880301384016,0.36000812720891995,0.36003983687774804
sweep-BE-N96-M20,41,0.42708333333333331,0.37166322235419963,0.36297158425556941,0.36300355494695347
sweep-BE-N96-M20,42,0.4375,0.37429965540691357,0.36554636223835113,0.3655785597172741
sweep-BE-N96-M20,43,0.44791666666666669,0.37653527901343364,0.36772970402051014,0.36776209380910502
sweep-BE-N96-M20,44,0.45833333333333331,0.37836769921200591,0.36951927162497922,0.36955181903944923
sweep-BE-N96-M20,45,0.46875,0.3797949538011845,0.37091314873794384,0.37094581892570228
sweep-BE-N96-M20,46,0.47916666666666669,0.38081551444100653,0.37190984276087852,0.37194260073787
sweep-BE-N96-M20,47,0.48958333333333331,0.3814282882895767,0.37250828640885914,0.37254109709702143
sweep-BE-N96-M20,48,0.5,0.38163261917330954,0.37270783885343794,0.37274066711826437
sweep-BE-N96-M20,49,0.51041666666666663,0.38142828828957681,0.37250828640885914,0.37254109709702143
sweep-BE-N96-M20,50,0.52083333333333337,0.38081551444100681,0.37190984276087852,0.37194260073787
sweep-BE-N96-M20,51,0.53125,0.37979495380118483,0.37091314873794384,0.37094581892570228
sweep-BE-N96-M20,52,0.54166666666666663,0.37836769921200636,0.36951927162497922,0.36955181903944923
sweep-BE-N96-M20,53,0.55208333333333337,0.37653527901343414,0.36772970402051014,0.36776209380910502
sweep-BE-N96-M20,54,0.5625,0.37429965540691412,0.36554636223835113,0.3655785597172741
sweep-BE-N96-M20,55,0.57291666666666663,0.3716632223542003,0.36297158425556941,0.36300355494695347
sweep-BE-N96-M20,56,0.58333333333333337,0.36862880301384099,0.36000812720891995,0.36003983687774804
sweep-BE-N96-M20,57,0.59375,0.3651996467180697,0.35665916444243495,0.35669057913319946
sweep-BE-N96-M20,58,0.60416666666666663,0.36137942549333907,0.35292828210932697,0.35295936818239015
sweep-BE-N96-M20,59,0.61458333333333337,0.35717223012822258,0.34881947533184687,0.34885019949946305
sweep-BE-N96-M20,60,0.625,0.35258256579289599,0.3443371439232063,0.34436747328516726
sweep-BE-N96-M20,61,0.63541666666666663,0.34761534721488813,0.33948608767614774,0.33951598975501307
sweep-BE-N96-M20,62,0.64583333333333337,0.34227589341626746,0.33427150122320631,0.33430094399908095
sweep-BE-N96-M20,63,0.65625,0.33656992201790042,0.32869896847416696,0.32872792041898902
sweep-BE-N96-M20,64,0.66666666666666663,0.33050354311687935,0.32277445663667409,0.32280288674797597
sweep-BE-N96-M20,65,0.67708333333333337,0.32408325274367761,0.3165043098263961,0.31653218766050245
sweep-BE-N96-M20,66,0.6875,0.31731592590603769,0.3098952422735875,0.30992253797821528
sweep-BE-N96-M20,67,0.69791666666666663,0.31020880922704025,0.30295433113332304,0.30298101547954809
sweep-BE-N96-M20,68,0.70833333333333337,0.30276951318523909,0.29568900890710237,0.29571505332065839
sweep-BE-N96-M20,69,0.71875,0.29500600396516985,0.28810705548394205,0.28813243207581862
sweep-BE-N96-M20,70,0.72916666666666663,0.28692659492695999,0.2802165898094745,0.28024127140578148
sweep-BE-N96-M20,71,0.73958333333333337,0.27853993770417484,0.27202606119197881,0.27205002136304463
sweep-BE-N96-M20,72,0.75,0.26985501293943143,0.26354424025464895,0.26356745334332232
sweep-BE-N96-M20,73,0.76041666666666663,0.26088112066770142,0.2547802095437911,0.25480265069291519
sweep-BE-N96-M20,74,0.77083333333333337,0.25162787035760092,0.24574335380300519,0.24576499898203549
sweep-BE-N96-M20,75,0.78125,0.24210517062133063,0.23644334992376725,0.23646417595450386
sweep-BE-N96-M20,76,0.79166666666666663,0.23232321860428576,0.22689015658317094,0.22691014116457855
sweep-BE-N96-M20,77,0.80208333333333337,0.22229248906569732,0.21709400357992648,0.21711312531201474
sweep-BE-N96-M20,78,0.8125,0.21202372316199761,0.20706538088003698,0.20708361928677624
sweep-BE-N96-M20,79,0.82291666666666663,0.20152791694492087,0.19681502738387874,0.19683236293512621
sweep-BE-N96-M20,80,0.83333333333333337,0.1908163095866556,0.18635391942671894,0.18637033355913216
sweep-BE-N96-M20,81,0.84375,0.17990037134465756,0.17569325902498051,0.17570873416189534
sweep-BE-N96-M20,82,0.85416666666666663,0.16879179127901067,0.16484446188084181,0.16485898145109407
sweep-BE-N96-M20,83,0.86458333333333337,0.15750246473548887,0.15381914515801731,0.15383269361368745
sweep-BE-N96-M20,84,0.875,0.14604448060772179,0.14262911504180845,0.14264167787487081
sweep-BE-N96-M20,85,0.88541666666666663,0.13443010839210462,0.13128635409674286,0.13129791785460115
sweep-BE-N96-M20,86,0.89583333333333337,0.12267178504931414,0.11980300843534607,0.1198135607352387
sweep-BE-N96-M20,87,0.90625,0.1107821016864997,0.10819137471177856,0.10820090425403851
sweep-BE-N96-M20,88,0.91666666666666663,0.098773790074410298,0.096463886954271091,0.096472383534425832
sweep-BE-N96-M20,89,0.92708333333333337,0.086659709013895553,0.084633103250456088,0.084640557770154778
sweep-BE-N96-M20,90,0.9375,0.074452830566379705,0.072711692299852415,0.072718096776608634
sweep-BE-N96-M20,91,0.94791666666666663,0.062166226163053312,0.06071241984790493,0.060717767423644549
sweep-BE-N96-M20,92,0.95833333333333337,0.049813052607657345,0.048648135016104002,0.048652419964508989
sweep-BE-N96-M20,93,0.96875,0.037406537987848189,0.03653175654282477,0.036534974275465038
sweep-BE-N96-M20,94,0.97916666666666663,0.024959967510230038,0.024376258949618756,0.024378406020865603
sweep-BE-N96-M20,95,0.98958333333333337,0.012486669274222919,0.01219465864777078,0.012195732758486531
sweep-BE-N96-M20,96,1,0,0,0
sweep-BE-N96-M40,0,0,0,0,0
sweep-BE-N96-M40,1,0.010416666666666666,0.012342683737521534,0.012194658647770831,0.012195732758486582
sweep-BE-N96-M40,2,0.020833333333333332,0.02467215062014641,0.024376258949618736,0.024378406020865582
sweep-BE-N96-M40,3,0.03125,0.036975197945917249,0.036531756542824687,0.036534974275464954
sweep-BE-N96-M40,4,0.041666666666666664,0.049238651303599876,0.048648135016103849,0.048652419964508829
sweep-BE-N96-M40,5,0.052083333333333336,0.061449378680172882,0.060712419847904868,0.060717767423644486
sweep-BE-N96-M40,6,0.0625,0.073594304522916057,0.072711692299852443,0.072718096776608662
sweep-BE-N96-M40,7,0.072916666666666671,0.085660423741039771,0.08463310325045606,0.084640557770154737
sweep-BE-N96-M40,8,0.083333333333333329,0.097634815631861924,0.09646388695427098,0.096472383534425735
sweep-BE-N96-M40,9,0.09375,0.10950465771662002,0.10819137471177839,0.10820090425403835
sweep-BE-N96-M40,10,0.10416666666666667,0.12125723947110253,0.11980300843534601,0.11981356073523865
sweep-BE-N96-M40,11,0.11458333333333333,0.13287997593639675,0.13128635409674289,0.13129791785460115
sweep-BE-N96-M40,12,0.125,0.14436042119517781,0.14262911504180839,0.14264167787487075
sweep-BE-N96-M40,13,0.13541666666666666,0.15568628169910881,0.15381914515801737,0.15383269361368751
sweep-BE-N96-M40,14,0.14583333333333334,0.16684542943308028,0.16484446188084165,0.1648589814510939
sweep-BE-N96-M40,15,0.15625,0.17782591490219252,0.1756932590249804,0.17570873416189525
sweep-BE-N96-M40,16,0.16666666666666666,0.18861597992757401,0.18635391942671894,0.18637033355913216
sweep-BE-N96-M40,17,0.17708333333333334,0.19920407023733391,0.19681502738387868,0.19683236293512615
sweep-BE-N96-M40,18,0.1875,0.2095788478391658,0.20706538088003687,0.2070836192867761
sweep-BE-N96-M40,19,0.19791666666666666,0.2197292031613538,0.21709400357992648,0.21711312531201474
sweep-BE-N96-M40,20,0.20833333333333334,0.22964426694918025,0.22689015658317085,0.22691014116457847
sweep-BE-N96-M40,21,0.21875,0.23931342190399585,0.23644334992376725,0.23646417595450386
sweep-BE-N96-M40,22,0.22916666666666666,0.24872631405248904,0.24574335380300516,0.24576499898203544
sweep-BE-N96-M40,23,0.23958333333333334,0.25787286383398,0.25478020954379099,0.25480265069291508
sweep-BE-N96-M40,24,0.25,0.26674327689386662,0.26354424025464895,0.26356745334332227
sweep-BE-N96-M40,25,0.26041666666666669,0.27532805457166476,0.27202606119197886,0.27205002136304468
sweep-BE-N96-M40,26,0.27083333333333331,0.28361800407241178,0.2802165898094745,0.28024127140578148
sweep-BE-N96-M40,27,0.28125,0.29160424831054171,0.288107055483942,0.28813243207581857
sweep-BE-N96-M40,28,0.29166666666666669,0.29927823541569076,0.29568900890710237,0.29571505332065839
sweep-BE-N96-M40,29,0.30208333333333331,0.30663174789025432,0.30295433113332304,0.30298101547954809
sweep-BE-N96-M40,30,0.3125,0.31365691140888924,0.3098952422735875,0.30992253797821528
sweep-BE-N96-M40,31,0.32291666666666669,0.32034620325053853,0.3165043098263961,0.31653218766050245
sweep-BE-N96-M40,32,0.33333333333333331,0.32669246035394967,0.32277445663667409,0.32280288674797591
sweep-BE-N96-M40,33,0.34375,0.33268888698805993,0.32869896847416696,0.32872792041898902
sweep-BE-N96-M40,34,0.35416666666666669,0.3383290620290354,0.33427150122320631,0.33430094399908095
sweep-BE-N96-M40,35,0.36458333333333331,0.3436069458361713,0.33948608767614769,0.33951598975501301
sweep-BE-N96-M40,36,0.375,0.34851688671929026,0.34433714392320625,0.34436747328516726
sweep-BE-N96-M40,37,0.38541666666666669,0.35305362699071419,0.34881947533184682,0.34885019949946305
sweep-BE-N96-M40,38,0.39583333333333331,0.35721230859532738,0.35292828210932692,0.3529593681823901
sweep-BE-N96-M40,39,0.40625,0.36098847831270398,0.3566591644424349,0.3566905791331994
sweep-BE-N96-M40,40,0.41666666666666669,0.36437809252572784,0.36000812720891995,0.36003983687774804
sweep-BE-N96-M40,41,0.42708333333333331,0.36737752155059916,0.36297158425556941,0.36300355494695347
sweep-BE-N96-M40,42,0.4375,0.36998355352359064,0.36554636223835113,0.3655785597172741
sweep-BE-N96-M40,43,0.44791666666666669,0.37219339784039163,0.36772970402051014,0.36776209380910502
sweep-BE-N96-M40,44,0.45833333333333331,0.374004688144357,0.36951927162497922,0.36955181903944923
sweep-BE-N96-M40,45,0.46875,0.3754154848604615,0.37091314873794384,0.37094581892570228
sweep-BE-N96-M40,46,0.47916666666666669,0.37642427727224487,0.37190984276087852,0.37194260073787
sweep-BE-N96-M40,47,0.48958333333333331,0.37702998513952513,0.37250828640885914,0.37254109709702143
sweep-BE-N96-M40,48,0.5,0.37723195985514657,0.37270783885343794,0.37274066711826437
sweep-BE-N96-M40,49,0.51041666666666663,0.3770299851395249,0.37250828640885914,0.37254109709702143
sweep-BE-N96-M40,50,0.52083333333333337,0.37642427727224448,0.37190984276087852,0.37194260073787
sweep-BE-N96-M40,51,0.53125,0.37541548486046089,0.37091314873794384,0.37094581892570228
sweep-BE-N96-M40,52,0.54166666666666663,0.37400468814435622,0.36951927162497922,0.36955181903944923
sweep-BE-N96-M40,53,0.55208333333333337,0.37219339784039068,0.36772970402051014,0.36776209380910502
sweep-BE-N96-M40,54,0.5625,0.36998355352358958,0.36554636223835113,0.3655785597172741
sweep-BE-N96-M40,55,0.57291666666666663,0.367377521550598,0.36297158425556941,0.36300355494695347
sweep-BE-N96-M40,56,0.58333333333333337,0.36437809252572656,0.36000812720891995,0.36003983687774804
sweep-BE-N96-M40,57,0.59375,0.36098847831270253,0.35665916444243495,0.35669057913319946
sweep-BE-N96-M40,58,0.60416666666666663,0.35721230859532582,0.35292828210932697,0.35295936818239015
sweep-BE-N96-M40,59,0.61458333333333337,0.35305362699071263,0.34881947533184687,0.34885019949946305
sweep-BE-N96-M40,60,0.625,0.34851688671928871,0.3443371439232063,0.34436747328516726
sweep-BE-N96-M40,61,0.63541666666666663,0.34360694583616969,0.33948608767614774,0.33951598975501307
sweep-BE-N96-M40,62,0.64583333333333337,0.33832906202903379,0.33427150122320631,0.33430094399908095
sweep-BE-N96-M40,63,0.65625,0.33268888698805832,0.32869896847416696,0.32872792041898902
sweep-BE-N96-M40,64,0.66666666666666663,0.32669246035394811,0.32277445663667409,0.32280288674797597
sweep-BE-N96-M40,65,0.67708333333333337,0.32034620325053698,0.3165043098263961,0.31653218766050245
sweep-BE-N96-M40,66,0.6875,0.31365691140888774,0.3098952422735875,0.30992253797821528
sweep-BE-N96-M40,67,0.69791666666666663,0.30663174789025299,0.30295433113332304,0.30298101547954809
sweep-BE-N96-M40,68,0.70833333333333337,0.29927823541568954,0.29568900890710237,0.29571505332065839
sweep-BE-N96-M40,69,0.71875,0.29160424831054049,0.28810705548394205,0.28813243207581862
sweep-BE-N96-M40,70,0.72916666666666663,0.28361800407241067,0.2802165898094745,0.28024127140578148
sweep-BE-N96-M40,71,0.73958333333333337,0.27532805457166365,0.27202606119197881,0.27205002136304463
sweep-BE-N96-M40,72,0.75,0.26674327689386551,0.26354424025464895,0.26356745334332232
sweep-BE-N96-M40,73,0.76041666666666663,0.25787286383397889,0.2547802095437911,0.25480265069291519
sweep-BE-N96-M40,74,0.77083333333333337,0.24872631405248791,0.24574335380300519,0.24576499898203549
sweep-BE-N96-M40,75,0.78125,0.23931342190399471,0.23644334992376725,0.23646417595450386
sweep-BE-N96-M40,76,0.79166666666666663,0.22964426694917914,0.22689015658317094,0.22691014116457855
sweep-BE-N96-M40,77,0.80208333333333337,0.21972920316135272,0.21709400357992648,0.21711312531201474
sweep-BE-N96-M40,78,0.8125,0.20957884783916475,0.20706538088003698,0.20708361928677624
sweep-BE-N96-M40,79,0.82291666666666663,0.19920407023733289,0.19681502738387874,0.19683236293512621
sweep-BE-N96-M40,80,0.83333333333333337,0.18861597992757298,0.18635391942671894,0.18637033355913216
sweep-BE-N96-M40,81,0.84375,0.17782591490219152,0.17569325902498051,0.17570873416189534
sweep-BE-N96-M40,82,0.85416666666666663,0.16684542943307931,0.16484446188084181,0.16485898145109407
sweep-BE-N96-M40,83,0.86458333333333337,0.15568628169910786,0.15381914515801731,0.15383269361368745
sweep-BE-N96-M40,84,0.875,0.14436042119517686,0.14262911504180845,0.14264167787487081
sweep-BE-N96-M40,85,0.88541666666666663,0.13287997593639583,0.13128635409674286,0.13129791785460115
sweep-BE-N96-M40,86,0.89583333333333337,0.12125723947110163,0.11980300843534607,0.1198135607352387
sweep-BE-N96-M40,87,0.90625,0.10950465771661914,0.10819137471177856,0.10820090425403851
sweep-BE-N96-M40,88,0.91666666666666663,0.097634815631861105,0.096463886954271091,0.096472383534425832
sweep-BE-N96-M40,89,0.92708333333333337,0.085660423741039035,0.084633103250456088,0.084640557770154778
sweep-BE-N96-M40,90,0.9375,0.073594304522915405,0.072711692299852415,0.072718096776608634
sweep-BE-N96-M40,91,0.94791666666666663,0.061449378680172327,0.06071241984790493,0.060717767423644549
sweep-BE-N96-M40,92,0.95833333333333337,0.049238651303599425,0.048648135016104002,0.048652419964508989
sweep-BE-N96-M40,93,0.96875,0.036975197945916902,0.03653175654282477,0.036534974275465038
sweep-BE-N96-M40,94,0.97916666666666663,0.024672150620146174,0.024376258949618756,0.024378406020865603
sweep-BE-N96-M40,95,0.98958333333333337,0.012342683737521412,0.01219465864777078,0.012195732758486531
sweep-BE-N96-M40,96,1,0,0,0
sweep-BE-N96-M80,0,0,0,0,0
sweep-BE-N96-M80,1,0.010416666666666666,0.012269585762492102,0.012194658647770831,0.012195732758486582
sweep-BE-N96-M80,2,0.020833333333333332,0.024526032945230113,0.024376258949618736,0.024378406020865582
sweep-BE-N96-M80,3,0.03125,0.036756217037580231,0.036531756542824687,0.036534974275464954
sweep-BE-N96-M80,4,0.041666666666666664,0.048947041652083662,0.048648135016103849,0.048652419964508829
sweep-BE-N96-M80,5,0.052083333333333336,0.061085452548396341,0.060712419847904868,0.060717767423644486
sweep-BE-N96-M80,6,0.0625,0.073158451612096456,0.072711692299852443,0.072718096776608662
sweep-BE-N96-M80,7,0.072916666666666671,0.085153110773390953,0.08463310325045606,0.084640557770154737
sweep-BE-N96-M80,8,0.083333333333333329,0.097056585850816446,0.09646388695427098,0.096472383534425735
sweep-BE-N96-M80,9,0.09375,0.1088561303051105,0.10819137471177839,0.10820090425403835
sweep-BE-N96-M80,10,0.10416666666666667,0.12053910888852509,0.11980300843534601,0.11981356073523865
sweep-BE-N96-M80,11,0.11458333333333333,0.13209301117496641,0.13128635409674289,0.13129791785460115
sweep-BE-N96-M80,12,0.125,0.14350546495647243,0.14262911504180839,0.14264167787487075
sweep-BE-N96-M80,13,0.13541666666666666,0.15476424949168308,0.15381914515801737,0.15383269361368751
sweep-BE-N96-M80,14,0.14583333333333334,0.16585730859211631,0.16484446188084165,0.1648589814510939
sweep-BE-N96-M80,15,0.15625,0.17677276353223648,0.1756932590249804,0.17570873416189525
sweep-BE-N96-M80,16,0.16666666666666666,0.18749892576949145,0.18635391942671894,0.18637033355913216
sweep-BE-N96-M80,17,0.17708333333333334,0.19802430946069649,0.19681502738387868,0.19683236293512615
sweep-BE-N96-M80,18,0.1875,0.20833764376136288,0.20706538088003687,0.2070836192867761
sweep-BE-N96-M80,19,0.19791666666666666,0.21842788489480067,0.21709400357992648,0.21711312531201474
sweep-BE-N96-M80,20,0.20833333333333334,0.22828422797807121,0.22689015658317085,0.22691014116457847
sweep-BE-N96-M80,21,0.21875,0.23789611859212639,0.23644334992376725,0.23646417595450386
sweep-BE-N96-M80,22,0.22916666666666666,0.24725326408374509,0.24574335380300516,0.24576499898203544
sweep-BE-N96-M80,23,0.23958333333333334,0.25634564458716397,0.25478020954379099,0.25480265069291508
sweep-BE-N96-M80,24,0.25,0.26516352375360069,0.26354424025464895,0.26356745334332227
sweep-BE-N96-M80,25,0.26041666666666669,0.27369745917718002,0.27202606119197886,0.27205002136304468
sweep-BE-N96-M80,26,0.27083333333333331,0.28193831250609863,0.2802165898094745,0.28024127140578148
sweep-BE-N96-M80,27,0.28125,0.28987725922820107,0.288107055483942,0.28813243207581857
sweep-BE-N96-M80,28,0.29166666666666669,0.29750579812048833,0.29568900890710237,0.29571505332065839
sweep-BE-N96-M80,29,0.30208333333333331,0.30481576035244051,0.30295433113332304,0.30298101547954809
sweep-BE-N96-M80,30,0.3125,0.31179931823340501,0.3098952422735875,0.30992253797821528
sweep-BE-N96-M80,31,0.32291666666666669,0.31844899359468387,0.3165043098263961,0.31653218766050245
sweep-BE-N96-M80,32,0.33333333333333331,0.32475766579734411,0.32277445663667409,0.32280288674797591
sweep-BE-N96-M80,33,0.34375,0.33071857935717602,0.32869896847416696,0.32872792041898902
sweep-BE-N96-M80,34,0.35416666666666669,0.3363253511786351,0.33427150122320631,0.33430094399908095
sweep-BE-N96-M80,35,0.36458333333333331,0.34157197739002071,0.33948608767614769,0.33951598975501301
sweep-BE-N96-M80,36,0.375,0.34645283977257196,0.34433714392320625,0.34436747328516726
sweep-BE-N96-M80,37,0.38541666666666669,0.35096271177659727,0.34881947533184682,0.34885019949946305
sweep-BE-N96-M80,38,0.39583333333333331,0.35509676411819491,0.35292828210932692,0.3529593681823901
sweep-BE-N96-M80,39,0.40625,0.35885056995057074,0.3566591644424349,0.3566905791331994
sweep-BE-N96-M80,40,0.41666666666666669,0.36222010960441681,0.36000812720891995,0.36003983687774804
sweep-BE-N96-M80,41,0.42708333333333331,0.36520177489227401,0.36297158425556941,0.36300355494695347
sweep-BE-N96-M80,42,0.4375,0.36779237297226969,0.36554636223835113,0.3655785597172741
sweep-BE-N96-M80,43,0.44791666666666669,0.3699891297670922,0.36772970402051014,0.36776209380910502
sweep-BE-N96-M80,44,0.45833333333333331,0.37178969293454295,0.36951927162497922,0.36955181903944923
sweep-BE-N96-M80,45,0.46875,0.37319213438648308,0.37091314873794384,0.37094581892570228
sweep-BE-N96-M80,46,0.47916666666666669,0.37419495235347844,0.37190984276087852,0.37194260073787
sweep-BE-N96-M80,47,0.48958333333333331,0.37479707299293219,0.37250828640885914,0.37254109709702143
sweep-BE-N96-M80,48,0.5,0.37499785153898207,0.37270783885343794,0.37274066711826437
sweep-BE-N96-M80,49,0.51041666666666663,0.37479707299293202,0.37250828640885914,0.37254109709702143
sweep-BE-N96-M80,50,0.52083333333333337,0.37419495235347816,0.37190984276087852,0.37194260073787
sweep-BE-N96-M80,51,0.53125,0.37319213438648263,0.37091314873794384,0.37094581892570228
sweep-BE-N96-M80,52,0.54166666666666663,0.37178969293454234,0.36951927162497922,0.36955181903944923
sweep-BE-N96-M80,53,0.55208333333333337,0.36998912976709136,0.36772970402051014,0.36776209380910502
sweep-BE-N96-M80,54,0.5625,0.36779237297226863,0.36554636223835113,0.3655785597172741
sweep-BE-N96-M80,55,0.57291666666666663,0.3652017748922729,0.36297158425556941,0.36300355494695347
sweep-BE-N96-M80,56,0.58333333333333337,0.36222010960441547,0.36000812720891995,0.36003983687774804
sweep-BE-N96-M80,57,0.59375,0.35885056995056924,0.35665916444243495,0.35669057913319946
sweep-BE-N96-M80,58,0.60416666666666663,0.35509676411819335,0.35292828210932697,0.35295936818239015
sweep-BE-N96-M80,59,0.61458333333333337,0.35096271177659555,0.34881947533184687,0.34885019949946305
sweep-BE-N96-M80,60,0.625,0.34645283977257002,0.3443371439232063,0.34436747328516726
sweep-BE-N96-M80,61,0.63541666666666663,0.3415719773900186,0.33948608767614774,0.33951598975501307
sweep-BE-N96-M80,62,0.64583333333333337,0.33632535117863288,0.33427150122320631,0.33430094399908095
sweep-BE-N96-M80,63,0.65625,0.33071857935717364,0.32869896847416696,0.32872792041898902
sweep-BE-N96-M80,64,0.66666666666666663,0.32475766579734161,0.32277445663667409,0.32280288674797597
sweep-BE-N96-M80,65,0.67708333333333337,0.31844899359468126,0.3165043098263961,0.31653218766050245
sweep-BE-N96-M80,66,0.6875,0.31179931823340223,0.3098952422735875,0.30992253797821528
sweep-BE-N96-M80,67,0.69791666666666663,0.30481576035243763,0.30295433113332304,0.30298101547954809
sweep-BE-N96-M80,68,0.70833333333333337,0.29750579812048533,0.29568900890710237,0.29571505332065839
sweep-BE-N96-M80,69,0.71875,0.28987725922819801,0.28810705548394205,0.28813243207581862
sweep-BE-N96-M80,70,0.72916666666666663,0.28193831250609552,0.2802165898094745,0.28024127140578148
sweep-BE-N96-M80,71,0.73958333333333337,0.27369745917717681,0.27202606119197881,0.27205002136304463
sweep-BE-N96-M80,72,0.75,0.26516352375359742,0.26354424025464895,0.26356745334332232
sweep-BE-N96-M80,73,0.76041666666666663,0.25634564458716069,0.2547802095437911,0.25480265069291519
sweep-BE-N96-M80,74,0.77083333333333337,0.24725326408374174,0.24574335380300519,0.24576499898203549
sweep-BE-N96-M80,75,0.78125,0.23789611859212303,0.23644334992376725,0.23646417595450386
sweep-BE-N96-M80,76,0.79166666666666663,0.22828422797806786,0.22689015658317094,0.22691014116457855
sweep-BE-N96-M80,77,0.80208333333333337,0.21842788489479739,0.21709400357992648,0.21711312531201474
sweep-BE-N96-M80,78,0.8125,0.20833764376135966,0.20706538088003698,0.20708361928677624
sweep-BE-N96-M80,79,0.82291666666666663,0.1980243094606933,0.19681502738387874,0.19683236293512621
sweep-BE-N96-M80,80,0.83333333333333337,0.1874989257694884,0.18635391942671894,0.18637033355913216
sweep-BE-N96-M80,81,0.84375,0.17677276353223353,0.17569325902498051,0.17570873416189534
sweep-BE-N96-M80,82,0.85416666666666663,0.16585730859211345,0.16484446188084181,0.16485898145109407
sweep-BE-N96-M80,83,0.86458333333333337,0.15476424949168036,0.15381914515801731,0.15383269361368745
sweep-BE-N96-M80,84,0.875,0.14350546495646982,0.14262911504180845,0.14264167787487081
sweep-BE-N96-M80,85,0.88541666666666663,0.132093011174964,0.13128635409674286,0.13129791785460115
sweep-BE-N96-M80,86,0.89583333333333337,0.12053910888852289,0.11980300843534607,0.1198135607352387
sweep-BE-N96-M80,87,0.90625,0.1088561303051085,0.10819137471177856,0.10820090425403851
sweep-BE-N96-M80,88,0.91666666666666663,0.097056585850814656,0.096463886954271091,0.096472383534425832
sweep-BE-N96-M80,89,0.92708333333333337,0.085153110773389371,0.084633103250456088,0.084640557770154778
sweep-BE-N96-M80,90,0.9375,0.07315845161209511,0.072711692299852415,0.072718096776608634
sweep-BE-N96-M80,91,0.94791666666666663,0.061085452548395217,0.06071241984790493,0.060717767423644549
sweep-BE-N96-M80,92,0.95833333333333337,0.048947041652082766,0.048648135016104002,0.048652419964508989
sweep-BE-N96-M80,93,0.96875,0.036756217037579551,0.03653175654282477,0.036534974275465038
sweep-BE-N96-M80,94,0.97916666666666663,0.024526032945229651,0.024376258949618756,0.024378406020865603
sweep-BE-N96-M80,95,0.98958333333333337,0.01226958576249187,0.01219465864777078,0.012195732758486531
sweep-BE-N96-M80,96,1,0,0,0
sweep-BE-N96-M160,0,0,0,0,0
sweep-BE-N96-M160,1,0.010416666666666666,0.012232754514098868,0.012194658647770831,0.012195732758486582
sweep-BE-N96-M160,2,0.020833333333333332,0.024452409888266951,0.024376258949618736,0.024378406020865582
sweep-BE-N96-M160,3,0.03125,0.036645881009460597,0.036531756542824687,0.036534974275464954
sweep-BE-N96-M160,4,0.041666666666666664,0.048800110803390077,0.048648135016103849,0.048652419964508829
sweep-BE-N96-M160,5,0.052083333333333336,0.060902084216361792,0.060712419847904868,0.060717767423644486
sweep-BE-N96-M160,6,0.0625,0.072938842152123762,0.072711692299852443,0.072718096776608662
sweep-BE-N96-M160,7,0.072916666666666671,0.084897495348790444,0.08463310325045606,0.084640557770154737
sweep-BE-N96-M160,8,0.083333333333333329,0.096765238180987256,0.09646388695427098,0.096472383534425735
sweep-BE-N96-M160,9,0.09375,0.10852936237243496,0.10819137471177839,0.10820090425403835
sweep-BE-N96-M160,10,0.10416666666666667,0.12017727060429018,0.11980300843534601,0.11981356073523865
sweep-BE-N96-M160,11,0.11458333333333333,0.1316964900046699,0.13128635409674289,0.13129791785460115
sweep-BE-N96-M160,12,0.125,0.14307468550491526,0.14262911504180839,0.14264167787487075
sweep-BE-N96-M160,13,0.13541666666666666,0.15429967304829181,0.15381914515801737,0.15383269361368751
sweep-BE-N96-M160,14,0.14583333333333334,0.16535943263698286,0.16484446188084165,0.1648589814510939
sweep-BE-N96-M160,15,0.15625,0.17624212120340405,0.1756932590249804,0.17570873416189525
sweep-BE-N96-M160,16,0.16666666666666666,0.18693608529205685,0.18635391942671894,0.18637033355913216
sweep-BE-N96-M160,17,0.17708333333333334,0.19742987353834057,0.19681502738387868,0.19683236293512615
sweep-BE-N96-M160,18,0.1875,0.20771224893096035,0.20706538088003687,0.2070836192867761
sweep-BE-N96-M160,19,0.19791666666666666,0.21777220084480037,0.21709400357992648,0.21711312531201474
sweep-BE-N96-M160,20,0.20833333333333334,0.22759895683137688,0.22689015658317085,0.22691014116457847
sweep-BE-N96-M160,21,0.21875,0.23718199415424612,0.23644334992376725,0.23646417595450386
sweep-BE-N96-M160,22,0.22916666666666666,0.24651105105701387,0.24574335380300516,0.24576499898203544
sweep-BE-N96-M160,23,0.23958333333333334,0.25557613775188115,0.25478020954379099,0.25480265069291508
sweep-BE-N96-M160,24,0.25,0.26436754711695948,0.26354424025464895,0.26356745334332227
sweep-BE-N96-M160,25,0.26041666666666669,0.2728758650909,0.27202606119197886,0.27205002136304468
sweep-BE-N96-M160,26,0.27083333333333331,0.28109198075370606,0.2802165898094745,0.28024127140578148
sweep-BE-N96-M160,27,0.28125,0.28900709608293462,0.288107055483942,0.28813243207581857
sweep-BE-N96-M160,28,0.29166666666666669,0.29661273537483918,0.29568900890710237,0.29571505332065839
sweep-BE-N96-M160,29,0.30208333333333331,0.30390075432036545,0.30295433113332304,0.30298101547954809
sweep-BE-N96-M160,30,0.3125,0.31086334872628157,0.3098952422735875,0.30992253797821528
sweep-BE-N96-M160,31,0.32291666666666669,0.31749306287210372,0.3165043098263961,0.31653218766050245
sweep-BE-N96-M160,32,0.33333333333333331,0.32378279749386829,0.32277445663667409,0.32280288674797591
sweep-BE-N96-M160,33,0.34375,0.3297258173862016,0.32869896847416696,0.32872792041898902
sweep-BE-N96-M160,34,0.35416666666666669,0.33531575861454666,0.33427150122320631,0.33430094399908095
sweep-BE-N96-M160,35,0.36458333333333331,0.34054663532982338,0.33948608767614769,0.33951598975501301
sweep-BE-N96-M160,36,0.375,0.34541284617822576,0.34433714392320625,0.34436747328516726
sweep-BE-N96-M160,37,0.38541666666666669,0.34990918029929208,0.34881947533184682,0.34885019949946305
sweep-BE-N96-M160,38,0.39583333333333331,0.35403082290582449,0.35292828210932692,0.3529593681823901
sweep-BE-N96-M160,39,0.40625,0.35777336043968422,0.3566591644424349,0.3566905791331994
sweep-BE-N96-M160,40,0.41666666666666669,0.36113278529793963,0.36000812720891995,0.36003983687774804
sweep-BE-N96-M160,41,0.42708333333333331,0.36410550012430803,0.36297158425556941,0.36300355494695347
sweep-BE-N96-M160,42,0.4375,0.366688321661295,0.36554636223835113,0.3655785597172741
sweep-BE-N96-M160,43,0.44791666666666669,0.36887848415890617,0.36772970402051014,0.36776209380910502
sweep-BE-N96-M160,44,0.45833333333333331,0.37067364233628136,0.36951927162497922,0.36955181903944923
sweep-BE-N96-M160,45,0.46875,0.37207187389308055,0.37091314873794384,0.37094581892570228
sweep-BE-N96-M160,46,0.47916666666666669,0.37307168156793091,0.37190984276087852,0.37194260073787
sweep-BE-N96-M160,47,0.48958333333333331,0.37367199474173168,0.37250828640885914,0.37254109709702143
sweep-BE-N96-M160,48,0.5,0.37387217058410016,0.37270783885343794,0.37274066711826437
sweep-BE-N96-M160,49,0.51041666666666663,0.37367199474173052,0.37250828640885914,0.37254109709702143
sweep-BE-N96-M160,50,0.52083333333333337,0.37307168156792864,0.37190984276087852,0.37194260073787
sweep-BE-N96-M160,51,0.53125,0.37207187389307717,0.37091314873794384,0.37094581892570228
sweep-BE-N96-M160,52,0.54166666666666663,0.37067364233627675,0.36951927162497922,0.36955181903944923
sweep-BE-N96-M160,53,0.55208333333333337,0.36887848415890034,0.36772970402051014,0.36776209380910502
sweep-BE-N96-M160,54,0.5625,0.36668832166128812,0.36554636223835113,0.3655785597172741
sweep-BE-N96-M160,55,0.57291666666666663,0.3641055001243001,0.36297158425556941,0.36300355494695347
sweep-BE-N96-M160,56,0.58333333333333337,0.36113278529793069,0.36000812720891995,0.36003983687774804
sweep-BE-N96-M160,57,0.59375,0.35777336043967434,0.35665916444243495,0.35669057913319946
sweep-BE-N96-M160,58,0.60416666666666663,0.35403082290581372,0.35292828210932697,0.35295936818239015
sweep-BE-N96-M160,59,0.61458333333333337,0.34990918029928048,0.34881947533184687,0.34885019949946305
sweep-BE-N96-M160,60,0.625,0.34541284617821344,0.3443371439232063,0.34436747328516726
sweep-BE-N96-M160,61,0.63541666666666663,0.34054663532981044,0.33948608767614774,0.33951598975501307
sweep-BE-N96-M160,62,0.64583333333333337,0.33531575861453322,0.33427150122320631,0.33430094399908095
sweep-BE-N96-M160,63,0.65625,0.32972581738618773,0.32869896847416696,0.32872792041898902
sweep-BE-N96-M160,64,0.66666666666666663,0.32378279749385397,0.32277445663667409,0.32280288674797597
sweep-BE-N96-M160,65,0.67708333333333337,0.31749306287208906,0.3165043098263961,0.31653218766050245
sweep-BE-N96-M160,66,0.6875,0.31086334872626664,0.3098952422735875,0.30992253797821528
sweep-BE-N96-M160,67,0.69791666666666663,0.30390075432035035,0.30295433113332304,0.30298101547954809
sweep-BE-N96-M160,68,0.70833333333333337,0.29661273537482397,0.29568900890710237,0.29571505332065839
sweep-BE-N96-M160,69,0.71875,0.28900709608291941,0.28810705548394205,0.28813243207581862
sweep-BE-N96-M160,70,0.72916666666666663,0.28109198075369091,0.2802165898094745,0.28024127140578148
sweep-BE-N96-M160,71,0.73958333333333337,0.27287586509088496,0.27202606119197881,0.27205002136304463
sweep-BE-N96-M160,72,0.75,0.26436754711694455,0.26354424025464895,0.26356745334332232
sweep-BE-N96-M160,73,0.76041666666666663,0.25557613775186638,0.2547802095437911,0.25480265069291519
sweep-BE-N96-M160,74,0.77083333333333337,0.24651105105699939,0.24574335380300519,0.24576499898203549
sweep-BE-N96-M160,75,0.78125,0.23718199415423194,0.23644334992376725,0.23646417595450386
sweep-BE-N96-M160,76,0.79166666666666663,0.22759895683136308,0.22689015658317094,0.22691014116457855
sweep-BE-N96-M160,77,0.80208333333333337,0.21777220084478696,0.21709400357992648,0.21711312531201474
sweep-BE-N96-M160,78,0.8125,0.20771224893094742,0.20706538088003698,0.20708361928677624
sweep-BE-N96-M160,79,0.82291666666666663,0.19742987353832811,0.19681502738387874,0.19683236293512621
sweep-BE-N96-M160,80,0.83333333333333337,0.18693608529204489,0.18635391942671894,0.18637033355913216
sweep-BE-N96-M160,81,0.84375,0.17624212120339261,0.17569325902498051,0.17570873416189534
sweep-BE-N96-M160,82,0.85416666666666663,0.16535943263697198,0.16484446188084181,0.16485898145109407
sweep-BE-N96-M160,83,0.86458333333333337,0.15429967304828157,0.15381914515801731,0.15383269361368745
sweep-BE-N96-M160,84,0.875,0.14307468550490568,0.14262911504180845,0.14264167787487081
sweep-BE-N96-M160,85,0.88541666666666663,0.13169649000466102,0.13128635409674286,0.13129791785460115
sweep-BE-N96-M160,86,0.89583333333333337,0.12017727060428202,0.11980300843534607,0.1198135607352387
sweep-BE-N96-M160,87,0.90625,0.10852936237242759,0.10819137471177856,0.10820090425403851
sweep-BE-N96-M160,88,0.91666666666666663,0.096765238180980664,0.096463886954271091,0.096472383534425832
sweep-BE-N96-M160,89,0.92708333333333337,0.08489749534878463,0.084633103250456088,0.084640557770154778
sweep-BE-N96-M160,90,0.9375,0.072938842152118724,0.072711692299852415,0.072718096776608634
sweep-BE-N96-M160,91,0.94791666666666663,0.060902084216357587,0.06071241984790493,0.060717767423644549
sweep-BE-N96-M160,92,0.95833333333333337,0.048800110803386691,0.048648135016104002,0.048652419964508989
sweep-BE-N96-M160,93,0.96875,0.036645881009458044,0.03653175654282477,0.036534974275465038
sweep-BE-N96-M160,94,0.97916666666666663,0.024452409888265244,0.024376258949618756,0.024378406020865603
sweep-BE-N96-M160,95,0.98958333333333337,0.012232754514098014,0.01219465864777078,0.012195732758486531
sweep-BE-N96-M160,96,1,0,0,0
sweep-BE-N96-M320,0,0,0,0,0
sweep-BE-N96-M320,1,0.010416666666666666,0.01221426756040013,0.012194658647770831,0.012195732758486582
sweep-BE-N96-M320,2,0.020833333333333332,0.024415455777162542,0.024376258949618736,0.024378406020865582
sweep-BE-N96-M320,3,0.03125,0.036590499312338293,0.036531756542824687,0.036534974275464954
sweep-BE-N96-M320,4,0.041666666666666664,0.048726360824358307,0.048648135016103849,0.048652419964508829
sweep-BE-N96-M320,5,0.052083333333333336,0.060810044928745352,0.060712419847904868,0.060717767423644486
sweep-BE-N96-M320,6,0.0625,0.07282861211389717,0.072711692299852443,0.072718096776608662
sweep-BE-N96-M320,7,0.072916666666666671,0.084769192597039592,0.08463310325045606,0.084640557770154737
sweep-BE-N96-M320,8,0.083333333333333329,0.096619000105512345,0.09646388695427098,0.096472383534425735
sweep-BE-N96-M320,9,0.09375,0.10836534556863005,0.10819137471177839,0.10820090425403835
sweep-BE-N96-M320,10,0.10416666666666667,0.11999565070545692,0.11980300843534601,0.11981356073523865
sweep-BE-N96-M320,11,0.11458333333333333,0.13149746149394509,0.13128635409674289,0.13129791785460115
sweep-BE-N96-M320,12,0.125,0.14285846150701328,0.14262911504180839,0.14264167787487075
sweep-BE-N96-M320,13,0.13541666666666666,0.15406648510128554,0.15381914515801737,0.15383269361368751
sweep-BE-N96-M320,14,0.14583333333333334,0.16510953044436663,0.16484446188084165,0.1648589814510939
sweep-BE-N96-M320,15,0.15625,0.17597577236670511,0.1756932590249804,0.17570873416189525
sweep-BE-N96-M320,16,0.16666666666666666,0.1866535750242809,0.18635391942671894,0.18637033355913216
sweep-BE-N96-M320,17,0.17708333333333334,0.19713150435855839,0.19681502738387868,0.19683236293512615
sweep-BE-N96-M320,18,0.1875,0.20739834034036297,0.20706538088003687,0.2070836192867761
sweep-BE-N96-M320,19,0.19791666666666666,0.21744308898456916,0.21709400357992648,0.21711312531201474
sweep-BE-N96-M320,20,0.20833333333333334,0.22725499412273514,0.22689015658317085,0.22691014116457847
sweep-BE-N96-M320,21,0.21875,0.23682354892107768,0.23644334992376725,0.23646417595450386
sweep-BE-N96-M320,22,0.22916666666666666,0.24613850713145244,0.24574335380300516,0.24576499898203544
sweep-BE-N96-M320,23,0.23958333333333334,0.25518989406329351,0.25478020954379099,0.25480265069291508
sweep-BE-N96-M320,24,0.25,0.26396801726476177,0.26354424025464895,0.26356745334332227
sweep-BE-N96-M320,25,0.26041666666666669,0.27246347690166506,0.27202606119197886,0.27205002136304468
sweep-BE-N96-M320,26,0.27083333333333331,0.28066717582303602,0.2802165898094745,0.28024127140578148
sweep-BE-N96-M320,27,0.28125,0.28857032930258963,0.288107055483942,0.28813243207581857
sweep-BE-N96-M320,28,0.29166666666666669,0.29616447444562738,0.29568900890710237,0.29571505332065839
sweep-BE-N96-M320,29,0.30208333333333331,0.30344147925131759,0.30295433113332304,0.30298101547954809
sweep-BE-N96-M320,30,0.3125,0.31039355132064517,0.3098952422735875,0.30992253797821528
sweep-BE-N96-M320,31,0.32291666666666669,0.31701324620070798,0.3165043098263961,0.31653218766050245
sweep-BE-N96-M320,32,0.33333333333333331,0.32329347535642305,0.32277445663667409,0.32280288674797591
sweep-BE-N96-M320,33,0.34375,0.32922751376110793,0.32869896847416696,0.32872792041898902
sweep-BE-N96-M320,34,0.35416666666666669,0.33480900709780748,0.33427150122320631,0.33430094399908095
sweep-BE-N96-M320,35,0.36458333333333331,0.34003197856365547,0.33948608767614769,0.33951598975501301
sweep-BE-N96-M320,36,0.375,0.34489083526998515,0.34433714392320625,0.34436747328516726
sweep-BE-N96-M320,37,0.38541666666666669,0.34938037423133428,0.34881947533184682,0.34885019949946305
sweep-BE-N96-M320,38,0.39583333333333331,0.35349578793693248,0.35292828210932692,0.3529593681823901
sweep-BE-N96-M320,39,0.40625,0.35723266949870375,0.3566591644424349,0.3566905791331994
sweep-BE-N96-M320,40,0.41666666666666669,0.36058701737027316,0.36000812720891995,0.36003983687774804
sweep-BE-N96-M320,41,0.42708333333333331,0.3635552396319226,0.36297158425556941,0.36300355494695347
sweep-BE-N96-M320,42,0.4375,0.36613415783690828,0.36554636223835113,0.3655785597172741
sweep-BE-N96-M320,43,0.44791666666666669,0.36832101041502169,0.36772970402051014,0.36776209380910502
sweep-BE-N96-M320,44,0.45833333333333331,0.37011345562974735,0.36951927162497922,0.36955181903944923
sweep-BE-N96-M320,45,0.46875,0.3715095740858535,0.37091314873794384,0.37094581892570228
sweep-BE-N96-M320,46,0.47916666666666669,0.37250787078472841,0.37190984276087852,0.37194260073787
sweep-BE-N96-M320,47,0.48958333333333331,0.37310727672526228,0.37250828640885914,0.37254109709702143
sweep-BE-N96-M320,48,0.5,0.37330715004856052,0.37270783885343794,0.37274066711826437
sweep-BE-N96-M320,49,0.51041666666666663,0.37310727672526228,0.37250828640885914,0.37254109709702143
sweep-BE-N96-M320,50,0.52083333333333337,0.37250787078472836,0.37190984276087852,0.37194260073787
sweep-BE-N96-M320,51,0.53125,0.37150957408585339,0.37091314873794384,0.37094581892570228
sweep-BE-N96-M320,52,0.54166666666666663,0.37011345562974718,0.36951927162497922,0.36955181903944923
sweep-BE-N96-M320,53,0.55208333333333337,0.36832101041502152,0.36772970402051014,0.36776209380910502
sweep-BE-N96-M320,54,0.5625,0.36613415783690806,0.36554636223835113,0.3655785597172741
sweep-BE-N96-M320,55,0.57291666666666663,0.36355523963192221,0.36297158425556941,0.36300355494695347
sweep-BE-N96-M320,56,0.58333333333333337,0.36058701737027282,0.36000812720891995,0.36003983687774804
sweep-BE-N96-M320,57,0.59375,0.35723266949870336,0.35665916444243495,0.35669057913319946
sweep-BE-N96-M320,58,0.60416666666666663,0.35349578793693209,0.35292828210932697,0.35295936818239015
sweep-BE-N96-M320,59,0.61458333333333337,0.34938037423133389,0.34881947533184687,0.34885019949946305
sweep-BE-N96-M320,60,0.625,0.34489083526998465,0.3443371439232063,0.34436747328516726
sweep-BE-N96-M320,61,0.63541666666666663,0.34003197856365491,0.33948608767614774,0.33951598975501307
sweep-BE-N96-M320,62,0.64583333333333337,0.33480900709780681,0.33427150122320631,0.33430094399908095
sweep-BE-N96-M320,63,0.65625,0.32922751376110726,0.32869896847416696,0.32872792041898902
sweep-BE-N96-M320,64,0.66666666666666663,0.32329347535642228,0.32277445663667409,0.32280288674797597
sweep-BE-N96-M320,65,0.67708333333333337,0.31701324620070714,0.3165043098263961,0.31653218766050245
sweep-BE-N96-M320,66,0.6875,0.31039355132064433,0.3098952422735875,0.30992253797821528
sweep-BE-N96-M320,67,0.69791666666666663,0.3034414792513167,0.30295433113332304,0.30298101547954809
sweep-BE-N96-M320,68,0.70833333333333337,0.29616447444562649,0.29568900890710237,0.29571505332065839
sweep-BE-N96-M320,69,0.71875,0.28857032930258875,0.28810705548394205,0.28813243207581862
sweep-BE-N96-M320,70,0.72916666666666663,0.28066717582303519,0.2802165898094745,0.28024127140578148
sweep-BE-N96-M320,71,0.73958333333333337,0.27246347690166411,0.27202606119197881,0.27205002136304463
sweep-BE-N96-M320,72,0.75,0.26396801726476088,0.26354424025464895,0.26356745334332232
sweep-BE-N96-M320,73,0.76041666666666663,0.25518989406329262,0.2547802095437911,0.25480265069291519
sweep-BE-N96-M320,74,0.77083333333333337,0.24613850713145155,0.24574335380300519,0.24576499898203549
sweep-BE-N96-M320,75,0.78125,0.23682354892107682,0.23644334992376725,0.23646417595450386
sweep-BE-N96-M320,76,0.79166666666666663,0.22725499412273434,0.22689015658317094,0.22691014116457855
sweep-BE-N96-M320,77,0.80208333333333337,0.21744308898456832,0.21709400357992648,0.21711312531201474
sweep-BE-N96-M320,78,0.8125,0.20739834034036217,0.20706538088003698,0.20708361928677624
sweep-BE-N96-M320,79,0.82291666666666663,0.19713150435855756,0.19681502738387874,0.19683236293512621
sweep-BE-N96-M320,80,0.83333333333333337,0.18665357502428007,0.18635391942671894,0.18637033355913216
sweep-BE-N96-M320,81,0.84375,0.17597577236670434,0.17569325902498051,0.17570873416189534
sweep-BE-N96-M320,82,0.85416666666666663,0.16510953044436583,0.16484446188084181,0.16485898145109407
sweep-BE-N96-M320,83,0.86458333333333337,0.15406648510128476,0.15381914515801731,0.15383269361368745
sweep-BE-N96-M320,84,0.875,0.14285846150701259,0.14262911504180845,0.14264167787487081
sweep-BE-N96-M320,85,0.88541666666666663,0.1314974614939444,0.13128635409674286,0.13129791785460115
sweep-BE-N96-M320,86,0.89583333333333337,0.11999565070545627,0.11980300843534607,0.1198135607352387
sweep-BE-N96-M320,87,0.90625,0.10836534556862942,0.10819137471177856,0.10820090425403851
sweep-BE-N96-M320,88,0.91666666666666663,0.096619000105511763,0.096463886954271091,0.096472383534425832
sweep-BE-N96-M320,89,0.92708333333333337,0.084769192597039064,0.084633103250456088,0.084640557770154778
sweep-BE-N96-M320,90,0.9375,0.072828612113896712,0.072711692299852415,0.072718096776608634
sweep-BE-N96-M320,91,0.94791666666666663,0.060810044928744977,0.06071241984790493,0.060717767423644549
sweep-BE-N96-M320,92,0.95833333333333337,0.048726360824358002,0.048648135016104002,0.048652419964508989
sweep-BE-N96-M320,93,0.96875,0.036590499312338057,0.03653175654282477,0.036534974275465038
sweep-BE-N96-M320,94,0.97916666666666663,0.024415455777162386,0.024376258949618756,0.024378406020865603
sweep-BE-N96-M320,95,0.98958333333333337,0.012214267560400052,0.01219465864777078,0.012195732758486531
sweep-BE-N96-M320,96,1,0,0,0
sweep-BE-N96-M640,0,0,0,0,0
sweep-BE-N96-M640,1,0.010416666666666666,0.012205006154392755,0.012194658647770831,0.012195732758486582
sweep-BE-N96-M640,2,0.020833333333333332,0.024396942882493319,0.024376258949618736,0.024378406020865582
sweep-BE-N96-M640,3,0.03125,0.036562754753078526,0.036531756542824687,0.036534974275464954
sweep-BE-N96-M640,4,0.041666666666666664,0.048689414310076999,0.048648135016103849,0.048652419964508829
sweep-BE-N96-M640,5,0.052083333333333336,0.060763936022695406,0.060712419847904868,0.060717767423644486
sweep-BE-N96-M640,6,0.0625,0.072773390190650059,0.072711692299852443,0.072718096776608662
sweep-BE-N96-M640,7,0.072916666666666671,0.084704916789613893,0.08463310325045606,0.084640557770154737
sweep-BE-N96-M640,8,0.083333333333333329,0.096545739242052592,0.09646388695427098,0.096472383534425735
sweep-BE-N96-M640,9,0.09375,0.10828317809870384,0.10819137471177839,0.10820090425403835
sweep-BE-N96-M640,10,0.10416666666666667,0.11990466461604915,0.11980300843534601,0.11981356073523865
sweep-BE-N96-M640,11,0.11458333333333333,0.13139775421523922,0.13128635409674289,0.13129791785460115
sweep-BE-N96-M640,12,0.125,0.14275013980806081,0.14262911504180839,0.14264167787487075
sweep-BE-N96-M640,13,0.13541666666666666,0.15394966497567483,0.15381914515801737,0.15383269361368751
sweep-BE-N96-M640,14,0.14583333333333334,0.16498433698601422,0.16484446188084165,0.1648589814510939
sweep-BE-N96-M640,15,0.15625,0.17584233963590201,0.1756932590249804,0.17570873416189525
sweep-BE-N96-M640,16,0.16666666666666666,0.18651204590413739,0.18635391942671894,0.18637033355913216
sweep-BE-N96-M640,17,0.17708333333333334,0.19698203040200124,0.19681502738387868,0.19683236293512615
sweep-BE-N96-M640,18,0.1875,0.20724108160784879,0.20706538088003687,0.2070836192867761
sweep-BE-N96-M640,19,0.19791666666666666,0.21727821387268761,0.21709400357992648,0.21711312531201474
sweep-BE-N96-M640,20,0.20833333333333334,0.22708267918388569,0.22689015658317085,0.22691014116457847
sweep-BE-N96-M640,21,0.21875,0.23664397867441281,0.23644334992376725,0.23646417595450386
sweep-BE-N96-M640,22,0.22916666666666666,0.24595187386529008,0.24574335380300516,0.24576499898203544
sweep-BE-N96-M640,23,0.23958333333333334,0.25499639762920973,0.25478020954379099,0.25480265069291508
sweep-BE-N96-M640,24,0.25,0.26376786486358472,0.26354424025464895,0.26356745334332227
sweep-BE-N96-M640,25,0.26041666666666669,0.27225688286159916,0.27202606119197886,0.27205002136304468
sweep-BE-N96-M640,26,0.27083333333333331,0.28045436137015411,0.2802165898094745,0.28024127140578148
sweep-BE-N96-M640,27,0.28125,0.28835152232393813,0.288107055483942,0.28813243207581857
sweep-BE-N96-M640,28,0.29166666666666669,0.29593990924519964,0.29568900890710237,0.29571505332065839
sweep-BE-N96-M640,29,0.30208333333333331,0.30321139629915494,0.30295433113332304,0.30298101547954809
sweep-BE-N96-M640,30,0.3125,0.31015819699533581,0.3098952422735875,0.30992253797821528
sweep-BE-N96-M640,31,0.32291666666666669,0.31677287252555836,0.3165043098263961,0.31653218766050245
sweep-BE-N96-M640,32,0.33333333333333331,0.3230483397295853,0.32277445663667409,0.32280288674797591
sweep-BE-N96-M640,33,0.34375,0.32897787867995121,0.32869896847416696,0.32872792041898902
sweep-BE-N96-M640,34,0.35416666666666669,0.33455513987782931,0.33427150122320631,0.33430094399908095
sweep-BE-N96-M640,35,0.36458333333333331,0.33977415105223369,0.33948608767614769,0.33951598975501301
sweep-BE-N96-M640,36,0.375,0.34462932355527692,0.34433714392320625,0.34436747328516726
sweep-BE-N96-M640,37,0.38541666666666669,0.34911545834663388,0.34881947533184682,0.34885019949946305
sweep-BE-N96-M640,38,0.39583333333333331,0.35322775156080455,0.35292828210932692,0.3529593681823901
sweep-BE-N96-M640,39,0.40625,0.35696179965121355,0.3566591644424349,0.3566905791331994
sweep-BE-N96-M640,40,0.41666666666666669,0.36031360410563795,0.36000812720891995,0.36003983687774804
sweep-BE-N96-M640,41,0.42708333333333331,0.36327957572791431,0.36297158425556941,0.36300355494695347
sweep-BE-N96-M640,42,0.4375,0.36585653848134003,0.36554636223835113,0.3655785597172741
sweep-BE-N96-M640,43,0.44791666666666669,0.36804173288965292,0.36772970402051014,0.36776209380910502
sweep-BE-N96-M640,44,0.45833333333333331,0.36983281899194748,0.36951927162497922,0.36955181903944923
sweep-BE-N96-M640,45,0.46875,0.37122787884836339,0.37091314873794384,0.37094581892570228
sweep-BE-N96-M640,46,0.47916666666666669,0.37222541859386404,0.37190984276087852,0.37194260073787
sweep-BE-N96-M640,47,0.48958333333333331,0.3728243700379042,0.37250828640885914,0.37254109709702143
sweep-BE-N96-M640,48,0.5,0.37302409180827567,0.37270783885343794,0.37274066711826437
sweep-BE-N96-M640,49,0.51041666666666663,0.37282437003790425,0.37250828640885914,0.37254109709702143
sweep-BE-N96-M640,50,0.52083333333333337,0.37222541859386404,0.37190984276087852,0.37194260073787
sweep-BE-N96-M640,51,0.53125,0.37122787884836345,0.37091314873794384,0.37094581892570228
sweep-BE-N96-M640,52,0.54166666666666663,0.36983281899194753,0.36951927162497922,0.36955181903944923
sweep-BE-N96-M640,53,0.55208333333333337,0.36804173288965308,0.36772970402051014,0.36776209380910502
sweep-BE-N96-M640,54,0.5625,0.3658565384813402,0.36554636223835113,0.3655785597172741
sweep-BE-N96-M640,55,0.57291666666666663,0.36327957572791447,0.36297158425556941,0.36300355494695347
sweep-BE-N96-M640,56,0.58333333333333337,0.36031360410563817,0.36000812720891995,0.36003983687774804
sweep-BE-N96-M640,57,0.59375,0.35696179965121377,0.35665916444243495,0.35669057913319946
sweep-BE-N96-M640,58,0.60416666666666663,0.35322775156080477,0.35292828210932697,0.35295936818239015
sweep-BE-N96-M640,59,0.61458333333333337,0.34911545834663416,0.34881947533184687,0.34885019949946305
sweep-BE-N96-M640,60,0.625,0.3446293235552772,0.3443371439232063,0.34436747328516726
sweep-BE-N96-M640,61,0.63541666666666663,0.33977415105223396,0.33948608767614774,0.33951598975501307
sweep-BE-N96-M640,62,0.64583333333333337,0.33455513987782953,0.33427150122320631,0.33430094399908095
sweep-BE-N96-M640,63,0.65625,0.32897787867995154,0.32869896847416696,0.32872792041898902
sweep-BE-N96-M640,64,0.66666666666666663,0.32304833972958563,0.32277445663667409,0.32280288674797597
sweep-BE-N96-M640,65,0.67708333333333337,0.3167728725255588,0.3165043098263961,0.31653218766050245
sweep-BE-N96-M640,66,0.6875,0.31015819699533631,0.3098952422735875,0.30992253797821528
sweep-BE-N96-M640,67,0.69791666666666663,0.3032113962991555,0.30295433113332304,0.30298101547954809
sweep-BE-N96-M640,68,0.70833333333333337,0.29593990924520019,0.29568900890710237,0.29571505332065839
sweep-BE-N96-M640,69,0.71875,0.28835152232393868,0.28810705548394205,0.28813243207581862
sweep-BE-N96-M640,70,0.72916666666666663,0.28045436137015461,0.2802165898094745,0.28024127140578148
sweep-BE-N96-M640,71,0.73958333333333337,0.27225688286159966,0.27202606119197881,0.27205002136304463
sweep-BE-N96-M640,72,0.75,0.26376786486358517,0.26354424025464895,0.26356745334332232
sweep-BE-N96-M640,73,0.76041666666666663,0.25499639762921017,0.2547802095437911,0.25480265069291519
sweep-BE-N96-M640,74,0.77083333333333337,0.24595187386529055,0.24574335380300519,0.24576499898203549
sweep-BE-N96-M640,75,0.78125,0.23664397867441334,0.23644334992376725,0.23646417595450386
sweep-BE-N96-M640,76,0.79166666666666663,0.22708267918388619,0.22689015658317094,0.22691014116457855
sweep-BE-N96-M640,77,0.80208333333333337,0.21727821387268809,0.21709400357992648,0.21711312531201474
sweep-BE-N96-M640,78,0.8125,0.20724108160784932,0.20706538088003698,0.20708361928677624
sweep-BE-N96-M640,79,0.82291666666666663,0.19698203040200177,0.19681502738387874,0.19683236293512621
sweep-BE-N96-M640,80,0.83333333333333337,0.18651204590413789,0.18635391942671894,0.18637033355913216
sweep-BE-N96-M640,81,0.84375,0.17584233963590257,0.17569325902498051,0.17570873416189534
sweep-BE-N96-M640,82,0.85416666666666663,0.16498433698601478,0.16484446188084181,0.16485898145109407
sweep-BE-N96-M640,83,0.86458333333333337,0.15394966497567536,0.15381914515801731,0.15383269361368745
sweep-BE-N96-M640,84,0.875,0.14275013980806137,0.14262911504180845,0.14264167787487081
sweep-BE-N96-M640,85,0.88541666666666663,0.13139775421523978,0.13128635409674286,0.13129791785460115
sweep-BE-N96-M640,86,0.89583333333333337,0.11990466461604965,0.11980300843534607,0.1198135607352387
sweep-BE-N96-M640,87,0.90625,0.10828317809870429,0.10819137471177856,0.10820090425403851
sweep-BE-N96-M640,88,0.91666666666666663,0.096545739242053008,0.096463886954271091,0.096472383534425832
sweep-BE-N96-M640,89,0.92708333333333337,0.084704916789614254,0.084633103250456088,0.084640557770154778
sweep-BE-N96-M640,90,0.9375,0.07277339019065035,0.072711692299852415,0.072718096776608634
sweep-BE-N96-M640,91,0.94791666666666663,0.060763936022695642,0.06071241984790493,0.060717767423644549
sweep-BE-N96-M640,92,0.95833333333333337,0.0486894143100772,0.048648135016104002,0.048652419964508989
sweep-BE-N96-M640,93,0.96875,0.036562754753078686,0.03653175654282477,0.036534974275465038
sweep-BE-N96-M640,94,0.97916666666666663,0.024396942882493427,0.024376258949618756,0.024378406020865603
sweep-BE-N96-M640,95,0.98958333333333337,0.012205006154392808,0.01219465864777078,0.012195732758486531
sweep-BE-N96-M640,96,1,0,0,0
sweep-BE-N96-M1280,0,0,0,0,0
sweep-BE-N96-M1280,1,0.010416666666666666,0.012200370956920621,0.012194658647770831,0.012195732758486582
sweep-BE-N96-M1280,2,0.020833333333333332,0.024387677451034605,0.024376258949618736,0.024378406020865582
sweep-BE-N96-M1280,3,0.03125,0.036548869009289317,0.036531756542824687,0.036534974275464954
sweep-BE-N96-M1280,4,0.041666666666666664,0.04867092312315955,0.048648135016103849,0.048652419964508829
sweep-BE-N96-M1280,5,0.052083333333333336,0.060740859193475834,0.060712419847904868,0.060717767423644486
sweep-BE-N96-M1280,6,0.0625,0.072745752430375107,0.072711692299852443,0.072718096776608662
sweep-BE-N96-M1280,7,0.072916666666666671,0.084672747693489536,0.08463310325045606,0.084640557770154737
sweep-BE-N96-M1280,8,0.083333333333333329,0.096509073257552716,0.09646388695427098,0.096472383534425735
sweep-BE-N96-M1280,9,0.09375,0.10824205448868304,0.10819137471177839,0.10820090425403835
sweep-BE-N96-M1280,10,0.10416666666666667,0.11985912741669909,0.11980300843534601,0.11981356073523865
sweep-BE-N96-M1280,11,0.11458333333333333,0.13134785218893361,0.13128635409674289,0.13129791785460115
sweep-BE-N96-M1280,12,0.125,0.14269592639113932,0.14262911504180839,0.14264167787487075
sweep-BE-N96-M1280,13,0.13541666666666666,0.15389119822122221,0.15381914515801737,0.15383269361368751
sweep-BE-N96-M1280,14,0.14583333333333334,0.1649216795016957,0.16484446188084165,0.1648589814510939
sweep-BE-N96-M1280,15,0.15625,0.17577555851692112,0.1756932590249804,0.17570873416189525
sweep-BE-N96-M1280,16,0.16666666666666666,0.18644121266138902,0.18635391942671894,0.18637033355913216
sweep-BE-N96-M1280,17,0.17708333333333334,0.19690722088549606,0.19681502738387868,0.19683236293512615
sweep-BE-N96-M1280,18,0.1875,0.20716237592549086,0.20706538088003687,0.2070836192867761
sweep-BE-N96-M1280,19,0.19791666666666666,0.21719569630449295,0.21709400357992648,0.21711312531201474
sweep-BE-N96-M1280,20,0.20833333333333334,0.2269964380917332,0.22689015658317085,0.22691014116457847
sweep-BE-N96-M1280,21,0.21875,0.23655410640742405,0.23644334992376725,0.23646417595450386
sweep-BE-N96-M1280,22,0.22916666666666666,0.24585846666093955,0.24574335380300516,0.24576499898203544
sweep-BE-N96-M1280,23,0.23958333333333334,0.25489955551027149,0.25478020954379099,0.25480265069291508
sweep-BE-N96-M1280,24,0.25,0.26366769153102526,0.26354424025464895,0.26356745334332227
sweep-BE-N96-M1280,25,0.26041666666666669,0.2721534855835322,0.27202606119197886,0.27205002136304468
sweep-BE-N96-M1280,26,0.27083333333333331,0.28034785086697472,0.2802165898094745,0.28024127140578148
sweep-BE-N96-M1280,27,0.28125,0.28824201264976101,0.288107055483942,0.28813243207581857
sweep-BE-N96-M1280,28,0.29166666666666669,0.29582751766572674,0.29568900890710237,0.29571505332065839
sweep-BE-N96-M1280,29,0.30208333333333331,0.30309624316610462,0.30295433113332304,0.30298101547954809
sweep-BE-N96-M1280,30,0.3125,0.31004040561756729,0.3098952422735875,0.30992253797821528
sweep-BE-N96-M1280,31,0.32291666666666669,0.31665256903702926,0.3165043098263961,0.31653218766050245
sweep-BE-N96-M1280,32,0.33333333333333331,0.32292565295428438,0.32277445663667409,0.32280288674797591
sweep-BE-N96-M1280,33,0.34375,0.32885293999395054,0.32869896847416696,0.32872792041898902
sweep-BE-N96-M1280,34,0.35416666666666669,0.33442808306860311,0.33427150122320631,0.33430094399908095
sweep-BE-N96-M1280,35,0.36458333333333331,0.33964511217539572,0.33948608767614769,0.33951598975501301
sweep-BE-N96-M1280,36,0.375,0.34449844078888864,0.34433714392320625,0.34436747328516726
sweep-BE-N96-M1280,37,0.38541666666666669,0.34898287184323978,0.34881947533184682,0.34885019949946305
sweep-BE-N96-M1280,38,0.39583333333333331,0.3530936032973534,0.35292828210932692,0.3529593681823901
sweep-BE-N96-M1280,39,0.40625,0.35682623327702578,0.3566591644424349,0.3566905791331994
sweep-BE-N96-M1280,40,0.41666666666666669,0.36017676478858263,0.36000812720891995,0.36003983687774804
sweep-BE-N96-M1280,41,0.42708333333333331,0.36314160999895961,0.36297158425556941,0.36300355494695347
sweep-BE-N96-M1280,42,0.4375,0.36571759407764426,0.36554636223835113,0.3655785597172741
sweep-BE-N96-M1280,43,0.44791666666666669,0.36790195859636371,0.36772970402051014,0.36776209380910502
sweep-BE-N96-M1280,44,0.45833333333333331,0.3696923644828789,0.36951927162497922,0.36955181903944923
sweep-BE-N96-M1280,45,0.46875,0.37108689452572186,0.37091314873794384,0.37094581892570228
sweep-BE-N96-M1280,46,0.47916666666666669,0.37208405542719347,0.37190984276087852,0.37194260073787
sweep-BE-N96-M1280,47,0.48958333333333331,0.37268277940242439,0.37250828640885914,0.37254109709702143
sweep-BE-N96-M1280,48,0.5,0.37288242532278543,0.37270783885343794,0.37274066711826437
sweep-BE-N96-M1280,49,0.51041666666666663,0.3726827794024245,0.37250828640885914,0.37254109709702143
sweep-BE-N96-M1280,50,0.52083333333333337,0.3720840554271938,0.37190984276087852,0.37194260073787
sweep-BE-N96-M1280,51,0.53125,0.3710868945257223,0.37091314873794384,0.37094581892570228
sweep-BE-N96-M1280,52,0.54166666666666663,0.36969236448287951,0.36951927162497922,0.36955181903944923
sweep-BE-N96-M1280,53,0.55208333333333337,0.36790195859636449,0.36772970402051014,0.36776209380910502
sweep-BE-N96-M1280,54,0.5625,0.3657175940776452,0.36554636223835113,0.3655785597172741
sweep-BE-N96-M1280,55,0.57291666666666663,0.36314160999896078,0.36297158425556941,0.36300355494695347
sweep-BE-N96-M1280,56,0.58333333333333337,0.36017676478858396,0.36000812720891995,0.36003983687774804
sweep-BE-N96-M1280,57,0.59375,0.35682623327702723,0.35665916444243495,0.35669057913319946
sweep-BE-N96-M1280,58,0.60416666666666663,0.35309360329735495,0.35292828210932697,0.35295936818239015
sweep-BE-N96-M1280,59,0.61458333333333337,0.3489828718432415,0.34881947533184687,0.34885019949946305
sweep-BE-N96-M1280,60,0.625,0.34449844078889047,0.3443371439232063,0.34436747328516726
sweep-BE-N96-M1280,61,0.63541666666666663,0.33964511217539772,0.33948608767614774,0.33951598975501307
sweep-BE-N96-M1280,62,0.64583333333333337,0.33442808306860533,0.33427150122320631,0.33430094399908095
sweep-BE-N96-M1280,63,0.65625,0.32885293999395288,0.32869896847416696,0.32872792041898902
sweep-BE-N96-M1280,64,0.66666666666666663,0.32292565295428693,0.32277445663667409,0.32280288674797597
sweep-BE-N96-M1280,65,0.67708333333333337,0.31665256903703193,0.3165043098263961,0.31653218766050245
sweep-BE-N96-M1280,66,0.6875,0.31004040561757007,0.3098952422735875,0.30992253797821528
sweep-BE-N96-M1280,67,0.69791666666666663,0.30309624316610756,0.30295433113332304,0.30298101547954809
sweep-BE-N96-M1280,68,0.70833333333333337,0.29582751766572979,0.29568900890710237,0.29571505332065839
sweep-BE-N96-M1280,69,0.71875,0.28824201264976412,0.28810705548394205,0.28813243207581862
sweep-BE-N96-M1280,70,0.72916666666666663,0.28034785086697805,0.2802165898094745,0.28024127140578148
sweep-BE-N96-M1280,71,0.73958333333333337,0.27215348558353564,0.27202606119197881,0.27205002136304463
sweep-BE-N96-M1280,72,0.75,0.26366769153102887,0.26354424025464895,0.26356745334332232
sweep-BE-N96-M1280,73,0.76041666666666663,0.25489955551027516,0.2547802095437911,0.25480265069291519
sweep-BE-N96-M1280,74,0.77083333333333337,0.24585846666094333,0.24574335380300519,0.24576499898203549
sweep-BE-N96-M1280,75,0.78125,0.23655410640742791,0.23644334992376725,0.23646417595450386
sweep-BE-N96-M1280,76,0.79166666666666663,0.22699643809173717,0.22689015658317094,0.22691014116457855
sweep-BE-N96-M1280,77,0.80208333333333337,0.21719569630449698,0.21709400357992648,0.21711312531201474
sweep-BE-N96-M1280,78,0.8125,0.20716237592549497,0.20706538088003698,0.20708361928677624
sweep-BE-N96-M1280,79,0.82291666666666663,0.19690722088550028,0.19681502738387874,0.19683236293512621
sweep-BE-N96-M1280,80,0.83333333333333337,0.18644121266139327,0.18635391942671894,0.18637033355913216
sweep-BE-N96-M1280,81,0.84375,0.17577555851692533,0.17569325902498051,0.17570873416189534
sweep-BE-N96-M1280,82,0.85416666666666663,0.16492167950169984,0.16484446188084181,0.16485898145109407
sweep-BE-N96-M1280,83,0.86458333333333337,0.15389119822122627,0.15381914515801731,0.15383269361368745
sweep-BE-N96-M1280,84,0.875,0.14269592639114323,0.14262911504180845,0.14264167787487081
sweep-BE-N96-M1280,85,0.88541666666666663,0.13134785218893735,0.13128635409674286,0.13129791785460115
sweep-BE-N96-M1280,86,0.89583333333333337,0.11985912741670261,0.11980300843534607,0.1198135607352387
sweep-BE-N96-M1280,87,0.90625,0.10824205448868625,0.10819137471177856,0.10820090425403851
sweep-BE-N96-M1280,88,0.91666666666666663,0.096509073257555616,0.096463886954271091,0.096472383534425832
sweep-BE-N96-M1280,89,0.92708333333333337,0.084672747693492104,0.084633103250456088,0.084640557770154778
sweep-BE-N96-M1280,90,0.9375,0.072745752430377328,0.072711692299852415,0.072718096776608634
sweep-BE-N96-M1280,91,0.94791666666666663,0.060740859193477686,0.06071241984790493,0.060717767423644549
sweep-BE-N96-M1280,92,0.95833333333333337,0.04867092312316107,0.048648135016104002,0.048652419964508989
sweep-BE-N96-M1280,93,0.96875,0.036548869009290476,0.03653175654282477,0.036534974275465038
sweep-BE-N96-M1280,94,0.97916666666666663,0.024387677451035386,0.024376258949618756,0.024378406020865603
sweep-BE-N96-M1280,95,0.98958333333333337,0.012200370956921013,0.01219465864777078,0.012195732758486531
sweep-BE-N96-M1280,96,1,0,0,0
sweep-BE-N96-M2560,0,0,0,0,0
sweep-BE-N96-M2560,1,0.010416666666666666,0.012198052233040211,0.012194658647770831,0.012195732758486582
sweep-BE-N96-M2560,2,0.020833333333333332,0.02438304248622139,0.024376258949618736,0.024378406020865582
sweep-BE-N96-M2560,3,0.03125,0.036541922766779707,0.036531756542824687,0.036534974275464954
sweep-BE-N96-M2560,4,0.041666666666666664,0.048661673041164012,0.048648135016103849,0.048652419964508829
sweep-BE-N96-M2560,5,0.052083333333333336,0.06072931517721384,0.060712419847904868,0.060717767423644486
sweep-BE-N96-M2560,6,0.0625,0.072731926841468439,0.072711692299852443,0.072718096776608662
sweep-BE-N96-M2560,7,0.072916666666666671,0.084656655336725076,0.08463310325045606,0.084640557770154737
sweep-BE-N96-M2560,8,0.083333333333333329,0.096490731365029128,0.09646388695427098,0.096472383534425735
sweep-BE-N96-M2560,9,0.09375,0.10822148270135826,0.10819137471177839,0.10820090425403835
sweep-BE-N96-M2560,10,0.10416666666666667,0.11983634776335825,0.11980300843534601,0.11981356073523865
sweep-BE-N96-M2560,11,0.11458333333333333,0.13132288906260003,0.13128635409674289,0.13129791785460115
sweep-BE-N96-M2560,12,0.125,0.14266880652295394,0.14262911504180839,0.14264167787487075
sweep-BE-N96-M2560,13,0.13541666666666666,0.15386195065181907,0.15381914515801737,0.15383269361368751
sweep-BE-N96-M2560,14,0.14583333333333334,0.16489033555010466,0.16484446188084165,0.1648589814510939
sweep-BE-N96-M2560,15,0.15625,0.17574215174703064,0.1756932590249804,0.17570873416189525
sweep-BE-N96-M2560,16,0.16666666666666666,0.18640577884600501,0.18635391942671894,0.18637033355913216
sweep-BE-N96-M2560,17,0.17708333333333334,0.19686979796803544,0.19681502738387868,0.19683236293512615
sweep-BE-N96-M2560,18,0.1875,0.20712300397935099,0.20706538088003687,0.2070836192867761
sweep-BE-N96-M2560,19,0.19791666666666666,0.21715441749013986,0.21709400357992648,0.21711312531201474
sweep-BE-N96-M2560,20,0.20833333333333334,0.22695329661155525,0.22689015658317085,0.22691014116457847
sweep-BE-N96-M2560,21,0.21875,0.23650914845839877,0.23644334992376725,0.23646417595450386
sweep-BE-N96-M2560,22,0.22916666666666666,0.24581174038516485,0.24574335380300516,0.24576499898203544
sweep-BE-N96-M2560,23,0.23958333333333334,0.25485111094341384,0.25478020954379099,0.25480265069291508
sweep-BE-N96-M2560,24,0.25,0.26361758054874035,0.26354424025464895,0.26356745334332227
sweep-BE-N96-M2560,25,0.26041666666666669,0.27210176184591489,0.27202606119197886,0.27205002136304468
sweep-BE-N96-M2560,26,0.27083333333333331,0.2802945697610989,0.2802165898094745,0.28024127140578148
sweep-BE-N96-M2560,27,0.28125,0.28818723123036927,0.288107055483942,0.28813243207581857
sweep-BE-N96-M2560,28,0.29166666666666669,0.29577129459413515,0.29568900890710237,0.29571505332065839
sweep-BE-N96-M2560,29,0.30208333333333331,0.3030386386473865,0.30295433113332304,0.30298101547954809
sweep-BE-N96-M2560,30,0.3125,0.30998148133608405,0.3098952422735875,0.30992253797821528
sweep-BE-N96-M2560,31,0.32291666666666669,0.31659238809037749,0.3165043098263961,0.31653218766050245
sweep-BE-N96-M2560,32,0.33333333333333331,0.32286427978572912,0.32277445663667409,0.32280288674797591
sweep-BE-N96-M2560,33,0.34375,0.32879044032341792,0.32869896847416696,0.32872792041898902
sweep-BE-N96-M2560,34,0.35416666666666669,0.3343645238223058,0.33427150122320631,0.33430094399908095
sweep-BE-N96-M2560,35,0.36458333333333331,0.3395805614141667,0.33948608767614769,0.33951598975501301
sweep-BE-N96-M2560,36,0.375,0.34443296763529968,0.34433714392320625,0.34436747328516726
sweep-BE-N96-M2560,37,0.38541666666666669,0.34891654640758368,0.34881947533184682,0.34885019949946305
sweep-BE-N96-M2560,38,0.39583333333333331,0.35302649660256802,0.35292828210932692,0.3529593681823901
sweep-BE-N96-M2560,39,0.40625,0.35675841718264073,0.3566591644424349,0.3566905791331994
sweep-BE-N96-M2560,40,0.41666666666666669,0.36010831191377046,0.36000812720891995,0.36003983687774804
sweep-BE-N96-M2560,41,0.42708333333333331,0.36307259364477312,0.36297158425556941,0.36300355494695347
sweep-BE-N96-M2560,42,0.4375,0.36564808814852418,0.36554636223835113,0.3655785597172741
sweep-BE-N96-M2560,43,0.44791666666666669,0.36783203752099985,0.36772970402051014,0.36776209380910502
sweep-BE-N96-M2560,44,0.45833333333333331,0.36962210313451016,0.36951927162497922,0.36955181903944923
sweep-BE-N96-M2560,45,0.46875,0.37101636814195987,0.37091314873794384,0.37094581892570228
sweep-BE-N96-M2560,46,0.47916666666666669,0.37201333952945648,0.37190984276087852,0.37194260073787
sweep-BE-N96-M2560,47,0.48958333333333331,0.372611949715067,0.37250828640885914,0.37254109709702143
sweep-BE-N96-M2560,48,0.5,0.37281155769201085,0.37270783885343794,0.37274066711826437
sweep-BE-N96-M2560,49,0.51041666666666663,0.37261194971506684,0.37250828640885914,0.37254109709702143
sweep-BE-N96-M2560,50,0.52083333333333337,0.37201333952945637,0.37190984276087852,0.37194260073787
sweep-BE-N96-M2560,51,0.53125,0.37101636814195971,0.37091314873794384,0.37094581892570228
sweep-BE-N96-M2560,52,0.54166666666666663,0.36962210313450994,0.36951927162497922,0.36955181903944923
sweep-BE-N96-M2560,53,0.55208333333333337,0.36783203752099958,0.36772970402051014,0.36776209380910502
sweep-BE-N96-M2560,54,0.5625,0.3656480881485239,0.36554636223835113,0.3655785597172741
sweep-BE-N96-M2560,55,0.57291666666666663,0.36307259364477285,0.36297158425556941,0.36300355494695347
sweep-BE-N96-M2560,56,0.58333333333333337,0.36010831191377018,0.36000812720891995,0.36003983687774804
sweep-BE-N96-M2560,57,0.59375,0.35675841718264056,0.35665916444243495,0.35669057913319946
sweep-BE-N96-M2560,58,0.60416666666666663,0.35302649660256785,0.35292828210932697,0.35295936818239015
sweep-BE-N96-M2560,59,0.61458333333333337,0.34891654640758368,0.34881947533184687,0.34885019949946305
sweep-BE-N96-M2560,60,0.625,0.34443296763529968,0.3443371439232063,0.34436747328516726
sweep-BE-N96-M2560,61,0.63541666666666663,0.3395805614141667,0.33948608767614774,0.33951598975501307
sweep-BE-N96-M2560,62,0.64583333333333337,0.3343645238223058,0.33427150122320631,0.33430094399908095
sweep-BE-N96-M2560,63,0.65625,0.32879044032341798,0.32869896847416696,0.32872792041898902
sweep-BE-N96-M2560,64,0.66666666666666663,0.32286427978572929,0.32277445663667409,0.32280288674797597
sweep-BE-N96-M2560,65,0.67708333333333337,0.31659238809037771,0.3165043098263961,0.31653218766050245
sweep-BE-N96-M2560,66,0.6875,0.30998148133608433,0.3098952422735875,0.30992253797821528
sweep-BE-N96-M2560,67,0.69791666666666663,0.30303863864738678,0.30295433113332304,0.30298101547954809
sweep-BE-N96-M2560,68,0.70833333333333337,0.29577129459413537,0.29568900890710237,0.29571505332065839
sweep-BE-N96-M2560,69,0.71875,0.28818723123036954,0.28810705548394205,0.28813243207581862
sweep-BE-N96-M2560,70,0.72916666666666663,0.28029456976109918,0.2802165898094745,0.28024127140578148
sweep-BE-N96-M2560,71,0.73958333333333337,0.27210176184591522,0.27202606119197881,0.27205002136304463
sweep-BE-N96-M2560,72,0.75,0.26361758054874068,0.26354424025464895,0.26356745334332232
sweep-BE-N96-M2560,73,0.76041666666666663,0.25485111094341423,0.2547802095437911,0.25480265069291519
sweep-BE-N96-M2560,74,0.77083333333333337,0.24581174038516526,0.24574335380300519,0.24576499898203549
sweep-BE-N96-M2560,75,0.78125,0.23650914845839918,0.23644334992376725,0.23646417595450386
sweep-BE-N96-M2560,76,0.79166666666666663,0.22695329661155561,0.22689015658317094,0.22691014116457855
sweep-BE-N96-M2560,77,0.80208333333333337,0.21715441749014025,0.21709400357992648,0.21711312531201474
sweep-BE-N96-M2560,78,0.8125,0.20712300397935143,0.20706538088003698,0.20708361928677624
sweep-BE-N96-M2560,79,0.82291666666666663,0.19686979796803594,0.19681502738387874,0.19683236293512621
sweep-BE-N96-M2560,80,0.83333333333333337,0.18640577884600554,0.18635391942671894,0.18637033355913216
sweep-BE-N96-M2560,81,0.84375,0.17574215174703114,0.17569325902498051,0.17570873416189534
sweep-BE-N96-M2560,82,0.85416666666666663,0.16489033555010515,0.16484446188084181,0.16485898145109407
sweep-BE-N96-M2560,83,0.86458333333333337,0.1538619506518196,0.15381914515801731,0.15383269361368745
sweep-BE-N96-M2560,84,0.875,0.14266880652295447,0.14262911504180845,0.14264167787487081
sweep-BE-N96-M2560,85,0.88541666666666663,0.13132288906260059,0.13128635409674286,0.13129791785460115
sweep-BE-N96-M2560,86,0.89583333333333337,0.11983634776335882,0.11980300843534607,0.1198135607352387
sweep-BE-N96-M2560,87,0.90625,0.10822148270135881,0.10819137471177856,0.10820090425403851
sweep-BE-N96-M2560,88,0.91666666666666663,0.096490731365029628,0.096463886954271091,0.096472383534425832
sweep-BE-N96-M2560,89,0.92708333333333337,0.084656655336725506,0.084633103250456088,0.084640557770154778
sweep-BE-N96-M2560,90,0.9375,0.072731926841468814,0.072711692299852415,0.072718096776608634
sweep-BE-N96-M2560,91,0.94791666666666663,0.060729315177214166,0.06071241984790493,0.060717767423644549
sweep-BE-N96-M2560,92,0.95833333333333337,0.048661673041164283,0.048648135016104002,0.048652419964508989
sweep-BE-N96-M2560,93,0.96875,0.036541922766779915,0.03653175654282477,0.036534974275465038
sweep-BE-N96-M2560,94,0.97916666666666663,0.024383042486221529,0.024376258949618756,0.024378406020865603
sweep-BE-N96-M2560,95,0.98958333333333337,0.012198052233040281,0.01219465864777078,0.012195732758486531
sweep-BE-N96-M2560,96,1,0,0,0
sweep-BE-N128-M10,0,0,0,0,0
sweep-BE-N128-M10,1,0.0078125,0.0095750329125046038,0.0091467082455829879,0.0091471614197757203
sweep-BE-N128-M10,2,0.015625,0.019144298183216259,0.018287906856136286,0.018288812931546564
sweep-BE-N128-M10,3,0.0234375,0.028702031644553757,0.027418089515428335,0.027419447946270208
sweep-BE-N128-M10,4,0.03125,0.038242476075266665,0.036531756542824687,0.036533566510830215
sweep-BE-N128-M10,5,0.0390625,0.047759884668370112,0.045623418206090005,0.045625678621002135
sweep-BE-N128-M10,6,0.046875,0.05724852449280645,0.054687598028197462,0.054690307528426782
sweep-BE-N128-M10,7,0.0546875,0.066702679946748542,0.063718836086153724,0.063721993039598607
sweep-BE-N128-M10,8,0.0625,0.076116656200464552,0.072711692299852443,0.072715294804882175
sweep-BE-N128-M10,9,0.0703125,0.08548478262667053,0.081660749708975036,0.081664795595575296
sweep-BE-N128-M10,10,0.078125,0.094801416216304085,0.090560617735965035,0.090565104567045029
sweep-BE-N128-M10,11,0.0859375,0.10406094497766223,0.099405935433110493,0.099410860505970949
sweep-BE-N128-M10,12,0.09375,0.11325779131685516,0.10819137471177839,0.10819673505973956
sweep-BE-N128-M10,13,0.1015625,0.12238641539754043,0.11691164355185601,0.11691743594604474
sweep-BE-N128-M10,14,0.109375,0.13144131847791304,0.12556148918946589,0.12556771014076049
sweep-BE-N128-M10,15,0.1171875,0.14041704622294204,0.1341357012810345,0.13414234704216657
sweep-BE-N128-M10,16,0.125,0.14930819198985787,0.14262911504180839,0.14263618160961988
sweep-BE-N128-M10,17,0.1328125,0.15810940008491189,0.1510366143569272,0.15104409747478192
sweep-BE-N128-M10,18,0.140625,0.16681536898944604,0.15935313486318017,0.15936103002352772
sweep-BE-N128-M10,19,0.1484375,0.17542085455332937,0.16757366699958906,0.16758196944668008
sweep-BE-N128-M10,20,0.15625,0.18392067315383803,0.17569325902498042,0.17570196375773123
sweep-BE-N128-M10,21,0.1640625,0.19230970481807574,0.18370702000072922,0.18371612177573429
sweep-BE-N128-M10,22,0.171875,0.20058289630705409,0.1916101227368775,0.19161961607156788
sweep-BE-N128-M10,23,0.1796875,0.20873526415957463,0.19939780669985305,0.19940768587579896
sweep-BE-N128-M10,24,0.1875,0.21676189769407969,0.20706538088003687,0.20707563994639208
sweep-BE-N128-M10,25,0.1953125,0.22465796196666327,0.21460822661745185,0.21461885939453842
sweep-BE-N128-M10,26,0.203125,0.23241870068346038,0.22202180038387093,0.22203280046690152
sweep-BE-N128-M10,27,0.2109375,0.24003943906566075,0.22930163651966856,0.22931299728260449
sweep-BE-N128-M10,28,0.21875,0.24751558666542073,0.23644334992376725,0.23645506452330972
sweep-BE-N128-M10,29,0.2265625,0.2548426401309774,0.24344263869505817,0.24345470007477044
sweep-BE-N128-M10,30,0.234375,0.26201618591929926,0.25029528672370571,0.25030768761826366
sweep-BE-N128-M10,31,0.2421875,0.26903190295463952,0.25699716623077451,0.25700989917034295
sweep-BE-N128-M10,32,0.25,0.27588556523139079,0.26354424025464895,0.26355729756938123
sweep-BE-N128-M10,33,0.2578125,0.2825730443596724,0.26993256508274782,0.26994593890740576
sweep-BE-N128-M10,34,0.265625,0.28909031205211838,0.27615829262706959,0.27617197490576129
sweep-BE-N128-M10,35,0.2734375,0.29543344255036724,0.28221767274213644,0.28223165523316884
sweep-BE-N128-M10,36,0.28125,0.30159861498979168,0.288107055483942,0.28812132976478533
sweep-BE-N128-M10,37,0.2890625,0.30758211570104488,0.29382289330854061,0.2938374507809019
sweep-BE-N128-M10,38,0.296875,0.31338034044703589,0.29936174320895587,0.29937657510395804
sweep-BE-N128-M10,39,0.3046875,0.31898979659398724,0.30472026878911862,0.30473536617258273
sweep-BE-N128-M10,40,0.3125,0.32440710521526717,0.30989524227358756,0.30991059605141436
sweep-BE-N128-M10,41,0.3203125,0.32962900312672838,0.3148835464518403,0.31489914737548813
sweep-BE-N128-M10,42,0.328125,0.33465234485232837,0.31968217655596476,0.31969801522802055
sweep-BE-N128-M10,43,0.3359375,0.33947410451884646,0.32428824207061829,0.32430430895045825
sweep-BE-N128-M10,44,0.34375,0.34409137767855674,0.32869896847416691,0.32871525388370343
sweep-BE-N128-M10,45,0.3515625,0.34850138305875883,0.33291169890995287,0.33292819303946414
sweep-BE-N128-M10,46,0.359375,0.35270146423711241,0.33692389578668558,0.33694058870072485
sweep-BE-N128-M10,47,0.3671875,0.35668909124176673,0.34073314230699236,0.34075002395037235
sweep-BE-N128-M10,48,0.375,0.36046186207532116,0.34433714392320625,0.34435420412705614
sweep-BE-N128-M10,49,0.3828125,0.36401750416169854,0.34773372971951588,0.34775095820740692
sweep-BE-N128-M10,50,0.390625,0.36735387571506017,0.35092085371964421,0.35093824011377939
sweep-BE-N128-M10,51,0.3984375,0.37046896702993715,0.35389659611926766,0.35391412994673332
sweep-BE-N128-M10,52,0.40625,0.3733609016918023,0.35665916444243495,0.35667683514150911
sweep-BE-N128-M10,53,0.4140625,0.37602793770735171,0.35920689462128719,0.35922469154780146
sweep-BE-N128-M10,54,0.421875,0.37846846855381633,0.36153825199843054,0.36155616443218186
sweep-BE-N128-M10,55,0.4296875,0.38068102414667165,0.36365183225135606,0.36366984940256408
sweep-BE-N128-M10,56,0.4375,0.38266427172516149,0.36554636223835113,0.36556447325415775
sweep-BE-N128-M10,57,0.4453125,0.38441701665510275,0.36722070076539276,0.36723889473639915
sweep-BE-N128-M10,58,0.453125,0.38593820314848909,0.36867383927355973,0.36869210524039819
sweep-BE-N128-M10,59,0.4609375,0.38722691489945776,0.36990490244655111,0.36992322940648609
sweep-BE-N128-M10,60,0.46875,0.38828237563623791,0.37091314873794384,0.37093152565150006
sweep-BE-N128-M10,61,0.4765625,0.38910394958874805,0.37169797081787281,0.37171638661548473
sweep-BE-N128-M10,62,0.484375,0.38969114187155973,0.37225889593886341,0.37227733952754311
sweep-BE-N128-M10,63,0.4921875,0.39004359878199829,0.37259558622059719,0.37261404649061647
sweep-BE-N128-M10,64,0.5,0.3901611080132002,0.37270783885343794,0.37272630468502049
sweep-BE-N128-M10,65,0.5078125,0.39004359878199846,0.37259558622059719,0.37261404649061647
sweep-BE-N128-M10,66,0.515625,0.38969114187156001,0.37225889593886341,0.37227733952754311
sweep-BE-N128-M10,67,0.5234375,0.38910394958874844,0.37169797081787281,0.37171638661548473
sweep-BE-N128-M10,68,0.53125,0.38828237563623846,0.37091314873794384,0.37093152565150012
sweep-BE-N128-M10,69,0.5390625,0.38722691489945832,0.36990490244655111,0.36992322940648609
sweep-BE-N128-M10,70,0.546875,0.3859382031484897,0.36867383927355973,0.36869210524039819
sweep-BE-N128-M10,71,0.5546875,0.38441701665510336,0.36722070076539276,0.36723889473639915
sweep-BE-N128-M10,72,0.5625,0.3826642717251621,0.36554636223835113,0.36556447325415775
sweep-BE-N128-M10,73,0.5703125,0.38068102414667238,0.36365183225135606,0.36366984940256408
sweep-BE-N128-M10,74,0.578125,0.37846846855381694,0.36153825199843054,0.36155616443218186
sweep-BE-N128-M10,75,0.5859375,0.37602793770735227,0.35920689462128719,0.35922469154780146
sweep-BE-N128-M10,76,0.59375,0.37336090169180297,0.35665916444243495,0.35667683514150911
sweep-BE-N128-M10,77,0.6015625,0.37046896702993787,0.35389659611926766,0.35391412994673332
sweep-BE-N128-M10,78,0.609375,0.36735387571506084,0.35092085371964421,0.35093824011377939
sweep-BE-N128-M10,79,0.6171875,0.3640175041616992,0.34773372971951588,0.34775095820740692
sweep-BE-N128-M10,80,0.625,0.36046186207532183,0.34433714392320625,0.34435420412705614
sweep-BE-N128-M10,81,0.6328125,0.3566890912417674,0.34073314230699236,0.34075002395037235
sweep-BE-N128-M10,82,0.640625,0.35270146423711307,0.33692389578668563,0.33694058870072491
sweep-BE-N128-M10,83,0.6484375,0.34850138305875961,0.33291169890995281,0.33292819303946414
sweep-BE-N128-M10,84,0.65625,0.34409137767855758,0.32869896847416696,0.32871525388370348
sweep-BE-N128-M10,85,0.6640625,0.33947410451884735,0.32428824207061835,0.32430430895045831
sweep-BE-N128-M10,86,0.671875,0.33465234485232931,0.31968217655596476,0.31969801522802055
sweep-BE-N128-M10,87,0.6796875,0.32962900312672944,0.31488354645184041,0.31489914737548824
sweep-BE-N128-M10,88,0.6875,0.32440710521526839,0.30989524227358761,0.30991059605141441
sweep-BE-N128-M10,89,0.6953125,0.31898979659398857,0.30472026878911862,0.30473536617258273
sweep-BE-N128-M10,90,0.703125,0.31338034044703733,0.29936174320895592,0.29937657510395804
sweep-BE-N128-M10,91,0.7109375,0.30758211570104649,0.29382289330854067,0.29383745078090195
sweep-BE-N128-M10,92,0.71875,0.3015986149897934,0.28810705548394205,0.28812132976478538
sweep-BE-N128-M10,93,0.7265625,0.29543344255036902,0.28221767274213649,0.2822316552331689
sweep-BE-N128-M10,94,0.734375,0.28909031205212021,0.27615829262706953,0.27617197490576129
sweep-BE-N128-M10,95,0.7421875,0.28257304435967429,0.26993256508274782,0.26994593890740576
sweep-BE-N128-M10,96,0.75,0.27588556523139274,0.26354424025464895,0.26355729756938123
sweep-BE-N128-M10,97,0.7578125,0.26903190295464147,0.25699716623077462,0.25700989917034306
sweep-BE-N128-M10,98,0.765625,0.26201618591930115,0.25029528672370582,0.25030768761826377
sweep-BE-N128-M10,99,0.7734375,0.25484264013097929,0.24344263869505811,0.24345470007477041
sweep-BE-N128-M10,100,0.78125,0.24751558666542259,0.23644334992376725,0.23645506452330972
sweep-BE-N128-M10,101,0.7890625,0.24003943906566255,0.22930163651966862,0.22931299728260454
sweep-BE-N128-M10,102,0.796875,0.23241870068346213,0.22202180038387095,0.22203280046690155
sweep-BE-N128-M10,103,0.8046875,0.22465796196666493,0.21460822661745188,0.21461885939453845
sweep-BE-N128-M10,104,0.8125,0.21676189769408136,0.20706538088003687,0.20707563994639208
sweep-BE-N128-M10,105,0.8203125,0.20873526415957622,0.19939780669985305,0.19940768587579896
sweep-BE-N128-M10,106,0.828125,0.20058289630705559,0.19161012273687753,0.19161961607156794
sweep-BE-N128-M10,107,0.8359375,0.19230970481807716,0.18370702000072928,0.18371612177573432
sweep-BE-N128-M10,108,0.84375,0.18392067315383936,0.17569325902498051,0.17570196375773131
sweep-BE-N128-M10,109,0.8515625,0.17542085455333065,0.16757366699958917,0.16758196944668019
sweep-BE-N128-M10,110,0.859375,0.16681536898944724,0.15935313486318015,0.15936103002352769
sweep-BE-N128-M10,111,0.8671875,0.158109400084913,0.15103661435692722,0.15104409747478192
sweep-BE-N128-M10,112,0.875,0.1493081919898589,0.14262911504180845,0.14263618160961994
sweep-BE-N128-M10,113,0.8828125,0.14041704622294301,0.13413570128103458,0.13414234704216665
sweep-BE-N128-M10,114,0.890625,0.13144131847791396,0.125561489189466,0.1255677101407606
sweep-BE-N128-M10,115,0.8984375,0.12238641539754129,0.11691164355185597,0.1169174359460447
sweep-BE-N128-M10,116,0.90625,0.11325779131685597,0.10819137471177841,0.10819673505973959
sweep-BE-N128-M10,117,0.9140625,0.10406094497766297,0.099405935433110534,0.099410860505970991
sweep-BE-N128-M10,118,0.921875,0.094801416216304779,0.090560617735965104,0.090565104567045099
sweep-BE-N128-M10,119,0.9296875,0.085484782626671141,0.081660749708975133,0.081664795595575393
sweep-BE-N128-M10,120,0.9375,0.076116656200465121,0.072711692299852582,0.072715294804882313
sweep-BE-N128-M10,121,0.9453125,0.066702679946749041,0.063718836086153724,0.063721993039598607
sweep-BE-N128-M10,122,0.953125,0.057248524492806888,0.054687598028197483,0.054690307528426803
sweep-BE-N128-M10,123,0.9609375,0.047759884668370473,0.045623418206090061,0.045625678621002197
sweep-BE-N128-M10,124,0.96875,0.038242476075266943,0.03653175654282477,0.036533566510830298
sweep-BE-N128-M10,125,0.9765625,0.028702031644553955,0.027418089515428446,0.027419447946270322
sweep-BE-N128-M10,126,0.984375,0.019144298183216387,0.018287906856136269,0.018288812931546546
sweep-BE-N128-M10,127,0.9921875,0.0095750329125046697,0.0091467082455830018,0.0091471614197757359
sweep-BE-N128-M10,128,1,0,0,0
sweep-BE-N128-M20,0,0,0,0,0
sweep-BE-N128-M20,1,0.0078125,0.0093653894085359464,0.0091467082455829879,0.0091471614197757203
sweep-BE-N128-M20,2,0.015625,0.018725137456686657,0.018287906856136286,0.018288812931546564
sweep-BE-N128-M20,3,0.0234375,0.028073606182211448,0.027418089515428335,0.027419447946270208
sweep-BE-N128-M20,4,0.03125,0.037405164417111822,0.036531756542824687,0.036533566510830215
sweep-BE-N128-M20,5,0.0390625,0.046714191179636516,0.045623418206090005,0.045625678621002135
sweep-BE-N128-M20,6,0.046875,0.055995079060150714,0.054687598028197462,0.054690307528426782
sweep-BE-N128-M20,7,0.0546875,0.065242237598829939,0.063718836086153724,0.063721993039598607
sweep-BE-N128-M20,8,0.0625,0.074450096653144032,0.072711692299852443,0.072715294804882175
sweep-BE-N128-M20,9,0.0703125,0.083613109753102682,0.081660749708975036,0.081664795595575296
sweep-BE-N128-M20,10,0.078125,0.092725757442241624,0.090560617735965035,0.090565104567045029
sweep-BE-N128-M20,11,0.0859375,0.10178255060233676,0.099405935433110493,0.099410860505970949
sweep-BE-N128-M20,12,0.09375,0.11077803375984374,0.10819137471177839,0.10819673505973956
sweep-BE-N128-M20,13,0.1015625,0.11970678837207128,0.11691164355185601,0.11691743594604474
sweep-BE-N128-M20,14,0.109375,0.12856343609110862,0.12556148918946589,0.12556771014076049
sweep-BE-N128-M20,15,0.1171875,0.13734264200354118,0.1341357012810345,0.13414234704216657
sweep-BE-N128-M20,16,0.125,0.14603911784400297,0.14262911504180839,0.14263618160961988
sweep-BE-N128-M20,17,0.1328125,0.15464762518062991,0.1510366143569272,0.15104409747478192
sweep-BE-N128-M20,18,0.140625,0.16316297857049519,0.15935313486318017,0.15936103002352772
sweep-BE-N128-M20,19,0.1484375,0.17158004868312635,0.16757366699958906,0.16758196944668008
sweep-BE-N128-M20,20,0.15625,0.17989376539022203,0.17569325902498042,0.17570196375773123
sweep-BE-N128-M20,21,0.1640625,0.18809912081970784,0.18370702000072922,0.18371612177573429
sweep-BE-N128-M20,22,0.171875,0.196191172372291,0.1916101227368775,0.19161961607156788
sweep-BE-N128-M20,23,0.1796875,0.20416504569869756,0.19939780669985305,0.19940768587579896
sweep-BE-N128-M20,24,0.1875,0.21201593763579796,0.20706538088003687,0.20707563994639208
sweep-BE-N128-M20,25,0.1953125,0.21973911909985311,0.21460822661745185,0.21461885939453842
sweep-BE-N128-M20,26,0.203125,0.22732993793513739,0.22202180038387093,0.22203280046690152
sweep-BE-N128-M20,27,0.2109375,0.23478382171622342,0.22930163651966856,0.22931299728260449
sweep-BE-N128-M20,28,0.21875,0.24209628050224016,0.23644334992376725,0.23645506452330972
sweep-BE-N128-M20,29,0.2265625,0.24926290954144534,0.24344263869505817,0.24345470007477044
sweep-BE-N128-M20,30,0.234375,0.25627939192448329,0.25029528672370571,0.25030768761826366
sweep-BE-N128-M20,31,0.2421875,0.26314150118472962,0.25699716623077451,0.25700989917034295
sweep-BE-N128-M20,32,0.25,0.26984510384415672,0.26354424025464895,0.26355729756938123
sweep-BE-N128-M20,33,0.2578125,0.27638616190318649,0.26993256508274782,0.26994593890740576
sweep-BE-N128-M20,34,0.265625,0.28276073527303008,0.27615829262706959,0.27617197490576129
sweep-BE-N128-M20,35,0.2734375,0.28896498414905009,0.28221767274213644,0.28223165523316884
sweep-BE-N128-M20,36,0.28125,0.29499517132371544,0.288107055483942,0.28812132976478533
sweep-BE-N128-M20,37,0.2890625,0.30084766443775524,0.29382289330854061,0.2938374507809019
sweep-BE-N128-M20,38,0.296875,0.30651893816815651,0.29936174320895587,0.29937657510395804
sweep-BE-N128-M20,39,0.3046875,0.31200557635168663,0.30472026878911862,0.30473536617258273
sweep-BE-N128-M20,40,0.3125,0.31730427404266243,0.30989524227358756,0.30991059605141436
sweep-BE-N128-M20,41,0.3203125,0.32241183950372593,0.3148835464518403,0.31489914737548813
sweep-BE-N128-M20,42,0.328125,0.32732519612842759,0.31968217655596476,0.31969801522802055
sweep-BE-N128-M20,43,0.3359375,0.33204138429445884,0.32428824207061829,0.32430430895045825
sweep-BE-N128-M20,44,0.34375,0.33655756314641821,0.32869896847416691,0.32871525388370343
sweep-BE-N128-M20,45,0.3515625,0.34087101230703598,0.33291169890995287,0.33292819303946414
sweep-BE-N128-M20,46,0.359375,0.34497913351582815,0.33692389578668558,0.33694058870072485
sweep-BE-N128-M20,47,0.3671875,0.34887945219419103,0.34073314230699236,0.34075002395037235
sweep-BE-N128-M20,48,0.375,0.35256961893599514,0.34433714392320625,0.34435420412705614
sweep-BE-N128-M20,49,0.3828125,0.35604741092277936,0.34773372971951588,0.34775095820740692
sweep-BE-N128-M20,50,0.390625,0.35931073326269386,0.35092085371964421,0.35093824011377939
sweep-BE-N128-M20,51,0.3984375,0.36235762025238466,0.35389659611926766,0.35391412994673332
sweep-BE-N128-M20,52,0.40625,0.36518623656105953,0.35665916444243495,0.35667683514150911
sweep-BE-N128-M20,53,0.4140625,0.36779487833602298,0.35920689462128719,0.35922469154780146
sweep-BE-N128-M20,54,0.421875,0.37018197422901311,0.36153825199843054,0.36155616443218186
sweep-BE-N128-M20,55,0.4296875,0.3723460863427232,0.36365183225135606,0.36366984940256408
sweep-BE-N128-M20,56,0.4375,0.37428591109693743,0.36554636223835113,0.36556447325415775
sweep-BE-N128-M20,57,0.4453125,0.37600028001375846,0.36722070076539276,0.36723889473639915
sweep-BE-N128-M20,58,0.453125,0.37748816042145533,0.36867383927355973,0.36869210524039819
sweep-BE-N128-M20,59,0.4609375,0.37874865607650576,0.36990490244655111,0.36992322940648609
sweep-BE-N128-M20,60,0.46875,0.37978100770346018,0.37091314873794384,0.37093152565150006
sweep-BE-N128-M20,61,0.4765625,0.38058459345230061,0.37169797081787281,0.37171638661548473
sweep-BE-N128-M20,62,0.484375,0.38115892927301998,0.37225889593886341,0.37227733952754311
sweep-BE-N128-M20,63,0.4921875,0.38150366920719558,0.37259558622059719,0.37261404649061647
sweep-BE-N128-M20,64,0.5,0.38161860559638189,0.37270783885343794,0.37272630468502049
sweep-BE-N128-M20,65,0.5078125,0.38150366920719558,0.37259558622059719,0.37261404649061647
sweep-BE-N128-M20,66,0.515625,0.38115892927301992,0.37225889593886341,0.37227733952754311
sweep-BE-N128-M20,67,0.5234375,0.38058459345230056,0.37169797081787281,0.37171638661548473
sweep-BE-N128-M20,68,0.53125,0.37978100770346007,0.37091314873794384,0.37093152565150012
sweep-BE-N128-M20,69,0.5390625,0.3787486560765056,0.36990490244655111,0.36992322940648609
sweep-BE-N128-M20,70,0.546875,0.377488160421455,0.36867383927355973,0.36869210524039819
sweep-BE-N128-M20,71,0.5546875,0.37600028001375813,0.36722070076539276,0.36723889473639915
sweep-BE-N128-M20,72,0.5625,0.37428591109693693,0.36554636223835113,0.36556447325415775
sweep-BE-N128-M20,73,0.5703125,0.37234608634272259,0.36365183225135606,0.36366984940256408
sweep-BE-N128-M20,74,0.578125,0.37018197422901233,0.36153825199843054,0.36155616443218186
sweep-BE-N128-M20,75,0.5859375,0.36779487833602215,0.35920689462128719,0.35922469154780146
sweep-BE-N128-M20,76,0.59375,0.3651862365610587,0.35665916444243495,0.35667683514150911
sweep-BE-N128-M20,77,0.6015625,0.36235762025238372,0.35389659611926766,0.35391412994673332
sweep-BE-N128-M20,78,0.609375,0.35931073326269281,0.35092085371964421,0.35093824011377939
sweep-BE-N128-M20,79,0.6171875,0.35604741092277814,0.34773372971951588,0.34775095820740692
sweep-BE-N128-M20,80,0.625,0.35256961893599387,0.34433714392320625,0.34435420412705614
sweep-BE-N128-M20,81,0.6328125,0.34887945219418981,0.34073314230699236,0.34075002395037235
sweep-BE-N128-M20,82,0.640625,0.34497913351582687,0.33692389578668563,0.33694058870072491
sweep-BE-N128-M20,83,0.6484375,0.34087101230703476,0.33291169890995281,0.33292819303946414
sweep-BE-N128-M20,84,0.65625,0.33655756314641699,0.32869896847416696,0.32871525388370348
sweep-BE-N128-M20,85,0.6640625,0.33204138429445762,0.32428824207061835,0.32430430895045831
sweep-BE-N128-M20,86,0.671875,0.32732519612842631,0.31968217655596476,0.31969801522802055
sweep-BE-N128-M20,87,0.6796875,0.32241183950372471,0.31488354645184041,0.31489914737548824
sweep-BE-N128-M20,88,0.6875,0.31730427404266121,0.30989524227358761,0.30991059605141441
sweep-BE-N128-M20,89,0.6953125,0.31200557635168541,0.30472026878911862,0.30473536617258273
sweep-BE-N128-M20,90,0.703125,0.30651893816815534,0.29936174320895592,0.29937657510395804
sweep-BE-N128-M20,91,0.7109375,0.30084766443775407,0.29382289330854067,0.29383745078090195
sweep-BE-N128-M20,92,0.71875,0.29499517132371428,0.28810705548394205,0.28812132976478538
sweep-BE-N128-M20,93,0.7265625,0.28896498414904898,0.28221767274213649,0.2822316552331689
sweep-BE-N128-M20,94,0.734375,0.28276073527302903,0.27615829262706953,0.27617197490576129
sweep-BE-N128-M20,95,0.7421875,0.27638616190318555,0.26993256508274782,0.26994593890740576
sweep-BE-N128-M20,96,0.75,0.26984510384415583,0.26354424025464895,0.26355729756938123
sweep-BE-N128-M20,97,0.7578125,0.26314150118472873,0.25699716623077462,0.25700989917034306
sweep-BE-N128-M20,98,0.765625,0.25627939192448246,0.25029528672370582,0.25030768761826377
sweep-BE-N128-M20,99,0.7734375,0.24926290954144456,0.24344263869505811,0.24345470007477041
sweep-BE-N128-M20,100,0.78125,0.24209628050223941,0.23644334992376725,0.23645506452330972
sweep-BE-N128-M20,101,0.7890625,0.2347838217162227,0.22930163651966862,0.22931299728260454
sweep-BE-N128-M20,102,0.796875,0.22732993793513664,0.22202180038387095,0.22203280046690155
sweep-BE-N128-M20,103,0.8046875,0.21973911909985239,0.21460822661745188,0.21461885939453845
sweep-BE-N128-M20,104,0.8125,0.21201593763579729,0.20706538088003687,0.20707563994639208
sweep-BE-N128-M20,105,0.8203125,0.20416504569869695,0.19939780669985305,0.19940768587579896
sweep-BE-N128-M20,106,0.828125,0.19619117237229047,0.19161012273687753,0.19161961607156794
sweep-BE-N128-M20,107,0.8359375,0.18809912081970737,0.18370702000072928,0.18371612177573432
sweep-BE-N128-M20,108,0.84375,0.17989376539022164,0.17569325902498051,0.17570196375773131
sweep-BE-N128-M20,109,0.8515625,0.17158004868312601,0.16757366699958917,0.16758196944668019
sweep-BE-N128-M20,110,0.859375,0.16316297857049492,0.15935313486318015,0.15936103002352769
sweep-BE-N128-M20,111,0.8671875,0.15464762518062966,0.15103661435692722,0.15104409747478192
sweep-BE-N128-M20,112,0.875,0.14603911784400278,0.14262911504180845,0.14263618160961994
sweep-BE-N128-M20,113,0.8828125,0.13734264200354099,0.13413570128103458,0.13414234704216665
sweep-BE-N128-M20,114,0.890625,0.12856343609110846,0.125561489189466,0.1255677101407606
sweep-BE-N128-M20,115,0.8984375,0.11970678837207115,0.11691164355185597,0.1169174359460447
sweep-BE-N128-M20,116,0.90625,0.1107780337598436,0.10819137471177841,0.10819673505973959
sweep-BE-N128-M20,117,0.9140625,0.10178255060233664,0.099405935433110534,0.099410860505970991
sweep-BE-N128-M20,118,0.921875,0.092725757442241513,0.090560617735965104,0.090565104567045099
sweep-BE-N128-M20,119,0.9296875,0.083613109753102585,0.081660749708975133,0.081664795595575393
sweep-BE-N128-M20,120,0.9375,0.074450096653143935,0.072711692299852582,0.072715294804882313
sweep-BE-N128-M20,121,0.9453125,0.065242237598829855,0.063718836086153724,0.063721993039598607
sweep-BE-N128-M20,122,0.953125,0.055995079060150638,0.054687598028197483,0.054690307528426803
sweep-BE-N128-M20,123,0.9609375,0.046714191179636454,0.045623418206090061,0.045625678621002197
sweep-BE-N128-M20,124,0.96875,0.037405164417111773,0.03653175654282477,0.036533566510830298
sweep-BE-N128-M20,125,0.9765625,0.028073606182211414,0.027418089515428446,0.027419447946270322
sweep-BE-N128-M20,126,0.984375,0.018725137456686636,0.018287906856136269,0.018288812931546546
sweep-BE-N128-M20,127,0.9921875,0.009365389408535936,0.0091467082455830018,0.0091471614197757359
sweep-BE-N128-M20,128,1,0,0,0
sweep-BE-N128-M40,0,0,0,0,0
sweep-BE-N128-M40,1,0.0078125,0.0092573876031248684,0.0091467082455829879,0.0091471614197757203
sweep-BE-N128-M40,2,0.015625,0.018509198902113631,0.018287906856136286,0.018288812931546564
sweep-BE-N128-M40,3,0.0234375,0.027749860951787282,0.027418089515428335,0.027419447946270208
sweep-BE-N128-M40,4,0.03125,0.036973807522857713,0.036531756542824687,0.036533566510830215
sweep-BE-N128-M40,5,0.0390625,0.046175482454816084,0.045623418206090005,0.045625678621002135
sweep-BE-N128-M40,6,0.046875,0.055349343002756179,0.054687598028197462,0.054690307528426782
sweep-BE-N128-M40,7,0.0546875,0.064489863176116657,0.063718836086153724,0.063721993039598607
sweep-BE-N128-M40,8,0.0625,0.073591537067331139,0.072711692299852443,0.072715294804882175
sweep-BE-N128-M40,9,0.0703125,0.082648882168381066,0.081660749708975036,0.081664795595575296
sweep-BE-N128-M40,10,0.078125,0.091656442673253513,0.090560617735965035,0.090565104567045029
sweep-BE-N128-M40,11,0.0859375,0.10060879276431473,0.099405935433110493,0.099410860505970949
sweep-BE-N128-M40,12,0.09375,0.10950053988061979,0.10819137471177839,0.10819673505973956
sweep-BE-N128-M40,13,0.1015625,0.11832632796618968,0.11691164355185601,0.11691743594604474
sweep-BE-N128-M40,14,0.109375,0.1270808406962991,0.12556148918946589,0.12556771014076049
sweep-BE-N128-M40,15,0.1171875,0.13575880467983178,0.1341357012810345,0.13414234704216657
sweep-BE-N128-M40,16,0.125,0.144354992635774,0.14262911504180839,0.14263618160961988
sweep-BE-N128-M40,17,0.1328125,0.1528642265419333,0.1510366143569272,0.15104409747478192
sweep-BE-N128-M40,18,0.140625,0.16128138075398529,0.15935313486318017,0.15936103002352772
sweep-BE-N128-M40,19,0.1484375,0.16960138509297037,0.16757366699958906,0.16758196944668008
sweep-BE-N128-M40,20,0.15625,0.17781922789937973,0.17569325902498042,0.17570196375773123
sweep-BE-N128-M40,21,0.1640625,0.18592995905199169,0.18370702000072922,0.18371612177573429
sweep-BE-N128-M40,22,0.171875,0.19392869294963969,0.1916101227368775,0.19161961607156788
sweep-BE-N128-M40,23,0.1796875,0.20181061145411569,0.19939780669985305,0.19940768587579896
sweep-BE-N128-M40,24,0.1875,0.20957096679243659,0.20706538088003687,0.20707563994639208
sweep-BE-N128-M40,25,0.1953125,0.21720508441672493,0.21460822661745185,0.21461885939453842
sweep-BE-N128-M40,26,0.203125,0.22470836581998185,0.22202180038387093,0.22203280046690152
sweep-BE-N128-M40,27,0.2109375,0.23207629130605581,0.22930163651966856,0.22931299728260449
sweep-BE-N128-M40,28,0.21875,0.23930442271213848,0.23644334992376725,0.23645506452330972
sweep-BE-N128-M40,29,0.2265625,0.24638840608214804,0.24344263869505817,0.24345470007477044
sweep-BE-N128-M40,30,0.234375,0.25332397428938963,0.25029528672370571,0.25030768761826366
sweep-BE-N128-M40,31,0.2421875,0.26010694960691283,0.25699716623077451,0.25700989917034295
sweep-BE-N128-M40,32,0.25,0.26673324622401806,0.26354424025464895,0.26355729756938123
sweep-BE-N128-M40,33,0.2578125,0.27319887270739646,0.26993256508274782,0.26994593890740576
sweep-BE-N128-M40,34,0.265625,0.27949993440541976,0.27615829262706959,0.27617197490576129
sweep-BE-N128-M40,35,0.2734375,0.28563263579413295,0.28221767274213644,0.28223165523316884
sweep-BE-N128-M40,36,0.28125,0.29159328276353591,0.288107055483942,0.28812132976478533
sweep-BE-N128-M40,37,0.2890625,0.29737828484277723,0.29382289330854061,0.2938374507809019
sweep-BE-N128-M40,38,0.296875,0.30298415736291956,0.29936174320895587,0.29937657510395804
sweep-BE-N128-M40,39,0.3046875,0.30840752355597384,0.30472026878911862,0.30473536617258273
sweep-BE-N128-M40,40,0.3125,0.31364511658893807,0.30989524227358756,0.30991059605141436
sweep-BE-N128-M40,41,0.3203125,0.31869378153161543,0.3148835464518403,0.31489914737548813
sweep-BE-N128-M40,42,0.328125,0.32355047725702618,0.31968217655596476,0.31969801522802055
sweep-BE-N128-M40,43,0.3359375,0.32821227827326893,0.32428824207061829,0.32430430895045825
sweep-BE-N128-M40,44,0.34375,0.33267637648572745,0.32869896847416691,0.32871525388370343
sweep-BE-N128-M40,45,0.3515625,0.33694008288856192,0.33291169890995287,0.33292819303946414
sweep-BE-N128-M40,46,0.359375,0.3410008291844655,0.33692389578668558,0.33694058870072485
sweep-BE-N128-M40,47,0.3671875,0.34485616933171065,0.34073314230699236,0.34075002395037235
sweep-BE-N128-M40,48,0.375,0.34850378101755325,0.34433714392320625,0.34435420412705614
sweep-BE-N128-M40,49,0.3828125,0.35194146705710649,0.34773372971951588,0.34775095820740692
sweep-BE-N128-M40,50,0.390625,0.35516715671684357,0.35092085371964421,0.35093824011377939
sweep-BE-N128-M40,51,0.3984375,0.35817890696192978,0.35389659611926766,0.35391412994673332
sweep-BE-N128-M40,52,0.40625,0.3609749036266342,0.35665916444243495,0.35667683514150911
sweep-BE-N128-M40,53,0.4140625,0.3635534625071149,0.35920689462128719,0.35922469154780146
sweep-BE-N128-M40,54,0.421875,0.36591303037592088,0.36153825199843054,0.36155616443218186
sweep-BE-N128-M40,55,0.4296875,0.36805218591759792,0.36365183225135606,0.36366984940256408
sweep-BE-N128-M40,56,0.4375,0.36996964058483595,0.36554636223835113,0.36556447325415775
sweep-BE-N128-M40,57,0.4453125,0.37166423937464144,0.36722070076539276,0.36723889473639915
sweep-BE-N128-M40,58,0.453125,0.37313496152406872,0.36867383927355973,0.36869210524039819
sweep-BE-N128-M40,59,0.4609375,0.37438092112508875,0.36990490244655111,0.36992322940648609
sweep-BE-N128-M40,60,0.46875,0.37540136765822735,0.37091314873794384,0.37093152565150006
sweep-BE-N128-M40,61,0.4765625,0.3761956864446499,0.37169797081787281,0.37171638661548473
sweep-BE-N128-M40,62,0.484375,0.37676339901642097,0.37225889593886341,0.37227733952754311
sweep-BE-N128-M40,63,0.4921875,0.37710416340471542,0.37259558622059719,0.37261404649061647
sweep-BE-N128-M40,64,0.5,0.37721777434580783,0.37270783885343794,0.37272630468502049
sweep-BE-N128-M40,65,0.5078125,0.37710416340471536,0.37259558622059719,0.37261404649061647
sweep-BE-N128-M40,66,0.515625,0.37676339901642081,0.37225889593886341,0.37227733952754311
sweep-BE-N128-M40,67,0.5234375,0.37619568644464962,0.37169797081787281,0.37171638661548473
sweep-BE-N128-M40,68,0.53125,0.37540136765822696,0.37091314873794384,0.37093152565150012
sweep-BE-N128-M40,69,0.5390625,0.37438092112508825,0.36990490244655111,0.36992322940648609
sweep-BE-N128-M40,70,0.546875,0.37313496152406811,0.36867383927355973,0.36869210524039819
sweep-BE-N128-M40,71,0.5546875,0.37166423937464077,0.36722070076539276,0.36723889473639915
sweep-BE-N128-M40,72,0.5625,0.36996964058483517,0.36554636223835113,0.36556447325415775
sweep-BE-N128-M40,73,0.5703125,0.3680521859175972,0.36365183225135606,0.36366984940256408
sweep-BE-N128-M40,74,0.578125,0.36591303037592005,0.36153825199843054,0.36155616443218186
sweep-BE-N128-M40,75,0.5859375,0.36355346250711401,0.35920689462128719,0.35922469154780146
sweep-BE-N128-M40,76,0.59375,0.3609749036266332,0.35665916444243495,0.35667683514150911
sweep-BE-N128-M40,77,0.6015625,0.35817890696192878,0.35389659611926766,0.35391412994673332
sweep-BE-N128-M40,78,0.609375,0.35516715671684246,0.35092085371964421,0.35093824011377939
sweep-BE-N128-M40,79,0.6171875,0.35194146705710527,0.34773372971951588,0.34775095820740692
sweep-BE-N128-M40,80,0.625,0.34850378101755197,0.34433714392320625,0.34435420412705614
sweep-BE-N128-M40,81,0.6328125,0.34485616933170937,0.34073314230699236,0.34075002395037235
sweep-BE-N128-M40,82,0.640625,0.34100082918446417,0.33692389578668563,0.33694058870072491
sweep-BE-N128-M40,83,0.6484375,0.33694008288856048,0.33291169890995281,0.33292819303946414
sweep-BE-N128-M40,84,0.65625,0.33267637648572596,0.32869896847416696,0.32871525388370348
sweep-BE-N128-M40,85,0.6640625,0.32821227827326743,0.32428824207061835,0.32430430895045831
sweep-BE-N128-M40,86,0.671875,0.32355047725702463,0.31968217655596476,0.31969801522802055
sweep-BE-N128-M40,87,0.6796875,0.31869378153161376,0.31488354645184041,0.31489914737548824
sweep-BE-N128-M40,88,0.6875,0.31364511658893629,0.30989524227358761,0.30991059605141441
sweep-BE-N128-M40,89,0.6953125,0.30840752355597195,0.30472026878911862,0.30473536617258273
sweep-BE-N128-M40,90,0.703125,0.30298415736291762,0.29936174320895592,0.29937657510395804
sweep-BE-N128-M40,91,0.7109375,0.29737828484277518,0.29382289330854067,0.29383745078090195
sweep-BE-N128-M40,92,0.71875,0.2915932827635338,0.28810705548394205,0.28812132976478538
sweep-BE-N128-M40,93,0.7265625,0.28563263579413078,0.28221767274213649,0.2822316552331689
sweep-BE-N128-M40,94,0.734375,0.27949993440541754,0.27615829262706953,0.27617197490576129
sweep-BE-N128-M40,95,0.7421875,0.27319887270739418,0.26993256508274782,0.26994593890740576
sweep-BE-N128-M40,96,0.75,0.26673324622401567,0.26354424025464895,0.26355729756938123
sweep-BE-N128-M40,97,0.7578125,0.26010694960691028,0.25699716623077462,0.25700989917034306
sweep-BE-N128-M40,98,0.765625,0.25332397428938702,0.25029528672370582,0.25030768761826377
sweep-BE-N128-M40,99,0.7734375,0.24638840608214535,0.24344263869505811,0.24345470007477041
sweep-BE-N128-M40,100,0.78125,0.23930442271213573,0.23644334992376725,0.23645506452330972
sweep-BE-N128-M40,101,0.7890625,0.23207629130605306,0.22930163651966862,0.22931299728260454
sweep-BE-N128-M40,102,0.796875,0.22470836581997911,0.22202180038387095,0.22203280046690155
sweep-BE-N128-M40,103,0.8046875,0.21720508441672218,0.21460822661745188,0.21461885939453845
sweep-BE-N128-M40,104,0.8125,0.20957096679243384,0.20706538088003687,0.20707563994639208
sweep-BE-N128-M40,105,0.8203125,0.20181061145411294,0.19939780669985305,0.19940768587579896
sweep-BE-N128-M40,106,0.828125,0.19392869294963694,0.19161012273687753,0.19161961607156794
sweep-BE-N128-M40,107,0.8359375,0.18592995905198897,0.18370702000072928,0.18371612177573432
sweep-BE-N128-M40,108,0.84375,0.17781922789937707,0.17569325902498051,0.17570196375773131
sweep-BE-N128-M40,109,0.8515625,0.16960138509296779,0.16757366699958917,0.16758196944668019
sweep-BE-N128-M40,110,0.859375,0.16128138075398277,0.15935313486318015,0.15936103002352769
sweep-BE-N128-M40,111,0.8671875,0.15286422654193085,0.15103661435692722,0.15104409747478192
sweep-BE-N128-M40,112,0.875,0.14435499263577165,0.14262911504180845,0.14263618160961994
sweep-BE-N128-M40,113,0.8828125,0.13575880467982948,0.13413570128103458,0.13414234704216665
sweep-BE-N128-M40,114,0.890625,0.12708084069629688,0.125561489189466,0.1255677101407606
sweep-BE-N128-M40,115,0.8984375,0.11832632796618756,0.11691164355185597,0.1169174359460447
sweep-BE-N128-M40,116,0.90625,0.10950053988061778,0.10819137471177841,0.10819673505973959
sweep-BE-N128-M40,117,0.9140625,0.10060879276431284,0.099405935433110534,0.099410860505970991
sweep-BE-N128-M40,118,0.921875,0.091656442673251765,0.090560617735965104,0.090565104567045099
sweep-BE-N128-M40,119,0.9296875,0.082648882168379456,0.081660749708975133,0.081664795595575393
sweep-BE-N128-M40,120,0.9375,0.073591537067329682,0.072711692299852582,0.072715294804882313
sweep-BE-N128-M40,121,0.9453125,0.064489863176115367,0.063718836086153724,0.063721993039598607
sweep-BE-N128-M40,122,0.953125,0.055349343002755062,0.054687598028197483,0.054690307528426803
sweep-BE-N128-M40,123,0.9609375,0.046175482454815148,0.045623418206090061,0.045625678621002197
sweep-BE-N128-M40,124,0.96875,0.036973807522856963,0.03653175654282477,0.036533566510830298
sweep-BE-N128-M40,125,0.9765625,0.027749860951786713,0.027418089515428446,0.027419447946270322
sweep-BE-N128-M40,126,0.984375,0.018509198902113246,0.018287906856136269,0.018288812931546546
sweep-BE-N128-M40,127,0.9921875,0.0092573876031246741,0.0091467082455830018,0.0091471614197757359
sweep-BE-N128-M40,128,1,0,0,0
sweep-BE-N128-M80,0,0,0,0,0
sweep-BE-N128-M80,1,0.0078125,0.0092025576851045461,0.0091467082455829879,0.0091471614197757203
sweep-BE-N128-M80,2,0.015625,0.018399572093565381,0.018287906856136286,0.018288812931546564
sweep-BE-N128-M80,3,0.0234375,0.02758550328780137,0.027418089515428335,0.027419447946270208
sweep-BE-N128-M80,4,0.03125,0.03675481800634519,0.036531756542824687,0.036533566510830215
sweep-BE-N128-M80,5,0.0390625,0.045901992996873149,0.045623418206090005,0.045625678621002135
sweep-BE-N128-M80,6,0.046875,0.055021518343205865,0.054687598028197462,0.054690307528426782
sweep-BE-N128-M80,7,0.0546875,0.064107900784275723,0.063718836086153724,0.063721993039598607
sweep-BE-N128-M80,8,0.0625,0.073155667023061935,0.072711692299852443,0.072715294804882175
sweep-BE-N128-M80,9,0.0703125,0.082159367023500046,0.081660749708975036,0.081664795595575296
sweep-BE-N128-M80,10,0.078125,0.091113577293379808,0.090560617735965035,0.090565104567045029
sweep-BE-N128-M80,11,0.0859375,0.10001290415125413,0.099405935433110493,0.099410860505970949
sweep-BE-N128-M80,12,0.09375,0.10885198697539111,0.10819137471177839,0.10819673505973956
sweep-BE-N128-M80,13,0.1015625,0.11762550143281207,0.11691164355185601,0.11691743594604474
sweep-BE-N128-M80,14,0.109375,0.12632816268647071,0.12556148918946589,0.12556771014076049
sweep-BE-N128-M80,15,0.1171875,0.13495472857864127,0.1341357012810345,0.13414234704216657
sweep-BE-N128-M80,16,0.125,0.14350000278859837,0.14262911504180839,0.14263618160961988
sweep-BE-N128-M80,17,0.1328125,0.15195883796268633,0.1510366143569272,0.15104409747478192
sweep-BE-N128-M80,18,0.140625,0.16032613881489255,0.15935313486318017,0.15936103002352772
sweep-BE-N128-M80,19,0.1484375,0.16859686519605713,0.16757366699958906,0.16758196944668008
sweep-BE-N128-M80,20,0.15625,0.17676603512987044,0.17569325902498042,0.17570196375773123
sweep-BE-N128-M80,21,0.1640625,0.18482872781382931,0.18370702000072922,0.18371612177573429
sweep-BE-N128-M80,22,0.171875,0.19278008658334442,0.1916101227368775,0.19161961607156788
sweep-BE-N128-M80,23,0.1796875,0.20061532183721345,0.19939780669985305,0.19940768587579896
sweep-BE-N128-M80,24,0.1875,0.20832971392269778,0.20706538088003687,0.20707563994639208
sweep-BE-N128-M80,25,0.1953125,0.21591861597846485,0.21460822661745185,0.21461885939453842
sweep-BE-N128-M80,26,0.203125,0.22337745673368359,0.22202180038387093,0.22203280046690152
sweep-BE-N128-M80,27,0.2109375,0.23070174326158704,0.22930163651966856,0.22931299728260449
sweep-BE-N128-M80,28,0.21875,0.23788706368584353,0.23644334992376725,0.23645506452330972
sweep-BE-N128-M80,29,0.2265625,0.24492908983810593,0.24344263869505817,0.24345470007477044
sweep-BE-N128-M80,30,0.234375,0.25182357986513842,0.25029528672370571,0.25030768761826366
sweep-BE-N128-M80,31,0.2421875,0.25856638078395033,0.25699716623077451,0.25700989917034295
sweep-BE-N128-M80,32,0.25,0.26515343098339772,0.26354424025464895,0.26355729756938123
sweep-BE-N128-M80,33,0.2578125,0.27158076267074605,0.26993256508274782,0.26994593890740576
sweep-BE-N128-M80,34,0.265625,0.27784450426172036,0.27615829262706959,0.27617197490576129
sweep-BE-N128-M80,35,0.2734375,0.28394088271260265,0.28221767274213644,0.28223165523316884
sweep-BE-N128-M80,36,0.28125,0.28986622579297228,0.288107055483942,0.28812132976478533
sweep-BE-N128-M80,37,0.2890625,0.29561696429772061,0.29382289330854061,0.2938374507809019
sweep-BE-N128-M80,38,0.296875,0.30118963419700617,0.29936174320895587,0.29937657510395804
sweep-BE-N128-M80,39,0.3046875,0.30658087872285728,0.30472026878911862,0.30473536617258273
sweep-BE-N128-M80,40,0.3125,0.31178745039116318,0.30989524227358756,0.30991059605141436
sweep-BE-N128-M80,41,0.3203125,0.31680621295783712,0.3148835464518403,0.31489914737548813
sweep-BE-N128-M80,42,0.328125,0.32163414330797269,0.31968217655596476,0.31969801522802055
sweep-BE-N128-M80,43,0.3359375,0.32626833327685467,0.32428824207061829,0.32430430895045825
sweep-BE-N128-M80,44,0.34375,0.33070599140172952,0.32869896847416691,0.32871525388370343
sweep-BE-N128-M80,45,0.3515625,0.33494444460327755,0.33291169890995287,0.33292819303946414
sweep-BE-N128-M80,46,0.359375,0.33898113979577599,0.33692389578668558,0.33694058870072485
sweep-BE-N128-M80,47,0.3671875,0.34281364542498266,0.34073314230699236,0.34075002395037235
sweep-BE-N128-M80,48,0.375,0.34643965293281315,0.34433714392320625,0.34435420412705614
sweep-BE-N128-M80,49,0.3828125,0.34985697814792988,0.34773372971951588,0.34775095820740692
sweep-BE-N128-M80,50,0.390625,0.35306356260140542,0.35092085371964421,0.35093824011377939
sweep-BE-N128-M80,51,0.3984375,0.35605747476666683,0.35389659611926766,0.35391412994673332
sweep-BE-N128-M80,52,0.40625,0.35883691122297529,0.35665916444243495,0.35667683514150911
sweep-BE-N128-M80,53,0.4140625,0.36140019774173943,0.35920689462128719,0.35922469154780146
sweep-BE-N128-M80,54,0.421875,0.3637457902950077,0.36153825199843054,0.36155616443218186
sweep-BE-N128-M80,55,0.4296875,0.36587227598553346,0.36365183225135606,0.36366984940256408
sweep-BE-N128-M80,56,0.4375,0.36777837389785117,0.36554636223835113,0.36556447325415775
sweep-BE-N128-M80,57,0.4453125,0.36946293586985196,0.36722070076539276,0.36723889473639915
sweep-BE-N128-M80,58,0.453125,0.37092494718439367,0.36867383927355973,0.36869210524039819
sweep-BE-N128-M80,59,0.4609375,0.3721635271805287,0.36990490244655111,0.36992322940648609
sweep-BE-N128-M80,60,0.46875,0.37317792978398073,0.37091314873794384,0.37093152565150006
sweep-BE-N128-M80,61,0.4765625,0.37396754395655252,0.37169797081787281,0.37171638661548473
sweep-BE-N128-M80,62,0.484375,0.37453189406419196,0.37225889593886341,0.37227733952754311
sweep-BE-N128-M80,63,0.4921875,0.37487064016349669,0.37259558622059719,0.37261404649061647
sweep-BE-N128-M80,64,0.5,0.37498357820648304,0.37270783885343794,0.37272630468502049
sweep-BE-N128-M80,65,0.5078125,0.37487064016349686,0.37259558622059719,0.37261404649061647
sweep-BE-N128-M80,66,0.515625,0.37453189406419235,0.37225889593886341,0.37227733952754311
sweep-BE-N128-M80,67,0.5234375,0.37396754395655302,0.37169797081787281,0.37171638661548473
sweep-BE-N128-M80,68,0.53125,0.3731779297839814,0.37091314873794384,0.37093152565150012
sweep-BE-N128-M80,69,0.5390625,0.37216352718052959,0.36990490244655111,0.36992322940648609
sweep-BE-N128-M80,70,0.546875,0.37092494718439478,0.36867383927355973,0.36869210524039819
sweep-BE-N128-M80,71,0.5546875,0.36946293586985324,0.36722070076539276,0.36723889473639915
sweep-BE-N128-M80,72,0.5625,0.36777837389785267,0.36554636223835113,0.36556447325415775
sweep-BE-N128-M80,73,0.5703125,0.36587227598553523,0.36365183225135606,0.36366984940256408
sweep-BE-N128-M80,74,0.578125,0.3637457902950097,0.36153825199843054,0.36155616443218186
sweep-BE-N128-M80,75,0.5859375,0.36140019774174165,0.35920689462128719,0.35922469154780146
sweep-BE-N128-M80,76,0.59375,0.35883691122297784,0.35665916444243495,0.35667683514150911
sweep-BE-N128-M80,77,0.6015625,0.3560574747666696,0.35389659611926766,0.35391412994673332
sweep-BE-N128-M80,78,0.609375,0.35306356260140848,0.35092085371964421,0.35093824011377939
sweep-BE-N128-M80,79,0.6171875,0.34985697814793315,0.34773372971951588,0.34775095820740692
sweep-BE-N128-M80,80,0.625,0.34643965293281659,0.34433714392320625,0.34435420412705614
sweep-BE-N128-M80,81,0.6328125,0.34281364542498627,0.34073314230699236,0.34075002395037235
sweep-BE-N128-M80,82,0.640625,0.33898113979577976,0.33692389578668563,0.33694058870072491
sweep-BE-N128-M80,83,0.6484375,0.33494444460328149,0.33291169890995281,0.33292819303946414
sweep-BE-N128-M80,84,0.65625,0.33070599140173362,0.32869896847416696,0.32871525388370348
sweep-BE-N128-M80,85,0.6640625,0.32626833327685889,0.32428824207061835,0.32430430895045831
sweep-BE-N128-M80,86,0.671875,0.32163414330797696,0.31968217655596476,0.31969801522802055
sweep-BE-N128-M80,87,0.6796875,0.31680621295784156,0.31488354645184041,0.31489914737548824
sweep-BE-N128-M80,88,0.6875,0.31178745039116768,0.30989524227358761,0.30991059605141441
sweep-BE-N128-M80,89,0.6953125,0.30658087872286177,0.30472026878911862,0.30473536617258273
sweep-BE-N128-M80,90,0.703125,0.30118963419701067,0.29936174320895592,0.29937657510395804
sweep-BE-N128-M80,91,0.7109375,0.29561696429772516,0.29382289330854067,0.29383745078090195
sweep-BE-N128-M80,92,0.71875,0.28986622579297694,0.28810705548394205,0.28812132976478538
sweep-BE-N128-M80,93,0.7265625,0.28394088271260737,0.28221767274213649,0.2822316552331689
sweep-BE-N128-M80,94,0.734375,0.27784450426172513,0.27615829262706953,0.27617197490576129
sweep-BE-N128-M80,95,0.7421875,0.27158076267075082,0.26993256508274782,0.26994593890740576
sweep-BE-N128-M80,96,0.75,0.26515343098340244,0.26354424025464895,0.26355729756938123
sweep-BE-N128-M80,97,0.7578125,0.258566380783955,0.25699716623077462,0.25700989917034306
sweep-BE-N128-M80,98,0.765625,0.25182357986514309,0.25029528672370582,0.25030768761826377
sweep-BE-N128-M80,99,0.7734375,0.24492908983811054,0.24344263869505811,0.24345470007477041
sweep-BE-N128-M80,100,0.78125,0.23788706368584808,0.23644334992376725,0.23645506452330972
sweep-BE-N128-M80,101,0.7890625,0.23070174326159149,0.22930163651966862,0.22931299728260454
sweep-BE-N128-M80,102,0.796875,0.22337745673368795,0.22202180038387095,0.22203280046690155
sweep-BE-N128-M80,103,0.8046875,0.21591861597846912,0.21460822661745188,0.21461885939453845
sweep-BE-N128-M80,104,0.8125,0.20832971392270191,0.20706538088003687,0.20707563994639208
sweep-BE-N128-M80,105,0.8203125,0.20061532183721748,0.19939780669985305,0.19940768587579896
sweep-BE-N128-M80,106,0.828125,0.19278008658334833,0.19161012273687753,0.19161961607156794
sweep-BE-N128-M80,107,0.8359375,0.18482872781383311,0.18370702000072928,0.18371612177573432
sweep-BE-N128-M80,108,0.84375,0.1767660351298741,0.17569325902498051,0.17570196375773131
sweep-BE-N128-M80,109,0.8515625,0.16859686519606065,0.16757366699958917,0.16758196944668019
sweep-BE-N128-M80,110,0.859375,0.16032613881489591,0.15935313486318015,0.15936103002352769
sweep-BE-N128-M80,111,0.8671875,0.15195883796268958,0.15103661435692722,0.15104409747478192
sweep-BE-N128-M80,112,0.875,0.14350000278860142,0.14262911504180845,0.14263618160961994
sweep-BE-N128-M80,113,0.8828125,0.13495472857864416,0.13413570128103458,0.13414234704216665
sweep-BE-N128-M80,114,0.890625,0.12632816268647343,0.125561489189466,0.1255677101407606
sweep-BE-N128-M80,115,0.8984375,0.11762550143281465,0.11691164355185597,0.1169174359460447
sweep-BE-N128-M80,116,0.90625,0.10885198697539354,0.10819137471177841,0.10819673505973959
sweep-BE-N128-M80,117,0.9140625,0.10001290415125637,0.099405935433110534,0.099410860505970991
sweep-BE-N128-M80,118,0.921875,0.091113577293381848,0.090560617735965104,0.090565104567045099
sweep-BE-N128-M80,119,0.9296875,0.082159367023501906,0.081660749708975133,0.081664795595575393
sweep-BE-N128-M80,120,0.9375,0.0731556670230636,0.072711692299852582,0.072715294804882313
sweep-BE-N128-M80,121,0.9453125,0.064107900784277166,0.063718836086153724,0.063721993039598607
sweep-BE-N128-M80,122,0.953125,0.055021518343207107,0.054687598028197483,0.054690307528426803
sweep-BE-N128-M80,123,0.9609375,0.045901992996874183,0.045623418206090061,0.045625678621002197
sweep-BE-N128-M80,124,0.96875,0.036754818006346016,0.03653175654282477,0.036533566510830298
sweep-BE-N128-M80,125,0.9765625,0.027585503287801991,0.027418089515428446,0.027419447946270322
sweep-BE-N128-M80,126,0.984375,0.018399572093565797,0.018287906856136269,0.018288812931546546
sweep-BE-N128-M80,127,0.9921875,0.0092025576851047543,0.0091467082455830018,0.0091471614197757359
sweep-BE-N128-M80,128,1,0,0,0
sweep-BE-N128-M160,0,0,0,0,0
sweep-BE-N128-M160,1,0.0078125,0.0091749310021924865,0.0091467082455829879,0.0091471614197757203
sweep-BE-N128-M160,2,0.015625,0.018344335369022018,0.018287906856136286,0.018288812931546564
sweep-BE-N128-M160,3,0.0234375,0.027502689794164127,0.027418089515428335,0.027419447946270208
sweep-BE-N128-M160,4,0.03125,0.036644477627366043,0.036531756542824687,0.036533566510830215
sweep-BE-N128-M160,5,0.0390625,0.045764192197470507,0.045623418206090005,0.045625678621002135
sweep-BE-N128-M160,6,0.046875,0.054856340129428575,0.054687598028197462,0.054690307528426782
sweep-BE-N128-M160,7,0.0546875,0.063915444653303344,0.063718836086153724,0.063721993039598607
sweep-BE-N128-M160,8,0.0625,0.072936048903271364,0.072711692299852443,0.072715294804882175
sweep-BE-N128-M160,9,0.0703125,0.081912719204634582,0.081660749708975036,0.081664795595575296
sweep-BE-N128-M160,10,0.078125,0.090840048346862795,0.090560617735965035,0.090565104567045029
sweep-BE-N128-M160,11,0.0859375,0.099712658840695037,0.099405935433110493,0.099410860505970949
sweep-BE-N128-M160,12,0.09375,0.10852520615733813,0.10819137471177839,0.10819673505973956
sweep-BE-N128-M160,13,0.1015625,0.11727238194781085,0.11691164355185601,0.11691743594604474
sweep-BE-N128-M160,14,0.109375,0.12594891724049501,0.12556148918946589,0.12556771014076049
sweep-BE-N128-M160,15,0.1171875,0.13454958561496683,0.1341357012810345,0.13414234704216657
sweep-BE-N128-M160,16,0.125,0.14306920635019724,0.14262911504180839,0.14263618160961988
sweep-BE-N128-M160,17,0.1328125,0.15150264754522449,0.1510366143569272,0.15104409747478192
sweep-BE-N128-M160,18,0.140625,0.1598448292104194,0.15935313486318017,0.15936103002352772
sweep-BE-N128-M160,19,0.1484375,0.16809072632748107,0.16757366699958906,0.16758196944668008
sweep-BE-N128-M160,20,0.15625,0.17623537187632016,0.17569325902498042,0.17570196375773123
sweep-BE-N128-M160,21,0.1640625,0.184273859827006,0.18370702000072922,0.18371612177573429
sweep-BE-N128-M160,22,0.171875,0.19220134809497544,0.1916101227368775,0.19161961607156788
sweep-BE-N128-M160,23,0.1796875,0.20001306145772377,0.19939780669985305,0.19940768587579896
sweep-BE-N128-M160,24,0.1875,0.20770429443122004,0.20706538088003687,0.20707563994639208
sweep-BE-N128-M160,25,0.1953125,0.21527041410431474,0.21460822661745185,0.21461885939453842
sweep-BE-N128-M160,26,0.203125,0.22270686292943223,0.22202180038387093,0.22203280046690152
sweep-BE-N128-M160,27,0.2109375,0.23000916146786704,0.22930163651966856,0.22931299728260449
sweep-BE-N128-M160,28,0.21875,0.23717291108803015,0.23644334992376725,0.23645506452330972
sweep-BE-N128-M160,29,0.2265625,0.24419379661502016,0.24344263869505817,0.24345470007477044
sweep-BE-N128-M160,30,0.234375,0.25106758892992348,0.25029528672370571,0.25030768761826366
sweep-BE-N128-M160,31,0.2421875,0.25779014751727725,0.25699716623077451,0.25700989917034295
sweep-BE-N128-M160,32,0.25,0.26435742295916109,0.26354424025464895,0.26355729756938123
sweep-BE-N128-M160,33,0.2578125,0.2707654593744151,0.26993256508274782,0.26994593890740576
sweep-BE-N128-M160,34,0.265625,0.27701039680151462,0.27615829262706959,0.27617197490576129
sweep-BE-N128-M160,35,0.2734375,0.28308847352366678,0.28221767274213644,0.28223165523316884
sweep-BE-N128-M160,36,0.28125,0.28899602833472815,0.288107055483942,0.28812132976478533
sweep-BE-N128-M160,37,0.2890625,0.29472950274457826,0.29382289330854061,0.2938374507809019
sweep-BE-N128-M160,38,0.296875,0.3002854431226209,0.29936174320895587,0.29937657510395804
sweep-BE-N128-M160,39,0.3046875,0.3056605027781224,0.30472026878911862,0.30473536617258273
sweep-BE-N128-M160,40,0.3125,0.31085144397613274,0.30989524227358756,0.30991059605141436
sweep-BE-N128-M160,41,0.3203125,0.31585513988777597,0.3148835464518403,0.31489914737548813
sweep-BE-N128-M160,42,0.328125,0.32066857647373515,0.31968217655596476,0.31969801522802055
sweep-BE-N128-M160,43,0.3359375,0.32528885429979693,0.32428824207061829,0.32430430895045825
sweep-BE-N128-M160,44,0.34375,0.32971319028336227,0.32869896847416691,0.32871525388370343
sweep-BE-N128-M160,45,0.3515625,0.33393891936987125,0.33291169890995287,0.33292819303946414
sweep-BE-N128-M160,46,0.359375,0.3379634961381322,0.33692389578668558,0.33694058870072485
sweep-BE-N128-M160,47,0.3671875,0.34178449633358865,0.34073314230699236,0.34075002395037235
sweep-BE-N128-M160,48,0.375,0.34539961832859922,0.34433714392320625,0.34435420412705614
sweep-BE-N128-M160,49,0.3828125,0.34880668450885233,0.34773372971951588,0.34775095820740692
sweep-BE-N128-M160,50,0.390625,0.35200364258507927,0.35092085371964421,0.35093824011377939
sweep-BE-N128-M160,51,0.3984375,0.35498856682927682,0.35389659611926766,0.35391412994673332
sweep-BE-N128-M160,52,0.40625,0.35775965923469394,0.35665916444243495,0.35667683514150911
sweep-BE-N128-M160,53,0.4140625,0.36031525059888336,0.35920689462128719,0.35922469154780146
sweep-BE-N128-M160,54,0.421875,0.3626538015291671,0.36153825199843054,0.36155616443218186
sweep-BE-N128-M160,55,0.4296875,0.36477390336990878,0.36365183225135606,0.36366984940256408
sweep-BE-N128-M160,56,0.4375,0.36667427905103522,0.36554636223835113,0.36556447325415775
sweep-BE-N128-M160,57,0.4453125,0.36835378385729561,0.36722070076539276,0.36723889473639915
sweep-BE-N128-M160,58,0.453125,0.36981140611779545,0.36867383927355973,0.36869210524039819
sweep-BE-N128-M160,59,0.4609375,0.37104626781538907,0.36990490244655111,0.36992322940648609
sweep-BE-N128-M160,60,0.46875,0.37205762511556434,0.37091314873794384,0.37093152565150006
sweep-BE-N128-M160,61,0.4765625,0.37284486881450063,0.37169797081787281,0.37171638661548473
sweep-BE-N128-M160,62,0.484375,0.37340752470603072,0.37225889593886341,0.37227733952754311
sweep-BE-N128-M160,63,0.4921875,0.37374525386728463,0.37259558622059719,0.37261404649061647
sweep-BE-N128-M160,64,0.5,0.37385785286284401,0.37270783885343794,0.37272630468502049
sweep-BE-N128-M160,65,0.5078125,0.37374525386728435,0.37259558622059719,0.37261404649061647
sweep-BE-N128-M160,66,0.515625,0.37340752470603028,0.37225889593886341,0.37227733952754311
sweep-BE-N128-M160,67,0.5234375,0.37284486881449996,0.37169797081787281,0.37171638661548473
sweep-BE-N128-M160,68,0.53125,0.37205762511556345,0.37091314873794384,0.37093152565150012
sweep-BE-N128-M160,69,0.5390625,0.37104626781538791,0.36990490244655111,0.36992322940648609
sweep-BE-N128-M160,70,0.546875,0.36981140611779406,0.36867383927355973,0.36869210524039819
sweep-BE-N128-M160,71,0.5546875,0.36835378385729395,0.36722070076539276,0.36723889473639915
sweep-BE-N128-M160,72,0.5625,0.36667427905103334,0.36554636223835113,0.36556447325415775
sweep-BE-N128-M160,73,0.5703125,0.36477390336990684,0.36365183225135606,0.36366984940256408
sweep-BE-N128-M160,74,0.578125,0.3626538015291651,0.36153825199843054,0.36155616443218186
sweep-BE-N128-M160,75,0.5859375,0.36031525059888125,0.35920689462128719,0.35922469154780146
sweep-BE-N128-M160,76,0.59375,0.35775965923469166,0.35665916444243495,0.35667683514150911
sweep-BE-N128-M160,77,0.6015625,0.35498856682927438,0.35389659611926766,0.35391412994673332
sweep-BE-N128-M160,78,0.609375,0.35200364258507666,0.35092085371964421,0.35093824011377939
sweep-BE-N128-M160,79,0.6171875,0.34880668450884961,0.34773372971951588,0.34775095820740692
sweep-BE-N128-M160,80,0.625,0.34539961832859645,0.34433714392320625,0.34435420412705614
sweep-BE-N128-M160,81,0.6328125,0.34178449633358576,0.34073314230699236,0.34075002395037235
sweep-BE-N128-M160,82,0.640625,0.33796349613812926,0.33692389578668563,0.33694058870072491
sweep-BE-N128-M160,83,0.6484375,0.33393891936986819,0.33291169890995281,0.33292819303946414
sweep-BE-N128-M160,84,0.65625,0.32971319028335921,0.32869896847416696,0.32871525388370348
sweep-BE-N128-M160,85,0.6640625,0.32528885429979376,0.32428824207061835,0.32430430895045831
sweep-BE-N128-M160,86,0.671875,0.32066857647373187,0.31968217655596476,0.31969801522802055
sweep-BE-N128-M160,87,0.6796875,0.31585513988777253,0.31488354645184041,0.31489914737548824
sweep-BE-N128-M160,88,0.6875,0.31085144397612924,0.30989524227358761,0.30991059605141441
sweep-BE-N128-M160,89,0.6953125,0.30566050277811885,0.30472026878911862,0.30473536617258273
sweep-BE-N128-M160,90,0.703125,0.30028544312261729,0.29936174320895592,0.29937657510395804
sweep-BE-N128-M160,91,0.7109375,0.29472950274457471,0.29382289330854067,0.29383745078090195
sweep-BE-N128-M160,92,0.71875,0.28899602833472471,0.28810705548394205,0.28812132976478538
sweep-BE-N128-M160,93,0.7265625,0.28308847352366334,0.28221767274213649,0.2822316552331689
sweep-BE-N128-M160,94,0.734375,0.27701039680151118,0.27615829262706953,0.27617197490576129
sweep-BE-N128-M160,95,0.7421875,0.27076545937441171,0.26993256508274782,0.26994593890740576
sweep-BE-N128-M160,96,0.75,0.26435742295915776,0.26354424025464895,0.26355729756938123
sweep-BE-N128-M160,97,0.7578125,0.25779014751727392,0.25699716623077462,0.25700989917034306
sweep-BE-N128-M160,98,0.765625,0.25106758892992015,0.25029528672370582,0.25030768761826377
sweep-BE-N128-M160,99,0.7734375,0.24419379661501686,0.24344263869505811,0.24345470007477041
sweep-BE-N128-M160,100,0.78125,0.23717291108802688,0.23644334992376725,0.23645506452330972
sweep-BE-N128-M160,101,0.7890625,0.23000916146786382,0.22930163651966862,0.22931299728260454
sweep-BE-N128-M160,102,0.796875,0.22270686292942904,0.22202180038387095,0.22203280046690155
sweep-BE-N128-M160,103,0.8046875,0.21527041410431152,0.21460822661745188,0.21461885939453845
sweep-BE-N128-M160,104,0.8125,0.20770429443121685,0.20706538088003687,0.20707563994639208
sweep-BE-N128-M160,105,0.8203125,0.2000130614577206,0.19939780669985305,0.19940768587579896
sweep-BE-N128-M160,106,0.828125,0.19220134809497233,0.19161012273687753,0.19161961607156794
sweep-BE-N128-M160,107,0.8359375,0.18427385982700295,0.18370702000072928,0.18371612177573432
sweep-BE-N128-M160,108,0.84375,0.17623537187631724,0.17569325902498051,0.17570196375773131
sweep-BE-N128-M160,109,0.8515625,0.16809072632747823,0.16757366699958917,0.16758196944668019
sweep-BE-N128-M160,110,0.859375,0.15984482921041662,0.15935313486318015,0.15936103002352769
sweep-BE-N128-M160,111,0.8671875,0.15150264754522183,0.15103661435692722,0.15104409747478192
sweep-BE-N128-M160,112,0.875,0.14306920635019466,0.14262911504180845,0.14263618160961994
sweep-BE-N128-M160,113,0.8828125,0.13454958561496433,0.13413570128103458,0.13414234704216665
sweep-BE-N128-M160,114,0.890625,0.12594891724049265,0.125561489189466,0.1255677101407606
sweep-BE-N128-M160,115,0.8984375,0.11727238194780862,0.11691164355185597,0.1169174359460447
sweep-BE-N128-M160,116,0.90625,0.10852520615733603,0.10819137471177841,0.10819673505973959
sweep-BE-N128-M160,117,0.9140625,0.099712658840693108,0.099405935433110534,0.099410860505970991
sweep-BE-N128-M160,118,0.921875,0.090840048346861019,0.090560617735965104,0.090565104567045099
sweep-BE-N128-M160,119,0.9296875,0.081912719204632972,0.081660749708975133,0.081664795595575393
sweep-BE-N128-M160,120,0.9375,0.072936048903269921,0.072711692299852582,0.072715294804882313
sweep-BE-N128-M160,121,0.9453125,0.063915444653302053,0.063718836086153724,0.063721993039598607
sweep-BE-N128-M160,122,0.953125,0.054856340129427451,0.054687598028197483,0.054690307528426803
sweep-BE-N128-M160,123,0.9609375,0.045764192197469564,0.045623418206090061,0.045625678621002197
sweep-BE-N128-M160,124,0.96875,0.036644477627365286,0.03653175654282477,0.036533566510830298
sweep-BE-N128-M160,125,0.9765625,0.027502689794163558,0.027418089515428446,0.027419447946270322
sweep-BE-N128-M160,126,0.984375,0.018344335369021633,0.018287906856136269,0.018288812931546546
sweep-BE-N128-M160,127,0.9921875,0.0091749310021922922,0.0091467082455830018,0.0091471614197757359
sweep-BE-N128-M160,128,1,0,0,0
sweep-BE-N128-M320,0,0,0,0,0
sweep-BE-N128-M320,1,0.0078125,0.0091610641564631341,0.0091467082455829879,0.0091471614197757203
sweep-BE-N128-M320,2,0.015625,0.018316610030432667,0.018287906856136286,0.018288812931546564
sweep-BE-N128-M320,3,0.0234375,0.027461122663422037,0.027418089515428335,0.027419447946270208
sweep-BE-N128-M320,4,0.03125,0.036589093742956477,0.036531756542824687,0.036533566510830215
sweep-BE-N128-M320,5,0.0390625,0.045695024920574492,0.045623418206090005,0.045625678621002135
sweep-BE-N128-M320,6,0.046875,0.054773431123827397,0.054687598028197462,0.054690307528426782
sweep-BE-N128-M320,7,0.0546875,0.063818843860281818,0.063718836086153724,0.063721993039598607
sweep-BE-N128-M320,8,0.0625,0.072825814511535067,0.072711692299852443,0.072715294804882175
sweep-BE-N128-M320,9,0.0703125,0.08178891761525918,0.081660749708975036,0.081664795595575296
sweep-BE-N128-M320,10,0.078125,0.090702754133296468,0.090560617735965035,0.090565104567045029
sweep-BE-N128-M320,11,0.0859375,0.099561954703838274,0.099405935433110493,0.099410860505970949
sweep-BE-N128-M320,12,0.09375,0.10836118287572775,0.10819137471177839,0.10819673505973956
sweep-BE-N128-M320,13,0.1015625,0.11709513832293848,0.11691164355185601,0.11691743594604474
sweep-BE-N128-M320,14,0.109375,0.12575856003729272,0.12556148918946589,0.12556771014076049
sweep-BE-N128-M320,15,0.1171875,0.13434622949749592,0.1341357012810345,0.13414234704216657
sweep-BE-N128-M320,16,0.125,0.14285297381257892,0.14262911504180839,0.14263618160961988
sweep-BE-N128-M320,17,0.1328125,0.15127366883785398,0.1510366143569272,0.15104409747478192
sweep-BE-N128-M320,18,0.140625,0.15960324226150793,0.15935313486318017,0.15936103002352772
sweep-BE-N128-M320,19,0.1484375,0.16783667665997318,0.16757366699958906,0.16758196944668008
sweep-BE-N128-M320,20,0.15625,0.17596901252023597,0.17569325902498042,0.17570196375773123
sweep-BE-N128-M320,21,0.1640625,0.18399535122726177,0.18370702000072922,0.18371612177573429
sweep-BE-N128-M320,22,0.171875,0.19191085801473759,0.1916101227368775,0.19161961607156788
sweep-BE-N128-M320,23,0.1796875,0.19971076487735451,0.19939780669985305,0.19940768587579896
sweep-BE-N128-M320,24,0.1875,0.20739037344287581,0.20706538088003687,0.20707563994639208
sweep-BE-N128-M320,25,0.1953125,0.21494505780226061,0.21460822661745185,0.21461885939453842
sweep-BE-N128-M320,26,0.203125,0.22237026729613871,0.22202180038387093,0.22203280046690152
sweep-BE-N128-M320,27,0.2109375,0.22966152925595745,0.22930163651966856,0.22931299728260449
sweep-BE-N128-M320,28,0.21875,0.23681445169815013,0.23644334992376725,0.23645506452330972
sweep-BE-N128-M320,29,0.2265625,0.24382472596970253,0.24344263869505817,0.24345470007477044
sweep-BE-N128-M320,30,0.234375,0.25068812934352447,0.25029528672370571,0.25030768761826366
sweep-BE-N128-M320,31,0.2421875,0.25740052756206283,0.25699716623077451,0.25700989917034295
sweep-BE-N128-M320,32,0.25,0.26395787732762344,0.26354424025464895,0.26355729756938123
sweep-BE-N128-M320,33,0.2578125,0.2703562287379026,0.26993256508274782,0.26994593890740576
sweep-BE-N128-M320,34,0.265625,0.27659172766526069,0.27615829262706959,0.27617197490576129
sweep-BE-N128-M320,35,0.2734375,0.282660618078304,0.28221767274213644,0.28223165523316884
sweep-BE-N128-M320,36,0.28125,0.28855924430437824,0.288107055483942,0.28812132976478533
sweep-BE-N128-M320,37,0.2890625,0.29428405323160856,0.29382289330854061,0.2938374507809019
sweep-BE-N128-M320,38,0.296875,0.29983159644916157,0.29936174320895587,0.29937657510395804
sweep-BE-N128-M320,39,0.3046875,0.30519853232443922,0.30472026878911862,0.30473536617258273
sweep-BE-N128-M320,40,0.3125,0.31038162801595276,0.30989524227358756,0.30991059605141436
sweep-BE-N128-M320,41,0.3203125,0.31537776142066615,0.3148835464518403,0.31489914737548813
sweep-BE-N128-M320,42,0.328125,0.32018392305463378,0.31968217655596476,0.31969801522802055
sweep-BE-N128-M320,43,0.3359375,0.32479721786580129,0.32428824207061829,0.32430430895045825
sweep-BE-N128-M320,44,0.34375,0.32921486697787661,0.32869896847416691,0.32871525388370343
sweep-BE-N128-M320,45,0.3515625,0.3334342093642213,0.33291169890995287,0.33292819303946414
sweep-BE-N128-M320,46,0.359375,0.33745270345075312,0.33692389578668558,0.33694058870072485
sweep-BE-N128-M320,47,0.3671875,0.34126792864689548,0.34073314230699236,0.34075002395037235
sweep-BE-N128-M320,48,0.375,0.34487758680365072,0.34433714392320625,0.34435420412705614
sweep-BE-N128-M320,49,0.3828125,0.34827950359791909,0.34773372971951588,0.34775095820740692
sweep-BE-N128-M320,50,0.390625,0.35147162984222952,0.35092085371964421,0.35093824011377939
sweep-BE-N128-M320,51,0.3984375,0.3544520427190937,0.35389659611926766,0.35391412994673332
sweep-BE-N128-M320,52,0.40625,0.35721894693923945,0.35665916444243495,0.35667683514150911
sweep-BE-N128-M320,53,0.4140625,0.3597706758230258,0.35920689462128719,0.35922469154780146
sweep-BE-N128-M320,54,0.421875,0.36210569230438844,0.36153825199843054,0.36155616443218186
sweep-BE-N128-M320,55,0.4296875,0.3642225898567108,0.36365183225135606,0.36366984940256408
sweep-BE-N128-M320,56,0.4375,0.36612009334006335,0.36554636223835113,0.36556447325415775
sweep-BE-N128-M320,57,0.4453125,0.36779705976929994,0.36722070076539276,0.36723889473639915
sweep-BE-N128-M320,58,0.453125,0.36925247900254943,0.36867383927355973,0.36869210524039819
sweep-BE-N128-M320,59,0.4609375,0.37048547434968726,0.36990490244655111,0.36992322940648609
sweep-BE-N128-M320,60,0.46875,0.371495303100421,0.37091314873794384,0.37093152565150006
sweep-BE-N128-M320,61,0.4765625,0.37228135697167114,0.37169797081787281,0.37171638661548473
sweep-BE-N128-M320,62,0.484375,0.3728431624739782,0.37225889593886341,0.37227733952754311
sweep-BE-N128-M320,63,0.4921875,0.37318038119671471,0.37259558622059719,0.37261404649061647
sweep-BE-N128-M320,64,0.5,0.37329281001193154,0.37270783885343794,0.37272630468502049
sweep-BE-N128-M320,65,0.5078125,0.37318038119671443,0.37259558622059719,0.37261404649061647
sweep-BE-N128-M320,66,0.515625,0.37284316247397764,0.37225889593886341,0.37227733952754311
sweep-BE-N128-M320,67,0.5234375,0.37228135697167036,0.37169797081787281,0.37171638661548473
sweep-BE-N128-M320,68,0.53125,0.37149530310041995,0.37091314873794384,0.37093152565150012
sweep-BE-N128-M320,69,0.5390625,0.37048547434968587,0.36990490244655111,0.36992322940648609
sweep-BE-N128-M320,70,0.546875,0.36925247900254776,0.36867383927355973,0.36869210524039819
sweep-BE-N128-M320,71,0.5546875,0.36779705976929805,0.36722070076539276,0.36723889473639915
sweep-BE-N128-M320,72,0.5625,0.36612009334006124,0.36554636223835113,0.36556447325415775
sweep-BE-N128-M320,73,0.5703125,0.36422258985670841,0.36365183225135606,0.36366984940256408
sweep-BE-N128-M320,74,0.578125,0.36210569230438572,0.36153825199843054,0.36155616443218186
sweep-BE-N128-M320,75,0.5859375,0.3597706758230228,0.35920689462128719,0.35922469154780146
sweep-BE-N128-M320,76,0.59375,0.35721894693923617,0.35665916444243495,0.35667683514150911
sweep-BE-N128-M320,77,0.6015625,0.35445204271909009,0.35389659611926766,0.35391412994673332
sweep-BE-N128-M320,78,0.609375,0.35147162984222563,0.35092085371964421,0.35093824011377939
sweep-BE-N128-M320,79,0.6171875,0.34827950359791493,0.34773372971951588,0.34775095820740692
sweep-BE-N128-M320,80,0.625,0.34487758680364633,0.34433714392320625,0.34435420412705614
sweep-BE-N128-M320,81,0.6328125,0.34126792864689076,0.34073314230699236,0.34075002395037235
sweep-BE-N128-M320,82,0.640625,0.33745270345074813,0.33692389578668563,0.33694058870072491
sweep-BE-N128-M320,83,0.6484375,0.33343420936421608,0.33291169890995281,0.33292819303946414
sweep-BE-N128-M320,84,0.65625,0.32921486697787117,0.32869896847416696,0.32871525388370348
sweep-BE-N128-M320,85,0.6640625,0.32479721786579557,0.32428824207061835,0.32430430895045831
sweep-BE-N128-M320,86,0.671875,0.32018392305462784,0.31968217655596476,0.31969801522802055
sweep-BE-N128-M320,87,0.6796875,0.31537776142065999,0.31488354645184041,0.31489914737548824
sweep-BE-N128-M320,88,0.6875,0.31038162801594649,0.30989524227358761,0.30991059605141441
sweep-BE-N128-M320,89,0.6953125,0.30519853232443278,0.30472026878911862,0.30473536617258273
sweep-BE-N128-M320,90,0.703125,0.29983159644915497,0.29936174320895592,0.29937657510395804
sweep-BE-N128-M320,91,0.7109375,0.29428405323160173,0.29382289330854067,0.29383745078090195
sweep-BE-N128-M320,92,0.71875,0.28855924430437124,0.28810705548394205,0.28812132976478538
sweep-BE-N128-M320,93,0.7265625,0.28266061807829695,0.28221767274213649,0.2822316552331689
sweep-BE-N128-M320,94,0.734375,0.27659172766525358,0.27615829262706953,0.27617197490576129
sweep-BE-N128-M320,95,0.7421875,0.27035622873789555,0.26993256508274782,0.26994593890740576
sweep-BE-N128-M320,96,0.75,0.26395787732761627,0.26354424025464895,0.26355729756938123
sweep-BE-N128-M320,97,0.7578125,0.25740052756205567,0.25699716623077462,0.25700989917034306
sweep-BE-N128-M320,98,0.765625,0.25068812934351736,0.25029528672370582,0.25030768761826377
sweep-BE-N128-M320,99,0.7734375,0.2438247259696954,0.24344263869505811,0.24345470007477041
sweep-BE-N128-M320,100,0.78125,0.23681445169814305,0.23644334992376725,0.23645506452330972
sweep-BE-N128-M320,101,0.7890625,0.22966152925595046,0.22930163651966862,0.22931299728260454
sweep-BE-N128-M320,102,0.796875,0.22237026729613177,0.22202180038387095,0.22203280046690155
sweep-BE-N128-M320,103,0.8046875,0.21494505780225376,0.21460822661745188,0.21461885939453845
sweep-BE-N128-M320,104,0.8125,0.20739037344286906,0.20706538088003687,0.20707563994639208
sweep-BE-N128-M320,105,0.8203125,0.19971076487734796,0.19939780669985305,0.19940768587579896
sweep-BE-N128-M320,106,0.828125,0.19191085801473123,0.19161012273687753,0.19161961607156794
sweep-BE-N128-M320,107,0.8359375,0.1839953512272556,0.18370702000072928,0.18371612177573432
sweep-BE-N128-M320,108,0.84375,0.17596901252023001,0.17569325902498051,0.17570196375773131
sweep-BE-N128-M320,109,0.8515625,0.16783667665996743,0.16757366699958917,0.16758196944668019
sweep-BE-N128-M320,110,0.859375,0.15960324226150246,0.15935313486318015,0.15936103002352769
sweep-BE-N128-M320,111,0.8671875,0.15127366883784876,0.15103661435692722,0.15104409747478192
sweep-BE-N128-M320,112,0.875,0.14285297381257395,0.14262911504180845,0.14263618160961994
sweep-BE-N128-M320,113,0.8828125,0.13434622949749123,0.13413570128103458,0.13414234704216665
sweep-BE-N128-M320,114,0.890625,0.12575856003728828,0.125561489189466,0.1255677101407606
sweep-BE-N128-M320,115,0.8984375,0.11709513832293432,0.11691164355185597,0.1169174359460447
sweep-BE-N128-M320,116,0.90625,0.10836118287572385,0.10819137471177841,0.10819673505973959
sweep-BE-N128-M320,117,0.9140625,0.099561954703834665,0.099405935433110534,0.099410860505970991
sweep-BE-N128-M320,118,0.921875,0.090702754133293151,0.090560617735965104,0.090565104567045099
sweep-BE-N128-M320,119,0.9296875,0.081788917615256168,0.081660749708975133,0.081664795595575393
sweep-BE-N128-M320,120,0.9375,0.072825814511532388,0.072711692299852582,0.072715294804882313
sweep-BE-N128-M320,121,0.9453125,0.063818843860279459,0.063718836086153724,0.063721993039598607
sweep-BE-N128-M320,122,0.953125,0.054773431123825378,0.054687598028197483,0.054690307528426803
sweep-BE-N128-M320,123,0.9609375,0.045695024920572813,0.045623418206090061,0.045625678621002197
sweep-BE-N128-M320,124,0.96875,0.036589093742955131,0.03653175654282477,0.036533566510830298
sweep-BE-N128-M320,125,0.9765625,0.027461122663421031,0.027418089515428446,0.027419447946270322
sweep-BE-N128-M320,126,0.984375,0.018316610030431998,0.018287906856136269,0.018288812931546546
sweep-BE-N128-M320,127,0.9921875,0.0091610641564627993,0.0091467082455830018,0.0091471614197757359
sweep-BE-N128-M320,128,1,0,0,0
sweep-BE-N128-M640,0,0,0,0,0
sweep-BE-N128-M640,1,0.0078125,0.009154117284931278,0.0091467082455829879,0.0091471614197757203
sweep-BE-N128-M640,2,0.015625,0.018302720471904604,0.018287906856136286,0.018288812931546564
sweep-BE-N128-M640,3,0.0234375,0.027440298784448452,0.027418089515428335,0.027419447946270208
sweep-BE-N128-M640,4,0.03125,0.036561348087063399,0.036531756542824687,0.036533566510830215
sweep-BE-N128-M640,5,0.0390625,0.045660374200707572,0.045623418206090005,0.045625678621002135
sweep-BE-N128-M640,6,0.046875,0.054731896212284588,0.054687598028197462,0.054690307528426782
sweep-BE-N128-M640,7,0.0546875,0.063770449776140714,0.063718836086153724,0.063721993039598607
sweep-BE-N128-M640,8,0.0625,0.072770590405582397,0.072711692299852443,0.072715294804882175
sweep-BE-N128-M640,9,0.0703125,0.081726896752431402,0.081660749708975036,0.081664795595575296
sweep-BE-N128-M640,10,0.078125,0.090633973872642257,0.090560617735965035,0.090565104567045029
sweep-BE-N128-M640,11,0.0859375,0.099486456476014798,0.099405935433110493,0.099410860505970949
sweep-BE-N128-M640,12,0.09375,0.10827901215804438,0.10819137471177839,0.10819673505973956
sweep-BE-N128-M640,13,0.1015625,0.11700634461196295,0.11691164355185601,0.11691743594604474
sweep-BE-N128-M640,14,0.109375,0.12566319681903632,0.12556148918946589,0.12556771014076049
sweep-BE-N128-M640,15,0.1171875,0.13424435421519545,0.1341357012810345,0.13414234704216657
sweep-BE-N128-M640,16,0.125,0.14274464783209506,0.14262911504180839,0.14263618160961988
sweep-BE-N128-M640,17,0.1328125,0.15115895741070678,0.1510366143569272,0.15104409747478192
sweep-BE-N128-M640,18,0.140625,0.15948221448557179,0.15935313486318017,0.15936103002352772
sweep-BE-N128-M640,19,0.1484375,0.16770940543785476,0.16757366699958906,0.16758196944668008
sweep-BE-N128-M640,20,0.15625,0.1758355745153605,0.17569325902498042,0.17570196375773123
sweep-BE-N128-M640,21,0.1640625,0.18385582681769386,0.18370702000072922,0.18371612177573429
sweep-BE-N128-M640,22,0.171875,0.19176533124476439,0.1916101227368775,0.19161961607156788
sweep-BE-N128-M640,23,0.1796875,0.19955932340686064,0.19939780669985305,0.19940768587579896
sweep-BE-N128-M640,24,0.1875,0.20723310849454024,0.20706538088003687,0.20707563994639208
sweep-BE-N128-M640,25,0.1953125,0.2147820641066078,0.21460822661745185,0.21461885939453842
sweep-BE-N128-M640,26,0.203125,0.22220164303447609,0.22202180038387093,0.22203280046690152
sweep-BE-N128-M640,27,0.2109375,0.22948737600123498,0.22930163651966856,0.22931299728260449
sweep-BE-N128-M640,28,0.21875,0.23663487435377634,0.23644334992376725,0.23645506452330972
sweep-BE-N128-M640,29,0.2265625,0.24363983270635475,0.24344263869505817,0.24345470007477044
sweep-BE-N128-M640,30,0.234375,0.25049803153399103,0.25029528672370571,0.25030768761826366
sweep-BE-N128-M640,31,0.2421875,0.25720533971415588,0.25699716623077451,0.25700989917034295
sweep-BE-N128-M640,32,0.25,0.26375771701520412,0.26354424025464895,0.26355729756938123
sweep-BE-N128-M640,33,0.2578125,0.27015121653005858,0.26993256508274782,0.26994593890740576
sweep-BE-N128-M640,34,0.265625,0.27638198705368,0.27615829262706959,0.27617197490576129
sweep-BE-N128-M640,35,0.2734375,0.28244627540288841,0.28221767274213644,0.28223165523316884
sweep-BE-N128-M640,36,0.28125,0.2883404286771406,0.288107055483942,0.28812132976478533
sweep-BE-N128-M640,37,0.2890625,0.29406089645890082,0.29382289330854061,0.2938374507809019
sweep-BE-N128-M640,38,0.296875,0.29960423295227934,0.29936174320895587,0.29937657510395804
sweep-BE-N128-M640,39,0.3046875,0.30496709905865121,0.30472026878911862,0.30473536617258273
sweep-BE-N128-M640,40,0.3125,0.31014626438800447,0.30989524227358756,0.30991059605141436
sweep-BE-N128-M640,41,0.3203125,0.31513860920480619,0.3148835464518403,0.31489914737548813
sweep-BE-N128-M640,42,0.328125,0.31994112630721461,0.31968217655596476,0.31969801522802055
sweep-BE-N128-M640,43,0.3359375,0.32455092283850479,0.32428824207061829,0.32430430895045825
sweep-BE-N128-M640,44,0.34375,0.32896522202961775,0.32869896847416691,0.32871525388370343
sweep-BE-N128-M640,45,0.3515625,0.33318136487178202,0.33291169890995287,0.33292819303946414
sweep-BE-N128-M640,46,0.359375,0.33719681171820115,0.33692389578668558,0.33694058870072485
sweep-BE-N128-M640,47,0.3671875,0.34100914381384217,0.34073314230699236,0.34075002395037235
sweep-BE-N128-M640,48,0.375,0.34461606475240297,0.34433714392320625,0.34435420412705614
sweep-BE-N128-M640,49,0.3828125,0.34801540185958157,0.34773372971951588,0.34775095820740692
sweep-BE-N128-M640,50,0.390625,0.35120510750181394,0.35092085371964421,0.35093824011377939
sweep-BE-N128-M640,51,0.3984375,0.35418326031969211,0.35389659611926766,0.35391412994673332
sweep-BE-N128-M640,52,0.40625,0.35694806638531879,0.35665916444243495,0.35667683514150911
sweep-BE-N128-M640,53,0.4140625,0.35949786028290287,0.35920689462128719,0.35922469154780146
sweep-BE-N128-M640,54,0.421875,0.36183110611194341,0.36153825199843054,0.36155616443218186
sweep-BE-N128-M640,55,0.4296875,0.36394639841239862,0.36365183225135606,0.36366984940256408
sweep-BE-N128-M640,56,0.4375,0.36584246301128265,0.36554636223835113,0.36556447325415775
sweep-BE-N128-M640,57,0.4453125,0.36751815779017943,0.36722070076539276,0.36723889473639915
sweep-BE-N128-M640,58,0.453125,0.36897247337321248,0.36867383927355973,0.36869210524039819
sweep-BE-N128-M640,59,0.4609375,0.37020453373505491,0.36990490244655111,0.36992322940648609
sweep-BE-N128-M640,60,0.46875,0.37121359672861448,0.37091314873794384,0.37093152565150006
sweep-BE-N128-M640,61,0.4765625,0.37199905453207516,0.37169797081787281,0.37171638661548473
sweep-BE-N128-M640,62,0.484375,0.37256043401502631,0.37225889593886341,0.37227733952754311
sweep-BE-N128-M640,63,0.4921875,0.3728973970234587,0.37259558622059719,0.37261404649061647
sweep-BE-N128-M640,64,0.5,0.37300974058345598,0.37270783885343794,0.37272630468502049
sweep-BE-N128-M640,65,0.5078125,0.37289739702345842,0.37259558622059719,0.37261404649061647
sweep-BE-N128-M640,66,0.515625,0.37256043401502564,0.37225889593886341,0.37227733952754311
sweep-BE-N128-M640,67,0.5234375,0.3719990545320741,0.37169797081787281,0.37171638661548473
sweep-BE-N128-M640,68,0.53125,0.37121359672861309,0.37091314873794384,0.37093152565150012
sweep-BE-N128-M640,69,0.5390625,0.37020453373505319,0.36990490244655111,0.36992322940648609
sweep-BE-N128-M640,70,0.546875,0.36897247337321049,0.36867383927355973,0.36869210524039819
sweep-BE-N128-M640,71,0.5546875,0.36751815779017705,0.36722070076539276,0.36723889473639915
sweep-BE-N128-M640,72,0.5625,0.36584246301127993,0.36554636223835113,0.36556447325415775
sweep-BE-N128-M640,73,0.5703125,0.36394639841239562,0.36365183225135606,0.36366984940256408
sweep-BE-N128-M640,74,0.578125,0.36183110611194014,0.36153825199843054,0.36155616443218186
sweep-BE-N128-M640,75,0.5859375,0.35949786028289926,0.35920689462128719,0.35922469154780146
sweep-BE-N128-M640,76,0.59375,0.35694806638531484,0.35665916444243495,0.35667683514150911
sweep-BE-N128-M640,77,0.6015625,0.35418326031968778,0.35389659611926766,0.35391412994673332
sweep-BE-N128-M640,78,0.609375,0.35120510750180928,0.35092085371964421,0.35093824011377939
sweep-BE-N128-M640,79,0.6171875,0.34801540185957647,0.34773372971951588,0.34775095820740692
sweep-BE-N128-M640,80,0.625,0.34461606475239753,0.34433714392320625,0.34435420412705614
sweep-BE-N128-M640,81,0.6328125,0.34100914381383635,0.34073314230699236,0.34075002395037235
sweep-BE-N128-M640,82,0.640625,0.33719681171819499,0.33692389578668563,0.33694058870072491
sweep-BE-N128-M640,83,0.6484375,0.33318136487177552,0.33291169890995281,0.33292819303946414
sweep-BE-N128-M640,84,0.65625,0.32896522202961093,0.32869896847416696,0.32871525388370348
sweep-BE-N128-M640,85,0.6640625,0.32455092283849768,0.32428824207061835,0.32430430895045831
sweep-BE-N128-M640,86,0.671875,0.31994112630720717,0.31968217655596476,0.31969801522802055
sweep-BE-N128-M640,87,0.6796875,0.31513860920479847,0.31488354645184041,0.31489914737548824
sweep-BE-N128-M640,88,0.6875,0.31014626438799642,0.30989524227358761,0.30991059605141441
sweep-BE-N128-M640,89,0.6953125,0.30496709905864283,0.30472026878911862,0.30473536617258273
sweep-BE-N128-M640,90,0.703125,0.29960423295227068,0.29936174320895592,0.29937657510395804
sweep-BE-N128-M640,91,0.7109375,0.29406089645889194,0.29382289330854067,0.29383745078090195
sweep-BE-N128-M640,92,0.71875,0.2883404286771315,0.28810705548394205,0.28812132976478538
sweep-BE-N128-M640,93,0.7265625,0.28244627540287903,0.28221767274213649,0.2822316552331689
sweep-BE-N128-M640,94,0.734375,0.27638198705367034,0.27615829262706953,0.27617197490576129
sweep-BE-N128-M640,95,0.7421875,0.2701512165300487,0.26993256508274782,0.26994593890740576
sweep-BE-N128-M640,96,0.75,0.26375771701519396,0.26354424025464895,0.26355729756938123
sweep-BE-N128-M640,97,0.7578125,0.25720533971414555,0.25699716623077462,0.25700989917034306
sweep-BE-N128-M640,98,0.765625,0.25049803153398048,0.25029528672370582,0.25030768761826377
sweep-BE-N128-M640,99,0.7734375,0.24363983270634401,0.24344263869505811,0.24345470007477041
sweep-BE-N128-M640,100,0.78125,0.2366348743537654,0.23644334992376725,0.23645506452330972
sweep-BE-N128-M640,101,0.7890625,0.22948737600122401,0.22930163651966862,0.22931299728260454
sweep-BE-N128-M640,102,0.796875,0.22220164303446521,0.22202180038387095,0.22203280046690155
sweep-BE-N128-M640,103,0.8046875,0.21478206410659698,0.21460822661745188,0.21461885939453845
sweep-BE-N128-M640,104,0.8125,0.20723310849452961,0.20706538088003687,0.20707563994639208
sweep-BE-N128-M640,105,0.8203125,0.19955932340685018,0.19939780669985305,0.19940768587579896
sweep-BE-N128-M640,106,0.828125,0.1917653312447542,0.19161012273687753,0.19161961607156794
sweep-BE-N128-M640,107,0.8359375,0.18385582681768395,0.18370702000072928,0.18371612177573432
sweep-BE-N128-M640,108,0.84375,0.1758355745153509,0.17569325902498051,0.17570196375773131
sweep-BE-N128-M640,109,0.8515625,0.16770940543784543,0.16757366699958917,0.16758196944668019
sweep-BE-N128-M640,110,0.859375,0.1594822144855628,0.15935313486318015,0.15936103002352769
sweep-BE-N128-M640,111,0.8671875,0.15115895741069815,0.15103661435692722,0.15104409747478192
sweep-BE-N128-M640,112,0.875,0.14274464783208682,0.14262911504180845,0.14263618160961994
sweep-BE-N128-M640,113,0.8828125,0.1342443542151876,0.13413570128103458,0.13414234704216665
sweep-BE-N128-M640,114,0.890625,0.12566319681902888,0.125561489189466,0.1255677101407606
sweep-BE-N128-M640,115,0.8984375,0.11700634461195597,0.11691164355185597,0.1169174359460447
sweep-BE-N128-M640,116,0.90625,0.10827901215803783,0.10819137471177841,0.10819673505973959
sweep-BE-N128-M640,117,0.9140625,0.099486456476008747,0.099405935433110534,0.099410860505970991
sweep-BE-N128-M640,118,0.921875,0.090633973872636733,0.090560617735965104,0.090565104567045099
sweep-BE-N128-M640,119,0.9296875,0.081726896752426406,0.081660749708975133,0.081664795595575393
sweep-BE-N128-M640,120,0.9375,0.072770590405577915,0.072711692299852582,0.072715294804882313
sweep-BE-N128-M640,121,0.9453125,0.063770449776136759,0.063718836086153724,0.063721993039598607
sweep-BE-N128-M640,122,0.953125,0.054731896212281153,0.054687598028197483,0.054690307528426803
sweep-BE-N128-M640,123,0.9609375,0.045660374200704699,0.045623418206090061,0.045625678621002197
sweep-BE-N128-M640,124,0.96875,0.036561348087061102,0.03653175654282477,0.036533566510830298
sweep-BE-N128-M640,125,0.9765625,0.027440298784446718,0.027418089515428446,0.027419447946270322
sweep-BE-N128-M640,126,0.984375,0.018302720471903445,0.018287906856136269,0.018288812931546546
sweep-BE-N128-M640,127,0.9921875,0.0091541172849306952,0.0091467082455830018,0.0091471614197757359
sweep-BE-N128-M640,128,1,0,0,0
sweep-BE-N128-M1280,0,0,0,0,0
sweep-BE-N128-M1280,1,0.0078125,0.0091506404778642688,0.0091467082455829879,0.0091471614197757203
sweep-BE-N128-M1280,2,0.015625,0.018295768952069157,0.018287906856136286,0.018288812931546564
sweep-BE-N128-M1280,3,0.0234375,0.027429876739180178,0.027418089515428335,0.027419447946270208
sweep-BE-N128-M1280,4,0.03125,0.036547461794212664,0.036531756542824687,0.036533566510830215
sweep-BE-N128-M1280,5,0.0390625,0.045643032024857921,0.045623418206090005,0.045625678621002135
sweep-BE-N128-M1280,6,0.046875,0.054711108599714293,0.054687598028197462,0.054690307528426782
sweep-BE-N128-M1280,7,0.0546875,0.063746229248530295,0.063718836086153724,0.063721993039598607
sweep-BE-N128-M1280,8,0.0625,0.072742951552471971,0.072711692299852443,0.072715294804882175
sweep-BE-N128-M1280,9,0.0703125,0.081695856222432625,0.081660749708975036,0.081664795595575296
sweep-BE-N128-M1280,10,0.078125,0.090599550363409692,0.090560617735965035,0.090565104567045029
sweep-BE-N128-M1280,11,0.0859375,0.09944867072298319,0.099405935433110493,0.099410860505970949
sweep-BE-N128-M1280,12,0.09375,0.10823788692193846,0.10819137471177839,0.10819673505973956
sweep-BE-N128-M1280,13,0.1015625,0.11696190466508723,0.11691164355185601,0.11691743594604474
sweep-BE-N128-M1280,14,0.109375,0.12561546893035302,0.12556148918946589,0.12556771014076049
sweep-BE-N128-M1280,15,0.1171875,0.13419336713420005,0.1341357012810345,0.13414234704216657
sweep-BE-N128-M1280,16,0.125,0.14269043227149861,0.14262911504180839,0.14263618160961988
sweep-BE-N128-M1280,17,0.1328125,0.15110154602793568,0.1510366143569272,0.15104409747478192
sweep-BE-N128-M1280,18,0.140625,0.15942164186309624,0.15935313486318017,0.15936103002352772
sweep-BE-N128-M1280,19,0.1484375,0.1676457080623576,0.16757366699958906,0.16758196944668008
sweep-BE-N128-M1280,20,0.15625,0.17576879075575894,0.17569325902498042,0.17570196375773123
sweep-BE-N128-M1280,21,0.1640625,0.1837859969020274,0.18370702000072922,0.18371612177573429
sweep-BE-N128-M1280,22,0.171875,0.1916924972359631,0.1916101227368775,0.19161961607156788
sweep-BE-N128-M1280,23,0.1796875,0.19948352917740797,0.19939780669985305,0.19940768587579896
sweep-BE-N128-M1280,24,0.1875,0.20715439970004598,0.20706538088003687,0.20707563994639208
sweep-BE-N128-M1280,25,0.1953125,0.21470048815830661,0.21460822661745185,0.21461885939453842
sweep-BE-N128-M1280,26,0.203125,0.22211724907066899,0.22202180038387093,0.22203280046690152
sweep-BE-N128-M1280,27,0.2109375,0.22940021485769016,0.22930163651966856,0.22931299728260449
sweep-BE-N128-M1280,28,0.21875,0.23654499853310754,0.23644334992376725,0.23645506452330972
sweep-BE-N128-M1280,29,0.2265625,0.2435472963463958,0.24344263869505817,0.24345470007477044
sweep-BE-N128-M1280,30,0.234375,0.25040289037518493,0.25029528672370571,0.25030768761826366
sweep-BE-N128-M1280,31,0.2421875,0.25710765106597927,0.25699716623077451,0.25700989917034295
sweep-BE-N128-M1280,32,0.25,0.26365753972164579,0.26354424025464895,0.26355729756938123
sweep-BE-N128-M1280,33,0.2578125,0.27004861093417437,0.26993256508274782,0.26994593890740576
sweep-BE-N128-M1280,34,0.265625,0.27627701496124413,0.27615829262706959,0.27617197490576129
sweep-BE-N128-M1280,35,0.2734375,0.28233900004516421,0.28221767274213644,0.28223165523316884
sweep-BE-N128-M1280,36,0.28125,0.28823091467279233,0.288107055483942,0.28812132976478533
sweep-BE-N128-M1280,37,0.2890625,0.29394920977506961,0.29382289330854061,0.2938374507809019
sweep-BE-N128-M1280,38,0.296875,0.29949044086484733,0.29936174320895587,0.29937657510395804
sweep-BE-N128-M1280,39,0.3046875,0.30485127011171692,0.30472026878911862,0.30473536617258273
sweep-BE-N128-M1280,40,0.3125,0.31002846835259446,0.30989524227358756,0.30991059605141436
sweep-BE-N128-M1280,41,0.3203125,0.31501891703684753,0.3148835464518403,0.31489914737548813
sweep-BE-N128-M1280,42,0.328125,0.31981961010479359,0.31968217655596476,0.31969801522802055
sweep-BE-N128-M1280,43,0.3359375,0.32442765579843802,0.32428824207061829,0.32430430895045825
sweep-BE-N128-M1280,44,0.34375,0.32884027840336089,0.32869896847416691,0.32871525388370343
sweep-BE-N128-M1280,45,0.3515625,0.33305481992070357,0.33291169890995287,0.33292819303946414
sweep-BE-N128-M1280,46,0.359375,0.33706874166824791,0.33692389578668558,0.33694058870072485
sweep-BE-N128-M1280,47,0.3671875,0.34087962580962339,0.34073314230699236,0.34075002395037235
sweep-BE-N128-M1280,48,0.375,0.34448517681072122,0.34433714392320625,0.34435420412705614
sweep-BE-N128-M1280,49,0.3828125,0.34788322282243878,0.34773372971951588,0.34775095820740692
sweep-BE-N128-M1280,50,0.390625,0.35107171698891965,0.35092085371964421,0.35093824011377939
sweep-BE-N128-M1280,51,0.3984375,0.35404873868050346,0.35389659611926766,0.35391412994673332
sweep-BE-N128-M1280,52,0.40625,0.35681249465064119,0.35665916444243495,0.35667683514150911
sweep-BE-N128-M1280,53,0.4140625,0.35936132011607996,0.35920689462128719,0.35922469154780146
sweep-BE-N128-M1280,54,0.421875,0.36169367975966599,0.36153825199843054,0.36155616443218186
sweep-BE-N128-M1280,55,0.4296875,0.36380816865516269,0.36365183225135606,0.36366984940256408
sweep-BE-N128-M1280,56,0.4375,0.36570351311352506,0.36554636223835113,0.36556447325415775
sweep-BE-N128-M1280,57,0.4453125,0.36737857145012304,0.36722070076539276,0.36723889473639915
sweep-BE-N128-M1280,58,0.453125,0.36883233467244897,0.36867383927355973,0.36869210524039819
sweep-BE-N128-M1280,59,0.4609375,0.37006392708789765,0.36990490244655111,0.36992322940648609
sweep-BE-N128-M1280,60,0.46875,0.37107260683125004,0.37091314873794384,0.37093152565150006
sweep-BE-N128-M1280,61,0.4765625,0.37185776631154566,0.37169797081787281,0.37171638661548473
sweep-BE-N128-M1280,62,0.484375,0.37241893257807279,0.37225889593886341,0.37227733952754311
sweep-BE-N128-M1280,63,0.4921875,0.37275576760525569,0.37259558622059719,0.37261404649061647
sweep-BE-N128-M1280,64,0.5,0.37286806849626913,0.37270783885343794,0.37272630468502049
sweep-BE-N128-M1280,65,0.5078125,0.37275576760525558,0.37259558622059719,0.37261404649061647
sweep-BE-N128-M1280,66,0.515625,0.37241893257807251,0.37225889593886341,0.37227733952754311
sweep-BE-N128-M1280,67,0.5234375,0.37185776631154527,0.37169797081787281,0.37171638661548473
sweep-BE-N128-M1280,68,0.53125,0.37107260683124943,0.37091314873794384,0.37093152565150012
sweep-BE-N128-M1280,69,0.5390625,0.37006392708789687,0.36990490244655111,0.36992322940648609
sweep-BE-N128-M1280,70,0.546875,0.36883233467244808,0.36867383927355973,0.36869210524039819
sweep-BE-N128-M1280,71,0.5546875,0.36737857145012193,0.36722070076539276,0.36723889473639915
sweep-BE-N128-M1280,72,0.5625,0.36570351311352384,0.36554636223835113,0.36556447325415775
sweep-BE-N128-M1280,73,0.5703125,0.3638081686551613,0.36365183225135606,0.36366984940256408
sweep-BE-N128-M1280,74,0.578125,0.36169367975966443,0.36153825199843054,0.36155616443218186
sweep-BE-N128-M1280,75,0.5859375,0.35936132011607819,0.35920689462128719,0.35922469154780146
sweep-BE-N128-M1280,76,0.59375,0.35681249465063936,0.35665916444243495,0.35667683514150911
sweep-BE-N128-M1280,77,0.6015625,0.35404873868050141,0.35389659611926766,0.35391412994673332
sweep-BE-N128-M1280,78,0.609375,0.35107171698891748,0.35092085371964421,0.35093824011377939
sweep-BE-N128-M1280,79,0.6171875,0.34788322282243644,0.34773372971951588,0.34775095820740692
sweep-BE-N128-M1280,80,0.625,0.34448517681071872,0.34433714392320625,0.34435420412705614
sweep-BE-N128-M1280,81,0.6328125,0.34087962580962067,0.34073314230699236,0.34075002395037235
sweep-BE-N128-M1280,82,0.640625,0.33706874166824508,0.33692389578668563,0.33694058870072491
sweep-BE-N128-M1280,83,0.6484375,0.33305481992070057,0.33291169890995281,0.33292819303946414
sweep-BE-N128-M1280,84,0.65625,0.32884027840335772,0.32869896847416696,0.32871525388370348
sweep-BE-N128-M1280,85,0.6640625,0.32442765579843469,0.32428824207061835,0.32430430895045831
sweep-BE-N128-M1280,86,0.671875,0.31981961010479015,0.31968217655596476,0.31969801522802055
sweep-BE-N128-M1280,87,0.6796875,0.31501891703684387,0.31488354645184041,0.31489914737548824
sweep-BE-N128-M1280,88,0.6875,0.31002846835259068,0.30989524227358761,0.30991059605141441
sweep-BE-N128-M1280,89,0.6953125,0.30485127011171304,0.30472026878911862,0.30473536617258273
sweep-BE-N128-M1280,90,0.703125,0.29949044086484328,0.29936174320895592,0.29937657510395804
sweep-BE-N128-M1280,91,0.7109375,0.29394920977506545,0.29382289330854067,0.29383745078090195
sweep-BE-N128-M1280,92,0.71875,0.28823091467278805,0.28810705548394205,0.28812132976478538
sweep-BE-N128-M1280,93,0.7265625,0.28233900004515977,0.28221767274213649,0.2822316552331689
sweep-BE-N128-M1280,94,0.734375,0.27627701496123952,0.27615829262706953,0.27617197490576129
sweep-BE-N128-M1280,95,0.7421875,0.27004861093416965,0.26993256508274782,0.26994593890740576
sweep-BE-N128-M1280,96,0.75,0.26365753972164091,0.26354424025464895,0.26355729756938123
sweep-BE-N128-M1280,97,0.7578125,0.25710765106597433,0.25699716623077462,0.25700989917034306
sweep-BE-N128-M1280,98,0.765625,0.25040289037517993,0.25029528672370582,0.25030768761826377
sweep-BE-N128-M1280,99,0.7734375,0.24354729634639066,0.24344263869505811,0.24345470007477041
sweep-BE-N128-M1280,100,0.78125,0.23654499853310229,0.23644334992376725,0.23645506452330972
sweep-BE-N128-M1280,101,0.7890625,0.22940021485768472,0.22930163651966862,0.22931299728260454
sweep-BE-N128-M1280,102,0.796875,0.22211724907066346,0.22202180038387095,0.22203280046690155
sweep-BE-N128-M1280,103,0.8046875,0.21470048815830098,0.21460822661745188,0.21461885939453845
sweep-BE-N128-M1280,104,0.8125,0.20715439970004026,0.20706538088003687,0.20707563994639208
sweep-BE-N128-M1280,105,0.8203125,0.19948352917740214,0.19939780669985305,0.19940768587579896
sweep-BE-N128-M1280,106,0.828125,0.19169249723595716,0.19161012273687753,0.19161961607156794
sweep-BE-N128-M1280,107,0.8359375,0.18378599690202141,0.18370702000072928,0.18371612177573432
sweep-BE-N128-M1280,108,0.84375,0.17576879075575291,0.17569325902498051,0.17570196375773131
sweep-BE-N128-M1280,109,0.8515625,0.1676457080623516,0.16757366699958917,0.16758196944668019
sweep-BE-N128-M1280,110,0.859375,0.15942164186309032,0.15935313486318015,0.15936103002352769
sweep-BE-N128-M1280,111,0.8671875,0.15110154602792986,0.15103661435692722,0.15104409747478192
sweep-BE-N128-M1280,112,0.875,0.14269043227149289,0.14262911504180845,0.14263618160961994
sweep-BE-N128-M1280,113,0.8828125,0.1341933671341945,0.13413570128103458,0.13414234704216665
sweep-BE-N128-M1280,114,0.890625,0.12561546893034767,0.125561489189466,0.1255677101407606
sweep-BE-N128-M1280,115,0.8984375,0.11696190466508209,0.11691164355185597,0.1169174359460447
sweep-BE-N128-M1280,116,0.90625,0.1082378869219336,0.10819137471177841,0.10819673505973959
sweep-BE-N128-M1280,117,0.9140625,0.099448670722978624,0.099405935433110534,0.099410860505970991
sweep-BE-N128-M1280,118,0.921875,0.090599550363405446,0.090560617735965104,0.090565104567045099
sweep-BE-N128-M1280,119,0.9296875,0.081695856222428725,0.081660749708975133,0.081664795595575393
sweep-BE-N128-M1280,120,0.9375,0.072742951552468446,0.072711692299852582,0.072715294804882313
sweep-BE-N128-M1280,121,0.9453125,0.063746229248527131,0.063718836086153724,0.063721993039598607
sweep-BE-N128-M1280,122,0.953125,0.054711108599711539,0.054687598028197483,0.054690307528426803
sweep-BE-N128-M1280,123,0.9609375,0.045643032024855597,0.045623418206090061,0.045625678621002197
sweep-BE-N128-M1280,124,0.96875,0.036547461794210784,0.03653175654282477,0.036533566510830298
sweep-BE-N128-M1280,125,0.9765625,0.027429876739178762,0.027418089515428446,0.027419447946270322
sweep-BE-N128-M1280,126,0.984375,0.018295768952068209,0.018287906856136269,0.018288812931546546
sweep-BE-N128-M1280,127,0.9921875,0.0091506404778637935,0.0091467082455830018,0.0091471614197757359
sweep-BE-N128-M1280,128,1,0,0,0
sweep-BE-N128-M2560,0,0,0,0,0
sweep-BE-N128-M2560,1,0.0078125,0.0091489012303562923,0.0091467082455829879,0.0091471614197757203
sweep-BE-N128-M2560,2,0.015625,0.018292291504710869,0.018287906856136286,0.018288812931546564
sweep-BE-N128-M2560,3,0.0234375,0.027424663186655842,0.027418089515428335,0.027419447946270208
sweep-BE-N128-M2560,4,0.03125,0.036540515276971386,0.036531756542824687,0.036533566510830215
sweep-BE-N128-M2560,5,0.0390625,0.04563435672722195,0.045623418206090005,0.045625678621002135
sweep-BE-N128-M2560,6,0.046875,0.054700709747358543,0.054687598028197462,0.054690307528426782
sweep-BE-N128-M2560,7,0.0546875,0.063734113105334611,0.063718836086153724,0.063721993039598607
sweep-BE-N128-M2560,8,0.0625,0.072729125416748003,0.072711692299852443,0.072715294804882175
sweep-BE-N128-M2560,9,0.0703125,0.081680328422527496,0.081660749708975036,0.081664795595575296
sweep-BE-N128-M2560,10,0.078125,0.090582330252689469,0.090560617735965035,0.090565104567045029
sweep-BE-N128-M2560,11,0.0859375,0.099429768674198699,0.099405935433110493,0.099410860505970949
sweep-BE-N128-M2560,12,0.09375,0.1082173143209771,0.10819137471177839,0.10819673505973956
sweep-BE-N128-M2560,13,0.1015625,0.11693967390411451,0.11691164355185601,0.11691743594604474
sweep-BE-N128-M2560,14,0.109375,0.12559159340034814,0.12556148918946589,0.12556771014076049
sweep-BE-N128-M2560,15,0.1171875,0.13416786121688956,0.1341357012810345,0.13414234704216657
sweep-BE-N128-M2560,16,0.125,0.14266331133069343,0.14262911504180839,0.14263618160961988
sweep-BE-N128-M2560,17,0.1328125,0.15107282640027644,0.1510366143569272,0.15104409747478192
sweep-BE-N128-M2560,18,0.140625,0.1593913408482128,0.15935313486318017,0.15936103002352772
sweep-BE-N128-M2560,19,0.1484375,0.16761384391244827,0.16757366699958906,0.16758196944668008
sweep-BE-N128-M2560,20,0.15625,0.17573538266459621,0.17569325902498042,0.17570196375773123
sweep-BE-N128-M2560,21,0.1640625,0.18375106499339619,0.18370702000072922,0.18371612177573429
sweep-BE-N128-M2560,22,0.171875,0.19165606255153908,0.1916101227368775,0.19161961607156788
sweep-BE-N128-M2560,23,0.1796875,0.19944561366408264,0.19939780669985305,0.19940768587579896
sweep-BE-N128-M2560,24,0.1875,0.2071150261967068,0.20706538088003687,0.20707563994639208
sweep-BE-N128-M2560,25,0.1953125,0.21465968038207969,0.21460822661745185,0.21461885939453842
sweep-BE-N128-M2560,26,0.203125,0.22207503160263289,0.22202180038387093,0.22203280046690152
sweep-BE-N128-M2560,27,0.2109375,0.22935661312806896,0.22930163651966856,0.22931299728260449
sweep-BE-N128-M2560,28,0.21875,0.23650003880595286,0.23644334992376725,0.23645506452330972
sweep-BE-N128-M2560,29,0.2265625,0.24350100570376609,0.24344263869505817,0.24345470007477044
sweep-BE-N128-M2560,30,0.234375,0.25035529670083245,0.25029528672370571,0.25030768761826366
sweep-BE-N128-M2560,31,0.2421875,0.25705878302855367,0.25699716623077451,0.25700989917034295
sweep-BE-N128-M2560,32,0.25,0.26360742675742549,0.26354424025464895,0.26355729756938123
sweep-BE-N128-M2560,33,0.2578125,0.26999728322933519,0.26993256508274782,0.26994593890740576
sweep-BE-N128-M2560,34,0.265625,0.27622450343367627,0.27615829262706959,0.27617197490576129
sweep-BE-N128-M2560,35,0.2734375,0.28228533632584835,0.28221767274213644,0.28223165523316884
sweep-BE-N128-M2560,36,0.28125,0.28817613108674633,0.288107055483942,0.28812132976478533
sweep-BE-N128-M2560,37,0.2890625,0.29389333932187728,0.29382289330854061,0.2938374507809019
sweep-BE-N128-M2560,38,0.296875,0.29943351719878047,0.29936174320895587,0.29937657510395804
sweep-BE-N128-M2560,39,0.3046875,0.30479332752146354,0.30472026878911862,0.30473536617258273
sweep-BE-N128-M2560,40,0.3125,0.30996954174060426,0.30989524227358756,0.30991059605141436
sweep-BE-N128-M2560,41,0.3203125,0.3149590418983082,0.3148835464518403,0.31489914737548813
sweep-BE-N128-M2560,42,0.328125,0.31975882250624965,0.31968217655596476,0.31969801522802055
sweep-BE-N128-M2560,43,0.3359375,0.32436599235606589,0.32428824207061829,0.32430430895045825
sweep-BE-N128-M2560,44,0.34375,0.32877777626091248,0.32869896847416691,0.32871525388370343
sweep-BE-N128-M2560,45,0.3515625,0.33299151672713234,0.33291169890995287,0.33292819303946414
sweep-BE-N128-M2560,46,0.359375,0.33700467555503061,0.33692389578668558,0.33694058870072485
sweep-BE-N128-M2560,47,0.3671875,0.34081483536779095,0.34073314230699236,0.34075002395037235
sweep-BE-N128-M2560,48,0.375,0.34441970106761333,0.34433714392320625,0.34435420412705614
sweep-BE-N128-M2560,49,0.3828125,0.34781710121819476,0.34773372971951588,0.34775095820740692
sweep-BE-N128-M2560,50,0.390625,0.35100498935272145,0.35092085371964421,0.35093824011377939
sweep-BE-N128-M2560,51,0.3984375,0.35398144520658398,0.35389659611926766,0.35391412994673332
sweep-BE-N128-M2560,52,0.40625,0.35674467587407277,0.35665916444243495,0.35667683514150911
sweep-BE-N128-M2560,53,0.4140625,0.35929301688835774,0.35920689462128719,0.35922469154780146
sweep-BE-N128-M2560,54,0.421875,0.36162493322410033,0.36153825199843054,0.36155616443218186
sweep-BE-N128-M2560,55,0.4296875,0.36373902022209598,0.36365183225135606,0.36366984940256408
sweep-BE-N128-M2560,56,0.4375,0.36563400443538779,0.36554636223835113,0.36556447325415775
sweep-BE-N128-M2560,57,0.4453125,0.36730874439634376,0.36722070076539276,0.36723889473639915
sweep-BE-N128-M2560,58,0.453125,0.36876223130423402,0.36867383927355973,0.36869210524039819
sweep-BE-N128-M2560,59,0.4609375,0.36999358963289453,0.36990490244655111,0.36992322940648609
sweep-BE-N128-M2560,60,0.46875,0.37100207765811161,0.37091314873794384,0.37093152565150006
sweep-BE-N128-M2560,61,0.4765625,0.37178708790440868,0.37169797081787281,0.37171638661548473
sweep-BE-N128-M2560,62,0.484375,0.37234814751096668,0.37225889593886341,0.37227733952754311
sweep-BE-N128-M2560,63,0.4921875,0.37268491851645819,0.37259558622059719,0.37261404649061647
sweep-BE-N128-M2560,64,0.5,0.37279719806262207,0.37270783885343794,0.37272630468502049
sweep-BE-N128-M2560,65,0.5078125,0.37268491851645813,0.37259558622059719,0.37261404649061647
sweep-BE-N128-M2560,66,0.515625,0.37234814751096651,0.37225889593886341,0.37227733952754311
sweep-BE-N128-M2560,67,0.5234375,0.3717870879044084,0.37169797081787281,0.37171638661548473
sweep-BE-N128-M2560,68,0.53125,0.37100207765811127,0.37091314873794384,0.37093152565150012
sweep-BE-N128-M2560,69,0.5390625,0.36999358963289419,0.36990490244655111,0.36992322940648609
sweep-BE-N128-M2560,70,0.546875,0.36876223130423358,0.36867383927355973,0.36869210524039819
sweep-BE-N128-M2560,71,0.5546875,0.36730874439634331,0.36722070076539276,0.36723889473639915
sweep-BE-N128-M2560,72,0.5625,0.36563400443538724,0.36554636223835113,0.36556447325415775
sweep-BE-N128-M2560,73,0.5703125,0.36373902022209542,0.36365183225135606,0.36366984940256408
sweep-BE-N128-M2560,74,0.578125,0.36162493322409972,0.36153825199843054,0.36155616443218186
sweep-BE-N128-M2560,75,0.5859375,0.35929301688835696,0.35920689462128719,0.35922469154780146
sweep-BE-N128-M2560,76,0.59375,0.35674467587407205,0.35665916444243495,0.35667683514150911
sweep-BE-N128-M2560,77,0.6015625,0.35398144520658315,0.35389659611926766,0.35391412994673332
sweep-BE-N128-M2560,78,0.609375,0.35100498935272068,0.35092085371964421,0.35093824011377939
sweep-BE-N128-M2560,79,0.6171875,0.34781710121819404,0.34773372971951588,0.34775095820740692
sweep-BE-N128-M2560,80,0.625,0.3444197010676126,0.34433714392320625,0.34435420412705614
sweep-BE-N128-M2560,81,0.6328125,0.34081483536779023,0.34073314230699236,0.34075002395037235
sweep-BE-N128-M2560,82,0.640625,0.33700467555502978,0.33692389578668563,0.33694058870072491
sweep-BE-N128-M2560,83,0.6484375,0.33299151672713151,0.33291169890995281,0.33292819303946414
sweep-BE-N128-M2560,84,0.65625,0.32877777626091159,0.32869896847416696,0.32871525388370348
sweep-BE-N128-M2560,85,0.6640625,0.32436599235606495,0.32428824207061835,0.32430430895045831
sweep-BE-N128-M2560,86,0.671875,0.31975882250624876,0.31968217655596476,0.31969801522802055
sweep-BE-N128-M2560,87,0.6796875,0.3149590418983072,0.31488354645184041,0.31489914737548824
sweep-BE-N128-M2560,88,0.6875,0.30996954174060326,0.30989524227358761,0.30991059605141441
sweep-BE-N128-M2560,89,0.6953125,0.30479332752146249,0.30472026878911862,0.30473536617258273
sweep-BE-N128-M2560,90,0.703125,0.29943351719877942,0.29936174320895592,0.29937657510395804
sweep-BE-N128-M2560,91,0.7109375,0.29389333932187622,0.29382289330854067,0.29383745078090195
sweep-BE-N128-M2560,92,0.71875,0.28817613108674528,0.28810705548394205,0.28812132976478538
sweep-BE-N128-M2560,93,0.7265625,0.28228533632584724,0.28221767274213649,0.2822316552331689
sweep-BE-N128-M2560,94,0.734375,0.27622450343367511,0.27615829262706953,0.27617197490576129
sweep-BE-N128-M2560,95,0.7421875,0.26999728322933403,0.26993256508274782,0.26994593890740576
sweep-BE-N128-M2560,96,0.75,0.26360742675742427,0.26354424025464895,0.26355729756938123
sweep-BE-N128-M2560,97,0.7578125,0.25705878302855234,0.25699716623077462,0.25700989917034306
sweep-BE-N128-M2560,98,0.765625,0.25035529670083106,0.25029528672370582,0.25030768761826377
sweep-BE-N128-M2560,99,0.7734375,0.24350100570376476,0.24344263869505811,0.24345470007477041
sweep-BE-N128-M2560,100,0.78125,0.23650003880595152,0.23644334992376725,0.23645506452330972
sweep-BE-N128-M2560,101,0.7890625,0.22935661312806768,0.22930163651966862,0.22931299728260454
sweep-BE-N128-M2560,102,0.796875,0.22207503160263165,0.22202180038387095,0.22203280046690155
sweep-BE-N128-M2560,103,0.8046875,0.21465968038207844,0.21460822661745188,0.21461885939453845
sweep-BE-N128-M2560,104,0.8125,0.20711502619670552,0.20706538088003687,0.20707563994639208
sweep-BE-N128-M2560,105,0.8203125,0.19944561366408134,0.19939780669985305,0.19940768587579896
sweep-BE-N128-M2560,106,0.828125,0.19165606255153778,0.19161012273687753,0.19161961607156794
sweep-BE-N128-M2560,107,0.8359375,0.18375106499339494,0.18370702000072928,0.18371612177573432
sweep-BE-N128-M2560,108,0.84375,0.17573538266459493,0.17569325902498051,0.17570196375773131
sweep-BE-N128-M2560,109,0.8515625,0.16761384391244702,0.16757366699958917,0.16758196944668019
sweep-BE-N128-M2560,110,0.859375,0.15939134084821158,0.15935313486318015,0.15936103002352769
sweep-BE-N128-M2560,111,0.8671875,0.15107282640027522,0.15103661435692722,0.15104409747478192
sweep-BE-N128-M2560,112,0.875,0.14266331133069221,0.14262911504180845,0.14263618160961994
sweep-BE-N128-M2560,113,0.8828125,0.1341678612168884,0.13413570128103458,0.13414234704216665
sweep-BE-N128-M2560,114,0.890625,0.12559159340034695,0.125561489189466,0.1255677101407606
sweep-BE-N128-M2560,115,0.8984375,0.11693967390411335,0.11691164355185597,0.1169174359460447
sweep-BE-N128-M2560,116,0.90625,0.10821731432097594,0.10819137471177841,0.10819673505973959
sweep-BE-N128-M2560,117,0.9140625,0.099429768674197602,0.099405935433110534,0.099410860505970991
sweep-BE-N128-M2560,118,0.921875,0.090582330252688442,0.090560617735965104,0.090565104567045099
sweep-BE-N128-M2560,119,0.9296875,0.081680328422526552,0.081660749708975133,0.081664795595575393
sweep-BE-N128-M2560,120,0.9375,0.072729125416747156,0.072711692299852582,0.072715294804882313
sweep-BE-N128-M2560,121,0.9453125,0.063734113105333862,0.063718836086153724,0.063721993039598607
sweep-BE-N128-M2560,122,0.953125,0.054700709747357884,0.054687598028197483,0.054690307528426803
sweep-BE-N128-M2560,123,0.9609375,0.045634356727221402,0.045623418206090061,0.045625678621002197
sweep-BE-N128-M2560,124,0.96875,0.036540515276970942,0.03653175654282477,0.036533566510830298
sweep-BE-N128-M2560,125,0.9765625,0.027424663186655512,0.027418089515428446,0.027419447946270322
sweep-BE-N128-M2560,126,0.984375,0.01829229150471065,0.018287906856136269,0.018288812931546546
sweep-BE-N128-M2560,127,0.9921875,0.0091489012303561813,0.0091467082455830018,0.0091471614197757359
sweep-BE-N128-M2560,128,1,0,0,0
joint-BE-N10-M60,0,0,0,0,0
joint-BE-N10-M60,1,0.10000000000000001,0.11702945836489506,0.11517305614247163,0.11610867422025049
joint-BE-N10-M60,2,0.20000000000000001,0.22260325795285163,0.21907217109185045,0.2208518224311207
joint-BE-N10-M60,3,0.29999999999999999,0.30638709968428601,0.30152697556919061,0.30397645549730451
joint-BE-N10-M60,4,0.40000000000000002,0.36017963737417447,0.35446621881584617,0.35734575517090972
joint-BE-N10-M60,5,0.5,0.37871528263878196,0.37270783885343794,0.375735562554108
joint-BE-N10-M60,6,0.59999999999999998,0.3601796373741743,0.35446621881584622,0.35734575517090972
joint-BE-N10-M60,7,0.69999999999999996,0.3063870996842859,0.30152697556919061,0.30397645549730451
joint-BE-N10-M60,8,0.80000000000000004,0.22260325795285157,0.21907217109185048,0.22085182243112073
joint-BE-N10-M60,9,0.90000000000000002,0.11702945836489505,0.11517305614247167,0.11610867422025054
joint-BE-N10-M60,10,1,0,0,0
joint-FE-N10-M60,0,0,0,0,0
joint-FE-N10-M60,1,0.10000000000000001,0.11517512479730639,0.11517305614247163,0.11610867422025049
joint-FE-N10-M60,2,0.20000000000000001,0.21907610590717153,0.21907217109185045,0.2208518224311207
joint-FE-N10-M60,3,0.29999999999999999,0.30153239137785898,0.30152697556919061,0.30397645549730451
joint-FE-N10-M60,4,0.40000000000000002,0.35447258548077515,0.35446621881584617,0.35734575517090972
joint-FE-N10-M60,5,0.5,0.37271453316110514,0.37270783885343794,0.375735562554108
joint-FE-N10-M60,6,0.59999999999999998,0.35447258548077515,0.35446621881584622,0.35734575517090972
joint-FE-N10-M60,7,0.69999999999999996,0.30153239137785898,0.30152697556919061,0.30397645549730451
joint-FE-N10-M60,8,0.80000000000000004,0.21907610590717153,0.21907217109185048,0.22085182243112073
joint-FE-N10-M60,9,0.90000000000000002,0.11517512479730639,0.11517305614247167,0.11610867422025054
joint-FE-N10-M60,10,1,0,0,0
joint-BE-N20-M240,0,0,0,0,0
joint-BE-N20-M240,1,0.050000000000000003,0.058540564830322862,0.058304351387338138,0.058422694345400115
joint-BE-N20-M240,2,0.10000000000000001,0.11563966666952734,0.11517305614247163,0.11540682806221034
joint-BE-N20-M240,3,0.14999999999999999,0.16989133612927779,0.16920581801791876,0.16954926265882569
joint-BE-N20-M240,4,0.20000000000000001,0.21995971705650696,0.21907217109185045,0.21951683170703909
joint-BE-N20-M240,5,0.25,0.26461195974535678,0.26354424025464895,0.26407916782402935
joint-BE-N20-M240,6,0.29999999999999999,0.3027485777885307,0.30152697556919061,0.30213899840068187
joint-BE-N20-M240,7,0.34999999999999998,0.33343052108162696,0.33208511603456004,0.33275916409486345
joint-BE-N20-M240,8,0.40000000000000002,0.35590229835323772,0.35446621881584617,0.35518569480467982
joint-BE-N20-M240,9,0.45000000000000001,0.36961057986738322,0.36811918688395212,0.36886637491466706
joint-BE-N20-M240,10,0.5,0.37421782223800687,0.37270783885343794,0.37346434067694301
joint-BE-N20-M240,11,0.55000000000000004,0.36961057986738322,0.36811918688395212,0.36886637491466706
joint-BE-N20-M240,12,0.59999999999999998,0.35590229835323783,0.35446621881584622,0.35518569480467987
joint-BE-N20-M240,13,0.65000000000000002,0.33343052108162696,0.33208511603456009,0.3327591640948635
joint-BE-N20-M240,14,0.69999999999999996,0.30274857778853059,0.30152697556919061,0.30213899840068187
joint-BE-N20-M240,15,0.75,0.26461195974535662,0.26354424025464895,0.2640791678240294
joint-BE-N20-M240,16,0.80000000000000004,0.21995971705650674,0.21907217109185048,0.21951683170703912
joint-BE-N20-M240,17,0.84999999999999998,0.16989133612927765,0.16920581801791879,0.16954926265882572
joint-BE-N20-M240,18,0.90000000000000002,0.11563966666952726,0.11517305614247167,0.11540682806221038
joint-BE-N20-M240,19,0.94999999999999996,0.058540564830322821,0.05830435138733818,0.05842269434540015
joint-BE-N20-M240,20,1,0,0,0
joint-FE-N20-M240,0,0,0,0,0
joint-FE-N20-M240,1,0.050000000000000003,0.058304416406822004,0.058304351387338138,0.058422694345400115
joint-FE-N20-M240,2,0.10000000000000001,0.11517318458044391,0.11517305614247163,0.11540682806221034
joint-FE-N20-M240,3,0.14999999999999999,0.1692060067118103,0.16920581801791876,0.16954926265882569
joint-FE-N20-M240,4,0.20000000000000001,0.21907241539539135,0.21907217109185045,0.21951683170703909
joint-FE-N20-M240,5,0.25,0.2635445341522753,0.26354424025464895,0.26407916782402935
joint-FE-N20-M240,6,0.29999999999999999,0.30152731182416742,0.30152697556919061,0.30213899840068187
joint-FE-N20-M240,7,0.34999999999999998,0.33208548636717389,0.33208511603456004,0.33275916409486345
joint-FE-N20-M240,8,0.40000000000000002,0.35446661410727898,0.35446621881584617,0.35518569480467982
joint-FE-N20-M240,9,0.45000000000000001,0.36811959740081696,0.36811918688395212,0.36886637491466706
joint-FE-N20-M240,10,0.5,0.3727082544874471,0.37270783885343794,0.37346434067694301
joint-FE-N20-M240,11,0.55000000000000004,0.36811959740081696,0.36811918688395212,0.36886637491466706
joint-FE-N20-M240,12,0.59999999999999998,0.35446661410727898,0.35446621881584622,0.35518569480467987
joint-FE-N20-M240,13,0.65000000000000002,0.33208548636717389,0.33208511603456009,0.3327591640948635
joint-FE-N20-M240,14,0.69999999999999996,0.30152731182416742,0.30152697556919061,0.30213899840068187
joint-FE-N20-M240,15,0.75,0.2635445341522753,0.26354424025464895,0.2640791678240294
joint-FE-N20-M240,16,0.80000000000000004,0.21907241539539135,0.21907217109185048,0.21951683170703912
joint-FE-N20-M240,17,0.84999999999999998,0.1692060067118103,0.16920581801791879,0.16954926265882572
joint-FE-N20-M240,18,0.90000000000000002,0.11517318458044391,0.11517305614247167,0.11540682806221038
joint-FE-N20-M240,19,0.94999999999999996,0.058304416406822004,0.05830435138733818,0.05842269434540015
joint-FE-N20-M240,20,1,0,0,0
joint-BE-N40-M960,0,0,0,0,0
joint-BE-N40-M960,1,0.025000000000000001,0.029271978136293612,0.029242320007120095,0.029257156489296627
joint-BE-N40-M960,2,0.050000000000000003,0.058363484793456495,0.058304351387338138,0.058333932879844959
joint-BE-N40-M960,3,0.074999999999999997,0.087095161159039633,0.087006917053088967,0.087051061176187924
joint-BE-N40-M960,4,0.10000000000000001,0.11528986689399723,0.11517305614247163,0.1152314907329644
joint-BE-N40-M960,5,0.125,0.14277377226178217,0.14262911504180839,0.14270147983101314
joint-BE-N40-M960,6,0.14999999999999999,0.16937742984647622,0.16920581801791876,0.16929166685284627
joint-BE-N40-M960,7,0.17499999999999999,0.19493681925245582,0.19473931085930446,0.19483811445333979
joint-BE-N40-M960,8,0.20000000000000001,0.21929435834467378,0.21907217109185045,0.21918332028798082
joint-BE-N40-M960,9,0.22500000000000001,0.24229987479492288,0.24205437854072587,0.24217718806719632
joint-BE-N40-M960,10,0.25,0.26381153194417667,0.26354424025464895,0.26367795294989044
joint-BE-N40-M960,11,0.27500000000000002,0.28369670327275814,0.28340926409004918,0.28355305557083155
joint-BE-N40-M960,12,0.29999999999999999,0.30183279008693603,0.30152697556919061,0.30167995931321939
joint-BE-N40-M960,13,0.32500000000000001,0.31810797738064017,0.31778567297605381,0.31794690578767476
joint-BE-N40-M960,14,0.34999999999999998,0.33242192321215597,0.33208511603456004,0.33225360385987412
joint-BE-N40-M960,15,0.375,0.34468637734556207,0.34433714392320625,0.34451184797874257
joint-BE-N40-M960,16,0.40000000000000002,0.35482572534278117,0.35446621881584617,0.35464606199300736
joint-BE-N40-M960,17,0.42499999999999999,0.36277745475173512,0.36240989159750753,0.36259376510330243
joint-BE-N40-M960,18,0.45000000000000001,0.36849254051639935,0.36811918688395212,0.36830595707707342
joint-BE-N40-M960,19,0.47499999999999998,0.37193574723257589,0.37155890497120569,0.37174742035130531
joint-BE-N40-M960,20,0.5,0.373085846385877,0.37270783885343794,0.37289693716050992
joint-BE-N40-M960,21,0.52500000000000002,0.37193574723257589,0.37155890497120569,0.37174742035130531
joint-BE-N40-M960,22,0.55000000000000004,0.3684925405163994,0.36811918688395212,0.36830595707707342
joint-BE-N40-M960,23,0.57499999999999996,0.36277745475173512,0.36240989159750758,0.36259376510330249
joint-BE-N40-M960,24,0.59999999999999998,0.35482572534278117,0.35446621881584622,0.35464606199300741
joint-BE-N40-M960,25,0.625,0.34468637734556201,0.34433714392320625,0.34451184797874257
joint-BE-N40-M960,26,0.65000000000000002,0.33242192321215586,0.33208511603456009,0.33225360385987418
joint-BE-N40-M960,27,0.67500000000000004,0.31810797738064001,0.31778567297605387,0.31794690578767482
joint-BE-N40-M960,28,0.69999999999999996,0.30183279008693581,0.30152697556919061,0.30167995931321939
joint-BE-N40-M960,29,0.72499999999999998,0.28369670327275776,0.28340926409004924,0.28355305557083166
joint-BE-N40-M960,30,0.75,0.26381153194417639,0.26354424025464895,0.26367795294989049
joint-BE-N40-M960,31,0.77500000000000002,0.24229987479492263,0.24205437854072592,0.24217718806719635
joint-BE-N40-M960,32,0.80000000000000004,0.21929435834467365,0.21907217109185048,0.21918332028798088
joint-BE-N40-M960,33,0.82499999999999996,0.19493681925245582,0.19473931085930452,0.19483811445333982
joint-BE-N40-M960,34,0.84999999999999998,0.16937742984647616,0.16920581801791879,0.1692916668528463
joint-BE-N40-M960,35,0.875,0.14277377226178212,0.14262911504180845,0.14270147983101317
joint-BE-N40-M960,36,0.90000000000000002,0.1152898668939971,0.11517305614247167,0.11523149073296445
joint-BE-N40-M960,37,0.92500000000000004,0.087095161159039536,0.087006917053089022,0.08705106117618798
joint-BE-N40-M960,38,0.94999999999999996,0.05836348479345646,0.05830435138733818,0.058333932879845
joint-BE-N40-M960,39,0.97499999999999998,0.029271978136293599,0.02924232000712014,0.029257156489296676
joint-BE-N40-M960,40,1,0,0,0
joint-FE-N40-M960,0,0,0,0,0
joint-FE-N40-M960,1,0.025000000000000001,0.029242322041895814,0.029242320007120095,0.029257156489296627
joint-FE-N40-M960,2,0.050000000000000003,0.058304355444344515,0.058304351387338138,0.058333932879844959
joint-FE-N40-M960,3,0.074999999999999997,0.087006923107313214,0.087006917053088967,0.087051061176187924
joint-FE-N40-M960,4,0.10000000000000001,0.11517306415658743,0.11517305614247163,0.1152314907329644
joint-FE-N40-M960,5,0.125,0.14262912496640606,0.14262911504180839,0.14270147983101314
joint-FE-N40-M960,6,0.14999999999999999,0.16920582979180984,0.16920581801791876,0.16929166685284627
joint-FE-N40-M960,7,0.17499999999999999,0.19473932440989902,0.19473931085930446,0.19483811445333979
joint-FE-N40-M960,8,0.20000000000000001,0.21907218633560449,0.21907217109185045,0.21918332028798082
joint-FE-N40-M960,9,0.22500000000000001,0.24205439538365664,0.24205437854072587,0.24217718806719632
joint-FE-N40-M960,10,0.25,0.26354425859291419,0.26354424025464895,0.26367795294989044
joint-FE-N40-M960,11,0.27500000000000002,0.28340928381058739,0.28340926409004918,0.28355305557083155
joint-FE-N40-M960,12,0.29999999999999999,0.30152699655041809,0.30152697556919061,0.30167995931321939
joint-FE-N40-M960,13,0.32500000000000001,0.31778569508861437,0.31778567297605381,0.31794690578767476
joint-FE-N40-M960,14,0.34999999999999998,0.33208513914212234,0.33208511603456004,0.33225360385987412
joint-FE-N40-M960,15,0.375,0.34433716788330443,0.34433714392320625,0.34451184797874257
joint-FE-N40-M960,16,0.40000000000000002,0.35446624348075834,0.35446621881584617,0.35464606199300736
joint-FE-N40-M960,17,0.42499999999999999,0.36240991681516627,0.36240989159750753,0.36259376510330243
joint-FE-N40-M960,18,0.45000000000000001,0.36811921249888219,0.36811918688395212,0.36830595707707342
joint-FE-N40-M960,19,0.47499999999999998,0.37155893082548253,0.37155890497120569,0.37174742035130531
joint-FE-N40-M960,20,0.5,0.37270786478766132,0.37270783885343794,0.37289693716050992
joint-FE-N40-M960,21,0.52500000000000002,0.37155893082548253,0.37155890497120569,0.37174742035130531
joint-FE-N40-M960,22,0.55000000000000004,0.36811921249888219,0.36811918688395212,0.36830595707707342
joint-FE-N40-M960,23,0.57499999999999996,0.36240991681516627,0.36240989159750758,0.36259376510330249
joint-FE-N40-M960,24,0.59999999999999998,0.35446624348075834,0.35446621881584622,0.35464606199300741
joint-FE-N40-M960,25,0.625,0.34433716788330443,0.34433714392320625,0.34451184797874257
joint-FE-N40-M960,26,0.65000000000000002,0.33208513914212234,0.33208511603456009,0.33225360385987418
joint-FE-N40-M960,27,0.67500000000000004,0.31778569508861437,0.31778567297605387,0.31794690578767482
joint-FE-N40-M960,28,0.69999999999999996,0.30152699655041809,0.30152697556919061,0.30167995931321939
joint-FE-N40-M960,29,0.72499999999999998,0.28340928381058739,0.28340926409004924,0.28355305557083166
joint-FE-N40-M960,30,0.75,0.26354425859291419,0.26354424025464895,0.26367795294989049
joint-FE-N40-M960,31,0.77500000000000002,0.24205439538365664,0.24205437854072592,0.24217718806719635
joint-FE-N40-M960,32,0.80000000000000004,0.21907218633560449,0.21907217109185048,0.21918332028798088
joint-FE-N40-M960,33,0.82499999999999996,0.19473932440989902,0.19473931085930452,0.19483811445333982
joint-FE-N40-M960,34,0.84999999999999998,0.16920582979180984,0.16920581801791879,0.1692916668528463
joint-FE-N40-M960,35,0.875,0.14262912496640606,0.14262911504180845,0.14270147983101317
joint-FE-N40-M960,36,0.90000000000000002,0.11517306415658743,0.11517305614247167,0.11523149073296445
joint-FE-N40-M960,37,0.92500000000000004,0.0870069231073132,0.087006917053089022,0.08705106117618798
joint-FE-N40-M960,38,0.94999999999999996,0.058304355444344508,0.05830435138733818,0.058333932879845
joint-FE-N40-M960,39,0.97499999999999998,0.029242322041895811,0.02924232000712014,0.029257156489296676
joint-FE-N40-M960,40,1,0,0,0
joint-BE-N80-M3840,0,0,0,0,0
joint-BE-N80-M3840,1,0.012500000000000001,0.014636152469909333,0.014632441085346608,0.014634297009702169
joint-BE-N80-M3840,2,0.025000000000000001,0.029249737053559561,0.029242320007120095,0.029246028994130382
joint-BE-N80-M3840,3,0.037499999999999999,0.04381822066273644,0.043807109390968241,0.043812665721644113
joint-BE-N80-M3840,4,0.050000000000000003,0.058319139751659366,0.058304351387338138,0.058311746494220433
joint-BE-N80-M3840,5,0.0625,0.072730134954140768,0.072711692299852443,0.072720914780222343
joint-BE-N80-M3840,6,0.074999999999999997,0.087028985560108213,0.087006917053088967,0.087017952686550215
joint-BE-N80-M3840,7,0.087499999999999994,0.10119364377832871,0.1011679834466168,0.10118081521702246
joint-BE-N80-M3840,8,0.10000000000000001,0.11520226873250464,0.11517305614247163,0.11518766426416183
joint-BE-N80-M3840,9,0.1125,0.12903326013832209,0.12900054033366443,0.12901690228197432
joint-BE-N80-M3840,10,0.125,0.14266529160952346,0.14262911504180839,0.14264720558779961
joint-BE-N80-M3840,11,0.13750000000000001,0.15607734354164957,0.15603776599252234,0.15605755724188422
joint-BE-N80-M3840,12,0.14999999999999999,0.16924873552274594,0.16920581801791876,0.16922727945397925
joint-BE-N80-M3840,13,0.16250000000000001,0.1821591582210593,0.18211296693621384,0.18213606546699412
joint-BE-N80-M3840,14,0.17499999999999999,0.19478870470055498,0.19473931085930446,0.19476401086854428
joint-BE-N80-M3840,15,0.1875,0.20711790111596928,0.20706538088003687,0.20709164428211224
joint-BE-N80-M3840,16,0.20000000000000001,0.21912773674006772,0.21907217109185045,0.21909995739049901
joint-BE-N80-M3840,17,0.21249999999999999,0.23079969327680816,0.23074116789450808,0.23077043424527133
joint-BE-N80-M3840,18,0.22500000000000001,0.24211577341521121,0.24205437854072587,0.24208507981701216
joint-BE-N80-M3840,19,0.23749999999999999,0.25305852857990946,0.25299435887968519,0.25302644774235172
joint-BE-N80-M3840,20,0.25,0.26361108583558546,0.26354424025464895,0.26357766722499543
joint-BE-N80-M3840,21,0.26250000000000001,0.2737571739038156,0.27368775551320768,0.27372246904926861
joint-BE-N80-M3840,22,0.27500000000000002,0.28348114825220172,0.28340926409004918,0.28344521066606809
joint-BE-N80-M3840,23,0.28749999999999998,0.29276801521710655,0.29269377612357717,0.29273090031253923
joint-BE-N80-M3840,24,0.29999999999999999,0.30160345512279574,0.30152697556919061,0.30156522012828735
joint-BE-N80-M3840,25,0.3125,0.30997384436134001,0.30989524227358756,0.30993454823248079
joint-BE-N80-M3840,26,0.32500000000000001,0.3178662763992316,0.31778567297605381,0.31782597972780391
joint-BE-N80-M3840,27,0.33750000000000002,0.32526858167832279,0.32518610120435609,0.32522734659887331
joint-BE-N80-M3840,28,0.34999999999999998,0.33216934638040307,0.33208511603456004,0.33212723647443559
joint-BE-N80-M3840,29,0.36249999999999999,0.33855793002647933,0.33847207968584808,0.3385150102244166
joint-BE-N80-M3840,30,0.375,0.34442448188362301,0.34433714392320625,0.34438081836468898
joint-BE-N80-M3840,31,0.38750000000000001,0.34975995615408662,0.34967126524268888,0.34971561624426262
joint-BE-N80-M3840,32,0.40000000000000002,0.35455612592326785,0.35446621881584617,0.35451117799148113
joint-BE-N80-M3840,33,0.41249999999999998,0.35880559584501609,0.35871461117181347,0.3587601091977195
joint-BE-N80-M3840,34,0.42499999999999999,0.36250181354471978,0.36240989159750753,0.36245585831902644
joint-BE-N80-M3840,35,0.4375,0.36563907972259302,0.36554636223835113,0.36559272677813015
joint-BE-N80-M3840,36,0.45000000000000001,0.36821255694158311,0.36811918688395212,0.36816587775123139
joint-BE-N80-M3840,37,0.46250000000000002,0.37021827708634786,0.37012439842518896,0.37017134362603538
joint-BE-N80-M3840,38,0.47499999999999998,0.3716531474818015,0.37155890497120569,0.3716060321195222
joint-BE-N80-M3840,39,0.48749999999999999,0.37251495566179571,0.37242049461688348,0.37246773104602321
joint-BE-N80-M3840,40,0.5,0.37280237278058209,0.37270783885343794,0.37275511172825099
joint-BE-N80-M3840,41,0.51249999999999996,0.37251495566179582,0.37242049461688348,0.37246773104602321
joint-BE-N80-M3840,42,0.52500000000000002,0.37165314748180156,0.37155890497120569,0.3716060321195222
joint-BE-N80-M3840,43,0.53749999999999998,0.37021827708634802,0.37012439842518896,0.37017134362603538
joint-BE-N80-M3840,44,0.55000000000000004,0.36821255694158322,0.36811918688395212,0.36816587775123139
joint-BE-N80-M3840,45,0.5625,0.36563907972259307,0.36554636223835113,0.36559272677813015
joint-BE-N80-M3840,46,0.57499999999999996,0.36250181354471989,0.36240989159750758,0.36245585831902649
joint-BE-N80-M3840,47,0.58750000000000002,0.35880559584501631,0.35871461117181347,0.3587601091977195
joint-BE-N80-M3840,48,0.59999999999999998,0.35455612592326807,0.35446621881584622,0.35451117799148113
joint-BE-N80-M3840,49,0.61250000000000004,0.34975995615408667,0.34967126524268893,0.34971561624426267
joint-BE-N80-M3840,50,0.625,0.34442448188362312,0.34433714392320625,0.34438081836468898
joint-BE-N80-M3840,51,0.63749999999999996,0.33855793002647938,0.33847207968584814,0.33851501022441671
joint-BE-N80-M3840,52,0.65000000000000002,0.33216934638040313,0.33208511603456009,0.33212723647443565
joint-BE-N80-M3840,53,0.66249999999999998,0.32526858167832279,0.32518610120435609,0.32522734659887331
joint-BE-N80-M3840,54,0.67500000000000004,0.31786627639923154,0.31778567297605387,0.31782597972780396
joint-BE-N80-M3840,55,0.6875,0.30997384436134001,0.3098952422735875,0.30993454823248073
joint-BE-N80-M3840,56,0.69999999999999996,0.30160345512279574,0.30152697556919061,0.30156522012828735
joint-BE-N80-M3840,57,0.71250000000000002,0.29276801521710655,0.29269377612357722,0.29273090031253934
joint-BE-N80-M3840,58,0.72499999999999998,0.28348114825220172,0.28340926409004924,0.28344521066606815
joint-BE-N80-M3840,59,0.73750000000000004,0.27375717390381549,0.27368775551320773,0.27372246904926867
joint-BE-N80-M3840,60,0.75,0.26361108583558529,0.26354424025464895,0.26357766722499548
joint-BE-N80-M3840,61,0.76249999999999996,0.25305852857990918,0.25299435887968519,0.25302644774235172
joint-BE-N80-M3840,62,0.77500000000000002,0.24211577341521109,0.24205437854072592,0.24208507981701219
joint-BE-N80-M3840,63,0.78749999999999998,0.23079969327680794,0.23074116789450805,0.23077043424527127
joint-BE-N80-M3840,64,0.80000000000000004,0.2191277367400675,0.21907217109185048,0.21909995739049906
joint-BE-N80-M3840,65,0.8125,0.20711790111596898,0.20706538088003698,0.20709164428211238
joint-BE-N80-M3840,66,0.82499999999999996,0.19478870470055462,0.19473931085930452,0.19476401086854431
joint-BE-N80-M3840,67,0.83750000000000002,0.18215915822105899,0.18211296693621398,0.18213606546699426
joint-BE-N80-M3840,68,0.84999999999999998,0.16924873552274561,0.16920581801791879,0.16922727945397928
joint-BE-N80-M3840,69,0.86250000000000004,0.15607734354164923,0.15603776599252234,0.15605755724188419
joint-BE-N80-M3840,70,0.875,0.14266529160952321,0.14262911504180845,0.14264720558779967
joint-BE-N80-M3840,71,0.88749999999999996,0.12903326013832189,0.1290005403336644,0.12901690228197427
joint-BE-N80-M3840,72,0.90000000000000002,0.11520226873250448,0.11517305614247167,0.11518766426416187
joint-BE-N80-M3840,73,0.91249999999999998,0.1011936437783286,0.10116798344661693,0.10118081521702259
joint-BE-N80-M3840,74,0.92500000000000004,0.087028985560108116,0.087006917053089022,0.087017952686550271
joint-BE-N80-M3840,75,0.9375,0.072730134954140643,0.072711692299852582,0.072720914780222481
joint-BE-N80-M3840,76,0.94999999999999996,0.058319139751659241,0.05830435138733818,0.058311746494220475
joint-BE-N80-M3840,77,0.96250000000000002,0.043818220662736336,0.043807109390968206,0.043812665721644078
joint-BE-N80-M3840,78,0.97499999999999998,0.029249737053559492,0.02924232000712014,0.029246028994130428
joint-BE-N80-M3840,79,0.98750000000000004,0.014636152469909298,0.014632441085346568,0.014634297009702129
joint-BE-N80-M3840,80,1,0,0,0
joint-FE-N80-M3840,0,0,0,0,0
joint-FE-N80-M3840,1,0.012500000000000001,0.01463244114895613,0.014632441085346608,0.014634297009702169
joint-FE-N80-M3840,2,0.025000000000000001,0.029242320134241061,0.029242320007120095,0.029246028994130382
joint-FE-N80-M3840,3,0.037499999999999999,0.043807109581404637,0.043807109390968241,0.043812665721644113
joint-FE-N80-M3840,4,0.050000000000000003,0.058304351640796323,0.058304351387338138,0.058311746494220433
joint-FE-N80-M3840,5,0.0625,0.072711692615941612,0.072711692299852443,0.072720914780222343
joint-FE-N80-M3840,6,0.074999999999999997,0.087006917431321731,0.087006917053088967,0.087017952686550215
joint-FE-N80-M3840,7,0.087499999999999994,0.10116798388640993,0.1011679834466168,0.10118081521702246
joint-FE-N80-M3840,8,0.10000000000000001,0.11517305664314705,0.11517305614247163,0.11518766426416183
joint-FE-N80-M3840,9,0.1125,0.12900054089445009,0.12900054033366443,0.12901690228197432
joint-FE-N80-M3840,10,0.125,0.14262911566183961,0.14262911504180839,0.14264720558779961
joint-FE-N80-M3840,11,0.13750000000000001,0.15603776667084313,0.15603776599252234,0.15605755724188422
joint-FE-N80-M3840,12,0.14999999999999999,0.16920581875348312,0.16920581801791876,0.16922727945397925
joint-FE-N80-M3840,13,0.16250000000000001,0.18211296772788763,0.18211296693621384,0.18213606546699412
joint-FE-N80-M3840,14,0.17499999999999999,0.19473931170586697,0.19473931085930446,0.19476401086854428
joint-FE-N80-M3840,15,0.1875,0.20706538178018274,0.20706538088003687,0.20709164428211224
joint-FE-N80-M3840,16,0.20000000000000001,0.21907217204419174,0.21907217109185045,0.21909995739049901
joint-FE-N80-M3840,17,0.21249999999999999,0.23074116889757634,0.23074116789450808,0.23077043424527133
joint-FE-N80-M3840,18,0.22500000000000001,0.24205437959297443,0.24205437854072587,0.24208507981701216
joint-FE-N80-M3840,19,0.23749999999999999,0.25299435997949155,0.25299435887968519,0.25302644774235172
joint-FE-N80-M3840,20,0.25,0.26354424140031729,0.26354424025464895,0.26357766722499543
joint-FE-N80-M3840,21,0.26250000000000001,0.27368775670297146,0.27368775551320768,0.27372246904926861
joint-FE-N80-M3840,22,0.27500000000000002,0.28340926532207394,0.28340926409004918,0.28344521066606809
joint-FE-N80-M3840,23,0.28749999999999998,0.29269377739596314,0.29269377612357717,0.29273090031253923
joint-FE-N80-M3840,24,0.29999999999999999,0.30152697687997598,0.30152697556919061,0.30156522012828735
joint-FE-N80-M3840,25,0.3125,0.3098952436207511,0.30989524227358756,0.30993454823248079
joint-FE-N80-M3840,26,0.32500000000000001,0.31778567435751837,0.31778567297605381,0.31782597972780391
joint-FE-N80-M3840,27,0.33750000000000002,0.32518610261799147,0.32518610120435609,0.32522734659887331
joint-FE-N80-M3840,28,0.34999999999999998,0.33208511747818653,0.33208511603456004,0.33212723647443559
joint-FE-N80-M3840,29,0.36249999999999999,0.33847208115723965,0.33847207968584808,0.3385150102244166
joint-FE-N80-M3840,30,0.375,0.34433714542009414,0.34433714392320625,0.34438081836468898
joint-FE-N80-M3840,31,0.38750000000000001,0.34967126676276505,0.34967126524268888,0.34971561624426262
joint-FE-N80-M3840,32,0.40000000000000002,0.35446622035676678,0.35446621881584617,0.35451117799148113
joint-FE-N80-M3840,33,0.41249999999999998,0.35871461273120253,0.35871461117181347,0.3587601091977195
joint-FE-N80-M3840,34,0.42499999999999999,0.36240989317296052,0.36240989159750753,0.36245585831902644
joint-FE-N80-M3840,35,0.4375,0.36554636382743888,0.36554636223835113,0.36559272677813015
joint-FE-N80-M3840,36,0.45000000000000001,0.36811918848422431,0.36811918688395212,0.36816587775123139
joint-FE-N80-M3840,37,0.46250000000000002,0.37012440003417818,0.37012439842518896,0.37017134362603538
joint-FE-N80-M3840,38,0.47499999999999998,0.37155890658643093,0.37155890497120569,0.3716060321195222
joint-FE-N80-M3840,39,0.48749999999999999,0.37242049623585421,0.37242049461688348,0.37246773104602321
joint-FE-N80-M3840,40,0.5,0.37270784047365779,0.37270783885343794,0.37275511172825099
joint-FE-N80-M3840,41,0.51249999999999996,0.37242049623585421,0.37242049461688348,0.37246773104602321
joint-FE-N80-M3840,42,0.52500000000000002,0.37155890658643093,0.37155890497120569,0.3716060321195222
joint-FE-N80-M3840,43,0.53749999999999998,0.37012440003417818,0.37012439842518896,0.37017134362603538
joint-FE-N80-M3840,44,0.55000000000000004,0.36811918848422431,0.36811918688395212,0.36816587775123139
joint-FE-N80-M3840,45,0.5625,0.36554636382743888,0.36554636223835113,0.36559272677813015
joint-FE-N80-M3840,46,0.57499999999999996,0.36240989317296057,0.36240989159750758,0.36245585831902649
joint-FE-N80-M3840,47,0.58750000000000002,0.35871461273120259,0.35871461117181347,0.3587601091977195
joint-FE-N80-M3840,48,0.59999999999999998,0.35446622035676678,0.35446621881584622,0.35451117799148113
joint-FE-N80-M3840,49,0.61250000000000004,0.34967126676276511,0.34967126524268893,0.34971561624426267
joint-FE-N80-M3840,50,0.625,0.34433714542009425,0.34433714392320625,0.34438081836468898
joint-FE-N80-M3840,51,0.63749999999999996,0.33847208115723976,0.33847207968584814,0.33851501022441671
joint-FE-N80-M3840,52,0.65000000000000002,0.33208511747818664,0.33208511603456009,0.33212723647443565
joint-FE-N80-M3840,53,0.66249999999999998,0.32518610261799158,0.32518610120435609,0.32522734659887331
joint-FE-N80-M3840,54,0.67500000000000004,0.31778567435751848,0.31778567297605387,0.31782597972780396
joint-FE-N80-M3840,55,0.6875,0.30989524362075122,0.3098952422735875,0.30993454823248073
joint-FE-N80-M3840,56,0.69999999999999996,0.30152697687997609,0.30152697556919061,0.30156522012828735
joint-FE-N80-M3840,57,0.71250000000000002,0.29269377739596325,0.29269377612357722,0.29273090031253934
joint-FE-N80-M3840,58,0.72499999999999998,0.28340926532207406,0.28340926409004924,0.28344521066606815
joint-FE-N80-M3840,59,0.73750000000000004,0.27368775670297152,0.27368775551320773,0.27372246904926867
joint-FE-N80-M3840,60,0.75,0.26354424140031735,0.26354424025464895,0.26357766722499548
joint-FE-N80-M3840,61,0.76249999999999996,0.25299435997949155,0.25299435887968519,0.25302644774235172
joint-FE-N80-M3840,62,0.77500000000000002,0.24205437959297443,0.24205437854072592,0.24208507981701219
joint-FE-N80-M3840,63,0.78749999999999998,0.23074116889757634,0.23074116789450805,0.23077043424527127
joint-FE-N80-M3840,64,0.80000000000000004,0.21907217204419174,0.21907217109185048,0.21909995739049906
joint-FE-N80-M3840,65,0.8125,0.20706538178018274,0.20706538088003698,0.20709164428211238
joint-FE-N80-M3840,66,0.82499999999999996,0.194739311705867,0.19473931085930452,0.19476401086854431
joint-FE-N80-M3840,67,0.83750000000000002,0.18211296772788765,0.18211296693621398,0.18213606546699426
joint-FE-N80-M3840,68,0.84999999999999998,0.16920581875348314,0.16920581801791879,0.16922727945397928
joint-FE-N80-M3840,69,0.86250000000000004,0.15603776667084315,0.15603776599252234,0.15605755724188419
joint-FE-N80-M3840,70,0.875,0.14262911566183967,0.14262911504180845,0.14264720558779967
joint-FE-N80-M3840,71,0.88749999999999996,0.12900054089445015,0.1290005403336644,0.12901690228197427
joint-FE-N80-M3840,72,0.90000000000000002,0.1151730566431471,0.11517305614247167,0.11518766426416187
joint-FE-N80-M3840,73,0.91249999999999998,0.10116798388640999,0.10116798344661693,0.10118081521702259
joint-FE-N80-M3840,74,0.92500000000000004,0.087006917431321773,0.087006917053089022,0.087017952686550271
joint-FE-N80-M3840,75,0.9375,0.072711692615941653,0.072711692299852582,0.072720914780222481
joint-FE-N80-M3840,76,0.94999999999999996,0.058304351640796351,0.05830435138733818,0.058311746494220475
joint-FE-N80-M3840,77,0.96250000000000002,0.043807109581404657,0.043807109390968206,0.043812665721644078
joint-FE-N80-M3840,78,0.97499999999999998,0.029242320134241075,0.02924232000712014,0.029246028994130428
joint-FE-N80-M3840,79,0.98750000000000004,0.014632441148956137,0.014632441085346568,0.014634297009702129
joint-FE-N80-M3840,80,1,0,0,0
joint-BE-N160-M15360,0,0,0,0,0
joint-BE-N160-M15360,1,0.0062500000000000003,0.0073180951375724761,0.0073176310857138126,0.0073178631188952053
joint-BE-N160-M15360,2,0.012500000000000001,0.01463336901016311,0.014632441085346608,0.014632905062256186
joint-BE-N160-M15360,3,0.018749999999999999,0.02194300144044142,0.021941610000399746,0.021942305742165581
joint-BE-N160-M15360,4,0.025000000000000001,0.02924417442596031,0.029242320007120095,0.029243247245520486
joint-BE-N160-M15360,5,0.03125,0.036534073225549656,0.036531756542824687,0.036532914920391582
joint-BE-N160-M15360,6,0.037499999999999999,0.043809887444452682,0.043807109390968241,0.043808498461125042
joint-BE-N160-M15360,7,0.043749999999999997,0.051068812117786529,0.051065573764535119,0.051067192991768831
joint-BE-N160-M15360,8,0.050000000000000003,0.058308048791909685,0.058304351387338138,0.058306200147405847
joint-BE-N160-M15360,9,0.056250000000000001,0.065524806603279154,0.065520651572807273,0.065522729152976772
joint-BE-N160-M15360,10,0.0625,0.072716303354381284,0.072711692299852443,0.072713997899177041
joint-BE-N160-M15360,11,0.068750000000000006,0.079879766586322162,0.079874701285385694,0.079877234015012941
joint-BE-N160-M15360,12,0.074999999999999997,0.087012434647663159,0.087006917053088967,0.087009675936603401
joint-BE-N160-M15360,13,0.081250000000000003,0.094111557759090053,0.094105589998015909,0.094108573971815407
joint-BE-N160-M15360,14,0.087499999999999994,0.10117439907350542,0.1011679834466168,0.10117119136032265
joint-BE-N160-M15360,15,0.09375,0.1081982357311352,0.10819137471177839,0.10819480532867881
joint-BE-N160-M15360,16,0.10000000000000001,0.11518035990924302,0.11517305614247163,0.1151767081399985
joint-BE-N160-M15360,17,0.10625,0.12211807986604752,0.1221103361676026,0.12211420813784134
joint-BE-N160-M15360,18,0.1125,0.12900872097843966,0.12900054033366443,0.12900463078389682
joint-BE-N160-M15360,19,0.11874999999999999,0.13584962677310139,0.13584101233579007,0.13584531968906968
joint-BE-N160-M15360,20,0.125,0.14263815995062615,0.14262911504180839,0.14263363763756853
joint-BE-N160-M15360,21,0.13125000000000001,0.14937170340224845,0.14936223150890876,0.14936696760360266
joint-BE-N160-M15360,22,0.13750000000000001,0.15604766121878882,0.15603776599252234,0.15604271376029538
joint-BE-N160-M15360,23,0.14374999999999999,0.16266345969142632,0.1626531449470312,0.16265830248042468
joint-BE-N160-M15360,24,0.14999999999999999,0.1692165483039122,0.16920581801791876,0.16921118332860538
joint-BE-N160-M15360,25,0.15625,0.17570440071584267,0.17569325902498042,0.1756988300445308
joint-BE-N160-M15360,26,0.16250000000000001,0.18212451573661098,0.18211296693621384,0.18211874151689389
joint-BE-N160-M15360,27,0.16875000000000001,0.18847441828966419,0.18846246683201456,0.18846844274761348
joint-BE-N160-M15360,28,0.17499999999999999,0.19475166036669217,0.19473931085930446,0.19474548580599305
joint-BE-N160-M15360,29,0.18124999999999999,0.20095382197138145,0.20094107917522583,0.20094745077244461
joint-BE-N160-M15360,30,0.1875,0.20707851205236988,0.20706538088003687,0.20707194667141376
joint-BE-N160-M15360,31,0.19375000000000001,0.21312336942504248,0.2131098549388489,0.21311661239314639
joint-BE-N160-M15360,32,0.20000000000000001,0.21908606368181288,0.21907217109185045,0.21907911760394128
joint-BE-N160-M15360,33,0.20624999999999999,0.22496429609054,0.22495003075266665,0.22495716364453816
joint-BE-N160-M15360,34,0.21249999999999999,0.23075580048073316,0.23074116789450808,0.2307484844162947
joint-BE-N160-M15360,35,0.21875,0.23645834411720346,0.23644334992376725,0.23645084725481053
joint-BE-N160-M15360,36,0.22500000000000001,0.24206972856082626,0.24205437854072587,0.24206205379066195
joint-BE-N160-M15360,37,0.23125000000000001,0.24758779051608085,0.2475720905870413,0.24757994079691525
joint-BE-N160-M15360,38,0.23749999999999999,0.25301040266504243,0.25299435887968519,0.25300238102309164
joint-BE-N160-M15360,39,0.24374999999999999,0.25833547448750349,0.25831909303101319,0.25832728401526323
joint-BE-N160-M15360,40,0.25,0.26356095306690897,0.26354424025464895,0.26355259692196215
joint-BE-N160-M15360,41,0.25624999999999998,0.26868482388179499,0.26866778615687259,0.26867630528559466
joint-BE-N160-M15360,42,0.26250000000000001,0.27370511158242516,0.27368775551320768,0.27369643381905229
joint-BE-N160-M15360,43,0.26874999999999999,0.27861988075232536,0.27860221302990773,0.27861104716722285
joint-BE-N160-M15360,44,0.27500000000000002,0.2834272366544236,0.28340926409004918,0.28341825065310666
joint-BE-N160-M15360,45,0.28125,0.28812532596150736,0.288107055483942,0.2881161910082507
joint-BE-N160-M15360,46,0.28749999999999998,0.29271233747071662,0.29269377612357717,0.29270305708721861
joint-BE-N160-M15360,47,0.29375000000000001,0.29718650280179698,0.29716765774083598,0.29717708056582198
joint-BE-N160-M15360,48,0.29999999999999999,0.30154609707884339,0.30152697556919061,0.3015365366228428
joint-BE-N160-M15360,49,0.30625000000000002,0.30578943959527349,0.30577004900863497,0.30577974460498508
joint-BE-N160-M15360,50,0.3125,0.30991489446177151,0.30989524227358756,0.30990506867479872
joint-BE-N160-M15360,51,0.31874999999999998,0.31392087123695472,0.31390096502351794,0.3139109184413254
joint-BE-N160-M15360,52,0.32500000000000001,0.31780582554051917,0.31778567297605381,0.31779574957322554
joint-BE-N160-M15360,53,0.33124999999999999,0.32156825964862723,0.32154786850233058,0.32155806439414653
joint-BE-N160-M15360,54,0.33750000000000002,0.32520672307130905,0.32518610120435609,0.32519641246010589
joint-BE-N160-M15360,55,0.34375,0.32871981311165394,0.32869896847416696,0.32870939111866521
joint-BE-N160-M15360,56,0.34999999999999998,0.33210617540657661,0.33208511603456004,0.33209564604967889
joint-BE-N160-M15360,57,0.35625000000000001,0.33536450444894988,0.33534323846119263,0.33535387178741083
joint-BE-N160-M15360,58,0.36249999999999999,0.33849354409090288,0.33847207968584808,0.33848281222381593
joint-BE-N160-M15360,59,0.36875000000000002,0.34149208802808961,0.34147043348067396,0.34148126109279386
joint-BE-N160-M15360,60,0.375,0.34435898026474254,0.34433714392320625,0.34434806243522748
joint-BE-N160-M15360,61,0.38124999999999998,0.34709311555933048,0.34707110584199891,0.34708211104462727
joint-BE-N160-M15360,62,0.38750000000000001,0.34969343985065077,0.34967126524268888,0.34968235289320937
joint-BE-N160-M15360,63,0.39374999999999999,0.35215895066418951,0.35213661971433097,0.35214778553824316
joint-BE-N160-M15360,64,0.40000000000000002,0.35448869749859524,0.35446621881584617,0.35447745850851242
joint-BE-N160-M15360,65,0.40625,0.35668178219211433,0.3566591644424349,0.35667047367073967
joint-BE-N160-M15360,66,0.41249999999999998,0.35873735926885036,0.35871461117181347,0.35872598557583407
joint-BE-N160-M15360,67,0.41875000000000001,0.36065463626471023,0.36063176659014051,0.36064320178482762
joint-BE-N160-M15360,68,0.42499999999999999,0.3624328740329153,0.36240989159750753,0.36242138317437589
joint-BE-N160-M15360,69,0.43125000000000002,0.36407138702895553,0.36404830069287603,0.36405984422170407
joint-BE-N160-M15360,70,0.4375,0.36556954357488031,0.36554636223835113,0.36555795326888868
joint-BE-N160-M15360,71,0.44374999999999998,0.3669267661028226,0.36690349870269029,0.3669151327663745
joint-BE-N160-M15360,72,0.45000000000000001,0.36814253137766201,0.36811918688395212,0.3681308594956299
joint-BE-N160-M15360,73,0.45624999999999999,0.3692163706987418,0.36919295811120112,0.36920466477085845
joint-BE-N160-M15360,74,0.46250000000000002,0.37014787008056238,0.37012439842518896,0.37013613461968575
joint-BE-N160-M15360,75,0.46875,0.37093667041237999,0.37091314873794384,0.37092490994275373
joint-BE-N160-M15360,76,0.47499999999999998,0.37158246759665131,0.37155890497120569,0.37157068665216031
joint-BE-N160-M15360,77,0.48125000000000001,0.37208501266626842,0.37206141817365401,0.37207321578869107
joint-BE-N160-M15360,78,0.48749999999999999,0.37244411188054077,0.37242049461688348,0.37243230361779778
joint-BE-N160-M15360,79,0.49375000000000002,0.37265962679988535,0.37263599587008989,0.37264781170428685
joint-BE-N160-M15360,80,0.5,0.37273147433919823,0.37270783885343794,0.37271965696568854
joint-BE-N160-M15360,81,0.50624999999999998,0.3726596267998854,0.37263599587008989,0.37264781170428685
joint-BE-N160-M15360,82,0.51249999999999996,0.37244411188054094,0.37242049461688348,0.37243230361779778
joint-BE-N160-M15360,83,0.51875000000000004,0.3720850126662687,0.37206141817365401,0.37207321578869107
joint-BE-N160-M15360,84,0.52500000000000002,0.37158246759665164,0.37155890497120569,0.37157068665216031
joint-BE-N160-M15360,85,0.53125,0.37093667041238026,0.37091314873794384,0.37092490994275373
joint-BE-N160-M15360,86,0.53749999999999998,0.37014787008056271,0.37012439842518896,0.37013613461968575
joint-BE-N160-M15360,87,0.54374999999999996,0.36921637069874225,0.36919295811120112,0.36920466477085845
joint-BE-N160-M15360,88,0.55000000000000004,0.36814253137766251,0.36811918688395212,0.3681308594956299
joint-BE-N160-M15360,89,0.55625000000000002,0.36692676610282327,0.36690349870269029,0.36691513276637444
joint-BE-N160-M15360,90,0.5625,0.36556954357488097,0.36554636223835113,0.36555795326888868
joint-BE-N160-M15360,91,0.56874999999999998,0.36407138702895608,0.36404830069287603,0.36405984422170407
joint-BE-N160-M15360,92,0.57499999999999996,0.36243287403291585,0.36240989159750758,0.36242138317437594
joint-BE-N160-M15360,93,0.58125000000000004,0.36065463626471089,0.36063176659014057,0.36064320178482762
joint-BE-N160-M15360,94,0.58750000000000002,0.35873735926885097,0.35871461117181347,0.35872598557583407
joint-BE-N160-M15360,95,0.59375,0.35668178219211499,0.3566591644424349,0.35667047367073967
joint-BE-N160-M15360,96,0.59999999999999998,0.35448869749859585,0.35446621881584622,0.35447745850851242
joint-BE-N160-M15360,97,0.60624999999999996,0.35215895066419012,0.35213661971433097,0.35214778553824316
joint-BE-N160-M15360,98,0.61250000000000004,0.34969343985065116,0.34967126524268893,0.34968235289320942
joint-BE-N160-M15360,99,0.61875000000000002,0.34709311555933087,0.34707110584199891,0.34708211104462727
joint-BE-N160-M15360,100,0.625,0.34435898026474299,0.34433714392320625,0.34434806243522748
joint-BE-N160-M15360,101,0.63124999999999998,0.34149208802809017,0.34147043348067396,0.34148126109279386
joint-BE-N160-M15360,102,0.63749999999999996,0.33849354409090349,0.33847207968584814,0.33848281222381604
joint-BE-N160-M15360,103,0.64375000000000004,0.33536450444895044,0.33534323846119268,0.33535387178741088
joint-BE-N160-M15360,104,0.65000000000000002,0.33210617540657705,0.33208511603456009,0.33209564604967895
joint-BE-N160-M15360,105,0.65625,0.32871981311165455,0.32869896847416696,0.32870939111866521
joint-BE-N160-M15360,106,0.66249999999999998,0.32520672307130966,0.32518610120435609,0.32519641246010589
joint-BE-N160-M15360,107,0.66874999999999996,0.32156825964862779,0.32154786850233064,0.32155806439414653
joint-BE-N160-M15360,108,0.67500000000000004,0.31780582554051967,0.31778567297605387,0.31779574957322559
joint-BE-N160-M15360,109,0.68125000000000002,0.31392087123695522,0.31390096502351811,0.31391091844132551
joint-BE-N160-M15360,110,0.6875,0.30991489446177189,0.3098952422735875,0.30990506867479867
joint-BE-N160-M15360,111,0.69374999999999998,0.30578943959527377,0.30577004900863503,0.30577974460498514
joint-BE-N160-M15360,112,0.69999999999999996,0.30154609707884361,0.30152697556919061,0.3015365366228428
joint-BE-N160-M15360,113,0.70625000000000004,0.29718650280179715,0.29716765774083592,0.29717708056582193
joint-BE-N160-M15360,114,0.71250000000000002,0.29271233747071695,0.29269377612357722,0.29270305708721867
joint-BE-N160-M15360,115,0.71875,0.28812532596150769,0.28810705548394189,0.28811619100825064
joint-BE-N160-M15360,116,0.72499999999999998,0.28342723665442388,0.28340926409004924,0.28341825065310672
joint-BE-N160-M15360,117,0.73124999999999996,0.27861988075232574,0.27860221302990773,0.27861104716722285
joint-BE-N160-M15360,118,0.73750000000000004,0.2737051115824255,0.27368775551320773,0.2736964338190524
joint-BE-N160-M15360,119,0.74375000000000002,0.26868482388179526,0.26866778615687265,0.26867630528559472
joint-BE-N160-M15360,120,0.75,0.26356095306690919,0.26354424025464895,0.2635525969219622
joint-BE-N160-M15360,121,0.75624999999999998,0.25833547448750371,0.25831909303101319,0.25832728401526323
joint-BE-N160-M15360,122,0.76249999999999996,0.25301040266504271,0.25299435887968519,0.25300238102309164
joint-BE-N160-M15360,123,0.76875000000000004,0.24758779051608115,0.24757209058704133,0.24757994079691531
joint-BE-N160-M15360,124,0.77500000000000002,0.24206972856082654,0.24205437854072592,0.24206205379066201
joint-BE-N160-M15360,125,0.78125,0.23645834411720373,0.23644334992376737,0.23645084725481064
joint-BE-N160-M15360,126,0.78749999999999998,0.23075580048073341,0.23074116789450805,0.23074848441629464
joint-BE-N160-M15360,127,0.79374999999999996,0.22496429609054025,0.22495003075266667,0.22495716364453822
joint-BE-N160-M15360,128,0.80000000000000004,0.21908606368181305,0.21907217109185048,0.21907911760394133
joint-BE-N160-M15360,129,0.80625000000000002,0.21312336942504267,0.2131098549388489,0.21311661239314639
joint-BE-N160-M15360,130,0.8125,0.2070785120523701,0.20706538088003698,0.2070719466714139
joint-BE-N160-M15360,131,0.81874999999999998,0.20095382197138167,0.2009410791752258,0.20094745077244455
joint-BE-N160-M15360,132,0.82499999999999996,0.19475166036669242,0.19473931085930452,0.1947454858059931
joint-BE-N160-M15360,133,0.83125000000000004,0.18847441828966441,0.18846246683201456,0.18846844274761348
joint-BE-N160-M15360,134,0.83750000000000002,0.1821245157366112,0.18211296693621398,0.18211874151689403
joint-BE-N160-M15360,135,0.84375,0.17570440071584284,0.17569325902498051,0.17569883004453088
joint-BE-N160-M15360,136,0.84999999999999998,0.16921654830391236,0.16920581801791879,0.16921118332860541
joint-BE-N160-M15360,137,0.85624999999999996,0.16266345969142648,0.1626531449470312,0.16265830248042468
joint-BE-N160-M15360,138,0.86250000000000004,0.15604766121878896,0.15603776599252234,0.15604271376029535
joint-BE-N160-M15360,139,0.86875000000000002,0.14937170340224859,0.14936223150890884,0.14936696760360274
joint-BE-N160-M15360,140,0.875,0.14263815995062626,0.14262911504180845,0.14263363763756859
joint-BE-N160-M15360,141,0.88124999999999998,0.13584962677310142,0.13584101233579024,0.13584531968906985
joint-BE-N160-M15360,142,0.88749999999999996,0.12900872097843971,0.1290005403336644,0.12900463078389679
joint-BE-N160-M15360,143,0.89375000000000004,0.12211807986604749,0.12211033616760268,0.12211420813784142
joint-BE-N160-M15360,144,0.90000000000000002,0.11518035990924301,0.11517305614247167,0.11517670813999854
joint-BE-N160-M15360,145,0.90625,0.10819823573113513,0.10819137471177841,0.10819480532867883
joint-BE-N160-M15360,146,0.91249999999999998,0.10117439907350534,0.10116798344661693,0.10117119136032278
joint-BE-N160-M15360,147,0.91874999999999996,0.094111557759089984,0.094105589998015826,0.094108573971815324
joint-BE-N160-M15360,148,0.92500000000000004,0.087012434647663076,0.087006917053089022,0.087009675936603456
joint-BE-N160-M15360,149,0.93125000000000002,0.079879766586322079,0.079874701285385694,0.079877234015012955
joint-BE-N160-M15360,150,0.9375,0.072716303354381159,0.072711692299852582,0.072713997899177166
joint-BE-N160-M15360,151,0.94374999999999998,0.065524806603279015,0.065520651572807356,0.065522729152976855
joint-BE-N160-M15360,152,0.94999999999999996,0.058308048791909602,0.05830435138733818,0.058306200147405889
joint-BE-N160-M15360,153,0.95625000000000004,0.051068812117786452,0.051065573764535126,0.051067192991768838
joint-BE-N160-M15360,154,0.96250000000000002,0.043809887444452592,0.043807109390968206,0.043808498461125001
joint-BE-N160-M15360,155,0.96875,0.036534073225549572,0.03653175654282477,0.036532914920391665
joint-BE-N160-M15360,156,0.97499999999999998,0.02924417442596023,0.02924232000712014,0.029243247245520534
joint-BE-N160-M15360,157,0.98124999999999996,0.021943001440441364,0.02194161000039992,0.021942305742165751
joint-BE-N160-M15360,158,0.98750000000000004,0.014633369010163081,0.014632441085346568,0.014632905062256146
joint-BE-N160-M15360,159,0.99375000000000002,0.007318095137572464,0.0073176310857138984,0.007317863118895292
joint-BE-N160-M15360,160,1,0,0,0
joint-FE-N160-M15360,0,0,0,0,0
joint-FE-N160-M15360,1,0.0062500000000000003,0.0073176310877017883,0.0073176310857138126,0.0073178631188952053
joint-FE-N160-M15360,2,0.012500000000000001,0.014632441089321793,0.014632441085346608,0.014632905062256186
joint-FE-N160-M15360,3,0.018749999999999999,0.021941610006360614,0.021941610000399746,0.021942305742165581
joint-FE-N160-M15360,4,0.025000000000000001,0.029242320015064341,0.029242320007120095,0.029243247245520486
joint-FE-N160-M15360,5,0.03125,0.036531756552749248,0.036531756542824687,0.036532914920391582
joint-FE-N160-M15360,6,0.037499999999999999,0.04380710940286929,0.043807109390968241,0.043808498461125042
joint-FE-N160-M15360,7,0.043749999999999997,0.051065573778408077,0.051065573764535119,0.051067192991768831
joint-FE-N160-M15360,8,0.050000000000000003,0.058304351403177641,0.058304351387338138,0.058306200147405847
joint-FE-N160-M15360,9,0.056250000000000001,0.065520651590607215,0.065520651572807273,0.065522729152976772
joint-FE-N160-M15360,10,0.0625,0.072711692319606003,0.072711692299852443,0.072713997899177041
joint-FE-N160-M15360,11,0.068750000000000006,0.079874701307085225,0.079874701285385694,0.079877234015012941
joint-FE-N160-M15360,12,0.074999999999999997,0.087006917076726101,0.087006917053088967,0.087009675936603401
joint-FE-N160-M15360,13,0.081250000000000003,0.094105590023581515,0.094105589998015909,0.094108573971815407
joint-FE-N160-M15360,14,0.087499999999999994,0.10116798347410104,0.1011679834466168,0.10117119136032265
joint-FE-N160-M15360,15,0.09375,0.10819137474117069,0.10819137471177839,0.10819480532867881
joint-FE-N160-M15360,16,0.10000000000000001,0.11517305617376065,0.11517305614247163,0.1151767081399985
joint-FE-N160-M15360,17,0.10625,0.12211033620077626,0.1221103361676026,0.12211420813784134
joint-FE-N160-M15360,18,0.1125,0.12900054036870995,0.12900054033366443,0.12900463078389682
joint-FE-N160-M15360,19,0.11874999999999999,0.13584101237269397,0.13584101233579007,0.13584531968906968
joint-FE-N160-M15360,20,0.125,0.14262911508055637,0.14262911504180839,0.14263363763756853
joint-FE-N160-M15360,21,0.13125000000000001,0.14936223154948594,0.14936223150890876,0.14936696760360266
joint-FE-N160-M15360,22,0.13750000000000001,0.15603776603491309,0.15603776599252234,0.15604271376029538
joint-FE-N160-M15360,23,0.14374999999999999,0.16265314499121911,0.1626531449470312,0.16265830248042468
joint-FE-N160-M15360,24,0.14999999999999999,0.16920581806388682,0.16920581801791876,0.16921118332860538
joint-FE-N160-M15360,25,0.15625,0.17569325907271094,0.17569325902498042,0.1756988300445308
joint-FE-N160-M15360,26,0.16250000000000001,0.18211296698568841,0.18211296693621384,0.18211874151689389
joint-FE-N160-M15360,27,0.16875000000000001,0.18846246688321411,0.18846246683201456,0.18846844274761348
joint-FE-N160-M15360,28,0.17499999999999999,0.19473931091220925,0.19473931085930446,0.19474548580599305
joint-FE-N160-M15360,29,0.18124999999999999,0.20094107922981547,0.20094107917522583,0.20094745077244461
joint-FE-N160-M15360,30,0.1875,0.20706538093629029,0.20706538088003687,0.20707194667141376
joint-FE-N160-M15360,31,0.19375000000000001,0.2131098549967444,0.2131098549388489,0.21311661239314639
joint-FE-N160-M15360,32,0.20000000000000001,0.21907217115136571,0.21907217109185045,0.21907911760394128
joint-FE-N160-M15360,33,0.20624999999999999,0.22495003081377873,0.22495003075266665,0.22495716364453816
joint-FE-N160-M15360,34,0.21249999999999999,0.23074116795719346,0.23074116789450808,0.2307484844162947
joint-FE-N160-M15360,35,0.21875,0.23644334998800173,0.23644334992376725,0.23645084725481053
joint-FE-N160-M15360,36,0.22500000000000001,0.24205437860648471,0.24205437854072587,0.24206205379066195
joint-FE-N160-M15360,37,0.23125000000000001,0.24757209065429911,0.2475720905870413,0.24757994079691525
joint-FE-N160-M15360,38,0.23749999999999999,0.2529943589484161,0.25299435887968519,0.25300238102309164
joint-FE-N160-M15360,39,0.24374999999999999,0.25831909310119067,0.25831909303101319,0.25832728401526323
joint-FE-N160-M15360,40,0.25,0.26354424032624596,0.26354424025464895,0.26355259692196215
joint-FE-N160-M15360,41,0.25624999999999998,0.26866778622986148,0.26866778615687259,0.26867630528559466
joint-FE-N160-M15360,42,0.26250000000000001,0.27368775558756031,0.27368775551320768,0.27369643381905229
joint-FE-N160-M15360,43,0.26874999999999999,0.27860221310559552,0.27860221302990773,0.27861104716722285
joint-FE-N160-M15360,44,0.27500000000000002,0.28340926416704293,0.28340926409004918,0.28341825065310666
joint-FE-N160-M15360,45,0.28125,0.28810705556221194,0.288107055483942,0.2881161910082507
joint-FE-N160-M15360,46,0.28749999999999998,0.29269377620309317,0.29269377612357717,0.29270305708721861
joint-FE-N160-M15360,47,0.29375000000000001,0.29716765782156734,0.29716765774083598,0.29717708056582198
joint-FE-N160-M15360,48,0.29999999999999999,0.30152697565110637,0.30152697556919061,0.3015365366228428
joint-FE-N160-M15360,49,0.30625000000000002,0.30577004909170347,0.30577004900863497,0.30577974460498508
joint-FE-N160-M15360,50,0.3125,0.30989524235777677,0.30989524227358756,0.30990506867479872
joint-FE-N160-M15360,51,0.31874999999999998,0.31390096510879545,0.31390096502351794,0.3139109184413254
joint-FE-N160-M15360,52,0.32500000000000001,0.31778567306238664,0.31778567297605381,0.31779574957322554
joint-FE-N160-M15360,53,0.33124999999999999,0.32154786858968543,0.32154786850233058,0.32155806439414653
joint-FE-N160-M15360,54,0.33750000000000002,0.32518610129269937,0.32518610120435609,0.32519641246010589
joint-FE-N160-M15360,55,0.34375,0.32869896856346448,0.32869896847416696,0.32870939111866521
joint-FE-N160-M15360,56,0.34999999999999998,0.33208511612477754,0.33208511603456004,0.33209564604967889
joint-FE-N160-M15360,57,0.35625000000000001,0.33534323855229525,0.33534323846119263,0.33535387178741083
joint-FE-N160-M15360,58,0.36249999999999999,0.33847207977780069,0.33847207968584808,0.33848281222381593
joint-FE-N160-M15360,59,0.36875000000000002,0.3414704335734412,0.34147043348067396,0.34148126109279386
joint-FE-N160-M15360,60,0.375,0.34433714401675219,0.34433714392320625,0.34434806243522748
joint-FE-N160-M15360,61,0.38124999999999998,0.34707110593628759,0.34707110584199891,0.34708211104462727
joint-FE-N160-M15360,62,0.38750000000000001,0.349671265337684,0.34967126524268888,0.34968235289320937
joint-FE-N160-M15360,63,0.39374999999999999,0.35213661980999589,0.35213661971433097,0.35214778553824316
joint-FE-N160-M15360,64,0.40000000000000002,0.35446621891214392,0.35446621881584617,0.35447745850851242
joint-FE-N160-M15360,65,0.40625,0.35665916453932839,0.3566591644424349,0.35667047367073967
joint-FE-N160-M15360,66,0.41249999999999998,0.3587146112692654,0.35871461117181347,0.35872598557583407
joint-FE-N160-M15360,67,0.41875000000000001,0.36063176668811325,0.36063176659014051,0.36064320178482762
joint-FE-N160-M15360,68,0.42499999999999999,0.36240989169596333,0.36240989159750753,0.36242138317437589
joint-FE-N160-M15360,69,0.43125000000000002,0.36404830079177697,0.36404830069287603,0.36405984422170407
joint-FE-N160-M15360,70,0.4375,0.36554636233765908,0.36554636223835113,0.36555795326888868
joint-FE-N160-M15360,71,0.44374999999999998,0.36690349880236689,0.36690349870269029,0.3669151327663745
joint-FE-N160-M15360,72,0.45000000000000001,0.36811918698395901,0.36811918688395212,0.3681308594956299
joint-FE-N160-M15360,73,0.45624999999999999,0.36919295821149967,0.36919295811120112,0.36920466477085845
joint-FE-N160-M15360,74,0.46250000000000002,0.37012439852574058,0.37012439842518896,0.37013613461968575
joint-FE-N160-M15360,75,0.46875,0.37091314883870979,0.37091314873794384,0.37092490994275373
joint-FE-N160-M15360,76,0.47499999999999998,0.37155890507214706,0.37155890497120569,0.37157068665216031
joint-FE-N160-M15360,77,0.48125000000000001,0.37206141827473188,0.37206141817365401,0.37207321578869107
joint-FE-N160-M15360,78,0.48749999999999999,0.37242049471805894,0.37242049461688348,0.37243230361779778
joint-FE-N160-M15360,79,0.49375000000000002,0.37263599597132391,0.37263599587008989,0.37264781170428685
joint-FE-N160-M15360,80,0.5,0.37270783895469145,0.37270783885343794,0.37271965696568854
joint-FE-N160-M15360,81,0.50624999999999998,0.37263599597132396,0.37263599587008989,0.37264781170428685
joint-FE-N160-M15360,82,0.51249999999999996,0.37242049471805894,0.37242049461688348,0.37243230361779778
joint-FE-N160-M15360,83,0.51875000000000004,0.37206141827473194,0.37206141817365401,0.37207321578869107
joint-FE-N160-M15360,84,0.52500000000000002,0.37155890507214712,0.37155890497120569,0.37157068665216031
joint-FE-N160-M15360,85,0.53125,0.37091314883870985,0.37091314873794384,0.37092490994275373
joint-FE-N160-M15360,86,0.53749999999999998,0.37012439852574064,0.37012439842518896,0.37013613461968575
joint-FE-N160-M15360,87,0.54374999999999996,0.36919295821149978,0.36919295811120112,0.36920466477085845
joint-FE-N160-M15360,88,0.55000000000000004,0.36811918698395912,0.36811918688395212,0.3681308594956299
joint-FE-N160-M15360,89,0.55625000000000002,0.366903498802367,0.36690349870269029,0.36691513276637444
joint-FE-N160-M15360,90,0.5625,0.36554636233765919,0.36554636223835113,0.36555795326888868
joint-FE-N160-M15360,91,0.56874999999999998,0.36404830079177708,0.36404830069287603,0.36405984422170407
joint-FE-N160-M15360,92,0.57499999999999996,0.36240989169596344,0.36240989159750758,0.36242138317437594
joint-FE-N160-M15360,93,0.58125000000000004,0.36063176668811336,0.36063176659014057,0.36064320178482762
joint-FE-N160-M15360,94,0.58750000000000002,0.35871461126926552,0.35871461117181347,0.35872598557583407
joint-FE-N160-M15360,95,0.59375,0.3566591645393285,0.3566591644424349,0.35667047367073967
joint-FE-N160-M15360,96,0.59999999999999998,0.35446621891214403,0.35446621881584622,0.35447745850851242
joint-FE-N160-M15360,97,0.60624999999999996,0.352136619809996,0.35213661971433097,0.35214778553824316
joint-FE-N160-M15360,98,0.61250000000000004,0.34967126533768411,0.34967126524268893,0.34968235289320942
joint-FE-N160-M15360,99,0.61875000000000002,0.3470711059362877,0.34707110584199891,0.34708211104462727
joint-FE-N160-M15360,100,0.625,0.34433714401675231,0.34433714392320625,0.34434806243522748
joint-FE-N160-M15360,101,0.63124999999999998,0.34147043357344131,0.34147043348067396,0.34148126109279386
joint-FE-N160-M15360,102,0.63749999999999996,0.33847207977780081,0.33847207968584814,0.33848281222381604
joint-FE-N160-M15360,103,0.64375000000000004,0.33534323855229536,0.33534323846119268,0.33535387178741088
joint-FE-N160-M15360,104,0.65000000000000002,0.33208511612477765,0.33208511603456009,0.33209564604967895
joint-FE-N160-M15360,105,0.65625,0.32869896856346459,0.32869896847416696,0.32870939111866521
joint-FE-N160-M15360,106,0.66249999999999998,0.32518610129269948,0.32518610120435609,0.32519641246010589
joint-FE-N160-M15360,107,0.66874999999999996,0.32154786858968554,0.32154786850233064,0.32155806439414653
joint-FE-N160-M15360,108,0.67500000000000004,0.31778567306238675,0.31778567297605387,0.31779574957322559
joint-FE-N160-M15360,109,0.68125000000000002,0.31390096510879556,0.31390096502351811,0.31391091844132551
joint-FE-N160-M15360,110,0.6875,0.30989524235777688,0.3098952422735875,0.30990506867479867
joint-FE-N160-M15360,111,0.69374999999999998,0.30577004909170358,0.30577004900863503,0.30577974460498514
joint-FE-N160-M15360,112,0.69999999999999996,0.30152697565110648,0.30152697556919061,0.3015365366228428
joint-FE-N160-M15360,113,0.70625000000000004,0.29716765782156745,0.29716765774083592,0.29717708056582193
joint-FE-N160-M15360,114,0.71250000000000002,0.29269377620309328,0.29269377612357722,0.29270305708721867
joint-FE-N160-M15360,115,0.71875,0.28810705556221206,0.28810705548394189,0.28811619100825064
joint-FE-N160-M15360,116,0.72499999999999998,0.2834092641670431,0.28340926409004924,0.28341825065310672
joint-FE-N160-M15360,117,0.73124999999999996,0.27860221310559569,0.27860221302990773,0.27861104716722285
joint-FE-N160-M15360,118,0.73750000000000004,0.27368775558756048,0.27368775551320773,0.2736964338190524
joint-FE-N160-M15360,119,0.74375000000000002,0.26866778622986165,0.26866778615687265,0.26867630528559472
joint-FE-N160-M15360,120,0.75,0.26354424032624607,0.26354424025464895,0.2635525969219622
joint-FE-N160-M15360,121,0.75624999999999998,0.25831909310119078,0.25831909303101319,0.25832728401526323
joint-FE-N160-M15360,122,0.76249999999999996,0.25299435894841626,0.25299435887968519,0.25300238102309164
joint-FE-N160-M15360,123,0.76875000000000004,0.24757209065429925,0.24757209058704133,0.24757994079691531
joint-FE-N160-M15360,124,0.77500000000000002,0.24205437860648485,0.24205437854072592,0.24206205379066201
joint-FE-N160-M15360,125,0.78125,0.2364433499880019,0.23644334992376737,0.23645084725481064
joint-FE-N160-M15360,126,0.78749999999999998,0.23074116795719363,0.23074116789450805,0.23074848441629464
joint-FE-N160-M15360,127,0.79374999999999996,0.22495003081377887,0.22495003075266667,0.22495716364453822
joint-FE-N160-M15360,128,0.80000000000000004,0.21907217115136582,0.21907217109185048,0.21907911760394133
joint-FE-N160-M15360,129,0.80625000000000002,0.21310985499674451,0.2131098549388489,0.21311661239314639
joint-FE-N160-M15360,130,0.8125,0.2070653809362904,0.20706538088003698,0.2070719466714139
joint-FE-N160-M15360,131,0.81874999999999998,0.20094107922981558,0.2009410791752258,0.20094745077244455
joint-FE-N160-M15360,132,0.82499999999999996,0.19473931091220936,0.19473931085930452,0.1947454858059931
joint-FE-N160-M15360,133,0.83125000000000004,0.18846246688321422,0.18846246683201456,0.18846844274761348
joint-FE-N160-M15360,134,0.83750000000000002,0.18211296698568852,0.18211296693621398,0.18211874151689403
joint-FE-N160-M15360,135,0.84375,0.17569325907271105,0.17569325902498051,0.17569883004453088
joint-FE-N160-M15360,136,0.84999999999999998,0.16920581806388693,0.16920581801791879,0.16921118332860541
joint-FE-N160-M15360,137,0.85624999999999996,0.16265314499121922,0.1626531449470312,0.16265830248042468
joint-FE-N160-M15360,138,0.86250000000000004,0.15603776603491321,0.15603776599252234,0.15604271376029535
joint-FE-N160-M15360,139,0.86875000000000002,0.14936223154948602,0.14936223150890884,0.14936696760360274
joint-FE-N160-M15360,140,0.875,0.14262911508055645,0.14262911504180845,0.14263363763756859
joint-FE-N160-M15360,141,0.88124999999999998,0.13584101237269403,0.13584101233579024,0.13584531968906985
joint-FE-N160-M15360,142,0.88749999999999996,0.12900054036871,0.1290005403336644,0.12900463078389679
joint-FE-N160-M15360,143,0.89375000000000004,0.12211033620077631,0.12211033616760268,0.12211420813784142
joint-FE-N160-M15360,144,0.90000000000000002,0.1151730561737607,0.11517305614247167,0.11517670813999854
joint-FE-N160-M15360,145,0.90625,0.10819137474117074,0.10819137471177841,0.10819480532867883
joint-FE-N160-M15360,146,0.91249999999999998,0.10116798347410109,0.10116798344661693,0.10117119136032278
joint-FE-N160-M15360,147,0.91874999999999996,0.09410559002358157,0.094105589998015826,0.094108573971815324
joint-FE-N160-M15360,148,0.92500000000000004,0.087006917076726142,0.087006917053089022,0.087009675936603456
joint-FE-N160-M15360,149,0.93125000000000002,0.079874701307085252,0.079874701285385694,0.079877234015012955
joint-FE-N160-M15360,150,0.9375,0.072711692319606031,0.072711692299852582,0.072713997899177166
joint-FE-N160-M15360,151,0.94374999999999998,0.065520651590607257,0.065520651572807356,0.065522729152976855
joint-FE-N160-M15360,152,0.94999999999999996,0.058304351403177676,0.05830435138733818,0.058306200147405889
joint-FE-N160-M15360,153,0.95625000000000004,0.051065573778408105,0.051065573764535126,0.051067192991768838
joint-FE-N160-M15360,154,0.96250000000000002,0.043807109402869318,0.043807109390968206,0.043808498461125001
joint-FE-N160-M15360,155,0.96875,0.036531756552749269,0.03653175654282477,0.036532914920391665
joint-FE-N160-M15360,156,0.97499999999999998,0.029242320015064355,0.02924232000712014,0.029243247245520534
joint-FE-N160-M15360,157,0.98124999999999996,0.021941610006360621,0.02194161000039992,0.021942305742165751
joint-FE-N160-M15360,158,0.98750000000000004,0.014632441089321798,0.014632441085346568,0.014632905062256146
joint-FE-N160-M15360,159,0.99375000000000002,0.0073176310877017909,0.0073176310857138984,0.007317863118895292
joint-FE-N160-M15360,160,1,0,0,0
