target,variant,x,u,exact,error
0.02,adaptive,0,0,0,0
0.02,adaptive,0.001,1.562499999999998e-05,1.0000000000000002e-12,1.5624998999999981e-05
0.02,adaptive,0.002,3.124999999999996e-05,1.6000000000000003e-11,3.1249983999999963e-05
0.02,adaptive,0.0030000000000000001,4.6874999999999947e-05,8.1000000000000005e-11,4.6874918999999945e-05
0.02,adaptive,0.0040000000000000001,6.249999999999992e-05,2.5600000000000005e-10,6.2499743999999926e-05
0.02,adaptive,0.0050000000000000001,7.8124999999999907e-05,6.2500000000000001e-10,7.812437499999991e-05
0.02,adaptive,0.0060000000000000001,9.3749999999999894e-05,1.2960000000000001e-09,9.3748703999999895e-05
0.02,adaptive,0.0070000000000000001,0.00010937499999999987,2.4010000000000003e-09,0.00010937259899999987
0.02,adaptive,0.0080000000000000002,0.00012499999999999984,4.0960000000000007e-09,0.00012499590399999984
0.02,adaptive,0.0089999999999999993,0.00014062499999999983,6.5609999999999983e-09,0.00014061843899999983
0.02,adaptive,0.01,0.00015624999999999981,1e-08,0.00015623999999999982
0.02,adaptive,0.010999999999999999,0.00017187499999999977,1.4640999999999997e-08,0.00017186035899999978
0.02,adaptive,0.012,0.00018749999999999979,2.0736000000000001e-08,0.00018747926399999978
0.02,adaptive,0.012999999999999999,0.00020312499999999975,2.8560999999999993e-08,0.00020309643899999976
0.02,adaptive,0.014,0.00021874999999999973,3.8416000000000005e-08,0.00021871158399999974
0.02,adaptive,0.014999999999999999,0.00023437499999999969,5.0624999999999992e-08,0.0002343243749999997
0.02,adaptive,0.016,0.00024999999999999968,6.5536000000000012e-08,0.00024993446399999966
0.02,adaptive,0.017000000000000001,0.00026562499999999969,8.3521000000000024e-08,0.00026554147899999971
0.02,adaptive,0.017999999999999999,0.00028124999999999965,1.0497599999999997e-07,0.00028114502399999964
0.02,adaptive,0.019,0.00029687499999999961,1.3032099999999999e-07,0.00029674467899999961
0.02,adaptive,0.02,0.00031249999999999963,1.6e-07,0.0003123399999999996
0.02,adaptive,0.021000000000000001,0.00032812499999999964,1.9448100000000006e-07,0.00032793051899999965
0.02,adaptive,0.021999999999999999,0.00034374999999999955,2.3425599999999995e-07,0.00034351574399999954
0.02,adaptive,0.023,0.00035937499999999956,2.7984099999999997e-07,0.00035909515899999956
0.02,adaptive,0.024,0.00037499999999999957,3.3177600000000002e-07,0.00037466822399999958
0.02,adaptive,0.025000000000000001,0.00039062499999999953,3.9062500000000007e-07,0.00039023437499999952
0.02,adaptive,0.025999999999999999,0.00040624999999999949,4.569759999999999e-07,0.00040579302399999952
0.02,adaptive,0.027,0.00042187499999999945,5.3144099999999997e-07,0.00042134355899999947
0.02,adaptive,0.028000000000000001,0.00043749999999999947,6.1465600000000007e-07,0.00043688534399999947
0.02,adaptive,0.029000000000000001,0.00045312499999999948,7.072810000000001e-07,0.0004524177189999995
0.02,adaptive,0.029999999999999999,0.00046874999999999939,8.0999999999999987e-07,0.00046793999999999937
0.02,adaptive,0.031,0.0004843749999999994,9.2352099999999998e-07,0.00048345147899999942
0.02,adaptive,0.032000000000000001,0.00049999999999999936,1.0485760000000002e-06,0.00049895142399999936
0.02,adaptive,0.033000000000000002,0.00051562499999999937,1.1859210000000003e-06,0.00051443907899999936
0.02,adaptive,0.034000000000000002,0.00053124999999999939,1.3363360000000004e-06,0.00052991366399999943
0.02,adaptive,0.035000000000000003,0.0005468749999999994,1.5006250000000006e-06,0.00054537437499999942
0.02,adaptive,0.035999999999999997,0.00056249999999999931,1.6796159999999996e-06,0.00056082038399999929
0.02,adaptive,0.036999999999999998,0.00057812499999999921,1.8741609999999995e-06,0.00057625083899999919
0.02,adaptive,0.037999999999999999,0.00059374999999999923,2.0851359999999999e-06,0.00059166486399999925
0.02,adaptive,0.039,0.00060937499999999924,2.3134409999999998e-06,0.00060706155899999928
0.02,adaptive,0.040000000000000001,0.00062499999999999925,2.5600000000000001e-06,0.00062243999999999928
0.02,adaptive,0.041000000000000002,0.00064062499999999927,2.8257610000000005e-06,0.00063779923899999924
0.02,adaptive,0.042000000000000003,0.00065624999999999928,3.1116960000000009e-06,0.00065313830399999927
0.02,adaptive,0.042999999999999997,0.00067187499999999908,3.4188009999999987e-06,0.00066845619899999909
0.02,adaptive,0.043999999999999997,0.00068749999999999909,3.7480959999999992e-06,0.00068375190399999912
0.02,adaptive,0.044999999999999998,0.00070312499999999911,4.1006249999999994e-06,0.00069902437499999906
0.02,adaptive,0.045999999999999999,0.00071874999999999912,4.4774559999999995e-06,0.00071427254399999908
0.02,adaptive,0.047,0.00073437499999999913,4.8796809999999997e-06,0.00072949531899999909
0.02,adaptive,0.048000000000000001,0.00074999999999999915,5.3084160000000003e-06,0.0007446915839999992
0.02,adaptive,0.049000000000000002,0.00076562499999999905,5.7648010000000005e-06,0.0007598601989999991
0.02,adaptive,0.050000000000000003,0.00078124999999999907,6.2500000000000011e-06,0.00077499999999999911
0.02,adaptive,0.050999999999999997,0.00079687499999999897,6.7652009999999986e-06,0.00079010979899999897
0.02,adaptive,0.051999999999999998,0.00081249999999999899,7.3116159999999983e-06,0.00080518838399999898
0.02,adaptive,0.052999999999999999,0.000828124999999999,7.8904809999999998e-06,0.00082023451899999899
0.02,adaptive,0.053999999999999999,0.00084374999999999891,8.5030559999999996e-06,0.00083524694399999893
0.02,adaptive,0.055,0.00085937499999999892,9.1506250000000002e-06,0.00085022437499999895
0.02,adaptive,0.056000000000000001,0.00087499999999999893,9.8344960000000012e-06,0.00086516550399999895
0.02,adaptive,0.057000000000000002,0.00089062499999999895,1.0556001000000001e-05,0.00088006899899999895
0.02,adaptive,0.058000000000000003,0.00090624999999999896,1.1316496000000002e-05,0.00089493350399999895
0.02,adaptive,0.058999999999999997,0.00092187499999999887,1.2117360999999997e-05,0.00090975763899999883
0.02,adaptive,0.059999999999999998,0.00093749999999999877,1.2959999999999998e-05,0.00092453999999999876
0.02,adaptive,0.060999999999999999,0.00095312499999999879,1.3845840999999999e-05,0.00093927915899999883
0.02,adaptive,0.062,0.0009687499999999988,1.4776336e-05,0.00095397366399999875
0.02,adaptive,0.063,0.00098437499999999871,1.5752961e-05,0.00096862203899999869
0.02,adaptive,0.064000000000000001,0.00099999999999999872,1.6777216000000003e-05,0.00098322278399999878
0.02,adaptive,0.065000000000000002,0.0010156249999999987,1.7850625000000003e-05,0.00099777437499999882
0.02,adaptive,0.066000000000000003,0.0010312499999999987,1.8974736000000005e-05,0.0010122752639999987
0.02,adaptive,0.067000000000000004,0.0010468749999999988,2.0151121000000005e-05,0.0010267238789999987
0.02,adaptive,0.068000000000000005,0.0010624999999999988,2.1381376000000006e-05,0.0010411186239999988
0.02,adaptive,0.069000000000000006,0.0010781249999999988,2.2667121000000006e-05,0.0010554578789999988
0.02,adaptive,0.070000000000000007,0.0010937499999999988,2.4010000000000009e-05,0.0010697399999999987
0.02,adaptive,0.070999999999999994,0.0011093749999999986,2.5411680999999991e-05,0.0010839633189999986
0.02,adaptive,0.071999999999999995,0.0011249999999999986,2.6873855999999993e-05,0.0010981261439999986
0.02,adaptive,0.072999999999999995,0.0011406249999999986,2.8398240999999994e-05,0.0011122267589999987
0.02,adaptive,0.073999999999999996,0.0011562499999999984,2.9986575999999993e-05,0.0011262634239999985
0.02,adaptive,0.074999999999999997,0.0011718749999999984,3.1640624999999998e-05,0.0011402343749999985
0.02,adaptive,0.075999999999999998,0.0011874999999999985,3.3362175999999998e-05,0.0011541378239999984
0.02,adaptive,0.076999999999999999,0.0012031249999999985,3.5153040999999999e-05,0.0011679719589999984
0.02,adaptive,0.078,0.0012187499999999985,3.7015055999999997e-05,0.0011817349439999984
0.02,adaptive,0.079000000000000001,0.0012343749999999985,3.8950081e-05,0.0011954249189999985
0.02,adaptive,0.080000000000000002,0.0012499999999999985,4.0960000000000001e-05,0.0012090399999999985
0.02,adaptive,0.081000000000000003,0.0012656249999999985,4.3046721000000007e-05,0.0012225782789999984
0.02,adaptive,0.082000000000000003,0.0012812499999999985,4.5212176000000008e-05,0.0012360378239999986
0.02,adaptive,0.083000000000000004,0.0012968749999999985,4.745832100000001e-05,0.0012494166789999985
0.02,adaptive,0.084000000000000005,0.0013124999999999986,4.9787136000000015e-05,0.0012627128639999985
0.02,adaptive,0.085000000000000006,0.0013281249999999986,5.2200625000000018e-05,0.0012759243749999986
0.02,adaptive,0.085999999999999993,0.0013437499999999982,5.470081599999998e-05,0.0012890491839999982
0.02,adaptive,0.086999999999999994,0.0013593749999999982,5.7289760999999981e-05,0.0013020852389999981
0.02,adaptive,0.087999999999999995,0.0013749999999999982,5.9969535999999987e-05,0.0013150304639999982
0.02,adaptive,0.088999999999999996,0.0013906249999999982,6.2742240999999989e-05,0.0013278827589999981
0.02,adaptive,0.089999999999999997,0.0014062499999999982,6.560999999999999e-05,0.0013406399999999982
0.02,adaptive,0.090999999999999998,0.0014218749999999982,6.8574960999999993e-05,0.0013533000389999983
0.02,adaptive,0.091999999999999998,0.0014374999999999982,7.1639295999999993e-05,0.0013658607039999983
0.02,adaptive,0.092999999999999999,0.0014531249999999983,7.4805200999999996e-05,0.0013783197989999984
0.02,adaptive,0.094,0.0014687499999999983,7.8074895999999996e-05,0.0013906751039999984
0.02,adaptive,0.095000000000000001,0.0014843749999999983,8.1450624999999997e-05,0.0014029243749999983
0.02,adaptive,0.096000000000000002,0.0014999999999999983,8.4934656000000005e-05,0.0014150653439999983
0.02,adaptive,0.097000000000000003,0.0015156249999999981,8.8529281000000008e-05,0.0014270957189999982
0.02,adaptive,0.098000000000000004,0.0015312499999999981,9.2236816000000008e-05,0.001439013183999998
0.02,adaptive,0.099000000000000005,0.0015468749999999981,9.6059601000000021e-05,0.001450815398999998
0.02,adaptive,0.10000000000000001,0.0015624999999999981,0.00010000000000000002,0.0014624999999999981
0.02,adaptive,0.10100000000000001,0.0015781249999999981,0.00010406040100000003,0.0014740645989999982
0.02,adaptive,0.10199999999999999,0.0015937499999999979,0.00010824321599999998,0.0014855067839999979
0.02,adaptive,0.10299999999999999,0.001609374999999998,0.00011255088099999997,0.0014968241189999979
0.02,adaptive,0.104,0.001624999999999998,0.00011698585599999997,0.0015080141439999979
0.02,adaptive,0.105,0.001640624999999998,0.00012155062499999998,0.0015190743749999981
0.02,adaptive,0.106,0.001656249999999998,0.000126247696,0.0015300023039999981
0.02,adaptive,0.107,0.001671874999999998,0.00013107960099999999,0.0015407953989999979
0.02,adaptive,0.108,0.0016874999999999978,0.00013604889599999999,0.0015514511039999978
0.02,adaptive,0.109,0.0017031249999999978,0.00014115816099999999,0.0015619668389999979
0.02,adaptive,0.11,0.0017187499999999978,0.00014641,0.0015723399999999978
0.02,adaptive,0.111,0.0017343749999999979,0.000151807041,0.0015825679589999979
0.02,adaptive,0.112,0.0017499999999999979,0.00015735193600000002,0.0015926480639999979
0.02,adaptive,0.113,0.0017656249999999979,0.00016304736100000001,0.0016025776389999979
0.02,adaptive,0.114,0.0017812499999999979,0.00016889601600000002,0.0016123539839999978
0.02,adaptive,0.115,0.0017968749999999979,0.00017490062500000002,0.0016219743749999978
0.02,adaptive,0.11600000000000001,0.0018124999999999979,0.00018106393600000003,0.001631436063999998
0.02,adaptive,0.11700000000000001,0.0018281249999999979,0.00018738872100000005,0.0016407362789999979
0.02,adaptive,0.11799999999999999,0.0018437499999999977,0.00019387777599999995,0.0016498722239999977
0.02,adaptive,0.11899999999999999,0.0018593749999999977,0.00020053392099999995,0.0016588410789999978
0.02,adaptive,0.12,0.0018749999999999975,0.00020735999999999997,0.0016676399999999976
0.02,adaptive,0.121,0.0018906249999999976,0.00021435888099999997,0.0016762661189999976
0.02,adaptive,0.122,0.0019062499999999976,0.00022153345599999999,0.0016847165439999976
0.02,adaptive,0.123,0.0019218749999999976,0.00022888664099999999,0.0016929883589999976
0.02,adaptive,0.124,0.0019374999999999976,0.00023642137599999999,0.0017010786239999977
0.02,adaptive,0.125,0.0019531249999999976,0.000244140625,0.0017089843749999976
0.02,adaptive,0.126,0.0019687499999999974,0.000252047376,0.0017167026239999974
0.02,adaptive,0.127,0.0019843749999999974,0.00026014464100000001,0.0017242303589999975
0.02,adaptive,0.128,0.0019999999999999974,0.00026843545600000005,0.0017315645439999975
0.02,adaptive,0.129,0.0020156249999999975,0.00027692288100000003,0.0017387021189999973
0.02,adaptive,0.13,0.0020312499999999975,0.00028561000000000005,0.0017456399999999975
0.02,adaptive,0.13100000000000001,0.0020468749999999975,0.00029449992100000005,0.0017523750789999975
0.02,adaptive,0.13200000000000001,0.0020624999999999975,0.00030359577600000008,0.0017589042239999973
0.02,adaptive,0.13300000000000001,0.0020781249999999975,0.00031290072100000006,0.0017652242789999975
0.02,adaptive,0.13400000000000001,0.0020937499999999975,0.00032241793600000008,0.0017713320639999974
0.02,adaptive,0.13500000000000001,0.0021093749999999975,0.00033215062500000007,0.0017772243749999974
0.02,adaptive,0.13600000000000001,0.0021249999999999976,0.0003421020160000001,0.0017828979839999975
0.02,adaptive,0.13700000000000001,0.0021406249999999976,0.00035227536100000011,0.0017883496389999975
0.02,adaptive,0.13800000000000001,0.0021562499999999976,0.0003626739360000001,0.0017935760639999974
0.02,adaptive,0.13900000000000001,0.0021718749999999976,0.00037330104100000014,0.0017985739589999974
0.02,adaptive,0.14000000000000001,0.0021874999999999976,0.00038416000000000014,0.0018033399999999975
0.02,adaptive,0.14099999999999999,0.0022031249999999972,0.00039525416099999984,0.0018078708389999973
0.02,adaptive,0.14199999999999999,0.0022187499999999972,0.00040658689599999985,0.0018121631039999973
0.02,adaptive,0.14299999999999999,0.0022343749999999972,0.00041816160099999989,0.0018162133989999972
0.02,adaptive,0.14399999999999999,0.0022499999999999972,0.00042998169599999989,0.0018200183039999973
0.02,adaptive,0.14499999999999999,0.0022656249999999972,0.00044205062499999987,0.0018235743749999973
0.02,adaptive,0.14599999999999999,0.0022812499999999973,0.0004543718559999999,0.0018268781439999974
0.02,adaptive,0.14699999999999999,0.0022968749999999973,0.00046694888099999991,0.0018299261189999973
0.02,adaptive,0.14799999999999999,0.0023124999999999968,0.00047978521599999988,0.0018327147839999969
0.02,adaptive,0.14899999999999999,0.0023281249999999969,0.00049288440099999988,0.0018352405989999969
0.02,adaptive,0.14999999999999999,0.0023437499999999969,0.00050624999999999997,0.0018374999999999969
0.02,adaptive,0.151,0.0023593749999999969,0.00051988560099999997,0.0018394893989999968
0.02,adaptive,0.152,0.0023749999999999969,0.00053379481599999997,0.0018412051839999969
0.02,adaptive,0.153,0.0023906249999999969,0.00054798128099999997,0.0018426437189999968
0.02,adaptive,0.154,0.0024062499999999969,0.00056244865599999999,0.0018438013439999968
0.02,adaptive,0.155,0.0024218749999999969,0.00057720062499999993,0.0018446743749999969
0.02,adaptive,0.156,0.002437499999999997,0.00059224089599999995,0.0018452591039999971
0.02,adaptive,0.157,0.002453124999999997,0.00060757320099999999,0.001845551798999997
0.02,adaptive,0.158,0.002468749999999997,0.00062320129599999999,0.001845548703999997
0.02,adaptive,0.159,0.002484374999999997,0.00063912896100000005,0.0018452460389999968
0.02,adaptive,0.16,0.002499999999999997,0.00065536000000000001,0.001844639999999997
0.02,adaptive,0.161,0.002515624999999997,0.0006718982410000001,0.0018437267589999969
0.02,adaptive,0.16200000000000001,0.002531249999999997,0.00068874753600000011,0.001842502463999997
0.02,adaptive,0.16300000000000001,0.0025468749999999971,0.00070591176100000014,0.001840963238999997
0.02,adaptive,0.16400000000000001,0.0025624999999999971,0.00072339481600000013,0.0018391051839999968
0.02,adaptive,0.16500000000000001,0.0025781249999999971,0.00074120062500000012,0.001836924374999997
0.02,adaptive,0.16600000000000001,0.0025937499999999971,0.00075933313600000016,0.0018344168639999969
0.02,adaptive,0.16700000000000001,0.0026093749999999971,0.00077779632100000021,0.0018315786789999968
0.02,adaptive,0.16800000000000001,0.0026249999999999971,0.00079659417600000024,0.0018284058239999969
0.02,adaptive,0.16900000000000001,0.0026406249999999971,0.00081573072100000023,0.0018248942789999968
0.02,adaptive,0.17000000000000001,0.0026562499999999972,0.00083521000000000029,0.0018210399999999969
0.02,adaptive,0.17100000000000001,0.0026718749999999967,0.00085503608100000021,0.0018168389189999966
0.02,adaptive,0.17199999999999999,0.0026874999999999963,0.00087521305599999968,0.0018122869439999966
0.02,adaptive,0.17299999999999999,0.0027031249999999963,0.00089574504099999971,0.0018073799589999966
0.02,adaptive,0.17399999999999999,0.0027187499999999963,0.0009166361759999997,0.0018021138239999966
0.02,adaptive,0.17499999999999999,0.0027343749999999964,0.00093789062499999981,0.0017964843749999964
0.02,adaptive,0.17599999999999999,0.0027499999999999964,0.0009595125759999998,0.0017904874239999965
0.02,adaptive,0.17699999999999999,0.0027656249999999964,0.00098150624099999973,0.0017841187589999967
0.02,adaptive,0.17799999999999999,0.0027812499999999964,0.0010038758559999998,0.0017773741439999966
0.02,adaptive,0.17899999999999999,0.0027968749999999964,0.0010266256809999999,0.0017702493189999966
0.02,adaptive,0.17999999999999999,0.0028124999999999964,0.0010497599999999998,0.0017627399999999966
0.02,adaptive,0.18099999999999999,0.0028281249999999964,0.0010732831209999999,0.0017548418789999965
0.02,adaptive,0.182,0.0028437499999999965,0.0010971993759999999,0.0017465506239999966
0.02,adaptive,0.183,0.0028593749999999965,0.0011215131209999999,0.0017378618789999965
0.02,adaptive,0.184,0.0028749999999999965,0.0011462287359999999,0.0017287712639999966
0.02,adaptive,0.185,0.0028906249999999965,0.0011713506249999999,0.0017192743749999966
0.02,adaptive,0.186,0.0029062499999999965,0.0011968832159999999,0.0017093667839999966
0.02,adaptive,0.187,0.0029218749999999965,0.0012228309609999999,0.0016990440389999966
0.02,adaptive,0.188,0.0029374999999999965,0.0012491983359999999,0.0016883016639999966
0.02,adaptive,0.189,0.0029531249999999966,0.0012759898410000001,0.0016771351589999965
0.02,adaptive,0.19,0.0029687499999999966,0.00130321,0.0016655399999999966
0.02,adaptive,0.191,0.0029843749999999966,0.0013308633610000001,0.0016535116389999964
0.02,adaptive,0.192,0.0029999999999999966,0.0013589544960000001,0.0016410455039999965
0.02,adaptive,0.193,0.0030156249999999966,0.0013874880010000001,0.0016281369989999965
0.02,adaptive,0.19400000000000001,0.0030312499999999962,0.0014164684960000001,0.0016147815039999961
0.02,adaptive,0.19500000000000001,0.0030468749999999962,0.0014459006250000003,0.0016009743749999959
0.02,adaptive,0.19600000000000001,0.0030624999999999962,0.0014757890560000001,0.0015867109439999961
0.02,adaptive,0.19700000000000001,0.0030781249999999962,0.0015061384810000002,0.001571986518999996
0.02,adaptive,0.19800000000000001,0.0030937499999999962,0.0015369536160000003,0.0015567963839999959
0.02,adaptive,0.19900000000000001,0.0031093749999999963,0.0015682392010000004,0.0015411357989999958
0.02,adaptive,0.20000000000000001,0.0031249999999999963,0.0016000000000000003,0.001524999999999996
0.02,adaptive,0.20100000000000001,0.0031406249999999963,0.0016322408010000003,0.0015083841989999959
0.02,adaptive,0.20200000000000001,0.0031562499999999963,0.0016649664160000004,0.0014912835839999959
0.02,adaptive,0.20300000000000001,0.0031718749999999963,0.0016981816810000005,0.0014736933189999958
0.02,adaptive,0.20399999999999999,0.0031874999999999959,0.0017318914559999996,0.0014556085439999963
0.02,adaptive,0.20499999999999999,0.0032031249999999959,0.0017661006249999995,0.0014370243749999964
0.02,adaptive,0.20599999999999999,0.0032187499999999959,0.0018008140959999996,0.0014179359039999963
0.02,adaptive,0.20699999999999999,0.0032343749999999959,0.0018360368009999997,0.0013983381989999962
0.02,adaptive,0.20799999999999999,0.0032499999999999959,0.0018717736959999996,0.0013782263039999964
0.02,adaptive,0.20899999999999999,0.003265624999999996,0.0019080297609999997,0.0013575952389999963
0.02,adaptive,0.20999999999999999,0.003281249999999996,0.0019448099999999997,0.0013364399999999963
0.02,adaptive,0.21099999999999999,0.003296874999999996,0.0019821194409999996,0.0013147555589999964
0.02,adaptive,0.21199999999999999,0.003312499999999996,0.0020199631359999999,0.0012925368639999961
0.02,adaptive,0.21299999999999999,0.003328124999999996,0.0020583461609999998,0.0012697788389999963
0.02,adaptive,0.214,0.003343749999999996,0.0020972736159999999,0.0012464763839999961
0.02,adaptive,0.215,0.003359374999999996,0.0021367506249999999,0.0012226243749999962
0.02,adaptive,0.216,0.0033749999999999956,0.0021767823359999999,0.0011982176639999957
0.02,adaptive,0.217,0.0033906249999999956,0.0022173739210000001,0.0011732510789999955
0.02,adaptive,0.218,0.0034062499999999957,0.0022585305759999998,0.0011477194239999959
0.02,adaptive,0.219,0.0034218749999999957,0.0023002575210000001,0.0011216174789999956
0.02,adaptive,0.22,0.0034374999999999957,0.00234256,0.0010949399999999956
0.02,adaptive,0.221,0.0034531249999999957,0.0023854432810000003,0.0010676817189999954
0.02,adaptive,0.222,0.0034687499999999957,0.0024289126560000001,0.0010398373439999956
0.02,adaptive,0.223,0.0034843749999999957,0.0024729734410000002,0.0010114015589999955
0.02,adaptive,0.224,0.0034999999999999957,0.0025176309760000003,0.00098236902399999543
0.02,adaptive,0.22500000000000001,0.0035156249999999957,0.0025628906250000001,0.00095273437499999569
0.02,adaptive,0.22600000000000001,0.0035312499999999958,0.0026087577760000001,0.00092249222399999565
0.02,adaptive,0.22700000000000001,0.0035468749999999958,0.0026552378410000005,0.00089163715899999527
0.02,adaptive,0.22800000000000001,0.0035624999999999958,0.0027023362560000003,0.00086016374399999545
0.02,adaptive,0.22900000000000001,0.0035781249999999958,0.0027500584810000003,0.00082806651899999546
0.02,adaptive,0.23000000000000001,0.0035937499999999958,0.0027984100000000003,0.00079533999999999551
0.02,adaptive,0.23100000000000001,0.0036093749999999958,0.0028473963210000003,0.00076197867899999551
0.02,adaptive,0.23200000000000001,0.0036249999999999958,0.0028970229760000004,0.00072797702399999544
0.02,adaptive,0.23300000000000001,0.0036406249999999959,0.0029472955210000005,0.00069332947899999539
0.02,adaptive,0.23400000000000001,0.0036562499999999959,0.0029982195360000008,0.0006580304639999951
0.02,adaptive,0.23499999999999999,0.0036718749999999955,0.0030498006249999993,0.00062207437499999614
0.02,adaptive,0.23599999999999999,0.0036874999999999955,0.0031020444159999992,0.00058545558399999628
0.02,adaptive,0.23699999999999999,0.0037031249999999955,0.0031549565609999995,0.000548168438999996
0.02,adaptive,0.23799999999999999,0.0037187499999999955,0.0032085427359999992,0.00051020726399999628
0.02,adaptive,0.23899999999999999,0.0037343749999999951,0.0032628086409999995,0.00047156635899999562
0.02,adaptive,0.23999999999999999,0.0037499999999999951,0.0033177599999999995,0.00043223999999999563
0.02,adaptive,0.24099999999999999,0.0037656249999999951,0.0033734025609999997,0.00039222243899999544
0.02,adaptive,0.24199999999999999,0.0037812499999999951,0.0034297420959999996,0.00035150790399999556
0.02,adaptive,0.24299999999999999,0.0037968749999999951,0.0034867844009999998,0.00031009059899999528
0.02,adaptive,0.24399999999999999,0.0038124999999999951,0.0035445352959999998,0.00026796470399999533
0.02,adaptive,0.245,0.0038281249999999952,0.0036030006249999995,0.00022512437499999562
0.02,adaptive,0.246,0.0038437499999999952,0.0036621862559999998,0.00018156374399999533
0.02,adaptive,0.247,0.0038593749999999952,0.0037220980809999997,0.00013727691899999544
0.02,adaptive,0.248,0.0038749999999999952,0.0037827420159999999,9.2257983999995304e-05
0.02,adaptive,0.249,0.0038906249999999952,0.003844124001,4.6500998999995241e-05
0.02,adaptive,0.25,0.0039062499999999952,0.00390625,-4.7704895589362195e-18
0.02,adaptive,0.251,0.0040332031249999956,0.0039691260010000003,6.4077123999995225e-05
0.02,adaptive,0.252,0.0041601562499999955,0.0040327580159999999,0.00012739823399999552
0.02,adaptive,0.253,0.0042871093749999954,0.0040971520809999998,0.0001899572939999955
0.02,adaptive,0.254,0.0044140624999999952,0.0041623142560000001,0.00025174824399999511
0.02,adaptive,0.255,0.004541015624999996,0.0042282506249999999,0.0003127649999999961
0.02,adaptive,0.25600000000000001,0.0046679687499999959,0.0042949672960000008,0.00037300145399999513
0.02,adaptive,0.25700000000000001,0.0047949218749999958,0.0043624704010000008,0.000432451473999995
0.02,adaptive,0.25800000000000001,0.0049218749999999957,0.0044307660960000005,0.00049110890399999517
0.02,adaptive,0.25900000000000001,0.0050488281249999965,0.0044998605610000004,0.00054896756399999604
0.02,adaptive,0.26000000000000001,0.0051757812499999964,0.0045697600000000008,0.00060602124999999552
0.02,adaptive,0.26100000000000001,0.0053027343749999963,0.0046404706410000003,0.00066226373399999594
0.02,adaptive,0.26200000000000001,0.0054296874999999961,0.0047119987360000008,0.00071768876399999539
0.02,adaptive,0.26300000000000001,0.005556640624999996,0.0047843505610000005,0.00077229006399999554
0.02,adaptive,0.26400000000000001,0.0056835937499999968,0.0048575324160000013,0.00082606133399999553
0.02,adaptive,0.26500000000000001,0.0058105468749999967,0.0049315506250000012,0.00087899624999999548
0.02,adaptive,0.26600000000000001,0.0059374999999999966,0.005006411536000001,0.0009310884639999956
0.02,adaptive,0.26700000000000002,0.0060644531249999965,0.0050821215210000012,0.00098233160399999533
0.02,adaptive,0.26800000000000002,0.0061914062499999964,0.0051586869760000013,0.0010327192739999951
0.02,adaptive,0.26900000000000002,0.0063183593749999972,0.0052361143210000009,0.0010822450539999962
0.02,adaptive,0.27000000000000002,0.0064453124999999971,0.0053144100000000012,0.0011309024999999959
0.02,adaptive,0.27100000000000002,0.0065722656249999969,0.0053935804810000014,0.0011786851439999956
0.02,adaptive,0.27200000000000002,0.0066992187499999977,0.0054736322560000016,0.0012255864939999962
0.02,adaptive,0.27300000000000002,0.0068261718749999967,0.0055545718410000017,0.001271600033999995
0.02,adaptive,0.27400000000000002,0.0069531249999999975,0.0056364057760000018,0.0013167192239999957
0.02,adaptive,0.27500000000000002,0.0070800781249999974,0.0057191406250000016,0.0013609374999999958
0.02,adaptive,0.27600000000000002,0.0072070312499999973,0.0058027829760000016,0.0014042482739999957
0.02,adaptive,0.27700000000000002,0.0073339843749999981,0.0058873394410000023,0.0014466449339999958
0.02,adaptive,0.27800000000000002,0.0074609374999999971,0.0059728166560000023,0.0014881208439999948
0.02,adaptive,0.27900000000000003,0.0075878906249999978,0.006059221281000002,0.0015286693439999959
0.02,adaptive,0.28000000000000003,0.0077148437499999977,0.0061465600000000023,0.0015682837499999954
0.02,adaptive,0.28100000000000003,0.0078417968749999976,0.0062348395210000025,0.0016069573539999951
0.02,adaptive,0.28199999999999997,0.0079687499999999915,0.0063240665759999974,0.0016446834239999941
0.02,adaptive,0.28299999999999997,0.0080957031249999905,0.0064142479209999973,0.0016814552039999932
0.02,adaptive,0.28399999999999997,0.0082226562499999913,0.0065053903359999976,0.0017172659139999937
0.02,adaptive,0.28499999999999998,0.008349609374999992,0.006597500624999998,0.001752108749999994
0.02,adaptive,0.28599999999999998,0.008476562499999991,0.0066905856159999982,0.0017859768839999929
0.02,adaptive,0.28699999999999998,0.0086035156249999918,0.0067846521609999976,0.0018188634639999942
0.02,adaptive,0.28799999999999998,0.0087304687499999908,0.0068797071359999983,0.0018507616139999926
0.02,adaptive,0.28899999999999998,0.0088574218749999916,0.0069757574409999978,0.0018816644339999938
0.02,adaptive,0.28999999999999998,0.0089843749999999924,0.007072809999999998,0.0019115649999999944
0.02,adaptive,0.29099999999999998,0.0091113281249999914,0.0071708717609999979,0.0019404563639999935
0.02,adaptive,0.29199999999999998,0.0092382812499999922,0.0072699496959999985,0.0019683315539999937
0.02,adaptive,0.29299999999999998,0.0093652343749999912,0.0073700508009999985,0.0019951835739999927
0.02,adaptive,0.29399999999999998,0.009492187499999992,0.0074711820959999986,0.0020210054039999934
0.02,adaptive,0.29499999999999998,0.0096191406249999927,0.0075733506249999983,0.0020457899999999944
0.02,adaptive,0.29599999999999999,0.0097460937499999917,0.0076765634559999981,0.0020695302939999936
0.02,adaptive,0.29699999999999999,0.0098730468749999925,0.0077808276809999983,0.0020922191939999942
0.02,adaptive,0.29799999999999999,0.0099999999999999915,0.0078861504159999981,0.0021138495839999934
0.02,adaptive,0.29899999999999999,0.010126953124999992,0.0079925388009999994,0.0021344143239999929
0.02,adaptive,0.29999999999999999,0.010253906249999993,0.0080999999999999996,0.0021539062499999935
0.02,adaptive,0.30099999999999999,0.010380859374999992,0.0082085412009999994,0.0021723181739999927
0.02,adaptive,0.30199999999999999,0.010507812499999993,0.0083181696159999995,0.0021896428839999933
0.02,adaptive,0.30299999999999999,0.010634765624999992,0.0084288924809999988,0.002205873143999993
0.02,adaptive,0.30399999999999999,0.010761718749999993,0.0085407170559999995,0.0022210016939999931
0.02,adaptive,0.30499999999999999,0.010888671874999993,0.0086536506249999985,0.0022350212499999949
0.02,adaptive,0.30599999999999999,0.011015624999999992,0.0087677004959999996,0.0022479245039999929
0.02,adaptive,0.307,0.011142578124999993,0.0088828740009999994,0.0022597041239999938
0.02,adaptive,0.308,0.011269531249999994,0.0089991784959999998,0.0022703527539999942
0.02,adaptive,0.309,0.011396484374999993,0.0091166213609999991,0.0022798630139999939
0.02,adaptive,0.31,0.011523437499999994,0.0092352099999999989,0.0022882274999999948
0.02,adaptive,0.311,0.011650390624999993,0.009354951840999999,0.0022954387839999937
0.02,adaptive,0.312,0.011777343749999994,0.0094758543359999992,0.0023014894139999943
0.02,adaptive,0.313,0.011904296874999993,0.0095979249610000008,0.0023063719139999918
0.02,adaptive,0.314,0.012031249999999993,0.0097211712159999998,0.0023100787839999935
0.02,adaptive,0.315,0.012158203124999994,0.0098456006250000009,0.0023126024999999932
0.02,adaptive,0.316,0.012285156249999993,0.0099712207359999999,0.0023139355139999932
0.02,adaptive,0.317,0.012412109374999994,0.010098039121000001,0.0023140702539999926
0.02,adaptive,0.318,0.012539062499999993,0.010226063376000001,0.0023129991239999922
0.02,adaptive,0.31900000000000001,0.012666015624999994,0.010355301121000001,0.002310714503999993
0.02,adaptive,0.32000000000000001,0.012792968749999994,0.01048576,0.0023072087499999942
0.02,adaptive,0.32100000000000001,0.012919921874999993,0.010617447681000002,0.002302474193999992
0.02,adaptive,0.32200000000000001,0.013046874999999994,0.010750371856000002,0.0022965031439999926
0.02,adaptive,0.32300000000000001,0.013173828124999993,0.010884540241000001,0.0022892878839999922
0.02,adaptive,0.32400000000000001,0.013300781249999994,0.011019960576000002,0.0022808206739999923
0.02,adaptive,0.32500000000000001,0.013427734374999995,0.011156640625000002,0.0022710937499999927
0.02,adaptive,0.32600000000000001,0.013554687499999994,0.011294588176000002,0.0022600993239999916
0.02,adaptive,0.32700000000000001,0.013681640624999995,0.011433811041000002,0.0022478295839999923
0.02,adaptive,0.32800000000000001,0.013808593749999994,0.011574317056000002,0.0022342766939999915
0.02,adaptive,0.32900000000000001,0.013935546874999994,0.011716114081000002,0.0022194327939999928
0.02,adaptive,0.33000000000000002,0.014062499999999995,0.011859210000000002,0.0022032899999999932
0.02,adaptive,0.33100000000000002,0.014189453124999994,0.012003612721000003,0.0021858404039999911
0.02,adaptive,0.33200000000000002,0.014316406249999995,0.012149330176000003,0.0021670760739999923
0.02,adaptive,0.33300000000000002,0.014443359374999994,0.012296370321000004,0.0021469890539999904
0.02,adaptive,0.33400000000000002,0.014570312499999995,0.012444741136000003,0.0021255713639999913
0.02,adaptive,0.33500000000000002,0.014697265624999995,0.012594450625000003,0.0021028149999999923
0.02,adaptive,0.33600000000000002,0.014824218749999995,0.012745506816000004,0.0020787119339999906
0.02,adaptive,0.33700000000000002,0.014951171874999995,0.012897917761000003,0.0020532541139999926
0.02,adaptive,0.33800000000000002,0.015078124999999996,0.013051691536000004,0.0020264334639999923
0.02,adaptive,0.33900000000000002,0.015205078124999995,0.013206836241000004,0.0019982418839999908
0.02,adaptive,0.34000000000000002,0.015332031249999996,0.013363360000000005,0.0019686712499999912
0.02,adaptive,0.34100000000000003,0.015458984374999995,0.013521270961000004,0.0019377134139999912
0.02,adaptive,0.34200000000000003,0.015585937499999996,0.013680577296000003,0.0019053602039999923
0.02,adaptive,0.34300000000000003,0.015712890624999996,0.013841287201000004,0.0018716034239999926
0.02,adaptive,0.34399999999999997,0.015839843749999988,0.014003408895999995,0.0018364348539999936
0.02,adaptive,0.34499999999999997,0.015966796874999991,0.014166950624999996,0.0017998462499999954
0.02,adaptive,0.34599999999999997,0.01609374999999999,0.014331920655999995,0.0017618293439999946
0.02,adaptive,0.34699999999999998,0.016220703124999989,0.014498327280999996,0.0017223758439999931
0.02,adaptive,0.34799999999999998,0.016347656249999992,0.014666178815999995,0.0016814774339999963
0.02,adaptive,0.34899999999999998,0.016474609374999991,0.014835483600999996,0.0016391257739999943
0.02,adaptive,0.34999999999999998,0.01660156249999999,0.015006249999999997,0.0015953124999999926
0.02,adaptive,0.35099999999999998,0.016728515624999989,0.015178486400999997,0.0015500292239999918
0.02,adaptive,0.35199999999999998,0.016855468749999991,0.015352201215999997,0.0015032675339999944
0.02,adaptive,0.35299999999999998,0.01698242187499999,0.015527402880999996,0.0014550189939999941
0.02,adaptive,0.35399999999999998,0.017109374999999989,0.015704099855999996,0.0014052751439999935
0.02,adaptive,0.35499999999999998,0.017236328124999992,0.015882300624999998,0.0013540274999999935
0.02,adaptive,0.35599999999999998,0.017363281249999991,0.016062013695999997,0.0013012675539999935
0.02,adaptive,0.35699999999999998,0.01749023437499999,0.016243247600999999,0.0012469867739999911
0.02,adaptive,0.35799999999999998,0.017617187499999992,0.016426010895999998,0.0011911766039999945
0.02,adaptive,0.35899999999999999,0.017744140624999991,0.016610312160999997,0.0011338284639999946
0.02,adaptive,0.35999999999999999,0.01787109374999999,0.016796159999999997,0.0010749337499999928
0.02,adaptive,0.36099999999999999,0.017998046874999989,0.016983563040999999,0.0010144838339999906
0.02,adaptive,0.36199999999999999,0.018124999999999992,0.017172529935999999,0.00095247006399999321
0.02,adaptive,0.36299999999999999,0.018251953124999991,0.017363069360999999,0.00088888376399999178
0.02,adaptive,0.36399999999999999,0.01837890624999999,0.017555190015999998,0.00082371623399999164
0.02,adaptive,0.36499999999999999,0.018505859374999992,0.017748900624999998,0.00075695874999999468
0.02,adaptive,0.36599999999999999,0.018632812499999991,0.017944209935999999,0.00068860256399999251
0.02,adaptive,0.36699999999999999,0.01875976562499999,0.018141126721,0.00061863890399999066
0.02,adaptive,0.36799999999999999,0.018886718749999993,0.018339659775999998,0.00054705897399999481
0.02,adaptive,0.36899999999999999,0.019013671874999992,0.018539817920999999,0.00047385395399999336
0.02,adaptive,0.37,0.019140624999999991,0.018741609999999999,0.00039901499999999215
0.02,adaptive,0.371,0.019267578124999993,0.018945044881,0.00032253324399999367
0.02,adaptive,0.372,0.019394531249999993,0.019150131455999999,0.00024439979399999354
0.02,adaptive,0.373,0.019521484374999992,0.019356878641000001,0.00016460573399999096
0.02,adaptive,0.374,0.019648437499999994,0.019565295375999998,8.3142123999995626e-05
0.02,adaptive,0.375,0.019775390624999993,0.019775390625,-6.9388939039072284e-18
0.02,adaptive,0.376,0.020117187499999994,0.019987173375999999,0.00013001412399999551
0.02,adaptive,0.377,0.020458984374999992,0.020200652640999999,0.00025833173399999326
0.02,adaptive,0.378,0.020800781249999994,0.020415837456000001,0.00038494379399999293
0.02,adaptive,0.379,0.021142578124999995,0.020632736881000001,0.00050984124399999428
0.02,adaptive,0.38,0.021484374999999993,0.020851359999999999,0.00063301499999999372
0.02,adaptive,0.38100000000000001,0.021826171874999994,0.021071715921,0.00075445595399999468
0.02,adaptive,0.38200000000000001,0.022167968749999996,0.021293813776000002,0.00087415497399999376
0.02,adaptive,0.38300000000000001,0.022509765624999997,0.021517662721000003,0.00099210290399999457
0.02,adaptive,0.38400000000000001,0.022851562499999995,0.021743271936000001,0.0011082905639999939
0.02,adaptive,0.38500000000000001,0.023193359374999997,0.021970650625000001,0.0012227087499999956
0.02,adaptive,0.38600000000000001,0.023535156249999998,0.022199808016000001,0.0013353482339999966
0.02,adaptive,0.38700000000000001,0.023876953124999996,0.022430753361000002,0.0014461997639999939
0.02,adaptive,0.38800000000000001,0.024218749999999997,0.022663495936000002,0.0015552540639999952
0.02,adaptive,0.38900000000000001,0.024560546874999999,0.022898045041000004,0.0016625018339999943
0.02,adaptive,0.39000000000000001,0.02490234375,0.023134410000000005,0.0017679337499999954
0.02,adaptive,0.39100000000000001,0.025244140624999998,0.023372600161000002,0.0018715404639999961
0.02,adaptive,0.39200000000000002,0.025585937499999999,0.023612624896000002,0.0019733126039999972
0.02,adaptive,0.39300000000000002,0.025927734375000001,0.023854493601000004,0.0020732407739999965
0.02,adaptive,0.39400000000000002,0.026269531249999999,0.024098215696000003,0.0021713155539999952
0.02,adaptive,0.39500000000000002,0.026611328125,0.024343800625000005,0.0022675274999999946
0.02,adaptive,0.39600000000000002,0.026953125000000001,0.024591257856000005,0.0023618671439999961
0.02,adaptive,0.39700000000000002,0.027294921875000003,0.024840596881000005,0.0024543249939999977
0.02,adaptive,0.39800000000000002,0.027636718750000001,0.025091827216000007,0.002544891533999994
0.02,adaptive,0.39900000000000002,0.027978515625000002,0.025344958401000005,0.0026335572239999973
0.02,adaptive,0.40000000000000002,0.0283203125,0.025600000000000005,0.0027203124999999953
0.02,adaptive,0.40100000000000002,0.028662109375000001,0.025856961601000004,0.0028051477739999969
0.02,adaptive,0.40200000000000002,0.029003906250000003,0.026115852816000006,0.0028880534339999972
0.02,adaptive,0.40300000000000002,0.029345703125000004,0.026376683281000006,0.0029690198439999982
0.02,adaptive,0.40400000000000003,0.029687500000000006,0.026639462656000007,0.0030480373439999986
0.02,adaptive,0.40500000000000003,0.030029296875000003,0.026904200625000006,0.0031250962499999972
0.02,adaptive,0.40600000000000003,0.030371093750000005,0.027170906896000008,0.0032001868539999964
0.02,adaptive,0.40699999999999997,0.030712890624999985,0.027439591200999994,0.0032732994239999917
0.02,adaptive,0.40799999999999997,0.031054687499999983,0.027710263295999994,0.0033444242039999891
0.02,adaptive,0.40899999999999997,0.031396484374999985,0.027982932960999993,0.0034135514139999913
0.02,adaptive,0.40999999999999998,0.031738281249999986,0.028257609999999992,0.0034806712499999941
0.02,adaptive,0.41099999999999998,0.032080078124999988,0.028534304240999994,0.0035457738839999933
0.02,adaptive,0.41199999999999998,0.032421874999999989,0.028813025535999993,0.0036088494639999955
0.02,adaptive,0.41299999999999998,0.03276367187499999,0.029093783760999994,0.0036698881139999966
0.02,adaptive,0.41399999999999998,0.033105468749999992,0.029376588815999995,0.0037288799339999963
0.02,adaptive,0.41499999999999998,0.033447265624999986,0.029661450624999995,0.003785814999999991
0.02,adaptive,0.41599999999999998,0.033789062499999988,0.029948379135999993,0.0038406833639999943
0.02,adaptive,0.41699999999999998,0.034130859374999989,0.030237384320999993,0.0038934750539999959
0.02,adaptive,0.41799999999999998,0.03447265624999999,0.030528476175999995,0.0039441800739999956
0.02,adaptive,0.41899999999999998,0.034814453124999992,0.030821664720999994,0.0039927884039999972
0.02,adaptive,0.41999999999999998,0.035156249999999986,0.031116959999999996,0.0040392899999999905
0.02,adaptive,0.42099999999999999,0.035498046874999994,0.031414372080999994,0.0040836747940000001
0.02,adaptive,0.42199999999999999,0.035839843749999989,0.031713911055999994,0.0041259326939999952
0.02,adaptive,0.42299999999999999,0.03618164062499999,0.032015587040999993,0.0041660535839999971
0.02,adaptive,0.42399999999999999,0.036523437499999992,0.032319410175999999,0.0042040273239999926
0.02,adaptive,0.42499999999999999,0.036865234374999993,0.032625390624999993,0.0042398437499999997
0.02,adaptive,0.42599999999999999,0.037207031249999994,0.032933538575999996,0.0042734926739999984
0.02,adaptive,0.42699999999999999,0.037548828124999989,0.033243864240999996,0.0043049638839999932
0.02,adaptive,0.42799999999999999,0.037890624999999997,0.033556377855999998,0.0043342471439999988
0.02,adaptive,0.42899999999999999,0.038232421874999992,0.033871089681,0.0043613321939999922
0.02,adaptive,0.42999999999999999,0.038574218749999993,0.034188009999999998,0.0043862087499999952
0.02,adaptive,0.43099999999999999,0.038916015624999994,0.034507149120999996,0.0044088665039999989
0.02,adaptive,0.432,0.039257812499999996,0.034828517375999998,0.0044292951239999975
0.02,adaptive,0.433,0.039599609374999997,0.035152125121000001,0.0044474842539999962
0.02,adaptive,0.434,0.039941406249999992,0.035477982736000002,0.0044634235139999895
0.02,adaptive,0.435,0.040283203125,0.035806100624999997,0.0044771025000000034
0.02,adaptive,0.436,0.040624999999999994,0.036136489215999996,0.004488510783999998
0.02,adaptive,0.437,0.040966796874999996,0.036469158961000003,0.0044976379139999925
0.02,adaptive,0.438,0.041308593749999997,0.036804120336000001,0.0045044734139999959
0.02,adaptive,0.439,0.041650390624999999,0.037141383840999999,0.0045090067839999998
0.02,adaptive,0.44,0.0419921875,0.037480960000000001,0.0045112274999999993
0.02,adaptive,0.441,0.042333984374999994,0.037822859361000001,0.0045111250139999934
0.02,adaptive,0.442,0.042675781250000003,0.038167092496000005,0.0045086887539999981
0.02,adaptive,0.443,0.043017578124999997,0.038513670000999999,0.0045039081239999987
0.02,adaptive,0.44400000000000001,0.043359374999999999,0.038862602496000001,0.0044967725039999976
0.02,adaptive,0.44500000000000001,0.043701171875,0.039213900624999999,0.0044872712500000009
0.02,adaptive,0.44600000000000001,0.044042968749999994,0.039567575056000004,0.0044753936939999905
0.02,adaptive,0.44700000000000001,0.044384765625000003,0.039923636481000002,0.0044611291440000006
0.02,adaptive,0.44800000000000001,0.044726562499999997,0.040282095616000005,0.0044444668839999923
0.02,adaptive,0.44900000000000001,0.045068359375000006,0.040642963201000006,0.004425396174
0.02,adaptive,0.45000000000000001,0.04541015625,0.041006250000000001,0.004403906249999999
0.02,adaptive,0.45100000000000001,0.045751953125000001,0.041371966801000006,0.0043799863239999959
0.02,adaptive,0.45200000000000001,0.046093750000000003,0.041740124416000002,0.004353625584000001
0.02,adaptive,0.45300000000000001,0.046435546874999997,0.042110733681000004,0.0043248131939999934
0.02,adaptive,0.45400000000000001,0.046777343750000006,0.042483805456000008,0.0042935382939999975
0.02,adaptive,0.45500000000000002,0.047119140625,0.042859350625000008,0.0042597899999999925
0.02,adaptive,0.45600000000000002,0.047460937500000008,0.043237380096000005,0.0042235574040000029
0.02,adaptive,0.45700000000000002,0.047802734375000003,0.043617904801000008,0.0041848295739999944
0.02,adaptive,0.45800000000000002,0.048144531250000004,0.044000935696000006,0.0041435955539999986
0.02,adaptive,0.45900000000000002,0.048486328125000006,0.04438648376100001,0.0040998443639999951
0.02,adaptive,0.46000000000000002,0.048828125,0.044774560000000005,0.0040535649999999951
0.02,adaptive,0.46100000000000002,0.049169921875000008,0.045165175441000009,0.0040047464339999991
0.02,adaptive,0.46200000000000002,0.049511718750000003,0.045558341136000005,0.0039533776139999977
0.02,adaptive,0.46300000000000002,0.049853515625000004,0.045954068161000006,0.0038994474639999985
0.02,adaptive,0.46400000000000002,0.050195312500000006,0.046352367616000006,0.0038429448839999991
0.02,adaptive,0.46500000000000002,0.050537109375000007,0.046753250625000013,0.0037838587499999937
0.02,adaptive,0.46600000000000003,0.050878906250000008,0.047156728336000008,0.0037221779140000008
0.02,adaptive,0.46700000000000003,0.05122070312500001,0.047562811921000009,0.0036578912040000008
0.02,adaptive,0.46800000000000003,0.051562500000000004,0.047971512576000012,0.0035909874239999917
0.02,adaptive,0.46899999999999997,0.051904296874999992,0.048382841520999989,0.0035214553540000026
0.02,adaptive,0.46999999999999997,0.052246093749999986,0.048796809999999989,0.003449283749999997
0.02,adaptive,0.47099999999999997,0.052587890624999988,0.04921342928099999,0.0033744613439999974
0.02,adaptive,0.47199999999999998,0.052929687499999989,0.049632710655999987,0.0032969768440000019
0.02,adaptive,0.47299999999999998,0.05327148437499999,0.050054665440999992,0.0032168189339999986
0.02,adaptive,0.47399999999999998,0.053613281249999992,0.050479304975999992,0.0031339762739999999
0.02,adaptive,0.47499999999999998,0.053955078124999993,0.050906640624999992,0.0030484375000000008
0.02,adaptive,0.47599999999999998,0.054296874999999994,0.051336683775999988,0.0029601912240000069
0.02,adaptive,0.47699999999999998,0.054638671874999989,0.051769445840999989,0.0028692260339999998
0.02,adaptive,0.47799999999999998,0.05498046874999999,0.052204938255999991,0.0027755304939999989
0.02,adaptive,0.47899999999999998,0.055322265624999992,0.052643172480999992,0.0026790931439999999
0.02,adaptive,0.47999999999999998,0.055664062499999993,0.053084159999999991,0.0025799025000000017
0.02,adaptive,0.48099999999999998,0.056005859374999994,0.053527912320999994,0.0024779470540000001
0.02,adaptive,0.48199999999999998,0.056347656249999996,0.053974440975999995,0.0023732152740000012
0.02,adaptive,0.48299999999999998,0.056689453124999997,0.054423757520999996,0.0022656956040000009
0.02,adaptive,0.48399999999999999,0.057031249999999992,0.054875873535999993,0.0021553764639999987
0.02,adaptive,0.48499999999999999,0.057373046874999993,0.055330800624999996,0.0020422462499999974
0.02,adaptive,0.48599999999999999,0.057714843749999994,0.055788550415999998,0.0019262933339999969
0.02,adaptive,0.48699999999999999,0.058056640624999996,0.056249134560999996,0.0018075060640000001
0.02,adaptive,0.48799999999999999,0.058398437499999997,0.056712564735999997,0.0016858727640000001
0.02,adaptive,0.48899999999999999,0.058740234374999999,0.057178852640999998,0.0015613817340000002
0.02,adaptive,0.48999999999999999,0.059082031249999993,0.057648009999999993,0.0014340212500000005
0.02,adaptive,0.49099999999999999,0.059423828124999994,0.058120048560999997,0.0013037795639999974
0.02,adaptive,0.49199999999999999,0.059765624999999996,0.058594980095999998,0.0011706449039999983
0.02,adaptive,0.49299999999999999,0.060107421874999997,0.059072816400999997,0.0010346054739999999
0.02,adaptive,0.49399999999999999,0.060449218749999999,0.059553569295999996,0.00089564945400000262
0.02,adaptive,0.495,0.060791015625,0.060037250624999997,0.00075376500000000346
0.02,adaptive,0.496,0.061132812500000001,0.060523872255999998,0.00060894024400000302
0.02,adaptive,0.497,0.061474609374999996,0.061013446080999997,0.0004611632939999985
0.02,adaptive,0.498,0.061816406249999997,0.061505984016,0.00031042223399999763
0.02,adaptive,0.499,0.062158203124999999,0.062001498001000001,0.00015670512399999781
0.02,adaptive,0.5,0.0625,0.0625,0
0.02,adaptive,0.501,0.063220703125,0.063001502001000007,0.00021920112399999303
0.02,adaptive,0.502,0.063941406249999999,0.063506016016000005,0.00043539023399999377
0.02,adaptive,0.503,0.064662109374999999,0.064013554080999999,0.000648555294
0.02,adaptive,0.504,0.065382812499999998,0.064524128255999999,0.00085868424399999921
0.02,adaptive,0.505,0.066103515624999998,0.065037750625000001,0.0010657649999999963
0.02,adaptive,0.50600000000000001,0.066824218749999997,0.065554433295999998,0.0012697854539999998
0.02,adaptive,0.50700000000000001,0.067544921874999997,0.066074188401000003,0.0014707334739999939
0.02,adaptive,0.50800000000000001,0.068265624999999996,0.066597028096000002,0.0016685969039999943
0.02,adaptive,0.50900000000000001,0.06898632812500001,0.067122964561000004,0.0018633635640000062
0.02,adaptive,0.51000000000000001,0.069707031250000009,0.067652009999999999,0.0020550212500000109
0.02,adaptive,0.51100000000000001,0.070427734375000009,0.068184176641000002,0.0022435577340000068
0.02,adaptive,0.51200000000000001,0.071148437500000009,0.068719476736000012,0.0024289607639999961
0.02,adaptive,0.51300000000000001,0.071869140625000008,0.06925792256100001,0.0026112180639999982
0.02,adaptive,0.51400000000000001,0.072589843750000008,0.069799526416000013,0.0027903173339999948
0.02,adaptive,0.51500000000000001,0.073310546875000007,0.070344300625000009,0.0029662462499999986
0.02,adaptive,0.51600000000000001,0.074031250000000007,0.070892257536000008,0.0031389924639999983
0.02,adaptive,0.51700000000000002,0.074751953125000006,0.071443409521000006,0.0033085436039999999
0.02,adaptive,0.51800000000000002,0.075472656250000006,0.071997768976000007,0.0034748872739999992
0.02,adaptive,0.51900000000000002,0.076193359375000005,0.07255534832100001,0.0036380110539999955
0.02,adaptive,0.52000000000000002,0.076914062500000005,0.073116160000000013,0.0037979024999999916
0.02,adaptive,0.52100000000000002,0.077634765625000005,0.07368021648100001,0.0039545491439999941
0.02,adaptive,0.52200000000000002,0.078355468750000004,0.074247530256000005,0.0041079384939999991
0.02,adaptive,0.52300000000000002,0.079076171875000018,0.074818113841000011,0.0042580580340000063
0.02,adaptive,0.52400000000000002,0.079796875000000017,0.075391979776000012,0.004404895224000005
0.02,adaptive,0.52500000000000002,0.080517578125000017,0.075969140625000015,0.0045484375000000021
0.02,adaptive,0.52600000000000002,0.081238281250000016,0.076549608976000008,0.0046886722740000081
0.02,adaptive,0.52700000000000002,0.081958984375000016,0.077133397441000021,0.0048255869339999952
0.02,adaptive,0.52800000000000002,0.082679687500000015,0.077720518656000021,0.0049591688439999948
0.02,adaptive,0.52900000000000003,0.083400390625000015,0.078310985281000015,0.0050894053440000003
0.02,adaptive,0.53000000000000003,0.084121093750000014,0.07890481000000002,0.0052162837499999948
0.02,adaptive,0.53100000000000003,0.084841796875000014,0.079502005521000021,0.0053397913539999925
0.02,adaptive,0.53200000000000003,0.085562500000000014,0.080102584576000016,0.0054599154239999975
0.02,adaptive,0.53300000000000003,0.086283203125000013,0.080706559921000023,0.0055766432039999897
0.02,adaptive,0.53400000000000003,0.087003906250000013,0.081313944336000019,0.0056899619139999941
0.02,adaptive,0.53500000000000003,0.087724609375000012,0.081924750625000015,0.0057998587499999976
0.02,adaptive,0.53600000000000003,0.088445312500000012,0.082538991616000021,0.0059063208839999909
0.02,adaptive,0.53700000000000003,0.089166015625000011,0.083156680161000016,0.0060093354639999957
0.02,adaptive,0.53800000000000003,0.089886718750000011,0.083777829136000015,0.006108889613999996
0.02,adaptive,0.53900000000000003,0.09060742187500001,0.084402451441000018,0.0062049704339999928
0.02,adaptive,0.54000000000000004,0.09132812500000001,0.085030560000000019,0.0062975649999999911
0.02,adaptive,0.54100000000000004,0.09204882812500001,0.085662167761000024,0.0063866603639999853
0.02,adaptive,0.54200000000000004,0.092769531250000009,0.086297287696000022,0.0064722435539999873
0.02,adaptive,0.54300000000000004,0.093490234375000023,0.086935932801000024,0.0065543015739999988
0.02,adaptive,0.54400000000000004,0.094210937500000008,0.087578116096000025,0.0066328214039999833
0.02,adaptive,0.54500000000000004,0.094931640625000022,0.08822385062500003,0.0067077899999999913
0.02,adaptive,0.54600000000000004,0.095652343750000021,0.088873149456000028,0.0067791942939999933
0.02,adaptive,0.54700000000000004,0.096373046875000021,0.089526025681000029,0.0068470211939999914
0.02,adaptive,0.54800000000000004,0.09709375000000002,0.090182492416000029,0.0069112575839999912
0.02,adaptive,0.54900000000000004,0.09781445312500002,0.090842562801000032,0.006971890323999988
0.02,adaptive,0.55000000000000004,0.098535156250000019,0.091506250000000025,0.0070289062499999944
0.02,adaptive,0.55100000000000005,0.099255859375000019,0.092173567201000034,0.007082292173999985
0.02,adaptive,0.55200000000000005,0.099976562500000019,0.092844527616000025,0.0071320348839999936
0.02,adaptive,0.55300000000000005,0.10069726562500003,0.09351914448100003,0.007178121144000002
0.02,adaptive,0.55400000000000005,0.10141796875000003,0.094197431056000036,0.0072205376939999955
0.02,adaptive,0.55500000000000005,0.10213867187500003,0.094879400625000027,0.0072592712500000045
0.02,adaptive,0.55600000000000005,0.10285937500000003,0.095565066496000037,0.0072943085039999939
0.02,adaptive,0.55700000000000005,0.10358007812500003,0.096254442001000029,0.0073256361240000012
0.02,adaptive,0.55800000000000005,0.10430078125000003,0.096947540496000031,0.0073532407539999983
0.02,adaptive,0.55900000000000005,0.10502148437500003,0.097644375361000041,0.0073771090139999884
0.02,adaptive,0.56000000000000005,0.10574218750000003,0.098344960000000037,0.0073972274999999921
0.02,adaptive,0.56100000000000005,0.10646289062500003,0.099049307841000037,0.0074135827839999918
0.02,adaptive,0.56200000000000006,0.10718359375000003,0.09975743233600004,0.0074261614139999876
0.02,adaptive,0.56299999999999994,0.10790429687499994,0.10046934696099996,0.0074349499139999831
0.02,adaptive,0.56399999999999995,0.10862499999999994,0.10118506521599996,0.0074399347839999852
0.02,adaptive,0.56499999999999995,0.10934570312499994,0.10190460062499997,0.007441102499999977
0.02,adaptive,0.56599999999999995,0.11006640624999994,0.10262796673599996,0.0074384395139999865
0.02,adaptive,0.56699999999999995,0.11078710937499994,0.10335517712099997,0.007431932253999976
0.02,adaptive,0.56799999999999995,0.11150781249999994,0.10408624537599996,0.0074215671239999809
0.02,adaptive,0.56899999999999995,0.11222851562499994,0.10482118512099996,0.0074073305039999843
0.02,adaptive,0.56999999999999995,0.11294921874999994,0.10556000999999997,0.0073892087499999731
0.02,adaptive,0.57099999999999995,0.11366992187499994,0.10630273368099996,0.0073671881939999795
0.02,adaptive,0.57199999999999995,0.11439062499999994,0.10704936985599997,0.0073412551439999696
0.02,adaptive,0.57299999999999995,0.11511132812499995,0.10779993224099997,0.0073113958839999826
0.02,adaptive,0.57399999999999995,0.11583203124999995,0.10855443457599996,0.007277596673999992
0.02,adaptive,0.57499999999999996,0.11655273437499995,0.10931289062499996,0.0072398437499999885
0.02,adaptive,0.57599999999999996,0.11727343749999995,0.11007531417599997,0.0071981233239999803
0.02,adaptive,0.57699999999999996,0.11799414062499995,0.11084171904099997,0.0071524215839999794
0.02,adaptive,0.57799999999999996,0.11871484374999995,0.11161211905599996,0.0071027246939999872
0.02,adaptive,0.57899999999999996,0.11943554687499995,0.11238652808099997,0.007049018793999981
0.02,adaptive,0.57999999999999996,0.12015624999999995,0.11316495999999997,0.0069912899999999834
0.02,adaptive,0.58099999999999996,0.12087695312499996,0.11394742872099997,0.0069295244039999926
0.02,adaptive,0.58199999999999996,0.12159765624999996,0.11473394817599997,0.0068637080739999967
0.02,adaptive,0.58299999999999996,0.12231835937499996,0.11552453232099998,0.0067938270539999873
0.02,adaptive,0.58399999999999996,0.12303906249999996,0.11631919513599998,0.0067198673639999873
0.02,adaptive,0.58499999999999996,0.12375976562499996,0.11711795062499997,0.0066418149999999954
0.02,adaptive,0.58599999999999997,0.12448046874999996,0.11792081281599998,0.006559655933999986
0.02,adaptive,0.58699999999999997,0.12520117187499996,0.11872779576099997,0.0064733761139999929
0.02,adaptive,0.58799999999999997,0.12592187499999996,0.11953891353599998,0.0063829614639999838
0.02,adaptive,0.58899999999999997,0.12664257812499996,0.12035418024099998,0.0062883978839999854
0.02,adaptive,0.58999999999999997,0.12736328124999996,0.12117360999999997,0.0061896712499999867
0.02,adaptive,0.59099999999999997,0.12808398437499996,0.12199721696099998,0.00608676741399998
0.02,adaptive,0.59199999999999997,0.12880468749999996,0.12282501529599997,0.0059796722039999889
0.02,adaptive,0.59299999999999997,0.12952539062499996,0.12365701920099997,0.0058683714239999851
0.02,adaptive,0.59399999999999997,0.13024609374999996,0.12449324289599997,0.0057528508539999856
0.02,adaptive,0.59499999999999997,0.13096679687499996,0.12533370062499999,0.0056330962499999693
0.02,adaptive,0.59599999999999997,0.13168749999999996,0.12617840665599997,0.0055090933439999878
0.02,adaptive,0.59699999999999998,0.13240820312499996,0.12702737528099997,0.0053808278439999857
0.02,adaptive,0.59799999999999998,0.13312890624999996,0.12788062081599999,0.0052482854339999663
0.02,adaptive,0.59899999999999998,0.13384960937499996,0.12873815760099999,0.0051114517739999643
0.02,adaptive,0.59999999999999998,0.13457031249999996,0.12959999999999999,0.0049703124999999626
0.02,adaptive,0.60099999999999998,0.13529101562499996,0.13046616240099998,0.0048248532239999753
0.02,adaptive,0.60199999999999998,0.13601171874999995,0.13133665921599999,0.0046750595339999645
0.02,adaptive,0.60299999999999998,0.13673242187499995,0.13221150488099997,0.0045209169939999794
0.02,adaptive,0.60399999999999998,0.13745312499999995,0.13309071385599999,0.0043624111439999613
0.02,adaptive,0.60499999999999998,0.13817382812499995,0.13397430062499999,0.0041995274999999666
0.02,adaptive,0.60599999999999998,0.13889453124999995,0.13486227969599998,0.0040322515539999715
0.02,adaptive,0.60699999999999998,0.13961523437499995,0.135754665601,0.0038605687739999561
0.02,adaptive,0.60799999999999998,0.14033593749999995,0.13665147289599999,0.0036844646039999596
0.02,adaptive,0.60899999999999999,0.14105664062499995,0.13755271616099998,0.0035039244639999689
0.02,adaptive,0.60999999999999999,0.14177734374999995,0.13845840999999998,0.0033189337499999749
0.02,adaptive,0.61099999999999999,0.14249804687499995,0.13936856904099998,0.0031294778339999718
0.02,adaptive,0.61199999999999999,0.14321874999999995,0.14028320793599999,0.0029355420639999574
0.02,adaptive,0.61299999999999999,0.14393945312499995,0.14120234136099999,0.0027371117639999609
0.02,adaptive,0.61399999999999999,0.14466015624999995,0.14212598401599999,0.0025341722339999595
0.02,adaptive,0.61499999999999999,0.14538085937499995,0.14305415062499999,0.0023267087499999617
0.02,adaptive,0.61599999999999999,0.14610156249999995,0.143986855936,0.0021147065639999518
0.02,adaptive,0.61699999999999999,0.14682226562499998,0.144924114721,0.0018981509039999733
0.02,adaptive,0.61799999999999999,0.14754296874999998,0.14586594177599999,0.0016770269739999899
0.02,adaptive,0.61899999999999999,0.14826367187499997,0.14681235192100001,0.0014513199539999688
0.02,adaptive,0.62,0.14898437499999997,0.14776335999999998,0.001221014999999992
0.02,adaptive,0.621,0.14970507812499997,0.148718980881,0.00098609724399997822
0.02,adaptive,0.622,0.15042578124999997,0.14967922945599998,0.00074655179399998883
0.02,adaptive,0.623,0.15114648437499997,0.150644120641,0.00050236373399997758
0.02,adaptive,0.624,0.15186718749999997,0.15161366937599999,0.00025351812399998508
0.02,adaptive,0.625,0.15258789062499997,0.152587890625,-2.7755575615628914e-17
0.02,adaptive,0.626,0.15389843749999998,0.15356679937600001,0.00033163812399997217
0.02,adaptive,0.627,0.15520898437499997,0.154550410641,0.00065857373399996755
0.02,adaptive,0.628,0.15651953124999998,0.155538739456,0.00098079179399998551
0.02,adaptive,0.629,0.15783007812499997,0.15653180088099999,0.0012982772439999735
0.02,adaptive,0.63,0.15914062499999998,0.15752961000000001,0.0016110149999999657
0.02,adaptive,0.63100000000000001,0.16045117187499996,0.15853218192099999,0.0019189899539999722
0.02,adaptive,0.63200000000000001,0.16176171874999998,0.159539531776,0.0022221869739999789
0.02,adaptive,0.63300000000000001,0.16307226562499999,0.16055167472100002,0.0025205909039999752
0.02,adaptive,0.63400000000000001,0.16438281249999998,0.16156862593600002,0.0028141865639999541
0.02,adaptive,0.63500000000000001,0.16569335937499999,0.16259040062500002,0.0031029587499999678
0.02,adaptive,0.63600000000000001,0.16700390624999997,0.16361701401600001,0.0033868922339999608
0.02,adaptive,0.63700000000000001,0.16831445312499999,0.16464848136100002,0.0036659717639999645
0.02,adaptive,0.63800000000000001,0.16962499999999997,0.16568481793600001,0.0039401820639999585
0.02,adaptive,0.63900000000000001,0.17093554687499998,0.166726039041,0.0042095078339999814
0.02,adaptive,0.64000000000000001,0.17224609375,0.16777216,0.004473933749999992
0.02,adaptive,0.64100000000000001,0.17355664062499998,0.16882319616100003,0.0047334444639999529
0.02,adaptive,0.64200000000000002,0.17486718749999999,0.16987916289600002,0.0049880246039999687
0.02,adaptive,0.64300000000000002,0.17617773437499998,0.17094007560100002,0.0052376587739999536
0.02,adaptive,0.64400000000000002,0.17748828124999999,0.17200594969600003,0.005482331553999964
0.02,adaptive,0.64500000000000002,0.17879882812499998,0.17307680062500003,0.0057220274999999488
0.02,adaptive,0.64600000000000002,0.18010937499999999,0.17415264385600002,0.0059567311439999715
0.02,adaptive,0.64700000000000002,0.181419921875,0.17523349488100001,0.0061864269939999883
0.02,adaptive,0.64800000000000002,0.18273046874999999,0.17631936921600003,0.0064110995339999588
0.02,adaptive,0.64900000000000002,0.184041015625,0.17741028240100001,0.006630733223999985
0.02,adaptive,0.65000000000000002,0.18535156250000001,0.17850625000000003,0.0068453124999999782
0.02,adaptive,0.65100000000000002,0.186662109375,0.17960728760100003,0.0070548217739999641
0.02,adaptive,0.65200000000000002,0.18797265624999998,0.18071341081600004,0.0072592454339999446
0.02,adaptive,0.65300000000000002,0.18928320312499999,0.18182463528100004,0.0074585678439999525
0.02,adaptive,0.65400000000000003,0.19059375000000001,0.18294097665600004,0.007652773343999969
0.02,adaptive,0.65500000000000003,0.19190429687499999,0.18406245062500004,0.0078418462499999508
0.02,adaptive,0.65600000000000003,0.19321484375,0.18518907289600003,0.0080257708539999695
0.02,adaptive,0.65700000000000003,0.19452539062500002,0.18632085920100003,0.0082045314239999889
0.02,adaptive,0.65800000000000003,0.1958359375,0.18745782529600002,0.0083781122039999767
0.02,adaptive,0.65900000000000003,0.19714648437500001,0.18859998696100003,0.0085464974139999872
0.02,adaptive,0.66000000000000003,0.19845703125,0.18974736000000003,0.0087096712499999673
0.02,adaptive,0.66100000000000003,0.19976757812500001,0.19089996024100003,0.0088676178839999786
0.02,adaptive,0.66200000000000003,0.201078125,0.19205780353600005,0.0090203214639999474
0.02,adaptive,0.66300000000000003,0.20238867187500001,0.19322090576100004,0.00916776611399997
0.02,adaptive,0.66400000000000003,0.20369921875000002,0.19438928281600004,0.0093099359339999799
0.02,adaptive,0.66500000000000004,0.20500976562500001,0.19556295062500004,0.0094468149999999695
0.02,adaptive,0.66600000000000004,0.20632031250000002,0.19674192513600006,0.0095783873639999628
0.02,adaptive,0.66700000000000004,0.207630859375,0.19792622232100004,0.0097046370539999594
0.02,adaptive,0.66800000000000004,0.20894140625000002,0.19911585817600005,0.0098255480739999623
0.02,adaptive,0.66900000000000004,0.210251953125,0.20031084872100005,0.0099411044039999508
0.02,adaptive,0.67000000000000004,0.21156250000000001,0.20151121000000005,0.010051289999999963
0.02,adaptive,0.67100000000000004,0.21287304687500003,0.20271695808100004,0.010156088793999984
0.02,adaptive,0.67200000000000004,0.21418359375000001,0.20392810905600006,0.01025548469399995
0.02,adaptive,0.67300000000000004,0.215494140625,0.20514467904100006,0.010349461583999936
0.02,adaptive,0.67400000000000004,0.21680468750000004,0.20636668417600004,0.010438003323999995
0.02,adaptive,0.67500000000000004,0.21811523437500002,0.20759414062500006,0.01052109374999996
0.02,adaptive,0.67600000000000005,0.21942578125000001,0.20882706457600006,0.010598716673999947
0.02,adaptive,0.67700000000000005,0.22073632812500002,0.21006547224100006,0.010670855883999963
0.02,adaptive,0.67800000000000005,0.22204687500000003,0.21130937985600007,0.010737495143999964
0.02,adaptive,0.67900000000000005,0.22335742187500002,0.21255880368100005,0.010798618193999965
0.02,adaptive,0.68000000000000005,0.22466796875000003,0.21381376000000007,0.010854208749999955
0.02,adaptive,0.68100000000000005,0.22597851562500004,0.21507426512100006,0.010904250503999985
0.02,adaptive,0.68200000000000005,0.22728906250000003,0.21634033537600006,0.010948727123999968
0.02,adaptive,0.68300000000000005,0.22859960937500001,0.21761198712100008,0.010987622253999935
0.02,adaptive,0.68400000000000005,0.22991015625000003,0.21888923673600005,0.011020919513999972
0.02,adaptive,0.68500000000000005,0.23122070312500004,0.22017210062500006,0.011048602499999977
0.02,adaptive,0.68600000000000005,0.23253125000000002,0.22146059521600006,0.011070654783999961
0.02,adaptive,0.68700000000000006,0.23384179687500004,0.22275473696100007,0.011087059913999969
0.02,adaptive,0.68799999999999994,0.23515234374999988,0.22405454233599992,0.011097801413999964
0.02,adaptive,0.68899999999999995,0.23646289062499987,0.22536002784099993,0.011102862783999939
0.02,adaptive,0.68999999999999995,0.23777343749999991,0.22667120999999993,0.011102227499999978
0.02,adaptive,0.69099999999999995,0.23908398437499989,0.22798810536099992,0.011095879013999971
0.02,adaptive,0.69199999999999995,0.24039453124999988,0.22931073049599993,0.011083800753999951
0.02,adaptive,0.69299999999999995,0.24170507812499989,0.23063910200099993,0.011065976123999954
0.02,adaptive,0.69399999999999995,0.2430156249999999,0.23197323649599993,0.011042388503999967
0.02,adaptive,0.69499999999999995,0.24432617187499989,0.23331315062499994,0.011013021249999949
0.02,adaptive,0.69599999999999995,0.2456367187499999,0.23465886105599992,0.010977857693999976
0.02,adaptive,0.69699999999999995,0.24694726562499991,0.23601038448099992,0.010936881143999988
0.02,adaptive,0.69799999999999995,0.2482578124999999,0.23736773761599994,0.010890074883999956
0.02,adaptive,0.69899999999999995,0.24956835937499988,0.23873093720099994,0.010837422173999939
0.02,adaptive,0.69999999999999996,0.25087890624999987,0.24009999999999995,0.010778906249999914
0.02,adaptive,0.70099999999999996,0.25218945312499991,0.24147494280099993,0.010714510323999976
0.02,adaptive,0.70199999999999996,0.25349999999999989,0.24285578241599995,0.010644217583999943
0.02,adaptive,0.70299999999999996,0.25481054687499993,0.24424253568099993,0.010568011193999999
0.02,adaptive,0.70399999999999996,0.25612109374999992,0.24563521945599995,0.010485874293999969
0.02,adaptive,0.70499999999999996,0.2574316406249999,0.24703385062499994,0.010397789999999962
0.02,adaptive,0.70599999999999996,0.25874218749999989,0.24843844609599994,0.01030374140399995
0.02,adaptive,0.70699999999999996,0.26005273437499987,0.24984902280099994,0.010203711573999935
0.02,adaptive,0.70799999999999996,0.26136328124999991,0.25126559769599993,0.010097683553999981
0.02,adaptive,0.70899999999999996,0.2626738281249999,0.25268818776099994,0.0099856403639999591
0.02,adaptive,0.70999999999999996,0.26398437499999994,0.25411680999999997,0.0098675649999999671
0.02,adaptive,0.71099999999999997,0.26529492187499992,0.25555148144099993,0.0097434404339999947
0.02,adaptive,0.71199999999999997,0.26660546874999991,0.25699221913599996,0.0096132496139999524
0.02,adaptive,0.71299999999999997,0.26791601562499989,0.25843904016099994,0.0094769754639999482
0.02,adaptive,0.71399999999999997,0.26922656249999988,0.25989196161599998,0.0093346008839998995
0.02,adaptive,0.71499999999999997,0.27053710937499992,0.26135100062499994,0.0091861087499999772
0.02,adaptive,0.71599999999999997,0.2718476562499999,0.26281617433599996,0.0090314819139999392
0.02,adaptive,0.71699999999999997,0.27315820312499994,0.26428749992099998,0.0088707032039999634
0.02,adaptive,0.71799999999999997,0.27446874999999993,0.26576499457599995,0.0087037554239999815
0.02,adaptive,0.71899999999999997,0.27577929687499991,0.26724867552099996,0.0085306213539999565
0.02,adaptive,0.71999999999999997,0.2770898437499999,0.26873855999999996,0.0083512837499999382
0.02,adaptive,0.72099999999999997,0.27840039062499988,0.27023466528099999,0.0081657253439998967
0.02,adaptive,0.72199999999999998,0.27971093749999992,0.27173700865599998,0.0079739288439999445
0.02,adaptive,0.72299999999999998,0.28102148437499991,0.27324560744099996,0.0077758769339999478
0.02,adaptive,0.72399999999999998,0.28233203124999995,0.27476047897599998,0.0075715522739999708
0.02,adaptive,0.72499999999999998,0.28364257812499993,0.27628164062499999,0.0073609374999999422
0.02,adaptive,0.72599999999999998,0.28495312499999992,0.27780910977599999,0.0071440152239999333
0.02,adaptive,0.72699999999999998,0.2862636718749999,0.27934290384099997,0.0069207680339999356
0.02,adaptive,0.72799999999999998,0.28757421874999989,0.28088304025599997,0.0066911784939999164
0.02,adaptive,0.72899999999999998,0.28888476562499993,0.282429536481,0.0064552291439999299
0.02,adaptive,0.72999999999999998,0.29019531249999991,0.28398240999999996,0.0062129024999999505
0.02,adaptive,0.73099999999999998,0.29150585937499995,0.28554167832099997,0.005964181053999984
0.02,adaptive,0.73199999999999998,0.29281640624999994,0.28710735897599998,0.0057090472739999565
0.02,adaptive,0.73299999999999998,0.29412695312499992,0.28867946952099999,0.0054474836039999364
0.02,adaptive,0.73399999999999999,0.29543749999999991,0.290258027536,0.0051794724639999123
0.02,adaptive,0.73499999999999999,0.29674804687499989,0.29184305062499999,0.0049049962499999045
0.02,adaptive,0.73599999999999999,0.29805859374999993,0.29343455641599997,0.0046240373339999641
0.02,adaptive,0.73699999999999999,0.29936914062499992,0.29503256256099997,0.0043365780639999518
0.02,adaptive,0.73799999999999999,0.30067968749999996,0.29663708673599998,0.0040426007639999817
0.02,adaptive,0.73899999999999999,0.30199023437499994,0.29824814664099997,0.003742087733999977
0.02,adaptive,0.73999999999999999,0.30330078124999993,0.29986575999999998,0.0034350212499999477
0.02,adaptive,0.74099999999999999,0.30461132812499991,0.30148994456099998,0.0031213835639999354
0.02,adaptive,0.74199999999999999,0.3059218749999999,0.303120718096,0.0028011569039999018
0.02,adaptive,0.74299999999999999,0.30723242187499994,0.30475809840099999,0.0024743234739999509
0.02,adaptive,0.74399999999999999,0.30854296874999998,0.30640210329599998,0.0021408654539999961
0.02,adaptive,0.745,0.30985351562499996,0.30805275062499998,0.001800764999999982
0.02,adaptive,0.746,0.31116406249999995,0.30971005825600001,0.0014540042439999401
0.02,adaptive,0.747,0.31247460937499993,0.311374044081,0.0011005652939999333
0.02,adaptive,0.748,0.31378515624999992,0.31304472601599997,0.00074043023399994468
0.02,adaptive,0.749,0.3150957031249999,0.31472212200099997,0.00037358112399993315
0.02,adaptive,0.75,0.31640624999999994,0.31640625,-5.5511151231257827e-17
0.02,adaptive,0.751,0.31856445312499992,0.31809712800099998,0.00046732512399993986
0.02,adaptive,0.752,0.32072265624999996,0.31979477401599998,0.00092788223399997705
0.02,adaptive,0.753,0.32288085937499994,0.32149920608100002,0.0013816532939999182
0.02,adaptive,0.754,0.32503906249999998,0.32321044225599999,0.0018286202439999899
0.02,adaptive,0.755,0.32719726562499996,0.32492850062500001,0.0022687649999999504
0.02,adaptive,0.75600000000000001,0.32935546874999994,0.32665339929600001,0.0027020694539999224
0.02,adaptive,0.75700000000000001,0.33151367187499997,0.32838515640100002,0.0031285154739999488
0.02,adaptive,0.75800000000000001,0.33367187499999995,0.33012379009600001,0.0035480849039999374
0.02,adaptive,0.75900000000000001,0.33583007812499999,0.33186931856099999,0.0039607595639999937
0.02,adaptive,0.76000000000000001,0.33798828124999997,0.33362175999999999,0.0043665212499999773
0.02,adaptive,0.76100000000000001,0.34014648437499995,0.335381132641,0.0047653517339999452
0.02,adaptive,0.76200000000000001,0.34230468749999998,0.337147454736,0.005157232763999986
0.02,adaptive,0.76300000000000001,0.34446289062499996,0.33892074456100002,0.005542146063999942
0.02,adaptive,0.76400000000000001,0.34662109375,0.34070102041600003,0.0059200733339999645
0.02,adaptive,0.76500000000000001,0.34877929687499998,0.34248830062500002,0.0062909962499999583
0.02,adaptive,0.76600000000000001,0.35093750000000001,0.34428260353600004,0.0066548964639999708
0.02,adaptive,0.76700000000000002,0.35309570312499999,0.34608394752100002,0.0070117556039999696
0.02,adaptive,0.76800000000000002,0.35525390624999997,0.34789235097600002,0.0073615552739999535
0.02,adaptive,0.76900000000000002,0.35741210937500001,0.34970783232100006,0.0077042770539999528
0.02,adaptive,0.77000000000000002,0.35957031249999999,0.35153041000000002,0.0080399024999999735
0.02,adaptive,0.77100000000000002,0.36172851562499997,0.35336010248100003,0.0083684131439999421
0.02,adaptive,0.77200000000000002,0.36388671875,0.35519692825600002,0.0086897904939999826
0.02,adaptive,0.77300000000000002,0.36604492187499998,0.35704090584100001,0.0090040160339999731
0.02,adaptive,0.77400000000000002,0.36820312500000002,0.35889205377600003,0.0093110712239999893
0.02,adaptive,0.77500000000000002,0.370361328125,0.36075039062500003,0.0096109374999999719
0.02,adaptive,0.77600000000000002,0.37251953125000004,0.36261593497600003,0.0099035962740000039
0.02,adaptive,0.77700000000000002,0.37467773437500002,0.36448870544100004,0.010189028933999977
0.02,adaptive,0.77800000000000002,0.3768359375,0.36636872065600007,0.010467216843999927
0.02,adaptive,0.77900000000000003,0.37899414062500003,0.36825599928100006,0.010738141343999974
0.02,adaptive,0.78000000000000003,0.38115234375000001,0.37015056000000007,0.011001783749999938
0.02,adaptive,0.78100000000000003,0.38331054687499999,0.37205242152100004,0.011258125353999948
0.02,adaptive,0.78200000000000003,0.38546875000000003,0.37396160257600003,0.011507147423999997
0.02,adaptive,0.78300000000000003,0.38762695312500001,0.37587812192100006,0.011748831203999943
0.02,adaptive,0.78400000000000003,0.38978515625000004,0.37780199833600003,0.011983157914000009
0.02,adaptive,0.78500000000000003,0.39194335937500002,0.37973325062500007,0.012210108749999948
0.02,adaptive,0.78600000000000003,0.39410156250000006,0.38167189761600007,0.012429664883999991
0.02,adaptive,0.78700000000000003,0.39625976562500004,0.38361795816100008,0.012641807463999954
0.02,adaptive,0.78800000000000003,0.39841796875000002,0.38557145113600005,0.012846517613999964
0.02,adaptive,0.78900000000000003,0.40057617187500005,0.38753239544100004,0.01304377643400001
0.02,adaptive,0.79000000000000004,0.40273437500000003,0.38950081000000009,0.013233564999999947
0.02,adaptive,0.79100000000000004,0.40489257812500001,0.39147671376100007,0.013415864363999941
0.02,adaptive,0.79200000000000004,0.40705078125000005,0.39346012569600008,0.013590655553999964
0.02,adaptive,0.79300000000000004,0.40920898437500003,0.39545106480100006,0.013757919573999966
0.02,adaptive,0.79400000000000004,0.41136718750000006,0.39744955009600008,0.013917637403999983
0.02,adaptive,0.79500000000000004,0.41352539062500004,0.39945560062500007,0.014069789999999971
0.02,adaptive,0.79600000000000004,0.41568359375000008,0.40146923545600011,0.014214358293999974
0.02,adaptive,0.79700000000000004,0.41784179687500006,0.40349047368100011,0.014351323193999954
0.02,adaptive,0.79800000000000004,0.42000000000000004,0.40551933441600008,0.014480665583999963
0.02,adaptive,0.79900000000000004,0.42215820312500008,0.4075558368010001,0.014602366323999971
0.02,adaptive,0.80000000000000004,0.42431640625000006,0.40960000000000008,0.01471640624999998
0.02,adaptive,0.80100000000000005,0.42647460937500004,0.41165184320100007,0.014822766173999968
0.02,adaptive,0.80200000000000005,0.42863281250000007,0.41371138561600007,0.014921426884
0.02,adaptive,0.80300000000000005,0.43079101562500005,0.4157786464810001,0.015012369143999948
0.02,adaptive,0.80400000000000005,0.43294921875000009,0.41785364505600009,0.015095573693999997
0.02,adaptive,0.80500000000000005,0.43510742187500007,0.41993640062500009,0.015171021249999972
0.02,adaptive,0.80600000000000005,0.4372656250000001,0.4220269324960001,0.015238692504000007
0.02,adaptive,0.80700000000000005,0.43942382812500008,0.42412526000100009,0.015298568123999989
0.02,adaptive,0.80800000000000005,0.44158203125000006,0.42623140249600011,0.015350628753999951
0.02,adaptive,0.80900000000000005,0.4437402343750001,0.42834537936100009,0.015394855014000008
0.02,adaptive,0.81000000000000005,0.44589843750000008,0.4304672100000001,0.015431227499999978
0.02,adaptive,0.81100000000000005,0.44805664062500006,0.43259691384100013,0.015459726783999928
0.02,adaptive,0.81200000000000006,0.45021484375000009,0.43473451033600014,0.015480333413999958
0.02,adaptive,0.81299999999999994,0.45237304687499985,0.43688001896099987,0.015493027913999979
0.02,adaptive,0.81399999999999995,0.45453124999999983,0.4390334592159999,0.015497790783999932
0.02,adaptive,0.81499999999999995,0.45668945312499987,0.44119485062499986,0.01549460250000001
0.02,adaptive,0.81599999999999995,0.4588476562499999,0.44336421273599991,0.015483443513999995
0.02,adaptive,0.81699999999999995,0.46100585937499983,0.44554156512099991,0.015464294253999922
0.02,adaptive,0.81799999999999995,0.46316406249999986,0.44772692737599989,0.015437135123999968
0.02,adaptive,0.81899999999999995,0.4653222656249999,0.44992031912099989,0.015401946504000008
0.02,adaptive,0.81999999999999995,0.46748046874999988,0.45212175999999987,0.015358708750000005
0.02,adaptive,0.82099999999999995,0.46963867187499986,0.45433126968099991,0.015307402193999953
0.02,adaptive,0.82199999999999995,0.47179687499999989,0.45654886785599991,0.015248007143999986
0.02,adaptive,0.82299999999999995,0.47395507812499987,0.45877457424099988,0.015180503883999996
0.02,adaptive,0.82399999999999995,0.47611328124999985,0.4610084085759999,0.015104872673999958
0.02,adaptive,0.82499999999999996,0.47827148437499989,0.4632503906249999,0.015021093749999992
0.02,adaptive,0.82599999999999996,0.48042968749999992,0.4655005401759999,0.014929147324000025
0.02,adaptive,0.82699999999999996,0.48258789062499985,0.46775887704099989,0.014829013583999962
0.02,adaptive,0.82799999999999996,0.48474609374999988,0.47002542105599993,0.014720672693999959
0.02,adaptive,0.82899999999999996,0.48690429687499992,0.47230019208099988,0.014604104794000039
0.02,adaptive,0.82999999999999996,0.4890624999999999,0.47458320999999992,0.014479289999999978
0.02,adaptive,0.83099999999999996,0.49122070312499988,0.47687449472099991,0.014346208403999972
0.02,adaptive,0.83199999999999996,0.49337890624999992,0.47917406617599989,0.014204840074000025
0.02,adaptive,0.83299999999999996,0.4955371093749999,0.48148194432099989,0.014055165054000007
0.02,adaptive,0.83399999999999996,0.49769531249999988,0.48379814913599989,0.013897163363999987
0.02,adaptive,0.83499999999999996,0.49985351562499991,0.4861227006249999,0.013730815000000007
0.02,adaptive,0.83599999999999997,0.50201171874999995,0.48845561881599991,0.013556099934000032
0.02,adaptive,0.83699999999999997,0.50416992187499987,0.49079692376099993,0.013372998113999945
0.02,adaptive,0.83799999999999997,0.50632812499999991,0.49314663553599991,0.013181489463999996
0.02,adaptive,0.83899999999999997,0.50848632812499994,0.49550477424099992,0.012981553884000019
0.02,adaptive,0.83999999999999997,0.51064453124999987,0.49787135999999993,0.012773171249999937
0.02,adaptive,0.84099999999999997,0.5128027343749999,0.50024641296099992,0.012556321413999982
0.02,adaptive,0.84199999999999997,0.51496093749999994,0.50262995329599991,0.012330984204000028
0.02,adaptive,0.84299999999999997,0.51711914062499997,0.50502200120099994,0.012097139424000036
0.02,adaptive,0.84399999999999997,0.5192773437499999,0.5074225768959999,0.011854766853999998
0.02,adaptive,0.84499999999999997,0.52143554687499993,0.50983170062499994,0.011603846249999994
0.02,adaptive,0.84599999999999997,0.52359374999999997,0.51224939265599989,0.011344357344000078
0.02,adaptive,0.84699999999999998,0.52575195312499989,0.51467567328099995,0.011076279843999948
0.02,adaptive,0.84799999999999998,0.52791015624999993,0.51711056281599999,0.010799593433999943
0.02,adaptive,0.84899999999999998,0.53006835937499996,0.51955408160099992,0.010514277774000047
0.02,adaptive,0.84999999999999998,0.5322265625,0.52200624999999989,0.010220312500000106
0.02,adaptive,0.85099999999999998,0.53438476562499992,0.52446708840099998,0.0099176772239999433
0.02,adaptive,0.85199999999999998,0.53654296874999996,0.52693661721599994,0.0096063515340000238
0.02,adaptive,0.85299999999999998,0.53870117187499988,0.52941485688099998,0.0092863149939999001
0.02,adaptive,0.85399999999999998,0.54085937499999992,0.53190182785599993,0.0089575471439999887
0.02,adaptive,0.85499999999999998,0.54301757812499996,0.53439755062499994,0.0086200275000000159
0.02,adaptive,0.85599999999999998,0.54517578124999999,0.53690204569599997,0.0082737355540000168
0.02,adaptive,0.85699999999999998,0.54733398437500003,0.53941533360099991,0.0079186507740001133
0.02,adaptive,0.85799999999999998,0.54949218749999995,0.54193743489599999,0.0075547526039999591
0.02,adaptive,0.85899999999999999,0.55165039062499999,0.54446837016099991,0.0071820204640000718
0.02,adaptive,0.85999999999999999,0.55380859374999991,0.54700815999999997,0.0068004337499999457
0.02,adaptive,0.86099999999999999,0.55596679687499995,0.54955682504100001,0.006409971833999939
0.02,adaptive,0.86199999999999999,0.55812499999999998,0.55211438593599993,0.0060106140640000527
0.02,adaptive,0.86299999999999999,0.56028320312500002,0.55468086336099998,0.0056023397640000416
0.02,adaptive,0.86399999999999999,0.56244140624999994,0.55725627801599997,0.0051851282339999694
0.02,adaptive,0.86499999999999999,0.56459960937499998,0.55984065062499999,0.0047589587499999864
0.02,adaptive,0.86599999999999999,0.5667578124999999,0.56243400193600002,0.0043238105639998858
0.02,adaptive,0.86699999999999999,0.56891601562499994,0.56503635272099995,0.0038796629039999919
0.02,adaptive,0.86799999999999999,0.57107421874999997,0.56764772377600003,0.0034264949739999384
0.02,adaptive,0.86899999999999999,0.57323242187500001,0.57026813592100001,0.0029642859540000011
0.02,adaptive,0.87,0.57539062500000004,0.57289760999999995,0.0024930150000000983
0.02,adaptive,0.871,0.57754882812499997,0.57553616688099996,0.0020126612440000136
0.02,adaptive,0.872,0.57970703125,0.57818382745599994,0.0015232037940000609
0.02,adaptive,0.873,0.58186523437499993,0.58084061264099995,0.0010246217339999752
0.02,adaptive,0.874,0.58402343749999996,0.58350654337599994,0.00051689412400002244
0.02,adaptive,0.875,0.586181640625,0.586181640625,0
0.02,adaptive,0.876,0.58916235351562496,0.58886592537600002,0.00029642813962493797
0.02,adaptive,0.877,0.59214306640625003,0.59155941864100003,0.00058364776524999495
0.02,adaptive,0.878,0.59512377929687499,0.59426214145599998,0.00086163784087500694
0.02,adaptive,0.879,0.59810449218750006,0.59697411488100005,0.0011303773065000078
0.02,adaptive,0.88,0.60108520507812502,0.59969536000000001,0.0013898450781250071
0.02,adaptive,0.88100000000000001,0.60406591796874998,0.60242589792099999,0.0016400200477499904
0.02,adaptive,0.88200000000000001,0.60704663085937505,0.60516574977600002,0.00188088108337503
0.02,adaptive,0.88300000000000001,0.61002734375000001,0.60791493672100005,0.0021124070289999519
0.02,adaptive,0.88400000000000001,0.61300805664062508,0.61067347993600007,0.0023345767046250021
0.02,adaptive,0.88500000000000001,0.61598876953125004,0.61344140062500008,0.0025473689062499583
0.02,adaptive,0.88600000000000001,0.61896948242187499,0.61621872001599998,0.002750762405875018
0.02,adaptive,0.88700000000000001,0.62195019531250006,0.61900545936100004,0.0029447359515000215
0.02,adaptive,0.88800000000000001,0.62493090820312502,0.62180163993600002,0.0031292682671250072
0.02,adaptive,0.88900000000000001,0.62791162109375009,0.62460728304099999,0.0033043380527500998
0.02,adaptive,0.89000000000000001,0.63089233398437505,0.62742240999999999,0.0034699239843750673
0.02,adaptive,0.89100000000000001,0.63387304687500001,0.63024704216100003,0.0036260047139999863
0.02,adaptive,0.89200000000000002,0.63685375976562508,0.63308120089600006,0.0037725588696250201
0.02,adaptive,0.89300000000000002,0.63983447265625004,0.63592490760100007,0.003909565055249975
0.02,adaptive,0.89400000000000002,0.642815185546875,0.63877818369600003,0.0040370018508749661
0.02,adaptive,0.89500000000000002,0.64579589843750007,0.6416410506250001,0.0041548478124999733
0.02,adaptive,0.89600000000000002,0.64877661132812503,0.64451352985600008,0.0042630814721249521
0.02,adaptive,0.89700000000000002,0.6517573242187501,0.64739564288100004,0.0043616813377500563
0.02,adaptive,0.89800000000000002,0.65473803710937506,0.65028741121600009,0.0044506258933749709
0.02,adaptive,0.89900000000000002,0.65771875000000002,0.65318885640100011,0.0045298935989999123
0.02,adaptive,0.90000000000000002,0.66069946289062509,0.65610000000000002,0.0045994628906250723
0.02,adaptive,0.90100000000000002,0.66368017578125005,0.6590208636010001,0.0046593121802499526
0.02,adaptive,0.90200000000000002,0.66666088867187512,0.66195146881600009,0.00470941985587503
0.02,adaptive,0.90300000000000002,0.66964160156250008,0.6648918372810001,0.0047497642814999796
0.02,adaptive,0.90400000000000003,0.67262231445312504,0.66784199065600003,0.0047803237971250079
0.02,adaptive,0.90500000000000003,0.67560302734375011,0.67080195062500003,0.0048010767187500747
0.02,adaptive,0.90600000000000003,0.67858374023437507,0.67377173889600006,0.0048120013383750049
0.02,adaptive,0.90700000000000003,0.68156445312500002,0.67675137720100009,0.0048130759239999321
0.02,adaptive,0.90800000000000003,0.6845451660156251,0.67974088729600013,0.0048042787196249659
0.02,adaptive,0.90900000000000003,0.68752587890625005,0.68274029096100008,0.0047855879452499694
0.02,adaptive,0.91000000000000003,0.69050659179687512,0.68574961000000012,0.0047569817968750039
0.02,adaptive,0.91100000000000003,0.69348730468750008,0.68876886624100009,0.0047184384464999951
0.02,adaptive,0.91200000000000003,0.69646801757812504,0.69179808153600009,0.0046699360421249558
0.02,adaptive,0.91300000000000003,0.69944873046875011,0.69483727776100013,0.0046114527077499856
0.02,adaptive,0.91400000000000003,0.70242944335937507,0.69788647681600013,0.0045429665433749378
0.02,adaptive,0.91500000000000004,0.70541015625000014,0.70094570062500006,0.0044644556250000855
0.02,adaptive,0.91600000000000004,0.7083908691406251,0.70401497113600009,0.0043758980046250118
0.02,adaptive,0.91700000000000004,0.71137158203125006,0.70709431032100012,0.0042772717102499413
0.02,adaptive,0.91800000000000004,0.71435229492187513,0.71018374017600017,0.0041685547458749639
0.02,adaptive,0.91900000000000004,0.71733300781250009,0.71328328272100017,0.0040497250914999228
0.02,adaptive,0.92000000000000004,0.72031372070312516,0.71639296000000008,0.0039207607031250813
0.02,adaptive,0.92100000000000004,0.72329443359375012,0.71951279408100011,0.0037816395127500124
0.02,adaptive,0.92200000000000004,0.72627514648437508,0.72264280705600015,0.0036323394283749311
0.02,adaptive,0.92300000000000004,0.72925585937500015,0.72578302104100012,0.0034728383340000279
0.02,adaptive,0.92400000000000004,0.73223657226562511,0.72893345817600008,0.0033031140896250255
0.02,adaptive,0.92500000000000004,0.73521728515625018,0.73209414062500011,0.0031231445312500661
0.02,adaptive,0.92600000000000005,0.73819799804687514,0.73526509057600009,0.0029329074708750458
0.02,adaptive,0.92700000000000005,0.7411787109375001,0.73844633024100015,0.0027323806964999475
0.02,adaptive,0.92800000000000005,0.74415942382812517,0.7416378818560001,0.0025215419721250631
0.02,adaptive,0.92900000000000005,0.74714013671875013,0.74483976768100013,0.0023003690377499941
0.02,adaptive,0.93000000000000005,0.7501208496093752,0.74805201000000021,0.0020688396093749839
0.02,adaptive,0.93100000000000005,0.75310156250000015,0.75127463112100012,0.0018269313790000297
0.02,adaptive,0.93200000000000005,0.75608227539062511,0.75450765337600012,0.0015746220146249934
0.02,adaptive,0.93300000000000005,0.75906298828125018,0.75775109912100014,0.001311889160250046
0.02,adaptive,0.93400000000000005,0.76204370117187514,0.76100499073600014,0.001038710435875001
0.02,adaptive,0.93500000000000005,0.76502441406250021,0.76426935062500012,0.00075506343750009197
0.02,adaptive,0.93600000000000005,0.76800512695312517,0.7675442012160002,0.00046092573712497309
0.02,adaptive,0.93700000000000006,0.77098583984375013,0.77082956496100019,0.0001562748827499405
0.02,adaptive,0.93799999999999994,0.77429638671874979,0.77412546433599982,0.00017092238274996063
0.02,adaptive,0.93899999999999995,0.7779367675781248,0.77743192184099985,0.00050484573712494818
0.02,adaptive,0.93999999999999995,0.78157714843749981,0.78074895999999983,0.00082818843749998816
0.02,adaptive,0.94099999999999995,0.78521752929687483,0.78407660136099988,0.0011409279358749469
0.02,adaptive,0.94199999999999995,0.78885791015624984,0.78741486849599984,0.0014430416602499996
0.02,adaptive,0.94299999999999995,0.79249829101562486,0.79076378400099978,0.0017345070146250752
0.02,adaptive,0.94399999999999995,0.79613867187499987,0.79412337049599979,0.0020153013790000784
0.02,adaptive,0.94499999999999995,0.79977905273437477,0.79749365062499988,0.00228540210937489
0.02,adaptive,0.94599999999999995,0.80341943359374979,0.80087464705599987,0.0025447865377499213
0.02,adaptive,0.94699999999999995,0.8070598144531248,0.8042663824809998,0.0027934319721250045
0.02,adaptive,0.94799999999999995,0.81070019531249982,0.80766887961599987,0.0030313156964999477
0.02,adaptive,0.94899999999999995,0.81434057617187483,0.81108216120099985,0.0032584149708749788
0.02,adaptive,0.94999999999999996,0.81798095703124984,0.81450624999999988,0.0034747070312499684
0.02,adaptive,0.95099999999999996,0.82162133789062486,0.81794116880099987,0.003680169089624985
0.02,adaptive,0.95199999999999996,0.82526171874999987,0.8213869404159998,0.003874778334000073
0.02,adaptive,0.95299999999999996,0.82890209960937489,0.82484358768099986,0.0040585119283750304
0.02,adaptive,0.95399999999999996,0.8325424804687499,0.82831113345599983,0.0042313470127500752
0.02,adaptive,0.95499999999999996,0.8361828613281248,0.83178960062499985,0.0043932607031249571
0.02,adaptive,0.95599999999999996,0.83982324218749982,0.83527901209599986,0.0045442300914999567
0.02,adaptive,0.95699999999999996,0.84346362304687483,0.83877939080099984,0.0046842322458749974
0.02,adaptive,0.95799999999999996,0.84710400390624985,0.84229075969599987,0.0048132442102499784
0.02,adaptive,0.95899999999999996,0.85074438476562486,0.84581314176099986,0.0049312430046249967
0.02,adaptive,0.95999999999999996,0.85438476562499988,0.84934655999999986,0.005038205625000014
0.02,adaptive,0.96099999999999997,0.85802514648437489,0.85289103744099992,0.0051341090433749681
0.02,adaptive,0.96199999999999997,0.8616655273437499,0.85644659713599991,0.0052189302077499944
0.02,adaptive,0.96299999999999997,0.86530590820312492,0.86001326216099994,0.0052926460421249821
0.02,adaptive,0.96399999999999997,0.86894628906249993,0.86359105561599991,0.0053552334465000184
0.02,adaptive,0.96499999999999997,0.87258666992187495,0.86718000062499989,0.0054066692968750552
0.02,adaptive,0.96599999999999997,0.87622705078124985,0.87078012033599994,0.005446930445249909
0.02,adaptive,0.96699999999999997,0.87986743164062486,0.87439143792099994,0.0054759937196249275
0.02,adaptive,0.96799999999999997,0.88350781249999988,0.87801397657599989,0.0054938359239999901
0.02,adaptive,0.96899999999999997,0.88714819335937489,0.88164775952099994,0.0055004338383749518
0.02,adaptive,0.96999999999999997,0.89078857421874991,0.88529280999999993,0.0054957642187499767
0.02,adaptive,0.97099999999999997,0.89442895507812492,0.88894915128099994,0.0054798037971249824
0.02,adaptive,0.97199999999999998,0.89806933593749994,0.89261680665599996,0.0054525292814999737
0.02,adaptive,0.97299999999999998,0.90170971679687495,0.89629579944099991,0.005413917355875042
0.02,adaptive,0.97399999999999998,0.90535009765624985,0.89998615297599993,0.0053639446802499213
0.02,adaptive,0.97499999999999998,0.90899047851562487,0.90368789062499988,0.0053025878906249879
0.02,adaptive,0.97599999999999998,0.91263085937499988,0.90740103577599995,0.0052298235989999275
0.02,adaptive,0.97699999999999998,0.9162712402343749,0.91112561184099994,0.0051456283933749569
0.02,adaptive,0.97799999999999998,0.91991162109374991,0.91486164225599997,0.0050499788377499355
0.02,adaptive,0.97899999999999998,0.92355200195312492,0.91860915048099989,0.0049428514721250316
0.02,adaptive,0.97999999999999998,0.92719238281249994,0.92236815999999988,0.0048242228125000564
0.02,adaptive,0.98099999999999998,0.93083276367187495,0.92613869432099993,0.0046940693508750186
0.02,adaptive,0.98199999999999998,0.93447314453124997,0.92992077697599995,0.0045523675552500142
0.02,adaptive,0.98299999999999998,0.93811352539062498,0.93371443152099998,0.0043990938696250037
0.02,adaptive,0.98399999999999999,0.94175390624999999,0.93751968153599996,0.0042342247140000344
0.02,adaptive,0.98499999999999999,0.94539428710937501,0.94133655062499999,0.0040577364843750185
0.02,adaptive,0.98599999999999999,0.94903466796875002,0.94516506241599996,0.0038696055527500661
0.02,adaptive,0.98699999999999999,0.95267504882812493,0.949005240561,0.0036698082671249299
0.02,adaptive,0.98799999999999999,0.95631542968749994,0.95285710873599994,0.0034583209515000046
0.02,adaptive,0.98899999999999999,0.95995581054687495,0.95672069064099996,0.0032351199058749947
0.02,adaptive,0.98999999999999999,0.96359619140624997,0.96059600999999994,0.0030001814062500243
0.02,adaptive,0.99099999999999999,0.96723657226562498,0.96448309056100001,0.0027534817046249715
0.02,adaptive,0.99199999999999999,0.970876953125,0.96838195609599997,0.0024949970290000234
0.02,adaptive,0.99299999999999999,0.97451733398437501,0.972292630401,0.0022247035833750095
0.02,adaptive,0.99399999999999999,0.97815771484374991,0.97621513729599996,0.0019425775477499574
0.02,adaptive,0.995,0.98179809570312493,0.98014950062499995,0.0016485950781249814
0.02,adaptive,0.996,0.98543847656249994,0.98409574425599999,0.0013427323064999497
0.02,adaptive,0.997,0.98907885742187496,0.98805389208100003,0.0010249653408749282
0.02,adaptive,0.998,0.99271923828124997,0.99202396801600001,0.00069527026524995872
0.02,adaptive,0.999,0.99635961914062499,0.99600599600100004,0.00035362313962494785
0.02,adaptive,1,1,1,0
0.02,uniform_same_count,0,0,0,0
0.02,uniform_same_count,0.001,1.9531249999997938e-06,1.0000000000000002e-12,1.953123999999794e-06
0.02,uniform_same_count,0.002,3.9062499999995876e-06,1.6000000000000003e-11,3.906233999999588e-06
0.02,uniform_same_count,0.0030000000000000001,5.8593749999993809e-06,8.1000000000000005e-11,5.859293999999381e-06
0.02,uniform_same_count,0.0040000000000000001,7.8124999999991752e-06,2.5600000000000005e-10,7.8122439999991749e-06
0.02,uniform_same_count,0.0050000000000000001,9.7656249999989685e-06,6.2500000000000001e-10,9.7649999999989688e-06
0.02,uniform_same_count,0.0060000000000000001,1.1718749999998762e-05,1.2960000000000001e-09,1.1717453999998762e-05
0.02,uniform_same_count,0.0070000000000000001,1.3671874999998555e-05,2.4010000000000003e-09,1.3669473999998556e-05
0.02,uniform_same_count,0.0080000000000000002,1.562499999999835e-05,4.0960000000000007e-09,1.5620903999998349e-05
0.02,uniform_same_count,0.0089999999999999993,1.7578124999998142e-05,6.5609999999999983e-09,1.7571563999998141e-05
0.02,uniform_same_count,0.01,1.9531249999997937e-05,1e-08,1.9521249999997935e-05
0.02,uniform_same_count,0.010999999999999999,2.1484374999997729e-05,1.4640999999999997e-08,2.1469733999997728e-05
0.02,uniform_same_count,0.012,2.3437499999997524e-05,2.0736000000000001e-08,2.3416763999997524e-05
0.02,uniform_same_count,0.012999999999999999,2.5390624999997315e-05,2.8560999999999993e-08,2.5362063999997317e-05
0.02,uniform_same_count,0.014,2.734374999999711e-05,3.8416000000000005e-08,2.7305333999997111e-05
0.02,uniform_same_count,0.014999999999999999,2.9296874999996902e-05,5.0624999999999992e-08,2.9246249999996901e-05
0.02,uniform_same_count,0.016,3.1249999999996701e-05,6.5536000000000012e-08,3.1184463999996701e-05
0.02,uniform_same_count,0.017000000000000001,3.3203124999996492e-05,8.3521000000000024e-08,3.3119603999996495e-05
0.02,uniform_same_count,0.017999999999999999,3.5156249999996284e-05,1.0497599999999997e-07,3.5051273999996283e-05
0.02,uniform_same_count,0.019,3.7109374999996076e-05,1.3032099999999999e-07,3.6979053999996077e-05
0.02,uniform_same_count,0.02,3.9062499999995874e-05,1.6e-07,3.8902499999995876e-05
0.02,uniform_same_count,0.021000000000000001,4.1015624999995666e-05,1.9448100000000006e-07,4.0821143999995665e-05
0.02,uniform_same_count,0.021999999999999999,4.2968749999995457e-05,2.3425599999999995e-07,4.2734493999995459e-05
0.02,uniform_same_count,0.023,4.4921874999995249e-05,2.7984099999999997e-07,4.4642033999995247e-05
0.02,uniform_same_count,0.024,4.6874999999995048e-05,3.3177600000000002e-07,4.6543223999995051e-05
0.02,uniform_same_count,0.025000000000000001,4.8828124999994839e-05,3.9062500000000007e-07,4.8437499999994842e-05
0.02,uniform_same_count,0.025999999999999999,5.0781249999994631e-05,4.569759999999999e-07,5.0324273999994631e-05
0.02,uniform_same_count,0.027,5.2734374999994423e-05,5.3144099999999997e-07,5.2202933999994424e-05
0.02,uniform_same_count,0.028000000000000001,5.4687499999994221e-05,6.1465600000000007e-07,5.4072843999994222e-05
0.02,uniform_same_count,0.029000000000000001,5.6640624999994019e-05,7.072810000000001e-07,5.5933343999994019e-05
0.02,uniform_same_count,0.029999999999999999,5.8593749999993804e-05,8.0999999999999987e-07,5.7783749999993804e-05
0.02,uniform_same_count,0.031,6.0546874999993603e-05,9.2352099999999998e-07,5.96233539999936e-05
0.02,uniform_same_count,0.032000000000000001,6.2499999999993401e-05,1.0485760000000002e-06,6.1451423999993405e-05
0.02,uniform_same_count,0.033000000000000002,6.4453124999993186e-05,1.1859210000000003e-06,6.3267203999993184e-05
0.02,uniform_same_count,0.034000000000000002,6.6406249999992985e-05,1.3363360000000004e-06,6.5069913999992983e-05
0.02,uniform_same_count,0.035000000000000003,6.8359374999992783e-05,1.5006250000000006e-06,6.6858749999992777e-05
0.02,uniform_same_count,0.035999999999999997,7.0312499999992568e-05,1.6796159999999996e-06,6.8632883999992567e-05
0.02,uniform_same_count,0.036999999999999998,7.2265624999992353e-05,1.8741609999999995e-06,7.0391463999992356e-05
0.02,uniform_same_count,0.037999999999999999,7.4218749999992151e-05,2.0851359999999999e-06,7.2133613999992148e-05
0.02,uniform_same_count,0.039,7.617187499999195e-05,2.3134409999999998e-06,7.3858433999991947e-05
0.02,uniform_same_count,0.040000000000000001,7.8124999999991748e-05,2.5600000000000001e-06,7.5564999999991746e-05
0.02,uniform_same_count,0.041000000000000002,8.0078124999991533e-05,2.8257610000000005e-06,7.7252363999991537e-05
0.02,uniform_same_count,0.042000000000000003,8.2031249999991331e-05,3.1116960000000009e-06,7.891955399999133e-05
0.02,uniform_same_count,0.042999999999999997,8.3984374999991116e-05,3.4188009999999987e-06,8.0565573999991118e-05
0.02,uniform_same_count,0.043999999999999997,8.5937499999990915e-05,3.7480959999999992e-06,8.2189403999990913e-05
0.02,uniform_same_count,0.044999999999999998,8.7890624999990713e-05,4.1006249999999994e-06,8.3789999999990712e-05
0.02,uniform_same_count,0.045999999999999999,8.9843749999990498e-05,4.4774559999999995e-06,8.5366293999990499e-05
0.02,uniform_same_count,0.047,9.1796874999990297e-05,4.8796809999999997e-06,8.6917193999990302e-05
0.02,uniform_same_count,0.048000000000000001,9.3749999999990095e-05,5.3084160000000003e-06,8.8441583999990093e-05
0.02,uniform_same_count,0.049000000000000002,9.5703124999989894e-05,5.7648010000000005e-06,8.9938323999989888e-05
0.02,uniform_same_count,0.050000000000000003,9.7656249999989678e-05,6.2500000000000011e-06,9.1406249999989676e-05
0.02,uniform_same_count,0.050999999999999997,9.9609374999989463e-05,6.7652009999999986e-06,9.284417399998946e-05
0.02,uniform_same_count,0.051999999999999998,0.00010156249999998926,7.3116159999999983e-06,9.4250883999989258e-05
0.02,uniform_same_count,0.052999999999999999,0.00010351562499998906,7.8904809999999998e-06,9.5625143999989064e-05
0.02,uniform_same_count,0.053999999999999999,0.00010546874999998885,8.5030559999999996e-06,9.6965693999988842e-05
0.02,uniform_same_count,0.055,0.00010742187499998864,9.1506250000000002e-06,9.8271249999988642e-05
0.02,uniform_same_count,0.056000000000000001,0.00010937499999998844,9.8344960000000012e-06,9.9540503999988444e-05
0.02,uniform_same_count,0.057000000000000002,0.00011132812499998824,1.0556001000000001e-05,0.00010077212399998823
0.02,uniform_same_count,0.058000000000000003,0.00011328124999998804,1.1316496000000002e-05,0.00010196475399998803
0.02,uniform_same_count,0.058999999999999997,0.00011523437499998781,1.2117360999999997e-05,0.00010311701399998781
0.02,uniform_same_count,0.059999999999999998,0.00011718749999998761,1.2959999999999998e-05,0.00010422749999998761
0.02,uniform_same_count,0.060999999999999999,0.00011914062499998741,1.3845840999999999e-05,0.00010529478399998741
0.02,uniform_same_count,0.062,0.00012109374999998721,1.4776336e-05,0.00010631741399998721
0.02,uniform_same_count,0.063,0.00012304687499998699,1.5752961e-05,0.00010729391399998699
0.02,uniform_same_count,0.064000000000000001,0.0001249999999999868,1.6777216000000003e-05,0.00010822278399998681
0.02,uniform_same_count,0.065000000000000002,0.00012695312499998659,1.7850625000000003e-05,0.00010910249999998659
0.02,uniform_same_count,0.066000000000000003,0.00012890624999998637,1.8974736000000005e-05,0.00010993151399998636
0.02,uniform_same_count,0.067000000000000004,0.00013085937499998618,2.0151121000000005e-05,0.00011070825399998618
0.02,uniform_same_count,0.068000000000000005,0.00013281249999998597,2.1381376000000006e-05,0.00011143112399998596
0.02,uniform_same_count,0.069000000000000006,0.00013476562499998575,2.2667121000000006e-05,0.00011209850399998574
0.02,uniform_same_count,0.070000000000000007,0.00013671874999998557,2.4010000000000009e-05,0.00011270874999998556
0.02,uniform_same_count,0.070999999999999994,0.00013867187499998532,2.5411680999999991e-05,0.00011326019399998533
0.02,uniform_same_count,0.071999999999999995,0.00014062499999998514,2.6873855999999993e-05,0.00011375114399998514
0.02,uniform_same_count,0.072999999999999995,0.00014257812499998492,2.8398240999999994e-05,0.00011417988399998493
0.02,uniform_same_count,0.073999999999999996,0.00014453124999998471,2.9986575999999993e-05,0.00011454467399998471
0.02,uniform_same_count,0.074999999999999997,0.00014648437499998452,3.1640624999999998e-05,0.00011484374999998452
0.02,uniform_same_count,0.075999999999999998,0.0001484374999999843,3.3362175999999998e-05,0.0001150753239999843
0.02,uniform_same_count,0.076999999999999999,0.00015039062499998411,3.5153040999999999e-05,0.00011523758399998411
0.02,uniform_same_count,0.078,0.0001523437499999839,3.7015055999999997e-05,0.00011532869399998391
0.02,uniform_same_count,0.079000000000000001,0.00015429687499998368,3.8950081e-05,0.00011534679399998368
0.02,uniform_same_count,0.080000000000000002,0.0001562499999999835,4.0960000000000001e-05,0.0001152899999999835
0.02,uniform_same_count,0.081000000000000003,0.00015820312499998328,4.3046721000000007e-05,0.00011515640399998328
0.02,uniform_same_count,0.082000000000000003,0.00016015624999998307,4.5212176000000008e-05,0.00011494407399998305
0.02,uniform_same_count,0.083000000000000004,0.00016210937499998288,4.745832100000001e-05,0.00011465105399998287
0.02,uniform_same_count,0.084000000000000005,0.00016406249999998266,4.9787136000000015e-05,0.00011427536399998265
0.02,uniform_same_count,0.085000000000000006,0.00016601562499998247,5.2200625000000018e-05,0.00011381499999998246
0.02,uniform_same_count,0.085999999999999993,0.00016796874999998223,5.470081599999998e-05,0.00011326793399998225
0.02,uniform_same_count,0.086999999999999994,0.00016992187499998202,5.7289760999999981e-05,0.00011263211399998204
0.02,uniform_same_count,0.087999999999999995,0.00017187499999998183,5.9969535999999987e-05,0.00011190546399998184
0.02,uniform_same_count,0.088999999999999996,0.00017382812499998161,6.2742240999999989e-05,0.00011108588399998163
0.02,uniform_same_count,0.089999999999999997,0.00017578124999998143,6.560999999999999e-05,0.00011017124999998144
0.02,uniform_same_count,0.090999999999999998,0.00017773437499998121,6.8574960999999993e-05,0.00010915941399998122
0.02,uniform_same_count,0.091999999999999998,0.000179687499999981,7.1639295999999993e-05,0.000108048203999981
0.02,uniform_same_count,0.092999999999999999,0.00018164062499998081,7.4805200999999996e-05,0.00010683542399998081
0.02,uniform_same_count,0.094,0.00018359374999998059,7.8074895999999996e-05,0.0001055188539999806
0.02,uniform_same_count,0.095000000000000001,0.00018554687499998038,8.1450624999999997e-05,0.00010409624999998038
0.02,uniform_same_count,0.096000000000000002,0.00018749999999998019,8.4934656000000005e-05,0.00010256534399998019
0.02,uniform_same_count,0.097000000000000003,0.00018945312499997998,8.8529281000000008e-05,0.00010092384399997997
0.02,uniform_same_count,0.098000000000000004,0.00019140624999997979,9.2236816000000008e-05,9.9169433999979779e-05
0.02,uniform_same_count,0.099000000000000005,0.00019335937499997957,9.6059601000000021e-05,9.7299773999979551e-05
0.02,uniform_same_count,0.10000000000000001,0.00019531249999997936,0.00010000000000000002,9.5312499999979338e-05
0.02,uniform_same_count,0.10100000000000001,0.00019726562499997917,0.00010406040100000003,9.3205223999979142e-05
0.02,uniform_same_count,0.10199999999999999,0.00019921874999997893,0.00010824321599999998,9.0975533999978949e-05
0.02,uniform_same_count,0.10299999999999999,0.00020117187499997874,0.00011255088099999997,8.8620993999978764e-05
0.02,uniform_same_count,0.104,0.00020312499999997852,0.00011698585599999997,8.613914399997855e-05
0.02,uniform_same_count,0.105,0.00020507812499997831,0.00012155062499999998,8.3527499999978326e-05
0.02,uniform_same_count,0.106,0.00020703124999997812,0.000126247696,8.0783553999978124e-05
0.02,uniform_same_count,0.107,0.00020898437499997791,0.00013107960099999999,7.7904773999977912e-05
0.02,uniform_same_count,0.108,0.00021093749999997769,0.00013604889599999999,7.4888603999977697e-05
0.02,uniform_same_count,0.109,0.0002128906249999775,0.00014115816099999999,7.1732463999977516e-05
0.02,uniform_same_count,0.11,0.00021484374999997729,0.00014641,6.8433749999977284e-05
0.02,uniform_same_count,0.111,0.0002167968749999771,0.000151807041,6.4989833999977095e-05
0.02,uniform_same_count,0.112,0.00021874999999997688,0.00015735193600000002,6.1398063999976865e-05
0.02,uniform_same_count,0.113,0.00022070312499997667,0.00016304736100000001,5.7655763999976662e-05
0.02,uniform_same_count,0.114,0.00022265624999997648,0.00016889601600000002,5.376023399997646e-05
0.02,uniform_same_count,0.115,0.00022460937499997627,0.00017490062500000002,4.9708749999976247e-05
0.02,uniform_same_count,0.11600000000000001,0.00022656249999997608,0.00018106393600000003,4.5498563999976053e-05
0.02,uniform_same_count,0.11700000000000001,0.00022851562499997586,0.00018738872100000005,4.1126903999975814e-05
0.02,uniform_same_count,0.11799999999999999,0.00023046874999997562,0.00019387777599999995,3.6590973999975671e-05
0.02,uniform_same_count,0.11899999999999999,0.00023242187499997543,0.00020053392099999995,3.1887953999975481e-05
0.02,uniform_same_count,0.12,0.00023437499999997522,0.00020735999999999997,2.7014999999975251e-05
0.02,uniform_same_count,0.121,0.000236328124999975,0.00021435888099999997,2.1969243999975029e-05
0.02,uniform_same_count,0.122,0.00023828124999997481,0.00022153345599999999,1.6747793999974826e-05
0.02,uniform_same_count,0.123,0.0002402343749999746,0.00022888664099999999,1.1347733999974609e-05
0.02,uniform_same_count,0.124,0.00024218749999997441,0.00023642137599999999,5.7661239999744175e-06
0.02,uniform_same_count,0.125,0.0002441406249999742,0.000244140625,-2.5804011705155006e-17
0.02,uniform_same_count,0.126,0.00027343749999997401,0.000252047376,2.1390123999974009e-05
0.02,uniform_same_count,0.127,0.00030273437499997387,0.00026014464100000001,4.258973399997386e-05
0.02,uniform_same_count,0.128,0.00033203124999997368,0.00026843545600000005,6.3595793999973629e-05
0.02,uniform_same_count,0.129,0.00036132812499997349,0.00027692288100000003,8.4405243999973454e-05
0.02,uniform_same_count,0.13,0.00039062499999997335,0.00028561000000000005,0.0001050149999999733
0.02,uniform_same_count,0.13100000000000001,0.00041992187499997316,0.00029449992100000005,0.00012542195399997311
0.02,uniform_same_count,0.13200000000000001,0.00044921874999997297,0.00030359577600000008,0.00014562297399997289
0.02,uniform_same_count,0.13300000000000001,0.00047851562499997278,0.00031290072100000006,0.00016561490399997272
0.02,uniform_same_count,0.13400000000000001,0.0005078124999999727,0.00032241793600000008,0.00018539456399997261
0.02,uniform_same_count,0.13500000000000001,0.0005371093749999725,0.00033215062500000007,0.00020495874999997243
0.02,uniform_same_count,0.13600000000000001,0.00056640624999997231,0.0003421020160000001,0.00022430423399997222
0.02,uniform_same_count,0.13700000000000001,0.00059570312499997212,0.00035227536100000011,0.00024342776399997201
0.02,uniform_same_count,0.13800000000000001,0.00062499999999997193,0.0003626739360000001,0.00026232606399997183
0.02,uniform_same_count,0.13900000000000001,0.00065429687499997174,0.00037330104100000014,0.0002809958339999716
0.02,uniform_same_count,0.14000000000000001,0.00068359374999997155,0.00038416000000000014,0.00029943374999997141
0.02,uniform_same_count,0.14099999999999999,0.0007128906249999706,0.00039525416099999984,0.00031763646399997076
0.02,uniform_same_count,0.14199999999999999,0.00074218749999997041,0.00040658689599999985,0.00033560060399997056
0.02,uniform_same_count,0.14299999999999999,0.00077148437499997022,0.00041816160099999989,0.00035332277399997033
0.02,uniform_same_count,0.14399999999999999,0.00080078124999997003,0.00042998169599999989,0.00037079955399997014
0.02,uniform_same_count,0.14499999999999999,0.00083007812499996984,0.00044205062499999987,0.00038802749999996997
0.02,uniform_same_count,0.14599999999999999,0.00085937499999996976,0.0004543718559999999,0.00040500314399996985
0.02,uniform_same_count,0.14699999999999999,0.00088867187499996956,0.00046694888099999991,0.00042172299399996965
0.02,uniform_same_count,0.14799999999999999,0.00091796874999996937,0.00047978521599999988,0.00043818353399996949
0.02,uniform_same_count,0.14899999999999999,0.00094726562499996918,0.00049288440099999988,0.0004543812239999693
0.02,uniform_same_count,0.14999999999999999,0.00097656249999996899,0.00050624999999999997,0.00047031249999996902
0.02,uniform_same_count,0.151,0.0010058593749999688,0.00051988560099999997,0.00048597377399996883
0.02,uniform_same_count,0.152,0.0010351562499999686,0.00053379481599999997,0.00050136143399996864
0.02,uniform_same_count,0.153,0.0010644531249999686,0.00054798128099999997,0.00051647184399996866
0.02,uniform_same_count,0.154,0.0010937499999999684,0.00056244865599999999,0.00053130134399996846
0.02,uniform_same_count,0.155,0.0011230468749999683,0.00057720062499999993,0.00054584624999996832
0.02,uniform_same_count,0.156,0.0011523437499999681,0.00059224089599999995,0.00056010285399996811
0.02,uniform_same_count,0.157,0.0011816406249999679,0.00060757320099999999,0.00057406742399996788
0.02,uniform_same_count,0.158,0.0012109374999999677,0.00062320129599999999,0.00058773620399996769
0.02,uniform_same_count,0.159,0.0012402343749999675,0.00063912896100000005,0.00060110541399996744
0.02,uniform_same_count,0.16,0.0012695312499999673,0.00065536000000000001,0.00061417124999996729
0.02,uniform_same_count,0.161,0.0012988281249999671,0.0006718982410000001,0.00062692988399996701
0.02,uniform_same_count,0.16200000000000001,0.0013281249999999669,0.00068874753600000011,0.00063937746399996681
0.02,uniform_same_count,0.16300000000000001,0.0013574218749999667,0.00070591176100000014,0.00065151011399996659
0.02,uniform_same_count,0.16400000000000001,0.0013867187499999665,0.00072339481600000013,0.0006633239339999664
0.02,uniform_same_count,0.16500000000000001,0.0014160156249999663,0.00074120062500000012,0.00067481499999996622
0.02,uniform_same_count,0.16600000000000001,0.0014453124999999662,0.00075933313600000016,0.00068597936399996599
0.02,uniform_same_count,0.16700000000000001,0.001474609374999966,0.00077779632100000021,0.00069681305399996575
0.02,uniform_same_count,0.16800000000000001,0.0015039062499999658,0.00079659417600000024,0.00070731207399996553
0.02,uniform_same_count,0.16900000000000001,0.0015332031249999656,0.00081573072100000023,0.00071747240399996535
0.02,uniform_same_count,0.17000000000000001,0.0015624999999999654,0.00083521000000000029,0.0007272899999999651
0.02,uniform_same_count,0.17100000000000001,0.0015917968749999654,0.00085503608100000021,0.00073676079399996521
0.02,uniform_same_count,0.17199999999999999,0.0016210937499999644,0.00087521305599999968,0.00074588069399996468
0.02,uniform_same_count,0.17299999999999999,0.0016503906249999642,0.00089574504099999971,0.00075464558399996446
0.02,uniform_same_count,0.17399999999999999,0.001679687499999964,0.0009166361759999997,0.00076305132399996428
0.02,uniform_same_count,0.17499999999999999,0.0017089843749999638,0.00093789062499999981,0.00077109374999996397
0.02,uniform_same_count,0.17599999999999999,0.0017382812499999636,0.0009595125759999998,0.0007787686739999638
0.02,uniform_same_count,0.17699999999999999,0.0017675781249999634,0.00098150624099999973,0.00078607188399996367
0.02,uniform_same_count,0.17799999999999999,0.0017968749999999632,0.0010038758559999998,0.00079299914399996339
0.02,uniform_same_count,0.17899999999999999,0.001826171874999963,0.0010266256809999999,0.00079954619399996317
0.02,uniform_same_count,0.17999999999999999,0.0018554687499999628,0.0010497599999999998,0.00080570874999996299
0.02,uniform_same_count,0.18099999999999999,0.0018847656249999629,0.0010732831209999999,0.00081148250399996295
0.02,uniform_same_count,0.182,0.0019140624999999627,0.0010971993759999999,0.00081686312399996278
0.02,uniform_same_count,0.183,0.0019433593749999625,0.0011215131209999999,0.00082184625399996255
0.02,uniform_same_count,0.184,0.0019726562499999623,0.0011462287359999999,0.00082642751399996241
0.02,uniform_same_count,0.185,0.0020019531249999621,0.0011713506249999999,0.00083060249999996217
0.02,uniform_same_count,0.186,0.0020312499999999619,0.0011968832159999999,0.00083436678399996197
0.02,uniform_same_count,0.187,0.0020605468749999617,0.0012228309609999999,0.00083771591399996181
0.02,uniform_same_count,0.188,0.0020898437499999615,0.0012491983359999999,0.00084064541399996159
0.02,uniform_same_count,0.189,0.0021191406249999613,0.0012759898410000001,0.00084315078399996128
0.02,uniform_same_count,0.19,0.0021484374999999611,0.00130321,0.00084522749999996118
0.02,uniform_same_count,0.191,0.002177734374999961,0.0013308633610000001,0.00084687101399996082
0.02,uniform_same_count,0.192,0.0022070312499999608,0.0013589544960000001,0.00084807675399996068
0.02,uniform_same_count,0.193,0.002236328124999961,0.0013874880010000001,0.00084884012399996092
0.02,uniform_same_count,0.19400000000000001,0.0022656249999999604,0.0014164684960000001,0.00084915650399996026
0.02,uniform_same_count,0.19500000000000001,0.0022949218749999606,0.0014459006250000003,0.00084902124999996034
0.02,uniform_same_count,0.19600000000000001,0.00232421874999996,0.0014757890560000001,0.00084842969399995987
0.02,uniform_same_count,0.19700000000000001,0.0023535156249999602,0.0015061384810000002,0.00084737714399996003
0.02,uniform_same_count,0.19800000000000001,0.0023828124999999596,0.0015369536160000003,0.00084585888399995928
0.02,uniform_same_count,0.19900000000000001,0.0024121093749999599,0.0015682392010000004,0.00084387017399995944
0.02,uniform_same_count,0.20000000000000001,0.0024414062499999592,0.0016000000000000003,0.00084140624999995894
0.02,uniform_same_count,0.20100000000000001,0.0024707031249999595,0.0016322408010000003,0.00083846232399995913
0.02,uniform_same_count,0.20200000000000001,0.0024999999999999589,0.0016649664160000004,0.00083503358399995842
0.02,uniform_same_count,0.20300000000000001,0.0025292968749999591,0.0016981816810000005,0.00083111519399995857
0.02,uniform_same_count,0.20399999999999999,0.0025585937499999576,0.0017318914559999996,0.00082670229399995796
0.02,uniform_same_count,0.20499999999999999,0.0025878906249999578,0.0017661006249999995,0.00082178999999995834
0.02,uniform_same_count,0.20599999999999999,0.0026171874999999572,0.0018008140959999996,0.00081637340399995763
0.02,uniform_same_count,0.20699999999999999,0.0026464843749999575,0.0018360368009999997,0.00081044757399995775
0.02,uniform_same_count,0.20799999999999999,0.0026757812499999568,0.0018717736959999996,0.00080400755399995727
0.02,uniform_same_count,0.20899999999999999,0.0027050781249999571,0.0019080297609999997,0.00079704836399995742
0.02,uniform_same_count,0.20999999999999999,0.0027343749999999565,0.0019448099999999997,0.00078956499999995673
0.02,uniform_same_count,0.21099999999999999,0.0027636718749999567,0.0019821194409999996,0.00078155243399995709
0.02,uniform_same_count,0.21199999999999999,0.0027929687499999569,0.0020199631359999999,0.000773005613999957
0.02,uniform_same_count,0.21299999999999999,0.0028222656249999563,0.0020583461609999998,0.00076391946399995657
0.02,uniform_same_count,0.214,0.0028515624999999566,0.0020972736159999999,0.00075428888399995666
0.02,uniform_same_count,0.215,0.0028808593749999559,0.0021367506249999999,0.00074410874999995607
0.02,uniform_same_count,0.216,0.0029101562499999562,0.0021767823359999999,0.00073337391399995629
0.02,uniform_same_count,0.217,0.0029394531249999556,0.0022173739210000001,0.00072207920399995542
0.02,uniform_same_count,0.218,0.0029687499999999558,0.0022585305759999998,0.00071021942399995602
0.02,uniform_same_count,0.219,0.0029980468749999552,0.0023002575210000001,0.00069778935399995509
0.02,uniform_same_count,0.22,0.0030273437499999554,0.00234256,0.00068478374999995538
0.02,uniform_same_count,0.221,0.0030566406249999548,0.0023854432810000003,0.0006711973439999545
0.02,uniform_same_count,0.222,0.003085937499999955,0.0024289126560000001,0.00065702484399995497
0.02,uniform_same_count,0.223,0.0031152343749999544,0.0024729734410000002,0.00064226093399995417
0.02,uniform_same_count,0.224,0.0031445312499999547,0.0025176309760000003,0.00062690027399995435
0.02,uniform_same_count,0.22500000000000001,0.003173828124999954,0.0025628906250000001,0.00061093749999995397
0.02,uniform_same_count,0.22600000000000001,0.0032031249999999543,0.0026087577760000001,0.00059436722399995416
0.02,uniform_same_count,0.22700000000000001,0.0032324218749999536,0.0026552378410000005,0.00057718403399995314
0.02,uniform_same_count,0.22800000000000001,0.0032617187499999539,0.0027023362560000003,0.00055938249399995355
0.02,uniform_same_count,0.22900000000000001,0.0032910156249999533,0.0027500584810000003,0.00054095714399995292
0.02,uniform_same_count,0.23000000000000001,0.0033203124999999535,0.0027984100000000003,0.0005219024999999532
0.02,uniform_same_count,0.23100000000000001,0.0033496093749999529,0.0028473963210000003,0.00050221305399995256
0.02,uniform_same_count,0.23200000000000001,0.0033789062499999531,0.0028970229760000004,0.00048188327399995273
0.02,uniform_same_count,0.23300000000000001,0.0034082031249999525,0.0029472955210000005,0.00046090760399995203
0.02,uniform_same_count,0.23400000000000001,0.0034374999999999527,0.0029982195360000008,0.00043928046399995197
0.02,uniform_same_count,0.23499999999999999,0.0034667968749999513,0.0030498006249999993,0.00041699624999995194
0.02,uniform_same_count,0.23599999999999999,0.0034960937499999515,0.0031020444159999992,0.00039404933399995231
0.02,uniform_same_count,0.23699999999999999,0.0035253906249999517,0.0031549565609999995,0.00037043406399995225
0.02,uniform_same_count,0.23799999999999999,0.0035546874999999511,0.0032085427359999992,0.0003461447639999519
0.02,uniform_same_count,0.23899999999999999,0.0035839843749999514,0.0032628086409999995,0.0003211757339999519
0.02,uniform_same_count,0.23999999999999999,0.0036132812499999507,0.0033177599999999995,0.00029552124999995127
0.02,uniform_same_count,0.24099999999999999,0.003642578124999951,0.0033734025609999997,0.00026917556399995131
0.02,uniform_same_count,0.24199999999999999,0.0036718749999999504,0.0034297420959999996,0.00024213290399995079
0.02,uniform_same_count,0.24299999999999999,0.0037011718749999506,0.0034867844009999998,0.00021438747399995075
0.02,uniform_same_count,0.24399999999999999,0.00373046874999995,0.0035445352959999998,0.00018593345399995015
0.02,uniform_same_count,0.245,0.0037597656249999502,0.0036030006249999995,0.00015676499999995068
0.02,uniform_same_count,0.246,0.0037890624999999496,0.0036621862559999998,0.00012687624399994974
0.02,uniform_same_count,0.247,0.0038183593749999498,0.0037220980809999997,9.6261293999950082e-05
0.02,uniform_same_count,0.248,0.0038476562499999492,0.0037827420159999999,6.4914233999949309e-05
0.02,uniform_same_count,0.249,0.0038769531249999495,0.003844124001,3.2829123999949476e-05
0.02,uniform_same_count,0.25,0.0039062499999999493,0.00390625,-5.0740661672321608e-17
0.02,uniform_same_count,0.251,0.0040332031249999496,0.0039691260010000003,6.4077123999949255e-05
0.02,uniform_same_count,0.252,0.0041601562499999495,0.0040327580159999999,0.00012739823399994955
0.02,uniform_same_count,0.253,0.0042871093749999494,0.0040971520809999998,0.00018995729399994953
0.02,uniform_same_count,0.254,0.0044140624999999493,0.0041623142560000001,0.00025174824399994914
0.02,uniform_same_count,0.255,0.0045410156249999492,0.0042282506249999999,0.00031276499999994926
0.02,uniform_same_count,0.25600000000000001,0.0046679687499999491,0.0042949672960000008,0.00037300145399994829
0.02,uniform_same_count,0.25700000000000001,0.004794921874999949,0.0043624704010000008,0.00043245147399994816
0.02,uniform_same_count,0.25800000000000001,0.0049218749999999489,0.0044307660960000005,0.00049110890399994833
0.02,uniform_same_count,0.25900000000000001,0.0050488281249999488,0.0044998605610000004,0.00054896756399994834
0.02,uniform_same_count,0.26000000000000001,0.0051757812499999487,0.0045697600000000008,0.00060602124999994782
0.02,uniform_same_count,0.26100000000000001,0.0053027343749999485,0.0046404706410000003,0.00066226373399994824
0.02,uniform_same_count,0.26200000000000001,0.0054296874999999484,0.0047119987360000008,0.00071768876399994769
0.02,uniform_same_count,0.26300000000000001,0.0055566406249999483,0.0047843505610000005,0.00077229006399994783
0.02,uniform_same_count,0.26400000000000001,0.0056835937499999482,0.0048575324160000013,0.00082606133399994695
0.02,uniform_same_count,0.26500000000000001,0.0058105468749999481,0.0049315506250000012,0.0008789962499999469
0.02,uniform_same_count,0.26600000000000001,0.005937499999999948,0.005006411536000001,0.00093108846399994703
0.02,uniform_same_count,0.26700000000000002,0.0060644531249999479,0.0050821215210000012,0.00098233160399994676
0.02,uniform_same_count,0.26800000000000002,0.0061914062499999478,0.0051586869760000013,0.0010327192739999465
0.02,uniform_same_count,0.26900000000000002,0.0063183593749999477,0.0052361143210000009,0.0010822450539999468
0.02,uniform_same_count,0.27000000000000002,0.0064453124999999476,0.0053144100000000012,0.0011309024999999464
0.02,uniform_same_count,0.27100000000000002,0.0065722656249999475,0.0053935804810000014,0.0011786851439999461
0.02,uniform_same_count,0.27200000000000002,0.0066992187499999474,0.0054736322560000016,0.0012255864939999458
0.02,uniform_same_count,0.27300000000000002,0.0068261718749999473,0.0055545718410000017,0.0012716000339999456
0.02,uniform_same_count,0.27400000000000002,0.0069531249999999472,0.0056364057760000018,0.0013167192239999454
0.02,uniform_same_count,0.27500000000000002,0.0070800781249999471,0.0057191406250000016,0.0013609374999999455
0.02,uniform_same_count,0.27600000000000002,0.007207031249999947,0.0058027829760000016,0.0014042482739999454
0.02,uniform_same_count,0.27700000000000002,0.0073339843749999469,0.0058873394410000023,0.0014466449339999446
0.02,uniform_same_count,0.27800000000000002,0.0074609374999999468,0.0059728166560000023,0.0014881208439999445
0.02,uniform_same_count,0.27900000000000003,0.0075878906249999475,0.006059221281000002,0.0015286693439999456
0.02,uniform_same_count,0.28000000000000003,0.0077148437499999466,0.0061465600000000023,0.0015682837499999443
0.02,uniform_same_count,0.28100000000000003,0.0078417968749999473,0.0062348395210000025,0.0016069573539999448
0.02,uniform_same_count,0.28199999999999997,0.0079687499999999394,0.0063240665759999974,0.001644683423999942
0.02,uniform_same_count,0.28299999999999997,0.0080957031249999402,0.0064142479209999973,0.0016814552039999429
0.02,uniform_same_count,0.28399999999999997,0.0082226562499999392,0.0065053903359999976,0.0017172659139999416
0.02,uniform_same_count,0.28499999999999998,0.00834960937499994,0.006597500624999998,0.001752108749999942
0.02,uniform_same_count,0.28599999999999998,0.008476562499999939,0.0066905856159999982,0.0017859768839999408
0.02,uniform_same_count,0.28699999999999998,0.0086035156249999398,0.0067846521609999976,0.0018188634639999422
0.02,uniform_same_count,0.28799999999999998,0.0087304687499999388,0.0068797071359999983,0.0018507616139999405
0.02,uniform_same_count,0.28899999999999998,0.0088574218749999396,0.0069757574409999978,0.0018816644339999418
0.02,uniform_same_count,0.28999999999999998,0.0089843749999999386,0.007072809999999998,0.0019115649999999406
0.02,uniform_same_count,0.29099999999999998,0.0091113281249999394,0.0071708717609999979,0.0019404563639999414
0.02,uniform_same_count,0.29199999999999998,0.0092382812499999384,0.0072699496959999985,0.0019683315539999399
0.02,uniform_same_count,0.29299999999999998,0.0093652343749999391,0.0073700508009999985,0.0019951835739999407
0.02,uniform_same_count,0.29399999999999998,0.0094921874999999382,0.0074711820959999986,0.0020210054039999396
0.02,uniform_same_count,0.29499999999999998,0.0096191406249999389,0.0075733506249999983,0.0020457899999999406
0.02,uniform_same_count,0.29599999999999999,0.009746093749999938,0.0076765634559999981,0.0020695302939999398
0.02,uniform_same_count,0.29699999999999999,0.0098730468749999387,0.0077808276809999983,0.0020922191939999404
0.02,uniform_same_count,0.29799999999999999,0.0099999999999999378,0.0078861504159999981,0.0021138495839999397
0.02,uniform_same_count,0.29899999999999999,0.010126953124999939,0.0079925388009999994,0.0021344143239999391
0.02,uniform_same_count,0.29999999999999999,0.010253906249999938,0.0080999999999999996,0.002153906249999938
0.02,uniform_same_count,0.30099999999999999,0.010380859374999938,0.0082085412009999994,0.0021723181739999389
0.02,uniform_same_count,0.30199999999999999,0.010507812499999937,0.0083181696159999995,0.0021896428839999378
0.02,uniform_same_count,0.30299999999999999,0.010634765624999938,0.0084288924809999988,0.0022058731439999393
0.02,uniform_same_count,0.30399999999999999,0.010761718749999937,0.0085407170559999995,0.0022210016939999376
0.02,uniform_same_count,0.30499999999999999,0.010888671874999938,0.0086536506249999985,0.0022350212499999394
0.02,uniform_same_count,0.30599999999999999,0.011015624999999937,0.0087677004959999996,0.0022479245039999374
0.02,uniform_same_count,0.307,0.011142578124999938,0.0088828740009999994,0.0022597041239999383
0.02,uniform_same_count,0.308,0.011269531249999937,0.0089991784959999998,0.0022703527539999369
0.02,uniform_same_count,0.309,0.011396484374999937,0.0091166213609999991,0.0022798630139999384
0.02,uniform_same_count,0.31,0.011523437499999937,0.0092352099999999989,0.0022882274999999376
0.02,uniform_same_count,0.311,0.011650390624999937,0.009354951840999999,0.0022954387839999382
0.02,uniform_same_count,0.312,0.011777343749999938,0.0094758543359999992,0.0023014894139999388
0.02,uniform_same_count,0.313,0.011904296874999937,0.0095979249610000008,0.0023063719139999363
0.02,uniform_same_count,0.314,0.012031249999999938,0.0097211712159999998,0.002310078783999938
0.02,uniform_same_count,0.315,0.012158203124999937,0.0098456006250000009,0.002312602499999936
0.02,uniform_same_count,0.316,0.012285156249999938,0.0099712207359999999,0.0023139355139999377
0.02,uniform_same_count,0.317,0.012412109374999937,0.010098039121000001,0.0023140702539999353
0.02,uniform_same_count,0.318,0.012539062499999937,0.010226063376000001,0.0023129991239999367
0.02,uniform_same_count,0.31900000000000001,0.012666015624999936,0.010355301121000001,0.0023107145039999357
0.02,uniform_same_count,0.32000000000000001,0.012792968749999937,0.01048576,0.002307208749999937
0.02,uniform_same_count,0.32100000000000001,0.012919921874999936,0.010617447681000002,0.0023024741939999347
0.02,uniform_same_count,0.32200000000000001,0.013046874999999937,0.010750371856000002,0.0022965031439999353
0.02,uniform_same_count,0.32300000000000001,0.013173828124999936,0.010884540241000001,0.002289287883999935
0.02,uniform_same_count,0.32400000000000001,0.013300781249999937,0.011019960576000002,0.0022808206739999351
0.02,uniform_same_count,0.32500000000000001,0.013427734374999936,0.011156640625000002,0.0022710937499999338
0.02,uniform_same_count,0.32600000000000001,0.013554687499999937,0.011294588176000002,0.0022600993239999343
0.02,uniform_same_count,0.32700000000000001,0.013681640624999936,0.011433811041000002,0.0022478295839999333
0.02,uniform_same_count,0.32800000000000001,0.013808593749999936,0.011574317056000002,0.0022342766939999342
0.02,uniform_same_count,0.32900000000000001,0.013935546874999935,0.011716114081000002,0.0022194327939999339
0.02,uniform_same_count,0.33000000000000002,0.014062499999999936,0.011859210000000002,0.0022032899999999342
0.02,uniform_same_count,0.33100000000000002,0.014189453124999935,0.012003612721000003,0.0021858404039999321
0.02,uniform_same_count,0.33200000000000002,0.014316406249999936,0.012149330176000003,0.0021670760739999333
0.02,uniform_same_count,0.33300000000000002,0.014443359374999937,0.012296370321000004,0.0021469890539999332
0.02,uniform_same_count,0.33400000000000002,0.014570312499999936,0.012444741136000003,0.0021255713639999323
0.02,uniform_same_count,0.33500000000000002,0.014697265624999937,0.012594450625000003,0.0021028149999999333
0.02,uniform_same_count,0.33600000000000002,0.014824218749999936,0.012745506816000004,0.0020787119339999317
0.02,uniform_same_count,0.33700000000000002,0.014951171874999936,0.012897917761000003,0.0020532541139999336
0.02,uniform_same_count,0.33800000000000002,0.015078124999999935,0.013051691536000004,0.0020264334639999316
0.02,uniform_same_count,0.33900000000000002,0.015205078124999936,0.013206836241000004,0.0019982418839999318
0.02,uniform_same_count,0.34000000000000002,0.015332031249999935,0.013363360000000005,0.0019686712499999304
0.02,uniform_same_count,0.34100000000000003,0.015458984374999936,0.013521270961000004,0.0019377134139999322
0.02,uniform_same_count,0.34200000000000003,0.015585937499999935,0.013680577296000003,0.0019053602039999316
0.02,uniform_same_count,0.34300000000000003,0.015712890624999934,0.013841287201000004,0.0018716034239999301
0.02,uniform_same_count,0.34399999999999997,0.015839843749999926,0.014003408895999995,0.0018364348539999312
0.02,uniform_same_count,0.34499999999999997,0.015966796874999929,0.014166950624999996,0.001799846249999933
0.02,uniform_same_count,0.34599999999999997,0.016093749999999928,0.014331920655999995,0.0017618293439999322
0.02,uniform_same_count,0.34699999999999998,0.016220703124999927,0.014498327280999996,0.0017223758439999307
0.02,uniform_same_count,0.34799999999999998,0.016347656249999926,0.014666178815999995,0.0016814774339999304
0.02,uniform_same_count,0.34899999999999998,0.016474609374999928,0.014835483600999996,0.0016391257739999318
0.02,uniform_same_count,0.34999999999999998,0.016601562499999927,0.015006249999999997,0.0015953124999999301
0.02,uniform_same_count,0.35099999999999998,0.016728515624999926,0.015178486400999997,0.0015500292239999294
0.02,uniform_same_count,0.35199999999999998,0.016855468749999925,0.015352201215999997,0.0015032675339999284
0.02,uniform_same_count,0.35299999999999998,0.016982421874999928,0.015527402880999996,0.0014550189939999316
0.02,uniform_same_count,0.35399999999999998,0.017109374999999927,0.015704099855999996,0.001405275143999931
0.02,uniform_same_count,0.35499999999999998,0.017236328124999926,0.015882300624999998,0.0013540274999999276
0.02,uniform_same_count,0.35599999999999998,0.017363281249999925,0.016062013695999997,0.0013012675539999276
0.02,uniform_same_count,0.35699999999999998,0.017490234374999927,0.016243247600999999,0.0012469867739999287
0.02,uniform_same_count,0.35799999999999998,0.017617187499999926,0.016426010895999998,0.0011911766039999286
0.02,uniform_same_count,0.35899999999999999,0.017744140624999925,0.016610312160999997,0.0011338284639999287
0.02,uniform_same_count,0.35999999999999999,0.017871093749999924,0.016796159999999997,0.0010749337499999269
0.02,uniform_same_count,0.36099999999999999,0.017998046874999927,0.016983563040999999,0.0010144838339999282
0.02,uniform_same_count,0.36199999999999999,0.018124999999999926,0.017172529935999999,0.00095247006399992729
0.02,uniform_same_count,0.36299999999999999,0.018251953124999925,0.017363069360999999,0.00088888376399992586
0.02,uniform_same_count,0.36399999999999999,0.018378906249999924,0.017555190015999998,0.00082371623399992572
0.02,uniform_same_count,0.36499999999999999,0.018505859374999926,0.017748900624999998,0.00075695874999992876
0.02,uniform_same_count,0.36599999999999999,0.018632812499999925,0.017944209935999999,0.00068860256399992659
0.02,uniform_same_count,0.36699999999999999,0.018759765624999925,0.018141126721,0.00061863890399992474
0.02,uniform_same_count,0.36799999999999999,0.018886718749999924,0.018339659775999998,0.00054705897399992542
0.02,uniform_same_count,0.36899999999999999,0.019013671874999926,0.018539817920999999,0.00047385395399992744
0.02,uniform_same_count,0.37,0.019140624999999925,0.018741609999999999,0.00039901499999992623
0.02,uniform_same_count,0.371,0.019267578124999924,0.018945044881,0.00032253324399992428
0.02,uniform_same_count,0.372,0.019394531249999923,0.019150131455999999,0.00024439979399992415
0.02,uniform_same_count,0.373,0.019521484374999926,0.019356878641000001,0.00016460573399992504
0.02,uniform_same_count,0.374,0.019648437499999925,0.019565295375999998,8.3142123999926237e-05
0.02,uniform_same_count,0.375,0.019775390624999924,0.019775390625,-7.6327832942979512e-17
0.02,uniform_same_count,0.376,0.020117187499999925,0.019987173375999999,0.00013001412399992612
0.02,uniform_same_count,0.377,0.020458984374999923,0.020200652640999999,0.00025833173399992387
0.02,uniform_same_count,0.378,0.020800781249999924,0.020415837456000001,0.00038494379399992354
0.02,uniform_same_count,0.379,0.021142578124999926,0.020632736881000001,0.00050984124399992489
0.02,uniform_same_count,0.38,0.021484374999999924,0.020851359999999999,0.00063301499999992433
0.02,uniform_same_count,0.38100000000000001,0.021826171874999925,0.021071715921,0.00075445595399992529
0.02,uniform_same_count,0.38200000000000001,0.022167968749999926,0.021293813776000002,0.00087415497399992437
0.02,uniform_same_count,0.38300000000000001,0.022509765624999924,0.021517662721000003,0.00099210290399992171
0.02,uniform_same_count,0.38400000000000001,0.022851562499999926,0.021743271936000001,0.0011082905639999245
0.02,uniform_same_count,0.38500000000000001,0.023193359374999924,0.021970650625000001,0.0012227087499999227
0.02,uniform_same_count,0.38600000000000001,0.023535156249999925,0.022199808016000001,0.0013353482339999237
0.02,uniform_same_count,0.38700000000000001,0.023876953124999926,0.022430753361000002,0.0014461997639999245
0.02,uniform_same_count,0.38800000000000001,0.024218749999999928,0.022663495936000002,0.0015552540639999259
0.02,uniform_same_count,0.38900000000000001,0.024560546874999926,0.022898045041000004,0.0016625018339999215
0.02,uniform_same_count,0.39000000000000001,0.024902343749999927,0.023134410000000005,0.0017679337499999226
0.02,uniform_same_count,0.39100000000000001,0.025244140624999925,0.023372600161000002,0.0018715404639999232
0.02,uniform_same_count,0.39200000000000002,0.025585937499999926,0.023612624896000002,0.0019733126039999244
0.02,uniform_same_count,0.39300000000000002,0.025927734374999928,0.023854493601000004,0.0020732407739999237
0.02,uniform_same_count,0.39400000000000002,0.026269531249999929,0.024098215696000003,0.0021713155539999258
0.02,uniform_same_count,0.39500000000000002,0.026611328124999927,0.024343800625000005,0.0022675274999999218
0.02,uniform_same_count,0.39600000000000002,0.026953124999999929,0.024591257856000005,0.0023618671439999232
0.02,uniform_same_count,0.39700000000000002,0.027294921874999926,0.024840596881000005,0.0024543249939999214
0.02,uniform_same_count,0.39800000000000002,0.027636718749999928,0.025091827216000007,0.0025448915339999212
0.02,uniform_same_count,0.39900000000000002,0.027978515624999929,0.025344958401000005,0.0026335572239999244
0.02,uniform_same_count,0.40000000000000002,0.028320312499999931,0.025600000000000005,0.0027203124999999259
0.02,uniform_same_count,0.40100000000000002,0.028662109374999929,0.025856961601000004,0.0028051477739999241
0.02,uniform_same_count,0.40200000000000002,0.029003906249999926,0.026115852816000006,0.0028880534339999209
0.02,uniform_same_count,0.40300000000000002,0.029345703124999928,0.026376683281000006,0.0029690198439999219
0.02,uniform_same_count,0.40400000000000003,0.029687499999999929,0.026639462656000007,0.0030480373439999223
0.02,uniform_same_count,0.40500000000000003,0.030029296874999931,0.026904200625000006,0.0031250962499999244
0.02,uniform_same_count,0.40600000000000003,0.030371093749999932,0.027170906896000008,0.0032001868539999236
0.02,uniform_same_count,0.40699999999999997,0.030712890624999913,0.027439591200999994,0.0032732994239999189
0.02,uniform_same_count,0.40799999999999997,0.03105468749999991,0.027710263295999994,0.0033444242039999163
0.02,uniform_same_count,0.40899999999999997,0.031396484374999908,0.027982932960999993,0.003413551413999915
0.02,uniform_same_count,0.40999999999999998,0.03173828124999991,0.028257609999999992,0.0034806712499999178
0.02,uniform_same_count,0.41099999999999998,0.032080078124999911,0.028534304240999994,0.003545773883999917
0.02,uniform_same_count,0.41199999999999998,0.032421874999999913,0.028813025535999993,0.0036088494639999191
0.02,uniform_same_count,0.41299999999999998,0.032763671874999914,0.029093783760999994,0.0036698881139999202
0.02,uniform_same_count,0.41399999999999998,0.033105468749999908,0.029376588815999995,0.003728879933999913
0.02,uniform_same_count,0.41499999999999998,0.033447265624999917,0.029661450624999995,0.0037858149999999216
0.02,uniform_same_count,0.41599999999999998,0.033789062499999911,0.029948379135999993,0.003840683363999918
0.02,uniform_same_count,0.41699999999999998,0.034130859374999913,0.030237384320999993,0.0038934750539999195
0.02,uniform_same_count,0.41799999999999998,0.034472656249999914,0.030528476175999995,0.0039441800739999193
0.02,uniform_same_count,0.41899999999999998,0.034814453124999915,0.030821664720999994,0.0039927884039999209
0.02,uniform_same_count,0.41999999999999998,0.035156249999999917,0.031116959999999996,0.0040392899999999211
0.02,uniform_same_count,0.42099999999999999,0.035498046874999911,0.031414372080999994,0.0040836747939999168
0.02,uniform_same_count,0.42199999999999999,0.035839843749999913,0.031713911055999994,0.0041259326939999189
0.02,uniform_same_count,0.42299999999999999,0.036181640624999914,0.032015587040999993,0.0041660535839999208
0.02,uniform_same_count,0.42399999999999999,0.036523437499999915,0.032319410175999999,0.0042040273239999162
0.02,uniform_same_count,0.42499999999999999,0.036865234374999917,0.032625390624999993,0.0042398437499999234
0.02,uniform_same_count,0.42599999999999999,0.037207031249999911,0.032933538575999996,0.0042734926739999152
0.02,uniform_same_count,0.42699999999999999,0.03754882812499992,0.033243864240999996,0.0043049638839999238
0.02,uniform_same_count,0.42799999999999999,0.037890624999999914,0.033556377855999998,0.0043342471439999156
0.02,uniform_same_count,0.42899999999999999,0.038232421874999915,0.033871089681,0.0043613321939999158
0.02,uniform_same_count,0.42999999999999999,0.038574218749999917,0.034188009999999998,0.0043862087499999189
0.02,uniform_same_count,0.43099999999999999,0.038916015624999911,0.034507149120999996,0.0044088665039999156
0.02,uniform_same_count,0.432,0.03925781249999992,0.034828517375999998,0.0044292951239999212
0.02,uniform_same_count,0.433,0.039599609374999914,0.035152125121000001,0.0044474842539999129
0.02,uniform_same_count,0.434,0.039941406249999915,0.035477982736000002,0.0044634235139999132
0.02,uniform_same_count,0.435,0.040283203124999917,0.035806100624999997,0.0044771024999999201
0.02,uniform_same_count,0.436,0.040624999999999918,0.036136489215999996,0.0044885107839999216
0.02,uniform_same_count,0.437,0.04096679687499992,0.036469158961000003,0.0044976379139999162
0.02,uniform_same_count,0.438,0.041308593749999914,0.036804120336000001,0.0045044734139999126
0.02,uniform_same_count,0.439,0.041650390624999915,0.037141383840999999,0.0045090067839999165
0.02,uniform_same_count,0.44,0.041992187499999917,0.037480960000000001,0.0045112274999999161
0.02,uniform_same_count,0.441,0.042333984374999918,0.037822859361000001,0.0045111250139999171
0.02,uniform_same_count,0.442,0.04267578124999992,0.038167092496000005,0.0045086887539999149
0.02,uniform_same_count,0.443,0.043017578124999914,0.038513670000999999,0.0045039081239999154
0.02,uniform_same_count,0.44400000000000001,0.043359374999999922,0.038862602496000001,0.0044967725039999212
0.02,uniform_same_count,0.44500000000000001,0.043701171874999917,0.039213900624999999,0.0044872712499999176
0.02,uniform_same_count,0.44600000000000001,0.044042968749999918,0.039567575056000004,0.0044753936939999142
0.02,uniform_same_count,0.44700000000000001,0.04438476562499992,0.039923636481000002,0.0044611291439999173
0.02,uniform_same_count,0.44800000000000001,0.044726562499999914,0.040282095616000005,0.0044444668839999091
0.02,uniform_same_count,0.44900000000000001,0.045068359374999922,0.040642963201000006,0.0044253961739999167
0.02,uniform_same_count,0.45000000000000001,0.045410156249999917,0.041006250000000001,0.0044039062499999157
0.02,uniform_same_count,0.45100000000000001,0.045751953124999918,0.041371966801000006,0.0043799863239999126
0.02,uniform_same_count,0.45200000000000001,0.04609374999999992,0.041740124416000002,0.0043536255839999177
0.02,uniform_same_count,0.45300000000000001,0.046435546874999921,0.042110733681000004,0.0043248131939999171
0.02,uniform_same_count,0.45400000000000001,0.046777343749999922,0.042483805456000008,0.0042935382939999142
0.02,uniform_same_count,0.45500000000000002,0.047119140624999917,0.042859350625000008,0.0042597899999999092
0.02,uniform_same_count,0.45600000000000002,0.047460937499999925,0.043237380096000005,0.0042235574039999196
0.02,uniform_same_count,0.45700000000000002,0.04780273437499992,0.043617904801000008,0.0041848295739999111
0.02,uniform_same_count,0.45800000000000002,0.048144531249999921,0.044000935696000006,0.0041435955539999153
0.02,uniform_same_count,0.45900000000000002,0.048486328124999922,0.04438648376100001,0.0040998443639999119
0.02,uniform_same_count,0.46000000000000002,0.048828124999999917,0.044774560000000005,0.0040535649999999118
0.02,uniform_same_count,0.46100000000000002,0.049169921874999925,0.045165175441000009,0.0040047464339999159
0.02,uniform_same_count,0.46200000000000002,0.04951171874999992,0.045558341136000005,0.0039533776139999144
0.02,uniform_same_count,0.46300000000000002,0.049853515624999921,0.045954068161000006,0.0038994474639999152
0.02,uniform_same_count,0.46400000000000002,0.050195312499999922,0.046352367616000006,0.0038429448839999159
0.02,uniform_same_count,0.46500000000000002,0.050537109374999924,0.046753250625000013,0.0037838587499999105
0.02,uniform_same_count,0.46600000000000003,0.050878906249999925,0.047156728336000008,0.0037221779139999175
0.02,uniform_same_count,0.46700000000000003,0.05122070312499992,0.047562811921000009,0.0036578912039999106
0.02,uniform_same_count,0.46800000000000003,0.051562499999999921,0.047971512576000012,0.0035909874239999084
0.02,uniform_same_count,0.46899999999999997,0.051904296874999901,0.048382841520999989,0.0035214553539999124
0.02,uniform_same_count,0.46999999999999997,0.052246093749999903,0.048796809999999989,0.0034492837499999138
0.02,uniform_same_count,0.47099999999999997,0.052587890624999904,0.04921342928099999,0.0033744613439999141
0.02,uniform_same_count,0.47199999999999998,0.052929687499999906,0.049632710655999987,0.0032969768439999186
0.02,uniform_same_count,0.47299999999999998,0.053271484374999907,0.050054665440999992,0.0032168189339999154
0.02,uniform_same_count,0.47399999999999998,0.053613281249999901,0.050479304975999992,0.0031339762739999097
0.02,uniform_same_count,0.47499999999999998,0.053955078124999903,0.050906640624999992,0.0030484374999999106
0.02,uniform_same_count,0.47599999999999998,0.054296874999999904,0.051336683775999988,0.0029601912239999167
0.02,uniform_same_count,0.47699999999999998,0.054638671874999906,0.051769445840999989,0.0028692260339999165
0.02,uniform_same_count,0.47799999999999998,0.054980468749999907,0.052204938255999991,0.0027755304939999156
0.02,uniform_same_count,0.47899999999999998,0.055322265624999908,0.052643172480999992,0.0026790931439999166
0.02,uniform_same_count,0.47999999999999998,0.055664062499999903,0.053084159999999991,0.0025799024999999115
0.02,uniform_same_count,0.48099999999999998,0.056005859374999904,0.053527912320999994,0.0024779470539999099
0.02,uniform_same_count,0.48199999999999998,0.056347656249999906,0.053974440975999995,0.002373215273999911
0.02,uniform_same_count,0.48299999999999998,0.056689453124999907,0.054423757520999996,0.0022656956039999107
0.02,uniform_same_count,0.48399999999999999,0.057031249999999908,0.054875873535999993,0.0021553764639999154
0.02,uniform_same_count,0.48499999999999999,0.05737304687499991,0.055330800624999996,0.0020422462499999142
0.02,uniform_same_count,0.48599999999999999,0.057714843749999904,0.055788550415999998,0.0019262933339999067
0.02,uniform_same_count,0.48699999999999999,0.058056640624999906,0.056249134560999996,0.0018075060639999099
0.02,uniform_same_count,0.48799999999999999,0.058398437499999907,0.056712564735999997,0.0016858727639999099
0.02,uniform_same_count,0.48899999999999999,0.058740234374999908,0.057178852640999998,0.00156138173399991
0.02,uniform_same_count,0.48999999999999999,0.05908203124999991,0.057648009999999993,0.0014340212499999172
0.02,uniform_same_count,0.49099999999999999,0.059423828124999911,0.058120048560999997,0.0013037795639999142
0.02,uniform_same_count,0.49199999999999999,0.059765624999999906,0.058594980095999998,0.0011706449039999081
0.02,uniform_same_count,0.49299999999999999,0.060107421874999907,0.059072816400999997,0.0010346054739999097
0.02,uniform_same_count,0.49399999999999999,0.060449218749999908,0.059553569295999996,0.00089564945399991241
0.02,uniform_same_count,0.495,0.06079101562499991,0.060037250624999997,0.00075376499999991325
0.02,uniform_same_count,0.496,0.061132812499999911,0.060523872255999998,0.00060894024399991281
0.02,uniform_same_count,0.497,0.061474609374999913,0.061013446080999997,0.00046116329399991524
0.02,uniform_same_count,0.498,0.061816406249999907,0.061505984016,0.00031042223399990743
0.02,uniform_same_count,0.499,0.062158203124999908,0.062001498001000001,0.0001567051239999076
0.02,uniform_same_count,0.5,0.06249999999999991,0.0625,-9.0205620750793969e-17
0.02,uniform_same_count,0.501,0.063220703124999916,0.063001502001000007,0.00021920112399990976
0.02,uniform_same_count,0.502,0.063941406249999916,0.063506016016000005,0.0004353902339999105
0.02,uniform_same_count,0.503,0.064662109374999915,0.064013554080999999,0.00064855529399991674
0.02,uniform_same_count,0.504,0.065382812499999915,0.064524128255999999,0.00085868424399991594
0.02,uniform_same_count,0.505,0.066103515624999915,0.065037750625000001,0.001065764999999913
0.02,uniform_same_count,0.50600000000000001,0.066824218749999914,0.065554433295999998,0.0012697854539999165
0.02,uniform_same_count,0.50700000000000001,0.067544921874999914,0.066074188401000003,0.0014707334739999106
0.02,uniform_same_count,0.50800000000000001,0.068265624999999913,0.066597028096000002,0.001668596903999911
0.02,uniform_same_count,0.50900000000000001,0.068986328124999913,0.067122964561000004,0.0018633635639999091
0.02,uniform_same_count,0.51000000000000001,0.069707031249999912,0.067652009999999999,0.0020550212499999138
0.02,uniform_same_count,0.51100000000000001,0.070427734374999912,0.068184176641000002,0.0022435577339999097
0.02,uniform_same_count,0.51200000000000001,0.071148437499999911,0.068719476736000012,0.0024289607639998989
0.02,uniform_same_count,0.51300000000000001,0.071869140624999911,0.06925792256100001,0.0026112180639999011
0.02,uniform_same_count,0.51400000000000001,0.072589843749999911,0.069799526416000013,0.0027903173339998977
0.02,uniform_same_count,0.51500000000000001,0.07331054687499991,0.070344300625000009,0.0029662462499999015
0.02,uniform_same_count,0.51600000000000001,0.07403124999999991,0.070892257536000008,0.0031389924639999012
0.02,uniform_same_count,0.51700000000000002,0.074751953124999909,0.071443409521000006,0.0033085436039999028
0.02,uniform_same_count,0.51800000000000002,0.075472656249999909,0.071997768976000007,0.003474887273999902
0.02,uniform_same_count,0.51900000000000002,0.076193359374999908,0.07255534832100001,0.0036380110539998983
0.02,uniform_same_count,0.52000000000000002,0.076914062499999908,0.073116160000000013,0.0037979024999998945
0.02,uniform_same_count,0.52100000000000002,0.077634765624999907,0.07368021648100001,0.003954549143999897
0.02,uniform_same_count,0.52200000000000002,0.078355468749999907,0.074247530256000005,0.004107938493999902
0.02,uniform_same_count,0.52300000000000002,0.079076171874999907,0.074818113841000011,0.0042580580339998952
0.02,uniform_same_count,0.52400000000000002,0.079796874999999906,0.075391979776000012,0.004404895223999894
0.02,uniform_same_count,0.52500000000000002,0.08051757812499992,0.075969140625000015,0.004548437499999905
0.02,uniform_same_count,0.52600000000000002,0.081238281249999919,0.076549608976000008,0.0046886722739999109
0.02,uniform_same_count,0.52700000000000002,0.081958984374999919,0.077133397441000021,0.004825586933999898
0.02,uniform_same_count,0.52800000000000002,0.082679687499999918,0.077720518656000021,0.0049591688439998977
0.02,uniform_same_count,0.52900000000000003,0.083400390624999918,0.078310985281000015,0.0050894053439999032
0.02,uniform_same_count,0.53000000000000003,0.084121093749999917,0.07890481000000002,0.0052162837499998976
0.02,uniform_same_count,0.53100000000000003,0.084841796874999917,0.079502005521000021,0.0053397913539998954
0.02,uniform_same_count,0.53200000000000003,0.085562499999999916,0.080102584576000016,0.0054599154239999004
0.02,uniform_same_count,0.53300000000000003,0.086283203124999916,0.080706559921000023,0.0055766432039998926
0.02,uniform_same_count,0.53400000000000003,0.087003906249999916,0.081313944336000019,0.0056899619139998969
0.02,uniform_same_count,0.53500000000000003,0.087724609374999915,0.081924750625000015,0.0057998587499999005
0.02,uniform_same_count,0.53600000000000003,0.088445312499999915,0.082538991616000021,0.0059063208839998937
0.02,uniform_same_count,0.53700000000000003,0.089166015624999914,0.083156680161000016,0.0060093354639998986
0.02,uniform_same_count,0.53800000000000003,0.089886718749999914,0.083777829136000015,0.0061088896139998988
0.02,uniform_same_count,0.53900000000000003,0.090607421874999913,0.084402451441000018,0.0062049704339998957
0.02,uniform_same_count,0.54000000000000004,0.091328124999999913,0.085030560000000019,0.0062975649999998939
0.02,uniform_same_count,0.54100000000000004,0.092048828124999926,0.085662167761000024,0.006386660363999902
0.02,uniform_same_count,0.54200000000000004,0.092769531249999926,0.086297287696000022,0.006472243553999904
0.02,uniform_same_count,0.54300000000000004,0.093490234374999925,0.086935932801000024,0.0065543015739999017
0.02,uniform_same_count,0.54400000000000004,0.094210937499999925,0.087578116096000025,0.0066328214039999001
0.02,uniform_same_count,0.54500000000000004,0.094931640624999925,0.08822385062500003,0.0067077899999998941
0.02,uniform_same_count,0.54600000000000004,0.095652343749999924,0.088873149456000028,0.0067791942939998961
0.02,uniform_same_count,0.54700000000000004,0.096373046874999924,0.089526025681000029,0.0068470211939998943
0.02,uniform_same_count,0.54800000000000004,0.097093749999999923,0.090182492416000029,0.0069112575839998941
0.02,uniform_same_count,0.54900000000000004,0.097814453124999923,0.090842562801000032,0.0069718903239998908
0.02,uniform_same_count,0.55000000000000004,0.098535156249999922,0.091506250000000025,0.0070289062499998972
0.02,uniform_same_count,0.55100000000000005,0.099255859374999922,0.092173567201000034,0.0070822921739998879
0.02,uniform_same_count,0.55200000000000005,0.099976562499999921,0.092844527616000025,0.0071320348839998965
0.02,uniform_same_count,0.55300000000000005,0.10069726562499992,0.09351914448100003,0.007178121143999891
0.02,uniform_same_count,0.55400000000000005,0.10141796874999992,0.094197431056000036,0.0072205376939998844
0.02,uniform_same_count,0.55500000000000005,0.10213867187499992,0.094879400625000027,0.0072592712499998935
0.02,uniform_same_count,0.55600000000000005,0.10285937499999992,0.095565066496000037,0.0072943085039998828
0.02,uniform_same_count,0.55700000000000005,0.10358007812499992,0.096254442001000029,0.0073256361239998902
0.02,uniform_same_count,0.55800000000000005,0.10430078124999992,0.096947540496000031,0.0073532407539998873
0.02,uniform_same_count,0.55900000000000005,0.10502148437499992,0.097644375361000041,0.0073771090139998774
0.02,uniform_same_count,0.56000000000000005,0.10574218749999992,0.098344960000000037,0.0073972274999998811
0.02,uniform_same_count,0.56100000000000005,0.10646289062499992,0.099049307841000037,0.0074135827839998808
0.02,uniform_same_count,0.56200000000000006,0.10718359374999992,0.09975743233600004,0.0074261614139998766
0.02,uniform_same_count,0.56299999999999994,0.10790429687499983,0.10046934696099996,0.007434949913999872
0.02,uniform_same_count,0.56399999999999995,0.10862499999999983,0.10118506521599996,0.0074399347839998742
0.02,uniform_same_count,0.56499999999999995,0.10934570312499983,0.10190460062499997,0.0074411024999998659
0.02,uniform_same_count,0.56599999999999995,0.11006640624999985,0.10262796673599996,0.0074384395139998893
0.02,uniform_same_count,0.56699999999999995,0.11078710937499985,0.10335517712099997,0.0074319322539998789
0.02,uniform_same_count,0.56799999999999995,0.11150781249999984,0.10408624537599996,0.0074215671239998837
0.02,uniform_same_count,0.56899999999999995,0.11222851562499984,0.10482118512099996,0.0074073305039998871
0.02,uniform_same_count,0.56999999999999995,0.11294921874999984,0.10556000999999997,0.007389208749999876
0.02,uniform_same_count,0.57099999999999995,0.11366992187499984,0.10630273368099996,0.0073671881939998823
0.02,uniform_same_count,0.57199999999999995,0.11439062499999984,0.10704936985599997,0.0073412551439998724
0.02,uniform_same_count,0.57299999999999995,0.11511132812499984,0.10779993224099997,0.0073113958839998716
0.02,uniform_same_count,0.57399999999999995,0.11583203124999984,0.10855443457599996,0.007277596673999881
0.02,uniform_same_count,0.57499999999999996,0.11655273437499984,0.10931289062499996,0.0072398437499998775
0.02,uniform_same_count,0.57599999999999996,0.11727343749999984,0.11007531417599997,0.0071981233239998693
0.02,uniform_same_count,0.57699999999999996,0.11799414062499985,0.11084171904099997,0.0071524215839998823
0.02,uniform_same_count,0.57799999999999996,0.11871484374999985,0.11161211905599996,0.00710272469399989
0.02,uniform_same_count,0.57899999999999996,0.11943554687499985,0.11238652808099997,0.0070490187939998838
0.02,uniform_same_count,0.57999999999999996,0.12015624999999985,0.11316495999999997,0.0069912899999998862
0.02,uniform_same_count,0.58099999999999996,0.12087695312499985,0.11394742872099997,0.0069295244039998816
0.02,uniform_same_count,0.58199999999999996,0.12159765624999985,0.11473394817599997,0.0068637080739998857
0.02,uniform_same_count,0.58299999999999996,0.12231835937499985,0.11552453232099998,0.0067938270539998763
0.02,uniform_same_count,0.58399999999999996,0.12303906249999985,0.11631919513599998,0.0067198673639998763
0.02,uniform_same_count,0.58499999999999996,0.12375976562499985,0.11711795062499997,0.0066418149999998843
0.02,uniform_same_count,0.58599999999999997,0.12448046874999985,0.11792081281599998,0.006559655933999875
0.02,uniform_same_count,0.58699999999999997,0.12520117187499985,0.11872779576099997,0.0064733761139998819
0.02,uniform_same_count,0.58799999999999997,0.12592187499999985,0.11953891353599998,0.0063829614639998727
0.02,uniform_same_count,0.58899999999999997,0.12664257812499985,0.12035418024099998,0.0062883978839998744
0.02,uniform_same_count,0.58999999999999997,0.12736328124999985,0.12117360999999997,0.0061896712499998757
0.02,uniform_same_count,0.59099999999999997,0.12808398437499985,0.12199721696099998,0.006086767413999869
0.02,uniform_same_count,0.59199999999999997,0.12880468749999985,0.12282501529599997,0.0059796722039998779
0.02,uniform_same_count,0.59299999999999997,0.12952539062499985,0.12365701920099997,0.0058683714239998741
0.02,uniform_same_count,0.59399999999999997,0.13024609374999985,0.12449324289599997,0.0057528508539998746
0.02,uniform_same_count,0.59499999999999997,0.13096679687499985,0.12533370062499999,0.0056330962499998583
0.02,uniform_same_count,0.59599999999999997,0.13168749999999985,0.12617840665599997,0.0055090933439998768
0.02,uniform_same_count,0.59699999999999998,0.13240820312499985,0.12702737528099997,0.0053808278439998747
0.02,uniform_same_count,0.59799999999999998,0.13312890624999985,0.12788062081599999,0.0052482854339998553
0.02,uniform_same_count,0.59899999999999998,0.13384960937499985,0.12873815760099999,0.0051114517739998533
0.02,uniform_same_count,0.59999999999999998,0.13457031249999984,0.12959999999999999,0.0049703124999998516
0.02,uniform_same_count,0.60099999999999998,0.13529101562499984,0.13046616240099998,0.0048248532239998643
0.02,uniform_same_count,0.60199999999999998,0.13601171874999984,0.13133665921599999,0.0046750595339998535
0.02,uniform_same_count,0.60299999999999998,0.13673242187499984,0.13221150488099997,0.0045209169939998683
0.02,uniform_same_count,0.60399999999999998,0.13745312499999984,0.13309071385599999,0.0043624111439998503
0.02,uniform_same_count,0.60499999999999998,0.13817382812499984,0.13397430062499999,0.0041995274999998555
0.02,uniform_same_count,0.60599999999999998,0.13889453124999984,0.13486227969599998,0.0040322515539998605
0.02,uniform_same_count,0.60699999999999998,0.13961523437499984,0.135754665601,0.0038605687739998451
0.02,uniform_same_count,0.60799999999999998,0.14033593749999984,0.13665147289599999,0.0036844646039998485
0.02,uniform_same_count,0.60899999999999999,0.14105664062499984,0.13755271616099998,0.0035039244639998579
0.02,uniform_same_count,0.60999999999999999,0.14177734374999984,0.13845840999999998,0.0033189337499998639
0.02,uniform_same_count,0.61099999999999999,0.14249804687499984,0.13936856904099998,0.0031294778339998608
0.02,uniform_same_count,0.61199999999999999,0.14321874999999984,0.14028320793599999,0.0029355420639998464
0.02,uniform_same_count,0.61299999999999999,0.14393945312499984,0.14120234136099999,0.0027371117639998499
0.02,uniform_same_count,0.61399999999999999,0.14466015624999984,0.14212598401599999,0.0025341722339998485
0.02,uniform_same_count,0.61499999999999999,0.14538085937499987,0.14305415062499999,0.0023267087499998784
0.02,uniform_same_count,0.61599999999999999,0.14610156249999987,0.143986855936,0.0021147065639998686
0.02,uniform_same_count,0.61699999999999999,0.14682226562499986,0.144924114721,0.0018981509039998623
0.02,uniform_same_count,0.61799999999999999,0.14754296874999986,0.14586594177599999,0.0016770269739998789
0.02,uniform_same_count,0.61899999999999999,0.14826367187499986,0.14681235192100001,0.0014513199539998578
0.02,uniform_same_count,0.62,0.14898437499999986,0.14776335999999998,0.0012210149999998809
0.02,uniform_same_count,0.621,0.14970507812499986,0.148718980881,0.0009860972439998672
0.02,uniform_same_count,0.622,0.15042578124999986,0.14967922945599998,0.00074655179399987781
0.02,uniform_same_count,0.623,0.15114648437499986,0.150644120641,0.00050236373399986656
0.02,uniform_same_count,0.624,0.15186718749999986,0.15161366937599999,0.00025351812399987406
0.02,uniform_same_count,0.625,0.15258789062499986,0.152587890625,-1.3877787807814457e-16
0.02,uniform_same_count,0.626,0.15389843749999987,0.15356679937600001,0.00033163812399986115
0.02,uniform_same_count,0.627,0.15520898437499986,0.154550410641,0.00065857373399985653
0.02,uniform_same_count,0.628,0.15651953124999987,0.155538739456,0.00098079179399987448
0.02,uniform_same_count,0.629,0.15783007812499986,0.15653180088099999,0.0012982772439998624
0.02,uniform_same_count,0.63,0.15914062499999987,0.15752961000000001,0.0016110149999998546
0.02,uniform_same_count,0.63100000000000001,0.16045117187499985,0.15853218192099999,0.0019189899539998612
0.02,uniform_same_count,0.63200000000000001,0.16176171874999987,0.159539531776,0.0022221869739998679
0.02,uniform_same_count,0.63300000000000001,0.16307226562499988,0.16055167472100002,0.0025205909039998642
0.02,uniform_same_count,0.63400000000000001,0.16438281249999986,0.16156862593600002,0.0028141865639998431
0.02,uniform_same_count,0.63500000000000001,0.16569335937499988,0.16259040062500002,0.0031029587499998568
0.02,uniform_same_count,0.63600000000000001,0.16700390624999986,0.16361701401600001,0.0033868922339998497
0.02,uniform_same_count,0.63700000000000001,0.16831445312499987,0.16464848136100002,0.0036659717639998535
0.02,uniform_same_count,0.63800000000000001,0.16962499999999986,0.16568481793600001,0.0039401820639998475
0.02,uniform_same_count,0.63900000000000001,0.17093554687499987,0.166726039041,0.0042095078339998704
0.02,uniform_same_count,0.64000000000000001,0.17224609374999988,0.16777216,0.004473933749999881
0.02,uniform_same_count,0.64100000000000001,0.17355664062499987,0.16882319616100003,0.0047334444639998419
0.02,uniform_same_count,0.64200000000000002,0.17486718749999988,0.16987916289600002,0.0049880246039998577
0.02,uniform_same_count,0.64300000000000002,0.17617773437499987,0.17094007560100002,0.0052376587739998426
0.02,uniform_same_count,0.64400000000000002,0.17748828124999988,0.17200594969600003,0.0054823315539998529
0.02,uniform_same_count,0.64500000000000002,0.17879882812499986,0.17307680062500003,0.0057220274999998377
0.02,uniform_same_count,0.64600000000000002,0.18010937499999988,0.17415264385600002,0.0059567311439998605
0.02,uniform_same_count,0.64700000000000002,0.18141992187499989,0.17523349488100001,0.0061864269939998773
0.02,uniform_same_count,0.64800000000000002,0.18273046874999987,0.17631936921600003,0.0064110995339998478
0.02,uniform_same_count,0.64900000000000002,0.18404101562499989,0.17741028240100001,0.006630733223999874
0.02,uniform_same_count,0.65000000000000002,0.1853515624999999,0.17850625000000003,0.0068453124999998671
0.02,uniform_same_count,0.65100000000000002,0.18666210937499988,0.17960728760100003,0.0070548217739998531
0.02,uniform_same_count,0.65200000000000002,0.18797265624999987,0.18071341081600004,0.0072592454339998336
0.02,uniform_same_count,0.65300000000000002,0.18928320312499988,0.18182463528100004,0.0074585678439998415
0.02,uniform_same_count,0.65400000000000003,0.1905937499999999,0.18294097665600004,0.007652773343999858
0.02,uniform_same_count,0.65500000000000003,0.19190429687499988,0.18406245062500004,0.0078418462499998398
0.02,uniform_same_count,0.65600000000000003,0.19321484374999989,0.18518907289600003,0.0080257708539998585
0.02,uniform_same_count,0.65700000000000003,0.19452539062499991,0.18632085920100003,0.0082045314239998779
0.02,uniform_same_count,0.65800000000000003,0.19583593749999989,0.18745782529600002,0.0083781122039998657
0.02,uniform_same_count,0.65900000000000003,0.1971464843749999,0.18859998696100003,0.0085464974139998762
0.02,uniform_same_count,0.66000000000000003,0.19845703124999989,0.18974736000000003,0.0087096712499998563
0.02,uniform_same_count,0.66100000000000003,0.1997675781249999,0.19089996024100003,0.0088676178839998676
0.02,uniform_same_count,0.66200000000000003,0.20107812499999989,0.19205780353600005,0.0090203214639998364
0.02,uniform_same_count,0.66300000000000003,0.2023886718749999,0.19322090576100004,0.009167766113999859
0.02,uniform_same_count,0.66400000000000003,0.20369921874999991,0.19438928281600004,0.0093099359339998689
0.02,uniform_same_count,0.66500000000000004,0.2050097656249999,0.19556295062500004,0.0094468149999998585
0.02,uniform_same_count,0.66600000000000004,0.20632031249999991,0.19674192513600006,0.0095783873639998518
0.02,uniform_same_count,0.66700000000000004,0.20763085937499989,0.19792622232100004,0.0097046370539998483
0.02,uniform_same_count,0.66800000000000004,0.20894140624999991,0.19911585817600005,0.0098255480739998513
0.02,uniform_same_count,0.66900000000000004,0.21025195312499989,0.20031084872100005,0.0099411044039998397
0.02,uniform_same_count,0.67000000000000004,0.2115624999999999,0.20151121000000005,0.010051289999999852
0.02,uniform_same_count,0.67100000000000004,0.21287304687499992,0.20271695808100004,0.010156088793999873
0.02,uniform_same_count,0.67200000000000004,0.2141835937499999,0.20392810905600006,0.010255484693999839
0.02,uniform_same_count,0.67300000000000004,0.21549414062499989,0.20514467904100006,0.010349461583999825
0.02,uniform_same_count,0.67400000000000004,0.21680468749999993,0.20636668417600004,0.010438003323999884
0.02,uniform_same_count,0.67500000000000004,0.21811523437499991,0.20759414062500006,0.010521093749999849
0.02,uniform_same_count,0.67600000000000005,0.2194257812499999,0.20882706457600006,0.010598716673999836
0.02,uniform_same_count,0.67700000000000005,0.22073632812499991,0.21006547224100006,0.010670855883999852
0.02,uniform_same_count,0.67800000000000005,0.22204687499999992,0.21130937985600007,0.010737495143999853
0.02,uniform_same_count,0.67900000000000005,0.22335742187499991,0.21255880368100005,0.010798618193999854
0.02,uniform_same_count,0.68000000000000005,0.22466796874999992,0.21381376000000007,0.010854208749999844
0.02,uniform_same_count,0.68100000000000005,0.22597851562499993,0.21507426512100006,0.010904250503999874
0.02,uniform_same_count,0.68200000000000005,0.22728906249999992,0.21634033537600006,0.010948727123999857
0.02,uniform_same_count,0.68300000000000005,0.2285996093749999,0.21761198712100008,0.010987622253999824
0.02,uniform_same_count,0.68400000000000005,0.22991015624999991,0.21888923673600005,0.011020919513999861
0.02,uniform_same_count,0.68500000000000005,0.23122070312499993,0.22017210062500006,0.011048602499999866
0.02,uniform_same_count,0.68600000000000005,0.23253124999999991,0.22146059521600006,0.01107065478399985
0.02,uniform_same_count,0.68700000000000006,0.23384179687499992,0.22275473696100007,0.011087059913999858
0.02,uniform_same_count,0.68799999999999994,0.23515234374999977,0.22405454233599992,0.011097801413999853
0.02,uniform_same_count,0.68899999999999995,0.23646289062499976,0.22536002784099993,0.011102862783999828
0.02,uniform_same_count,0.68999999999999995,0.2377734374999998,0.22667120999999993,0.011102227499999867
0.02,uniform_same_count,0.69099999999999995,0.23908398437499978,0.22798810536099992,0.01109587901399986
0.02,uniform_same_count,0.69199999999999995,0.24039453124999977,0.22931073049599993,0.01108380075399984
0.02,uniform_same_count,0.69299999999999995,0.24170507812499978,0.23063910200099993,0.011065976123999843
0.02,uniform_same_count,0.69399999999999995,0.24301562499999979,0.23197323649599993,0.011042388503999856
0.02,uniform_same_count,0.69499999999999995,0.24432617187499978,0.23331315062499994,0.011013021249999838
0.02,uniform_same_count,0.69599999999999995,0.24563671874999979,0.23465886105599992,0.010977857693999865
0.02,uniform_same_count,0.69699999999999995,0.2469472656249998,0.23601038448099992,0.010936881143999877
0.02,uniform_same_count,0.69799999999999995,0.24825781249999979,0.23736773761599994,0.010890074883999845
0.02,uniform_same_count,0.69899999999999995,0.24956835937499977,0.23873093720099994,0.010837422173999828
0.02,uniform_same_count,0.69999999999999996,0.25087890624999976,0.24009999999999995,0.010778906249999803
0.02,uniform_same_count,0.70099999999999996,0.2521894531249998,0.24147494280099993,0.010714510323999865
0.02,uniform_same_count,0.70199999999999996,0.25349999999999978,0.24285578241599995,0.010644217583999832
0.02,uniform_same_count,0.70299999999999996,0.25481054687499982,0.24424253568099993,0.010568011193999888
0.02,uniform_same_count,0.70399999999999996,0.25612109374999981,0.24563521945599995,0.010485874293999858
0.02,uniform_same_count,0.70499999999999996,0.25743164062499979,0.24703385062499994,0.010397789999999851
0.02,uniform_same_count,0.70599999999999996,0.25874218749999978,0.24843844609599994,0.010303741403999839
0.02,uniform_same_count,0.70699999999999996,0.26005273437499976,0.24984902280099994,0.010203711573999824
0.02,uniform_same_count,0.70799999999999996,0.2613632812499998,0.25126559769599993,0.01009768355399987
0.02,uniform_same_count,0.70899999999999996,0.26267382812499979,0.25268818776099994,0.0099856403639998481
0.02,uniform_same_count,0.70999999999999996,0.26398437499999983,0.25411680999999997,0.009867564999999856
0.02,uniform_same_count,0.71099999999999997,0.26529492187499981,0.25555148144099993,0.0097434404339998837
0.02,uniform_same_count,0.71199999999999997,0.2666054687499998,0.25699221913599996,0.0096132496139998413
0.02,uniform_same_count,0.71299999999999997,0.26791601562499978,0.25843904016099994,0.0094769754639998371
0.02,uniform_same_count,0.71399999999999997,0.26922656249999977,0.25989196161599998,0.0093346008839997885
0.02,uniform_same_count,0.71499999999999997,0.27053710937499981,0.26135100062499994,0.0091861087499998662
0.02,uniform_same_count,0.71599999999999997,0.27184765624999979,0.26281617433599996,0.0090314819139998281
0.02,uniform_same_count,0.71699999999999997,0.27315820312499983,0.26428749992099998,0.0088707032039998523
0.02,uniform_same_count,0.71799999999999997,0.27446874999999982,0.26576499457599995,0.0087037554239998705
0.02,uniform_same_count,0.71899999999999997,0.2757792968749998,0.26724867552099996,0.0085306213539998454
0.02,uniform_same_count,0.71999999999999997,0.27708984374999979,0.26873855999999996,0.0083512837499998271
0.02,uniform_same_count,0.72099999999999997,0.27840039062499977,0.27023466528099999,0.0081657253439997857
0.02,uniform_same_count,0.72199999999999998,0.27971093749999981,0.27173700865599998,0.0079739288439998335
0.02,uniform_same_count,0.72299999999999998,0.2810214843749998,0.27324560744099996,0.0077758769339998368
0.02,uniform_same_count,0.72399999999999998,0.28233203124999984,0.27476047897599998,0.0075715522739998598
0.02,uniform_same_count,0.72499999999999998,0.28364257812499982,0.27628164062499999,0.0073609374999998312
0.02,uniform_same_count,0.72599999999999998,0.28495312499999981,0.27780910977599999,0.0071440152239998223
0.02,uniform_same_count,0.72699999999999998,0.28626367187499979,0.27934290384099997,0.0069207680339998245
0.02,uniform_same_count,0.72799999999999998,0.28757421874999978,0.28088304025599997,0.0066911784939998054
0.02,uniform_same_count,0.72899999999999998,0.28888476562499982,0.282429536481,0.0064552291439998188
0.02,uniform_same_count,0.72999999999999998,0.2901953124999998,0.28398240999999996,0.0062129024999998395
0.02,uniform_same_count,0.73099999999999998,0.29150585937499984,0.28554167832099997,0.005964181053999873
0.02,uniform_same_count,0.73199999999999998,0.29281640624999983,0.28710735897599998,0.0057090472739998455
0.02,uniform_same_count,0.73299999999999998,0.29412695312499981,0.28867946952099999,0.0054474836039998253
0.02,uniform_same_count,0.73399999999999999,0.2954374999999998,0.290258027536,0.0051794724639998013
0.02,uniform_same_count,0.73499999999999999,0.29674804687499978,0.29184305062499999,0.0049049962499997934
0.02,uniform_same_count,0.73599999999999999,0.29805859374999982,0.29343455641599997,0.0046240373339998531
0.02,uniform_same_count,0.73699999999999999,0.29936914062499981,0.29503256256099997,0.0043365780639998408
0.02,uniform_same_count,0.73799999999999999,0.30067968749999985,0.29663708673599998,0.0040426007639998707
0.02,uniform_same_count,0.73899999999999999,0.30199023437499983,0.29824814664099997,0.0037420877339998659
0.02,uniform_same_count,0.73999999999999999,0.30330078124999982,0.29986575999999998,0.0034350212499998367
0.02,uniform_same_count,0.74099999999999999,0.3046113281249998,0.30148994456099998,0.0031213835639998244
0.02,uniform_same_count,0.74199999999999999,0.30592187499999979,0.303120718096,0.0028011569039997908
0.02,uniform_same_count,0.74299999999999999,0.30723242187499983,0.30475809840099999,0.0024743234739998399
0.02,uniform_same_count,0.74399999999999999,0.30854296874999987,0.30640210329599998,0.002140865453999885
0.02,uniform_same_count,0.745,0.30985351562499985,0.30805275062499998,0.0018007649999998709
0.02,uniform_same_count,0.746,0.31116406249999984,0.30971005825600001,0.0014540042439998291
0.02,uniform_same_count,0.747,0.31247460937499982,0.311374044081,0.0011005652939998223
0.02,uniform_same_count,0.748,0.31378515624999981,0.31304472601599997,0.00074043023399983365
0.02,uniform_same_count,0.749,0.31509570312499979,0.31472212200099997,0.00037358112399982213
0.02,uniform_same_count,0.75,0.31640624999999983,0.31640625,-1.6653345369377348e-16
0.02,uniform_same_count,0.751,0.31856445312499981,0.31809712800099998,0.00046732512399982884
0.02,uniform_same_count,0.752,0.32072265624999985,0.31979477401599998,0.00092788223399986602
0.02,uniform_same_count,0.753,0.32288085937499983,0.32149920608100002,0.0013816532939998072
0.02,uniform_same_count,0.754,0.32503906249999986,0.32321044225599999,0.0018286202439998789
0.02,uniform_same_count,0.755,0.32719726562499984,0.32492850062500001,0.0022687649999998394
0.02,uniform_same_count,0.75600000000000001,0.32935546874999982,0.32665339929600001,0.0027020694539998114
0.02,uniform_same_count,0.75700000000000001,0.33151367187499986,0.32838515640100002,0.0031285154739998378
0.02,uniform_same_count,0.75800000000000001,0.33367187499999984,0.33012379009600001,0.0035480849039998263
0.02,uniform_same_count,0.75900000000000001,0.33583007812499988,0.33186931856099999,0.0039607595639998827
0.02,uniform_same_count,0.76000000000000001,0.33798828124999986,0.33362175999999999,0.0043665212499998662
0.02,uniform_same_count,0.76100000000000001,0.34014648437499984,0.335381132641,0.0047653517339998341
0.02,uniform_same_count,0.76200000000000001,0.34230468749999987,0.337147454736,0.005157232763999875
0.02,uniform_same_count,0.76300000000000001,0.34446289062499985,0.33892074456100002,0.005542146063999831
0.02,uniform_same_count,0.76400000000000001,0.34662109374999989,0.34070102041600003,0.0059200733339998535
0.02,uniform_same_count,0.76500000000000001,0.34877929687499987,0.34248830062500002,0.0062909962499998473
0.02,uniform_same_count,0.76600000000000001,0.3509374999999999,0.34428260353600004,0.0066548964639998598
0.02,uniform_same_count,0.76700000000000002,0.35309570312499988,0.34608394752100002,0.0070117556039998585
0.02,uniform_same_count,0.76800000000000002,0.35525390624999986,0.34789235097600002,0.0073615552739998424
0.02,uniform_same_count,0.76900000000000002,0.3574121093749999,0.34970783232100006,0.0077042770539998418
0.02,uniform_same_count,0.77000000000000002,0.35957031249999988,0.35153041000000002,0.0080399024999998625
0.02,uniform_same_count,0.77100000000000002,0.36172851562499986,0.35336010248100003,0.008368413143999831
0.02,uniform_same_count,0.77200000000000002,0.36388671874999989,0.35519692825600002,0.0086897904939998716
0.02,uniform_same_count,0.77300000000000002,0.36604492187499987,0.35704090584100001,0.0090040160339998621
0.02,uniform_same_count,0.77400000000000002,0.36820312499999991,0.35889205377600003,0.0093110712239998783
0.02,uniform_same_count,0.77500000000000002,0.37036132812499989,0.36075039062500003,0.0096109374999998609
0.02,uniform_same_count,0.77600000000000002,0.37251953124999992,0.36261593497600003,0.0099035962739998928
0.02,uniform_same_count,0.77700000000000002,0.3746777343749999,0.36448870544100004,0.010189028933999866
0.02,uniform_same_count,0.77800000000000002,0.37683593749999988,0.36636872065600007,0.010467216843999816
0.02,uniform_same_count,0.77900000000000003,0.37899414062499992,0.36825599928100006,0.010738141343999863
0.02,uniform_same_count,0.78000000000000003,0.3811523437499999,0.37015056000000007,0.011001783749999827
0.02,uniform_same_count,0.78100000000000003,0.38331054687499988,0.37205242152100004,0.011258125353999837
0.02,uniform_same_count,0.78200000000000003,0.38546874999999992,0.37396160257600003,0.011507147423999886
0.02,uniform_same_count,0.78300000000000003,0.3876269531249999,0.37587812192100006,0.011748831203999832
0.02,uniform_same_count,0.78400000000000003,0.38978515624999993,0.37780199833600003,0.011983157913999898
0.02,uniform_same_count,0.78500000000000003,0.39194335937499991,0.37973325062500007,0.012210108749999837
0.02,uniform_same_count,0.78600000000000003,0.39410156249999995,0.38167189761600007,0.01242966488399988
0.02,uniform_same_count,0.78700000000000003,0.39625976562499993,0.38361795816100008,0.012641807463999843
0.02,uniform_same_count,0.78800000000000003,0.39841796874999991,0.38557145113600005,0.012846517613999853
0.02,uniform_same_count,0.78900000000000003,0.40057617187499994,0.38753239544100004,0.013043776433999899
0.02,uniform_same_count,0.79000000000000004,0.40273437499999992,0.38950081000000009,0.013233564999999836
0.02,uniform_same_count,0.79100000000000004,0.4048925781249999,0.39147671376100007,0.01341586436399983
0.02,uniform_same_count,0.79200000000000004,0.40705078124999994,0.39346012569600008,0.013590655553999853
0.02,uniform_same_count,0.79300000000000004,0.40920898437499992,0.39545106480100006,0.013757919573999855
0.02,uniform_same_count,0.79400000000000004,0.41136718749999995,0.39744955009600008,0.013917637403999872
0.02,uniform_same_count,0.79500000000000004,0.41352539062499993,0.39945560062500007,0.01406978999999986
0.02,uniform_same_count,0.79600000000000004,0.41568359374999997,0.40146923545600011,0.014214358293999863
0.02,uniform_same_count,0.79700000000000004,0.41784179687499995,0.40349047368100011,0.014351323193999843
0.02,uniform_same_count,0.79800000000000004,0.41999999999999993,0.40551933441600008,0.014480665583999852
0.02,uniform_same_count,0.79900000000000004,0.42215820312499996,0.4075558368010001,0.01460236632399986
0.02,uniform_same_count,0.80000000000000004,0.42431640624999994,0.40960000000000008,0.014716406249999869
0.02,uniform_same_count,0.80100000000000005,0.42647460937499992,0.41165184320100007,0.014822766173999857
0.02,uniform_same_count,0.80200000000000005,0.42863281249999996,0.41371138561600007,0.014921426883999889
0.02,uniform_same_count,0.80300000000000005,0.43079101562499994,0.4157786464810001,0.015012369143999837
0.02,uniform_same_count,0.80400000000000005,0.43294921874999998,0.41785364505600009,0.015095573693999886
0.02,uniform_same_count,0.80500000000000005,0.43510742187499996,0.41993640062500009,0.015171021249999861
0.02,uniform_same_count,0.80600000000000005,0.43726562499999999,0.4220269324960001,0.015238692503999896
0.02,uniform_same_count,0.80700000000000005,0.43942382812499997,0.42412526000100009,0.015298568123999878
0.02,uniform_same_count,0.80800000000000005,0.44158203124999995,0.42623140249600011,0.01535062875399984
0.02,uniform_same_count,0.80900000000000005,0.44374023437499999,0.42834537936100009,0.015394855013999897
0.02,uniform_same_count,0.81000000000000005,0.44589843749999997,0.4304672100000001,0.015431227499999867
0.02,uniform_same_count,0.81100000000000005,0.44805664062499995,0.43259691384100013,0.015459726783999816
0.02,uniform_same_count,0.81200000000000006,0.45021484374999998,0.43473451033600014,0.015480333413999847
0.02,uniform_same_count,0.81299999999999994,0.45237304687499974,0.43688001896099987,0.015493027913999868
0.02,uniform_same_count,0.81399999999999995,0.45453124999999972,0.4390334592159999,0.015497790783999821
0.02,uniform_same_count,0.81499999999999995,0.45668945312499976,0.44119485062499986,0.015494602499999899
0.02,uniform_same_count,0.81599999999999995,0.45884765624999979,0.44336421273599991,0.015483443513999884
0.02,uniform_same_count,0.81699999999999995,0.46100585937499972,0.44554156512099991,0.015464294253999811
0.02,uniform_same_count,0.81799999999999995,0.46316406249999975,0.44772692737599989,0.015437135123999857
0.02,uniform_same_count,0.81899999999999995,0.46532226562499979,0.44992031912099989,0.015401946503999897
0.02,uniform_same_count,0.81999999999999995,0.46748046874999977,0.45212175999999987,0.015358708749999894
0.02,uniform_same_count,0.82099999999999995,0.46963867187499975,0.45433126968099991,0.015307402193999842
0.02,uniform_same_count,0.82199999999999995,0.47179687499999978,0.45654886785599991,0.015248007143999875
0.02,uniform_same_count,0.82299999999999995,0.47395507812499976,0.45877457424099988,0.015180503883999885
0.02,uniform_same_count,0.82399999999999995,0.47611328124999974,0.4610084085759999,0.015104872673999847
0.02,uniform_same_count,0.82499999999999996,0.47827148437499978,0.4632503906249999,0.015021093749999881
0.02,uniform_same_count,0.82599999999999996,0.48042968749999981,0.4655005401759999,0.014929147323999914
0.02,uniform_same_count,0.82699999999999996,0.48258789062499974,0.46775887704099989,0.01482901358399985
0.02,uniform_same_count,0.82799999999999996,0.48474609374999977,0.47002542105599993,0.014720672693999848
0.02,uniform_same_count,0.82899999999999996,0.48690429687499981,0.47230019208099988,0.014604104793999928
0.02,uniform_same_count,0.82999999999999996,0.48906249999999979,0.47458320999999992,0.014479289999999867
0.02,uniform_same_count,0.83099999999999996,0.49122070312499977,0.47687449472099991,0.014346208403999861
0.02,uniform_same_count,0.83199999999999996,0.4933789062499998,0.47917406617599989,0.014204840073999914
0.02,uniform_same_count,0.83299999999999996,0.49553710937499978,0.48148194432099989,0.014055165053999896
0.02,uniform_same_count,0.83399999999999996,0.49769531249999976,0.48379814913599989,0.013897163363999876
0.02,uniform_same_count,0.83499999999999996,0.4998535156249998,0.4861227006249999,0.013730814999999896
0.02,uniform_same_count,0.83599999999999997,0.50201171874999984,0.48845561881599991,0.013556099933999921
0.02,uniform_same_count,0.83699999999999997,0.50416992187499976,0.49079692376099993,0.013372998113999834
0.02,uniform_same_count,0.83799999999999997,0.5063281249999998,0.49314663553599991,0.013181489463999885
0.02,uniform_same_count,0.83899999999999997,0.50848632812499983,0.49550477424099992,0.012981553883999908
0.02,uniform_same_count,0.83999999999999997,0.51064453124999987,0.49787135999999993,0.012773171249999937
0.02,uniform_same_count,0.84099999999999997,0.51280273437499979,0.50024641296099992,0.012556321413999871
0.02,uniform_same_count,0.84199999999999997,0.51496093749999983,0.50262995329599991,0.012330984203999917
0.02,uniform_same_count,0.84299999999999997,0.51711914062499975,0.50502200120099994,0.012097139423999814
0.02,uniform_same_count,0.84399999999999997,0.51927734374999979,0.5074225768959999,0.011854766853999887
0.02,uniform_same_count,0.84499999999999997,0.52143554687499982,0.50983170062499994,0.011603846249999883
0.02,uniform_same_count,0.84599999999999997,0.52359374999999986,0.51224939265599989,0.011344357343999967
0.02,uniform_same_count,0.84699999999999998,0.52575195312499978,0.51467567328099995,0.011076279843999837
0.02,uniform_same_count,0.84799999999999998,0.52791015624999982,0.51711056281599999,0.010799593433999832
0.02,uniform_same_count,0.84899999999999998,0.53006835937499985,0.51955408160099992,0.010514277773999936
0.02,uniform_same_count,0.84999999999999998,0.53222656249999978,0.52200624999999989,0.010220312499999884
0.02,uniform_same_count,0.85099999999999998,0.53438476562499981,0.52446708840099998,0.0099176772239998323
0.02,uniform_same_count,0.85199999999999998,0.53654296874999985,0.52693661721599994,0.0096063515339999128
0.02,uniform_same_count,0.85299999999999998,0.53870117187499988,0.52941485688099998,0.0092863149939999001
0.02,uniform_same_count,0.85399999999999998,0.54085937499999981,0.53190182785599993,0.0089575471439998777
0.02,uniform_same_count,0.85499999999999998,0.54301757812499984,0.53439755062499994,0.0086200274999999049
0.02,uniform_same_count,0.85599999999999998,0.54517578124999988,0.53690204569599997,0.0082737355539999058
0.02,uniform_same_count,0.85699999999999998,0.5473339843749998,0.53941533360099991,0.0079186507739998913
0.02,uniform_same_count,0.85799999999999998,0.54949218749999984,0.54193743489599999,0.007554752603999848
0.02,uniform_same_count,0.85899999999999999,0.55165039062499988,0.54446837016099991,0.0071820204639999607
0.02,uniform_same_count,0.85999999999999999,0.55380859374999991,0.54700815999999997,0.0068004337499999457
0.02,uniform_same_count,0.86099999999999999,0.55596679687499984,0.54955682504100001,0.006409971833999828
0.02,uniform_same_count,0.86199999999999999,0.55812499999999987,0.55211438593599993,0.0060106140639999417
0.02,uniform_same_count,0.86299999999999999,0.5602832031249998,0.55468086336099998,0.0056023397639998196
0.02,uniform_same_count,0.86399999999999999,0.56244140624999983,0.55725627801599997,0.0051851282339998583
0.02,uniform_same_count,0.86499999999999999,0.56459960937499987,0.55984065062499999,0.0047589587499998753
0.02,uniform_same_count,0.86599999999999999,0.5667578124999999,0.56243400193600002,0.0043238105639998858
0.02,uniform_same_count,0.86699999999999999,0.56891601562499994,0.56503635272099995,0.0038796629039999919
0.02,uniform_same_count,0.86799999999999999,0.57107421874999986,0.56764772377600003,0.0034264949739998274
0.02,uniform_same_count,0.86899999999999999,0.5732324218749999,0.57026813592100001,0.00296428595399989
0.02,uniform_same_count,0.87,0.57539062499999982,0.57289760999999995,0.0024930149999998763
0.02,uniform_same_count,0.871,0.57754882812499986,0.57553616688099996,0.0020126612439999025
0.02,uniform_same_count,0.872,0.57970703124999989,0.57818382745599994,0.0015232037939999499
0.02,uniform_same_count,0.873,0.58186523437499993,0.58084061264099995,0.0010246217339999752
0.02,uniform_same_count,0.874,0.58402343749999996,0.58350654337599994,0.00051689412400002244
0.02,uniform_same_count,0.875,0.58618164062499989,0.586181640625,-1.1102230246251565e-16
0.02,uniform_same_count,0.876,0.58949218749999988,0.58886592537600002,0.00062626212399985448
0.02,uniform_same_count,0.877,0.59280273437499986,0.59155941864100003,0.001243315733999828
0.02,uniform_same_count,0.878,0.59611328124999985,0.59426214145599998,0.0018511397939998675
0.02,uniform_same_count,0.879,0.59942382812499995,0.59697411488100005,0.0024497132439998959
0.02,uniform_same_count,0.88,0.60273437499999993,0.59969536000000001,0.0030390149999999228
0.02,uniform_same_count,0.88100000000000001,0.60604492187499992,0.60242589792099999,0.0036190239539999336
0.02,uniform_same_count,0.88200000000000001,0.60935546874999991,0.60516574977600002,0.0041897189739998897
0.02,uniform_same_count,0.88300000000000001,0.61266601562499989,0.60791493672100005,0.0047510789039998391
0.02,uniform_same_count,0.88400000000000001,0.61597656249999988,0.61067347993600007,0.0053030825639998058
0.02,uniform_same_count,0.88500000000000001,0.61928710937499998,0.61344140062500008,0.0058457087499999005
0.02,uniform_same_count,0.88600000000000001,0.62259765624999996,0.61621872001599998,0.0063789362339999878
0.02,uniform_same_count,0.88700000000000001,0.62590820312499995,0.61900545936100004,0.0069027437639999079
0.02,uniform_same_count,0.88800000000000001,0.62921874999999994,0.62180163993600002,0.007417110063999921
0.02,uniform_same_count,0.88900000000000001,0.63252929687499992,0.62460728304099999,0.0079220138339999302
0.02,uniform_same_count,0.89000000000000001,0.63583984374999991,0.62742240999999999,0.0084174337499999252
0.02,uniform_same_count,0.89100000000000001,0.63915039062500001,0.63024704216100003,0.0089033484639999827
0.02,uniform_same_count,0.89200000000000002,0.6424609375,0.63308120089600006,0.009379736603999933
0.02,uniform_same_count,0.89300000000000002,0.64577148437499998,0.63592490760100007,0.0098465767739999155
0.02,uniform_same_count,0.89400000000000002,0.64908203124999997,0.63877818369600003,0.010303847553999934
0.02,uniform_same_count,0.89500000000000002,0.65239257812499996,0.6416410506250001,0.010751527499999858
0.02,uniform_same_count,0.89600000000000002,0.65570312499999994,0.64451352985600008,0.011189595143999864
0.02,uniform_same_count,0.89700000000000002,0.65901367187499993,0.64739564288100004,0.011618028993999885
0.02,uniform_same_count,0.89800000000000002,0.66232421875000003,0.65028741121600009,0.012036807533999938
0.02,uniform_same_count,0.89900000000000002,0.66563476562500001,0.65318885640100011,0.012445909223999907
0.02,uniform_same_count,0.90000000000000002,0.6689453125,0.65610000000000002,0.012845312499999983
0.02,uniform_same_count,0.90100000000000002,0.67225585937499999,0.6590208636010001,0.013234995773999891
0.02,uniform_same_count,0.90200000000000002,0.67556640624999997,0.66195146881600009,0.013614937433999885
0.02,uniform_same_count,0.90300000000000002,0.67887695312499996,0.6648918372810001,0.013985115843999862
0.02,uniform_same_count,0.90400000000000003,0.68218749999999995,0.66784199065600003,0.014345509343999918
0.02,uniform_same_count,0.90500000000000003,0.68549804687500004,0.67080195062500003,0.014696096250000013
0.02,uniform_same_count,0.90600000000000003,0.68880859375000003,0.67377173889600006,0.01503685485399997
0.02,uniform_same_count,0.90700000000000003,0.69211914062500002,0.67675137720100009,0.015367763423999925
0.02,uniform_same_count,0.90800000000000003,0.6954296875,0.67974088729600013,0.015688800203999875
0.02,uniform_same_count,0.90900000000000003,0.69874023437499999,0.68274029096100008,0.015999943413999906
0.02,uniform_same_count,0.91000000000000003,0.70205078124999998,0.68574961000000012,0.016301171249999857
0.02,uniform_same_count,0.91100000000000003,0.70536132812499996,0.68876886624100009,0.016592461883999876
0.02,uniform_same_count,0.91200000000000003,0.70867187500000006,0.69179808153600009,0.016873793463999975
0.02,uniform_same_count,0.91300000000000003,0.71198242187500005,0.69483727776100013,0.017145144113999922
0.02,uniform_same_count,0.91400000000000003,0.71529296875000004,0.69788647681600013,0.017406491933999901
0.02,uniform_same_count,0.91500000000000004,0.71860351562500002,0.70094570062500006,0.017657814999999966
0.02,uniform_same_count,0.91600000000000004,0.72191406250000001,0.70401497113600009,0.017899091363999919
0.02,uniform_same_count,0.91700000000000004,0.72522460937500011,0.70709431032100012,0.018130299053999988
0.02,uniform_same_count,0.91800000000000004,0.72853515625000009,0.71018374017600017,0.018351416073999927
0.02,uniform_same_count,0.91900000000000004,0.73184570312500008,0.71328328272100017,0.018562420403999913
0.02,uniform_same_count,0.92000000000000004,0.73515625000000007,0.71639296000000008,0.018763289999999988
0.02,uniform_same_count,0.92100000000000004,0.73846679687500005,0.71951279408100011,0.018954002793999947
0.02,uniform_same_count,0.92200000000000004,0.74177734375000004,0.72264280705600015,0.019134536693999893
0.02,uniform_same_count,0.92300000000000004,0.74508789062500003,0.72578302104100012,0.019304869583999906
0.02,uniform_same_count,0.92400000000000004,0.74839843750000012,0.72893345817600008,0.019464979324000042
0.02,uniform_same_count,0.92500000000000004,0.75170898437500011,0.73209414062500011,0.019614843749999999
0.02,uniform_same_count,0.92600000000000005,0.7550195312500001,0.73526509057600009,0.019754440674000007
0.02,uniform_same_count,0.92700000000000005,0.75833007812500008,0.73844633024100015,0.019883747883999936
0.02,uniform_same_count,0.92800000000000005,0.76164062500000007,0.7416378818560001,0.020002743143999968
0.02,uniform_same_count,0.92900000000000005,0.76495117187500006,0.74483976768100013,0.020111404193999927
0.02,uniform_same_count,0.93000000000000005,0.76826171875000004,0.74805201000000021,0.020209708749999833
0.02,uniform_same_count,0.93100000000000005,0.77157226562500014,0.75127463112100012,0.020297634504000017
0.02,uniform_same_count,0.93200000000000005,0.77488281250000013,0.75450765337600012,0.020375159124000009
0.02,uniform_same_count,0.93300000000000005,0.77819335937500012,0.75775109912100014,0.020442260253999978
0.02,uniform_same_count,0.93400000000000005,0.7815039062500001,0.76100499073600014,0.02049891551399996
0.02,uniform_same_count,0.93500000000000005,0.78481445312500009,0.76426935062500012,0.020545102499999968
0.02,uniform_same_count,0.93600000000000005,0.78812500000000019,0.7675442012160002,0.020580798783999987
0.02,uniform_same_count,0.93700000000000006,0.79143554687500006,0.77082956496100019,0.020605981913999871
0.02,uniform_same_count,0.93799999999999994,0.79474609374999972,0.77412546433599982,0.020620629413999891
0.02,uniform_same_count,0.93899999999999995,0.79805664062499981,0.77743192184099985,0.020624718783999962
0.02,uniform_same_count,0.93999999999999995,0.8013671874999998,0.78074895999999983,0.020618227499999975
0.02,uniform_same_count,0.94099999999999995,0.80467773437499979,0.78407660136099988,0.020601133013999906
0.02,uniform_same_count,0.94199999999999995,0.80798828124999977,0.78741486849599984,0.020573412753999931
0.02,uniform_same_count,0.94299999999999995,0.81129882812499976,0.79076378400099978,0.020535044123999979
0.02,uniform_same_count,0.94399999999999995,0.81460937499999975,0.79412337049599979,0.020486004503999955
0.02,uniform_same_count,0.94499999999999995,0.81791992187499973,0.79749365062499988,0.02042627124999985
0.02,uniform_same_count,0.94599999999999995,0.82123046874999983,0.80087464705599987,0.020355821693999965
0.02,uniform_same_count,0.94699999999999995,0.82454101562499982,0.8042663824809998,0.02027463314400002
0.02,uniform_same_count,0.94799999999999995,0.8278515624999998,0.80766887961599987,0.020182682883999936
0.02,uniform_same_count,0.94899999999999995,0.83116210937499979,0.81108216120099985,0.02007994817399994
0.02,uniform_same_count,0.94999999999999996,0.83447265624999978,0.81450624999999988,0.019966406249999902
0.02,uniform_same_count,0.95099999999999996,0.83778320312499988,0.81794116880099987,0.019842034324000002
0.02,uniform_same_count,0.95199999999999996,0.84109374999999975,0.8213869404159998,0.019706809583999951
0.02,uniform_same_count,0.95299999999999996,0.84440429687499985,0.82484358768099986,0.019560709193999992
0.02,uniform_same_count,0.95399999999999996,0.84771484374999984,0.82831113345599983,0.019403710294000009
0.02,uniform_same_count,0.95499999999999996,0.85102539062499982,0.83178960062499985,0.019235789999999975
0.02,uniform_same_count,0.95599999999999996,0.85433593749999981,0.83527901209599986,0.019056925403999947
0.02,uniform_same_count,0.95699999999999996,0.8576464843749998,0.83877939080099984,0.01886709357399996
0.02,uniform_same_count,0.95799999999999996,0.86095703124999989,0.84229075969599987,0.018666271554000025
0.02,uniform_same_count,0.95899999999999996,0.86426757812499977,0.84581314176099986,0.018454436363999904
0.02,uniform_same_count,0.95999999999999996,0.86757812499999987,0.84934655999999986,0.018231565000000005
0.02,uniform_same_count,0.96099999999999997,0.87088867187499985,0.85289103744099992,0.017997634433999932
0.02,uniform_same_count,0.96199999999999997,0.87419921874999984,0.85644659713599991,0.01775262161399993
0.02,uniform_same_count,0.96299999999999997,0.87750976562499994,0.86001326216099994,0.017496503464000002
0.02,uniform_same_count,0.96399999999999997,0.88082031249999981,0.86359105561599991,0.017229256883999899
0.02,uniform_same_count,0.96499999999999997,0.88413085937499991,0.86718000062499989,0.01695085875000002
0.02,uniform_same_count,0.96599999999999997,0.88744140624999979,0.87078012033599994,0.016661285913999846
0.02,uniform_same_count,0.96699999999999997,0.89075195312499988,0.87439143792099994,0.016360515203999948
0.02,uniform_same_count,0.96799999999999997,0.89406249999999987,0.87801397657599989,0.016048523423999983
0.02,uniform_same_count,0.96899999999999997,0.89737304687499986,0.88164775952099994,0.015725287353999917
0.02,uniform_same_count,0.96999999999999997,0.90068359374999996,0.88529280999999993,0.015390783750000026
0.02,uniform_same_count,0.97099999999999997,0.90399414062499983,0.88894915128099994,0.015044989343999893
0.02,uniform_same_count,0.97199999999999998,0.90730468749999993,0.89261680665599996,0.014687880843999968
0.02,uniform_same_count,0.97299999999999998,0.91061523437499992,0.89629579944099991,0.014319434934000008
0.02,uniform_same_count,0.97399999999999998,0.9139257812499999,0.89998615297599993,0.013939628273999971
0.02,uniform_same_count,0.97499999999999998,0.91723632812499989,0.90368789062499988,0.01354843750000001
0.02,uniform_same_count,0.97599999999999998,0.92054687499999988,0.90740103577599995,0.013145839223999922
0.02,uniform_same_count,0.97699999999999998,0.92385742187499997,0.91112561184099994,0.012731810034000035
0.02,uniform_same_count,0.97799999999999998,0.92716796874999985,0.91486164225599997,0.012306326493999875
0.02,uniform_same_count,0.97899999999999998,0.93047851562499995,0.91860915048099989,0.011869365144000055
0.02,uniform_same_count,0.97999999999999998,0.93378906249999993,0.92236815999999988,0.011420902500000052
0.02,uniform_same_count,0.98099999999999998,0.93709960937499992,0.92613869432099993,0.010960915053999987
0.02,uniform_same_count,0.98199999999999998,0.94041015624999991,0.92992077697599995,0.010489379273999955
0.02,uniform_same_count,0.98299999999999998,0.94372070312499989,0.93371443152099998,0.010006271603999917
0.02,uniform_same_count,0.98399999999999999,0.94703124999999999,0.93751968153599996,0.0095115684640000309
0.02,uniform_same_count,0.98499999999999999,0.95034179687499987,0.94133655062499999,0.0090052462499998764
0.02,uniform_same_count,0.98599999999999999,0.95365234374999996,0.94516506241599996,0.0084872813340000075
0.02,uniform_same_count,0.98699999999999999,0.95696289062499995,0.949005240561,0.0079576500639999548
0.02,uniform_same_count,0.98799999999999999,0.96027343749999994,0.95285710873599994,0.007416328764000002
0.02,uniform_same_count,0.98899999999999999,0.96358398437500004,0.95672069064099996,0.0068632937340000755
0.02,uniform_same_count,0.98999999999999999,0.96689453124999991,0.96059600999999994,0.0062985212499999665
0.02,uniform_same_count,0.99099999999999999,0.97020507812500001,0.96448309056100001,0.0057219875639999973
0.02,uniform_same_count,0.99199999999999999,0.973515625,0.96838195609599997,0.0051336689040000216
0.02,uniform_same_count,0.99299999999999999,0.97682617187499998,0.972292630401,0.0045335414739999802
0.02,uniform_same_count,0.99399999999999999,0.98013671874999997,0.97621513729599996,0.0039215814540000116
0.02,uniform_same_count,0.995,0.98344726562499996,0.98014950062499995,0.0032977650000000081
0.02,uniform_same_count,0.996,0.98675781250000005,0.98409574425599999,0.0026620682440000598
0.02,uniform_same_count,0.997,0.99006835937499993,0.98805389208100003,0.0020144672939998998
0.02,uniform_same_count,0.998,0.99337890625000003,0.99202396801600001,0.0013549382340000138
0.02,uniform_same_count,0.999,0.99668945312500001,0.99600599600100004,0.00068345712399997538
0.02,uniform_same_count,1,1,1,0
0.02,uniform_bound,0,0,0,0
0.02,uniform_bound,0.001,1.3717421124831762e-06,1.0000000000000002e-12,1.3717411124831762e-06
0.02,uniform_bound,0.002,2.7434842249663524e-06,1.6000000000000003e-11,2.7434682249663524e-06
0.02,uniform_bound,0.0030000000000000001,4.1152263374495282e-06,8.1000000000000005e-11,4.1151453374495282e-06
0.02,uniform_bound,0.0040000000000000001,5.4869684499327048e-06,2.5600000000000005e-10,5.4867124499327045e-06
0.02,uniform_bound,0.0050000000000000001,6.8587105624158797e-06,6.2500000000000001e-10,6.85808556241588e-06
0.02,uniform_bound,0.0060000000000000001,8.2304526748990563e-06,1.2960000000000001e-09,8.2291566748990561e-06
0.02,uniform_bound,0.0070000000000000001,9.6021947873822338e-06,2.4010000000000003e-09,9.5997937873822342e-06
0.02,uniform_bound,0.0080000000000000002,1.097393689986541e-05,4.0960000000000007e-09,1.096984089986541e-05
0.02,uniform_bound,0.0089999999999999993,1.2345679012348585e-05,6.5609999999999983e-09,1.2339118012348586e-05
0.02,uniform_bound,0.01,1.3717421124831759e-05,1e-08,1.3707421124831759e-05
0.02,uniform_bound,0.010999999999999999,1.5089163237314935e-05,1.4640999999999997e-08,1.5074522237314935e-05
0.02,uniform_bound,0.012,1.6460905349798113e-05,2.0736000000000001e-08,1.6440169349798113e-05
0.02,uniform_bound,0.012999999999999999,1.783264746228129e-05,2.8560999999999993e-08,1.7804086462281292e-05
0.02,uniform_bound,0.014,1.9204389574764468e-05,3.8416000000000005e-08,1.9165973574764468e-05
0.02,uniform_bound,0.014999999999999999,2.0576131687247642e-05,5.0624999999999992e-08,2.0525506687247641e-05
0.02,uniform_bound,0.016,2.1947873799730819e-05,6.5536000000000012e-08,2.1882337799730819e-05
0.02,uniform_bound,0.017000000000000001,2.3319615912213997e-05,8.3521000000000024e-08,2.3236094912213996e-05
0.02,uniform_bound,0.017999999999999999,2.4691358024697171e-05,1.0497599999999997e-07,2.458638202469717e-05
0.02,uniform_bound,0.019,2.6063100137180348e-05,1.3032099999999999e-07,2.593277913718035e-05
0.02,uniform_bound,0.02,2.7434842249663519e-05,1.6e-07,2.727484224966352e-05
0.02,uniform_bound,0.021000000000000001,2.8806584362146696e-05,1.9448100000000006e-07,2.8612103362146695e-05
0.02,uniform_bound,0.021999999999999999,3.017832647462987e-05,2.3425599999999995e-07,2.9944070474629872e-05
0.02,uniform_bound,0.023,3.1550068587113048e-05,2.7984099999999997e-07,3.1270227587113045e-05
0.02,uniform_bound,0.024,3.2921810699596225e-05,3.3177600000000002e-07,3.2590034699596228e-05
0.02,uniform_bound,0.025000000000000001,3.4293552812079403e-05,3.9062500000000007e-07,3.3902927812079405e-05
0.02,uniform_bound,0.025999999999999999,3.566529492456258e-05,4.569759999999999e-07,3.520831892456258e-05
0.02,uniform_bound,0.027,3.7037037037045758e-05,5.3144099999999997e-07,3.6505596037045759e-05
0.02,uniform_bound,0.028000000000000001,3.8408779149528935e-05,6.1465600000000007e-07,3.7794123149528936e-05
0.02,uniform_bound,0.029000000000000001,3.9780521262012113e-05,7.072810000000001e-07,3.9073240262012112e-05
0.02,uniform_bound,0.029999999999999999,4.1152263374495283e-05,8.0999999999999987e-07,4.0342263374495283e-05
0.02,uniform_bound,0.031,4.2524005486978461e-05,9.2352099999999998e-07,4.1600484486978458e-05
0.02,uniform_bound,0.032000000000000001,4.3895747599461638e-05,1.0485760000000002e-06,4.2847171599461635e-05
0.02,uniform_bound,0.033000000000000002,4.5267489711944816e-05,1.1859210000000003e-06,4.4081568711944813e-05
0.02,uniform_bound,0.034000000000000002,4.6639231824427993e-05,1.3363360000000004e-06,4.5302895824427992e-05
0.02,uniform_bound,0.035000000000000003,4.8010973936911171e-05,1.5006250000000006e-06,4.6510348936911172e-05
0.02,uniform_bound,0.035999999999999997,4.9382716049394341e-05,1.6796159999999996e-06,4.7703100049394341e-05
0.02,uniform_bound,0.036999999999999998,5.0754458161877519e-05,1.8741609999999995e-06,4.8880297161877522e-05
0.02,uniform_bound,0.037999999999999999,5.2126200274360696e-05,2.0851359999999999e-06,5.00410642743607e-05
0.02,uniform_bound,0.039,5.3497942386843874e-05,2.3134409999999998e-06,5.1184501386843871e-05
0.02,uniform_bound,0.040000000000000001,5.4869684499327038e-05,2.5600000000000001e-06,5.2309684499327035e-05
0.02,uniform_bound,0.041000000000000002,5.6241426611810215e-05,2.8257610000000005e-06,5.3415665611810212e-05
0.02,uniform_bound,0.042000000000000003,5.7613168724293392e-05,3.1116960000000009e-06,5.4501472724293391e-05
0.02,uniform_bound,0.042999999999999997,5.8984910836776563e-05,3.4188009999999987e-06,5.5566109836776565e-05
0.02,uniform_bound,0.043999999999999997,6.0356652949259741e-05,3.7480959999999992e-06,5.6608556949259739e-05
0.02,uniform_bound,0.044999999999999998,6.1728395061742925e-05,4.1006249999999994e-06,5.7627770061742924e-05
0.02,uniform_bound,0.045999999999999999,6.3100137174226096e-05,4.4774559999999995e-06,5.8622681174226097e-05
0.02,uniform_bound,0.047,6.447187928670928e-05,4.8796809999999997e-06,5.9592198286709278e-05
0.02,uniform_bound,0.048000000000000001,6.584362139919245e-05,5.3084160000000003e-06,6.0535205399192448e-05
0.02,uniform_bound,0.049000000000000002,6.7215363511675635e-05,5.7648010000000005e-06,6.1450562511675629e-05
0.02,uniform_bound,0.050000000000000003,6.8587105624158805e-05,6.2500000000000011e-06,6.2337105624158803e-05
0.02,uniform_bound,0.050999999999999997,6.9958847736641976e-05,6.7652009999999986e-06,6.3193646736641972e-05
0.02,uniform_bound,0.051999999999999998,7.133058984912516e-05,7.3116159999999983e-06,6.4018973849125157e-05
0.02,uniform_bound,0.052999999999999999,7.2702331961608331e-05,7.8904809999999998e-06,6.4811850961608335e-05
0.02,uniform_bound,0.053999999999999999,7.4074074074091515e-05,8.5030559999999996e-06,6.5571018074091512e-05
0.02,uniform_bound,0.055,7.5445816186574686e-05,9.1506250000000002e-06,6.6295191186574684e-05
0.02,uniform_bound,0.056000000000000001,7.681755829905787e-05,9.8344960000000012e-06,6.6983062299057872e-05
0.02,uniform_bound,0.057000000000000002,7.8189300411541041e-05,1.0556001000000001e-05,6.7633299411541046e-05
0.02,uniform_bound,0.058000000000000003,7.9561042524024225e-05,1.1316496000000002e-05,6.8244546524024217e-05
0.02,uniform_bound,0.058999999999999997,8.0932784636507382e-05,1.2117360999999997e-05,6.8815423636507382e-05
0.02,uniform_bound,0.059999999999999998,8.2304526748990566e-05,1.2959999999999998e-05,6.9344526748990569e-05
0.02,uniform_bound,0.060999999999999999,8.3676268861473737e-05,1.3845840999999999e-05,6.9830427861473736e-05
0.02,uniform_bound,0.062,8.5048010973956921e-05,1.4776336e-05,7.0271674973956927e-05
0.02,uniform_bound,0.063,8.6419753086440092e-05,1.5752961e-05,7.0666792086440089e-05
0.02,uniform_bound,0.064000000000000001,8.7791495198923276e-05,1.6777216000000003e-05,7.101427919892328e-05
0.02,uniform_bound,0.065000000000000002,8.9163237311406447e-05,1.7850625000000003e-05,7.1312612311406437e-05
0.02,uniform_bound,0.066000000000000003,9.0534979423889631e-05,1.8974736000000005e-05,7.1560243423889633e-05
0.02,uniform_bound,0.067000000000000004,9.1906721536372802e-05,2.0151121000000005e-05,7.1755600536372793e-05
0.02,uniform_bound,0.068000000000000005,9.3278463648855986e-05,2.1381376000000006e-05,7.189708764885598e-05
0.02,uniform_bound,0.069000000000000006,9.4650205761339157e-05,2.2667121000000006e-05,7.1983084761339147e-05
0.02,uniform_bound,0.070000000000000007,9.6021947873822341e-05,2.4010000000000009e-05,7.2011947873822332e-05
0.02,uniform_bound,0.070999999999999994,9.7393689986305498e-05,2.5411680999999991e-05,7.1982008986305504e-05
0.02,uniform_bound,0.071999999999999995,9.8765432098788682e-05,2.6873855999999993e-05,7.1891576098788689e-05
0.02,uniform_bound,0.072999999999999995,0.00010013717421127185,2.8398240999999994e-05,7.1738933211271859e-05
0.02,uniform_bound,0.073999999999999996,0.00010150891632375504,2.9986575999999993e-05,7.1522340323755041e-05
0.02,uniform_bound,0.074999999999999997,0.00010288065843623821,3.1640624999999998e-05,7.124003343623821e-05
0.02,uniform_bound,0.075999999999999998,0.00010425240054872139,3.3362175999999998e-05,7.0890224548721394e-05
0.02,uniform_bound,0.076999999999999999,0.00010562414266120456,3.5153040999999999e-05,7.0471101661204557e-05
0.02,uniform_bound,0.078,0.00010699588477368775,3.7015055999999997e-05,6.9980828773687757e-05
0.02,uniform_bound,0.079000000000000001,0.0001083676268861709,3.8950081e-05,6.9417545886170905e-05
0.02,uniform_bound,0.080000000000000002,0.00010973936899865408,4.0960000000000001e-05,6.8779368998654074e-05
0.02,uniform_bound,0.081000000000000003,0.00011111111111113726,4.3046721000000007e-05,6.8064390111137246e-05
0.02,uniform_bound,0.082000000000000003,0.00011248285322362043,4.5212176000000008e-05,6.7270677223620415e-05
0.02,uniform_bound,0.083000000000000004,0.00011385459533610361,4.745832100000001e-05,6.6396274336103604e-05
0.02,uniform_bound,0.084000000000000005,0.00011522633744858678,4.9787136000000015e-05,6.543920144858677e-05
0.02,uniform_bound,0.085000000000000006,0.00011659807956106997,5.2200625000000018e-05,6.4397454561069951e-05
0.02,uniform_bound,0.085999999999999993,0.00011796982167355313,5.470081599999998e-05,6.3269005673553146e-05
0.02,uniform_bound,0.086999999999999994,0.00011934156378603631,5.7289760999999981e-05,6.2051802786036329e-05
0.02,uniform_bound,0.087999999999999995,0.00012071330589851948,5.9969535999999987e-05,6.0743769898519494e-05
0.02,uniform_bound,0.088999999999999996,0.00012208504801100267,6.2742240999999989e-05,5.9342807011002676e-05
0.02,uniform_bound,0.089999999999999997,0.00012345679012348585,6.560999999999999e-05,5.7846790123485859e-05
0.02,uniform_bound,0.090999999999999998,0.00012482853223596901,6.8574960999999993e-05,5.6253571235969014e-05
0.02,uniform_bound,0.091999999999999998,0.00012620027434845219,7.1639295999999993e-05,5.4560978348452198e-05
0.02,uniform_bound,0.092999999999999999,0.00012757201646093538,7.4805200999999996e-05,5.2766815460935379e-05
0.02,uniform_bound,0.094,0.00012894375857341856,7.8074895999999996e-05,5.0868862573418564e-05
0.02,uniform_bound,0.095000000000000001,0.00013031550068590172,8.1450624999999997e-05,4.8864875685901719e-05
0.02,uniform_bound,0.096000000000000002,0.0001316872427983849,8.4934656000000005e-05,4.6752586798384896e-05
0.02,uniform_bound,0.097000000000000003,0.00013305898491086809,8.8529281000000008e-05,4.4529703910868077e-05
0.02,uniform_bound,0.098000000000000004,0.00013443072702335127,9.2236816000000008e-05,4.2193911023351261e-05
0.02,uniform_bound,0.099000000000000005,0.00013580246913583443,9.6059601000000021e-05,3.9742868135834406e-05
0.02,uniform_bound,0.10000000000000001,0.00013717421124831761,0.00010000000000000002,3.7174211248317592e-05
0.02,uniform_bound,0.10100000000000001,0.00013854595336080077,0.00010406040100000003,3.4485552360800741e-05
0.02,uniform_bound,0.10199999999999999,0.00013991769547328395,0.00010824321599999998,3.1674479473283975e-05
0.02,uniform_bound,0.10299999999999999,0.00014128943758576714,0.00011255088099999997,2.8738556585767162e-05
0.02,uniform_bound,0.104,0.00014266117969825032,0.00011698585599999997,2.5675323698250347e-05
0.02,uniform_bound,0.105,0.00014403292181073348,0.00012155062499999998,2.2482296810733495e-05
0.02,uniform_bound,0.106,0.00014540466392321666,0.000126247696,1.9156967923216665e-05
0.02,uniform_bound,0.107,0.00014677640603569985,0.00013107960099999999,1.5696805035699852e-05
0.02,uniform_bound,0.108,0.00014814814814818303,0.00013604889599999999,1.2099252148183037e-05
0.02,uniform_bound,0.109,0.00014951989026066619,0.00014115816099999999,8.3617292606662013e-06
0.02,uniform_bound,0.11,0.00015089163237314937,0.00014641,4.4816323731493692e-06
0.02,uniform_bound,0.111,0.00015226337448563256,0.000151807041,4.5633348563255192e-07
0.02,uniform_bound,0.112,0.0001707056851090136,0.00015735193600000002,1.3353749109013582e-05
0.02,uniform_bound,0.113,0.00019128181679625673,0.00016304736100000001,2.8234455796256723e-05
0.02,uniform_bound,0.114,0.00021185794848349983,0.00016889601600000002,4.296193248349981e-05
0.02,uniform_bound,0.115,0.00023243408017074293,0.00017490062500000002,5.7533455170742914e-05
0.02,uniform_bound,0.11600000000000001,0.00025301021185798603,0.00018106393600000003,7.1946275857986009e-05
0.02,uniform_bound,0.11700000000000001,0.00027358634354522919,0.00018738872100000005,8.6197622545229141e-05
0.02,uniform_bound,0.11799999999999999,0.00029416247523247202,0.00019387777599999995,0.00010028469923247207
0.02,uniform_bound,0.11899999999999999,0.00031473860691971512,0.00020053392099999995,0.00011420468591971517
0.02,uniform_bound,0.12,0.00033531473860695822,0.00020735999999999997,0.00012795473860695826
0.02,uniform_bound,0.121,0.00035589087029420138,0.00021435888099999997,0.00014153198929420141
0.02,uniform_bound,0.122,0.00037646700198144443,0.00022153345599999999,0.00015493354598144444
0.02,uniform_bound,0.123,0.00039704313366868758,0.00022888664099999999,0.00016815649266868759
0.02,uniform_bound,0.124,0.00041761926535593068,0.00023642137599999999,0.00018119788935593069
0.02,uniform_bound,0.125,0.00043819539704317384,0.000244140625,0.00019405477204317384
0.02,uniform_bound,0.126,0.00045877152873041694,0.000252047376,0.00020672415273041694
0.02,uniform_bound,0.127,0.00047934766041766004,0.00026014464100000001,0.00021920301941766003
0.02,uniform_bound,0.128,0.00049992379210490314,0.00026843545600000005,0.0002314883361049031
0.02,uniform_bound,0.129,0.0005204999237921463,0.00027692288100000003,0.00024357704279214627
0.02,uniform_bound,0.13,0.00054107605547938946,0.00028561000000000005,0.0002554660554793894
0.02,uniform_bound,0.13100000000000001,0.00056165218716663261,0.00029449992100000005,0.00026715226616663256
0.02,uniform_bound,0.13200000000000001,0.00058222831885387555,0.00030359577600000008,0.00027863254285387547
0.02,uniform_bound,0.13300000000000001,0.00060280445054111871,0.00031290072100000006,0.00028990372954111864
0.02,uniform_bound,0.13400000000000001,0.00062338058222836186,0.00032241793600000008,0.00030096264622836178
0.02,uniform_bound,0.13500000000000001,0.00064395671391560502,0.00033215062500000007,0.00031180608891560494
0.02,uniform_bound,0.13600000000000001,0.00066453284560284806,0.0003421020160000001,0.00032243082960284797
0.02,uniform_bound,0.13700000000000001,0.00068510897729009122,0.00035227536100000011,0.00033283361629009111
0.02,uniform_bound,0.13800000000000001,0.00070568510897733438,0.0003626739360000001,0.00034301117297733428
0.02,uniform_bound,0.13900000000000001,0.00072626124066457742,0.00037330104100000014,0.00035296019966457728
0.02,uniform_bound,0.14000000000000001,0.00074683737235182047,0.00038416000000000014,0.00036267737235182033
0.02,uniform_bound,0.14099999999999999,0.00076741350403906308,0.00039525416099999984,0.00037215934303906325
0.02,uniform_bound,0.14199999999999999,0.00078798963572630624,0.00040658689599999985,0.00038140273972630639
0.02,uniform_bound,0.14299999999999999,0.00080856576741354929,0.00041816160099999989,0.0003904041664135494
0.02,uniform_bound,0.14399999999999999,0.00082914189910079255,0.00042998169599999989,0.00039916020310079266
0.02,uniform_bound,0.14499999999999999,0.0008497180307880356,0.00044205062499999987,0.00040766740578803573
0.02,uniform_bound,0.14599999999999999,0.00087029416247527865,0.0004543718559999999,0.00041592230647527874
0.02,uniform_bound,0.14699999999999999,0.0008908702941625218,0.00046694888099999991,0.00042392141316252189
0.02,uniform_bound,0.14799999999999999,0.00091144642584976485,0.00047978521599999988,0.00043166120984976497
0.02,uniform_bound,0.14899999999999999,0.00093202255753700811,0.00049288440099999988,0.00043913815653700823
0.02,uniform_bound,0.14999999999999999,0.00095259868922425116,0.00050624999999999997,0.00044634868922425119
0.02,uniform_bound,0.151,0.00097317482091149421,0.00051988560099999997,0.00045328921991149424
0.02,uniform_bound,0.152,0.00099375095259873736,0.00053379481599999997,0.00045995613659873739
0.02,uniform_bound,0.153,0.0010143270842859805,0.00054798128099999997,0.00046634580328598055
0.02,uniform_bound,0.154,0.0010349032159732237,0.00056244865599999999,0.00047245455997322369
0.02,uniform_bound,0.155,0.0010554793476604666,0.00057720062499999993,0.00047827872266046668
0.02,uniform_bound,0.156,0.0010760554793477098,0.00059224089599999995,0.00048381458334770982
0.02,uniform_bound,0.157,0.0010966316110349529,0.00060757320099999999,0.00048905841003495294
0.02,uniform_bound,0.158,0.0011172077427221961,0.00062320129599999999,0.00049400644672219609
0.02,uniform_bound,0.159,0.0011377838744094392,0.00063912896100000005,0.00049865491340943919
0.02,uniform_bound,0.16,0.0011583600060966824,0.00065536000000000001,0.00050300000609668238
0.02,uniform_bound,0.161,0.0011789361377839253,0.0006718982410000001,0.00050703789678392523
0.02,uniform_bound,0.16200000000000001,0.0011995122694711687,0.00068874753600000011,0.0005107647334711686
0.02,uniform_bound,0.16300000000000001,0.0012200884011584116,0.00070591176100000014,0.0005141766401584115
0.02,uniform_bound,0.16400000000000001,0.0012406645328456548,0.00072339481600000013,0.00051726971684565466
0.02,uniform_bound,0.16500000000000001,0.001261240664532898,0.00074120062500000012,0.00052004003953289783
0.02,uniform_bound,0.16600000000000001,0.0012818167962201409,0.00075933313600000016,0.00052248366022014073
0.02,uniform_bound,0.16700000000000001,0.0013023929279073843,0.00077779632100000021,0.00052459660690738405
0.02,uniform_bound,0.16800000000000001,0.0013229690595946272,0.00079659417600000024,0.00052637488359462696
0.02,uniform_bound,0.16900000000000001,0.0013435451912818704,0.00081573072100000023,0.00052781447028187013
0.02,uniform_bound,0.17000000000000001,0.0013641213229691135,0.00083521000000000029,0.00052891132296911322
0.02,uniform_bound,0.17100000000000001,0.0013846974546563565,0.00085503608100000021,0.00052966137365635625
0.02,uniform_bound,0.17199999999999999,0.0014052735863435992,0.00087521305599999968,0.0005300605303435995
0.02,uniform_bound,0.17299999999999999,0.0014258497180308421,0.00089574504099999971,0.0005301046770308424
0.02,uniform_bound,0.17399999999999999,0.0014464258497180855,0.0009166361759999997,0.00052978967371808579
0.02,uniform_bound,0.17499999999999999,0.0014670019814053284,0.00093789062499999981,0.00052911135640532861
0.02,uniform_bound,0.17599999999999999,0.0014875781130925716,0.0009595125759999998,0.00052806553709257179
0.02,uniform_bound,0.17699999999999999,0.0015081542447798147,0.00098150624099999973,0.00052664800377981501
0.02,uniform_bound,0.17799999999999999,0.0015287303764670577,0.0010038758559999998,0.00052485452046705785
0.02,uniform_bound,0.17899999999999999,0.001549306508154301,0.0010266256809999999,0.00052268082715430119
0.02,uniform_bound,0.17999999999999999,0.001569882639841544,0.0010497599999999998,0.00052012263984154415
0.02,uniform_bound,0.18099999999999999,0.0015904587715287871,0.0010732831209999999,0.00051717565052878723
0.02,uniform_bound,0.182,0.0016110349032160303,0.0010971993759999999,0.00051383552721603041
0.02,uniform_bound,0.183,0.0016316110349032735,0.0011215131209999999,0.00051009791390327353
0.02,uniform_bound,0.184,0.0016521871665905166,0.0011462287359999999,0.00050595843059051673
0.02,uniform_bound,0.185,0.0016727632982777596,0.0011713506249999999,0.00050141267327775962
0.02,uniform_bound,0.186,0.0016933394299650027,0.0011968832159999999,0.00049645621396500277
0.02,uniform_bound,0.187,0.0017139155616522459,0.0012228309609999999,0.00049108460065224596
0.02,uniform_bound,0.188,0.001734491693339489,0.0012491983359999999,0.00048529335733948908
0.02,uniform_bound,0.189,0.0017550678250267322,0.0012759898410000001,0.00047907798402673212
0.02,uniform_bound,0.19,0.0017756439567139753,0.00130321,0.00047243395671397537
0.02,uniform_bound,0.191,0.0017962200884012183,0.0013308633610000001,0.00046535672740121814
0.02,uniform_bound,0.192,0.0018167962200884614,0.0013589544960000001,0.00045784172408846135
0.02,uniform_bound,0.193,0.0018373723517757046,0.0013874880010000001,0.00044988435077570449
0.02,uniform_bound,0.19400000000000001,0.0018579484834629477,0.0014164684960000001,0.00044147998746294761
0.02,uniform_bound,0.19500000000000001,0.0018785246151501909,0.0014459006250000003,0.00043262399015019061
0.02,uniform_bound,0.19600000000000001,0.0018991007468374338,0.0014757890560000001,0.0004233116908374337
0.02,uniform_bound,0.19700000000000001,0.001919676878524677,0.0015061384810000002,0.00041353839752467677
0.02,uniform_bound,0.19800000000000001,0.0019402530102119201,0.0015369536160000003,0.00040329939421191981
0.02,uniform_bound,0.19900000000000001,0.0019608291418991633,0.0015682392010000004,0.00039258994089916288
0.02,uniform_bound,0.20000000000000001,0.0019814052735864065,0.0016000000000000003,0.00038140527358640616
0.02,uniform_bound,0.20100000000000001,0.0020019814052736496,0.0016322408010000003,0.00036974060427364926
0.02,uniform_bound,0.20200000000000001,0.0020225575369608928,0.0016649664160000004,0.00035759112096089233
0.02,uniform_bound,0.20300000000000001,0.0020431336686481359,0.0016981816810000005,0.00034495198764813539
0.02,uniform_bound,0.20399999999999999,0.0020637098003353782,0.0017318914559999996,0.00033181834433537857
0.02,uniform_bound,0.20499999999999999,0.0020842859320226214,0.0017661006249999995,0.00031818530702262186
0.02,uniform_bound,0.20599999999999999,0.0021048620637098645,0.0018008140959999996,0.00030404796770986493
0.02,uniform_bound,0.20699999999999999,0.0021254381953971077,0.0018360368009999997,0.00028940139439710797
0.02,uniform_bound,0.20799999999999999,0.0021460143270843508,0.0018717736959999996,0.00027424063108435126
0.02,uniform_bound,0.20899999999999999,0.002166590458771594,0.0019080297609999997,0.00025856069777159432
0.02,uniform_bound,0.20999999999999999,0.0021871665904588367,0.0019448099999999997,0.00024235659045883698
0.02,uniform_bound,0.21099999999999999,0.0022077427221460803,0.0019821194409999996,0.00022562328114608069
0.02,uniform_bound,0.21199999999999999,0.0022283188538333235,0.0020199631359999999,0.00020835571783332351
0.02,uniform_bound,0.21299999999999999,0.0022488949855205662,0.0020583461609999998,0.00019054882452056643
0.02,uniform_bound,0.214,0.0022694711172078093,0.0020972736159999999,0.00017219750120780943
0.02,uniform_bound,0.215,0.0022900472488950525,0.0021367506249999999,0.00015329662389505262
0.02,uniform_bound,0.216,0.0023106233805822956,0.0021767823359999999,0.00013384104458229575
0.02,uniform_bound,0.217,0.0023311995122695388,0.0022173739210000001,0.00011382559126953866
0.02,uniform_bound,0.218,0.002351775643956782,0.0022585305759999998,9.3245067956782175e-05
0.02,uniform_bound,0.219,0.0023723517756440247,0.0023002575210000001,7.2094254644024594e-05
0.02,uniform_bound,0.22,0.0023929279073312678,0.00234256,5.0367907331267791e-05
0.02,uniform_bound,0.221,0.0024135040390185114,0.0023854432810000003,2.8060758018511132e-05
0.02,uniform_bound,0.222,0.0024340801707057546,0.0024289126560000001,5.1675147057545119e-06
0.02,uniform_bound,0.223,0.0025080018289895538,0.0024729734410000002,3.5028387989553562e-05
0.02,uniform_bound,0.224,0.0025971650663009398,0.0025176309760000003,7.9534090300939497e-05
0.02,uniform_bound,0.22500000000000001,0.0026863283036123254,0.0025628906250000001,0.0001234376786123253
0.02,uniform_bound,0.22600000000000001,0.0027754915409237114,0.0026087577760000001,0.00016673376492371125
0.02,uniform_bound,0.22700000000000001,0.0028646547782350969,0.0026552378410000005,0.00020941693723509642
0.02,uniform_bound,0.22800000000000001,0.0029538180155464829,0.0027023362560000003,0.00025148175954648258
0.02,uniform_bound,0.22900000000000001,0.0030429812528578685,0.0027500584810000003,0.00029292277185786813
0.02,uniform_bound,0.23000000000000001,0.0031321444901692545,0.0027984100000000003,0.00033373449016925417
0.02,uniform_bound,0.23100000000000001,0.00322130772748064,0.0028473963210000003,0.00037391140648063972
0.02,uniform_bound,0.23200000000000001,0.003310470964792026,0.0028970229760000004,0.00041344798879202563
0.02,uniform_bound,0.23300000000000001,0.0033996342021034116,0.0029472955210000005,0.00045233868110341113
0.02,uniform_bound,0.23400000000000001,0.0034887974394147972,0.0029982195360000008,0.00049057790341479638
0.02,uniform_bound,0.23499999999999999,0.003577960676726181,0.0030498006249999993,0.00052816005172618167
0.02,uniform_bound,0.23599999999999999,0.0036671239140375666,0.0031020444159999992,0.00056507949803756737
0.02,uniform_bound,0.23699999999999999,0.0037562871513489521,0.0031549565609999995,0.00060133059034895263
0.02,uniform_bound,0.23799999999999999,0.0038454503886603381,0.0032085427359999992,0.00063690765266033889
0.02,uniform_bound,0.23899999999999999,0.0039346136259717241,0.0032628086409999995,0.00067180498497172465
0.02,uniform_bound,0.23999999999999999,0.0040237768632831097,0.0033177599999999995,0.00070601686328311021
0.02,uniform_bound,0.24099999999999999,0.0041129401005944952,0.0033734025609999997,0.00073953753959449557
0.02,uniform_bound,0.24199999999999999,0.0042021033379058808,0.0034297420959999996,0.00077236124190588123
0.02,uniform_bound,0.24299999999999999,0.0042912665752172672,0.0034867844009999998,0.00080448217421726738
0.02,uniform_bound,0.24399999999999999,0.0043804298125286528,0.0035445352959999998,0.00083589451652865297
0.02,uniform_bound,0.245,0.0044695930498400383,0.0036030006249999995,0.00086659242484003881
0.02,uniform_bound,0.246,0.0045587562871514248,0.0036621862559999998,0.00089657003115142494
0.02,uniform_bound,0.247,0.0046479195244628103,0.0037220980809999997,0.00092582144346281059
0.02,uniform_bound,0.248,0.0047370827617741959,0.0037827420159999999,0.00095434074577419601
0.02,uniform_bound,0.249,0.0048262459990855815,0.003844124001,0.00098212199808558149
0.02,uniform_bound,0.25,0.004915409236396967,0.00390625,0.001009159236396967
0.02,uniform_bound,0.251,0.0050045724737083526,0.0039691260010000003,0.0010354464727083523
0.02,uniform_bound,0.252,0.0050937357110197382,0.0040327580159999999,0.0010609776950197382
0.02,uniform_bound,0.253,0.0051828989483311255,0.0040971520809999998,0.0010857468673311256
0.02,uniform_bound,0.254,0.005272062185642511,0.0041623142560000001,0.0011097479296425109
0.02,uniform_bound,0.255,0.0053612254229538966,0.0042282506249999999,0.0011329747979538967
0.02,uniform_bound,0.25600000000000001,0.0054503886602652821,0.0042949672960000008,0.0011554213642652814
0.02,uniform_bound,0.25700000000000001,0.0055395518975766677,0.0043624704010000008,0.0011770814965766669
0.02,uniform_bound,0.25800000000000001,0.0056287151348880533,0.0044307660960000005,0.0011979490388880527
0.02,uniform_bound,0.25900000000000001,0.0057178783721994397,0.0044998605610000004,0.0012180178111994393
0.02,uniform_bound,0.26000000000000001,0.0058070416095108253,0.0045697600000000008,0.0012372816095108244
0.02,uniform_bound,0.26100000000000001,0.0058962048468222108,0.0046404706410000003,0.0012557342058222105
0.02,uniform_bound,0.26200000000000001,0.0059853680841335972,0.0047119987360000008,0.0012733693481335965
0.02,uniform_bound,0.26300000000000001,0.0060745313214449828,0.0047843505610000005,0.0012901807604449823
0.02,uniform_bound,0.26400000000000001,0.0061636945587563684,0.0048575324160000013,0.0013061621427563671
0.02,uniform_bound,0.26500000000000001,0.0062528577960677539,0.0049315506250000012,0.0013213071710677527
0.02,uniform_bound,0.26600000000000001,0.0063420210333791395,0.005006411536000001,0.0013356094973791385
0.02,uniform_bound,0.26700000000000002,0.0064311842706905259,0.0050821215210000012,0.0013490627496905248
0.02,uniform_bound,0.26800000000000002,0.0065203475080019115,0.0051586869760000013,0.0013616605320019102
0.02,uniform_bound,0.26900000000000002,0.0066095107453132971,0.0052361143210000009,0.0013733964243132961
0.02,uniform_bound,0.27000000000000002,0.0066986739826246826,0.0053144100000000012,0.0013842639826246814
0.02,uniform_bound,0.27100000000000002,0.0067878372199360682,0.0053935804810000014,0.0013942567389360668
0.02,uniform_bound,0.27200000000000002,0.0068770004572474537,0.0054736322560000016,0.0014033682012474522
0.02,uniform_bound,0.27300000000000002,0.0069661636945588402,0.0055545718410000017,0.0014115918535588384
0.02,uniform_bound,0.27400000000000002,0.0070553269318702266,0.0056364057760000018,0.0014189211558702248
0.02,uniform_bound,0.27500000000000002,0.0071444901691816113,0.0057191406250000016,0.0014253495441816097
0.02,uniform_bound,0.27600000000000002,0.0072336534064929977,0.0058027829760000016,0.0014308704304929962
0.02,uniform_bound,0.27700000000000002,0.0073228166438043833,0.0058873394410000023,0.001435477202804381
0.02,uniform_bound,0.27800000000000002,0.0074119798811157689,0.0059728166560000023,0.0014391632251157666
0.02,uniform_bound,0.27900000000000003,0.0075011431184271553,0.006059221281000002,0.0014419218374271533
0.02,uniform_bound,0.28000000000000003,0.0075903063557385408,0.0061465600000000023,0.0014437463557385385
0.02,uniform_bound,0.28100000000000003,0.0076794695930499264,0.0062348395210000025,0.0014446300720499239
0.02,uniform_bound,0.28199999999999997,0.0077686328303613076,0.0063240665759999974,0.0014445662543613102
0.02,uniform_bound,0.28299999999999997,0.0078577960676726941,0.0064142479209999973,0.0014435481466726968
0.02,uniform_bound,0.28399999999999997,0.0079469593049840796,0.0065053903359999976,0.0014415689689840821
0.02,uniform_bound,0.28499999999999998,0.0080361225422954652,0.006597500624999998,0.0014386219172954672
0.02,uniform_bound,0.28599999999999998,0.0081252857796068508,0.0066905856159999982,0.0014347001636068526
0.02,uniform_bound,0.28699999999999998,0.0082144490169182363,0.0067846521609999976,0.0014297968559182387
0.02,uniform_bound,0.28799999999999998,0.0083036122542296219,0.0068797071359999983,0.0014239051182296236
0.02,uniform_bound,0.28899999999999998,0.0083927754915410074,0.0069757574409999978,0.0014170180505410097
0.02,uniform_bound,0.28999999999999998,0.008481938728852393,0.007072809999999998,0.001409128728852395
0.02,uniform_bound,0.29099999999999998,0.0085711019661637786,0.0071708717609999979,0.0014002302051637806
0.02,uniform_bound,0.29199999999999998,0.0086602652034751641,0.0072699496959999985,0.0013903155074751657
0.02,uniform_bound,0.29299999999999998,0.0087494284407865497,0.0073700508009999985,0.0013793776397865512
0.02,uniform_bound,0.29399999999999998,0.008838591678097937,0.0074711820959999986,0.0013674095820979384
0.02,uniform_bound,0.29499999999999998,0.0089277549154093208,0.0075733506249999983,0.0013544042904093225
0.02,uniform_bound,0.29599999999999999,0.0090169181527207081,0.0076765634559999981,0.00134035469672071
0.02,uniform_bound,0.29699999999999999,0.0091060813900320954,0.0077808276809999983,0.0013252537090320971
0.02,uniform_bound,0.29799999999999999,0.0091952446273434792,0.0078861504159999981,0.0013090942113434811
0.02,uniform_bound,0.29899999999999999,0.0092844078646548665,0.0079925388009999994,0.0012918690636548671
0.02,uniform_bound,0.29999999999999999,0.0093735711019662521,0.0080999999999999996,0.0012735711019662525
0.02,uniform_bound,0.30099999999999999,0.0094627343392776377,0.0082085412009999994,0.0012541931382776383
0.02,uniform_bound,0.30199999999999999,0.0095518975765890232,0.0083181696159999995,0.0012337279605890237
0.02,uniform_bound,0.30299999999999999,0.0096410608139004088,0.0084288924809999988,0.0012121683329004099
0.02,uniform_bound,0.30399999999999999,0.0097302240512117943,0.0085407170559999995,0.0011895069952117948
0.02,uniform_bound,0.30499999999999999,0.0098193872885231799,0.0086536506249999985,0.0011657366635231814
0.02,uniform_bound,0.30599999999999999,0.0099085505258345655,0.0087677004959999996,0.0011408500298345659
0.02,uniform_bound,0.307,0.009997713763145951,0.0088828740009999994,0.0011148397621459517
0.02,uniform_bound,0.308,0.010086877000457337,0.0089991784959999998,0.0010876985044573368
0.02,uniform_bound,0.309,0.010176040237768724,0.0091166213609999991,0.0010594188767687248
0.02,uniform_bound,0.31,0.010265203475080109,0.0092352099999999989,0.0010299934750801105
0.02,uniform_bound,0.311,0.010354366712391495,0.009354951840999999,0.00099941487139149597
0.02,uniform_bound,0.312,0.010443529949702881,0.0094758543359999992,0.00096767561370288135
0.02,uniform_bound,0.313,0.010532693187014266,0.0095979249610000008,0.00093476822601426535
0.02,uniform_bound,0.314,0.010621856424325652,0.0097211712159999998,0.0009006852083256519
0.02,uniform_bound,0.315,0.010711019661637039,0.0098456006250000009,0.00086541903663703811
0.02,uniform_bound,0.316,0.010800182898948423,0.0099712207359999999,0.00082896216294842291
0.02,uniform_bound,0.317,0.01088934613625981,0.010098039121000001,0.00079130701525980882
0.02,uniform_bound,0.318,0.010978509373571196,0.010226063376000001,0.00075244599757119494
0.02,uniform_bound,0.31900000000000001,0.011067672610882581,0.010355301121000001,0.00071237148988258052
0.02,uniform_bound,0.32000000000000001,0.011156835848193967,0.01048576,0.0006710758481939666
0.02,uniform_bound,0.32100000000000001,0.011245999085505352,0.010617447681000002,0.00062855140450535085
0.02,uniform_bound,0.32200000000000001,0.01133516232281674,0.010750371856000002,0.00058479046681673801
0.02,uniform_bound,0.32300000000000001,0.011424325560128124,0.010884540241000001,0.00053978531912812246
0.02,uniform_bound,0.32400000000000001,0.011513488797439509,0.011019960576000002,0.00049352822143950738
0.02,uniform_bound,0.32500000000000001,0.011602652034750896,0.011156640625000002,0.0004460114097508943
0.02,uniform_bound,0.32600000000000001,0.011691815272062282,0.011294588176000002,0.00039722709606227966
0.02,uniform_bound,0.32700000000000001,0.011780978509373667,0.011433811041000002,0.00034716746837366516
0.02,uniform_bound,0.32800000000000001,0.011870141746685053,0.011574317056000002,0.00029582469068505091
0.02,uniform_bound,0.32900000000000001,0.011959304983996439,0.011716114081000002,0.00024319090299643707
0.02,uniform_bound,0.33000000000000002,0.012048468221307824,0.011859210000000002,0.0001892582213078222
0.02,uniform_bound,0.33100000000000002,0.012137631458619211,0.012003612721000003,0.00013401873761920841
0.02,uniform_bound,0.33200000000000002,0.012226794695930597,0.012149330176000003,7.7464519930594417e-05
0.02,uniform_bound,0.33300000000000002,0.012315957933241981,0.012296370321000004,1.9587612241977331e-05
0.02,uniform_bound,0.33400000000000002,0.012505715592135449,0.012444741136000003,6.0974456135445484e-05
0.02,uniform_bound,0.33500000000000002,0.012745770461819949,0.012594450625000003,0.00015131983681994539
0.02,uniform_bound,0.33600000000000002,0.012985825331504448,0.012745506816000004,0.00024031851550444447
0.02,uniform_bound,0.33700000000000002,0.013225880201188948,0.012897917761000003,0.00032796244018894541
0.02,uniform_bound,0.33800000000000002,0.013465935070873448,0.013051691536000004,0.00041424353487344405
0.02,uniform_bound,0.33900000000000002,0.013705989940557948,0.013206836241000004,0.00049915369955794327
0.02,uniform_bound,0.34000000000000002,0.013946044810242447,0.013363360000000005,0.00058268481024244256
0.02,uniform_bound,0.34100000000000003,0.014186099679926947,0.013521270961000004,0.00066482871892694327
0.02,uniform_bound,0.34200000000000003,0.014426154549611447,0.013680577296000003,0.00074557725361144335
0.02,uniform_bound,0.34300000000000003,0.014666209419295946,0.013841287201000004,0.00082492221829594259
0.02,uniform_bound,0.34399999999999997,0.014906264288980432,0.014003408895999995,0.0009028553929804374
0.02,uniform_bound,0.34499999999999997,0.015146319158664932,0.014166950624999996,0.00097936853366493645
0.02,uniform_bound,0.34599999999999997,0.015386374028349432,0.014331920655999995,0.0010544533723494363
0.02,uniform_bound,0.34699999999999998,0.01562642889803393,0.014498327280999996,0.0011281016170339338
0.02,uniform_bound,0.34799999999999998,0.015866483767718431,0.014666178815999995,0.001200304951718436
0.02,uniform_bound,0.34899999999999998,0.016106538637402933,0.014835483600999996,0.0012710550364029363
0.02,uniform_bound,0.34999999999999998,0.016346593507087431,0.015006249999999997,0.0013403435070874336
0.02,uniform_bound,0.35099999999999998,0.016586648376771929,0.015178486400999997,0.0014081619757719318
0.02,uniform_bound,0.35199999999999998,0.01682670324645643,0.015352201215999997,0.0014745020304564333
0.02,uniform_bound,0.35299999999999998,0.017066758116140932,0.015527402880999996,0.0015393552351409354
0.02,uniform_bound,0.35399999999999998,0.01730681298582543,0.015704099855999996,0.0016027131298254338
0.02,uniform_bound,0.35499999999999998,0.017546867855509928,0.015882300624999998,0.0016645672305099293
0.02,uniform_bound,0.35599999999999998,0.017786922725194429,0.016062013695999997,0.0017249090291944318
0.02,uniform_bound,0.35699999999999998,0.01802697759487893,0.016243247600999999,0.0017837299938789318
0.02,uniform_bound,0.35799999999999998,0.018267032464563428,0.016426010895999998,0.0018410215685634307
0.02,uniform_bound,0.35899999999999999,0.018507087334247926,0.016610312160999997,0.0018967751732479297
0.02,uniform_bound,0.35999999999999999,0.018747142203932428,0.016796159999999997,0.0019509822039324304
0.02,uniform_bound,0.36099999999999999,0.018987197073616926,0.016983563040999999,0.0020036340326169272
0.02,uniform_bound,0.36199999999999999,0.019227251943301427,0.017172529935999999,0.0020547220073014287
0.02,uniform_bound,0.36299999999999999,0.019467306812985925,0.017363069360999999,0.0021042374519859262
0.02,uniform_bound,0.36399999999999999,0.019707361682670427,0.017555190015999998,0.0021521716666704285
0.02,uniform_bound,0.36499999999999999,0.019947416552354925,0.017748900624999998,0.0021985159273549271
0.02,uniform_bound,0.36599999999999999,0.020187471422039423,0.017944209935999999,0.0022432614860394239
0.02,uniform_bound,0.36699999999999999,0.020427526291723924,0.018141126721,0.0022863995707239244
0.02,uniform_bound,0.36799999999999999,0.020667581161408426,0.018339659775999998,0.0023279213854084276
0.02,uniform_bound,0.36899999999999999,0.020907636031092924,0.018539817920999999,0.0023678181100929251
0.02,uniform_bound,0.37,0.021147690900777425,0.018741609999999999,0.0024060809007774263
0.02,uniform_bound,0.371,0.021387745770461923,0.018945044881,0.0024427008894619233
0.02,uniform_bound,0.372,0.021627800640146425,0.019150131455999999,0.0024776691841464256
0.02,uniform_bound,0.373,0.021867855509830926,0.019356878641000001,0.0025109768688309254
0.02,uniform_bound,0.374,0.022107910379515421,0.019565295375999998,0.0025426150035154221
0.02,uniform_bound,0.375,0.022347965249199922,0.019775390625,0.002572574624199922
0.02,uniform_bound,0.376,0.022588020118884423,0.019987173375999999,0.0026008467428844245
0.02,uniform_bound,0.377,0.022828074988568921,0.020200652640999999,0.0026274223475689223
0.02,uniform_bound,0.378,0.023068129858253419,0.020415837456000001,0.0026522924022534186
0.02,uniform_bound,0.379,0.023308184727937921,0.020632736881000001,0.00267544784693792
0.02,uniform_bound,0.38,0.023548239597622422,0.020851359999999999,0.002696879597622423
0.02,uniform_bound,0.38100000000000001,0.02378829446730692,0.021071715921,0.0027165785463069206
0.02,uniform_bound,0.38200000000000001,0.024028349336991418,0.021293813776000002,0.0027345355609914163
0.02,uniform_bound,0.38300000000000001,0.02426840420667592,0.021517662721000003,0.0027507414856759171
0.02,uniform_bound,0.38400000000000001,0.024508459076360421,0.021743271936000001,0.00276518714036042
0.02,uniform_bound,0.38500000000000001,0.024748513946044919,0.021970650625000001,0.0027778633210449183
0.02,uniform_bound,0.38600000000000001,0.024988568815729417,0.022199808016000001,0.0027887607997294159
0.02,uniform_bound,0.38700000000000001,0.025228623685413919,0.022430753361000002,0.0027978703244139168
0.02,uniform_bound,0.38800000000000001,0.02546867855509842,0.022663495936000002,0.0028051826190984182
0.02,uniform_bound,0.38900000000000001,0.025708733424782918,0.022898045041000004,0.0028106883837829139
0.02,uniform_bound,0.39000000000000001,0.02594878829446742,0.023134410000000005,0.0028143782944674151
0.02,uniform_bound,0.39100000000000001,0.026188843164151918,0.023372600161000002,0.0028162430031519158
0.02,uniform_bound,0.39200000000000002,0.026428898033836419,0.023612624896000002,0.002816273137836417
0.02,uniform_bound,0.39300000000000002,0.026668952903520914,0.023854493601000004,0.0028144593025209094
0.02,uniform_bound,0.39400000000000002,0.026909007773205415,0.024098215696000003,0.0028107920772054117
0.02,uniform_bound,0.39500000000000002,0.027149062642889916,0.024343800625000005,0.0028052620178899111
0.02,uniform_bound,0.39600000000000002,0.027389117512574414,0.024591257856000005,0.0027978596565744092
0.02,uniform_bound,0.39700000000000002,0.027629172382258916,0.024840596881000005,0.0027885755012589108
0.02,uniform_bound,0.39800000000000002,0.027869227251943414,0.025091827216000007,0.0027774000359434073
0.02,uniform_bound,0.39900000000000002,0.028109282121627915,0.025344958401000005,0.0027643237206279106
0.02,uniform_bound,0.40000000000000002,0.028349336991312417,0.025600000000000005,0.0027493369913124122
0.02,uniform_bound,0.40100000000000002,0.028589391860996918,0.025856961601000004,0.0027324302599969139
0.02,uniform_bound,0.40200000000000002,0.028829446730681413,0.026115852816000006,0.0027135939146814073
0.02,uniform_bound,0.40300000000000002,0.029069501600365914,0.026376683281000006,0.0026928183193659083
0.02,uniform_bound,0.40400000000000003,0.029309556470050416,0.026639462656000007,0.0026700938140504088
0.02,uniform_bound,0.40500000000000003,0.02954961133973491,0.026904200625000006,0.002645410714734904
0.02,uniform_bound,0.40600000000000003,0.029789666209419412,0.027170906896000008,0.0026187593134194033
0.02,uniform_bound,0.40699999999999997,0.030029721079103899,0.027439591200999994,0.0025901298781039056
0.02,uniform_bound,0.40799999999999997,0.030269775948788401,0.027710263295999994,0.0025595126527884066
0.02,uniform_bound,0.40899999999999997,0.030509830818472902,0.027982932960999993,0.0025268978574729088
0.02,uniform_bound,0.40999999999999998,0.030749885688157397,0.028257609999999992,0.0024922756881574047
0.02,uniform_bound,0.41099999999999998,0.030989940557841898,0.028534304240999994,0.002455636316841904
0.02,uniform_bound,0.41199999999999998,0.0312299954275264,0.028813025535999993,0.0024169698915264062
0.02,uniform_bound,0.41299999999999998,0.031470050297210894,0.029093783760999994,0.0023762665362109005
0.02,uniform_bound,0.41399999999999998,0.031710105166895396,0.029376588815999995,0.0023335163508954003
0.02,uniform_bound,0.41499999999999998,0.031950160036579897,0.029661450624999995,0.002288709411579902
0.02,uniform_bound,0.41599999999999998,0.032190214906264399,0.029948379135999993,0.0022418357702644054
0.02,uniform_bound,0.41699999999999998,0.032430269775948893,0.030237384320999993,0.0021928854549489001
0.02,uniform_bound,0.41799999999999998,0.032670324645633395,0.030528476175999995,0.0021418484696333999
0.02,uniform_bound,0.41899999999999998,0.032910379515317896,0.030821664720999994,0.0020887147943179016
0.02,uniform_bound,0.41999999999999998,0.033150434385002391,0.031116959999999996,0.0020334743850023949
0.02,uniform_bound,0.42099999999999999,0.033390489254686899,0.031414372080999994,0.0019761171736869046
0.02,uniform_bound,0.42199999999999999,0.033630544124371393,0.031713911055999994,0.0019166330683713997
0.02,uniform_bound,0.42299999999999999,0.033870598994055895,0.032015587040999993,0.0018550119530559017
0.02,uniform_bound,0.42399999999999999,0.034110653863740396,0.032319410175999999,0.0017912436877403973
0.02,uniform_bound,0.42499999999999999,0.034350708733424891,0.032625390624999993,0.0017253181084248975
0.02,uniform_bound,0.42599999999999999,0.034590763603109392,0.032933538575999996,0.0016572250271093963
0.02,uniform_bound,0.42699999999999999,0.034830818472793894,0.033243864240999996,0.0015869542317938981
0.02,uniform_bound,0.42799999999999999,0.035070873342478395,0.033556377855999998,0.0015144954864783969
0.02,uniform_bound,0.42899999999999999,0.03531092821216289,0.033871089681,0.0014398385311628903
0.02,uniform_bound,0.42999999999999999,0.035550983081847391,0.034188009999999998,0.0013629730818473934
0.02,uniform_bound,0.43099999999999999,0.035791037951531893,0.034507149120999996,0.0012838888305318971
0.02,uniform_bound,0.432,0.036031092821216387,0.034828517375999998,0.0012025754452163889
0.02,uniform_bound,0.433,0.036271147690900896,0.035152125121000001,0.0011190225699008946
0.02,uniform_bound,0.434,0.03651120256058539,0.035477982736000002,0.001033219824585388
0.02,uniform_bound,0.435,0.036751257430269892,0.035806100624999997,0.00094515680526989498
0.02,uniform_bound,0.436,0.036991312299954386,0.036136489215999996,0.00085482308395438966
0.02,uniform_bound,0.437,0.037231367169638888,0.036469158961000003,0.00076220820863888428
0.02,uniform_bound,0.438,0.037471422039323389,0.036804120336000001,0.00066730170332338773
0.02,uniform_bound,0.439,0.037711476909007891,0.037141383840999999,0.00057009306800789167
0.02,uniform_bound,0.44,0.037951531778692392,0.037480960000000001,0.00047057177869239131
0.02,uniform_bound,0.441,0.038191586648376886,0.037822859361000001,0.00036872728737688543
0.02,uniform_bound,0.442,0.038431641518061388,0.038167092496000005,0.00026454902206138331
0.02,uniform_bound,0.443,0.038671696387745889,0.038513670000999999,0.00015802638674589087
0.02,uniform_bound,0.44400000000000001,0.038911751257430384,0.038862602496000001,4.9148761430382881e-05
0.02,uniform_bound,0.44500000000000001,0.039299649443682493,0.039213900624999999,8.57488186824934e-05
0.02,uniform_bound,0.44600000000000001,0.039805822283188672,0.039567575056000004,0.00023824722718866764
0.02,uniform_bound,0.44700000000000001,0.040311995122694844,0.039923636481000002,0.00038835864169484147
0.02,uniform_bound,0.44800000000000001,0.040818167962201016,0.040282095616000005,0.00053607234620101085
0.02,uniform_bound,0.44900000000000001,0.041324340801707188,0.040642963201000006,0.00068137760070718228
0.02,uniform_bound,0.45000000000000001,0.041830513641213367,0.041006250000000001,0.00082426364121336582
0.02,uniform_bound,0.45100000000000001,0.042336686480719539,0.041371966801000006,0.00096471967971953343
0.02,uniform_bound,0.45200000000000001,0.042842859320225711,0.041740124416000002,0.0011027349042257092
0.02,uniform_bound,0.45300000000000001,0.04334903215973189,0.042110733681000004,0.0012382984787318863
0.02,uniform_bound,0.45400000000000001,0.043855204999238062,0.042483805456000008,0.0013713995432380541
0.02,uniform_bound,0.45500000000000002,0.044361377838744234,0.042859350625000008,0.0015020272137442267
0.02,uniform_bound,0.45600000000000002,0.044867550678250413,0.043237380096000005,0.0016301705822504078
0.02,uniform_bound,0.45700000000000002,0.045373723517756585,0.043617904801000008,0.001755818716756577
0.02,uniform_bound,0.45800000000000002,0.045879896357262757,0.044000935696000006,0.0018789606612627519
0.02,uniform_bound,0.45900000000000002,0.046386069196768936,0.04438648376100001,0.0019995854357689261
0.02,uniform_bound,0.46000000000000002,0.046892242036275109,0.044774560000000005,0.0021176820362751037
0.02,uniform_bound,0.46100000000000002,0.047398414875781281,0.045165175441000009,0.0022332394347812715
0.02,uniform_bound,0.46200000000000002,0.047904587715287453,0.045558341136000005,0.0023462465792874476
0.02,uniform_bound,0.46300000000000002,0.048410760554793632,0.045954068161000006,0.0024566923937936261
0.02,uniform_bound,0.46400000000000002,0.048916933394299804,0.046352367616000006,0.0025645657782997974
0.02,uniform_bound,0.46500000000000002,0.049423106233805983,0.046753250625000013,0.0026698556088059697
0.02,uniform_bound,0.46600000000000003,0.049929279073312155,0.047156728336000008,0.0027725507373121475
0.02,uniform_bound,0.46700000000000003,0.050435451912818327,0.047562811921000009,0.0028726399918183182
0.02,uniform_bound,0.46800000000000003,0.050941624752324499,0.047971512576000012,0.0029701121763244867
0.02,uniform_bound,0.46899999999999997,0.05144779759183065,0.048382841520999989,0.0030649560708306614
0.02,uniform_bound,0.46999999999999997,0.051953970431336823,0.048796809999999989,0.0031571604313368334
0.02,uniform_bound,0.47099999999999997,0.052460143270842995,0.04921342928099999,0.0032467139898430045
0.02,uniform_bound,0.47199999999999998,0.052966316110349174,0.049632710655999987,0.0033336054543491866
0.02,uniform_bound,0.47299999999999998,0.053472488949855346,0.050054665440999992,0.0034178235088553541
0.02,uniform_bound,0.47399999999999998,0.053978661789361518,0.050479304975999992,0.003499356813361526
0.02,uniform_bound,0.47499999999999998,0.05448483462886769,0.050906640624999992,0.0035781940038676976
0.02,uniform_bound,0.47599999999999998,0.054991007468373869,0.051336683775999988,0.0036543236923738814
0.02,uniform_bound,0.47699999999999998,0.055497180307880041,0.051769445840999989,0.0037277344668800519
0.02,uniform_bound,0.47799999999999998,0.05600335314738622,0.052204938255999991,0.0037984148913862287
0.02,uniform_bound,0.47899999999999998,0.056509525986892392,0.052643172480999992,0.0038663535058924003
0.02,uniform_bound,0.47999999999999998,0.057015698826398564,0.053084159999999991,0.0039315388263985729
0.02,uniform_bound,0.48099999999999998,0.057521871665904743,0.053527912320999994,0.0039939593449047489
0.02,uniform_bound,0.48199999999999998,0.058028044505410915,0.053974440975999995,0.0040536035294109207
0.02,uniform_bound,0.48299999999999998,0.058534217344917094,0.054423757520999996,0.0041104598239170981
0.02,uniform_bound,0.48399999999999999,0.059040390184423266,0.054875873535999993,0.0041645166484232735
0.02,uniform_bound,0.48499999999999999,0.059546563023929439,0.055330800624999996,0.0042157623989294429
0.02,uniform_bound,0.48599999999999999,0.060052735863435611,0.055788550415999998,0.0042641854474356131
0.02,uniform_bound,0.48699999999999999,0.060558908702941783,0.056249134560999996,0.004309774141941787
0.02,uniform_bound,0.48799999999999999,0.061065081542447955,0.056712564735999997,0.0043525168064479577
0.02,uniform_bound,0.48899999999999999,0.061571254381954134,0.057178852640999998,0.0043924017409541355
0.02,uniform_bound,0.48999999999999999,0.062077427221460313,0.057648009999999993,0.0044294172214603203
0.02,uniform_bound,0.49099999999999999,0.062583600060966485,0.058120048560999997,0.004463551499966488
0.02,uniform_bound,0.49199999999999999,0.063089772900472657,0.058594980095999998,0.0044947928044726596
0.02,uniform_bound,0.49299999999999999,0.063595945739978829,0.059072816400999997,0.0045231293389788318
0.02,uniform_bound,0.49399999999999999,0.064102118579485001,0.059553569295999996,0.0045485492834850053
0.02,uniform_bound,0.495,0.064608291418991187,0.060037250624999997,0.0045710407939911907
0.02,uniform_bound,0.496,0.065114464258497345,0.060523872255999998,0.0045905920024973471
0.02,uniform_bound,0.497,0.065620637098003531,0.061013446080999997,0.0046071910170035341
0.02,uniform_bound,0.498,0.066126809937509703,0.061505984016,0.0046208259215097039
0.02,uniform_bound,0.499,0.066632982777015876,0.062001498001000001,0.0046314847760158748
0.02,uniform_bound,0.5,0.067139155616522048,0.0625,0.0046391556165220477
0.02,uniform_bound,0.501,0.06764532845602822,0.063001502001000007,0.0046438264550282132
0.02,uniform_bound,0.502,0.068151501295534406,0.063506016016000005,0.0046454852795344004
0.02,uniform_bound,0.503,0.068657674135040578,0.064013554080999999,0.0046441200540405791
0.02,uniform_bound,0.504,0.06916384697454675,0.064524128255999999,0.0046397187185467509
0.02,uniform_bound,0.505,0.069670019814052922,0.065037750625000001,0.0046322691890529205
0.02,uniform_bound,0.50600000000000001,0.070176192653559094,0.065554433295999998,0.0046217593575590965
0.02,uniform_bound,0.50700000000000001,0.07068236549306528,0.066074188401000003,0.004608177092065277
0.02,uniform_bound,0.50800000000000001,0.071188538332571438,0.066597028096000002,0.0045915102365714361
0.02,uniform_bound,0.50900000000000001,0.071694711172077624,0.067122964561000004,0.0045717466110776206
0.02,uniform_bound,0.51000000000000001,0.072200884011583796,0.067652009999999999,0.0045488740115837978
0.02,uniform_bound,0.51100000000000001,0.072707056851089968,0.068184176641000002,0.0045228802100899662
0.02,uniform_bound,0.51200000000000001,0.07321322969059614,0.068719476736000012,0.004493752954596128
0.02,uniform_bound,0.51300000000000001,0.073719402530102313,0.06925792256100001,0.0044614799691023027
0.02,uniform_bound,0.51400000000000001,0.074225575369608499,0.069799526416000013,0.0044260489536084857
0.02,uniform_bound,0.51500000000000001,0.074731748209114657,0.070344300625000009,0.0043874475841146482
0.02,uniform_bound,0.51600000000000001,0.075237921048620843,0.070892257536000008,0.0043456635126208343
0.02,uniform_bound,0.51700000000000002,0.075744093888127001,0.071443409521000006,0.0043006843671269945
0.02,uniform_bound,0.51800000000000002,0.076250266727633187,0.071997768976000007,0.0042524977516331802
0.02,uniform_bound,0.51900000000000002,0.076756439567139373,0.07255534832100001,0.0042010912461393629
0.02,uniform_bound,0.52000000000000002,0.077262612406645531,0.073116160000000013,0.0041464524066455177
0.02,uniform_bound,0.52100000000000002,0.077768785246151717,0.07368021648100001,0.0040885687651517066
0.02,uniform_bound,0.52200000000000002,0.078274958085657875,0.074247530256000005,0.0040274278296578703
0.02,uniform_bound,0.52300000000000002,0.078781130925164061,0.074818113841000011,0.00396301708416405
0.02,uniform_bound,0.52400000000000002,0.079287303764670233,0.075391979776000012,0.0038953239886702212
0.02,uniform_bound,0.52500000000000002,0.079793476604176405,0.075969140625000015,0.0038243359791763909
0.02,uniform_bound,0.52600000000000002,0.080299649443682578,0.076549608976000008,0.0037500404676825694
0.02,uniform_bound,0.52700000000000002,0.08080582228318875,0.077133397441000021,0.003672424842188729
0.02,uniform_bound,0.52800000000000002,0.081311995122694936,0.077720518656000021,0.003591476466694915
0.02,uniform_bound,0.52900000000000003,0.081818167962201094,0.078310985281000015,0.0035071826812010792
0.02,uniform_bound,0.53000000000000003,0.08232434080170728,0.07890481000000002,0.0034195308017072601
0.02,uniform_bound,0.53100000000000003,0.082830513641213452,0.079502005521000021,0.0033285081202134303
0.02,uniform_bound,0.53200000000000003,0.083336686480719624,0.080102584576000016,0.0032341019047196079
0.02,uniform_bound,0.53300000000000003,0.083842859320225796,0.080706559921000023,0.0031362993992257726
0.02,uniform_bound,0.53400000000000003,0.084349032159731968,0.081313944336000019,0.0030350878237319495
0.02,uniform_bound,0.53500000000000003,0.084855204999238154,0.081924750625000015,0.0029304543742381395
0.02,uniform_bound,0.53600000000000003,0.085361377838744326,0.082538991616000021,0.0028223862227443053
0.02,uniform_bound,0.53700000000000003,0.085867550678250498,0.083156680161000016,0.0027108705172504827
0.02,uniform_bound,0.53800000000000003,0.08637372351775667,0.083777829136000015,0.0025958943817566554
0.02,uniform_bound,0.53900000000000003,0.086879896357262842,0.084402451441000018,0.0024774449162628248
0.02,uniform_bound,0.54000000000000004,0.087386069196769028,0.085030560000000019,0.0023555091967690095
0.02,uniform_bound,0.54100000000000004,0.087892242036275187,0.085662167761000024,0.0022300742752751623
0.02,uniform_bound,0.54200000000000004,0.088398414875781373,0.086297287696000022,0.0021011271797813508
0.02,uniform_bound,0.54300000000000004,0.088904587715287545,0.086935932801000024,0.0019686549142875209
0.02,uniform_bound,0.54400000000000004,0.089410760554793717,0.087578116096000025,0.0018326444587936919
0.02,uniform_bound,0.54500000000000004,0.089916933394299903,0.08822385062500003,0.0016930827692998723
0.02,uniform_bound,0.54600000000000004,0.090423106233806061,0.088873149456000028,0.001549956777806033
0.02,uniform_bound,0.54700000000000004,0.090929279073312247,0.089526025681000029,0.0014032533923122176
0.02,uniform_bound,0.54800000000000004,0.091435451912818419,0.090182492416000029,0.0012529594968183899
0.02,uniform_bound,0.54900000000000004,0.091941624752324591,0.090842562801000032,0.0010990619513245592
0.02,uniform_bound,0.55000000000000004,0.092447797591830763,0.091506250000000025,0.00094154759183073811
0.02,uniform_bound,0.55100000000000005,0.092953970431336935,0.092173567201000034,0.00078040323033690129
0.02,uniform_bound,0.55200000000000005,0.093460143270843121,0.092844527616000025,0.00061561565484309633
0.02,uniform_bound,0.55300000000000005,0.093966316110349293,0.09351914448100003,0.00044717162934926336
0.02,uniform_bound,0.55400000000000005,0.094472488949855465,0.094197431056000036,0.00027505789385542934
0.02,uniform_bound,0.55500000000000005,0.094978661789361638,0.094879400625000027,9.9261164361610921e-05
0.02,uniform_bound,0.55600000000000005,0.095668952903521079,0.095565066496000037,0.00010388640752104217
0.02,uniform_bound,0.55700000000000005,0.096589391860997076,0.096254442001000029,0.00033494985999704685
0.02,uniform_bound,0.55800000000000005,0.097509830818473059,0.096947540496000031,0.00056229032247302746
0.02,uniform_bound,0.55900000000000005,0.098430269775949056,0.097644375361000041,0.00078589441494901491
0.02,uniform_bound,0.56000000000000005,0.099350708733425053,0.098344960000000037,0.0010057487334250159
0.02,uniform_bound,0.56100000000000005,0.10027114769090105,0.099049307841000037,0.001221839849901013
0.02,uniform_bound,0.56200000000000006,0.10119158664837705,0.09975743233600004,0.0014341543123770062
0.02,uniform_bound,0.56299999999999994,0.10211202560585293,0.10046934696099996,0.0016426786448529712
0.02,uniform_bound,0.56399999999999995,0.10303246456332893,0.10118506521599996,0.0018473993473289707
0.02,uniform_bound,0.56499999999999995,0.10395290352080493,0.10190460062499997,0.0020483028958049598
0.02,uniform_bound,0.56599999999999995,0.10487334247828092,0.10262796673599996,0.0022453757422809667
0.02,uniform_bound,0.56699999999999995,0.10579378143575692,0.10335517712099997,0.0024386043147569536
0.02,uniform_bound,0.56799999999999995,0.1067142203932329,0.10408624537599996,0.0026279750172329419
0.02,uniform_bound,0.56899999999999995,0.1076346593507089,0.10482118512099996,0.0028134742297089427
0.02,uniform_bound,0.56999999999999995,0.1085550983081849,0.10556000999999997,0.0029950883081849289
0.02,uniform_bound,0.57099999999999995,0.10947553726566089,0.10630273368099996,0.0031728035846609326
0.02,uniform_bound,0.57199999999999995,0.11039597622313689,0.10704936985599997,0.0033466063671369201
0.02,uniform_bound,0.57299999999999995,0.11131641518061289,0.10779993224099997,0.0035164829396129166
0.02,uniform_bound,0.57399999999999995,0.11223685413808887,0.10855443457599996,0.0036824195620889094
0.02,uniform_bound,0.57499999999999996,0.11315729309556487,0.10931289062499996,0.0038444024705649033
0.02,uniform_bound,0.57599999999999996,0.11407773205304086,0.11007531417599997,0.0040024178770408925
0.02,uniform_bound,0.57699999999999996,0.11499817101051686,0.11084171904099997,0.0041564519695168889
0.02,uniform_bound,0.57799999999999996,0.11591860996799286,0.11161211905599996,0.004306490911992894
0.02,uniform_bound,0.57899999999999996,0.11683904892546886,0.11238652808099997,0.0044525208444688852
0.02,uniform_bound,0.57999999999999996,0.11775948788294485,0.11316495999999997,0.0045945278829448849
0.02,uniform_bound,0.58099999999999996,0.11867992684042084,0.11394742872099997,0.0047324981194208637
0.02,uniform_bound,0.58199999999999996,0.11960036579789685,0.11473394817599997,0.0048664176218968791
0.02,uniform_bound,0.58299999999999996,0.12052080475537283,0.11552453232099998,0.0049962724343728532
0.02,uniform_bound,0.58399999999999996,0.12144124371284883,0.11631919513599998,0.0051220485768488505
0.02,uniform_bound,0.58499999999999996,0.12236168267032482,0.11711795062499997,0.0052437320453248559
0.02,uniform_bound,0.58599999999999997,0.12328212162780081,0.11792081281599998,0.0053613088118008301
0.02,uniform_bound,0.58699999999999997,0.12420256058527682,0.11872779576099997,0.0054747648242768482
0.02,uniform_bound,0.58799999999999997,0.1251229995427528,0.11953891353599998,0.0055840860067528225
0.02,uniform_bound,0.58899999999999997,0.12604343850022881,0.12035418024099998,0.0056892582592288354
0.02,uniform_bound,0.58999999999999997,0.12696387745770479,0.12117360999999997,0.0057902674577048202
0.02,uniform_bound,0.59099999999999997,0.12788431641518078,0.12199721696099998,0.0058870994541807969
0.02,uniform_bound,0.59199999999999997,0.12880475537265679,0.12282501529599997,0.0059797400766568171
0.02,uniform_bound,0.59299999999999997,0.12972519433013277,0.12365701920099997,0.0060681751291327968
0.02,uniform_bound,0.59399999999999997,0.13064563328760878,0.12449324289599997,0.0061523903916088085
0.02,uniform_bound,0.59499999999999997,0.13156607224508476,0.12533370062499999,0.0062323716200847756
0.02,uniform_bound,0.59599999999999997,0.13248651120256077,0.12617840665599997,0.0063081045465608054
0.02,uniform_bound,0.59699999999999998,0.13340695016003676,0.12702737528099997,0.0063795748790367868
0.02,uniform_bound,0.59799999999999998,0.13432738911751274,0.12788062081599999,0.0064467683015127508
0.02,uniform_bound,0.59899999999999998,0.13524782807498875,0.12873815760099999,0.0065096704739887601
0.02,uniform_bound,0.59999999999999998,0.13616826703246473,0.12959999999999999,0.0065682670324647419
0.02,uniform_bound,0.60099999999999998,0.13708870598994075,0.13046616240099998,0.0066225435889407658
0.02,uniform_bound,0.60199999999999998,0.13800914494741673,0.13133665921599999,0.0066724857314167385
0.02,uniform_bound,0.60299999999999998,0.13892958390489274,0.13221150488099997,0.0067180790238927646
0.02,uniform_bound,0.60399999999999998,0.13985002286236872,0.13309071385599999,0.00675930900636873
0.02,uniform_bound,0.60499999999999998,0.14077046181984471,0.13397430062499999,0.0067961611948447187
0.02,uniform_bound,0.60599999999999998,0.14169090077732072,0.13486227969599998,0.0068286210813207349
0.02,uniform_bound,0.60699999999999998,0.1426113397347967,0.135754665601,0.006856674133796703
0.02,uniform_bound,0.60799999999999998,0.14353177869227271,0.13665147289599999,0.0068803057962727177
0.02,uniform_bound,0.60899999999999999,0.14445221764974869,0.13755271616099998,0.0068995014887487105
0.02,uniform_bound,0.60999999999999999,0.1453726566072247,0.13845840999999998,0.0069142466072247277
0.02,uniform_bound,0.61099999999999999,0.14629309556470069,0.13936856904099998,0.0069245265237007081
0.02,uniform_bound,0.61199999999999999,0.14721353452217667,0.14028320793599999,0.0069303265861766772
0.02,uniform_bound,0.61299999999999999,0.14813397347965268,0.14120234136099999,0.0069316321186526919
0.02,uniform_bound,0.61399999999999999,0.14905441243712866,0.14212598401599999,0.006928428421128674
0.02,uniform_bound,0.61499999999999999,0.14997485139460465,0.14305415062499999,0.0069207007696046596
0.02,uniform_bound,0.61599999999999999,0.15089529035208066,0.143986855936,0.006908434416080661
0.02,uniform_bound,0.61699999999999999,0.15181572930955664,0.144924114721,0.0068916145885566382
0.02,uniform_bound,0.61799999999999999,0.15273616826703265,0.14586594177599999,0.006870226491032666
0.02,uniform_bound,0.61899999999999999,0.15365660722450863,0.14681235192100001,0.0068442553035086284
0.02,uniform_bound,0.62,0.15457704618198465,0.14776335999999998,0.0068136861819846628
0.02,uniform_bound,0.621,0.15549748513946063,0.148718980881,0.0067785042584606325
0.02,uniform_bound,0.622,0.15641792409693661,0.14967922945599998,0.0067386946409366266
0.02,uniform_bound,0.623,0.15733836305441262,0.150644120641,0.0066942424134126266
0.02,uniform_bound,0.624,0.15825880201188863,0.15161366937599999,0.0066451326358886453
0.02,uniform_bound,0.625,0.15917924096936459,0.152587890625,0.0065913503443645882
0.02,uniform_bound,0.626,0.1600996799268406,0.15356679937600001,0.0065328805508405863
0.02,uniform_bound,0.627,0.16102011888431661,0.154550410641,0.0064697082433166075
0.02,uniform_bound,0.628,0.16194055784179259,0.155538739456,0.0064018183857925959
0.02,uniform_bound,0.629,0.16286099679926858,0.15653180088099999,0.006329195918268582
0.02,uniform_bound,0.63,0.16378143575674459,0.15752961000000001,0.0062518257567445723
0.02,uniform_bound,0.63100000000000001,0.1647018747142206,0.15853218192099999,0.0061696927932206047
0.02,uniform_bound,0.63200000000000001,0.16562231367169658,0.159539531776,0.0060827818956965818
0.02,uniform_bound,0.63300000000000001,0.16654275262917256,0.16055167472100002,0.0059910779081725485
0.02,uniform_bound,0.63400000000000001,0.16746319158664857,0.16156862593600002,0.0058945656506485533
0.02,uniform_bound,0.63500000000000001,0.16838363054412456,0.16259040062500002,0.0057932299191245373
0.02,uniform_bound,0.63600000000000001,0.16930406950160054,0.16361701401600001,0.0056870554856005284
0.02,uniform_bound,0.63700000000000001,0.17022450845907655,0.16464848136100002,0.0055760270980765303
0.02,uniform_bound,0.63800000000000001,0.17114494741655253,0.16568481793600001,0.0054601294805525225
0.02,uniform_bound,0.63900000000000001,0.17206538637402852,0.166726039041,0.0053393473330285157
0.02,uniform_bound,0.64000000000000001,0.17298582533150453,0.16777216,0.0052136653315045245
0.02,uniform_bound,0.64100000000000001,0.17390626428898054,0.16882319616100003,0.0050830681279805112
0.02,uniform_bound,0.64200000000000002,0.17482670324645655,0.16987916289600002,0.0049475403504565252
0.02,uniform_bound,0.64300000000000002,0.1757471422039325,0.17094007560100002,0.0048070666029324804
0.02,uniform_bound,0.64400000000000002,0.17666758116140852,0.17200594969600003,0.0046616314654084889
0.02,uniform_bound,0.64500000000000002,0.17758802011888453,0.17307680062500003,0.0045112194938844996
0.02,uniform_bound,0.64600000000000002,0.17850845907636051,0.17415264385600002,0.0043558152203604927
0.02,uniform_bound,0.64700000000000002,0.17942889803383649,0.17523349488100001,0.0041954031528364799
0.02,uniform_bound,0.64800000000000002,0.1803493369913125,0.17631936921600003,0.0040299677753124763
0.02,uniform_bound,0.64900000000000002,0.18126977594878849,0.17741028240100001,0.0038594935477884729
0.02,uniform_bound,0.65000000000000002,0.18219021490626447,0.17850625000000003,0.0036839649062644364
0.02,uniform_bound,0.65100000000000002,0.18311065386374048,0.17960728760100003,0.0035033662627404483
0.02,uniform_bound,0.65200000000000002,0.18403109282121646,0.18071341081600004,0.0033176820052164269
0.02,uniform_bound,0.65300000000000002,0.18495153177869245,0.18182463528100004,0.0031268964976924052
0.02,uniform_bound,0.65400000000000003,0.18587197073616846,0.18294097665600004,0.0029309940801684198
0.02,uniform_bound,0.65500000000000003,0.18679240969364447,0.18406245062500004,0.0027299590686444275
0.02,uniform_bound,0.65600000000000003,0.18771284865112045,0.18518907289600003,0.0025237757551204165
0.02,uniform_bound,0.65700000000000003,0.18863328760859643,0.18632085920100003,0.0023124284075964063
0.02,uniform_bound,0.65800000000000003,0.18955372656607244,0.18745782529600002,0.00209590127007242
0.02,uniform_bound,0.65900000000000003,0.19047416552354843,0.18859998696100003,0.0018741785625484009
0.02,uniform_bound,0.66000000000000003,0.19139460448102441,0.18974736000000003,0.0016472444810243791
0.02,uniform_bound,0.66100000000000003,0.19231504343850042,0.19089996024100003,0.0014150831975003886
0.02,uniform_bound,0.66200000000000003,0.19323548239597643,0.19205780353600005,0.0011776788599763832
0.02,uniform_bound,0.66300000000000003,0.19415592135345242,0.19322090576100004,0.0009350155924523762
0.02,uniform_bound,0.66400000000000003,0.1950763603109284,0.19438928281600004,0.00068707749492835646
0.02,uniform_bound,0.66500000000000004,0.19599679926840441,0.19556295062500004,0.00043384864340437201
0.02,uniform_bound,0.66600000000000004,0.19691723822588042,0.19674192513600006,0.00017531308988036343
0.02,uniform_bound,0.66700000000000004,0.19803612254229563,0.19792622232100004,0.00010990022129558907
0.02,uniform_bound,0.66800000000000004,0.19955189757658917,0.19911585817600005,0.00043603940058911661
0.02,uniform_bound,0.66900000000000004,0.20106767261088274,0.20031084872100005,0.00075682388988268512
0.02,uniform_bound,0.67000000000000004,0.2025834476451763,0.20151121000000005,0.0010722376451762494
0.02,uniform_bound,0.67100000000000004,0.20409922267946984,0.20271695808100004,0.0013822645984697957
0.02,uniform_bound,0.67200000000000004,0.2056149977137634,0.20392810905600006,0.0016868886577633413
0.02,uniform_bound,0.67300000000000004,0.20713077274805697,0.20514467904100006,0.0019860937070569074
0.02,uniform_bound,0.67400000000000004,0.20864654778235051,0.20636668417600004,0.0022798636063504629
0.02,uniform_bound,0.67500000000000004,0.21016232281664407,0.20759414062500006,0.0025681821916440084
0.02,uniform_bound,0.67600000000000005,0.21167809785093764,0.20882706457600006,0.0028510332749375755
0.02,uniform_bound,0.67700000000000005,0.21319387288523117,0.21006547224100006,0.0031284006442311163
0.02,uniform_bound,0.67800000000000005,0.21470964791952474,0.21130937985600007,0.0034002680635246696
0.02,uniform_bound,0.67900000000000005,0.2162254229538183,0.21255880368100005,0.0036666192728182501
0.02,uniform_bound,0.68000000000000005,0.21774119798811184,0.21381376000000007,0.0039274379881117649
0.02,uniform_bound,0.68100000000000005,0.2192569730224054,0.21507426512100006,0.004182707901405347
0.02,uniform_bound,0.68200000000000005,0.22077274805669894,0.21634033537600006,0.0044324126806988828
0.02,uniform_bound,0.68300000000000005,0.22228852309099251,0.21761198712100008,0.0046765359699924292
0.02,uniform_bound,0.68400000000000005,0.22380429812528607,0.21888923673600005,0.0049150613892860184
0.02,uniform_bound,0.68500000000000005,0.22532007315957964,0.22017210062500006,0.0051479725345795757
0.02,uniform_bound,0.68600000000000005,0.22683584819387317,0.22146059521600006,0.0053752529778731128
0.02,uniform_bound,0.68700000000000006,0.22835162322816674,0.22275473696100007,0.005596886267166673
0.02,uniform_bound,0.68799999999999994,0.22986739826246011,0.22405454233599992,0.005812855926460192
0.02,uniform_bound,0.68899999999999995,0.23138317329675367,0.22536002784099993,0.0060231454557537478
0.02,uniform_bound,0.68999999999999995,0.23289894833104724,0.22667120999999993,0.0062277383310473111
0.02,uniform_bound,0.69099999999999995,0.2344147233653408,0.22798810536099992,0.0064266180043408838
0.02,uniform_bound,0.69199999999999995,0.23593049839963434,0.22931073049599993,0.0066197679036344159
0.02,uniform_bound,0.69299999999999995,0.23744627343392791,0.23063910200099993,0.006807171432927972
0.02,uniform_bound,0.69399999999999995,0.23896204846822144,0.23197323649599993,0.0069888119722215092
0.02,uniform_bound,0.69499999999999995,0.24047782350251501,0.23331315062499994,0.0071646728775150714
0.02,uniform_bound,0.69599999999999995,0.24199359853680857,0.23465886105599992,0.0073347374808086507
0.02,uniform_bound,0.69699999999999995,0.24350937357110214,0.23601038448099992,0.0074989890901022149
0.02,uniform_bound,0.69799999999999995,0.24502514860539568,0.23736773761599994,0.0076574109893957354
0.02,uniform_bound,0.69899999999999995,0.24654092363968924,0.23873093720099994,0.0078099864386892981
0.02,uniform_bound,0.69999999999999996,0.24805669867398278,0.24009999999999995,0.007956698673982826
0.02,uniform_bound,0.70099999999999996,0.24957247370827634,0.24147494280099993,0.0080975309072764123
0.02,uniform_bound,0.70199999999999996,0.25108824874256991,0.24285578241599995,0.0082324663265699594
0.02,uniform_bound,0.70299999999999996,0.25260402377686347,0.24424253568099993,0.0083614880958635396
0.02,uniform_bound,0.70399999999999996,0.25411979881115698,0.24563521945599995,0.0084845793551570348
0.02,uniform_bound,0.70499999999999996,0.25563557384545055,0.24703385062499994,0.0086017232204506078
0.02,uniform_bound,0.70599999999999996,0.25715134887974411,0.24843844609599994,0.0087129027837441753
0.02,uniform_bound,0.70699999999999996,0.25866712391403768,0.24984902280099994,0.0088181011130377407
0.02,uniform_bound,0.70799999999999996,0.26018289894833124,0.25126559769599993,0.0089173012523313111
0.02,uniform_bound,0.70899999999999996,0.26169867398262481,0.25268818776099994,0.0090104862216248693
0.02,uniform_bound,0.70999999999999996,0.26321444901691837,0.25411680999999997,0.0090976390169184018
0.02,uniform_bound,0.71099999999999997,0.26473022405121188,0.25555148144099993,0.009178742610211954
0.02,uniform_bound,0.71199999999999997,0.26624599908550545,0.25699221913599996,0.0092537799495054918
0.02,uniform_bound,0.71299999999999997,0.26776177411979901,0.25843904016099994,0.0093227339587990676
0.02,uniform_bound,0.71399999999999997,0.26927754915409258,0.25989196161599998,0.009385587538092599
0.02,uniform_bound,0.71499999999999997,0.27079332418838609,0.26135100062499994,0.0094423235633861458
0.02,uniform_bound,0.71599999999999997,0.27230909922267965,0.26281617433599996,0.0094929248866796878
0.02,uniform_bound,0.71699999999999997,0.27382487425697322,0.26428749992099998,0.0095373743359732366
0.02,uniform_bound,0.71799999999999997,0.27534064929126678,0.26576499457599995,0.0095756547152668348
0.02,uniform_bound,0.71899999999999997,0.27685642432556035,0.26724867552099996,0.0096077488045603898
0.02,uniform_bound,0.71999999999999997,0.27837219935985391,0.26873855999999996,0.0096336393598539516
0.02,uniform_bound,0.72099999999999997,0.27988797439414748,0.27023466528099999,0.0096533091131474902
0.02,uniform_bound,0.72199999999999998,0.28140374942844099,0.27173700865599998,0.009666740772441007
0.02,uniform_bound,0.72299999999999998,0.28291952446273455,0.27324560744099996,0.0096739170217345904
0.02,uniform_bound,0.72399999999999998,0.28443529949702812,0.27476047897599998,0.0096748205210281379
0.02,uniform_bound,0.72499999999999998,0.28595107453132168,0.27628164062499999,0.0096694339063216894
0.02,uniform_bound,0.72599999999999998,0.28746684956561525,0.27780910977599999,0.0096577397896152606
0.02,uniform_bound,0.72699999999999998,0.28898262459990876,0.27934290384099997,0.0096397207589087874
0.02,uniform_bound,0.72799999999999998,0.29049839963420232,0.28088304025599997,0.0096153593782023483
0.02,uniform_bound,0.72899999999999998,0.29201417466849589,0.282429536481,0.0095846381874958864
0.02,uniform_bound,0.72999999999999998,0.29352994970278945,0.28398240999999996,0.009547539702789487
0.02,uniform_bound,0.73099999999999998,0.29504572473708301,0.28554167832099997,0.0095040464160830451
0.02,uniform_bound,0.73199999999999998,0.29656149977137658,0.28710735897599998,0.0094541407953765977
0.02,uniform_bound,0.73299999999999998,0.29807727480567014,0.28867946952099999,0.0093978052846701576
0.02,uniform_bound,0.73399999999999999,0.29959304983996365,0.290258027536,0.0093350223039636582
0.02,uniform_bound,0.73499999999999999,0.30110882487425722,0.29184305062499999,0.0092657742492572304
0.02,uniform_bound,0.73599999999999999,0.30262459990855078,0.29343455641599997,0.0091900434925508145
0.02,uniform_bound,0.73699999999999999,0.30414037494284435,0.29503256256099997,0.0091078123818443824
0.02,uniform_bound,0.73799999999999999,0.30565614997713791,0.29663708673599998,0.0090190632411379368
0.02,uniform_bound,0.73899999999999999,0.30717192501143142,0.29824814664099997,0.0089237783704314566
0.02,uniform_bound,0.73999999999999999,0.30868770004572499,0.29986575999999998,0.0088219400457250075
0.02,uniform_bound,0.74099999999999999,0.31020347508001855,0.30148994456099998,0.0087135305190185752
0.02,uniform_bound,0.74199999999999999,0.31171925011431212,0.303120718096,0.0085985320183121217
0.02,uniform_bound,0.74299999999999999,0.31323502514860568,0.30475809840099999,0.0084769267476056953
0.02,uniform_bound,0.74399999999999999,0.31475080018289925,0.30640210329599998,0.008348696886899265
0.02,uniform_bound,0.745,0.31626657521719281,0.30805275062499998,0.008213824592192831
0.02,uniform_bound,0.746,0.31778235025148632,0.30971005825600001,0.0080722919954863137
0.02,uniform_bound,0.747,0.31929812528577989,0.311374044081,0.007924081204779887
0.02,uniform_bound,0.748,0.32081390032007345,0.31304472601599997,0.0077691743040734784
0.02,uniform_bound,0.749,0.32232967535436702,0.31472212200099997,0.007607553353367047
0.02,uniform_bound,0.75,0.32384545038866053,0.31640625,0.0074392003886605274
0.02,uniform_bound,0.751,0.32536122542295409,0.31809712800099998,0.0072640974219541077
0.02,uniform_bound,0.752,0.32687700045724766,0.31979477401599998,0.0070822264412476743
0.02,uniform_bound,0.753,0.32839277549154122,0.32149920608100002,0.0068935694105412004
0.02,uniform_bound,0.754,0.32990855052583479,0.32321044225599999,0.0066981082698348016
0.02,uniform_bound,0.755,0.33142432556012835,0.32492850062500001,0.006495824935128347
0.02,uniform_bound,0.75600000000000001,0.33294010059442192,0.32665339929600001,0.0062867012984219039
0.02,uniform_bound,0.75700000000000001,0.33445587562871548,0.32838515640100002,0.0060707192277154598
0.02,uniform_bound,0.75800000000000001,0.33597165066300899,0.33012379009600001,0.0058478605670089778
0.02,uniform_bound,0.75900000000000001,0.33748742569730256,0.33186931856099999,0.0056181071363025636
0.02,uniform_bound,0.76000000000000001,0.33900320073159607,0.33362175999999999,0.0053814407315960766
0.02,uniform_bound,0.76100000000000001,0.34051897576588969,0.335381132641,0.005137843124889685
0.02,uniform_bound,0.76200000000000001,0.3420347508001832,0.337147454736,0.0048872960641831997
0.02,uniform_bound,0.76300000000000001,0.34355052583447676,0.33892074456100002,0.0046297812734767407
0.02,uniform_bound,0.76400000000000001,0.34506630086877033,0.34070102041600003,0.0043652804527702926
0.02,uniform_bound,0.76500000000000001,0.34658207590306389,0.34248830062500002,0.0040937752780638714
0.02,uniform_bound,0.76600000000000001,0.34809785093735746,0.34428260353600004,0.0038152474013574134
0.02,uniform_bound,0.76700000000000002,0.34961362597165102,0.34608394752100002,0.0035296784506509971
0.02,uniform_bound,0.76800000000000002,0.35112940100594459,0.34789235097600002,0.0032370500299445659
0.02,uniform_bound,0.76900000000000002,0.35264517604023815,0.34970783232100006,0.0029373437192380947
0.02,uniform_bound,0.77000000000000002,0.35416095107453166,0.35153041000000002,0.0026305410745316449
0.02,uniform_bound,0.77100000000000002,0.35567672610882523,0.35336010248100003,0.0023166236278251984
0.02,uniform_bound,0.77200000000000002,0.35719250114311873,0.35519692825600002,0.0019955728871187128
0.02,uniform_bound,0.77300000000000002,0.35870827617741236,0.35704090584100001,0.0016673703364123438
0.02,uniform_bound,0.77400000000000002,0.36022405121170586,0.35889205377600003,0.001331997435705834
0.02,uniform_bound,0.77500000000000002,0.36173982624599943,0.36075039062500003,0.00098943562099940152
0.02,uniform_bound,0.77600000000000002,0.36325560128029299,0.36261593497600003,0.0006396663042929629
0.02,uniform_bound,0.77700000000000002,0.36477137631458656,0.36448870544100004,0.00028267087358652132
0.02,uniform_bound,0.77800000000000002,0.36646700198140564,0.36636872065600007,9.828132540556922e-05
0.02,uniform_bound,0.77900000000000003,0.3687921048620641,0.36825599928100006,0.00053610558106403916
0.02,uniform_bound,0.78000000000000003,0.3711172077427225,0.37015056000000007,0.00096664774272242626
0.02,uniform_bound,0.78100000000000003,0.37344231062338096,0.37205242152100004,0.0013898891023809146
0.02,uniform_bound,0.78200000000000003,0.37576741350403942,0.37396160257600003,0.0018058109280393864
0.02,uniform_bound,0.78300000000000003,0.37809251638469782,0.37587812192100006,0.0022143944636977553
0.02,uniform_bound,0.78400000000000003,0.38041761926535628,0.37780199833600003,0.0026156209293562438
0.02,uniform_bound,0.78500000000000003,0.38274272214601468,0.37973325062500007,0.0030094715210146061
0.02,uniform_bound,0.78600000000000003,0.38506782502667314,0.38167189761600007,0.0033959274106730719
0.02,uniform_bound,0.78700000000000003,0.38739292790733154,0.38361795816100008,0.003774969746331458
0.02,uniform_bound,0.78800000000000003,0.38971803078799,0.38557145113600005,0.0041465796519899456
0.02,uniform_bound,0.78900000000000003,0.3920431336686484,0.38753239544100004,0.0045107382276483587
0.02,uniform_bound,0.79000000000000004,0.39436823654930686,0.38950081000000009,0.0048674265493067748
0.02,uniform_bound,0.79100000000000004,0.39669333942996526,0.39147671376100007,0.0052166256689651913
0.02,uniform_bound,0.79200000000000004,0.39901844231062372,0.39346012569600008,0.0055583166146236374
0.02,uniform_bound,0.79300000000000004,0.40134354519128218,0.39545106480100006,0.0058924803902821177
0.02,uniform_bound,0.79400000000000004,0.40366864807194058,0.39744955009600008,0.0062190979759405018
0.02,uniform_bound,0.79500000000000004,0.40599375095259904,0.39945560062500007,0.0065381503275989683
0.02,uniform_bound,0.79600000000000004,0.40831885383325744,0.40146923545600011,0.0068496183772573382
0.02,uniform_bound,0.79700000000000004,0.4106439567139159,0.40349047368100011,0.0071534830329157972
0.02,uniform_bound,0.79800000000000004,0.41296905959457431,0.40551933441600008,0.0074497251785742291
0.02,uniform_bound,0.79900000000000004,0.41529416247523276,0.4075558368010001,0.00773832567423266
0.02,uniform_bound,0.80000000000000004,0.41761926535589122,0.40960000000000008,0.0080192653558911475
0.02,uniform_bound,0.80100000000000005,0.41994436823654963,0.41165184320100007,0.0082925250355495583
0.02,uniform_bound,0.80200000000000005,0.42226947111720808,0.41371138561600007,0.0085580855012080126
0.02,uniform_bound,0.80300000000000005,0.42459457399786649,0.4157786464810001,0.0088159275168663842
0.02,uniform_bound,0.80400000000000005,0.42691967687852495,0.41785364505600009,0.009066031822524856
0.02,uniform_bound,0.80500000000000005,0.42924477975918335,0.41993640062500009,0.0093083791341832534
0.02,uniform_bound,0.80600000000000005,0.43156988263984181,0.4220269324960001,0.0095429501438417108
0.02,uniform_bound,0.80700000000000005,0.43389498552050021,0.42412526000100009,0.0097697255195001165
0.02,uniform_bound,0.80800000000000005,0.43622008840115867,0.42623140249600011,0.0099886859051585564
0.02,uniform_bound,0.80900000000000005,0.43854519128181713,0.42834537936100009,0.010199811920817037
0.02,uniform_bound,0.81000000000000005,0.44087029416247553,0.4304672100000001,0.010403084162475429
0.02,uniform_bound,0.81100000000000005,0.44319539704313393,0.43259691384100013,0.010598483202133802
0.02,uniform_bound,0.81200000000000006,0.44552049992379239,0.43473451033600014,0.010785989587792255
0.02,uniform_bound,0.81299999999999994,0.44784560280445057,0.43688001896099987,0.010965583843450699
0.02,uniform_bound,0.81399999999999995,0.45017070568510897,0.4390334592159999,0.011137246469109074
0.02,uniform_bound,0.81499999999999995,0.45249580856576743,0.44119485062499986,0.011300957940767575
0.02,uniform_bound,0.81599999999999995,0.45482091144642589,0.44336421273599991,0.011456698710425983
0.02,uniform_bound,0.81699999999999995,0.45714601432708429,0.44554156512099991,0.011604449206084388
0.02,uniform_bound,0.81799999999999995,0.45947111720774275,0.44772692737599989,0.011744189831742857
0.02,uniform_bound,0.81899999999999995,0.46179622008840115,0.44992031912099989,0.011875900967401265
0.02,uniform_bound,0.81999999999999995,0.46412132296905961,0.45212175999999987,0.011999562969059741
0.02,uniform_bound,0.82099999999999995,0.46644642584971807,0.45433126968099991,0.012115156168718166
0.02,uniform_bound,0.82199999999999995,0.46877152873037647,0.45654886785599991,0.012222660874376567
0.02,uniform_bound,0.82299999999999995,0.47109663161103488,0.45877457424099988,0.012322057370035
0.02,uniform_bound,0.82399999999999995,0.47342173449169334,0.4610084085759999,0.012413325915693441
0.02,uniform_bound,0.82499999999999996,0.47574683737235179,0.4632503906249999,0.012496446747351897
0.02,uniform_bound,0.82599999999999996,0.4780719402530102,0.4655005401759999,0.012571400077010297
0.02,uniform_bound,0.82699999999999996,0.48039704313366866,0.46775887704099989,0.012638166092668768
0.02,uniform_bound,0.82799999999999996,0.48272214601432706,0.47002542105599993,0.012696724958327132
0.02,uniform_bound,0.82899999999999996,0.48504724889498552,0.47230019208099988,0.012747056813985636
0.02,uniform_bound,0.82999999999999996,0.48737235177564397,0.47458320999999992,0.012789141775644053
0.02,uniform_bound,0.83099999999999996,0.48969745465630238,0.47687449472099991,0.012822959935302469
0.02,uniform_bound,0.83199999999999996,0.49202255753696078,0.47917406617599989,0.01284849136096089
0.02,uniform_bound,0.83299999999999996,0.49434766041761924,0.48148194432099989,0.012865716096619351
0.02,uniform_bound,0.83399999999999996,0.4966727632982777,0.48379814913599989,0.012874614162277809
0.02,uniform_bound,0.83499999999999996,0.4989978661789361,0.4861227006249999,0.012875165553936196
0.02,uniform_bound,0.83599999999999997,0.5013229690595945,0.48845561881599991,0.012867350243594589
0.02,uniform_bound,0.83699999999999997,0.50364807194025296,0.49079692376099993,0.012851148179253036
0.02,uniform_bound,0.83799999999999997,0.50597317482091142,0.49314663553599991,0.012826539284911509
0.02,uniform_bound,0.83899999999999997,0.50829827770156988,0.49550477424099992,0.012793503460569955
0.02,uniform_bound,0.83999999999999997,0.51062338058222823,0.49787135999999993,0.012752020582228296
0.02,uniform_bound,0.84099999999999997,0.51294848346288668,0.50024641296099992,0.012702070501886764
0.02,uniform_bound,0.84199999999999997,0.51527358634354514,0.50262995329599991,0.012643633047545233
0.02,uniform_bound,0.84299999999999997,0.5175986892242036,0.50502200120099994,0.012576688023203664
0.02,uniform_bound,0.84399999999999997,0.51992379210486206,0.5074225768959999,0.01250121520886216
0.02,uniform_bound,0.84499999999999997,0.52224889498552041,0.50983170062499994,0.012417194360520467
0.02,uniform_bound,0.84599999999999997,0.52457399786617886,0.51224939265599989,0.012324605210178974
0.02,uniform_bound,0.84699999999999998,0.52689910074683732,0.51467567328099995,0.012223427465837378
0.02,uniform_bound,0.84799999999999998,0.52922420362749578,0.51711056281599999,0.012113640811495796
0.02,uniform_bound,0.84899999999999998,0.53154930650815424,0.51955408160099992,0.011995224907154323
0.02,uniform_bound,0.84999999999999998,0.53387440938881259,0.52200624999999989,0.011868159388812693
0.02,uniform_bound,0.85099999999999998,0.53619951226947105,0.52446708840099998,0.011732423868471065
0.02,uniform_bound,0.85199999999999998,0.5385246151501295,0.52693661721599994,0.011587997934129568
0.02,uniform_bound,0.85299999999999998,0.54084971803078785,0.52941485688099998,0.011434861149787867
0.02,uniform_bound,0.85399999999999998,0.54317482091144631,0.53190182785599993,0.011272993055446379
0.02,uniform_bound,0.85499999999999998,0.54549992379210477,0.53439755062499994,0.011102373167104829
0.02,uniform_bound,0.85599999999999998,0.54782502667276323,0.53690204569599997,0.010922980976763252
0.02,uniform_bound,0.85699999999999998,0.55015012955342169,0.53941533360099991,0.010734795952421772
0.02,uniform_bound,0.85799999999999998,0.55247523243408003,0.54193743489599999,0.01053779753808004
0.02,uniform_bound,0.85899999999999999,0.55480033531473849,0.54446837016099991,0.010331965153738576
0.02,uniform_bound,0.85999999999999999,0.55712543819539695,0.54700815999999997,0.010117278195396984
0.02,uniform_bound,0.86099999999999999,0.55945054107605541,0.54955682504100001,0.0098937160350553999
0.02,uniform_bound,0.86199999999999999,0.56177564395671387,0.55211438593599993,0.0096612580207139365
0.02,uniform_bound,0.86299999999999999,0.56410074683737221,0.55468086336099998,0.0094198834763722372
0.02,uniform_bound,0.86399999999999999,0.56642584971803067,0.55725627801599997,0.0091695717020306988
0.02,uniform_bound,0.86499999999999999,0.56875095259868913,0.55984065062499999,0.0089103019736891387
0.02,uniform_bound,0.86599999999999999,0.57107605547934759,0.56243400193600002,0.008642053543347572
0.02,uniform_bound,0.86699999999999999,0.57340115836000605,0.56503635272099995,0.008364805639006101
0.02,uniform_bound,0.86799999999999999,0.57572626124066439,0.56764772377600003,0.0080785374646643593
0.02,uniform_bound,0.86899999999999999,0.57805136412132285,0.57026813592100001,0.0077832282003228448
0.02,uniform_bound,0.87,0.58037646700198131,0.57289760999999995,0.0074788570019813649
0.02,uniform_bound,0.871,0.58270156988263966,0.57553616688099996,0.007165403001639703
0.02,uniform_bound,0.872,0.58502667276329812,0.57818382745599994,0.0068428453072981732
0.02,uniform_bound,0.873,0.58735177564395658,0.58084061264099995,0.0065111630029566214
0.02,uniform_bound,0.874,0.58967687852461503,0.58350654337599994,0.0061703351486150915
0.02,uniform_bound,0.875,0.59200198140527349,0.586181640625,0.0058203407802734919
0.02,uniform_bound,0.876,0.59432708428593184,0.58886592537600002,0.0054611589099318181
0.02,uniform_bound,0.877,0.5966521871665903,0.59155941864100003,0.0050927685255902633
0.02,uniform_bound,0.878,0.59897729004724876,0.59426214145599998,0.0047151485912487745
0.02,uniform_bound,0.879,0.60130239292790721,0.59697411488100005,0.0043282780469071636
0.02,uniform_bound,0.88,0.60362749580856567,0.59969536000000001,0.0039321358085656621
0.02,uniform_bound,0.88100000000000001,0.60595259868922402,0.60242589792099999,0.0035267007682240337
0.02,uniform_bound,0.88200000000000001,0.60827770156988248,0.60516574977600002,0.0031119517938824615
0.02,uniform_bound,0.88300000000000001,0.61060280445054094,0.60791493672100005,0.0026878677295408826
0.02,uniform_bound,0.88400000000000001,0.6129279073311994,0.61067347993600007,0.002254427395199321
0.02,uniform_bound,0.88500000000000001,0.61525301021185785,0.61344140062500008,0.0018116095868577764
0.02,uniform_bound,0.88600000000000001,0.6175781130925162,0.61621872001599998,0.0013593930765162243
0.02,uniform_bound,0.88700000000000001,0.61990321597317466,0.61900545936100004,0.00089775661217461611
0.02,uniform_bound,0.88800000000000001,0.62222831885383312,0.62180163993600002,0.00042667891783310097
0.02,uniform_bound,0.88900000000000001,0.62467078189300396,0.62460728304099999,6.3498852003962547e-05
0.02,uniform_bound,0.89000000000000001,0.62805212620027429,0.62742240999999999,0.00062971620027429953
0.02,uniform_bound,0.89100000000000001,0.6314334705075445,0.63024704216100003,0.0011864283465444769
0.02,uniform_bound,0.89200000000000002,0.63481481481481472,0.63308120089600006,0.0017336139188146582
0.02,uniform_bound,0.89300000000000002,0.63819615912208494,0.63592490760100007,0.0022712515210848716
0.02,uniform_bound,0.89400000000000002,0.64157750342935516,0.63877818369600003,0.0027993197333551212
0.02,uniform_bound,0.89500000000000002,0.64495884773662548,0.6416410506250001,0.0033177971116253868
0.02,uniform_bound,0.89600000000000002,0.6483401920438957,0.64451352985600008,0.0038266621878956242
0.02,uniform_bound,0.89700000000000002,0.65172153635116592,0.64739564288100004,0.0043258934701658758
0.02,uniform_bound,0.89800000000000002,0.65510288065843614,0.65028741121600009,0.0048154694424360489
0.02,uniform_bound,0.89900000000000002,0.65848422496570636,0.65318885640100011,0.0052953685647062487
0.02,uniform_bound,0.90000000000000002,0.66186556927297657,0.65610000000000002,0.0057655692729765562
0.02,uniform_bound,0.90100000000000002,0.6652469135802469,0.6590208636010001,0.006226049979246806
0.02,uniform_bound,0.90200000000000002,0.66862825788751712,0.66195146881600009,0.0066767890715170308
0.02,uniform_bound,0.90300000000000002,0.67200960219478734,0.6648918372810001,0.007117764913787239
0.02,uniform_bound,0.90400000000000003,0.67539094650205755,0.66784199065600003,0.0075489558460575257
0.02,uniform_bound,0.90500000000000003,0.67877229080932777,0.67080195062500003,0.0079703401843277399
0.02,uniform_bound,0.90600000000000003,0.6821536351165981,0.67377173889600006,0.0083818962205980396
0.02,uniform_bound,0.90700000000000003,0.68553497942386832,0.67675137720100009,0.0087836022228682253
0.02,uniform_bound,0.90800000000000003,0.68891632373113854,0.67974088729600013,0.0091754364351384066
0.02,uniform_bound,0.90900000000000003,0.69229766803840875,0.68274029096100008,0.0095573770774086686
0.02,uniform_bound,0.91000000000000003,0.69567901234567897,0.68574961000000012,0.0099294023456788505
0.02,uniform_bound,0.91100000000000003,0.69906035665294919,0.68876886624100009,0.0102914904119491
0.02,uniform_bound,0.91200000000000003,0.70244170096021952,0.69179808153600009,0.01064361942421943
0.02,uniform_bound,0.91300000000000003,0.70582304526748973,0.69483727776100013,0.010985767506489608
0.02,uniform_bound,0.91400000000000003,0.70920438957475995,0.69788647681600013,0.011317912758759818
0.02,uniform_bound,0.91500000000000004,0.71258573388203017,0.70094570062500006,0.011640033257030113
0.02,uniform_bound,0.91600000000000004,0.71596707818930039,0.70401497113600009,0.011952107053300298
0.02,uniform_bound,0.91700000000000004,0.71934842249657072,0.70709431032100012,0.012254112175570597
0.02,uniform_bound,0.91800000000000004,0.72272976680384093,0.71018374017600017,0.012546026627840767
0.02,uniform_bound,0.91900000000000004,0.72611111111111115,0.71328328272100017,0.012827828390110985
0.02,uniform_bound,0.92000000000000004,0.72949245541838137,0.71639296000000008,0.013099495418381291
0.02,uniform_bound,0.92100000000000004,0.73287379972565159,0.71951279408100011,0.01336100564465148
0.02,uniform_bound,0.92200000000000004,0.7362551440329218,0.72264280705600015,0.013612336976921657
0.02,uniform_bound,0.92300000000000004,0.73963648834019213,0.72578302104100012,0.013853467299192013
0.02,uniform_bound,0.92400000000000004,0.74301783264746235,0.72893345817600008,0.014084374471462269
0.02,uniform_bound,0.92500000000000004,0.74639917695473257,0.73209414062500011,0.014305036329732457
0.02,uniform_bound,0.92600000000000005,0.74978052126200279,0.73526509057600009,0.014515430686002695
0.02,uniform_bound,0.92700000000000005,0.753161865569273,0.73844633024100015,0.014715535328272855
0.02,uniform_bound,0.92800000000000005,0.75654320987654322,0.7416378818560001,0.014905328020543118
0.02,uniform_bound,0.92900000000000005,0.75992455418381355,0.74483976768100013,0.015084786502813419
0.02,uniform_bound,0.93000000000000005,0.76330589849108377,0.74805201000000021,0.015253888491083556
0.02,uniform_bound,0.93100000000000005,0.76668724279835399,0.75127463112100012,0.01541261167735386
0.02,uniform_bound,0.93200000000000005,0.7700685871056242,0.75450765337600012,0.015560933729624082
0.02,uniform_bound,0.93300000000000005,0.77344993141289442,0.75775109912100014,0.015698832291894282
0.02,uniform_bound,0.93400000000000005,0.77683127572016475,0.76100499073600014,0.015826284984164607
0.02,uniform_bound,0.93500000000000005,0.78021262002743497,0.76426935062500012,0.015943269402434845
0.02,uniform_bound,0.93600000000000005,0.78359396433470518,0.7675442012160002,0.016049763118704985
0.02,uniform_bound,0.93700000000000006,0.7869753086419754,0.77082956496100019,0.016145743680975211
0.02,uniform_bound,0.93799999999999994,0.79035665294924529,0.77412546433599982,0.016231188613245462
0.02,uniform_bound,0.93899999999999995,0.7937379972565155,0.77743192184099985,0.016306075415515653
0.02,uniform_bound,0.93999999999999995,0.79711934156378572,0.78074895999999983,0.016370381563785896
0.02,uniform_bound,0.94099999999999995,0.80050068587105594,0.78407660136099988,0.016424084510056058
0.02,uniform_bound,0.94199999999999995,0.80388203017832627,0.78741486849599984,0.016467161682326426
0.02,uniform_bound,0.94299999999999995,0.80726337448559649,0.79076378400099978,0.016499590484596705
0.02,uniform_bound,0.94399999999999995,0.8106447187928667,0.79412337049599979,0.016521348296866911
0.02,uniform_bound,0.94499999999999995,0.81402606310013692,0.79749365062499988,0.016532412475137037
0.02,uniform_bound,0.94599999999999995,0.81740740740740714,0.80087464705599987,0.016532760351407272
0.02,uniform_bound,0.94699999999999995,0.82078875171467736,0.8042663824809998,0.016522369233677558
0.02,uniform_bound,0.94799999999999995,0.82417009602194768,0.80766887961599987,0.016501216405947816
0.02,uniform_bound,0.94899999999999995,0.8275514403292179,0.81108216120099985,0.016469279128218051
0.02,uniform_bound,0.94999999999999996,0.83093278463648812,0.81450624999999988,0.016426534636488244
0.02,uniform_bound,0.95099999999999996,0.83431412894375834,0.81794116880099987,0.016372960142758464
0.02,uniform_bound,0.95199999999999996,0.83769547325102867,0.8213869404159998,0.016308532835028866
0.02,uniform_bound,0.95299999999999996,0.84107681755829877,0.82484358768099986,0.016233229877298916
0.02,uniform_bound,0.95399999999999996,0.8444581618655691,0.82831113345599983,0.016147028409569275
0.02,uniform_bound,0.95499999999999996,0.84783950617283932,0.83178960062499985,0.016049905547839471
0.02,uniform_bound,0.95599999999999996,0.85122085048010954,0.83527901209599986,0.015941838384109674
0.02,uniform_bound,0.95699999999999996,0.85460219478737975,0.83877939080099984,0.015822803986379919
0.02,uniform_bound,0.95799999999999996,0.85798353909464997,0.84229075969599987,0.015692779398650103
0.02,uniform_bound,0.95899999999999996,0.8613648834019203,0.84581314176099986,0.015551741640920436
0.02,uniform_bound,0.95999999999999996,0.86474622770919052,0.84934655999999986,0.015399667709190656
0.02,uniform_bound,0.96099999999999997,0.86812757201646074,0.85289103744099992,0.015236534575460814
0.02,uniform_bound,0.96199999999999997,0.87150891632373095,0.85644659713599991,0.015062319187731044
0.02,uniform_bound,0.96299999999999997,0.87489026063100117,0.86001326216099994,0.014876998470001235
0.02,uniform_bound,0.96399999999999997,0.8782716049382715,0.86359105561599991,0.014680549322271585
0.02,uniform_bound,0.96499999999999997,0.88165294924554172,0.86718000062499989,0.014472948620541826
0.02,uniform_bound,0.96599999999999997,0.88503429355281193,0.87078012033599994,0.014254173216811994
0.02,uniform_bound,0.96699999999999997,0.88841563786008215,0.87439143792099994,0.014024199939082216
0.02,uniform_bound,0.96799999999999997,0.89179698216735237,0.87801397657599989,0.013783005591352482
0.02,uniform_bound,0.96899999999999997,0.8951783264746227,0.88164775952099994,0.013530566953622758
0.02,uniform_bound,0.96999999999999997,0.89855967078189281,0.88529280999999993,0.013266860781892875
0.02,uniform_bound,0.97099999999999997,0.90194101508916313,0.88894915128099994,0.012991863808163195
0.02,uniform_bound,0.97199999999999998,0.90532235939643335,0.89261680665599996,0.01270555274043339
0.02,uniform_bound,0.97299999999999998,0.90870370370370357,0.89629579944099991,0.012407904262703662
0.02,uniform_bound,0.97399999999999998,0.9120850480109739,0.89998615297599993,0.012098895034973967
0.02,uniform_bound,0.97499999999999998,0.915466392318244,0.90368789062499988,0.011778501693244126
0.02,uniform_bound,0.97599999999999998,0.91884773662551433,0.90740103577599995,0.01144670084951438
0.02,uniform_bound,0.97699999999999998,0.92222908093278455,0.91112561184099994,0.011103469091784612
0.02,uniform_bound,0.97799999999999998,0.92561042524005477,0.91486164225599997,0.010748782984054794
0.02,uniform_bound,0.97899999999999998,0.92899176954732499,0.91860915048099989,0.010382619066325094
0.02,uniform_bound,0.97999999999999998,0.9323731138545952,0.92236815999999988,0.010004953854595322
0.02,uniform_bound,0.98099999999999998,0.93575445816186553,0.92613869432099993,0.0096157638408655988
0.02,uniform_bound,0.98199999999999998,0.93913580246913575,0.92992077697599995,0.0092150254931357978
0.02,uniform_bound,0.98299999999999998,0.94251714677640597,0.93371443152099998,0.0088027152554059906
0.02,uniform_bound,0.98399999999999999,0.94589849108367619,0.93751968153599996,0.0083788095476762248
0.02,uniform_bound,0.98499999999999999,0.9492798353909464,0.94133655062499999,0.0079432847659464123
0.02,uniform_bound,0.98599999999999999,0.95266117969821673,0.94516506241599996,0.0074961172822167743
0.02,uniform_bound,0.98699999999999999,0.95604252400548684,0.949005240561,0.0070372834444868415
0.02,uniform_bound,0.98799999999999999,0.95942386831275717,0.95285710873599994,0.0065667595767572307
0.02,uniform_bound,0.98899999999999999,0.96280521262002738,0.95672069064099996,0.0060845219790274241
0.02,uniform_bound,0.98999999999999999,0.9661865569272976,0.96059600999999994,0.0055905469272976571
0.02,uniform_bound,0.99099999999999999,0.96956790123456793,0.96448309056100001,0.0050848106735679188
0.02,uniform_bound,0.99199999999999999,0.97294924554183804,0.96838195609599997,0.0045672894458380631
0.02,uniform_bound,0.99299999999999999,0.97633058984910837,0.972292630401,0.0040379594481083636
0.02,uniform_bound,0.99399999999999999,0.97971193415637858,0.97621513729599996,0.0034967968603786259
0.02,uniform_bound,0.995,0.9830932784636488,0.98014950062499995,0.0029437778386488533
0.02,uniform_bound,0.996,0.98647462277091902,0.98409574425599999,0.002378878514919025
0.02,uniform_bound,0.997,0.98985596707818924,0.98805389208100003,0.0018020749971892069
0.02,uniform_bound,0.998,0.99323731138545956,0.99202396801600001,0.0012133433694595519
0.02,uniform_bound,0.999,0.99661865569272978,0.99600599600100004,0.00061265969172974444
0.02,uniform_bound,1,1,1,0
0.0050000000000000001,adaptive,0,0,0,0
0.0050000000000000001,adaptive,0.001,1.9531250000004024e-06,1.0000000000000002e-12,1.9531240000004026e-06
0.0050000000000000001,adaptive,0.002,3.9062500000008048e-06,1.6000000000000003e-11,3.9062340000008052e-06
0.0050000000000000001,adaptive,0.0030000000000000001,5.8593750000012071e-06,8.1000000000000005e-11,5.8592940000012072e-06
0.0050000000000000001,adaptive,0.0040000000000000001,7.8125000000016095e-06,2.5600000000000005e-10,7.8122440000016092e-06
0.0050000000000000001,adaptive,0.0050000000000000001,9.7656250000020128e-06,6.2500000000000001e-10,9.7650000000020131e-06
0.0050000000000000001,adaptive,0.0060000000000000001,1.1718750000002414e-05,1.2960000000000001e-09,1.1717454000002414e-05
0.0050000000000000001,adaptive,0.0070000000000000001,1.3671875000002818e-05,2.4010000000000003e-09,1.3669474000002818e-05
0.0050000000000000001,adaptive,0.0080000000000000002,1.5625000000003219e-05,4.0960000000000007e-09,1.5620904000003218e-05
0.0050000000000000001,adaptive,0.0089999999999999993,1.7578125000003621e-05,6.5609999999999983e-09,1.757156400000362e-05
0.0050000000000000001,adaptive,0.01,1.9531250000004026e-05,1e-08,1.9521250000004024e-05
0.0050000000000000001,adaptive,0.010999999999999999,2.1484375000004427e-05,1.4640999999999997e-08,2.1469734000004427e-05
0.0050000000000000001,adaptive,0.012,2.3437500000004829e-05,2.0736000000000001e-08,2.3416764000004829e-05
0.0050000000000000001,adaptive,0.012999999999999999,2.539062500000523e-05,2.8560999999999993e-08,2.5362064000005232e-05
0.0050000000000000001,adaptive,0.014,2.7343750000005635e-05,3.8416000000000005e-08,2.7305334000005635e-05
0.0050000000000000001,adaptive,0.014999999999999999,2.9296875000006037e-05,5.0624999999999992e-08,2.9246250000006036e-05
0.0050000000000000001,adaptive,0.016,3.1250000000006438e-05,6.5536000000000012e-08,3.1184464000006438e-05
0.0050000000000000001,adaptive,0.017000000000000001,3.3203125000006846e-05,8.3521000000000024e-08,3.3119604000006849e-05
0.0050000000000000001,adaptive,0.017999999999999999,3.5156250000007241e-05,1.0497599999999997e-07,3.505127400000724e-05
0.0050000000000000001,adaptive,0.019,3.7109375000007643e-05,1.3032099999999999e-07,3.6979054000007644e-05
0.0050000000000000001,adaptive,0.02,3.9062500000008051e-05,1.6e-07,3.8902500000008053e-05
0.0050000000000000001,adaptive,0.021000000000000001,4.1015625000008453e-05,1.9448100000000006e-07,4.0821144000008452e-05
0.0050000000000000001,adaptive,0.021999999999999999,4.2968750000008854e-05,2.3425599999999995e-07,4.2734494000008856e-05
0.0050000000000000001,adaptive,0.023,4.4921875000009256e-05,2.7984099999999997e-07,4.4642034000009253e-05
0.0050000000000000001,adaptive,0.024,4.6875000000009657e-05,3.3177600000000002e-07,4.654322400000966e-05
0.0050000000000000001,adaptive,0.025000000000000001,4.8828125000010065e-05,3.9062500000000007e-07,4.8437500000010068e-05
0.0050000000000000001,adaptive,0.025999999999999999,5.078125000001046e-05,4.569759999999999e-07,5.032427400001046e-05
0.0050000000000000001,adaptive,0.027,5.2734375000010869e-05,5.3144099999999997e-07,5.220293400001087e-05
0.0050000000000000001,adaptive,0.028000000000000001,5.468750000001127e-05,6.1465600000000007e-07,5.4072844000011271e-05
0.0050000000000000001,adaptive,0.029000000000000001,5.6640625000011672e-05,7.072810000000001e-07,5.5933344000011671e-05
0.0050000000000000001,adaptive,0.029999999999999999,5.8593750000012073e-05,8.0999999999999987e-07,5.7783750000012072e-05
0.0050000000000000001,adaptive,0.031,6.0546875000012475e-05,9.2352099999999998e-07,5.9623354000012472e-05
0.0050000000000000001,adaptive,0.032000000000000001,6.2500000000012876e-05,1.0485760000000002e-06,6.145142400001288e-05
0.0050000000000000001,adaptive,0.033000000000000002,6.4453125000013285e-05,1.1859210000000003e-06,6.3267204000013282e-05
0.0050000000000000001,adaptive,0.034000000000000002,6.6406250000013693e-05,1.3363360000000004e-06,6.5069914000013692e-05
0.0050000000000000001,adaptive,0.035000000000000003,6.8359375000014088e-05,1.5006250000000006e-06,6.6858750000014082e-05
0.0050000000000000001,adaptive,0.035999999999999997,7.0312500000014482e-05,1.6796159999999996e-06,6.8632884000014482e-05
0.0050000000000000001,adaptive,0.036999999999999998,7.2265625000014891e-05,1.8741609999999995e-06,7.0391464000014894e-05
0.0050000000000000001,adaptive,0.037999999999999999,7.4218750000015285e-05,2.0851359999999999e-06,7.2133614000015282e-05
0.0050000000000000001,adaptive,0.039,7.6171875000015694e-05,2.3134409999999998e-06,7.3858434000015691e-05
0.0050000000000000001,adaptive,0.040000000000000001,7.8125000000016102e-05,2.5600000000000001e-06,7.5565000000016099e-05
0.0050000000000000001,adaptive,0.041000000000000002,8.007812500001651e-05,2.8257610000000005e-06,7.7252364000016514e-05
0.0050000000000000001,adaptive,0.042000000000000003,8.2031250000016905e-05,3.1116960000000009e-06,7.8919554000016903e-05
0.0050000000000000001,adaptive,0.042999999999999997,8.39843750000173e-05,3.4188009999999987e-06,8.0565574000017302e-05
0.0050000000000000001,adaptive,0.043999999999999997,8.5937500000017708e-05,3.7480959999999992e-06,8.2189404000017707e-05
0.0050000000000000001,adaptive,0.044999999999999998,8.7890625000018103e-05,4.1006249999999994e-06,8.3790000000018102e-05
0.0050000000000000001,adaptive,0.045999999999999999,8.9843750000018511e-05,4.4774559999999995e-06,8.5366294000018513e-05
0.0050000000000000001,adaptive,0.047,9.179687500001892e-05,4.8796809999999997e-06,8.6917194000018925e-05
0.0050000000000000001,adaptive,0.048000000000000001,9.3750000000019314e-05,5.3084160000000003e-06,8.8441584000019312e-05
0.0050000000000000001,adaptive,0.049000000000000002,9.5703125000019723e-05,5.7648010000000005e-06,8.9938324000019717e-05
0.0050000000000000001,adaptive,0.050000000000000003,9.7656250000020131e-05,6.2500000000000011e-06,9.1406250000020128e-05
0.0050000000000000001,adaptive,0.050999999999999997,9.9609375000020512e-05,6.7652009999999986e-06,9.2844174000020508e-05
0.0050000000000000001,adaptive,0.051999999999999998,0.00010156250000002092,7.3116159999999983e-06,9.4250884000020917e-05
0.0050000000000000001,adaptive,0.052999999999999999,0.00010351562500002133,7.8904809999999998e-06,9.5625144000021332e-05
0.0050000000000000001,adaptive,0.053999999999999999,0.00010546875000002174,8.5030559999999996e-06,9.6965694000021734e-05
0.0050000000000000001,adaptive,0.055,0.00010742187500002213,9.1506250000000002e-06,9.827125000002213e-05
0.0050000000000000001,adaptive,0.056000000000000001,0.00010937500000002254,9.8344960000000012e-06,9.9540504000022542e-05
0.0050000000000000001,adaptive,0.057000000000000002,0.00011132812500002295,1.0556001000000001e-05,0.00010077212400002295
0.0050000000000000001,adaptive,0.058000000000000003,0.00011328125000002334,1.1316496000000002e-05,0.00010196475400002335
0.0050000000000000001,adaptive,0.058999999999999997,0.00011523437500002374,1.2117360999999997e-05,0.00010311701400002374
0.0050000000000000001,adaptive,0.059999999999999998,0.00011718750000002415,1.2959999999999998e-05,0.00010422750000002415
0.0050000000000000001,adaptive,0.060999999999999999,0.00011914062500002454,1.3845840999999999e-05,0.00010529478400002454
0.0050000000000000001,adaptive,0.062,0.00012109375000002495,1.4776336e-05,0.00010631741400002495
0.0050000000000000001,adaptive,0.063,0.00012304687500002534,1.5752961e-05,0.00010729391400002534
0.0050000000000000001,adaptive,0.064000000000000001,0.00012500000000002575,1.6777216000000003e-05,0.00010822278400002576
0.0050000000000000001,adaptive,0.065000000000000002,0.00012695312500002616,1.7850625000000003e-05,0.00010910250000002616
0.0050000000000000001,adaptive,0.066000000000000003,0.00012890625000002657,1.8974736000000005e-05,0.00010993151400002656
0.0050000000000000001,adaptive,0.067000000000000004,0.00013085937500002698,2.0151121000000005e-05,0.00011070825400002697
0.0050000000000000001,adaptive,0.068000000000000005,0.00013281250000002739,2.1381376000000006e-05,0.00011143112400002738
0.0050000000000000001,adaptive,0.069000000000000006,0.00013476562500002779,2.2667121000000006e-05,0.00011209850400002778
0.0050000000000000001,adaptive,0.070000000000000007,0.00013671875000002818,2.4010000000000009e-05,0.00011270875000002817
0.0050000000000000001,adaptive,0.070999999999999994,0.00013867187500002856,2.5411680999999991e-05,0.00011326019400002856
0.0050000000000000001,adaptive,0.071999999999999995,0.00014062500000002896,2.6873855999999993e-05,0.00011375114400002897
0.0050000000000000001,adaptive,0.072999999999999995,0.00014257812500002937,2.8398240999999994e-05,0.00011417988400002938
0.0050000000000000001,adaptive,0.073999999999999996,0.00014453125000002978,2.9986575999999993e-05,0.00011454467400002979
0.0050000000000000001,adaptive,0.074999999999999997,0.00014648437500003019,3.1640624999999998e-05,0.00011484375000003019
0.0050000000000000001,adaptive,0.075999999999999998,0.00014843750000003057,3.3362175999999998e-05,0.00011507532400003057
0.0050000000000000001,adaptive,0.076999999999999999,0.00015039062500003098,3.5153040999999999e-05,0.00011523758400003097
0.0050000000000000001,adaptive,0.078,0.00015234375000003139,3.7015055999999997e-05,0.0001153286940000314
0.0050000000000000001,adaptive,0.079000000000000001,0.0001542968750000318,3.8950081e-05,0.0001153467940000318
0.0050000000000000001,adaptive,0.080000000000000002,0.0001562500000000322,4.0960000000000001e-05,0.0001152900000000322
0.0050000000000000001,adaptive,0.081000000000000003,0.00015820312500003261,4.3046721000000007e-05,0.00011515640400003261
0.0050000000000000001,adaptive,0.082000000000000003,0.00016015625000003302,4.5212176000000008e-05,0.00011494407400003301
0.0050000000000000001,adaptive,0.083000000000000004,0.0001621093750000334,4.745832100000001e-05,0.00011465105400003339
0.0050000000000000001,adaptive,0.084000000000000005,0.00016406250000003381,4.9787136000000015e-05,0.0001142753640000338
0.0050000000000000001,adaptive,0.085000000000000006,0.00016601562500003422,5.2200625000000018e-05,0.0001138150000000342
0.0050000000000000001,adaptive,0.085999999999999993,0.0001679687500000346,5.470081599999998e-05,0.00011326793400003462
0.0050000000000000001,adaptive,0.086999999999999994,0.00016992187500003501,5.7289760999999981e-05,0.00011263211400003503
0.0050000000000000001,adaptive,0.087999999999999995,0.00017187500000003542,5.9969535999999987e-05,0.00011190546400003542
0.0050000000000000001,adaptive,0.088999999999999996,0.0001738281250000358,6.2742240999999989e-05,0.00011108588400003581
0.0050000000000000001,adaptive,0.089999999999999997,0.00017578125000003621,6.560999999999999e-05,0.00011017125000003622
0.0050000000000000001,adaptive,0.090999999999999998,0.00017773437500003661,6.8574960999999993e-05,0.00010915941400003662
0.0050000000000000001,adaptive,0.091999999999999998,0.00017968750000003702,7.1639295999999993e-05,0.00010804820400003703
0.0050000000000000001,adaptive,0.092999999999999999,0.00018164062500003743,7.4805200999999996e-05,0.00010683542400003743
0.0050000000000000001,adaptive,0.094,0.00018359375000003784,7.8074895999999996e-05,0.00010551885400003784
0.0050000000000000001,adaptive,0.095000000000000001,0.00018554687500003825,8.1450624999999997e-05,0.00010409625000003825
0.0050000000000000001,adaptive,0.096000000000000002,0.00018750000000003863,8.4934656000000005e-05,0.00010256534400003862
0.0050000000000000001,adaptive,0.097000000000000003,0.00018945312500003904,8.8529281000000008e-05,0.00010092384400003903
0.0050000000000000001,adaptive,0.098000000000000004,0.00019140625000003945,9.2236816000000008e-05,9.9169434000039437e-05
0.0050000000000000001,adaptive,0.099000000000000005,0.00019335937500003985,9.6059601000000021e-05,9.7299774000039833e-05
0.0050000000000000001,adaptive,0.10000000000000001,0.00019531250000004026,0.00010000000000000002,9.5312500000040244e-05
0.0050000000000000001,adaptive,0.10100000000000001,0.00019726562500004067,0.00010406040100000003,9.3205224000040643e-05
0.0050000000000000001,adaptive,0.10199999999999999,0.00019921875000004102,0.00010824321599999998,9.0975534000041047e-05
0.0050000000000000001,adaptive,0.10299999999999999,0.00020117187500004143,0.00011255088099999997,8.8620994000041458e-05
0.0050000000000000001,adaptive,0.104,0.00020312500000004184,0.00011698585599999997,8.6139144000041868e-05
0.0050000000000000001,adaptive,0.105,0.00020507812500004225,0.00012155062499999998,8.3527500000042266e-05
0.0050000000000000001,adaptive,0.106,0.00020703125000004266,0.000126247696,8.0783554000042661e-05
0.0050000000000000001,adaptive,0.107,0.00020898437500004307,0.00013107960099999999,7.7904774000043072e-05
0.0050000000000000001,adaptive,0.108,0.00021093750000004347,0.00013604889599999999,7.4888604000043481e-05
0.0050000000000000001,adaptive,0.109,0.00021289062500004386,0.00014115816099999999,7.1732464000043869e-05
0.0050000000000000001,adaptive,0.11,0.00021484375000004426,0.00014641,6.8433750000044261e-05
0.0050000000000000001,adaptive,0.111,0.00021679687500004467,0.000151807041,6.4989834000044668e-05
0.0050000000000000001,adaptive,0.112,0.00021875000000004508,0.00015735193600000002,6.1398064000045061e-05
0.0050000000000000001,adaptive,0.113,0.00022070312500004549,0.00016304736100000001,5.7655764000045482e-05
0.0050000000000000001,adaptive,0.114,0.0002226562500000459,0.00016889601600000002,5.3760234000045876e-05
0.0050000000000000001,adaptive,0.115,0.00022460937500004631,0.00017490062500000002,4.9708750000046286e-05
0.0050000000000000001,adaptive,0.11600000000000001,0.00022656250000004669,0.00018106393600000003,4.5498564000046661e-05
0.0050000000000000001,adaptive,0.11700000000000001,0.00022851562500004709,0.00018738872100000005,4.1126904000047046e-05
0.0050000000000000001,adaptive,0.11799999999999999,0.00023046875000004748,0.00019387777599999995,3.6590974000047527e-05
0.0050000000000000001,adaptive,0.11899999999999999,0.00023242187500004788,0.00020053392099999995,3.1887954000047933e-05
0.0050000000000000001,adaptive,0.12,0.00023437500000004829,0.00020735999999999997,2.7015000000048326e-05
0.0050000000000000001,adaptive,0.121,0.0002363281250000487,0.00021435888099999997,2.1969244000048728e-05
0.0050000000000000001,adaptive,0.122,0.00023828125000004908,0.00022153345599999999,1.6747794000049093e-05
0.0050000000000000001,adaptive,0.123,0.00024023437500004949,0.00022888664099999999,1.13477340000495e-05
0.0050000000000000001,adaptive,0.124,0.0002421875000000499,0.00023642137599999999,5.766124000049905e-06
0.0050000000000000001,adaptive,0.125,0.00024414062500005031,0.000244140625,5.0306980803327406e-17
0.0050000000000000001,adaptive,0.126,0.00027343750000005077,0.000252047376,2.1390124000050771e-05
0.0050000000000000001,adaptive,0.127,0.00030273437500005117,0.00026014464100000001,4.2589734000051164e-05
0.0050000000000000001,adaptive,0.128,0.00033203125000005163,0.00026843545600000005,6.3595794000051583e-05
0.0050000000000000001,adaptive,0.129,0.00036132812500005204,0.00027692288100000003,8.4405244000052004e-05
0.0050000000000000001,adaptive,0.13,0.0003906250000000525,0.00028561000000000005,0.00010501500000005244
0.0050000000000000001,adaptive,0.13100000000000001,0.00041992187500005296,0.00029449992100000005,0.00012542195400005291
0.0050000000000000001,adaptive,0.13200000000000001,0.00044921875000005336,0.00030359577600000008,0.00014562297400005328
0.0050000000000000001,adaptive,0.13300000000000001,0.00047851562500005377,0.00031290072100000006,0.00016561490400005371
0.0050000000000000001,adaptive,0.13400000000000001,0.00050781250000005423,0.00032241793600000008,0.00018539456400005415
0.0050000000000000001,adaptive,0.13500000000000001,0.00053710937500005469,0.00033215062500000007,0.00020495875000005461
0.0050000000000000001,adaptive,0.13600000000000001,0.00056640625000005515,0.0003421020160000001,0.00022430423400005505
0.0050000000000000001,adaptive,0.13700000000000001,0.00059570312500005561,0.00035227536100000011,0.00024342776400005549
0.0050000000000000001,adaptive,0.13800000000000001,0.00062500000000005596,0.0003626739360000001,0.00026232606400005586
0.0050000000000000001,adaptive,0.13900000000000001,0.00065429687500005642,0.00037330104100000014,0.00028099583400005627
0.0050000000000000001,adaptive,0.14000000000000001,0.00068359375000005677,0.00038416000000000014,0.00029943375000005663
0.0050000000000000001,adaptive,0.14099999999999999,0.00071289062500005647,0.00039525416099999984,0.00031763646400005663
0.0050000000000000001,adaptive,0.14199999999999999,0.00074218750000005693,0.00040658689599999985,0.00033560060400005708
0.0050000000000000001,adaptive,0.14299999999999999,0.00077148437500005728,0.00041816160099999989,0.0003533227740000574
0.0050000000000000001,adaptive,0.14399999999999999,0.00080078125000005774,0.00042998169599999989,0.00037079955400005785
0.0050000000000000001,adaptive,0.14499999999999999,0.0008300781250000582,0.00044205062499999987,0.00038802750000005833
0.0050000000000000001,adaptive,0.14599999999999999,0.00085937500000005866,0.0004543718559999999,0.00040500314400005876
0.0050000000000000001,adaptive,0.14699999999999999,0.00088867187500005912,0.00046694888099999991,0.00042172299400005921
0.0050000000000000001,adaptive,0.14799999999999999,0.00091796875000005947,0.00047978521599999988,0.00043818353400005959
0.0050000000000000001,adaptive,0.14899999999999999,0.00094726562500005993,0.00049288440099999988,0.00045438122400006005
0.0050000000000000001,adaptive,0.14999999999999999,0.00097656250000006028,0.00050624999999999997,0.00047031250000006031
0.0050000000000000001,adaptive,0.151,0.001005859375000061,0.00051988560099999997,0.00048597377400006099
0.0050000000000000001,adaptive,0.152,0.0010351562500000612,0.00053379481599999997,0.00050136143400006123
0.0050000000000000001,adaptive,0.153,0.0010644531250000617,0.00054798128099999997,0.00051647184400006169
0.0050000000000000001,adaptive,0.154,0.0010937500000000621,0.00056244865599999999,0.00053130134400006213
0.0050000000000000001,adaptive,0.155,0.0011230468750000626,0.00057720062499999993,0.00054584625000006265
0.0050000000000000001,adaptive,0.156,0.001152343750000063,0.00059224089599999995,0.00056010285400006309
0.0050000000000000001,adaptive,0.157,0.0011816406250000633,0.00060757320099999999,0.00057406742400006329
0.0050000000000000001,adaptive,0.158,0.001210937500000064,0.00062320129599999999,0.00058773620400006396
0.0050000000000000001,adaptive,0.159,0.0012402343750000642,0.00063912896100000005,0.00060110541400006416
0.0050000000000000001,adaptive,0.16,0.0012695312500000647,0.00065536000000000001,0.00061417125000006465
0.0050000000000000001,adaptive,0.161,0.0012988281250000651,0.0006718982410000001,0.00062692988400006502
0.0050000000000000001,adaptive,0.16200000000000001,0.0013281250000000656,0.00068874753600000011,0.00063937746400006548
0.0050000000000000001,adaptive,0.16300000000000001,0.001357421875000066,0.00070591176100000014,0.0006515101140000659
0.0050000000000000001,adaptive,0.16400000000000001,0.0013867187500000665,0.00072339481600000013,0.00066332393400006637
0.0050000000000000001,adaptive,0.16500000000000001,0.001416015625000067,0.00074120062500000012,0.00067481500000006684
0.0050000000000000001,adaptive,0.16600000000000001,0.0014453125000000674,0.00075933313600000016,0.00068597936400006726
0.0050000000000000001,adaptive,0.16700000000000001,0.0014746093750000679,0.00077779632100000021,0.00069681305400006767
0.0050000000000000001,adaptive,0.16800000000000001,0.0015039062500000681,0.00079659417600000024,0.00070731207400006788
0.0050000000000000001,adaptive,0.16900000000000001,0.0015332031250000686,0.00081573072100000023,0.00071747240400006835
0.0050000000000000001,adaptive,0.17000000000000001,0.001562500000000069,0.00083521000000000029,0.00072729000000006875
0.0050000000000000001,adaptive,0.17100000000000001,0.0015917968750000695,0.00085503608100000021,0.00073676079400006929
0.0050000000000000001,adaptive,0.17199999999999999,0.0016210937500000691,0.00087521305599999968,0.00074588069400006942
0.0050000000000000001,adaptive,0.17299999999999999,0.0016503906250000696,0.00089574504099999971,0.00075464558400006984
0.0050000000000000001,adaptive,0.17399999999999999,0.00167968750000007,0.0009166361759999997,0.00076305132400007031
0.0050000000000000001,adaptive,0.17499999999999999,0.0017089843750000705,0.00093789062499999981,0.00077109375000007066
0.0050000000000000001,adaptive,0.17599999999999999,0.0017382812500000709,0.0009595125759999998,0.00077876867400007114
0.0050000000000000001,adaptive,0.17699999999999999,0.0017675781250000714,0.00098150624099999973,0.00078607188400007166
0.0050000000000000001,adaptive,0.17799999999999999,0.0017968750000000719,0.0010038758559999998,0.00079299914400007203
0.0050000000000000001,adaptive,0.17899999999999999,0.0018261718750000721,0.0010266256809999999,0.00079954619400007224
0.0050000000000000001,adaptive,0.17999999999999999,0.0018554687500000726,0.0010497599999999998,0.00080570875000007271
0.0050000000000000001,adaptive,0.18099999999999999,0.001884765625000073,0.0010732831209999999,0.0008114825040000731
0.0050000000000000001,adaptive,0.182,0.0019140625000000735,0.0010971993759999999,0.00081686312400007358
0.0050000000000000001,adaptive,0.183,0.0019433593750000739,0.0011215131209999999,0.000821846254000074
0.0050000000000000001,adaptive,0.184,0.0019726562500000742,0.0011462287359999999,0.00082642751400007429
0.0050000000000000001,adaptive,0.185,0.0020019531250000749,0.0011713506249999999,0.00083060250000007493
0.0050000000000000001,adaptive,0.186,0.0020312500000000755,0.0011968832159999999,0.00083436678400007559
0.0050000000000000001,adaptive,0.187,0.0020605468750000758,0.0012228309609999999,0.00083771591400007587
0.0050000000000000001,adaptive,0.188,0.002089843750000076,0.0012491983359999999,0.00084064541400007608
0.0050000000000000001,adaptive,0.189,0.0021191406250000763,0.0012759898410000001,0.00084315078400007621
0.0050000000000000001,adaptive,0.19,0.0021484375000000769,0.00130321,0.00084522750000007698
0.0050000000000000001,adaptive,0.191,0.0021777343750000776,0.0013308633610000001,0.00084687101400007748
0.0050000000000000001,adaptive,0.192,0.0022070312500000779,0.0013589544960000001,0.00084807675400007778
0.0050000000000000001,adaptive,0.193,0.0022363281250000781,0.0013874880010000001,0.00084884012400007801
0.0050000000000000001,adaptive,0.19400000000000001,0.0022656250000000788,0.0014164684960000001,0.00084915650400007865
0.0050000000000000001,adaptive,0.19500000000000001,0.002294921875000079,0.0014459006250000003,0.00084902125000007873
0.0050000000000000001,adaptive,0.19600000000000001,0.0023242187500000797,0.0014757890560000001,0.00084842969400007956
0.0050000000000000001,adaptive,0.19700000000000001,0.0023535156250000799,0.0015061384810000002,0.00084737714400007972
0.0050000000000000001,adaptive,0.19800000000000001,0.0023828125000000806,0.0015369536160000003,0.00084585888400008028
0.0050000000000000001,adaptive,0.19900000000000001,0.0024121093750000809,0.0015682392010000004,0.00084387017400008044
0.0050000000000000001,adaptive,0.20000000000000001,0.0024414062500000815,0.0016000000000000003,0.00084140625000008124
0.0050000000000000001,adaptive,0.20100000000000001,0.0024707031250000818,0.0016322408010000003,0.00083846232400008143
0.0050000000000000001,adaptive,0.20200000000000001,0.002500000000000082,0.0016649664160000004,0.00083503358400008158
0.0050000000000000001,adaptive,0.20300000000000001,0.0025292968750000827,0.0016981816810000005,0.00083111519400008217
0.0050000000000000001,adaptive,0.20399999999999999,0.0025585937500000821,0.0017318914559999996,0.00082670229400008243
0.0050000000000000001,adaptive,0.20499999999999999,0.0025878906250000827,0.0017661006249999995,0.00082179000000008324
0.0050000000000000001,adaptive,0.20599999999999999,0.002617187500000083,0.0018008140959999996,0.0008163734040000834
0.0050000000000000001,adaptive,0.20699999999999999,0.0026464843750000837,0.0018360368009999997,0.00081044757400008396
0.0050000000000000001,adaptive,0.20799999999999999,0.0026757812500000839,0.0018717736959999996,0.00080400755400008433
0.0050000000000000001,adaptive,0.20899999999999999,0.0027050781250000846,0.0019080297609999997,0.00079704836400008492
0.0050000000000000001,adaptive,0.20999999999999999,0.0027343750000000848,0.0019448099999999997,0.0007895650000000851
0.0050000000000000001,adaptive,0.21099999999999999,0.0027636718750000855,0.0019821194409999996,0.0007815524340000859
0.0050000000000000001,adaptive,0.21199999999999999,0.0027929687500000857,0.0020199631359999999,0.0007730056140000858
0.0050000000000000001,adaptive,0.21299999999999999,0.002822265625000086,0.0020583461609999998,0.00076391946400008624
0.0050000000000000001,adaptive,0.214,0.0028515625000000867,0.0020972736159999999,0.00075428888400008677
0.0050000000000000001,adaptive,0.215,0.0028808593750000869,0.0021367506249999999,0.00074410875000008704
0.0050000000000000001,adaptive,0.216,0.0029101562500000876,0.0021767823359999999,0.00073337391400008769
0.0050000000000000001,adaptive,0.217,0.0029394531250000878,0.0022173739210000001,0.00072207920400008769
0.0050000000000000001,adaptive,0.218,0.0029687500000000885,0.0022585305759999998,0.00071021942400008873
0.0050000000000000001,adaptive,0.219,0.0029980468750000887,0.0023002575210000001,0.00069778935400008867
0.0050000000000000001,adaptive,0.22,0.0030273437500000894,0.00234256,0.00068478375000008938
0.0050000000000000001,adaptive,0.221,0.0030566406250000897,0.0023854432810000003,0.00067119734400008938
0.0050000000000000001,adaptive,0.222,0.0030859375000000899,0.0024289126560000001,0.00065702484400008985
0.0050000000000000001,adaptive,0.223,0.0031152343750000906,0.0024729734410000002,0.00064226093400009034
0.0050000000000000001,adaptive,0.224,0.0031445312500000908,0.0025176309760000003,0.00062690027400009053
0.0050000000000000001,adaptive,0.22500000000000001,0.0031738281250000915,0.0025628906250000001,0.00061093750000009144
0.0050000000000000001,adaptive,0.22600000000000001,0.0032031250000000917,0.0026087577760000001,0.00059436722400009164
0.0050000000000000001,adaptive,0.22700000000000001,0.0032324218750000924,0.0026552378410000005,0.00057718403400009192
0.0050000000000000001,adaptive,0.22800000000000001,0.0032617187500000927,0.0027023362560000003,0.00055938249400009233
0.0050000000000000001,adaptive,0.22900000000000001,0.0032910156250000933,0.0027500584810000003,0.000540957144000093
0.0050000000000000001,adaptive,0.23000000000000001,0.0033203125000000936,0.0027984100000000003,0.00052190250000009328
0.0050000000000000001,adaptive,0.23100000000000001,0.0033496093750000938,0.0028473963210000003,0.00050221305400009351
0.0050000000000000001,adaptive,0.23200000000000001,0.0033789062500000945,0.0028970229760000004,0.00048188327400009411
0.0050000000000000001,adaptive,0.23300000000000001,0.0034082031250000948,0.0029472955210000005,0.00046090760400009428
0.0050000000000000001,adaptive,0.23400000000000001,0.0034375000000000954,0.0029982195360000008,0.00043928046400009465
0.0050000000000000001,adaptive,0.23499999999999999,0.0034667968750000948,0.0030498006249999993,0.00041699625000009548
0.0050000000000000001,adaptive,0.23599999999999999,0.0034960937500000955,0.0031020444159999992,0.00039404933400009629
0.0050000000000000001,adaptive,0.23699999999999999,0.0035253906250000957,0.0031549565609999995,0.00037043406400009624
0.0050000000000000001,adaptive,0.23799999999999999,0.0035546875000000964,0.0032085427359999992,0.00034614476400009718
0.0050000000000000001,adaptive,0.23899999999999999,0.0035839843750000966,0.0032628086409999995,0.00032117573400009718
0.0050000000000000001,adaptive,0.23999999999999999,0.0036132812500000973,0.0033177599999999995,0.00029552125000009786
0.0050000000000000001,adaptive,0.24099999999999999,0.0036425781250000976,0.0033734025609999997,0.0002691755640000979
0.0050000000000000001,adaptive,0.24199999999999999,0.0036718750000000978,0.0034297420959999996,0.00024213290400009824
0.0050000000000000001,adaptive,0.24299999999999999,0.0037011718750000985,0.0034867844009999998,0.00021438747400009863
0.0050000000000000001,adaptive,0.24399999999999999,0.0037304687500000987,0.0035445352959999998,0.00018593345400009891
0.0050000000000000001,adaptive,0.245,0.0037597656250000994,0.0036030006249999995,0.00015676500000009986
0.0050000000000000001,adaptive,0.246,0.0037890625000000996,0.0036621862559999998,0.0001268762440000998
0.0050000000000000001,adaptive,0.247,0.0038183593750001003,0.0037220980809999997,9.626129400010057e-05
0.0050000000000000001,adaptive,0.248,0.0038476562500001006,0.0037827420159999999,6.4914234000100664e-05
0.0050000000000000001,adaptive,0.249,0.0038769531250001012,0.003844124001,3.2829124000101264e-05
0.0050000000000000001,adaptive,0.25,0.0039062500000001015,0.00390625,1.0148132334464322e-16
0.0050000000000000001,adaptive,0.251,0.0040332031250001022,0.0039691260010000003,6.4077124000101911e-05
0.0050000000000000001,adaptive,0.252,0.0041601562500001021,0.0040327580159999999,0.0001273982340001022
0.0050000000000000001,adaptive,0.253,0.0042871093750001029,0.0040971520809999998,0.00018995729400010306
0.0050000000000000001,adaptive,0.254,0.0044140625000001037,0.0041623142560000001,0.00025174824400010353
0.0050000000000000001,adaptive,0.255,0.0045410156250001044,0.0042282506249999999,0.00031276500000010452
0.0050000000000000001,adaptive,0.25600000000000001,0.0046679687500001043,0.0042949672960000008,0.00037300145400010355
0.0050000000000000001,adaptive,0.25700000000000001,0.0047949218750001051,0.0043624704010000008,0.00043245147400010429
0.0050000000000000001,adaptive,0.25800000000000001,0.0049218750000001059,0.0044307660960000005,0.00049110890400010532
0.0050000000000000001,adaptive,0.25900000000000001,0.0050488281250001057,0.0044998605610000004,0.00054896756400010533
0.0050000000000000001,adaptive,0.26000000000000001,0.0051757812500001065,0.0045697600000000008,0.00060602125000010568
0.0050000000000000001,adaptive,0.26100000000000001,0.0053027343750001073,0.0046404706410000003,0.00066226373400010696
0.0050000000000000001,adaptive,0.26200000000000001,0.005429687500000108,0.0047119987360000008,0.00071768876400010728
0.0050000000000000001,adaptive,0.26300000000000001,0.0055566406250001088,0.0047843505610000005,0.00077229006400010829
0.0050000000000000001,adaptive,0.26400000000000001,0.0056835937500001087,0.0048575324160000013,0.00082606133400010742
0.0050000000000000001,adaptive,0.26500000000000001,0.0058105468750001095,0.0049315506250000012,0.00087899625000010823
0.0050000000000000001,adaptive,0.26600000000000001,0.0059375000000001094,0.005006411536000001,0.00093108846400010836
0.0050000000000000001,adaptive,0.26700000000000002,0.0060644531250001101,0.0050821215210000012,0.00098233160400010896
0.0050000000000000001,adaptive,0.26800000000000002,0.0061914062500001109,0.0051586869760000013,0.0010327192740001096
0.0050000000000000001,adaptive,0.26900000000000002,0.0063183593750001116,0.0052361143210000009,0.0010822450540001107
0.0050000000000000001,adaptive,0.27000000000000002,0.0064453125000001124,0.0053144100000000012,0.0011309025000001112
0.0050000000000000001,adaptive,0.27100000000000002,0.0065722656250001132,0.0053935804810000014,0.0011786851440001118
0.0050000000000000001,adaptive,0.27200000000000002,0.0066992187500001131,0.0054736322560000016,0.0012255864940001115
0.0050000000000000001,adaptive,0.27300000000000002,0.0068261718750001138,0.0055545718410000017,0.0012716000340001121
0.0050000000000000001,adaptive,0.27400000000000002,0.0069531250000001137,0.0056364057760000018,0.0013167192240001119
0.0050000000000000001,adaptive,0.27500000000000002,0.0070800781250001145,0.0057191406250000016,0.0013609375000001129
0.0050000000000000001,adaptive,0.27600000000000002,0.0072070312500001153,0.0058027829760000016,0.0014042482740001137
0.0050000000000000001,adaptive,0.27700000000000002,0.007333984375000116,0.0058873394410000023,0.0014466449340001138
0.0050000000000000001,adaptive,0.27800000000000002,0.0074609375000001168,0.0059728166560000023,0.0014881208440001145
0.0050000000000000001,adaptive,0.27900000000000003,0.0075878906250001167,0.006059221281000002,0.0015286693440001147
0.0050000000000000001,adaptive,0.28000000000000003,0.0077148437500001174,0.0061465600000000023,0.0015682837500001151
0.0050000000000000001,adaptive,0.28100000000000003,0.0078417968750001191,0.0062348395210000025,0.0016069573540001166
0.0050000000000000001,adaptive,0.28199999999999997,0.0079687500000001112,0.0063240665759999974,0.0016446834240001137
0.0050000000000000001,adaptive,0.28299999999999997,0.0080957031250001119,0.0064142479209999973,0.0016814552040001146
0.0050000000000000001,adaptive,0.28399999999999997,0.0082226562500001127,0.0065053903359999976,0.0017172659140001151
0.0050000000000000001,adaptive,0.28499999999999998,0.0083496093750001117,0.006597500624999998,0.0017521087500001137
0.0050000000000000001,adaptive,0.28599999999999998,0.0084765625000001142,0.0066905856159999982,0.001785976884000116
0.0050000000000000001,adaptive,0.28699999999999998,0.0086035156250001132,0.0067846521609999976,0.0018188634640001157
0.0050000000000000001,adaptive,0.28799999999999998,0.0087304687500001157,0.0068797071359999983,0.0018507616140001175
0.0050000000000000001,adaptive,0.28899999999999998,0.0088574218750001148,0.0069757574409999978,0.001881664434000117
0.0050000000000000001,adaptive,0.28999999999999998,0.0089843750000001155,0.007072809999999998,0.0019115650000001176
0.0050000000000000001,adaptive,0.29099999999999998,0.0091113281250001163,0.0071708717609999979,0.0019404563640001184
0.0050000000000000001,adaptive,0.29199999999999998,0.0092382812500001171,0.0072699496959999985,0.0019683315540001186
0.0050000000000000001,adaptive,0.29299999999999998,0.0093652343750001178,0.0073700508009999985,0.0019951835740001193
0.0050000000000000001,adaptive,0.29399999999999998,0.0094921875000001169,0.0074711820959999986,0.0020210054040001183
0.0050000000000000001,adaptive,0.29499999999999998,0.0096191406250001193,0.0075733506249999983,0.002045790000000121
0.0050000000000000001,adaptive,0.29599999999999999,0.0097460937500001184,0.0076765634559999981,0.0020695302940001202
0.0050000000000000001,adaptive,0.29699999999999999,0.0098730468750001191,0.0077808276809999983,0.0020922191940001209
0.0050000000000000001,adaptive,0.29799999999999999,0.01000000000000012,0.0078861504159999981,0.0021138495840001218
0.0050000000000000001,adaptive,0.29899999999999999,0.010126953125000121,0.0079925388009999994,0.0021344143240001213
0.0050000000000000001,adaptive,0.29999999999999999,0.010253906250000121,0.0080999999999999996,0.0021539062500001219
0.0050000000000000001,adaptive,0.30099999999999999,0.01038085937500012,0.0082085412009999994,0.0021723181740001211
0.0050000000000000001,adaptive,0.30199999999999999,0.010507812500000123,0.0083181696159999995,0.0021896428840001234
0.0050000000000000001,adaptive,0.30299999999999999,0.010634765625000122,0.0084288924809999988,0.0022058731440001231
0.0050000000000000001,adaptive,0.30399999999999999,0.010761718750000123,0.0085407170559999995,0.0022210016940001232
0.0050000000000000001,adaptive,0.30499999999999999,0.010888671875000124,0.0086536506249999985,0.002235021250000125
0.0050000000000000001,adaptive,0.30599999999999999,0.011015625000000124,0.0087677004959999996,0.0022479245040001247
0.0050000000000000001,adaptive,0.307,0.011142578125000125,0.0088828740009999994,0.0022597041240001257
0.0050000000000000001,adaptive,0.308,0.011269531250000124,0.0089991784959999998,0.0022703527540001243
0.0050000000000000001,adaptive,0.309,0.011396484375000127,0.0091166213609999991,0.0022798630140001275
0.0050000000000000001,adaptive,0.31,0.011523437500000126,0.0092352099999999989,0.0022882275000001267
0.0050000000000000001,adaptive,0.311,0.011650390625000126,0.009354951840999999,0.0022954387840001273
0.0050000000000000001,adaptive,0.312,0.011777343750000127,0.0094758543359999992,0.0023014894140001279
0.0050000000000000001,adaptive,0.313,0.011904296875000126,0.0095979249610000008,0.0023063719140001254
0.0050000000000000001,adaptive,0.314,0.012031250000000129,0.0097211712159999998,0.0023100787840001288
0.0050000000000000001,adaptive,0.315,0.012158203125000128,0.0098456006250000009,0.0023126025000001268
0.0050000000000000001,adaptive,0.316,0.01228515625000013,0.0099712207359999999,0.0023139355140001303
0.0050000000000000001,adaptive,0.317,0.012412109375000129,0.010098039121000001,0.0023140702540001279
0.0050000000000000001,adaptive,0.318,0.012539062500000132,0.010226063376000001,0.002312999124000131
0.0050000000000000001,adaptive,0.31900000000000001,0.012666015625000131,0.010355301121000001,0.00231071450400013
0.0050000000000000001,adaptive,0.32000000000000001,0.01279296875000013,0.01048576,0.0023072087500001295
0.0050000000000000001,adaptive,0.32100000000000001,0.012919921875000132,0.010617447681000002,0.0023024741940001307
0.0050000000000000001,adaptive,0.32200000000000001,0.013046875000000131,0.010750371856000002,0.0022965031440001296
0.0050000000000000001,adaptive,0.32300000000000001,0.013173828125000134,0.010884540241000001,0.0022892878840001327
0.0050000000000000001,adaptive,0.32400000000000001,0.013300781250000133,0.011019960576000002,0.0022808206740001311
0.0050000000000000001,adaptive,0.32500000000000001,0.013427734375000135,0.011156640625000002,0.0022710937500001332
0.0050000000000000001,adaptive,0.32600000000000001,0.013554687500000134,0.011294588176000002,0.0022600993240001321
0.0050000000000000001,adaptive,0.32700000000000001,0.013681640625000137,0.011433811041000002,0.0022478295840001345
0.0050000000000000001,adaptive,0.32800000000000001,0.013808593750000136,0.011574317056000002,0.0022342766940001337
0.0050000000000000001,adaptive,0.32900000000000001,0.013935546875000135,0.011716114081000002,0.0022194327940001334
0.0050000000000000001,adaptive,0.33000000000000002,0.014062500000000137,0.011859210000000002,0.0022032900000001354
0.0050000000000000001,adaptive,0.33100000000000002,0.014189453125000136,0.012003612721000003,0.0021858404040001334
0.0050000000000000001,adaptive,0.33200000000000002,0.014316406250000139,0.012149330176000003,0.0021670760740001363
0.0050000000000000001,adaptive,0.33300000000000002,0.014443359375000138,0.012296370321000004,0.0021469890540001344
0.0050000000000000001,adaptive,0.33400000000000002,0.01457031250000014,0.012444741136000003,0.002125571364000137
0.0050000000000000001,adaptive,0.33500000000000002,0.014697265625000139,0.012594450625000003,0.0021028150000001362
0.0050000000000000001,adaptive,0.33600000000000002,0.014824218750000139,0.012745506816000004,0.0020787119340001346
0.0050000000000000001,adaptive,0.33700000000000002,0.014951171875000141,0.012897917761000003,0.0020532541140001383
0.0050000000000000001,adaptive,0.33800000000000002,0.01507812500000014,0.013051691536000004,0.0020264334640001363
0.0050000000000000001,adaptive,0.33900000000000002,0.015205078125000143,0.013206836241000004,0.0019982418840001383
0.0050000000000000001,adaptive,0.34000000000000002,0.015332031250000142,0.013363360000000005,0.0019686712500001369
0.0050000000000000001,adaptive,0.34100000000000003,0.015458984375000144,0.013521270961000004,0.0019377134140001404
0.0050000000000000001,adaptive,0.34200000000000003,0.015585937500000143,0.013680577296000003,0.0019053602040001397
0.0050000000000000001,adaptive,0.34300000000000003,0.015712890625000142,0.013841287201000004,0.0018716034240001383
0.0050000000000000001,adaptive,0.34399999999999997,0.015839843750000138,0.014003408895999995,0.0018364348540001428
0.0050000000000000001,adaptive,0.34499999999999997,0.015966796875000137,0.014166950624999996,0.0017998462500001412
0.0050000000000000001,adaptive,0.34599999999999997,0.016093750000000139,0.014331920655999995,0.0017618293440001438
0.0050000000000000001,adaptive,0.34699999999999998,0.016220703125000138,0.014498327280999996,0.0017223758440001423
0.0050000000000000001,adaptive,0.34799999999999998,0.016347656250000141,0.014666178815999995,0.0016814774340001455
0.0050000000000000001,adaptive,0.34899999999999998,0.01647460937500014,0.014835483600999996,0.0016391257740001434
0.0050000000000000001,adaptive,0.34999999999999998,0.016601562500000139,0.015006249999999997,0.0015953125000001418
0.0050000000000000001,adaptive,0.35099999999999998,0.016728515625000141,0.015178486400999997,0.0015500292240001445
0.0050000000000000001,adaptive,0.35199999999999998,0.01685546875000014,0.015352201215999997,0.0015032675340001436
0.0050000000000000001,adaptive,0.35299999999999998,0.016982421875000143,0.015527402880999996,0.0014550189940001467
0.0050000000000000001,adaptive,0.35399999999999998,0.017109375000000142,0.015704099855999996,0.0014052751440001461
0.0050000000000000001,adaptive,0.35499999999999998,0.017236328125000144,0.015882300624999998,0.0013540275000001462
0.0050000000000000001,adaptive,0.35599999999999998,0.017363281250000143,0.016062013695999997,0.0013012675540001462
0.0050000000000000001,adaptive,0.35699999999999998,0.017490234375000142,0.016243247600999999,0.0012469867740001438
0.0050000000000000001,adaptive,0.35799999999999998,0.017617187500000145,0.016426010895999998,0.0011911766040001472
0.0050000000000000001,adaptive,0.35899999999999999,0.017744140625000144,0.016610312160999997,0.0011338284640001473
0.0050000000000000001,adaptive,0.35999999999999999,0.017871093750000146,0.016796159999999997,0.0010749337500001489
0.0050000000000000001,adaptive,0.36099999999999999,0.017998046875000145,0.016983563040999999,0.0010144838340001468
0.0050000000000000001,adaptive,0.36199999999999999,0.018125000000000148,0.017172529935999999,0.00095247006400014933
0.0050000000000000001,adaptive,0.36299999999999999,0.018251953125000147,0.017363069360999999,0.0008888837640001479
0.0050000000000000001,adaptive,0.36399999999999999,0.018378906250000146,0.017555190015999998,0.00082371623400014776
0.0050000000000000001,adaptive,0.36499999999999999,0.018505859375000148,0.017748900624999998,0.00075695875000015081
0.0050000000000000001,adaptive,0.36599999999999999,0.018632812500000148,0.017944209935999999,0.00068860256400014863
0.0050000000000000001,adaptive,0.36699999999999999,0.01875976562500015,0.018141126721,0.00061863890400015026
0.0050000000000000001,adaptive,0.36799999999999999,0.018886718750000149,0.018339659775999998,0.00054705897400015094
0.0050000000000000001,adaptive,0.36899999999999999,0.019013671875000152,0.018539817920999999,0.00047385395400015295
0.0050000000000000001,adaptive,0.37,0.019140625000000151,0.018741609999999999,0.00039901500000015175
0.0050000000000000001,adaptive,0.371,0.019267578125000153,0.018945044881,0.00032253324400015326
0.0050000000000000001,adaptive,0.372,0.019394531250000152,0.019150131455999999,0.00024439979400015313
0.0050000000000000001,adaptive,0.373,0.019521484375000151,0.019356878641000001,0.00016460573400015055
0.0050000000000000001,adaptive,0.374,0.019648437500000154,0.019565295375999998,8.3142124000155221e-05
0.0050000000000000001,adaptive,0.375,0.019775390625000153,0.019775390625,1.5265566588595902e-16
0.0050000000000000001,adaptive,0.376,0.020045166015625154,0.019987173375999999,5.7992639625154691e-05
0.0050000000000000001,adaptive,0.377,0.020314941406250155,0.020200652640999999,0.00011428876525015549
0.0050000000000000001,adaptive,0.378,0.020584716796875156,0.020415837456000001,0.00016887934087515474
0.0050000000000000001,adaptive,0.379,0.020854492187500157,0.020632736881000001,0.00022175530650015568
0.0050000000000000001,adaptive,0.38,0.021124267578125158,0.020851359999999999,0.00027290757812515817
0.0050000000000000001,adaptive,0.38100000000000001,0.021394042968750158,0.021071715921,0.00032232704775015872
0.0050000000000000001,adaptive,0.38200000000000001,0.021663818359375159,0.021293813776000002,0.00037000458337515738
0.0050000000000000001,adaptive,0.38300000000000001,0.02193359375000016,0.021517662721000003,0.00041593102900015777
0.0050000000000000001,adaptive,0.38400000000000001,0.022203369140625158,0.021743271936000001,0.00046009720462515669
0.0050000000000000001,adaptive,0.38500000000000001,0.022473144531250162,0.021970650625000001,0.00050249390625016141
0.0050000000000000001,adaptive,0.38600000000000001,0.02274291992187516,0.022199808016000001,0.00054311190587515851
0.0050000000000000001,adaptive,0.38700000000000001,0.023012695312500161,0.022430753361000002,0.00058194195150015893
0.0050000000000000001,adaptive,0.38800000000000001,0.023282470703125162,0.022663495936000002,0.00061897476712515984
0.0050000000000000001,adaptive,0.38900000000000001,0.023552246093750163,0.022898045041000004,0.0006542010527501585
0.0050000000000000001,adaptive,0.39000000000000001,0.023822021484375164,0.023134410000000005,0.0006876114843751592
0.0050000000000000001,adaptive,0.39100000000000001,0.024091796875000165,0.023372600161000002,0.00071919671400016288
0.0050000000000000001,adaptive,0.39200000000000002,0.024361572265625166,0.023612624896000002,0.00074894736962516362
0.0050000000000000001,adaptive,0.39300000000000002,0.024631347656250167,0.023854493601000004,0.00077685405525016252
0.0050000000000000001,adaptive,0.39400000000000002,0.024901123046875168,0.024098215696000003,0.00080290735087516427
0.0050000000000000001,adaptive,0.39500000000000002,0.025170898437500169,0.024343800625000005,0.00082709781250016323
0.0050000000000000001,adaptive,0.39600000000000002,0.02544067382812517,0.024591257856000005,0.00084941597212516429
0.0050000000000000001,adaptive,0.39700000000000002,0.025710449218750171,0.024840596881000005,0.00086985233775016546
0.0050000000000000001,adaptive,0.39800000000000002,0.025980224609375172,0.025091827216000007,0.00088839739337516488
0.0050000000000000001,adaptive,0.39900000000000002,0.026250000000000173,0.025344958401000005,0.0009050415990001677
0.0050000000000000001,adaptive,0.40000000000000002,0.026519775390625173,0.025600000000000005,0.00091977539062516878
0.0050000000000000001,adaptive,0.40100000000000002,0.026789550781250174,0.025856961601000004,0.00093258918025016999
0.0050000000000000001,adaptive,0.40200000000000002,0.027059326171875175,0.026115852816000006,0.00094347335587516984
0.0050000000000000001,adaptive,0.40300000000000002,0.027329101562500173,0.026376683281000006,0.00095241828150016694
0.0050000000000000001,adaptive,0.40400000000000003,0.027598876953125177,0.026639462656000007,0.0009594142971251704
0.0050000000000000001,adaptive,0.40500000000000003,0.027868652343750175,0.026904200625000006,0.00096445171875016861
0.0050000000000000001,adaptive,0.40600000000000003,0.028138427734375179,0.027170906896000008,0.00096752083837517086
0.0050000000000000001,adaptive,0.40699999999999997,0.028408203125000163,0.027439591200999994,0.00096861192400016921
0.0050000000000000001,adaptive,0.40799999999999997,0.028677978515625164,0.027710263295999994,0.00096771521962516968
0.0050000000000000001,adaptive,0.40899999999999997,0.028947753906250165,0.027982932960999993,0.00096482094525017145
0.0050000000000000001,adaptive,0.40999999999999998,0.029217529296875166,0.028257609999999992,0.0009599192968751738
0.0050000000000000001,adaptive,0.41099999999999998,0.029487304687500167,0.028534304240999994,0.00095300044650017263
0.0050000000000000001,adaptive,0.41199999999999998,0.029757080078125168,0.028813025535999993,0.00094405454212517434
0.0050000000000000001,adaptive,0.41299999999999998,0.030026855468750169,0.029093783760999994,0.00093307170775017503
0.0050000000000000001,adaptive,0.41399999999999998,0.030296630859375166,0.029376588815999995,0.0009200420433751709
0.0050000000000000001,adaptive,0.41499999999999998,0.030566406250000171,0.029661450624999995,0.00090495562500017557
0.0050000000000000001,adaptive,0.41599999999999998,0.030836181640625168,0.029948379135999993,0.00088780250462517502
0.0050000000000000001,adaptive,0.41699999999999998,0.031105957031250173,0.030237384320999993,0.0008685727102501796
0.0050000000000000001,adaptive,0.41799999999999998,0.03137573242187517,0.030528476175999995,0.00084725624587517548
0.0050000000000000001,adaptive,0.41899999999999998,0.031645507812500175,0.030821664720999994,0.00082384309150018015
0.0050000000000000001,adaptive,0.41999999999999998,0.031915283203125172,0.031116959999999996,0.00079832320312517649
0.0050000000000000001,adaptive,0.42099999999999999,0.032185058593750177,0.031414372080999994,0.00077068651275018218
0.0050000000000000001,adaptive,0.42199999999999999,0.032454833984375174,0.031713911055999994,0.00074092292837518031
0.0050000000000000001,adaptive,0.42299999999999999,0.032724609375000172,0.032015587040999993,0.00070902233400017833
0.0050000000000000001,adaptive,0.42399999999999999,0.032994384765625176,0.032319410175999999,0.00067497458962517687
0.0050000000000000001,adaptive,0.42499999999999999,0.03326416015625018,0.032625390624999993,0.00063876953125018704
0.0050000000000000001,adaptive,0.42599999999999999,0.033533935546875178,0.032933538575999996,0.0006003969708751819
0.0050000000000000001,adaptive,0.42699999999999999,0.033803710937500175,0.033243864240999996,0.00055984669650017971
0.0050000000000000001,adaptive,0.42799999999999999,0.03407348632812518,0.033556377855999998,0.00051710847212518146
0.0050000000000000001,adaptive,0.42899999999999999,0.034343261718750184,0.033871089681,0.00047217203775018479
0.0050000000000000001,adaptive,0.42999999999999999,0.034613037109375182,0.034188009999999998,0.00042502710937518395
0.0050000000000000001,adaptive,0.43099999999999999,0.034882812500000179,0.034507149120999996,0.00037566337900018371
0.0050000000000000001,adaptive,0.432,0.035152587890625184,0.034828517375999998,0.00032407051462518544
0.0050000000000000001,adaptive,0.433,0.035422363281250188,0.035152125121000001,0.00027023816025018715
0.0050000000000000001,adaptive,0.434,0.035692138671875186,0.035477982736000002,0.0002141559358751835
0.0050000000000000001,adaptive,0.435,0.035961914062500183,0.035806100624999997,0.00015581343750018656
0.0050000000000000001,adaptive,0.436,0.036231689453125188,0.036136489215999996,9.5200237125191156e-05
0.0050000000000000001,adaptive,0.437,0.036501464843750192,0.036469158961000003,3.2305882750188752e-05
0.0050000000000000001,adaptive,0.438,0.036843261718750187,0.036804120336000001,3.9141382750185194e-05
0.0050000000000000001,adaptive,0.439,0.037257080078125192,0.037141383840999999,0.00011569623712519295
0.0050000000000000001,adaptive,0.44,0.03767089843750019,0.037480960000000001,0.00018993843750018946
0.0050000000000000001,adaptive,0.441,0.038084716796875188,0.037822859361000001,0.00026185743587518739
0.0050000000000000001,adaptive,0.442,0.038498535156250194,0.038167092496000005,0.00033144266025018909
0.0050000000000000001,adaptive,0.443,0.038912353515625192,0.038513670000999999,0.00039868351462519352
0.0050000000000000001,adaptive,0.44400000000000001,0.03932617187500019,0.038862602496000001,0.00046356937900018935
0.0050000000000000001,adaptive,0.44500000000000001,0.039739990234375196,0.039213900624999999,0.00052608960937519655
0.0050000000000000001,adaptive,0.44600000000000001,0.040153808593750194,0.039567575056000004,0.0005862335377501901
0.0050000000000000001,adaptive,0.44700000000000001,0.040567626953125199,0.039923636481000002,0.00064399047212519711
0.0050000000000000001,adaptive,0.44800000000000001,0.040981445312500198,0.040282095616000005,0.00069934969650019274
0.0050000000000000001,adaptive,0.44900000000000001,0.041395263671875196,0.040642963201000006,0.00075230047087519042
0.0050000000000000001,adaptive,0.45000000000000001,0.041809082031250201,0.041006250000000001,0.0008028320312502002
0.0050000000000000001,adaptive,0.45100000000000001,0.0422229003906252,0.041371966801000006,0.00085093358962519405
0.0050000000000000001,adaptive,0.45200000000000001,0.042636718750000198,0.041740124416000002,0.00089659433400019611
0.0050000000000000001,adaptive,0.45300000000000001,0.043050537109375203,0.042110733681000004,0.00093980342837519937
0.0050000000000000001,adaptive,0.45400000000000001,0.043464355468750202,0.042483805456000008,0.00098055001275019343
0.0050000000000000001,adaptive,0.45500000000000002,0.0438781738281252,0.042859350625000008,0.0010188232031251923
0.0050000000000000001,adaptive,0.45600000000000002,0.044291992187500205,0.043237380096000005,0.0010546120915001997
0.0050000000000000001,adaptive,0.45700000000000002,0.044705810546875203,0.043617904801000008,0.0010879057458751951
0.0050000000000000001,adaptive,0.45800000000000002,0.045119628906250209,0.044000935696000006,0.0011186932102502031
0.0050000000000000001,adaptive,0.45900000000000002,0.045533447265625207,0.04438648376100001,0.0011469635046251966
0.0050000000000000001,adaptive,0.46000000000000002,0.045947265625000205,0.044774560000000005,0.0011727056250002005
0.0050000000000000001,adaptive,0.46100000000000002,0.046361083984375211,0.045165175441000009,0.0011959085433752015
0.0050000000000000001,adaptive,0.46200000000000002,0.046774902343750209,0.045558341136000005,0.0012165612077502039
0.0050000000000000001,adaptive,0.46300000000000002,0.047188720703125214,0.045954068161000006,0.0012346525421252086
0.0050000000000000001,adaptive,0.46400000000000002,0.047602539062500213,0.046352367616000006,0.0012501714465002062
0.0050000000000000001,adaptive,0.46500000000000002,0.048016357421875211,0.046753250625000013,0.0012631067968751977
0.0050000000000000001,adaptive,0.46600000000000003,0.048430175781250216,0.047156728336000008,0.0012734474452502087
0.0050000000000000001,adaptive,0.46700000000000003,0.048843994140625215,0.047562811921000009,0.0012811822196252057
0.0050000000000000001,adaptive,0.46800000000000003,0.04925781250000022,0.047971512576000012,0.0012862999240002074
0.0050000000000000001,adaptive,0.46899999999999997,0.04967163085937519,0.048382841520999989,0.0012887893383752014
0.0050000000000000001,adaptive,0.46999999999999997,0.050085449218750196,0.048796809999999989,0.0012886392187502066
0.0050000000000000001,adaptive,0.47099999999999997,0.050499267578125194,0.04921342928099999,0.0012858382971252039
0.0050000000000000001,adaptive,0.47199999999999998,0.050913085937500199,0.049632710655999987,0.0012803752815002123
0.0050000000000000001,adaptive,0.47299999999999998,0.051326904296875198,0.050054665440999992,0.001272238855875206
0.0050000000000000001,adaptive,0.47399999999999998,0.051740722656250196,0.050479304975999992,0.0012614176802502042
0.0050000000000000001,adaptive,0.47499999999999998,0.052154541015625201,0.050906640624999992,0.001247900390625209
0.0050000000000000001,adaptive,0.47599999999999998,0.0525683593750002,0.051336683775999988,0.0012316755990002121
0.0050000000000000001,adaptive,0.47699999999999998,0.052982177734375205,0.051769445840999989,0.0012127318933752157
0.0050000000000000001,adaptive,0.47799999999999998,0.053395996093750203,0.052204938255999991,0.0011910578377502118
0.0050000000000000001,adaptive,0.47899999999999998,0.053809814453125202,0.052643172480999992,0.0011666419721252097
0.0050000000000000001,adaptive,0.47999999999999998,0.0542236328125002,0.053084159999999991,0.0011394728125002085
0.0050000000000000001,adaptive,0.48099999999999998,0.054637451171875205,0.053527912320999994,0.0011095388508752108
0.0050000000000000001,adaptive,0.48199999999999998,0.05505126953125021,0.053974440975999995,0.0010768285552502158
0.0050000000000000001,adaptive,0.48299999999999998,0.055465087890625209,0.054423757520999996,0.0010413303696252124
0.0050000000000000001,adaptive,0.48399999999999999,0.055878906250000207,0.054875873535999993,0.001003032714000214
0.0050000000000000001,adaptive,0.48499999999999999,0.056292724609375205,0.055330800624999996,0.00096192398437520976
0.0050000000000000001,adaptive,0.48599999999999999,0.056706542968750211,0.055788550415999998,0.00091799255275021308
0.0050000000000000001,adaptive,0.48699999999999999,0.057120361328125209,0.056249134560999996,0.0008712267671252133
0.0050000000000000001,adaptive,0.48799999999999999,0.057534179687500214,0.056712564735999997,0.00082161495150021718
0.0050000000000000001,adaptive,0.48899999999999999,0.057947998046875213,0.057178852640999998,0.00076914540587521424
0.0050000000000000001,adaptive,0.48999999999999999,0.058361816406250211,0.057648009999999993,0.00071380640625021835
0.0050000000000000001,adaptive,0.49099999999999999,0.058775634765625209,0.058120048560999997,0.00065558620462521228
0.0050000000000000001,adaptive,0.49199999999999999,0.059189453125000215,0.058594980095999998,0.00059447302900021703
0.0050000000000000001,adaptive,0.49299999999999999,0.05960327148437522,0.059072816400999997,0.00053045508337522251
0.0050000000000000001,adaptive,0.49399999999999999,0.060017089843750218,0.059553569295999996,0.00046352054775022217
0.0050000000000000001,adaptive,0.495,0.060430908203125216,0.060037250624999997,0.00039365757812521995
0.0050000000000000001,adaptive,0.496,0.060844726562500215,0.060523872255999998,0.00032085430650021646
0.0050000000000000001,adaptive,0.497,0.06125854492187522,0.061013446080999997,0.00024509884087522277
0.0050000000000000001,adaptive,0.498,0.061672363281250225,0.061505984016,0.00016637926525022578
0.0050000000000000001,adaptive,0.499,0.062086181640625224,0.062001498001000001,8.4683639625222906e-05
0.0050000000000000001,adaptive,0.5,0.062500000000000222,0.0625,2.2204460492503131e-16
0.0050000000000000001,adaptive,0.501,0.06310180664062523,0.063001502001000007,0.00010030463962522329
0.0050000000000000001,adaptive,0.502,0.063703613281250224,0.063506016016000005,0.00019759726525021837
0.0050000000000000001,adaptive,0.503,0.064305419921875231,0.064013554080999999,0.00029186584087523282
0.0050000000000000001,adaptive,0.504,0.064907226562500225,0.064524128255999999,0.00038309830650022636
0.0050000000000000001,adaptive,0.505,0.065509033203125233,0.065037750625000001,0.00047128257812523167
0.0050000000000000001,adaptive,0.50600000000000001,0.066110839843750227,0.065554433295999998,0.00055640654775022946
0.0050000000000000001,adaptive,0.50700000000000001,0.066712646484375235,0.066074188401000003,0.0006384580833752318
0.0050000000000000001,adaptive,0.50800000000000001,0.067314453125000229,0.066597028096000002,0.00071742502900022653
0.0050000000000000001,adaptive,0.50900000000000001,0.067916259765625236,0.067122964561000004,0.00079329520462523284
0.0050000000000000001,adaptive,0.51000000000000001,0.06851806640625023,0.067652009999999999,0.00086605640625023184
0.0050000000000000001,adaptive,0.51100000000000001,0.069119873046875238,0.068184176641000002,0.00093569640587523595
0.0050000000000000001,adaptive,0.51200000000000001,0.069721679687500232,0.068719476736000012,0.0010022029515002195
0.0050000000000000001,adaptive,0.51300000000000001,0.07032348632812524,0.06925792256100001,0.0010655637671252299
0.0050000000000000001,adaptive,0.51400000000000001,0.070925292968750234,0.069799526416000013,0.0011257665527502209
0.0050000000000000001,adaptive,0.51500000000000001,0.071527099609375241,0.070344300625000009,0.0011827989843752329
0.0050000000000000001,adaptive,0.51600000000000001,0.072128906250000235,0.070892257536000008,0.0012366487140002269
0.0050000000000000001,adaptive,0.51700000000000002,0.072730712890625243,0.071443409521000006,0.0012873033696252367
0.0050000000000000001,adaptive,0.51800000000000002,0.073332519531250237,0.071997768976000007,0.0013347505552502303
0.0050000000000000001,adaptive,0.51900000000000002,0.073934326171875245,0.07255534832100001,0.0013789778508752348
0.0050000000000000001,adaptive,0.52000000000000002,0.074536132812500239,0.073116160000000013,0.0014199728125002253
0.0050000000000000001,adaptive,0.52100000000000002,0.075137939453125246,0.07368021648100001,0.001457722972125236
0.0050000000000000001,adaptive,0.52200000000000002,0.07573974609375024,0.074247530256000005,0.0014922158377502354
0.0050000000000000001,adaptive,0.52300000000000002,0.076341552734375248,0.074818113841000011,0.0015234388933752369
0.0050000000000000001,adaptive,0.52400000000000002,0.076943359375000242,0.075391979776000012,0.0015513795990002299
0.0050000000000000001,adaptive,0.52500000000000002,0.07754516601562525,0.075969140625000015,0.0015760253906252353
0.0050000000000000001,adaptive,0.52600000000000002,0.078146972656250244,0.076549608976000008,0.0015973636802502356
0.0050000000000000001,adaptive,0.52700000000000002,0.078748779296875251,0.077133397441000021,0.0016153818558752309
0.0050000000000000001,adaptive,0.52800000000000002,0.079350585937500245,0.077720518656000021,0.0016300672815002248
0.0050000000000000001,adaptive,0.52900000000000003,0.079952392578125253,0.078310985281000015,0.0016414072971252386
0.0050000000000000001,adaptive,0.53000000000000003,0.080554199218750247,0.07890481000000002,0.0016493892187502274
0.0050000000000000001,adaptive,0.53100000000000003,0.081156005859375255,0.079502005521000021,0.0016540003383752333
0.0050000000000000001,adaptive,0.53200000000000003,0.081757812500000249,0.080102584576000016,0.0016552279240002327
0.0050000000000000001,adaptive,0.53300000000000003,0.082359619140625256,0.080706559921000023,0.0016530592196252331
0.0050000000000000001,adaptive,0.53400000000000003,0.08296142578125025,0.081313944336000019,0.0016474814452502318
0.0050000000000000001,adaptive,0.53500000000000003,0.083563232421875258,0.081924750625000015,0.0016384817968752435
0.0050000000000000001,adaptive,0.53600000000000003,0.084165039062500252,0.082538991616000021,0.0016260474465002311
0.0050000000000000001,adaptive,0.53700000000000003,0.08476684570312526,0.083156680161000016,0.0016101655421252442
0.0050000000000000001,adaptive,0.53800000000000003,0.085368652343750268,0.083777829136000015,0.0015908232077502527
0.0050000000000000001,adaptive,0.53900000000000003,0.085970458984375261,0.084402451441000018,0.0015680075433752438
0.0050000000000000001,adaptive,0.54000000000000004,0.086572265625000255,0.085030560000000019,0.0015417056250002364
0.0050000000000000001,adaptive,0.54100000000000004,0.087174072265625263,0.085662167761000024,0.0015119045046252388
0.0050000000000000001,adaptive,0.54200000000000004,0.087775878906250271,0.086297287696000022,0.0014785912102502491
0.0050000000000000001,adaptive,0.54300000000000004,0.088377685546875265,0.086935932801000024,0.001441752745875241
0.0050000000000000001,adaptive,0.54400000000000004,0.088979492187500259,0.087578116096000025,0.0014013760915002338
0.0050000000000000001,adaptive,0.54500000000000004,0.089581298828125266,0.08822385062500003,0.0013574482031252361
0.0050000000000000001,adaptive,0.54600000000000004,0.090183105468750274,0.088873149456000028,0.0013099560127502463
0.0050000000000000001,adaptive,0.54700000000000004,0.090784912109375268,0.089526025681000029,0.0012588864283752388
0.0050000000000000001,adaptive,0.54800000000000004,0.091386718750000262,0.090182492416000029,0.0012042263340002329
0.0050000000000000001,adaptive,0.54900000000000004,0.09198852539062527,0.090842562801000032,0.0011459625896252379
0.0050000000000000001,adaptive,0.55000000000000004,0.092590332031250278,0.091506250000000025,0.0010840820312502525
0.0050000000000000001,adaptive,0.55100000000000005,0.093192138671875271,0.092173567201000034,0.0010185714708752375
0.0050000000000000001,adaptive,0.55200000000000005,0.093793945312500265,0.092844527616000025,0.00094941769650024044
0.0050000000000000001,adaptive,0.55300000000000005,0.094395751953125273,0.09351914448100003,0.00087660747212524315
0.0050000000000000001,adaptive,0.55400000000000005,0.094997558593750281,0.094197431056000036,0.00080012753775024481
0.0050000000000000001,adaptive,0.55500000000000005,0.095599365234375275,0.094879400625000027,0.0007199646093752482
0.0050000000000000001,adaptive,0.55600000000000005,0.096201171875000269,0.095565066496000037,0.0006361053790002319
0.0050000000000000001,adaptive,0.55700000000000005,0.096802978515625276,0.096254442001000029,0.00054853651462524744
0.0050000000000000001,adaptive,0.55800000000000005,0.097404785156250284,0.096947540496000031,0.00045724466025025279
0.0050000000000000001,adaptive,0.55900000000000005,0.098006591796875278,0.097644375361000041,0.00036221643587523722
0.0050000000000000001,adaptive,0.56000000000000005,0.098608398437500272,0.098344960000000037,0.00026343843750023521
0.0050000000000000001,adaptive,0.56100000000000005,0.09921020507812528,0.099049307841000037,0.00016089723712524318
0.0050000000000000001,adaptive,0.56200000000000006,0.099812011718750288,0.09975743233600004,5.4579382750247207e-05
0.0050000000000000001,adaptive,0.56299999999999994,0.1005327148437502,0.10046934696099996,6.3367882750242632e-05
0.0050000000000000001,adaptive,0.56399999999999995,0.10137231445312521,0.10118506521599996,0.00018724923712525043
0.0050000000000000001,adaptive,0.56499999999999995,0.1022119140625002,0.10190460062499997,0.00030731343750023399
0.0050000000000000001,adaptive,0.56599999999999995,0.10305151367187521,0.10262796673599996,0.00042354693587524916
0.0050000000000000001,adaptive,0.56699999999999995,0.10389111328125021,0.10335517712099997,0.00053593616025024438
0.0050000000000000001,adaptive,0.56799999999999995,0.10473071289062522,0.10408624537599996,0.00064446751462525487
0.0050000000000000001,adaptive,0.56899999999999995,0.10557031250000021,0.10482118512099996,0.00074912737900025006
0.0050000000000000001,adaptive,0.56999999999999995,0.10640991210937521,0.10556000999999997,0.00084990210937524457
0.0050000000000000001,adaptive,0.57099999999999995,0.10724951171875022,0.10630273368099996,0.0009467780377502566
0.0050000000000000001,adaptive,0.57199999999999995,0.10808911132812521,0.10704936985599997,0.0010397414721252385
0.0050000000000000001,adaptive,0.57299999999999995,0.10892871093750021,0.10779993224099997,0.0011287786965002433
0.0050000000000000001,adaptive,0.57399999999999995,0.10976831054687522,0.10855443457599996,0.0012138759708752583
0.0050000000000000001,adaptive,0.57499999999999996,0.11060791015625021,0.10931289062499996,0.0012950195312502466
0.0050000000000000001,adaptive,0.57599999999999996,0.11144750976562522,0.11007531417599997,0.0013721955896252441
0.0050000000000000001,adaptive,0.57699999999999996,0.11228710937500022,0.11084171904099997,0.0014453903340002489
0.0050000000000000001,adaptive,0.57799999999999996,0.11312670898437523,0.11161211905599996,0.0015145899283752623
0.0050000000000000001,adaptive,0.57899999999999996,0.11396630859375022,0.11238652808099997,0.0015797805127502479
0.0050000000000000001,adaptive,0.57999999999999996,0.11480590820312522,0.11316495999999997,0.0016409482031252559
0.0050000000000000001,adaptive,0.58099999999999996,0.11564550781250023,0.11394742872099997,0.0016980790915002569
0.0050000000000000001,adaptive,0.58199999999999996,0.11648510742187523,0.11473394817599997,0.0017511592458752667
0.0050000000000000001,adaptive,0.58299999999999996,0.11732470703125022,0.11552453232099998,0.0018001747102502491
0.0050000000000000001,adaptive,0.58399999999999996,0.11816430664062523,0.11631919513599998,0.0018451115046252548
0.0050000000000000001,adaptive,0.58499999999999996,0.11900390625000024,0.11711795062499997,0.0018859556250002685
0.0050000000000000001,adaptive,0.58599999999999997,0.11984350585937523,0.11792081281599998,0.0019226930433752509
0.0050000000000000001,adaptive,0.58699999999999997,0.12068310546875023,0.11872779576099997,0.0019553097077502635
0.0050000000000000001,adaptive,0.58799999999999997,0.12152270507812524,0.11953891353599998,0.00198379154212526
0.0050000000000000001,adaptive,0.58899999999999997,0.12236230468750023,0.12035418024099998,0.0020081244465002535
0.0050000000000000001,adaptive,0.58999999999999997,0.12320190429687523,0.12117360999999997,0.0020282942968752604
0.0050000000000000001,adaptive,0.59099999999999997,0.12404150390625024,0.12199721696099998,0.0020442869452502593
0.0050000000000000001,adaptive,0.59199999999999997,0.12488110351562523,0.12282501529599997,0.00205608821962526
0.0050000000000000001,adaptive,0.59299999999999997,0.12572070312500025,0.12365701920099997,0.0020636839240002758
0.0050000000000000001,adaptive,0.59399999999999997,0.12656030273437524,0.12449324289599997,0.0020670598383752681
0.0050000000000000001,adaptive,0.59499999999999997,0.12739990234375023,0.12533370062499999,0.0020662017187502435
0.0050000000000000001,adaptive,0.59599999999999997,0.12823950195312525,0.12617840665599997,0.0020610952971252816
0.0050000000000000001,adaptive,0.59699999999999998,0.12907910156250024,0.12702737528099997,0.0020517262815002713
0.0050000000000000001,adaptive,0.59799999999999998,0.12991870117187523,0.12788062081599999,0.0020380803558752436
0.0050000000000000001,adaptive,0.59899999999999998,0.13075830078125025,0.12873815760099999,0.0020201431802502612
0.0050000000000000001,adaptive,0.59999999999999998,0.13159790039062524,0.12959999999999999,0.0019979003906252513
0.0050000000000000001,adaptive,0.60099999999999998,0.13243750000000026,0.13046616240099998,0.0019713375990002835
0.0050000000000000001,adaptive,0.60199999999999998,0.13327709960937525,0.13133665921599999,0.0019404403933752645
0.0050000000000000001,adaptive,0.60299999999999998,0.13411669921875025,0.13221150488099997,0.0019051943377502711
0.0050000000000000001,adaptive,0.60399999999999998,0.13495629882812527,0.13309071385599999,0.0018655849721252726
0.0050000000000000001,adaptive,0.60499999999999998,0.13579589843750026,0.13397430062499999,0.0018215978125002696
0.0050000000000000001,adaptive,0.60599999999999998,0.13663549804687525,0.13486227969599998,0.0017732183508752664
0.0050000000000000001,adaptive,0.60699999999999998,0.13747509765625027,0.135754665601,0.0017204320552502705
0.0050000000000000001,adaptive,0.60799999999999998,0.13831469726562526,0.13665147289599999,0.0016632243696252658
0.0050000000000000001,adaptive,0.60899999999999999,0.13915429687500025,0.13755271616099998,0.0016015807140002669
0.0050000000000000001,adaptive,0.60999999999999999,0.13999389648437527,0.13845840999999998,0.0015354864843752924
0.0050000000000000001,adaptive,0.61099999999999999,0.14083349609375026,0.13936856904099998,0.0014649270527502811
0.0050000000000000001,adaptive,0.61199999999999999,0.14167309570312525,0.14028320793599999,0.0013898877671252585
0.0050000000000000001,adaptive,0.61299999999999999,0.14251269531250027,0.14120234136099999,0.0013103539515002816
0.0050000000000000001,adaptive,0.61399999999999999,0.14335229492187526,0.14212598401599999,0.0012263109058752719
0.0050000000000000001,adaptive,0.61499999999999999,0.14419189453125025,0.14305415062499999,0.0011377439062502659
0.0050000000000000001,adaptive,0.61599999999999999,0.14503149414062527,0.143986855936,0.0010446382046252756
0.0050000000000000001,adaptive,0.61699999999999999,0.14587109375000026,0.144924114721,0.0009469790290002611
0.0050000000000000001,adaptive,0.61799999999999999,0.14671069335937525,0.14586594177599999,0.00084475158337526945
0.0050000000000000001,adaptive,0.61899999999999999,0.14755029296875027,0.14681235192100001,0.00073794104775026792
0.0050000000000000001,adaptive,0.62,0.14838989257812527,0.14776335999999998,0.00062653257812528285
0.0050000000000000001,adaptive,0.621,0.14922949218750026,0.148718980881,0.00051051130650026089
0.0050000000000000001,adaptive,0.622,0.15006909179687528,0.14967922945599998,0.00038986234087529104
0.0050000000000000001,adaptive,0.623,0.15090869140625027,0.150644120641,0.00026457076525027157
0.0050000000000000001,adaptive,0.624,0.15174829101562529,0.15161366937599999,0.00013462163962529861
0.0050000000000000001,adaptive,0.625,0.15258789062500028,0.152587890625,2.7755575615628914e-16
0.0050000000000000001,adaptive,0.626,0.15372094726562527,0.15356679937600001,0.00015414788962525572
0.0050000000000000001,adaptive,0.627,0.15485400390625029,0.154550410641,0.00030359326525028485
0.0050000000000000001,adaptive,0.628,0.15598706054687528,0.155538739456,0.00044832109087528105
0.0050000000000000001,adaptive,0.629,0.1571201171875003,0.15653180088099999,0.00058831630650030275
0.0050000000000000001,adaptive,0.63,0.15825317382812529,0.15752961000000001,0.0007235638281252732
0.0050000000000000001,adaptive,0.63100000000000001,0.15938623046875028,0.15853218192099999,0.00085404854775028571
0.0050000000000000001,adaptive,0.63200000000000001,0.1605192871093753,0.159539531776,0.00097975533337529841
0.0050000000000000001,adaptive,0.63300000000000001,0.16165234375000029,0.16055167472100002,0.001100669029000273
0.0050000000000000001,adaptive,0.63400000000000001,0.16278540039062528,0.16156862593600002,0.0012167744546252579
0.0050000000000000001,adaptive,0.63500000000000001,0.1639184570312503,0.16259040062500002,0.0013280564062502775
0.0050000000000000001,adaptive,0.63600000000000001,0.16505151367187529,0.16361701401600001,0.0014344996558752765
0.0050000000000000001,adaptive,0.63700000000000001,0.16618457031250031,0.16464848136100002,0.0015360889515002862
0.0050000000000000001,adaptive,0.63800000000000001,0.1673176269531253,0.16568481793600001,0.0016328090171252863
0.0050000000000000001,adaptive,0.63900000000000001,0.16845068359375029,0.166726039041,0.0017246445527502874
0.0050000000000000001,adaptive,0.64000000000000001,0.16958374023437531,0.16777216,0.001811580234375304
0.0050000000000000001,adaptive,0.64100000000000001,0.1707167968750003,0.16882319616100003,0.0018936007140002709
0.0050000000000000001,adaptive,0.64200000000000002,0.17184985351562532,0.16987916289600002,0.0019706906196252927
0.0050000000000000001,adaptive,0.64300000000000002,0.17298291015625031,0.17094007560100002,0.0020428345552502836
0.0050000000000000001,adaptive,0.64400000000000002,0.1741159667968753,0.17200594969600003,0.0021100171008752722
0.0050000000000000001,adaptive,0.64500000000000002,0.17524902343750032,0.17307680062500003,0.0021722228125002907
0.0050000000000000001,adaptive,0.64600000000000002,0.17638208007812531,0.17415264385600002,0.0022294362221252917
0.0050000000000000001,adaptive,0.64700000000000002,0.1775151367187503,0.17523349488100001,0.0022816418377502867
0.0050000000000000001,adaptive,0.64800000000000002,0.17864819335937532,0.17631936921600003,0.002328824143375291
0.0050000000000000001,adaptive,0.64900000000000002,0.17978125000000031,0.17741028240100001,0.0023709675990002954
0.0050000000000000001,adaptive,0.65000000000000002,0.1809143066406253,0.17850625000000003,0.0024080566406252668
0.0050000000000000001,adaptive,0.65100000000000002,0.18204736328125032,0.17960728760100003,0.0024400756802502865
0.0050000000000000001,adaptive,0.65200000000000002,0.18318041992187531,0.18071341081600004,0.002467009105875273
0.0050000000000000001,adaptive,0.65300000000000002,0.18431347656250033,0.18182463528100004,0.0024888412815002869
0.0050000000000000001,adaptive,0.65400000000000003,0.18544653320312532,0.18294097665600004,0.0025055565471252816
0.0050000000000000001,adaptive,0.65500000000000003,0.18657958984375034,0.18406245062500004,0.0025171392187502972
0.0050000000000000001,adaptive,0.65600000000000003,0.18771264648437533,0.18518907289600003,0.0025235735883752941
0.0050000000000000001,adaptive,0.65700000000000003,0.18884570312500032,0.18632085920100003,0.0025248439240002918
0.0050000000000000001,adaptive,0.65800000000000003,0.18997875976562534,0.18745782529600002,0.0025209344696253133
0.0050000000000000001,adaptive,0.65900000000000003,0.19111181640625033,0.18859998696100003,0.0025118294452503021
0.0050000000000000001,adaptive,0.66000000000000003,0.19224487304687532,0.18974736000000003,0.0024975130468752882
0.0050000000000000001,adaptive,0.66100000000000003,0.19337792968750034,0.19089996024100003,0.0024779694465003055
0.0050000000000000001,adaptive,0.66200000000000003,0.19451098632812533,0.19205780353600005,0.0024531827921252802
0.0050000000000000001,adaptive,0.66300000000000003,0.19564404296875032,0.19322090576100004,0.0024231372077502811
0.0050000000000000001,adaptive,0.66400000000000003,0.19677709960937534,0.19438928281600004,0.002387816793375297
0.0050000000000000001,adaptive,0.66500000000000004,0.19791015625000033,0.19556295062500004,0.0023472056250002926
0.0050000000000000001,adaptive,0.66600000000000004,0.19904321289062532,0.19674192513600006,0.0023012877546252641
0.0050000000000000001,adaptive,0.66700000000000004,0.20017626953125034,0.19792622232100004,0.0022500472102502944
0.0050000000000000001,adaptive,0.66800000000000004,0.20130932617187533,0.19911585817600005,0.0021934679958752756
0.0050000000000000001,adaptive,0.66900000000000004,0.20244238281250035,0.20031084872100005,0.0021315340915002978
0.0050000000000000001,adaptive,0.67000000000000004,0.20357543945312534,0.20151121000000005,0.002064229453125288
0.0050000000000000001,adaptive,0.67100000000000004,0.20470849609375036,0.20271695808100004,0.0019915380127503157
0.0050000000000000001,adaptive,0.67200000000000004,0.20584155273437535,0.20392810905600006,0.0019134436783752873
0.0050000000000000001,adaptive,0.67300000000000004,0.20697460937500034,0.20514467904100006,0.0018299303340002793
0.0050000000000000001,adaptive,0.67400000000000004,0.20810766601562536,0.20636668417600004,0.0017409818396253163
0.0050000000000000001,adaptive,0.67500000000000004,0.20924072265625035,0.20759414062500006,0.0016465820312502877
0.0050000000000000001,adaptive,0.67600000000000005,0.21037377929687534,0.20882706457600006,0.0015467147208752807
0.0050000000000000001,adaptive,0.67700000000000005,0.21150683593750036,0.21006547224100006,0.0014413636965003029
0.0050000000000000001,adaptive,0.67800000000000005,0.21263989257812535,0.21130937985600007,0.0013305127221252822
0.0050000000000000001,adaptive,0.67900000000000005,0.21377294921875034,0.21255880368100005,0.0012141455377502886
0.0050000000000000001,adaptive,0.68000000000000005,0.21490600585937536,0.21381376000000007,0.0010922458593752848
0.0050000000000000001,adaptive,0.68100000000000005,0.21603906250000038,0.21507426512100006,0.00096479737900032059
0.0050000000000000001,adaptive,0.68200000000000005,0.21717211914062534,0.21634033537600006,0.00083178376462528236
0.0050000000000000001,adaptive,0.68300000000000005,0.21830517578125036,0.21761198712100008,0.00069318866025028236
0.0050000000000000001,adaptive,0.68400000000000005,0.21943823242187538,0.21888923673600005,0.00054899568587532532
0.0050000000000000001,adaptive,0.68500000000000005,0.22057128906250037,0.22017210062500006,0.00039918843750030852
0.0050000000000000001,adaptive,0.68600000000000005,0.22170434570312536,0.22146059521600006,0.00024375048712529934
0.0050000000000000001,adaptive,0.68700000000000006,0.22283740234375038,0.22275473696100007,8.266538275031321e-05
0.0050000000000000001,adaptive,0.68799999999999994,0.22414794921875023,0.22405454233599992,9.3406882750307618e-05
0.0050000000000000001,adaptive,0.68899999999999995,0.22563598632812523,0.22536002784099993,0.00027595848712530513
0.0050000000000000001,adaptive,0.68999999999999995,0.22712402343750021,0.22667120999999993,0.00045281343750028236
0.0050000000000000001,adaptive,0.69099999999999995,0.22861206054687522,0.22798810536099992,0.00062395518587529675
0.0050000000000000001,adaptive,0.69199999999999995,0.23010009765625022,0.22931073049599993,0.00078936716025029829
0.0050000000000000001,adaptive,0.69299999999999995,0.23158813476562523,0.23063910200099993,0.00094903276462529607
0.0050000000000000001,adaptive,0.69399999999999995,0.23307617187500024,0.23197323649599993,0.0011029353790003027
0.0050000000000000001,adaptive,0.69499999999999995,0.23456420898437522,0.23331315062499994,0.0012510583593752789
0.0050000000000000001,adaptive,0.69599999999999995,0.23605224609375022,0.23465886105599992,0.0013933850377502999
0.0050000000000000001,adaptive,0.69699999999999995,0.23754028320312523,0.23601038448099992,0.0015298987221253058
0.0050000000000000001,adaptive,0.69799999999999995,0.23902832031250024,0.23736773761599994,0.0016605826965002957
0.0050000000000000001,adaptive,0.69899999999999995,0.24051635742187524,0.23873093720099994,0.0017854202208753001
0.0050000000000000001,adaptive,0.69999999999999996,0.24200439453125022,0.24009999999999995,0.0019043945312502697
0.0050000000000000001,adaptive,0.70099999999999996,0.24349243164062523,0.24147494280099993,0.0020174888396252977
0.0050000000000000001,adaptive,0.70199999999999996,0.24498046875000024,0.24285578241599995,0.0021246863340002864
0.0050000000000000001,adaptive,0.70299999999999996,0.24646850585937524,0.24424253568099993,0.0022259701783753083
0.0050000000000000001,adaptive,0.70399999999999996,0.24795654296875025,0.24563521945599995,0.0023213235127503007
0.0050000000000000001,adaptive,0.70499999999999996,0.24944458007812523,0.24703385062499994,0.0024107294531252876
0.0050000000000000001,adaptive,0.70599999999999996,0.25093261718750026,0.24843844609599994,0.0024941710915003246
0.0050000000000000001,adaptive,0.70699999999999996,0.25242065429687521,0.24984902280099994,0.0025716314958752762
0.0050000000000000001,adaptive,0.70799999999999996,0.25390869140625022,0.25126559769599993,0.0026430937102502883
0.0050000000000000001,adaptive,0.70899999999999996,0.25539672851562523,0.25268818776099994,0.0027085407546252882
0.0050000000000000001,adaptive,0.70999999999999996,0.25688476562500023,0.25411680999999997,0.0027679556250002624
0.0050000000000000001,adaptive,0.71099999999999997,0.25837280273437524,0.25555148144099993,0.0028213212933753118
0.0050000000000000001,adaptive,0.71199999999999997,0.25986083984375025,0.25699221913599996,0.0028686207077502912
0.0050000000000000001,adaptive,0.71299999999999997,0.26134887695312525,0.25843904016099994,0.0029098367921253088
0.0050000000000000001,adaptive,0.71399999999999997,0.26283691406250026,0.25989196161599998,0.0029449524465002819
0.0050000000000000001,adaptive,0.71499999999999997,0.26432495117187527,0.26135100062499994,0.0029739505468753258
0.0050000000000000001,adaptive,0.71599999999999997,0.26581298828125022,0.26281617433599996,0.002996813945250254
0.0050000000000000001,adaptive,0.71699999999999997,0.26730102539062528,0.26428749992099998,0.0030135254696253
0.0050000000000000001,adaptive,0.71799999999999997,0.26878906250000023,0.26576499457599995,0.0030240679240002843
0.0050000000000000001,adaptive,0.71899999999999997,0.27027709960937524,0.26724867552099996,0.0030284240883752811
0.0050000000000000001,adaptive,0.71999999999999997,0.27176513671875024,0.26873855999999996,0.0030265767187502846
0.0050000000000000001,adaptive,0.72099999999999997,0.27325317382812525,0.27023466528099999,0.0030185085471252648
0.0050000000000000001,adaptive,0.72199999999999998,0.27474121093750026,0.27173700865599998,0.0030042022815002789
0.0050000000000000001,adaptive,0.72299999999999998,0.27622924804687526,0.27324560744099996,0.002983640605875304
0.0050000000000000001,adaptive,0.72399999999999998,0.27771728515625027,0.27476047897599998,0.0029568061802502932
0.0050000000000000001,adaptive,0.72499999999999998,0.27920532226562528,0.27628164062499999,0.0029236816406252863
0.0050000000000000001,adaptive,0.72599999999999998,0.28069335937500028,0.27780910977599999,0.0028842495990002992
0.0050000000000000001,adaptive,0.72699999999999998,0.28218139648437524,0.27934290384099997,0.0028384926433752677
0.0050000000000000001,adaptive,0.72799999999999998,0.28366943359375024,0.28088304025599997,0.0027863933377502703
0.0050000000000000001,adaptive,0.72899999999999998,0.28515747070312525,0.282429536481,0.0027279342221252501
0.0050000000000000001,adaptive,0.72999999999999998,0.28664550781250026,0.28398240999999996,0.0026630978125002924
0.0050000000000000001,adaptive,0.73099999999999998,0.28813354492187526,0.28554167832099997,0.0025918666008752922
0.0050000000000000001,adaptive,0.73199999999999998,0.28962158203125027,0.28710735897599998,0.0025142230552502864
0.0050000000000000001,adaptive,0.73299999999999998,0.29110961914062528,0.28867946952099999,0.0024301496196252881
0.0050000000000000001,adaptive,0.73399999999999999,0.29259765625000028,0.290258027536,0.0023396287140002858
0.0050000000000000001,adaptive,0.73499999999999999,0.29408569335937529,0.29184305062499999,0.0022426427343752997
0.0050000000000000001,adaptive,0.73599999999999999,0.29557373046875024,0.29343455641599997,0.0021391740527502701
0.0050000000000000001,adaptive,0.73699999999999999,0.29706176757812525,0.29503256256099997,0.0020292050171252796
0.0050000000000000001,adaptive,0.73799999999999999,0.29854980468750025,0.29663708673599998,0.0019127179515002757
0.0050000000000000001,adaptive,0.73899999999999999,0.30003784179687526,0.29824814664099997,0.0017896951558752927
0.0050000000000000001,adaptive,0.73999999999999999,0.30152587890625027,0.29986575999999998,0.0016601189062502852
0.0050000000000000001,adaptive,0.74099999999999999,0.30301391601562527,0.30148994456099998,0.0015239714546252947
0.0050000000000000001,adaptive,0.74199999999999999,0.30450195312500028,0.303120718096,0.0013812350290002828
0.0050000000000000001,adaptive,0.74299999999999999,0.30598999023437529,0.30475809840099999,0.0012318918333752982
0.0050000000000000001,adaptive,0.74399999999999999,0.30747802734375029,0.30640210329599998,0.0010759240477503096
0.0050000000000000001,adaptive,0.745,0.30896606445312524,0.30805275062499998,0.00091331382812526174
0.0050000000000000001,adaptive,0.746,0.31045410156250031,0.30971005825600001,0.00074404330650029715
0.0050000000000000001,adaptive,0.747,0.31194213867187526,0.311374044081,0.0005680945908752566
0.0050000000000000001,adaptive,0.748,0.31343017578125026,0.31304472601599997,0.00038544976525028973
0.0050000000000000001,adaptive,0.749,0.31491821289062527,0.31472212200099997,0.00019609088962529997
0.0050000000000000001,adaptive,0.75,0.31640625000000028,0.31640625,2.7755575615628914e-16
0.0050000000000000001,adaptive,0.751,0.31831665039062529,0.31809712800099998,0.00021952238962530402
0.0050000000000000001,adaptive,0.752,0.3202270507812503,0.31979477401599998,0.00043227676525031677
0.0050000000000000001,adaptive,0.753,0.32213745117187526,0.32149920608100002,0.00063824509087523351
0.0050000000000000001,adaptive,0.754,0.32404785156250027,0.32321044225599999,0.00083740930650028078
0.0050000000000000001,adaptive,0.755,0.32595825195312528,0.32492850062500001,0.0010297513281252724
0.0050000000000000001,adaptive,0.75600000000000001,0.32786865234375029,0.32665339929600001,0.0012152530477502754
0.0050000000000000001,adaptive,0.75700000000000001,0.3297790527343753,0.32838515640100002,0.0013938963333752774
0.0050000000000000001,adaptive,0.75800000000000001,0.33168945312500031,0.33012379009600001,0.0015656630290002971
0.0050000000000000001,adaptive,0.75900000000000001,0.33359985351562527,0.33186931856099999,0.0017305349546252735
0.0050000000000000001,adaptive,0.76000000000000001,0.33551025390625028,0.33362175999999999,0.0018884939062502881
0.0050000000000000001,adaptive,0.76100000000000001,0.33742065429687529,0.335381132641,0.0020395216558752871
0.0050000000000000001,adaptive,0.76200000000000001,0.3393310546875003,0.337147454736,0.0021835999515003035
0.0050000000000000001,adaptive,0.76300000000000001,0.34124145507812531,0.33892074456100002,0.0023207105171252906
0.0050000000000000001,adaptive,0.76400000000000001,0.34315185546875032,0.34070102041600003,0.0024508350527502887
0.0050000000000000001,adaptive,0.76500000000000001,0.34506225585937528,0.34248830062500002,0.0025739552343752581
0.0050000000000000001,adaptive,0.76600000000000001,0.34697265625000029,0.34428260353600004,0.0026900527140002461
0.0050000000000000001,adaptive,0.76700000000000002,0.3488830566406253,0.34608394752100002,0.002799109119625276
0.0050000000000000001,adaptive,0.76800000000000002,0.35079345703125031,0.34789235097600002,0.002901106055250291
0.0050000000000000001,adaptive,0.76900000000000002,0.35270385742187532,0.34970783232100006,0.0029960251008752659
0.0050000000000000001,adaptive,0.77000000000000002,0.35461425781250033,0.35153041000000002,0.0030838478125003177
0.0050000000000000001,adaptive,0.77100000000000002,0.35652465820312529,0.35336010248100003,0.0031645557221252618
0.0050000000000000001,adaptive,0.77200000000000002,0.3584350585937503,0.35519692825600002,0.0032381303377502779
0.0050000000000000001,adaptive,0.77300000000000002,0.36034545898437531,0.35704090584100001,0.0033045531433752995
0.0050000000000000001,adaptive,0.77400000000000002,0.36225585937500032,0.35889205377600003,0.0033638055990002913
0.0050000000000000001,adaptive,0.77500000000000002,0.36416625976562533,0.36075039062500003,0.003415869140625305
0.0050000000000000001,adaptive,0.77600000000000002,0.36607666015625034,0.36261593497600003,0.0034607251802503125
0.0050000000000000001,adaptive,0.77700000000000002,0.3679870605468753,0.36448870544100004,0.0034983551058752616
0.0050000000000000001,adaptive,0.77800000000000002,0.36989746093750031,0.36636872065600007,0.0035287402815002422
0.0050000000000000001,adaptive,0.77900000000000003,0.37180786132812532,0.36825599928100006,0.0035518620471252649
0.0050000000000000001,adaptive,0.78000000000000003,0.37371826171875033,0.37015056000000007,0.0035677017187502602
0.0050000000000000001,adaptive,0.78100000000000003,0.37562866210937534,0.37205242152100004,0.0035762405883753012
0.0050000000000000001,adaptive,0.78200000000000003,0.37753906250000036,0.37396160257600003,0.0035774599240003258
0.0050000000000000001,adaptive,0.78300000000000003,0.37944946289062531,0.37587812192100006,0.0035713409696252474
0.0050000000000000001,adaptive,0.78400000000000003,0.38135986328125032,0.37780199833600003,0.0035578649452502886
0.0050000000000000001,adaptive,0.78500000000000003,0.38327026367187533,0.37973325062500007,0.0035370130468752592
0.0050000000000000001,adaptive,0.78600000000000003,0.38518066406250034,0.38167189761600007,0.0035087664465002777
0.0050000000000000001,adaptive,0.78700000000000003,0.38709106445312536,0.38361795816100008,0.003473106292125272
0.0050000000000000001,adaptive,0.78800000000000003,0.38900146484375031,0.38557145113600005,0.0034300137077502568
0.0050000000000000001,adaptive,0.78900000000000003,0.39091186523437538,0.38753239544100004,0.0033794697933753337
0.0050000000000000001,adaptive,0.79000000000000004,0.39282226562500033,0.38950081000000009,0.0033214556250002469
0.0050000000000000001,adaptive,0.79100000000000004,0.39473266601562534,0.39147671376100007,0.0032559522546252717
0.0050000000000000001,adaptive,0.79200000000000004,0.39664306640625036,0.39346012569600008,0.0031829407102502705
0.0050000000000000001,adaptive,0.79300000000000004,0.39855346679687537,0.39545106480100006,0.0031024019958753035
0.0050000000000000001,adaptive,0.79400000000000004,0.40046386718750038,0.39744955009600008,0.0030143170915002959
0.0050000000000000001,adaptive,0.79500000000000004,0.40237426757812533,0.39945560062500007,0.0029186669531252596
0.0050000000000000001,adaptive,0.79600000000000004,0.40428466796875034,0.40146923545600011,0.0028154325127502378
0.0050000000000000001,adaptive,0.79700000000000004,0.40619506835937536,0.40349047368100011,0.0027045946783752495
0.0050000000000000001,adaptive,0.79800000000000004,0.40810546875000037,0.40551933441600008,0.0025861343340002896
0.0050000000000000001,adaptive,0.79900000000000004,0.41001586914062538,0.4075558368010001,0.0024600323396252732
0.0050000000000000001,adaptive,0.80000000000000004,0.41192626953125033,0.40960000000000008,0.0023262695312502579
0.0050000000000000001,adaptive,0.80100000000000005,0.41383666992187534,0.41165184320100007,0.002184826720875277
0.0050000000000000001,adaptive,0.80200000000000005,0.41574707031250036,0.41371138561600007,0.0020356846965002839
0.0050000000000000001,adaptive,0.80300000000000005,0.41765747070312537,0.4157786464810001,0.0018788242221252638
0.0050000000000000001,adaptive,0.80400000000000005,0.41956787109375038,0.41785364505600009,0.0017142260377502883
0.0050000000000000001,adaptive,0.80500000000000005,0.42147827148437539,0.41993640062500009,0.0015418708593752939
0.0050000000000000001,adaptive,0.80600000000000005,0.4233886718750004,0.4220269324960001,0.0013617393790003041
0.0050000000000000001,adaptive,0.80700000000000005,0.42529907226562536,0.42412526000100009,0.0011738122646252624
0.0050000000000000001,adaptive,0.80800000000000005,0.42720947265625037,0.42623140249600011,0.00097807016025025506
0.0050000000000000001,adaptive,0.80900000000000005,0.42911987304687538,0.42834537936100009,0.00077449368587528822
0.0050000000000000001,adaptive,0.81000000000000005,0.43103027343750039,0.4304672100000001,0.00056306343750028853
0.0050000000000000001,adaptive,0.81100000000000005,0.4329406738281254,0.43259691384100013,0.00034375998712526945
0.0050000000000000001,adaptive,0.81200000000000006,0.43485107421875036,0.43473451033600014,0.00011656388275022023
0.0050000000000000001,adaptive,0.81299999999999994,0.43700927734375017,0.43688001896099987,0.00012925838275029689
0.0050000000000000001,adaptive,0.81399999999999995,0.43941528320312517,0.4390334592159999,0.00038182398712527377
0.0050000000000000001,adaptive,0.81499999999999995,0.44182128906250018,0.44119485062499986,0.00062643843750032069
0.0050000000000000001,adaptive,0.81599999999999995,0.44422729492187518,0.44336421273599991,0.00086308218587527463
0.0050000000000000001,adaptive,0.81699999999999995,0.44663330078125013,0.44554156512099991,0.0010917356602502259
0.0050000000000000001,adaptive,0.81799999999999995,0.44903930664062514,0.44772692737599989,0.0013123792646252408
0.0050000000000000001,adaptive,0.81899999999999995,0.45144531250000014,0.44992031912099989,0.0015249933790002501
0.0050000000000000001,adaptive,0.81999999999999995,0.45385131835937514,0.45212175999999987,0.0017295583593752717
0.0050000000000000001,adaptive,0.82099999999999995,0.45625732421875015,0.45433126968099991,0.0019260545377502436
0.0050000000000000001,adaptive,0.82199999999999995,0.45866333007812515,0.45654886785599991,0.0021144622221252463
0.0050000000000000001,adaptive,0.82299999999999995,0.46106933593750016,0.45877457424099988,0.0022947616965002804
0.0050000000000000001,adaptive,0.82399999999999995,0.46347534179687516,0.4610084085759999,0.002466933220875267
0.0050000000000000001,adaptive,0.82499999999999996,0.46588134765625017,0.4632503906249999,0.0026309570312502695
0.0050000000000000001,adaptive,0.82599999999999996,0.46828735351562517,0.4655005401759999,0.0027868133396252714
0.0050000000000000001,adaptive,0.82699999999999996,0.47069335937500018,0.46775887704099989,0.0029344823340002879
0.0050000000000000001,adaptive,0.82799999999999996,0.47309936523437518,0.47002542105599993,0.0030739441783752541
0.0050000000000000001,adaptive,0.82899999999999996,0.47550537109375018,0.47230019208099988,0.0032051790127503033
0.0050000000000000001,adaptive,0.82999999999999996,0.47791137695312519,0.47458320999999992,0.0033281669531252667
0.0050000000000000001,adaptive,0.83099999999999996,0.48031738281250019,0.47687449472099991,0.0034428880915002846
0.0050000000000000001,adaptive,0.83199999999999996,0.4827233886718752,0.47917406617599989,0.0035493224958753067
0.0050000000000000001,adaptive,0.83299999999999996,0.4851293945312502,0.48148194432099989,0.0036474502102503137
0.0050000000000000001,adaptive,0.83399999999999996,0.48753540039062521,0.48379814913599989,0.0037372512546253178
0.0050000000000000001,adaptive,0.83499999999999996,0.48994140625000021,0.4861227006249999,0.0038187056250003071
0.0050000000000000001,adaptive,0.83599999999999997,0.49234741210937522,0.48845561881599991,0.0038917932933753008
0.0050000000000000001,adaptive,0.83699999999999997,0.49475341796875022,0.49079692376099993,0.003956494207750294
0.0050000000000000001,adaptive,0.83799999999999997,0.49715942382812522,0.49314663553599991,0.0040127882921253133
0.0050000000000000001,adaptive,0.83899999999999997,0.49956542968750023,0.49550477424099992,0.0040606554465003053
0.0050000000000000001,adaptive,0.83999999999999997,0.50197143554687518,0.49787135999999993,0.0041000755468752481
0.0050000000000000001,adaptive,0.84099999999999997,0.50437744140625018,0.50024641296099992,0.0041310284452502621
0.0050000000000000001,adaptive,0.84199999999999997,0.50678344726562519,0.50262995329599991,0.0041534939696252771
0.0050000000000000001,adaptive,0.84299999999999997,0.50918945312500019,0.50502200120099994,0.0041674519240002539
0.0050000000000000001,adaptive,0.84399999999999997,0.5115954589843752,0.5074225768959999,0.004172882088375296
0.0050000000000000001,adaptive,0.84499999999999997,0.5140014648437502,0.50983170062499994,0.0041697642187502604
0.0050000000000000001,adaptive,0.84599999999999997,0.5164074707031252,0.51224939265599989,0.0041580780471253131
0.0050000000000000001,adaptive,0.84699999999999998,0.51881347656250021,0.51467567328099995,0.004137803281500263
0.0050000000000000001,adaptive,0.84799999999999998,0.52121948242187521,0.51711056281599999,0.0041089196058752275
0.0050000000000000001,adaptive,0.84899999999999998,0.52362548828125022,0.51955408160099992,0.0040714066802503002
0.0050000000000000001,adaptive,0.84999999999999998,0.52603149414062522,0.52200624999999989,0.0040252441406253281
0.0050000000000000001,adaptive,0.85099999999999998,0.52843750000000023,0.52446708840099998,0.0039704115990002453
0.0050000000000000001,adaptive,0.85199999999999998,0.53084350585937523,0.52693661721599994,0.0039068886433752947
0.0050000000000000001,adaptive,0.85299999999999998,0.53324951171875024,0.52941485688099998,0.003834654837750251
0.0050000000000000001,adaptive,0.85399999999999998,0.53565551757812524,0.53190182785599993,0.0037536897221253085
0.0050000000000000001,adaptive,0.85499999999999998,0.53806152343750024,0.53439755062499994,0.0036639728125003046
0.0050000000000000001,adaptive,0.85599999999999998,0.54046752929687525,0.53690204569599997,0.0035654836008752744
0.0050000000000000001,adaptive,0.85699999999999998,0.54287353515625025,0.53941533360099991,0.0034582015552503398
0.0050000000000000001,adaptive,0.85799999999999998,0.54527954101562526,0.54193743489599999,0.0033421061196252655
0.0050000000000000001,adaptive,0.85899999999999999,0.54768554687500026,0.54446837016099991,0.0032171767140003471
0.0050000000000000001,adaptive,0.85999999999999999,0.55009155273437527,0.54700815999999997,0.0030833927343753009
0.0050000000000000001,adaptive,0.86099999999999999,0.55249755859375027,0.54955682504100001,0.0029407335527502632
0.0050000000000000001,adaptive,0.86199999999999999,0.55490356445312528,0.55211438593599993,0.0027891785171253458
0.0050000000000000001,adaptive,0.86299999999999999,0.55730957031250028,0.55468086336099998,0.0026287069515003036
0.0050000000000000001,adaptive,0.86399999999999999,0.55971557617187528,0.55725627801599997,0.0024592981558753113
0.0050000000000000001,adaptive,0.86499999999999999,0.56212158203125029,0.55984065062499999,0.0022809314062502972
0.0050000000000000001,adaptive,0.86599999999999999,0.56452758789062529,0.56243400193600002,0.0020935859546252766
0.0050000000000000001,adaptive,0.86699999999999999,0.5669335937500003,0.56503635272099995,0.0018972410290003516
0.0050000000000000001,adaptive,0.86799999999999999,0.5693395996093753,0.56764772377600003,0.001691875833375267
0.0050000000000000001,adaptive,0.86899999999999999,0.57174560546875031,0.57026813592100001,0.0014774695477502986
0.0050000000000000001,adaptive,0.87,0.57415161132812531,0.57289760999999995,0.0012540013281253648
0.0050000000000000001,adaptive,0.871,0.57655761718750032,0.57553616688099996,0.00102145030650036
0.0050000000000000001,adaptive,0.872,0.57896362304687532,0.57818382745599994,0.0007797955908753762
0.0050000000000000001,adaptive,0.873,0.58136962890625032,0.58084061264099995,0.00052901626525037049
0.0050000000000000001,adaptive,0.874,0.58377563476562533,0.58350654337599994,0.00026909138962538659
0.0050000000000000001,adaptive,0.875,0.58618164062500033,0.586181640625,3.3306690738754696e-16
0.0050000000000000001,adaptive,0.876,0.58900833129882846,0.58886592537600002,0.00014240592282843689
0.0050000000000000001,adaptive,0.877,0.59183502197265658,0.59155941864100003,0.00027560333165654871
0.0050000000000000001,adaptive,0.878,0.59466171264648471,0.59426214145599998,0.00039957119048472656
0.0050000000000000001,adaptive,0.879,0.59748840332031283,0.59697411488100005,0.00051428843931278223
0.0050000000000000001,adaptive,0.88,0.60031509399414096,0.59969536000000001,0.00061973399414094743
0.0050000000000000001,adaptive,0.88100000000000001,0.60314178466796908,0.60242589792099999,0.0007158867469690966
0.0050000000000000001,adaptive,0.88200000000000001,0.60596847534179721,0.60516574977600002,0.00080272556579719101
0.0050000000000000001,adaptive,0.88300000000000001,0.60879516601562533,0.60791493672100005,0.00088022929462527877
0.0050000000000000001,adaptive,0.88400000000000001,0.61162185668945346,0.61067347993600007,0.00094837675345338379
0.0050000000000000001,adaptive,0.88500000000000001,0.61444854736328158,0.61344140062500008,0.0010071467382815058
0.0050000000000000001,adaptive,0.88600000000000001,0.61727523803710971,0.61621872001599998,0.0010565180211097314
0.0050000000000000001,adaptive,0.88700000000000001,0.62010192871093783,0.61900545936100004,0.0010964693499377898
0.0050000000000000001,adaptive,0.88800000000000001,0.62292861938476596,0.62180163993600002,0.0011269794487659412
0.0050000000000000001,adaptive,0.88900000000000001,0.62575531005859408,0.62460728304099999,0.0011480270175940888
0.0050000000000000001,adaptive,0.89000000000000001,0.62858200073242221,0.62742240999999999,0.0011595907324222221
0.0050000000000000001,adaptive,0.89100000000000001,0.63140869140625033,0.63024704216100003,0.0011616492452503069
0.0050000000000000001,adaptive,0.89200000000000002,0.63423538208007846,0.63308120089600006,0.0011541811840783955
0.0050000000000000001,adaptive,0.89300000000000002,0.63706207275390658,0.63592490760100007,0.0011371651529065163
0.0050000000000000001,adaptive,0.89400000000000002,0.63988876342773471,0.63877818369600003,0.0011105797317346733
0.0050000000000000001,adaptive,0.89500000000000002,0.64271545410156283,0.6416410506250001,0.0010744034765627353
0.0050000000000000001,adaptive,0.89600000000000002,0.64554214477539096,0.64451352985600008,0.00102861491939088
0.0050000000000000001,adaptive,0.89700000000000002,0.64836883544921908,0.64739564288100004,0.00097319256821903899
0.0050000000000000001,adaptive,0.89800000000000002,0.65119552612304721,0.65028741121600009,0.0009081149070471195
0.0050000000000000001,adaptive,0.89900000000000002,0.65402221679687533,0.65318885640100011,0.0008333603958752267
0.0050000000000000001,adaptive,0.90000000000000002,0.65684890747070346,0.65610000000000002,0.00074890747070344155
0.0050000000000000001,adaptive,0.90100000000000002,0.65967559814453158,0.6590208636010001,0.00065473454353148774
0.0050000000000000001,adaptive,0.90200000000000002,0.66250228881835971,0.66195146881600009,0.00055082000235961992
0.0050000000000000001,adaptive,0.90300000000000002,0.66532897949218783,0.6648918372810001,0.00043714221118773544
0.0050000000000000001,adaptive,0.90400000000000003,0.66815567016601596,0.66784199065600003,0.00031367951001592953
0.0050000000000000001,adaptive,0.90500000000000003,0.67098236083984408,0.67080195062500003,0.00018041021484405118
0.0050000000000000001,adaptive,0.90600000000000003,0.67380905151367221,0.67377173889600006,3.7312617672147219e-05
0.0050000000000000001,adaptive,0.90700000000000003,0.67686677551269558,0.67675137720100009,0.00011539831169549153
0.0050000000000000001,adaptive,0.90800000000000003,0.68000151062011749,0.67974088729600013,0.00026062332411735945
0.0050000000000000001,adaptive,0.90900000000000003,0.68313624572753939,0.68274029096100008,0.00039595476653930817
0.0050000000000000001,adaptive,0.91000000000000003,0.6862709808349613,0.68574961000000012,0.00052137083496117675
0.0050000000000000001,adaptive,0.91100000000000003,0.68940571594238309,0.68876886624100009,0.00063684970138300212
0.0050000000000000001,adaptive,0.91200000000000003,0.69254045104980499,0.69179808153600009,0.00074236951380490801
0.0050000000000000001,adaptive,0.91300000000000003,0.6956751861572269,0.69483727776100013,0.00083790839622677193
0.0050000000000000001,adaptive,0.91400000000000003,0.69880992126464869,0.69788647681600013,0.00092344444864855824
0.0050000000000000001,adaptive,0.91500000000000004,0.7019446563720706,0.70094570062500006,0.00099895574707054013
0.0050000000000000001,adaptive,0.91600000000000004,0.7050793914794925,0.70401497113600009,0.0010644203434924115
0.0050000000000000001,adaptive,0.91700000000000004,0.70821412658691441,0.70709431032100012,0.0011198162659142863
0.0050000000000000001,adaptive,0.91800000000000004,0.7113488616943362,0.71018374017600017,0.0011651215183360319
0.0050000000000000001,adaptive,0.91900000000000004,0.7144835968017581,0.71328328272100017,0.001200314080757936
0.0050000000000000001,adaptive,0.92000000000000004,0.71761833190918001,0.71639296000000008,0.0012253719091799287
0.0050000000000000001,adaptive,0.92100000000000004,0.72075306701660191,0.71951279408100011,0.001240272935601805
0.0050000000000000001,adaptive,0.92200000000000004,0.7238878021240237,0.72264280705600015,0.0012449950680235577
0.0050000000000000001,adaptive,0.92300000000000004,0.72702253723144561,0.72578302104100012,0.0012395161904454888
0.0050000000000000001,adaptive,0.92400000000000004,0.73015727233886751,0.72893345817600008,0.0012238141628674315
0.0050000000000000001,adaptive,0.92500000000000004,0.73329200744628931,0.73209414062500011,0.0011978668212891952
0.0050000000000000001,adaptive,0.92600000000000005,0.73642674255371121,0.73526509057600009,0.0011616519777111201
0.0050000000000000001,adaptive,0.92700000000000005,0.73956147766113312,0.73844633024100015,0.001115147420132967
0.0050000000000000001,adaptive,0.92800000000000005,0.74269621276855502,0.7416378818560001,0.0010583309125549167
0.0050000000000000001,adaptive,0.92900000000000005,0.74583094787597681,0.74483976768100013,0.00099118019497668186
0.0050000000000000001,adaptive,0.93000000000000005,0.74896568298339872,0.74805201000000021,0.00091367298339850578
0.0050000000000000001,adaptive,0.93100000000000005,0.75210041809082062,0.75127463112100012,0.00082578696982049671
0.0050000000000000001,adaptive,0.93200000000000005,0.75523515319824241,0.75450765337600012,0.00072749982224229459
0.0050000000000000001,adaptive,0.93300000000000005,0.75836988830566432,0.75775109912100014,0.00061878918466418131
0.0050000000000000001,adaptive,0.93400000000000005,0.76150462341308622,0.76100499073600014,0.0004996326770860815
0.0050000000000000001,adaptive,0.93500000000000005,0.76463935852050813,0.76426935062500012,0.00037000789550800661
0.0050000000000000001,adaptive,0.93600000000000005,0.76777409362793003,0.7675442012160002,0.0002298924119298329
0.0050000000000000001,adaptive,0.93700000000000006,0.77090882873535183,0.77082956496100019,7.9263774351634453e-05
0.0050000000000000001,adaptive,0.93799999999999994,0.77420838928222646,0.77412546433599982,8.292494622663682e-05
0.0050000000000000001,adaptive,0.93899999999999995,0.77767277526855461,0.77743192184099985,0.0002408534275547547
0.0050000000000000001,adaptive,0.93999999999999995,0.78113716125488275,0.78074895999999983,0.00038820125488292501
0.0050000000000000001,adaptive,0.94099999999999995,0.78460154724121089,0.78407660136099988,0.00052494588021101407
0.0050000000000000001,adaptive,0.94199999999999995,0.78806593322753893,0.78741486849599984,0.00065106473153908606
0.0050000000000000001,adaptive,0.94299999999999995,0.79153031921386707,0.79076378400099978,0.00076653521286729198
0.0050000000000000001,adaptive,0.94399999999999995,0.79499470520019522,0.79412337049599979,0.00087133470419542558
0.0050000000000000001,adaptive,0.94499999999999995,0.79845909118652336,0.79749365062499988,0.00096544056152347846
0.0050000000000000001,adaptive,0.94599999999999995,0.80192347717285151,0.80087464705599987,0.0010488301168516401
0.0050000000000000001,adaptive,0.94699999999999995,0.80538786315917965,0.8042663824809998,0.0011214806781798536
0.0050000000000000001,adaptive,0.94799999999999995,0.80885224914550768,0.80766887961599987,0.0011833695295078162
0.0050000000000000001,adaptive,0.94899999999999995,0.81231663513183583,0.81108216120099985,0.0012344739308359776
0.0050000000000000001,adaptive,0.94999999999999996,0.81578102111816397,0.81450624999999988,0.0012747711181640975
0.0050000000000000001,adaptive,0.95099999999999996,0.81924540710449212,0.81794116880099987,0.0013042383034922445
0.0050000000000000001,adaptive,0.95199999999999996,0.82270979309082026,0.8213869404159998,0.0013228526748204628
0.0050000000000000001,adaptive,0.95299999999999996,0.82617417907714841,0.82484358768099986,0.0013305913961485505
0.0050000000000000001,adaptive,0.95399999999999996,0.82963856506347644,0.82831113345599983,0.0013274316074766146
0.0050000000000000001,adaptive,0.95499999999999996,0.83310295104980459,0.83178960062499985,0.0013133504248047378
0.0050000000000000001,adaptive,0.95599999999999996,0.83656733703613273,0.83527901209599986,0.0012883249401328678
0.0050000000000000001,adaptive,0.95699999999999996,0.84003172302246087,0.83877939080099984,0.0012523322214610388
0.0050000000000000001,adaptive,0.95799999999999996,0.84349610900878902,0.84229075969599987,0.0012053493127891501
0.0050000000000000001,adaptive,0.95899999999999996,0.84696049499511705,0.84581314176099986,0.0011473532341171877
0.0050000000000000001,adaptive,0.95999999999999996,0.8504248809814452,0.84934655999999986,0.0010783209814453354
0.0050000000000000001,adaptive,0.96099999999999997,0.85388926696777334,0.85289103744099992,0.00099822952677341981
0.0050000000000000001,adaptive,0.96199999999999997,0.85735365295410149,0.85644659713599991,0.00090705581810157643
0.0050000000000000001,adaptive,0.96299999999999997,0.86081803894042963,0.86001326216099994,0.0008047767794296945
0.0050000000000000001,adaptive,0.96399999999999997,0.86428242492675778,0.86359105561599991,0.00069136931075786112
0.0050000000000000001,adaptive,0.96499999999999997,0.86774681091308581,0.86718000062499989,0.00056681028808591716
0.0050000000000000001,adaptive,0.96599999999999997,0.87121119689941395,0.87078012033599994,0.00043107656341401235
0.0050000000000000001,adaptive,0.96699999999999997,0.8746755828857421,0.87439143792099994,0.00028414496474216122
0.0050000000000000001,adaptive,0.96799999999999997,0.87813996887207024,0.87801397657599989,0.00012599229607035412
0.0050000000000000001,adaptive,0.96899999999999997,0.88169235229492182,0.88164775952099994,4.459277392188099e-05
0.0050000000000000001,adaptive,0.96999999999999997,0.88550872802734359,0.88529280999999993,0.0002159180273436645
0.0050000000000000001,adaptive,0.97099999999999997,0.88932510375976548,0.88894915128099994,0.00037595247876553994
0.0050000000000000001,adaptive,0.97199999999999998,0.89314147949218736,0.89261680665599996,0.0005246728361874009
0.0050000000000000001,adaptive,0.97299999999999998,0.89695785522460925,0.89629579944099991,0.00066205578360933881
0.0050000000000000001,adaptive,0.97399999999999998,0.90077423095703113,0.89998615297599993,0.00078807798103119886
0.0050000000000000001,adaptive,0.97499999999999998,0.90459060668945301,0.90368789062499988,0.00090271606445313513
0.0050000000000000001,adaptive,0.97599999999999998,0.9084069824218749,0.90740103577599995,0.0010059466458749444
0.0050000000000000001,adaptive,0.97699999999999998,0.91222335815429678,0.91112561184099994,0.0010977463132968435
0.0050000000000000001,adaptive,0.97799999999999998,0.91603973388671867,0.91486164225599997,0.0011780916307186917
0.0050000000000000001,adaptive,0.97899999999999998,0.91985610961914055,0.91860915048099989,0.0012469591381406575
0.0050000000000000001,adaptive,0.97999999999999998,0.92367248535156243,0.92236815999999988,0.0013043253515625519
0.0050000000000000001,adaptive,0.98099999999999998,0.92748886108398432,0.92613869432099993,0.0013501667629843839
0.0050000000000000001,adaptive,0.98199999999999998,0.9313052368164062,0.92992077697599995,0.0013844598404062491
0.0050000000000000001,adaptive,0.98299999999999998,0.93512161254882809,0.93371443152099998,0.0014071810278281083
0.0050000000000000001,adaptive,0.98399999999999999,0.93893798828124997,0.93751968153599996,0.0014183067452500087
0.0050000000000000001,adaptive,0.98499999999999999,0.94275436401367185,0.94133655062499999,0.0014178133886718625
0.0050000000000000001,adaptive,0.98599999999999999,0.94657073974609374,0.94516506241599996,0.0014056773300937797
0.0050000000000000001,adaptive,0.98699999999999999,0.95038711547851562,0.949005240561,0.0013818749175156242
0.0050000000000000001,adaptive,0.98799999999999999,0.9542034912109375,0.95285710873599994,0.0013463824749375686
0.0050000000000000001,adaptive,0.98899999999999999,0.95801986694335928,0.95672069064099996,0.0012991763023593172
0.0050000000000000001,adaptive,0.98999999999999999,0.96183624267578116,0.96059600999999994,0.0012402326757812165
0.0050000000000000001,adaptive,0.99099999999999999,0.96565261840820305,0.96448309056100001,0.0011695278472030335
0.0050000000000000001,adaptive,0.99199999999999999,0.96946899414062493,0.96838195609599997,0.001087038044624955
0.0050000000000000001,adaptive,0.99299999999999999,0.97328536987304681,0.972292630401,0.00099273947204681079
0.0050000000000000001,adaptive,0.99399999999999999,0.9771017456054687,0.97621513729599996,0.00088660830946873936
0.0050000000000000001,adaptive,0.995,0.98091812133789058,0.98014950062499995,0.00076862071289063305
0.0050000000000000001,adaptive,0.996,0.98473449707031246,0.98409574425599999,0.000638752814312471
0.0050000000000000001,adaptive,0.997,0.98855087280273435,0.98805389208100003,0.00049698072173431918
0.0050000000000000001,adaptive,0.998,0.99236724853515623,0.99202396801600001,0.00034328051915621938
0.0050000000000000001,adaptive,0.999,0.99618362426757812,0.99600599600100004,0.00017762826657807818
0.0050000000000000001,adaptive,1,1,1,0
0.0050000000000000001,uniform_same_count,0,0,0,0
0.0050000000000000001,uniform_same_count,0.001,2.9629629629614621e-07,1.0000000000000002e-12,2.9629529629614623e-07
0.0050000000000000001,uniform_same_count,0.002,5.9259259259229241e-07,1.6000000000000003e-11,5.925765925922924e-07
0.0050000000000000001,uniform_same_count,0.0030000000000000001,8.8888888888843846e-07,8.1000000000000005e-11,8.8880788888843845e-07
0.0050000000000000001,uniform_same_count,0.0040000000000000001,1.1851851851845848e-06,2.5600000000000005e-10,1.1849291851845847e-06
0.0050000000000000001,uniform_same_count,0.0050000000000000001,1.481481481480731e-06,6.2500000000000001e-10,1.4808564814807309e-06
0.0050000000000000001,uniform_same_count,0.0060000000000000001,1.7777777777768769e-06,1.2960000000000001e-09,1.7764817777768769e-06
0.0050000000000000001,uniform_same_count,0.0070000000000000001,2.0740740740730231e-06,2.4010000000000003e-09,2.0716730740730231e-06
0.0050000000000000001,uniform_same_count,0.0080000000000000002,2.3703703703691697e-06,4.0960000000000007e-09,2.3662743703691697e-06
0.0050000000000000001,uniform_same_count,0.0089999999999999993,2.6666666666653154e-06,6.5609999999999983e-09,2.6601056666653153e-06
0.0050000000000000001,uniform_same_count,0.01,2.962962962961462e-06,1e-08,2.9529629629614621e-06
0.0050000000000000001,uniform_same_count,0.010999999999999999,3.2592592592576077e-06,1.4640999999999997e-08,3.2446182592576078e-06
0.0050000000000000001,uniform_same_count,0.012,3.5555555555537538e-06,2.0736000000000001e-08,3.5348195555537541e-06
0.0050000000000000001,uniform_same_count,0.012999999999999999,3.8518518518499004e-06,2.8560999999999993e-08,3.8232908518499004e-06
0.0050000000000000001,uniform_same_count,0.014,4.1481481481460462e-06,3.8416000000000005e-08,4.1097321481460462e-06
0.0050000000000000001,uniform_same_count,0.014999999999999999,4.4444444444421927e-06,5.0624999999999992e-08,4.3938194444421927e-06
0.0050000000000000001,uniform_same_count,0.016,4.7407407407383393e-06,6.5536000000000012e-08,4.6752047407383395e-06
0.0050000000000000001,uniform_same_count,0.017000000000000001,5.037037037034485e-06,8.3521000000000024e-08,4.953516037034485e-06
0.0050000000000000001,uniform_same_count,0.017999999999999999,5.3333333333306308e-06,1.0497599999999997e-07,5.2283573333306307e-06
0.0050000000000000001,uniform_same_count,0.019,5.6296296296267765e-06,1.3032099999999999e-07,5.4993086296267763e-06
0.0050000000000000001,uniform_same_count,0.02,5.9259259259229239e-06,1.6e-07,5.7659259259229238e-06
0.0050000000000000001,uniform_same_count,0.021000000000000001,6.2222222222190697e-06,1.9448100000000006e-07,6.0277412222190695e-06
0.0050000000000000001,uniform_same_count,0.021999999999999999,6.5185185185152154e-06,2.3425599999999995e-07,6.2842625185152153e-06
0.0050000000000000001,uniform_same_count,0.023,6.814814814811362e-06,2.7984099999999997e-07,6.5349738148113621e-06
0.0050000000000000001,uniform_same_count,0.024,7.1111111111075077e-06,3.3177600000000002e-07,6.7793351111075076e-06
0.0050000000000000001,uniform_same_count,0.025000000000000001,7.4074074074036551e-06,3.9062500000000007e-07,7.0167824074036549e-06
0.0050000000000000001,uniform_same_count,0.025999999999999999,7.7037037036998009e-06,4.569759999999999e-07,7.2467277036998006e-06
0.0050000000000000001,uniform_same_count,0.027,7.9999999999959474e-06,5.3144099999999997e-07,7.4685589999959472e-06
0.0050000000000000001,uniform_same_count,0.028000000000000001,8.2962962962920923e-06,6.1465600000000007e-07,7.6816402962920916e-06
0.0050000000000000001,uniform_same_count,0.029000000000000001,8.5925925925882389e-06,7.072810000000001e-07,7.8853115925882384e-06
0.0050000000000000001,uniform_same_count,0.029999999999999999,8.8888888888843855e-06,8.0999999999999987e-07,8.0788888888843865e-06
0.0050000000000000001,uniform_same_count,0.031,9.185185185180532e-06,9.2352099999999998e-07,8.2616641851805324e-06
0.0050000000000000001,uniform_same_count,0.032000000000000001,9.4814814814766786e-06,1.0485760000000002e-06,8.4329054814766789e-06
0.0050000000000000001,uniform_same_count,0.033000000000000002,9.7777777777728235e-06,1.1859210000000003e-06,8.5918567777728228e-06
0.0050000000000000001,uniform_same_count,0.034000000000000002,1.007407407406897e-05,1.3363360000000004e-06,8.7377380740689689e-06
0.0050000000000000001,uniform_same_count,0.035000000000000003,1.0370370370365118e-05,1.5006250000000006e-06,8.8697453703651178e-06
0.0050000000000000001,uniform_same_count,0.035999999999999997,1.0666666666661262e-05,1.6796159999999996e-06,8.9870506666612628e-06
0.0050000000000000001,uniform_same_count,0.036999999999999998,1.0962962962957408e-05,1.8741609999999995e-06,9.0888019629574084e-06
0.0050000000000000001,uniform_same_count,0.037999999999999999,1.1259259259253553e-05,2.0851359999999999e-06,9.1741232592535531e-06
0.0050000000000000001,uniform_same_count,0.039,1.1555555555549701e-05,2.3134409999999998e-06,9.2421145555497019e-06
0.0050000000000000001,uniform_same_count,0.040000000000000001,1.1851851851845848e-05,2.5600000000000001e-06,9.291851851845847e-06
0.0050000000000000001,uniform_same_count,0.041000000000000002,1.2148148148141994e-05,2.8257610000000005e-06,9.3223871481419935e-06
0.0050000000000000001,uniform_same_count,0.042000000000000003,1.2444444444438139e-05,3.1116960000000009e-06,9.3327484444381375e-06
0.0050000000000000001,uniform_same_count,0.042999999999999997,1.2740740740734284e-05,3.4188009999999987e-06,9.3219397407342863e-06
0.0050000000000000001,uniform_same_count,0.043999999999999997,1.3037037037030431e-05,3.7480959999999992e-06,9.2889410370304312e-06
0.0050000000000000001,uniform_same_count,0.044999999999999998,1.3333333333326577e-05,4.1006249999999994e-06,9.232708333326578e-06
0.0050000000000000001,uniform_same_count,0.045999999999999999,1.3629629629622724e-05,4.4774559999999995e-06,9.1521736296227236e-06
0.0050000000000000001,uniform_same_count,0.047,1.3925925925918871e-05,4.8796809999999997e-06,9.0462449259188708e-06
0.0050000000000000001,uniform_same_count,0.048000000000000001,1.4222222222215015e-05,5.3084160000000003e-06,8.9138062222150151e-06
0.0050000000000000001,uniform_same_count,0.049000000000000002,1.4518518518511165e-05,5.7648010000000005e-06,8.7537175185111649e-06
0.0050000000000000001,uniform_same_count,0.050000000000000003,1.481481481480731e-05,6.2500000000000011e-06,8.5648148148073091e-06
0.0050000000000000001,uniform_same_count,0.050999999999999997,1.5111111111103455e-05,6.7652009999999986e-06,8.3459101111034565e-06
0.0050000000000000001,uniform_same_count,0.051999999999999998,1.5407407407399602e-05,7.3116159999999983e-06,8.0957914073996034e-06
0.0050000000000000001,uniform_same_count,0.052999999999999999,1.5703703703695747e-05,7.8904809999999998e-06,7.8132227036957468e-06
0.0050000000000000001,uniform_same_count,0.053999999999999999,1.5999999999991895e-05,8.5030559999999996e-06,7.4969439999918953e-06
0.0050000000000000001,uniform_same_count,0.055,1.629629629628804e-05,9.1506250000000002e-06,7.1456712962880396e-06
0.0050000000000000001,uniform_same_count,0.056000000000000001,1.6592592592584185e-05,9.8344960000000012e-06,6.7580965925841834e-06
0.0050000000000000001,uniform_same_count,0.057000000000000002,1.6888888888880333e-05,1.0556001000000001e-05,6.3328878888803316e-06
0.0050000000000000001,uniform_same_count,0.058000000000000003,1.7185185185176478e-05,1.1316496000000002e-05,5.8686891851764762e-06
0.0050000000000000001,uniform_same_count,0.058999999999999997,1.7481481481472623e-05,1.2117360999999997e-05,5.3641204814726258e-06
0.0050000000000000001,uniform_same_count,0.059999999999999998,1.7777777777768771e-05,1.2959999999999998e-05,4.8177777777687731e-06
0.0050000000000000001,uniform_same_count,0.060999999999999999,1.8074074074064916e-05,1.3845840999999999e-05,4.2282330740649165e-06
0.0050000000000000001,uniform_same_count,0.062,1.8370370370361064e-05,1.4776336e-05,3.5940343703610645e-06
0.0050000000000000001,uniform_same_count,0.063,1.8666666666657209e-05,1.5752961e-05,2.9137056666572092e-06
0.0050000000000000001,uniform_same_count,0.064000000000000001,1.8962962962953357e-05,1.6777216000000003e-05,2.1857469629533542e-06
0.0050000000000000001,uniform_same_count,0.065000000000000002,1.9259259259249502e-05,1.7850625000000003e-05,1.4086342592494989e-06
0.0050000000000000001,uniform_same_count,0.066000000000000003,1.9555555555545647e-05,1.8974736000000005e-05,5.8081955554564201e-07
0.0050000000000000001,uniform_same_count,0.067000000000000004,2.1234567901224531e-05,2.0151121000000005e-05,1.0834469012245258e-06
0.0050000000000000001,uniform_same_count,0.068000000000000005,2.5679012345668829e-05,2.1381376000000006e-05,4.2976363456688225e-06
0.0050000000000000001,uniform_same_count,0.069000000000000006,3.012345679011313e-05,2.2667121000000006e-05,7.4563357901131235e-06
0.0050000000000000001,uniform_same_count,0.070000000000000007,3.4567901234557424e-05,2.4010000000000009e-05,1.0557901234557415e-05
0.0050000000000000001,uniform_same_count,0.070999999999999994,3.9012345679001657e-05,2.5411680999999991e-05,1.3600664679001666e-05
0.0050000000000000001,uniform_same_count,0.071999999999999995,4.3456790123445958e-05,2.6873855999999993e-05,1.6582934123445965e-05
0.0050000000000000001,uniform_same_count,0.072999999999999995,4.7901234567890259e-05,2.8398240999999994e-05,1.9502993567890265e-05
0.0050000000000000001,uniform_same_count,0.073999999999999996,5.234567901233456e-05,2.9986575999999993e-05,2.2359103012334567e-05
0.0050000000000000001,uniform_same_count,0.074999999999999997,5.6790123456778854e-05,3.1640624999999998e-05,2.5149498456778856e-05
0.0050000000000000001,uniform_same_count,0.075999999999999998,6.1234567901223162e-05,3.3362175999999998e-05,2.7872391901223164e-05
0.0050000000000000001,uniform_same_count,0.076999999999999999,6.5679012345667449e-05,3.5153040999999999e-05,3.052597134566745e-05
0.0050000000000000001,uniform_same_count,0.078,7.012345679011175e-05,3.7015055999999997e-05,3.3108400790111753e-05
0.0050000000000000001,uniform_same_count,0.079000000000000001,7.4567901234556051e-05,3.8950081e-05,3.5617820234556052e-05
0.0050000000000000001,uniform_same_count,0.080000000000000002,7.9012345679000339e-05,4.0960000000000001e-05,3.8052345679000338e-05
0.0050000000000000001,uniform_same_count,0.081000000000000003,8.345679012344464e-05,4.3046721000000007e-05,4.0410069123444633e-05
0.0050000000000000001,uniform_same_count,0.082000000000000003,8.7901234567888941e-05,4.5212176000000008e-05,4.2689058567888933e-05
0.0050000000000000001,uniform_same_count,0.083000000000000004,9.2345679012333228e-05,4.745832100000001e-05,4.4887358012333218e-05
0.0050000000000000001,uniform_same_count,0.084000000000000005,9.6790123456777543e-05,4.9787136000000015e-05,4.7002987456777528e-05
0.0050000000000000001,uniform_same_count,0.085000000000000006,0.00010123456790122183,5.2200625000000018e-05,4.9033942901221812e-05
0.0050000000000000001,uniform_same_count,0.085999999999999993,0.00010567901234566606,5.470081599999998e-05,5.0978196345666084e-05
0.0050000000000000001,uniform_same_count,0.086999999999999994,0.00011012345679011036,5.7289760999999981e-05,5.2833695790110383e-05
0.0050000000000000001,uniform_same_count,0.087999999999999995,0.00011456790123455467,5.9969535999999987e-05,5.4598365234554678e-05
0.0050000000000000001,uniform_same_count,0.088999999999999996,0.00011901234567899897,6.2742240999999989e-05,5.6270104678998978e-05
0.0050000000000000001,uniform_same_count,0.089999999999999997,0.00012345679012344327,6.560999999999999e-05,5.7846790123443277e-05
0.0050000000000000001,uniform_same_count,0.090999999999999998,0.00012790123456788756,6.8574960999999993e-05,5.9326273567887562e-05
0.0050000000000000001,uniform_same_count,0.091999999999999998,0.00013234567901233184,7.1639295999999993e-05,6.070638301233185e-05
0.0050000000000000001,uniform_same_count,0.092999999999999999,0.00013679012345677613,7.4805200999999996e-05,6.1984922456776134e-05
0.0050000000000000001,uniform_same_count,0.094,0.00014123456790122047,7.8074895999999996e-05,6.3159671901220476e-05
0.0050000000000000001,uniform_same_count,0.095000000000000001,0.00014567901234566476,8.1450624999999997e-05,6.4228387345664762e-05
0.0050000000000000001,uniform_same_count,0.096000000000000002,0.00015012345679010905,8.4934656000000005e-05,6.5188800790109042e-05
0.0050000000000000001,uniform_same_count,0.097000000000000003,0.00015456790123455333,8.8529281000000008e-05,6.6038620234553326e-05
0.0050000000000000001,uniform_same_count,0.098000000000000004,0.00015901234567899762,9.2236816000000008e-05,6.6775529678997613e-05
0.0050000000000000001,uniform_same_count,0.099000000000000005,0.00016345679012344196,9.6059601000000021e-05,6.7397189123441942e-05
0.0050000000000000001,uniform_same_count,0.10000000000000001,0.00016790123456788625,0.00010000000000000002,6.7901234567886232e-05
0.0050000000000000001,uniform_same_count,0.10100000000000001,0.00017234567901233054,0.00010406040100000003,6.8285278012330511e-05
0.0050000000000000001,uniform_same_count,0.10199999999999999,0.00017679012345677477,0.00010824321599999998,6.8546907456774794e-05
0.0050000000000000001,uniform_same_count,0.10299999999999999,0.00018123456790121906,0.00011255088099999997,6.8683686901219084e-05
0.0050000000000000001,uniform_same_count,0.104,0.0001856790123456634,0.00011698585599999997,6.8693156345663427e-05
0.0050000000000000001,uniform_same_count,0.105,0.00019012345679010769,0.00012155062499999998,6.8572831790107705e-05
0.0050000000000000001,uniform_same_count,0.106,0.00019456790123455198,0.000126247696,6.8320205234551979e-05
0.0050000000000000001,uniform_same_count,0.107,0.00019901234567899626,0.00013107960099999999,6.7932744678996269e-05
0.0050000000000000001,uniform_same_count,0.108,0.00020345679012344055,0.00013604889599999999,6.7407894123440557e-05
0.0050000000000000001,uniform_same_count,0.109,0.00020790123456788489,0.00014115816099999999,6.6743073567884906e-05
0.0050000000000000001,uniform_same_count,0.11,0.00021234567901232912,0.00014641,6.5935679012329122e-05
0.0050000000000000001,uniform_same_count,0.111,0.00021679012345677347,0.000151807041,6.4983082456773463e-05
0.0050000000000000001,uniform_same_count,0.112,0.00022123456790121775,0.00015735193600000002,6.3882631901217735e-05
0.0050000000000000001,uniform_same_count,0.113,0.00022567901234566204,0.00016304736100000001,6.2631651345662035e-05
0.0050000000000000001,uniform_same_count,0.114,0.00023012345679010633,0.00016889601600000002,6.1227440790106308e-05
0.0050000000000000001,uniform_same_count,0.115,0.00023456790123455062,0.00017490062500000002,5.9667276234550597e-05
0.0050000000000000001,uniform_same_count,0.11600000000000001,0.00023901234567899496,0.00018106393600000003,5.7948409678994933e-05
0.0050000000000000001,uniform_same_count,0.11700000000000001,0.00024345679012343925,0.00018738872100000005,5.6068069123439197e-05
0.0050000000000000001,uniform_same_count,0.11799999999999999,0.00024790123456788348,0.00019387777599999995,5.402345856788353e-05
0.0050000000000000001,uniform_same_count,0.11899999999999999,0.00025234567901232777,0.00020053392099999995,5.1811758012327815e-05
0.0050000000000000001,uniform_same_count,0.12,0.00025679012345677211,0.00020735999999999997,4.9430123456772142e-05
0.0050000000000000001,uniform_same_count,0.121,0.00026123456790121634,0.00021435888099999997,4.6875686901216368e-05
0.0050000000000000001,uniform_same_count,0.122,0.00026567901234566063,0.00022153345599999999,4.414555634566064e-05
0.0050000000000000001,uniform_same_count,0.123,0.00027012345679010497,0.00022888664099999999,4.123681579010498e-05
0.0050000000000000001,uniform_same_count,0.124,0.00027456790123454926,0.00023642137599999999,3.8146525234549264e-05
0.0050000000000000001,uniform_same_count,0.125,0.0002790123456789936,0.000244140625,3.4871720678993599e-05
0.0050000000000000001,uniform_same_count,0.126,0.00028345679012343783,0.000252047376,3.1409414123437836e-05
0.0050000000000000001,uniform_same_count,0.127,0.00028790123456788212,0.00026014464100000001,2.7756593567882112e-05
0.0050000000000000001,uniform_same_count,0.128,0.00029234567901232646,0.00026843545600000005,2.3910223012326413e-05
0.0050000000000000001,uniform_same_count,0.129,0.00029679012345677075,0.00027692288100000003,1.9867242456770716e-05
0.0050000000000000001,uniform_same_count,0.13,0.00030123456790121509,0.00028561000000000005,1.5624567901215039e-05
0.0050000000000000001,uniform_same_count,0.13100000000000001,0.00030567901234565932,0.00029449992100000005,1.1179091345659277e-05
0.0050000000000000001,uniform_same_count,0.13200000000000001,0.00031012345679010361,0.00030359577600000008,6.5276807901035313e-06
0.0050000000000000001,uniform_same_count,0.13300000000000001,0.00031456790123454795,0.00031290072100000006,1.6671802345478905e-06
0.0050000000000000001,uniform_same_count,0.13400000000000001,0.00032888888888886892,0.00032241793600000008,6.4709528888688412e-06
0.0050000000000000001,uniform_same_count,0.13500000000000001,0.0003481481481481281,0.00033215062500000007,1.5997523148128024e-05
0.0050000000000000001,uniform_same_count,0.13600000000000001,0.00036740740740738722,0.0003421020160000001,2.5305391407387122e-05
0.0050000000000000001,uniform_same_count,0.13700000000000001,0.00038666666666664639,0.00035227536100000011,3.4391305666646281e-05
0.0050000000000000001,uniform_same_count,0.13800000000000001,0.00040592592592590552,0.0003626739360000001,4.3251989925905418e-05
0.0050000000000000001,uniform_same_count,0.13900000000000001,0.00042518518518516469,0.00037330104100000014,5.1884144185164547e-05
0.0050000000000000001,uniform_same_count,0.14000000000000001,0.00044444444444442381,0.00038416000000000014,6.0284444444423668e-05
0.0050000000000000001,uniform_same_count,0.14099999999999999,0.00046370370370368244,0.00039525416099999984,6.8449542703682606e-05
0.0050000000000000001,uniform_same_count,0.14199999999999999,0.00048296296296294157,0.00040658689599999985,7.6376066962941718e-05
0.0050000000000000001,uniform_same_count,0.14299999999999999,0.0005022222222222008,0.00041816160099999989,8.406062122220091e-05
0.0050000000000000001,uniform_same_count,0.14399999999999999,0.00052148148148145992,0.00042998169599999989,9.1499785481460026e-05
0.0050000000000000001,uniform_same_count,0.14499999999999999,0.00054074074074071904,0.00044205062499999987,9.8690115740719165e-05
0.0050000000000000001,uniform_same_count,0.14599999999999999,0.00055999999999997816,0.0004543718559999999,0.00010562814399997825
0.0050000000000000001,uniform_same_count,0.14699999999999999,0.00057925925925923728,0.00046694888099999991,0.00011231037825923737
0.0050000000000000001,uniform_same_count,0.14799999999999999,0.00059851851851849651,0.00047978521599999988,0.00011873330251849663
0.0050000000000000001,uniform_same_count,0.14899999999999999,0.00061777777777775563,0.00049288440099999988,0.00012489337677775575
0.0050000000000000001,uniform_same_count,0.14999999999999999,0.00063703703703701475,0.00050624999999999997,0.00013078703703701478
0.0050000000000000001,uniform_same_count,0.151,0.00065629629629627398,0.00051988560099999997,0.00013641069529627401
0.0050000000000000001,uniform_same_count,0.152,0.0006755555555555331,0.00053379481599999997,0.00014176073955553313
0.0050000000000000001,uniform_same_count,0.153,0.00069481481481479222,0.00054798128099999997,0.00014683353381479225
0.0050000000000000001,uniform_same_count,0.154,0.00071407407407405145,0.00056244865599999999,0.00015162541807405147
0.0050000000000000001,uniform_same_count,0.155,0.00073333333333331046,0.00057720062499999993,0.00015613270833331053
0.0050000000000000001,uniform_same_count,0.156,0.00075259259259256969,0.00059224089599999995,0.00016035169659256974
0.0050000000000000001,uniform_same_count,0.157,0.00077185185185182882,0.00060757320099999999,0.00016427865085182883
0.0050000000000000001,uniform_same_count,0.158,0.00079111111111108794,0.00062320129599999999,0.00016790981511108794
0.0050000000000000001,uniform_same_count,0.159,0.00081037037037034706,0.00063912896100000005,0.00017124140937034701
0.0050000000000000001,uniform_same_count,0.16,0.00082962962962960629,0.00065536000000000001,0.00017426962962960627
0.0050000000000000001,uniform_same_count,0.161,0.00084888888888886541,0.0006718982410000001,0.0001769906478888653
0.0050000000000000001,uniform_same_count,0.16200000000000001,0.00086814814814812464,0.00068874753600000011,0.00017940061214812453
0.0050000000000000001,uniform_same_count,0.16300000000000001,0.00088740740740738365,0.00070591176100000014,0.00018149564640738351
0.0050000000000000001,uniform_same_count,0.16400000000000001,0.00090666666666664288,0.00072339481600000013,0.00018327185066664275
0.0050000000000000001,uniform_same_count,0.16500000000000001,0.000925925925925902,0.00074120062500000012,0.00018472530092590188
0.0050000000000000001,uniform_same_count,0.16600000000000001,0.00094518518518516123,0.00075933313600000016,0.00018585204918516107
0.0050000000000000001,uniform_same_count,0.16700000000000001,0.00096444444444442035,0.00077779632100000021,0.00018664812344442014
0.0050000000000000001,uniform_same_count,0.16800000000000001,0.00098370370370367936,0.00079659417600000024,0.00018710952770367912
0.0050000000000000001,uniform_same_count,0.16900000000000001,0.0010029629629629386,0.00081573072100000023,0.00018723224196293836
0.0050000000000000001,uniform_same_count,0.17000000000000001,0.0010222222222221978,0.00083521000000000029,0.00018701222222219753
0.0050000000000000001,uniform_same_count,0.17100000000000001,0.0010414814814814571,0.00085503608100000021,0.00018644540048145684
0.0050000000000000001,uniform_same_count,0.17199999999999999,0.0010607407407407154,0.00087521305599999968,0.00018552768474071574
0.0050000000000000001,uniform_same_count,0.17299999999999999,0.0010799999999999746,0.00089574504099999971,0.00018425495899997493
0.0050000000000000001,uniform_same_count,0.17399999999999999,0.0010992592592592339,0.0009166361759999997,0.00018262308325923417
0.0050000000000000001,uniform_same_count,0.17499999999999999,0.0011185185185184929,0.00093789062499999981,0.00018062789351849307
0.0050000000000000001,uniform_same_count,0.17599999999999999,0.0011377777777777521,0.0009595125759999998,0.00017826520177775232
0.0050000000000000001,uniform_same_count,0.17699999999999999,0.0011570370370370111,0.00098150624099999973,0.0001755307960370114
0.0050000000000000001,uniform_same_count,0.17799999999999999,0.0011762962962962704,0.0010038758559999998,0.00017242044029627053
0.0050000000000000001,uniform_same_count,0.17899999999999999,0.0011955555555555296,0.0010266256809999999,0.00016892987455552973
0.0050000000000000001,uniform_same_count,0.17999999999999999,0.0012148148148147888,0.0010497599999999998,0.00016505481481478897
0.0050000000000000001,uniform_same_count,0.18099999999999999,0.0012340740740740476,0.0010732831209999999,0.0001607909530740477
0.0050000000000000001,uniform_same_count,0.182,0.0012533333333333071,0.0010971993759999999,0.00015613395733330717
0.0050000000000000001,uniform_same_count,0.183,0.0012725925925925661,0.0011215131209999999,0.00015107947159256614
0.0050000000000000001,uniform_same_count,0.184,0.0012918518518518253,0.0011462287359999999,0.00014562311585182542
0.0050000000000000001,uniform_same_count,0.185,0.0013111111111110843,0.0011713506249999999,0.00013976048611108439
0.0050000000000000001,uniform_same_count,0.186,0.0013303703703703438,0.0011968832159999999,0.00013348715437034382
0.0050000000000000001,uniform_same_count,0.187,0.0013496296296296028,0.0012228309609999999,0.00012679866862960287
0.0050000000000000001,uniform_same_count,0.188,0.0013688888888888618,0.0012491983359999999,0.00011969055288886185
0.0050000000000000001,uniform_same_count,0.189,0.001388148148148121,0.0012759898410000001,0.00011215830714812096
0.0050000000000000001,uniform_same_count,0.19,0.00140740740740738,0.00130321,0.00010419740740738007
0.0050000000000000001,uniform_same_count,0.191,0.0014266666666666395,0.0013308633610000001,9.5803305666639343e-05
0.0050000000000000001,uniform_same_count,0.192,0.0014459259259258985,0.0013589544960000001,8.6971429925898408e-05
0.0050000000000000001,uniform_same_count,0.193,0.0014651851851851577,0.0013874880010000001,7.769718418515763e-05
0.0050000000000000001,uniform_same_count,0.19400000000000001,0.0014844444444444167,0.0014164684960000001,6.7975948444416604e-05
0.0050000000000000001,uniform_same_count,0.19500000000000001,0.001503703703703676,0.0014459006250000003,5.7803078703675672e-05
0.0050000000000000001,uniform_same_count,0.19600000000000001,0.0015229629629629352,0.0014757890560000001,4.7173906962935056e-05
0.0050000000000000001,uniform_same_count,0.19700000000000001,0.0015422222222221942,0.0015061384810000002,3.6083741222193988e-05
0.0050000000000000001,uniform_same_count,0.19800000000000001,0.0015614814814814534,0.0015369536160000003,2.4527865481453097e-05
0.0050000000000000001,uniform_same_count,0.19900000000000001,0.0015807407407407124,0.0015682392010000004,1.2501539740712025e-05
0.0050000000000000001,uniform_same_count,0.20000000000000001,0.0015999999999999717,0.0016000000000000003,-2.8622937353617317e-17
0.0050000000000000001,uniform_same_count,0.20100000000000001,0.0016518518518518234,0.0016322408010000003,1.9611050851823077e-05
0.0050000000000000001,uniform_same_count,0.20200000000000001,0.0017037037037036752,0.0016649664160000004,3.8737287703674746e-05
0.0050000000000000001,uniform_same_count,0.20300000000000001,0.0017555555555555269,0.0016981816810000005,5.7373874555526408e-05
0.0050000000000000001,uniform_same_count,0.20399999999999999,0.0018074074074073772,0.0017318914559999996,7.5515951407377534e-05
0.0050000000000000001,uniform_same_count,0.20499999999999999,0.0018592592592592289,0.0017661006249999995,9.3158634259229425e-05
0.0050000000000000001,uniform_same_count,0.20599999999999999,0.0019111111111110807,0.0018008140959999996,0.00011029701511108109
0.0050000000000000001,uniform_same_count,0.20699999999999999,0.0019629629629629324,0.0018360368009999997,0.00012692616196293273
0.0050000000000000001,uniform_same_count,0.20799999999999999,0.0020148148148147844,0.0018717736959999996,0.00014304111881478484
0.0050000000000000001,uniform_same_count,0.20899999999999999,0.0020666666666666359,0.0019080297609999997,0.00015863690566663628
0.0050000000000000001,uniform_same_count,0.20999999999999999,0.0021185185185184875,0.0019448099999999997,0.00017370851851848776
0.0050000000000000001,uniform_same_count,0.21099999999999999,0.0021703703703703395,0.0019821194409999996,0.00018825092937033985
0.0050000000000000001,uniform_same_count,0.21199999999999999,0.0022222222222221914,0.0020199631359999999,0.00020225908622219149
0.0050000000000000001,uniform_same_count,0.21299999999999999,0.002274074074074043,0.0020583461609999998,0.00021572791307404322
0.0050000000000000001,uniform_same_count,0.214,0.0023259259259258945,0.0020972736159999999,0.00022865230992589461
0.0050000000000000001,uniform_same_count,0.215,0.0023777777777777465,0.0021367506249999999,0.00024102715277774661
0.0050000000000000001,uniform_same_count,0.216,0.0024296296296295984,0.0021767823359999999,0.00025284729362959855
0.0050000000000000001,uniform_same_count,0.217,0.00248148148148145,0.0022173739210000001,0.00026410756048144985
0.0050000000000000001,uniform_same_count,0.218,0.0025333333333333015,0.0022585305759999998,0.00027480275733330175
0.0050000000000000001,uniform_same_count,0.219,0.0025851851851851531,0.0023002575210000001,0.00028492766418515298
0.0050000000000000001,uniform_same_count,0.22,0.0026370370370370055,0.00234256,0.00029447703703700543
0.0050000000000000001,uniform_same_count,0.221,0.002688888888888857,0.0023854432810000003,0.00030344560788885672
0.0050000000000000001,uniform_same_count,0.222,0.0027407407407407085,0.0024289126560000001,0.00031182808474070848
0.0050000000000000001,uniform_same_count,0.223,0.0027925925925925605,0.0024729734410000002,0.00031961915159256027
0.0050000000000000001,uniform_same_count,0.224,0.0028444444444444125,0.0025176309760000003,0.00032681346844441218
0.0050000000000000001,uniform_same_count,0.22500000000000001,0.002896296296296264,0.0025628906250000001,0.00033340567129626396
0.0050000000000000001,uniform_same_count,0.22600000000000001,0.0029481481481481156,0.0026087577760000001,0.00033939037214811545
0.0050000000000000001,uniform_same_count,0.22700000000000001,0.0029999999999999675,0.0026552378410000005,0.00034476215899996703
0.0050000000000000001,uniform_same_count,0.22800000000000001,0.0030518518518518195,0.0027023362560000003,0.00034951559585181917
0.0050000000000000001,uniform_same_count,0.22900000000000001,0.003103703703703671,0.0027500584810000003,0.0003536452227036707
0.0050000000000000001,uniform_same_count,0.23000000000000001,0.0031555555555555226,0.0027984100000000003,0.00035714555555552228
0.0050000000000000001,uniform_same_count,0.23100000000000001,0.0032074074074073746,0.0028473963210000003,0.00036001108640737424
0.0050000000000000001,uniform_same_count,0.23200000000000001,0.0032592592592592261,0.0028970229760000004,0.00036223628325922569
0.0050000000000000001,uniform_same_count,0.23300000000000001,0.0033111111111110781,0.0029472955210000005,0.0003638155901110776
0.0050000000000000001,uniform_same_count,0.23400000000000001,0.0033629629629629296,0.0029982195360000008,0.00036474342696292883
0.0050000000000000001,uniform_same_count,0.23499999999999999,0.0034148148148147803,0.0030498006249999993,0.00036501418981478096
0.0050000000000000001,uniform_same_count,0.23599999999999999,0.0034666666666666318,0.0031020444159999992,0.00036462225066663263
0.0050000000000000001,uniform_same_count,0.23699999999999999,0.0035185185185184834,0.0031549565609999995,0.00036356195751848387
0.0050000000000000001,uniform_same_count,0.23799999999999999,0.0035703703703703349,0.0032085427359999992,0.00036182763437033567
0.0050000000000000001,uniform_same_count,0.23899999999999999,0.0036222222222221873,0.0032628086409999995,0.00035941358122218783
0.0050000000000000001,uniform_same_count,0.23999999999999999,0.0036740740740740388,0.0033177599999999995,0.00035631407407403937
0.0050000000000000001,uniform_same_count,0.24099999999999999,0.0037259259259258904,0.0033734025609999997,0.00035252336492589071
0.0050000000000000001,uniform_same_count,0.24199999999999999,0.0037777777777777419,0.0034297420959999996,0.00034803568177774235
0.0050000000000000001,uniform_same_count,0.24299999999999999,0.0038296296296295943,0.0034867844009999998,0.00034284522862959447
0.0050000000000000001,uniform_same_count,0.24399999999999999,0.0038814814814814459,0.0035445352959999998,0.00033694618548144603
0.0050000000000000001,uniform_same_count,0.245,0.0039333333333332974,0.0036030006249999995,0.00033033270833329785
0.0050000000000000001,uniform_same_count,0.246,0.0039851851851851489,0.0036621862559999998,0.00032299892918514908
0.0050000000000000001,uniform_same_count,0.247,0.0040370370370370013,0.0037220980809999997,0.00031493895603700158
0.0050000000000000001,uniform_same_count,0.248,0.0040888888888888529,0.0037827420159999999,0.00030614687288885297
0.0050000000000000001,uniform_same_count,0.249,0.0041407407407407044,0.003844124001,0.00029661673974070444
0.0050000000000000001,uniform_same_count,0.25,0.0041925925925925568,0.00390625,0.00028634259259255682
0.0050000000000000001,uniform_same_count,0.251,0.0042444444444444084,0.0039691260010000003,0.00027531844344440802
0.0050000000000000001,uniform_same_count,0.252,0.0042962962962962599,0.0040327580159999999,0.00026353828029625995
0.0050000000000000001,uniform_same_count,0.253,0.0043481481481481114,0.0040971520809999998,0.00025099606714811158
0.0050000000000000001,uniform_same_count,0.254,0.004399999999999963,0.0041623142560000001,0.00023768574399996283
0.0050000000000000001,uniform_same_count,0.255,0.0044518518518518145,0.0042282506249999999,0.0002236012268518146
0.0050000000000000001,uniform_same_count,0.25600000000000001,0.0045037037037036669,0.0042949672960000008,0.00020873640770366613
0.0050000000000000001,uniform_same_count,0.25700000000000001,0.0045555555555555185,0.0043624704010000008,0.00019308515455551765
0.0050000000000000001,uniform_same_count,0.25800000000000001,0.0046074074074073709,0.0044307660960000005,0.00017664131140737033
0.0050000000000000001,uniform_same_count,0.25900000000000001,0.0046592592592592224,0.0044998605610000004,0.00015939869825922198
0.0050000000000000001,uniform_same_count,0.26000000000000001,0.0047111111111110739,0.0045697600000000008,0.0001413511111110731
0.0050000000000000001,uniform_same_count,0.26100000000000001,0.0047629629629629255,0.0046404706410000003,0.00012249232196292516
0.0050000000000000001,uniform_same_count,0.26200000000000001,0.004814814814814777,0.0047119987360000008,0.00010281607881477625
0.0050000000000000001,uniform_same_count,0.26300000000000001,0.0048666666666666285,0.0047843505610000005,8.2316105666628038e-05
0.0050000000000000001,uniform_same_count,0.26400000000000001,0.0049185185185184801,0.0048575324160000013,6.0986102518478802e-05
0.0050000000000000001,uniform_same_count,0.26500000000000001,0.0049703703703703325,0.0049315506250000012,3.8819745370331261e-05
0.0050000000000000001,uniform_same_count,0.26600000000000001,0.0050222222222221849,0.005006411536000001,1.5810686222183894e-05
0.0050000000000000001,uniform_same_count,0.26700000000000002,0.0050932345679011977,0.0050821215210000012,1.1113046901196563e-05
0.0050000000000000001,uniform_same_count,0.26800000000000002,0.0052025679012345305,0.0051586869760000013,4.3880925234529231e-05
0.0050000000000000001,uniform_same_count,0.26900000000000002,0.0053119012345678642,0.0052361143210000009,7.5786913567863282e-05
0.0050000000000000001,uniform_same_count,0.27000000000000002,0.005421234567901197,0.0053144100000000012,0.00010682456790119584
0.0050000000000000001,uniform_same_count,0.27100000000000002,0.0055305679012345307,0.0053935804810000014,0.00013698742023452934
0.0050000000000000001,uniform_same_count,0.27200000000000002,0.0056399012345678635,0.0054736322560000016,0.00016626897856786196
0.0050000000000000001,uniform_same_count,0.27300000000000002,0.0057492345679011972,0.0055545718410000017,0.00019466272690119545
0.0050000000000000001,uniform_same_count,0.27400000000000002,0.00585856790123453,0.0056364057760000018,0.00022216212523452818
0.0050000000000000001,uniform_same_count,0.27500000000000002,0.0059679012345678628,0.0057191406250000016,0.00024876060956786124
0.0050000000000000001,uniform_same_count,0.27600000000000002,0.0060772345679011965,0.0058027829760000016,0.00027445159190119493
0.0050000000000000001,uniform_same_count,0.27700000000000002,0.0061865679012345293,0.0058873394410000023,0.00029922846023452705
0.0050000000000000001,uniform_same_count,0.27800000000000002,0.006295901234567863,0.0059728166560000023,0.00032308457856786068
0.0050000000000000001,uniform_same_count,0.27900000000000003,0.0064052345679011958,0.006059221281000002,0.00034601328690119382
0.0050000000000000001,uniform_same_count,0.28000000000000003,0.0065145679012345286,0.0061465600000000023,0.0003680079012345263
0.0050000000000000001,uniform_same_count,0.28100000000000003,0.0066239012345678623,0.0062348395210000025,0.00038906171356785976
0.0050000000000000001,uniform_same_count,0.28199999999999997,0.006733234567901189,0.0063240665759999974,0.0004091679919011916
0.0050000000000000001,uniform_same_count,0.28299999999999997,0.0068425679012345227,0.0064142479209999973,0.00042831998023452542
0.0050000000000000001,uniform_same_count,0.28399999999999997,0.0069519012345678564,0.0065053903359999976,0.0004465108985678588
0.0050000000000000001,uniform_same_count,0.28499999999999998,0.0070612345679011892,0.006597500624999998,0.00046373394290119118
0.0050000000000000001,uniform_same_count,0.28599999999999998,0.007170567901234522,0.0066905856159999982,0.00047998228523452383
0.0050000000000000001,uniform_same_count,0.28699999999999998,0.0072799012345678548,0.0067846521609999976,0.00049524907356785722
0.0050000000000000001,uniform_same_count,0.28799999999999998,0.0073892345679011885,0.0068797071359999983,0.00050952743190119023
0.0050000000000000001,uniform_same_count,0.28899999999999998,0.0074985679012345222,0.0069757574409999978,0.00052281046023452439
0.0050000000000000001,uniform_same_count,0.28999999999999998,0.007607901234567855,0.007072809999999998,0.00053509123456785702
0.0050000000000000001,uniform_same_count,0.29099999999999998,0.0077172345679011878,0.0071708717609999979,0.00054636280690118985
0.0050000000000000001,uniform_same_count,0.29199999999999998,0.0078265679012345206,0.0072699496959999985,0.00055661820523452213
0.0050000000000000001,uniform_same_count,0.29299999999999998,0.0079359012345678551,0.0073700508009999985,0.00056585043356785665
0.0050000000000000001,uniform_same_count,0.29399999999999998,0.0080452345679011879,0.0074711820959999986,0.00057405247190118937
0.0050000000000000001,uniform_same_count,0.29499999999999998,0.0081545679012345208,0.0075733506249999983,0.00058121727623452243
0.0050000000000000001,uniform_same_count,0.29599999999999999,0.0082639012345678536,0.0076765634559999981,0.00058733777856785543
0.0050000000000000001,uniform_same_count,0.29699999999999999,0.0083732345679011881,0.0077808276809999983,0.00059240688690118982
0.0050000000000000001,uniform_same_count,0.29799999999999999,0.0084825679012345209,0.0078861504159999981,0.00059641748523452283
0.0050000000000000001,uniform_same_count,0.29899999999999999,0.0085919012345678537,0.0079925388009999994,0.00059936243356785435
0.0050000000000000001,uniform_same_count,0.29999999999999999,0.0087012345679011865,0.0080999999999999996,0.00060123456790118698
0.0050000000000000001,uniform_same_count,0.30099999999999999,0.0088105679012345194,0.0082085412009999994,0.00060202670023451997
0.0050000000000000001,uniform_same_count,0.30199999999999999,0.0089199012345678522,0.0083181696159999995,0.00060173161856785264
0.0050000000000000001,uniform_same_count,0.30299999999999999,0.0090292345679011867,0.0084288924809999988,0.00060034208690118787
0.0050000000000000001,uniform_same_count,0.30399999999999999,0.0091385679012345195,0.0085407170559999995,0.00059785084523451999
0.0050000000000000001,uniform_same_count,0.30499999999999999,0.0092479012345678523,0.0086536506249999985,0.00059425060956785382
0.0050000000000000001,uniform_same_count,0.30599999999999999,0.0093572345679011869,0.0087677004959999996,0.00058953407190118733
0.0050000000000000001,uniform_same_count,0.307,0.0094665679012345197,0.0088828740009999994,0.00058369390023452032
0.0050000000000000001,uniform_same_count,0.308,0.0095759012345678525,0.0089991784959999998,0.00057672273856785271
0.0050000000000000001,uniform_same_count,0.309,0.0096852345679011853,0.0091166213609999991,0.00056861320690118622
0.0050000000000000001,uniform_same_count,0.31,0.0097945679012345181,0.0092352099999999989,0.00055935790123451921
0.0050000000000000001,uniform_same_count,0.311,0.0099039012345678509,0.009354951840999999,0.00054894939356785188
0.0050000000000000001,uniform_same_count,0.312,0.010013234567901184,0.0094758543359999992,0.00053738023190118452
0.0050000000000000001,uniform_same_count,0.313,0.010122567901234518,0.0095979249610000008,0.00052464294023451749
0.0050000000000000001,uniform_same_count,0.314,0.010231901234567853,0.0097211712159999998,0.00051073001856785302
0.0050000000000000001,uniform_same_count,0.315,0.010341234567901186,0.0098456006250000009,0.00049563394290118475
0.0050000000000000001,uniform_same_count,0.316,0.010450567901234518,0.0099712207359999999,0.00047934716523451854
0.0050000000000000001,uniform_same_count,0.317,0.010559901234567851,0.010098039121000001,0.00046186211356784995
0.0050000000000000001,uniform_same_count,0.318,0.010669234567901184,0.010226063376000001,0.00044317119190118333
0.0050000000000000001,uniform_same_count,0.31900000000000001,0.010778567901234517,0.010355301121000001,0.00042326678023451615
0.0050000000000000001,uniform_same_count,0.32000000000000001,0.01088790123456785,0.01048576,0.00040214123456784948
0.0050000000000000001,uniform_same_count,0.32100000000000001,0.010997234567901184,0.010617447681000002,0.00037978688690118272
0.0050000000000000001,uniform_same_count,0.32200000000000001,0.011106567901234519,0.010750371856000002,0.00035619604523451712
0.0050000000000000001,uniform_same_count,0.32300000000000001,0.011215901234567852,0.010884540241000001,0.00033136099356785055
0.0050000000000000001,uniform_same_count,0.32400000000000001,0.011325234567901184,0.011019960576000002,0.00030527399190118272
0.0050000000000000001,uniform_same_count,0.32500000000000001,0.011434567901234517,0.011156640625000002,0.00027792727623451516
0.0050000000000000001,uniform_same_count,0.32600000000000001,0.01154390123456785,0.011294588176000002,0.00024931305856784776
0.0050000000000000001,uniform_same_count,0.32700000000000001,0.011653234567901183,0.011433811041000002,0.00021942352690118051
0.0050000000000000001,uniform_same_count,0.32800000000000001,0.011762567901234516,0.011574317056000002,0.00018825084523451351
0.0050000000000000001,uniform_same_count,0.32900000000000001,0.01187190123456785,0.011716114081000002,0.00015578715356784865
0.0050000000000000001,uniform_same_count,0.33000000000000002,0.011981234567901183,0.011859210000000002,0.00012202456790118103
0.0050000000000000001,uniform_same_count,0.33100000000000002,0.012090567901234516,0.012003612721000003,8.6955180234512749e-05
0.0050000000000000001,uniform_same_count,0.33200000000000002,0.01219990123456785,0.012149330176000003,5.0571058567847743e-05
0.0050000000000000001,uniform_same_count,0.33300000000000002,0.012309234567901183,0.012296370321000004,1.2864246901179641e-05
0.0050000000000000001,uniform_same_count,0.33400000000000002,0.012478222222222174,0.012444741136000003,3.3481086222170164e-05
0.0050000000000000001,uniform_same_count,0.33500000000000002,0.012677037037036988,0.012594450625000003,8.2586412036985204e-05
0.0050000000000000001,uniform_same_count,0.33600000000000002,0.012875851851851803,0.012745506816000004,0.00013034503585179942
0.0050000000000000001,uniform_same_count,0.33700000000000002,0.013074666666666618,0.012897917761000003,0.0001767489056666155
0.0050000000000000001,uniform_same_count,0.33800000000000002,0.013273481481481433,0.013051691536000004,0.00022178994548142927
0.0050000000000000001,uniform_same_count,0.33900000000000002,0.01347229629629625,0.013206836241000004,0.00026546005529624536
0.0050000000000000001,uniform_same_count,0.34000000000000002,0.013671111111111064,0.013363360000000005,0.00030775111111105979
0.0050000000000000001,uniform_same_count,0.34100000000000003,0.013869925925925879,0.013521270961000004,0.00034865496492587564
0.0050000000000000001,uniform_same_count,0.34200000000000003,0.014068740740740694,0.013680577296000003,0.00038816344474069085
0.0050000000000000001,uniform_same_count,0.34300000000000003,0.014267555555555509,0.013841287201000004,0.00042626835455550523
0.0050000000000000001,uniform_same_count,0.34399999999999997,0.014466370370370314,0.014003408895999995,0.00046296147437031865
0.0050000000000000001,uniform_same_count,0.34499999999999997,0.014665185185185128,0.014166950624999996,0.00049823456018513283
0.0050000000000000001,uniform_same_count,0.34599999999999997,0.014863999999999943,0.014331920655999995,0.00053207934399994786
0.0050000000000000001,uniform_same_count,0.34699999999999998,0.015062814814814758,0.014498327280999996,0.00056448753381476216
0.0050000000000000001,uniform_same_count,0.34799999999999998,0.015261629629629573,0.014666178815999995,0.00059545081362957775
0.0050000000000000001,uniform_same_count,0.34899999999999998,0.015460444444444388,0.014835483600999996,0.00062496084344439151
0.0050000000000000001,uniform_same_count,0.34999999999999998,0.015659259259259203,0.015006249999999997,0.00065300925925920565
0.0050000000000000001,uniform_same_count,0.35099999999999998,0.015858074074074018,0.015178486400999997,0.00067958767307402072
0.0050000000000000001,uniform_same_count,0.35199999999999998,0.016056888888888832,0.015352201215999997,0.00070468767288883565
0.0050000000000000001,uniform_same_count,0.35299999999999998,0.016255703703703647,0.015527402880999996,0.00072830082270365117
0.0050000000000000001,uniform_same_count,0.35399999999999998,0.016454518518518466,0.015704099855999996,0.00075041866251846986
0.0050000000000000001,uniform_same_count,0.35499999999999998,0.016653333333333277,0.015882300624999998,0.0007710327083332788
0.0050000000000000001,uniform_same_count,0.35599999999999998,0.016852148148148095,0.016062013695999997,0.0007901344521480981
0.0050000000000000001,uniform_same_count,0.35699999999999998,0.017050962962962907,0.016243247600999999,0.00080771536196290808
0.0050000000000000001,uniform_same_count,0.35799999999999998,0.017249777777777725,0.016426010895999998,0.00082376688177772731
0.0050000000000000001,uniform_same_count,0.35899999999999999,0.01744859259259254,0.016610312160999997,0.00083828043159254323
0.0050000000000000001,uniform_same_count,0.35999999999999999,0.017647407407407355,0.016796159999999997,0.00085124740740735727
0.0050000000000000001,uniform_same_count,0.36099999999999999,0.01784622222222217,0.016983563040999999,0.00086265918122217095
0.0050000000000000001,uniform_same_count,0.36199999999999999,0.018045037037036984,0.017172529935999999,0.00087250710103698587
0.0050000000000000001,uniform_same_count,0.36299999999999999,0.018243851851851799,0.017363069360999999,0.00088078249085180027
0.0050000000000000001,uniform_same_count,0.36399999999999999,0.018442666666666614,0.017555190015999998,0.00088747665066661596
0.0050000000000000001,uniform_same_count,0.36499999999999999,0.018641481481481429,0.017748900624999998,0.00089258085648143137
0.0050000000000000001,uniform_same_count,0.36599999999999999,0.018840296296296244,0.017944209935999999,0.00089608636029624503
0.0050000000000000001,uniform_same_count,0.36699999999999999,0.019039111111111059,0.018141126721,0.00089798439011105902
0.0050000000000000001,uniform_same_count,0.36799999999999999,0.019237925925925874,0.018339659775999998,0.00089826614992587553
0.0050000000000000001,uniform_same_count,0.36899999999999999,0.019436740740740688,0.018539817920999999,0.00089692281974068991
0.0050000000000000001,uniform_same_count,0.37,0.019635555555555503,0.018741609999999999,0.00089394555555550453
0.0050000000000000001,uniform_same_count,0.371,0.019834370370370318,0.018945044881,0.00088932548937031841
0.0050000000000000001,uniform_same_count,0.372,0.020033185185185137,0.019150131455999999,0.00088305372918513758
0.0050000000000000001,uniform_same_count,0.373,0.020231999999999951,0.019356878641000001,0.00087512135899995083
0.0050000000000000001,uniform_same_count,0.374,0.020430814814814763,0.019565295375999998,0.0008655194388147644
0.0050000000000000001,uniform_same_count,0.375,0.020629629629629581,0.019775390625,0.00085423900462958113
0.0050000000000000001,uniform_same_count,0.376,0.020828444444444393,0.019987173375999999,0.00084127106844439359
0.0050000000000000001,uniform_same_count,0.377,0.021027259259259211,0.020200652640999999,0.00082660661825921175
0.0050000000000000001,uniform_same_count,0.378,0.021226074074074022,0.020415837456000001,0.00081023661807402142
0.0050000000000000001,uniform_same_count,0.379,0.021424888888888841,0.020632736881000001,0.00079215200788883972
0.0050000000000000001,uniform_same_count,0.38,0.021623703703703655,0.020851359999999999,0.0007723437037036561
0.0050000000000000001,uniform_same_count,0.38100000000000001,0.02182251851851847,0.021071715921,0.00075080259751847053
0.0050000000000000001,uniform_same_count,0.38200000000000001,0.022021333333333285,0.021293813776000002,0.00072751955733328308
0.0050000000000000001,uniform_same_count,0.38300000000000001,0.0222201481481481,0.021517662721000003,0.00070248542714809736
0.0050000000000000001,uniform_same_count,0.38400000000000001,0.022418962962962915,0.021743271936000001,0.00067569102696291364
0.0050000000000000001,uniform_same_count,0.38500000000000001,0.02261777777777773,0.021970650625000001,0.00064712715277772878
0.0050000000000000001,uniform_same_count,0.38600000000000001,0.022816592592592545,0.022199808016000001,0.00061678457659254324
0.0050000000000000001,uniform_same_count,0.38700000000000001,0.023015407407407359,0.022430753361000002,0.00058465404640735755
0.0050000000000000001,uniform_same_count,0.38800000000000001,0.023214222222222178,0.022663495936000002,0.00055072628622217581
0.0050000000000000001,uniform_same_count,0.38900000000000001,0.023413037037036989,0.022898045041000004,0.00051499199603698489
0.0050000000000000001,uniform_same_count,0.39000000000000001,0.023611851851851808,0.023134410000000005,0.00047744185185180296
0.0050000000000000001,uniform_same_count,0.39100000000000001,0.023810666666666619,0.023372600161000002,0.00043806650566661706
0.0050000000000000001,uniform_same_count,0.39200000000000002,0.024009481481481437,0.023612624896000002,0.00039685658548143515
0.0050000000000000001,uniform_same_count,0.39300000000000002,0.024208296296296249,0.023854493601000004,0.00035380269529624447
0.0050000000000000001,uniform_same_count,0.39400000000000002,0.024407111111111067,0.024098215696000003,0.00030889541511106358
0.0050000000000000001,uniform_same_count,0.39500000000000002,0.024605925925925878,0.024343800625000005,0.00026212530092587297
0.0050000000000000001,uniform_same_count,0.39600000000000002,0.024804740740740697,0.024591257856000005,0.00021348288474069138
0.0050000000000000001,uniform_same_count,0.39700000000000002,0.025003555555555512,0.024840596881000005,0.00016295867455550644
0.0050000000000000001,uniform_same_count,0.39800000000000002,0.025202370370370326,0.025091827216000007,0.00011054315437031975
0.0050000000000000001,uniform_same_count,0.39900000000000002,0.025401185185185141,0.025344958401000005,5.6226784185136464e-05
0.0050000000000000001,uniform_same_count,0.40000000000000002,0.025599999999999956,0.025600000000000005,-4.8572257327350599e-17
0.0050000000000000001,uniform_same_count,0.40100000000000002,0.025927407407407364,0.025856961601000004,7.0445806407359868e-05
0.0050000000000000001,uniform_same_count,0.40200000000000002,0.026254814814814773,0.026115852816000006,0.00013896199881476695
0.0050000000000000001,uniform_same_count,0.40300000000000002,0.026582222222222177,0.026376683281000006,0.00020553894122217128
0.0050000000000000001,uniform_same_count,0.40400000000000003,0.026909629629629585,0.026639462656000007,0.00027016697362957851
0.0050000000000000001,uniform_same_count,0.40500000000000003,0.027237037037036994,0.026904200625000006,0.00033283641203698741
0.0050000000000000001,uniform_same_count,0.40600000000000003,0.027564444444444402,0.027170906896000008,0.00039353754844439343
0.0050000000000000001,uniform_same_count,0.40699999999999997,0.027891851851851789,0.027439591200999994,0.00045226065085179554
0.0050000000000000001,uniform_same_count,0.40799999999999997,0.028219259259259197,0.027710263295999994,0.00050899596325920324
0.0050000000000000001,uniform_same_count,0.40899999999999997,0.028546666666666606,0.027982932960999993,0.00056373370566661224
0.0050000000000000001,uniform_same_count,0.40999999999999998,0.02887407407407401,0.028257609999999992,0.00061646407407401835
0.0050000000000000001,uniform_same_count,0.41099999999999998,0.029201481481481419,0.028534304240999994,0.00066717724048142441
0.0050000000000000001,uniform_same_count,0.41199999999999998,0.029528888888888827,0.028813025535999993,0.00071586335288883335
0.0050000000000000001,uniform_same_count,0.41299999999999998,0.029856296296296235,0.029093783760999994,0.00076251253529624127
0.0050000000000000001,uniform_same_count,0.41399999999999998,0.030183703703703643,0.029376588815999995,0.00080711488770364784
0.0050000000000000001,uniform_same_count,0.41499999999999998,0.030511111111111051,0.029661450624999995,0.00084966048611105627
0.0050000000000000001,uniform_same_count,0.41599999999999998,0.030838518518518456,0.029948379135999993,0.00089013938251846295
0.0050000000000000001,uniform_same_count,0.41699999999999998,0.031165925925925864,0.030237384320999993,0.00092854160492587129
0.0050000000000000001,uniform_same_count,0.41799999999999998,0.031493333333333269,0.030528476175999995,0.0009648571573332744
0.0050000000000000001,uniform_same_count,0.41899999999999998,0.031820740740740677,0.030821664720999994,0.00099907601974068283
0.0050000000000000001,uniform_same_count,0.41999999999999998,0.032148148148148085,0.031116959999999996,0.0010311881481480899
0.0050000000000000001,uniform_same_count,0.42099999999999999,0.032475555555555494,0.031414372080999994,0.0010611834745554993
0.0050000000000000001,uniform_same_count,0.42199999999999999,0.032802962962962902,0.031713911055999994,0.0010890519069629082
0.0050000000000000001,uniform_same_count,0.42299999999999999,0.03313037037037031,0.032015587040999993,0.0011147833293703169
0.0050000000000000001,uniform_same_count,0.42399999999999999,0.033457777777777718,0.032319410175999999,0.0011383676017777192
0.0050000000000000001,uniform_same_count,0.42499999999999999,0.033785185185185126,0.032625390624999993,0.0011597945601851331
0.0050000000000000001,uniform_same_count,0.42599999999999999,0.034112592592592528,0.032933538575999996,0.0011790540165925317
0.0050000000000000001,uniform_same_count,0.42699999999999999,0.034439999999999936,0.033243864240999996,0.0011961357589999402
0.0050000000000000001,uniform_same_count,0.42799999999999999,0.034767407407407344,0.033556377855999998,0.0012110295514073458
0.0050000000000000001,uniform_same_count,0.42899999999999999,0.035094814814814752,0.033871089681,0.0012237251338147528
0.0050000000000000001,uniform_same_count,0.42999999999999999,0.035422222222222161,0.034188009999999998,0.0012342122222221627
0.0050000000000000001,uniform_same_count,0.43099999999999999,0.035749629629629569,0.034507149120999996,0.0012424805086295732
0.0050000000000000001,uniform_same_count,0.432,0.036077037037036977,0.034828517375999998,0.0012485196610369786
0.0050000000000000001,uniform_same_count,0.433,0.036404444444444385,0.035152125121000001,0.0012523193234443841
0.0050000000000000001,uniform_same_count,0.434,0.036731851851851793,0.035477982736000002,0.0012538691158517912
0.0050000000000000001,uniform_same_count,0.435,0.037059259259259195,0.035806100624999997,0.001253158634259198
0.0050000000000000001,uniform_same_count,0.436,0.037386666666666603,0.036136489215999996,0.0012501774506666063
0.0050000000000000001,uniform_same_count,0.437,0.037714074074074011,0.036469158961000003,0.0012449151130740077
0.0050000000000000001,uniform_same_count,0.438,0.038041481481481419,0.036804120336000001,0.0012373611454814179
0.0050000000000000001,uniform_same_count,0.439,0.038368888888888827,0.037141383840999999,0.0012275050478888286
0.0050000000000000001,uniform_same_count,0.44,0.038696296296296236,0.037480960000000001,0.001215336296296235
0.0050000000000000001,uniform_same_count,0.441,0.039023703703703644,0.037822859361000001,0.0012008443427036428
0.0050000000000000001,uniform_same_count,0.442,0.039351111111111045,0.038167092496000005,0.0011840186151110405
0.0050000000000000001,uniform_same_count,0.443,0.03967851851851846,0.038513670000999999,0.0011648485175184617
0.0050000000000000001,uniform_same_count,0.44400000000000001,0.040005925925925861,0.038862602496000001,0.0011433234299258604
0.0050000000000000001,uniform_same_count,0.44500000000000001,0.040333333333333277,0.039213900624999999,0.0011194327083332775
0.0050000000000000001,uniform_same_count,0.44600000000000001,0.040660740740740678,0.039567575056000004,0.001093165684740674
0.0050000000000000001,uniform_same_count,0.44700000000000001,0.040988148148148086,0.039923636481000002,0.0010645116671480839
0.0050000000000000001,uniform_same_count,0.44800000000000001,0.041315555555555494,0.040282095616000005,0.0010334599395554894
0.0050000000000000001,uniform_same_count,0.44900000000000001,0.041642962962962903,0.040642963201000006,0.00099999976196289697
0.0050000000000000001,uniform_same_count,0.45000000000000001,0.041970370370370311,0.041006250000000001,0.00096412037037030968
0.0050000000000000001,uniform_same_count,0.45100000000000001,0.042297777777777719,0.041371966801000006,0.0009258109767777134
0.0050000000000000001,uniform_same_count,0.45200000000000001,0.042625185185185127,0.041740124416000002,0.00088506076918512533
0.0050000000000000001,uniform_same_count,0.45300000000000001,0.042952592592592528,0.042110733681000004,0.00084185891159252457
0.0050000000000000001,uniform_same_count,0.45400000000000001,0.043279999999999944,0.042483805456000008,0.00079619454399993544
0.0050000000000000001,uniform_same_count,0.45500000000000002,0.043607407407407345,0.042859350625000008,0.00074805678240733725
0.0050000000000000001,uniform_same_count,0.45600000000000002,0.043934814814814753,0.043237380096000005,0.00069743471881474756
0.0050000000000000001,uniform_same_count,0.45700000000000002,0.044262222222222161,0.043617904801000008,0.0006443174212221528
0.0050000000000000001,uniform_same_count,0.45800000000000002,0.044589629629629569,0.044000935696000006,0.00058869393362956379
0.0050000000000000001,uniform_same_count,0.45900000000000002,0.044917037037036978,0.04438648376100001,0.00053055327603696717
0.0050000000000000001,uniform_same_count,0.46000000000000002,0.045244444444444386,0.044774560000000005,0.00046988444444438088
0.0050000000000000001,uniform_same_count,0.46100000000000002,0.045571851851851794,0.045165175441000009,0.0004066764108517848
0.0050000000000000001,uniform_same_count,0.46200000000000002,0.045899259259259195,0.045558341136000005,0.00034091812325919013
0.0050000000000000001,uniform_same_count,0.46300000000000002,0.04622666666666661,0.045954068161000006,0.00027259850566660471
0.0050000000000000001,uniform_same_count,0.46400000000000002,0.046554074074074012,0.046352367616000006,0.00020170645807400522
0.0050000000000000001,uniform_same_count,0.46500000000000002,0.04688148148148142,0.046753250625000013,0.00012823085648140664
0.0050000000000000001,uniform_same_count,0.46600000000000003,0.047208888888888828,0.047156728336000008,5.2160552888820544e-05
0.0050000000000000001,uniform_same_count,0.46700000000000003,0.047594567901234508,0.047562811921000009,3.1755980234499104e-05
0.0050000000000000001,uniform_same_count,0.46800000000000003,0.048096790123456731,0.047971512576000012,0.00012527754745671887
0.0050000000000000001,uniform_same_count,0.46899999999999997,0.048599012345678927,0.048382841520999989,0.00021617082467893789
0.0050000000000000001,uniform_same_count,0.46999999999999997,0.04910123456790115,0.048796809999999989,0.00030442456790116118
0.0050000000000000001,uniform_same_count,0.47099999999999997,0.049603456790123374,0.04921342928099999,0.00039002750912338346
0.0050000000000000001,uniform_same_count,0.47199999999999998,0.05010567901234559,0.049632710655999987,0.00047296835634560302
0.0050000000000000001,uniform_same_count,0.47299999999999998,0.050607901234567813,0.050054665440999992,0.00055323579356782171
0.0050000000000000001,uniform_same_count,0.47399999999999998,0.051110123456790037,0.050479304975999992,0.00063081848079004493
0.0050000000000000001,uniform_same_count,0.47499999999999998,0.05161234567901226,0.050906640624999992,0.0007057050540122678
0.0050000000000000001,uniform_same_count,0.47599999999999998,0.052114567901234483,0.051336683775999988,0.0007778841252344959
0.0050000000000000001,uniform_same_count,0.47699999999999998,0.0526167901234567,0.051769445840999989,0.00084734428245671067
0.0050000000000000001,uniform_same_count,0.47799999999999998,0.053119012345678923,0.052204938255999991,0.00091407408967893178
0.0050000000000000001,uniform_same_count,0.47899999999999998,0.053621234567901147,0.052643172480999992,0.0009780620869011547
0.0050000000000000001,uniform_same_count,0.47999999999999998,0.05412345679012337,0.053084159999999991,0.0010392967901233785
0.0050000000000000001,uniform_same_count,0.48099999999999998,0.054625679012345593,0.053527912320999994,0.0010977666913455988
0.0050000000000000001,uniform_same_count,0.48199999999999998,0.055127901234567817,0.053974440975999995,0.0011534602585678219
0.0050000000000000001,uniform_same_count,0.48299999999999998,0.05563012345679004,0.054423757520999996,0.0012063659357900436
0.0050000000000000001,uniform_same_count,0.48399999999999999,0.056132345679012256,0.054875873535999993,0.0012564721430122633
0.0050000000000000001,uniform_same_count,0.48499999999999999,0.05663456790123448,0.055330800624999996,0.001303767276234484
0.0050000000000000001,uniform_same_count,0.48599999999999999,0.057136790123456703,0.055788550415999998,0.0013482397074567054
0.0050000000000000001,uniform_same_count,0.48699999999999999,0.057639012345678926,0.056249134560999996,0.0013898777846789306
0.0050000000000000001,uniform_same_count,0.48799999999999999,0.058141234567901143,0.056712564735999997,0.0014286698319011457
0.0050000000000000001,uniform_same_count,0.48899999999999999,0.058643456790123366,0.057178852640999998,0.0014646041491233677
0.0050000000000000001,uniform_same_count,0.48999999999999999,0.059145679012345589,0.057648009999999993,0.0014976690123455969
0.0050000000000000001,uniform_same_count,0.49099999999999999,0.059647901234567813,0.058120048560999997,0.0015278526735678158
0.0050000000000000001,uniform_same_count,0.49199999999999999,0.060150123456790036,0.058594980095999998,0.0015551433607900386
0.0050000000000000001,uniform_same_count,0.49299999999999999,0.060652345679012259,0.059072816400999997,0.0015795292780122622
0.0050000000000000001,uniform_same_count,0.49399999999999999,0.061154567901234483,0.059553569295999996,0.0016009986052344868
0.0050000000000000001,uniform_same_count,0.495,0.061656790123456699,0.060037250624999997,0.0016195394984567027
0.0050000000000000001,uniform_same_count,0.496,0.062159012345678923,0.060523872255999998,0.0016351400896789242
0.0050000000000000001,uniform_same_count,0.497,0.062661234567901153,0.061013446080999997,0.0016477884869011555
0.0050000000000000001,uniform_same_count,0.498,0.063163456790123362,0.061505984016,0.0016574727741233627
0.0050000000000000001,uniform_same_count,0.499,0.063665679012345586,0.062001498001000001,0.0016641810113455849
0.0050000000000000001,uniform_same_count,0.5,0.064167901234567809,0.0625,0.001667901234567809
0.0050000000000000001,uniform_same_count,0.501,0.064670123456790032,0.063001502001000007,0.0016686214557900259
0.0050000000000000001,uniform_same_count,0.502,0.065172345679012256,0.063506016016000005,0.0016663296630122504
0.0050000000000000001,uniform_same_count,0.503,0.065674567901234479,0.064013554080999999,0.0016610138202344804
0.0050000000000000001,uniform_same_count,0.504,0.066176790123456702,0.064524128255999999,0.0016526618674567034
0.0050000000000000001,uniform_same_count,0.505,0.066679012345678926,0.065037750625000001,0.0016412617206789243
0.0050000000000000001,uniform_same_count,0.50600000000000001,0.067181234567901149,0.065554433295999998,0.0016268012719011515
0.0050000000000000001,uniform_same_count,0.50700000000000001,0.067683456790123359,0.066074188401000003,0.0016092683891233556
0.0050000000000000001,uniform_same_count,0.50800000000000001,0.068185679012345596,0.066597028096000002,0.0015886509163455936
0.0050000000000000001,uniform_same_count,0.50900000000000001,0.068687901234567805,0.067122964561000004,0.0015649366735678016
0.0050000000000000001,uniform_same_count,0.51000000000000001,0.069190123456790042,0.067652009999999999,0.001538113456790044
0.0050000000000000001,uniform_same_count,0.51100000000000001,0.069692345679012252,0.068184176641000002,0.0015081690380122498
0.0050000000000000001,uniform_same_count,0.51200000000000001,0.070194567901234475,0.068719476736000012,0.0014750911652344628
0.0050000000000000001,uniform_same_count,0.51300000000000001,0.070696790123456699,0.06925792256100001,0.0014388675624566888
0.0050000000000000001,uniform_same_count,0.51400000000000001,0.071199012345678922,0.069799526416000013,0.0013994859296789092
0.0050000000000000001,uniform_same_count,0.51500000000000001,0.071701234567901145,0.070344300625000009,0.0013569339429011368
0.0050000000000000001,uniform_same_count,0.51600000000000001,0.072203456790123369,0.070892257536000008,0.0013111992541233602
0.0050000000000000001,uniform_same_count,0.51700000000000002,0.072705679012345592,0.071443409521000006,0.0012622694913455856
0.0050000000000000001,uniform_same_count,0.51800000000000002,0.073207901234567815,0.071997768976000007,0.0012101322585678087
0.0050000000000000001,uniform_same_count,0.51900000000000002,0.073710123456790039,0.07255534832100001,0.0011547751357900288
0.0050000000000000001,uniform_same_count,0.52000000000000002,0.074212345679012248,0.073116160000000013,0.0010961856790122348
0.0050000000000000001,uniform_same_count,0.52100000000000002,0.074714567901234485,0.07368021648100001,0.001034351420234475
0.0050000000000000001,uniform_same_count,0.52200000000000002,0.075216790123456695,0.074247530256000005,0.00096925986745668991
0.0050000000000000001,uniform_same_count,0.52300000000000002,0.075719012345678918,0.074818113841000011,0.00090089850467890698
0.0050000000000000001,uniform_same_count,0.52400000000000002,0.076221234567901142,0.075391979776000012,0.0008292547919011295
0.0050000000000000001,uniform_same_count,0.52500000000000002,0.076723456790123365,0.075969140625000015,0.00075431616512335042
0.0050000000000000001,uniform_same_count,0.52600000000000002,0.077225679012345588,0.076549608976000008,0.00067607003634558016
0.0050000000000000001,uniform_same_count,0.52700000000000002,0.077727901234567812,0.077133397441000021,0.00059450379356779104
0.0050000000000000001,uniform_same_count,0.52800000000000002,0.078230123456790035,0.077720518656000021,0.00050960480079001447
0.0050000000000000001,uniform_same_count,0.52900000000000003,0.078732345679012244,0.078310985281000015,0.00042136039801222991
0.0050000000000000001,uniform_same_count,0.53000000000000003,0.079234567901234482,0.07890481000000002,0.00032975790123446203
0.0050000000000000001,uniform_same_count,0.53100000000000003,0.079736790123456691,0.079502005521000021,0.00023478460245666966
0.0050000000000000001,uniform_same_count,0.53200000000000003,0.080239012345678928,0.080102584576000016,0.00013642776967891235
0.0050000000000000001,uniform_same_count,0.53300000000000003,0.080741234567901138,0.080706559921000023,3.4674646901114436e-05
0.0050000000000000001,uniform_same_count,0.53400000000000003,0.081395555555555471,0.081313944336000019,8.1611219555452474e-05
0.0050000000000000001,uniform_same_count,0.53500000000000003,0.082125925925925838,0.081924750625000015,0.00020117530092582381
0.0050000000000000001,uniform_same_count,0.53600000000000003,0.082856296296296206,0.082538991616000021,0.00031730468029618486
0.0050000000000000001,uniform_same_count,0.53700000000000003,0.083586666666666587,0.083156680161000016,0.00042998650566657137
0.0050000000000000001,uniform_same_count,0.53800000000000003,0.084317037037036954,0.083777829136000015,0.00053920790103693939
0.0050000000000000001,uniform_same_count,0.53900000000000003,0.085047407407407322,0.084402451441000018,0.00064495596640730402
0.0050000000000000001,uniform_same_count,0.54000000000000004,0.085777777777777689,0.085030560000000019,0.00074721777777767007
0.0050000000000000001,uniform_same_count,0.54100000000000004,0.086508148148148056,0.085662167761000024,0.00084598038714803203
0.0050000000000000001,uniform_same_count,0.54200000000000004,0.087238518518518438,0.086297287696000022,0.00094123082251841572
0.0050000000000000001,uniform_same_count,0.54300000000000004,0.087968888888888805,0.086935932801000024,0.0010329560878887811
0.0050000000000000001,uniform_same_count,0.54400000000000004,0.088699259259259172,0.087578116096000025,0.0011211431632591473
0.0050000000000000001,uniform_same_count,0.54500000000000004,0.08942962962962954,0.08822385062500003,0.0012057790046295092
0.0050000000000000001,uniform_same_count,0.54600000000000004,0.090159999999999907,0.088873149456000028,0.001286850543999879
0.0050000000000000001,uniform_same_count,0.54700000000000004,0.090890370370370274,0.089526025681000029,0.0013643446893702449
0.0050000000000000001,uniform_same_count,0.54800000000000004,0.091620740740740642,0.090182492416000029,0.0014382483247406125
0.0050000000000000001,uniform_same_count,0.54900000000000004,0.092351111111111023,0.090842562801000032,0.0015085483101109909
0.0050000000000000001,uniform_same_count,0.55000000000000004,0.09308148148148139,0.091506250000000025,0.001575231481481365
0.0050000000000000001,uniform_same_count,0.55100000000000005,0.093811851851851757,0.092173567201000034,0.0016382846508517235
0.0050000000000000001,uniform_same_count,0.55200000000000005,0.094542222222222125,0.092844527616000025,0.0016976946062220999
0.0050000000000000001,uniform_same_count,0.55300000000000005,0.095272592592592492,0.09351914448100003,0.0017534481115924622
0.0050000000000000001,uniform_same_count,0.55400000000000005,0.096002962962962873,0.094197431056000036,0.0018055319069628373
0.0050000000000000001,uniform_same_count,0.55500000000000005,0.096733333333333241,0.094879400625000027,0.0018539327083332141
0.0050000000000000001,uniform_same_count,0.55600000000000005,0.097463703703703608,0.095565066496000037,0.0018986372077035713
0.0050000000000000001,uniform_same_count,0.55700000000000005,0.098194074074073975,0.096254442001000029,0.0019396320730739464
0.0050000000000000001,uniform_same_count,0.55800000000000005,0.098924444444444343,0.096947540496000031,0.0019769039484443113
0.0050000000000000001,uniform_same_count,0.55900000000000005,0.099654814814814724,0.097644375361000041,0.002010439453814683
0.0050000000000000001,uniform_same_count,0.56000000000000005,0.10038518518518509,0.098344960000000037,0.0020402251851850545
0.0050000000000000001,uniform_same_count,0.56100000000000005,0.10111555555555546,0.099049307841000037,0.002066247714555422
0.0050000000000000001,uniform_same_count,0.56200000000000006,0.10184592592592583,0.09975743233600004,0.0020884935899257856
0.0050000000000000001,uniform_same_count,0.56299999999999994,0.10257629629629611,0.10046934696099996,0.0021069493352961488
0.0050000000000000001,uniform_same_count,0.56399999999999995,0.10330666666666649,0.10118506521599996,0.0021216014506665326
0.0050000000000000001,uniform_same_count,0.56499999999999995,0.10403703703703686,0.10190460062499997,0.0021324364120368922
0.0050000000000000001,uniform_same_count,0.56599999999999995,0.10476740740740723,0.10262796673599996,0.0021394406714072695
0.0050000000000000001,uniform_same_count,0.56699999999999995,0.10549777777777759,0.10335517712099997,0.0021426006567776268
0.0050000000000000001,uniform_same_count,0.56799999999999995,0.10622814814814796,0.10408624537599996,0.0021419027721479994
0.0050000000000000001,uniform_same_count,0.56899999999999995,0.10695851851851834,0.10482118512099996,0.0021373333975183845
0.0050000000000000001,uniform_same_count,0.56999999999999995,0.1076888888888887,0.10556000999999997,0.0021288788888887272
0.0050000000000000001,uniform_same_count,0.57099999999999995,0.10841925925925908,0.10630273368099996,0.0021165255782591152
0.0050000000000000001,uniform_same_count,0.57199999999999995,0.10914962962962944,0.10704936985599997,0.0021002597736294731
0.0050000000000000001,uniform_same_count,0.57299999999999995,0.10987999999999981,0.10779993224099997,0.0020800677589998401
0.0050000000000000001,uniform_same_count,0.57399999999999995,0.11061037037037018,0.10855443457599996,0.0020559357943702172
0.0050000000000000001,uniform_same_count,0.57499999999999996,0.11134074074074055,0.10931289062499996,0.0020278501157405815
0.0050000000000000001,uniform_same_count,0.57599999999999996,0.11207111111111093,0.11007531417599997,0.001995796935110955
0.0050000000000000001,uniform_same_count,0.57699999999999996,0.11280148148148129,0.11084171904099997,0.0019597624404813219
0.0050000000000000001,uniform_same_count,0.57799999999999996,0.11353185185185166,0.11161211905599996,0.0019197327958516974
0.0050000000000000001,uniform_same_count,0.57899999999999996,0.11426222222222203,0.11238652808099997,0.001875694141222059
0.0050000000000000001,uniform_same_count,0.57999999999999996,0.1149925925925924,0.11316495999999997,0.0018276325925924292
0.0050000000000000001,uniform_same_count,0.58099999999999996,0.11572296296296278,0.11394742872099997,0.0017755342419628062
0.0050000000000000001,uniform_same_count,0.58199999999999996,0.11645333333333314,0.11473394817599997,0.0017193851573331781
0.0050000000000000001,uniform_same_count,0.58299999999999996,0.11718370370370351,0.11552453232099998,0.0016591713827035365
0.0050000000000000001,uniform_same_count,0.58399999999999996,0.11791407407407388,0.11631919513599998,0.0015948789380739042
0.0050000000000000001,uniform_same_count,0.58499999999999996,0.11864444444444425,0.11711795062499997,0.0015264938194442801
0.0050000000000000001,uniform_same_count,0.58599999999999997,0.11937481481481463,0.11792081281599998,0.0014540019988146524
0.0050000000000000001,uniform_same_count,0.58699999999999997,0.120105185185185,0.11872779576099997,0.0013773894241850271
0.0050000000000000001,uniform_same_count,0.58799999999999997,0.12083555555555536,0.11953891353599998,0.0012966420195553857
0.0050000000000000001,uniform_same_count,0.58899999999999997,0.12156592592592573,0.12035418024099998,0.0012117456849257552
0.0050000000000000001,uniform_same_count,0.58999999999999997,0.1222962962962961,0.12117360999999997,0.0011226862962961243
0.0050000000000000001,uniform_same_count,0.59099999999999997,0.12302666666666648,0.12199721696099998,0.0010294497056664992
0.0050000000000000001,uniform_same_count,0.59199999999999997,0.12375703703703683,0.12282501529599997,0.00093202174103686197
0.0050000000000000001,uniform_same_count,0.59299999999999997,0.12448740740740721,0.12365701920099997,0.00083038820640723987
0.0050000000000000001,uniform_same_count,0.59399999999999997,0.12521777777777757,0.12449324289599997,0.00072453488177759429
0.0050000000000000001,uniform_same_count,0.59499999999999997,0.12594814814814795,0.12533370062499999,0.00061444752314795958
0.0050000000000000001,uniform_same_count,0.59599999999999997,0.12667851851851833,0.12617840665599997,0.00050011186251835982
0.0050000000000000001,uniform_same_count,0.59699999999999998,0.12740888888888868,0.12702737528099997,0.00038151360788871158
0.0050000000000000001,uniform_same_count,0.59799999999999998,0.12813925925925906,0.12788062081599999,0.00025863844325907381
0.0050000000000000001,uniform_same_count,0.59899999999999998,0.12886962962962942,0.12873815760099999,0.00013147202862942575
0.0050000000000000001,uniform_same_count,0.59999999999999998,0.1295999999999998,0.12959999999999999,-1.9428902930940239e-16
0.0050000000000000001,uniform_same_count,0.60099999999999998,0.13061896296296277,0.13046616240099998,0.00015280056196279035
0.0050000000000000001,uniform_same_count,0.60199999999999998,0.13163792592592571,0.13133665921599999,0.0003012667099257238
0.0050000000000000001,uniform_same_count,0.60299999999999998,0.13265688888888869,0.13221150488099997,0.00044538400788871058
0.0050000000000000001,uniform_same_count,0.60399999999999998,0.13367585185185166,0.13309071385599999,0.00058513799585166448
0.0050000000000000001,uniform_same_count,0.60499999999999998,0.13469481481481463,0.13397430062499999,0.00072051418981464166
0.0050000000000000001,uniform_same_count,0.60599999999999998,0.13571377777777757,0.13486227969599998,0.00085149808177759079
0.0050000000000000001,uniform_same_count,0.60699999999999998,0.13673274074074054,0.135754665601,0.00097807513974054738
0.0050000000000000001,uniform_same_count,0.60799999999999998,0.13775170370370352,0.13665147289599999,0.0011002308077035228
0.0050000000000000001,uniform_same_count,0.60899999999999999,0.13877066666666646,0.13755271616099998,0.0012179505056664763
0.0050000000000000001,uniform_same_count,0.60999999999999999,0.13978962962962943,0.13845840999999998,0.0013312196296294543
0.0050000000000000001,uniform_same_count,0.61099999999999999,0.1408085925925924,0.13936856904099998,0.0014400235515924231
0.0050000000000000001,uniform_same_count,0.61199999999999999,0.14182755555555537,0.14028320793599999,0.0015443476195553807
0.0050000000000000001,uniform_same_count,0.61299999999999999,0.14284651851851832,0.14120234136099999,0.0016441771575183284
0.0050000000000000001,uniform_same_count,0.61399999999999999,0.14386548148148129,0.14212598401599999,0.0017394974654812989
0.0050000000000000001,uniform_same_count,0.61499999999999999,0.14488444444444426,0.14305415062499999,0.0018302938194442731
0.0050000000000000001,uniform_same_count,0.61599999999999999,0.1459034074074072,0.143986855936,0.0019165514714072074
0.0050000000000000001,uniform_same_count,0.61699999999999999,0.14692237037037018,0.144924114721,0.0019982556493701731
0.0050000000000000001,uniform_same_count,0.61799999999999999,0.14794133333333315,0.14586594177599999,0.0020753915573331616
0.0050000000000000001,uniform_same_count,0.61899999999999999,0.14896029629629612,0.14681235192100001,0.0021479443752961125
0.0050000000000000001,uniform_same_count,0.62,0.14997925925925906,0.14776335999999998,0.0022158992592590798
0.0050000000000000001,uniform_same_count,0.621,0.15099822222222203,0.148718980881,0.002279241341222038
0.0050000000000000001,uniform_same_count,0.622,0.15201718518518501,0.14967922945599998,0.0023379557291850206
0.0050000000000000001,uniform_same_count,0.623,0.15303614814814795,0.150644120641,0.0023920275071479535
0.0050000000000000001,uniform_same_count,0.624,0.15405511111111092,0.15161366937599999,0.002441441735110933
0.0050000000000000001,uniform_same_count,0.625,0.15507407407407389,0.152587890625,0.0024861834490738921
0.0050000000000000001,uniform_same_count,0.626,0.15609303703703686,0.15356679937600001,0.0025262376610368509
0.0050000000000000001,uniform_same_count,0.627,0.15711199999999981,0.154550410641,0.0025615893589998051
0.0050000000000000001,uniform_same_count,0.628,0.15813096296296278,0.155538739456,0.0025922235069627819
0.0050000000000000001,uniform_same_count,0.629,0.15914992592592575,0.15653180088099999,0.0026181250449257565
0.0050000000000000001,uniform_same_count,0.63,0.16016888888888872,0.15752961000000001,0.0026392788888887075
0.0050000000000000001,uniform_same_count,0.63100000000000001,0.16118785185185167,0.15853218192099999,0.0026556699308516729
0.0050000000000000001,uniform_same_count,0.63200000000000001,0.16220681481481464,0.159539531776,0.0026672830388146385
0.0050000000000000001,uniform_same_count,0.63300000000000001,0.16322577777777761,0.16055167472100002,0.0026741030567775936
0.0050000000000000001,uniform_same_count,0.63400000000000001,0.16424474074074055,0.16156862593600002,0.0026761148047405314
0.0050000000000000001,uniform_same_count,0.63500000000000001,0.16526370370370352,0.16259040062500002,0.0026733030787035039
0.0050000000000000001,uniform_same_count,0.63600000000000001,0.1662826666666665,0.16361701401600001,0.0026656526506664835
0.0050000000000000001,uniform_same_count,0.63700000000000001,0.16730162962962947,0.16464848136100002,0.0026531482686294461
0.0050000000000000001,uniform_same_count,0.63800000000000001,0.16832059259259241,0.16568481793600001,0.002635774656592399
0.0050000000000000001,uniform_same_count,0.63900000000000001,0.16933955555555538,0.166726039041,0.0026135165145553807
0.0050000000000000001,uniform_same_count,0.64000000000000001,0.17035851851851835,0.16777216,0.0025863585185183502
0.0050000000000000001,uniform_same_count,0.64100000000000001,0.1713774814814813,0.16882319616100003,0.0025542853204812699
0.0050000000000000001,uniform_same_count,0.64200000000000002,0.17239644444444427,0.16987916289600002,0.0025172815484442446
0.0050000000000000001,uniform_same_count,0.64300000000000002,0.17341540740740724,0.17094007560100002,0.0024753318064072161
0.0050000000000000001,uniform_same_count,0.64400000000000002,0.17443437037037018,0.17200594969600003,0.0024284206743701575
0.0050000000000000001,uniform_same_count,0.64500000000000002,0.17545333333333316,0.17307680062500003,0.0023765327083331289
0.0050000000000000001,uniform_same_count,0.64600000000000002,0.17647229629629613,0.17415264385600002,0.0023196524402961105
0.0050000000000000001,uniform_same_count,0.64700000000000002,0.1774912592592591,0.17523349488100001,0.0022577643782590862
0.0050000000000000001,uniform_same_count,0.64800000000000002,0.17851022222222204,0.17631936921600003,0.0021908530062220155
0.0050000000000000001,uniform_same_count,0.64900000000000002,0.17952918518518501,0.17741028240100001,0.0021189027841850006
0.0050000000000000001,uniform_same_count,0.65000000000000002,0.18054814814814799,0.17850625000000003,0.0020418981481479526
0.0050000000000000001,uniform_same_count,0.65100000000000002,0.18156711111111096,0.17960728760100003,0.0019598235101109251
0.0050000000000000001,uniform_same_count,0.65200000000000002,0.1825860740740739,0.18071341081600004,0.0018726632580738645
0.0050000000000000001,uniform_same_count,0.65300000000000002,0.18360503703703687,0.18182463528100004,0.0017804017560368313
0.0050000000000000001,uniform_same_count,0.65400000000000003,0.18462399999999984,0.18294097665600004,0.0016830233439998066
0.0050000000000000001,uniform_same_count,0.65500000000000003,0.18564296296296279,0.18406245062500004,0.0015805123379627473
0.0050000000000000001,uniform_same_count,0.65600000000000003,0.18666192592592576,0.18518907289600003,0.0014728530299257248
0.0050000000000000001,uniform_same_count,0.65700000000000003,0.18768088888888873,0.18632085920100003,0.001360029687888703
0.0050000000000000001,uniform_same_count,0.65800000000000003,0.18869985185185167,0.18745782529600002,0.0012420265558516497
0.0050000000000000001,uniform_same_count,0.65900000000000003,0.18971881481481465,0.18859998696100003,0.001118827853814619
0.0050000000000000001,uniform_same_count,0.66000000000000003,0.19073777777777762,0.18974736000000003,0.00099041777777758577
0.0050000000000000001,uniform_same_count,0.66100000000000003,0.19175674074074056,0.19089996024100003,0.00085678049974052817
0.0050000000000000001,uniform_same_count,0.66200000000000003,0.19277570370370356,0.19205780353600005,0.00071790016770351128
0.0050000000000000001,uniform_same_count,0.66300000000000003,0.1937946666666665,0.19322090576100004,0.00057376090566646498
0.0050000000000000001,uniform_same_count,0.66400000000000003,0.19481362962962945,0.19438928281600004,0.00042434681362940596
0.0050000000000000001,uniform_same_count,0.66500000000000004,0.19583259259259245,0.19556295062500004,0.00026964196759240999
0.0050000000000000001,uniform_same_count,0.66600000000000004,0.19685155555555539,0.19674192513600006,0.00010963041955533437
0.0050000000000000001,uniform_same_count,0.66700000000000004,0.1979892345679011,0.19792622232100004,6.3012246901056335e-05
0.0050000000000000001,uniform_same_count,0.66800000000000004,0.19936434567901221,0.19911585817600005,0.00024848750301215139
0.0050000000000000001,uniform_same_count,0.66900000000000004,0.20073945679012334,0.20031084872100005,0.00042860806912328742
0.0050000000000000001,uniform_same_count,0.67000000000000004,0.20211456790123444,0.20151121000000005,0.00060335790123439148
0.0050000000000000001,uniform_same_count,0.67100000000000004,0.20348967901234555,0.20271695808100004,0.00077272093134550524
0.0050000000000000001,uniform_same_count,0.67200000000000004,0.20486479012345665,0.20392810905600006,0.00093668106745659063
0.0050000000000000001,uniform_same_count,0.67300000000000004,0.20623990123456779,0.20514467904100006,0.0010952221935677242
0.0050000000000000001,uniform_same_count,0.67400000000000004,0.20761501234567889,0.20636668417600004,0.0012483281696788473
0.0050000000000000001,uniform_same_count,0.67500000000000004,0.20899012345678999,0.20759414062500006,0.0013959828317899325
0.0050000000000000001,uniform_same_count,0.67600000000000005,0.2103652345679011,0.20882706457600006,0.0015381699919010394
0.0050000000000000001,uniform_same_count,0.67700000000000005,0.21174034567901223,0.21006547224100006,0.0016748734380121755
0.0050000000000000001,uniform_same_count,0.67800000000000005,0.21311545679012334,0.21130937985600007,0.0018060769341232685
0.0050000000000000001,uniform_same_count,0.67900000000000005,0.21449056790123444,0.21255880368100005,0.0019317642202343888
0.0050000000000000001,uniform_same_count,0.68000000000000005,0.21586567901234555,0.21381376000000007,0.0020519190123454711
0.0050000000000000001,uniform_same_count,0.68100000000000005,0.21724079012345668,0.21507426512100006,0.0021665250024566207
0.0050000000000000001,uniform_same_count,0.68200000000000005,0.21861590123456778,0.21634033537600006,0.0022755658585677241
0.0050000000000000001,uniform_same_count,0.68300000000000005,0.21999101234567889,0.21761198712100008,0.0023790252246788102
0.0050000000000000001,uniform_same_count,0.68400000000000005,0.22136612345679002,0.21888923673600005,0.002476886720789967
0.0050000000000000001,uniform_same_count,0.68500000000000005,0.22274123456790113,0.22017210062500006,0.002569133942901064
0.0050000000000000001,uniform_same_count,0.68600000000000005,0.22411634567901223,0.22146059521600006,0.0026557504630121687
0.0050000000000000001,uniform_same_count,0.68700000000000006,0.22549145679012333,0.22275473696100007,0.0027367198291232686
0.0050000000000000001,uniform_same_count,0.68799999999999994,0.2268665679012343,0.22405454233599992,0.0028120255652343829
0.0050000000000000001,uniform_same_count,0.68899999999999995,0.22824167901234541,0.22536002784099993,0.0028816511713454784
0.0050000000000000001,uniform_same_count,0.68999999999999995,0.22961679012345654,0.22667120999999993,0.0029455801234566092
0.0050000000000000001,uniform_same_count,0.69099999999999995,0.23099190123456764,0.22798810536099992,0.0030037958735677217
0.0050000000000000001,uniform_same_count,0.69199999999999995,0.23236701234567875,0.22931073049599993,0.0030562818496788213
0.0050000000000000001,uniform_same_count,0.69299999999999995,0.23374212345678985,0.23063910200099993,0.0031030214557899172
0.0050000000000000001,uniform_same_count,0.69399999999999995,0.23511723456790096,0.23197323649599993,0.0031439980719010219
0.0050000000000000001,uniform_same_count,0.69499999999999995,0.23649234567901209,0.23331315062499994,0.0031791950540121516
0.0050000000000000001,uniform_same_count,0.69599999999999995,0.23786745679012319,0.23465886105599992,0.0032085957341232707
0.0050000000000000001,uniform_same_count,0.69699999999999995,0.2392425679012343,0.23601038448099992,0.0032321834202343747
0.0050000000000000001,uniform_same_count,0.69799999999999995,0.24061767901234543,0.23736773761599994,0.0032499413963454904
0.0050000000000000001,uniform_same_count,0.69899999999999995,0.24199279012345654,0.23873093720099994,0.0032618529224565929
0.0050000000000000001,uniform_same_count,0.69999999999999996,0.24336790123456764,0.24009999999999995,0.0032679012345676883
0.0050000000000000001,uniform_same_count,0.70099999999999996,0.24474301234567875,0.24147494280099993,0.0032680695446788144
0.0050000000000000001,uniform_same_count,0.70199999999999996,0.24611812345678985,0.24285578241599995,0.0032623410407899012
0.0050000000000000001,uniform_same_count,0.70299999999999996,0.24749323456790098,0.24424253568099993,0.0032506988869010489
0.0050000000000000001,uniform_same_count,0.70399999999999996,0.24886834567901209,0.24563521945599995,0.0032331262230121394
0.0050000000000000001,uniform_same_count,0.70499999999999996,0.25024345679012322,0.24703385062499994,0.0032096061651232799
0.0050000000000000001,uniform_same_count,0.70599999999999996,0.25161856790123432,0.24843844609599994,0.0031801218052343871
0.0050000000000000001,uniform_same_count,0.70699999999999996,0.25299367901234543,0.24984902280099994,0.0031446562113454923
0.0050000000000000001,uniform_same_count,0.70799999999999996,0.25436879012345653,0.25126559769599993,0.0031031924274566025
0.0050000000000000001,uniform_same_count,0.70899999999999996,0.25574390123456764,0.25268818776099994,0.0030557134735677005
0.0050000000000000001,uniform_same_count,0.70999999999999996,0.25711901234567874,0.25411680999999997,0.0030022023456787728
0.0050000000000000001,uniform_same_count,0.71099999999999997,0.25849412345678985,0.25555148144099993,0.0029426420157899202
0.0050000000000000001,uniform_same_count,0.71199999999999997,0.25986923456790101,0.25699221913599996,0.0028770154319010532
0.0050000000000000001,uniform_same_count,0.71299999999999997,0.26124434567901211,0.25843904016099994,0.0028053055180121689
0.0050000000000000001,uniform_same_count,0.71399999999999997,0.26261945679012322,0.25989196161599998,0.0027274951741232401
0.0050000000000000001,uniform_same_count,0.71499999999999997,0.26399456790123432,0.26135100062499994,0.002643567276234382
0.0050000000000000001,uniform_same_count,0.71599999999999997,0.26536967901234543,0.26281617433599996,0.0025535046763454639
0.0050000000000000001,uniform_same_count,0.71699999999999997,0.26674479012345653,0.26428749992099998,0.0024572902024565524
0.0050000000000000001,uniform_same_count,0.71799999999999997,0.26811990123456764,0.26576499457599995,0.0023549066585676903
0.0050000000000000001,uniform_same_count,0.71899999999999997,0.26949501234567874,0.26724867552099996,0.0022463368246787851
0.0050000000000000001,uniform_same_count,0.71999999999999997,0.2708701234567899,0.26873855999999996,0.0021315634567899422
0.0050000000000000001,uniform_same_count,0.72099999999999997,0.27224523456790101,0.27023466528099999,0.0020105692869010205
0.0050000000000000001,uniform_same_count,0.72199999999999998,0.27362034567901211,0.27173700865599998,0.0018833370230121327
0.0050000000000000001,uniform_same_count,0.72299999999999998,0.27499545679012322,0.27324560744099996,0.0017498493491232558
0.0050000000000000001,uniform_same_count,0.72399999999999998,0.27637056790123432,0.27476047897599998,0.0016100889252343431
0.0050000000000000001,uniform_same_count,0.72499999999999998,0.27774567901234543,0.27628164062499999,0.0014640383873454343
0.0050000000000000001,uniform_same_count,0.72599999999999998,0.27912079012345653,0.27780910977599999,0.0013116803474565453
0.0050000000000000001,uniform_same_count,0.72699999999999998,0.28049590123456769,0.27934290384099997,0.0011529973935677229
0.0050000000000000001,uniform_same_count,0.72799999999999998,0.2818710123456788,0.28088304025599997,0.00098797208967882355
0.0050000000000000001,uniform_same_count,0.72899999999999998,0.2832461234567899,0.282429536481,0.00081658697578990136
0.0050000000000000001,uniform_same_count,0.72999999999999998,0.284621234567901,0.28398240999999996,0.00063882456790104181
0.0050000000000000001,uniform_same_count,0.73099999999999998,0.28599634567901211,0.28554167832099997,0.00045466735801213964
0.0050000000000000001,uniform_same_count,0.73199999999999998,0.28737145679012321,0.28710735897599998,0.00026409781412323197
0.0050000000000000001,uniform_same_count,0.73299999999999998,0.28874656790123432,0.28867946952099999,6.7098380234331678e-05
0.0050000000000000001,uniform_same_count,0.73399999999999999,0.29040888888888866,0.290258027536,0.00015086135288866487
0.0050000000000000001,uniform_same_count,0.73499999999999999,0.29221481481481459,0.29184305062499999,0.00037176418981460513
0.0050000000000000001,uniform_same_count,0.73599999999999999,0.29402074074074053,0.29343455641599997,0.00058618432474055737
0.0050000000000000001,uniform_same_count,0.73699999999999999,0.29582666666666646,0.29503256256099997,0.00079410410566649325
0.0050000000000000001,uniform_same_count,0.73799999999999999,0.29763259259259239,0.29663708673599998,0.00099550585659241575
0.0050000000000000001,uniform_same_count,0.73899999999999999,0.29943851851851833,0.29824814664099997,0.0011903718775183592
0.0050000000000000001,uniform_same_count,0.73999999999999999,0.30124444444444426,0.29986575999999998,0.0013786844444442781
0.0050000000000000001,uniform_same_count,0.74099999999999999,0.30305037037037019,0.30148994456099998,0.0015604258093702139
0.0050000000000000001,uniform_same_count,0.74199999999999999,0.30485629629629613,0.303120718096,0.0017355782002961284
0.0050000000000000001,uniform_same_count,0.74299999999999999,0.30666222222222206,0.30475809840099999,0.0019041238212220701
0.0050000000000000001,uniform_same_count,0.74399999999999999,0.30846814814814799,0.30640210329599998,0.0020660448521480079
0.0050000000000000001,uniform_same_count,0.745,0.31027407407407392,0.30805275062499998,0.002221323449073942
0.0050000000000000001,uniform_same_count,0.746,0.31207999999999986,0.30971005825600001,0.0023699417439998482
0.0050000000000000001,uniform_same_count,0.747,0.31388592592592579,0.311374044081,0.0025118818449257896
0.0050000000000000001,uniform_same_count,0.748,0.31569185185185172,0.31304472601599997,0.0026471258358517491
0.0050000000000000001,uniform_same_count,0.749,0.31749777777777766,0.31472212200099997,0.0027756557767776857
0.0050000000000000001,uniform_same_count,0.75,0.31930370370370359,0.31640625,0.0028974537037035897
0.0050000000000000001,uniform_same_count,0.751,0.32110962962962952,0.31809712800099998,0.0030125016286295381
0.0050000000000000001,uniform_same_count,0.752,0.32291555555555546,0.31979477401599998,0.0031207815395554728
0.0050000000000000001,uniform_same_count,0.753,0.32472148148148139,0.32149920608100002,0.003222275400481367
0.0050000000000000001,uniform_same_count,0.754,0.32652740740740732,0.32321044225599999,0.0033169651514073362
0.0050000000000000001,uniform_same_count,0.755,0.32833333333333325,0.32492850062500001,0.0034048327083332497
0.0050000000000000001,uniform_same_count,0.75600000000000001,0.33013925925925919,0.32665339929600001,0.0034858599632591747
0.0050000000000000001,uniform_same_count,0.75700000000000001,0.33194518518518512,0.32838515640100002,0.0035600287841850986
0.0050000000000000001,uniform_same_count,0.75800000000000001,0.33375111111111105,0.33012379009600001,0.0036273210151110402
0.0050000000000000001,uniform_same_count,0.75900000000000001,0.33555703703703699,0.33186931856099999,0.0036877184760369941
0.0050000000000000001,uniform_same_count,0.76000000000000001,0.33736296296296292,0.33362175999999999,0.0037412029629629306
0.0050000000000000001,uniform_same_count,0.76100000000000001,0.33916888888888885,0.335381132641,0.0037877562478888516
0.0050000000000000001,uniform_same_count,0.76200000000000001,0.34097481481481479,0.337147454736,0.0038273600788147899
0.0050000000000000001,uniform_same_count,0.76300000000000001,0.34278074074074072,0.33892074456100002,0.003859996179740699
0.0050000000000000001,uniform_same_count,0.76400000000000001,0.34458666666666665,0.34070102041600003,0.003885646250666619
0.0050000000000000001,uniform_same_count,0.76500000000000001,0.34639259259259259,0.34248830062500002,0.0039042919675925658
0.0050000000000000001,uniform_same_count,0.76600000000000001,0.34819851851851846,0.34428260353600004,0.0039159149825184203
0.0050000000000000001,uniform_same_count,0.76700000000000002,0.35000444444444445,0.34608394752100002,0.0039204969234444276
0.0050000000000000001,uniform_same_count,0.76800000000000002,0.35181037037037038,0.34789235097600002,0.0039180193943703645
0.0050000000000000001,uniform_same_count,0.76900000000000002,0.35361629629629632,0.34970783232100006,0.0039084639752962613
0.0050000000000000001,uniform_same_count,0.77000000000000002,0.35542222222222219,0.35153041000000002,0.0038918122222221796
0.0050000000000000001,uniform_same_count,0.77100000000000002,0.35722814814814818,0.35336010248100003,0.0038680456671481567
0.0050000000000000001,uniform_same_count,0.77200000000000002,0.35903407407407406,0.35519692825600002,0.0038371458180740392
0.0050000000000000001,uniform_same_count,0.77300000000000002,0.36084000000000005,0.35704090584100001,0.0037990941590000382
0.0050000000000000001,uniform_same_count,0.77400000000000002,0.36264592592592593,0.35889205377600003,0.0037538721499258965
0.0050000000000000001,uniform_same_count,0.77500000000000002,0.36445185185185192,0.36075039062500003,0.0037014612268518876
0.0050000000000000001,uniform_same_count,0.77600000000000002,0.36625777777777779,0.36261593497600003,0.0036418428017777615
0.0050000000000000001,uniform_same_count,0.77700000000000002,0.36806370370370378,0.36448870544100004,0.0035749982627037435
0.0050000000000000001,uniform_same_count,0.77800000000000002,0.36986962962962966,0.36636872065600007,0.0035009089736295906
0.0050000000000000001,uniform_same_count,0.77900000000000003,0.37167555555555559,0.36825599928100006,0.0034195562745555352
0.0050000000000000001,uniform_same_count,0.78000000000000003,0.37348148148148153,0.37015056000000007,0.0033309214814814525
0.0050000000000000001,uniform_same_count,0.78100000000000003,0.37528740740740746,0.37205242152100004,0.0032349858864074155
0.0050000000000000001,uniform_same_count,0.78200000000000003,0.37709333333333339,0.37396160257600003,0.0031317307573333619
0.0050000000000000001,uniform_same_count,0.78300000000000003,0.37889925925925938,0.37587812192100006,0.0030211373382593165
0.0050000000000000001,uniform_same_count,0.78400000000000003,0.38070518518518526,0.37780199833600003,0.0029031868491852242
0.0050000000000000001,uniform_same_count,0.78500000000000003,0.38251111111111119,0.37973325062500007,0.0027778604861111167
0.0050000000000000001,uniform_same_count,0.78600000000000003,0.38431703703703712,0.38167189761600007,0.0026451394210370571
0.0050000000000000001,uniform_same_count,0.78700000000000003,0.38612296296296306,0.38361795816100008,0.0025050048019629734
0.0050000000000000001,uniform_same_count,0.78800000000000003,0.38792888888888899,0.38557145113600005,0.0023574377528889356
0.0050000000000000001,uniform_same_count,0.78900000000000003,0.38973481481481492,0.38753239544100004,0.002202419373814879
0.0050000000000000001,uniform_same_count,0.79000000000000004,0.39154074074074086,0.38950081000000009,0.0020399307407407696
0.0050000000000000001,uniform_same_count,0.79100000000000004,0.39334666666666679,0.39147671376100007,0.0018699529056667163
0.0050000000000000001,uniform_same_count,0.79200000000000004,0.39515259259259272,0.39346012569600008,0.001692466896592637
0.0050000000000000001,uniform_same_count,0.79300000000000004,0.39695851851851865,0.39545106480100006,0.001507453717518592
0.0050000000000000001,uniform_same_count,0.79400000000000004,0.39876444444444459,0.39744955009600008,0.0013148943484445064
0.0050000000000000001,uniform_same_count,0.79500000000000004,0.40057037037037052,0.39945560062500007,0.0011147697453704475
0.0050000000000000001,uniform_same_count,0.79600000000000004,0.40237629629629645,0.40146923545600011,0.00090706084029634759
0.0050000000000000001,uniform_same_count,0.79700000000000004,0.40418222222222239,0.40349047368100011,0.00069174854122228124
0.0050000000000000001,uniform_same_count,0.79800000000000004,0.40598814814814832,0.40551933441600008,0.00046881373214824329
0.0050000000000000001,uniform_same_count,0.79900000000000004,0.40779407407407425,0.4075558368010001,0.00023823727307414888
0.0050000000000000001,uniform_same_count,0.80000000000000004,0.40960000000000019,0.40960000000000008,1.1102230246251565e-16
0.0050000000000000001,uniform_same_count,0.80100000000000005,0.41191851851851868,0.41165184320100007,0.00026667531751861651
0.0050000000000000001,uniform_same_count,0.80200000000000005,0.41423703703703724,0.41371138561600007,0.00052565142103716544
0.0050000000000000001,uniform_same_count,0.80300000000000005,0.41655555555555573,0.4157786464810001,0.00077690907455563174
0.0050000000000000001,uniform_same_count,0.80400000000000005,0.41887407407407429,0.41785364505600009,0.0010204290180741982
0.0050000000000000001,uniform_same_count,0.80500000000000005,0.42119259259259278,0.41993640062500009,0.0012561919675926903
0.0050000000000000001,uniform_same_count,0.80600000000000005,0.42351111111111134,0.4220269324960001,0.0014841786151112424
0.0050000000000000001,uniform_same_count,0.80700000000000005,0.42582962962962984,0.42412526000100009,0.0017043696286297427
0.0050000000000000001,uniform_same_count,0.80800000000000005,0.42814814814814839,0.42623140249600011,0.0019167456521482773
0.0050000000000000001,uniform_same_count,0.80900000000000005,0.43046666666666689,0.42834537936100009,0.0021212873056667969
0.0050000000000000001,uniform_same_count,0.81000000000000005,0.43278518518518538,0.4304672100000001,0.0023179751851852837
0.0050000000000000001,uniform_same_count,0.81100000000000005,0.43510370370370394,0.43259691384100013,0.0025067898627038065
0.0050000000000000001,uniform_same_count,0.81200000000000006,0.43742222222222243,0.43473451033600014,0.0026877118862222993
0.0050000000000000001,uniform_same_count,0.81299999999999994,0.43974074074074071,0.43688001896099987,0.002860721779740838
0.0050000000000000001,uniform_same_count,0.81399999999999995,0.44205925925925926,0.4390334592159999,0.0030258000432593635
0.0050000000000000001,uniform_same_count,0.81499999999999995,0.44437777777777776,0.44119485062499986,0.0031829271527779035
0.0050000000000000001,uniform_same_count,0.81599999999999995,0.44669629629629626,0.44336421273599991,0.0033320835602963506
0.0050000000000000001,uniform_same_count,0.81699999999999995,0.44901481481481481,0.44554156512099991,0.003473249693814906
0.0050000000000000001,uniform_same_count,0.81799999999999995,0.45133333333333331,0.44772692737599989,0.003606405957333414
0.0050000000000000001,uniform_same_count,0.81899999999999995,0.45365185185185186,0.44992031912099989,0.0037315327308519719
0.0050000000000000001,uniform_same_count,0.81999999999999995,0.45597037037037036,0.45212175999999987,0.0038486103703704866
0.0050000000000000001,uniform_same_count,0.82099999999999995,0.45828888888888891,0.45433126968099991,0.0039576192078890071
0.0050000000000000001,uniform_same_count,0.82199999999999995,0.46060740740740741,0.45654886785599991,0.0040585395514075029
0.0050000000000000001,uniform_same_count,0.82299999999999995,0.46292592592592596,0.45877457424099988,0.0041513516849260856
0.0050000000000000001,uniform_same_count,0.82399999999999995,0.46524444444444446,0.4610084085759999,0.0042360358684445654
0.0050000000000000001,uniform_same_count,0.82499999999999996,0.46756296296296296,0.4632503906249999,0.0043125723379630609
0.0050000000000000001,uniform_same_count,0.82599999999999996,0.46988148148148151,0.4655005401759999,0.0043809413054816115
0.0050000000000000001,uniform_same_count,0.82699999999999996,0.47220000000000006,0.46775887704099989,0.0044411229590001766
0.0050000000000000001,uniform_same_count,0.82799999999999996,0.47451851851851856,0.47002542105599993,0.004493097462518636
0.0050000000000000001,uniform_same_count,0.82899999999999996,0.47683703703703706,0.47230019208099988,0.0045368449560371782
0.0050000000000000001,uniform_same_count,0.82999999999999996,0.47915555555555561,0.47458320999999992,0.0045723455555556902
0.0050000000000000001,uniform_same_count,0.83099999999999996,0.48147407407407411,0.47687449472099991,0.0045995793530742013
0.0050000000000000001,uniform_same_count,0.83199999999999996,0.48379259259259266,0.47917406617599989,0.004618526416592772
0.0050000000000000001,uniform_same_count,0.83299999999999996,0.48611111111111116,0.48148194432099989,0.0046291667901112721
0.0050000000000000001,uniform_same_count,0.83399999999999996,0.48842962962962966,0.48379814913599989,0.0046314804936297693
0.0050000000000000001,uniform_same_count,0.83499999999999996,0.49074814814814821,0.4861227006249999,0.0046254475231483072
0.0050000000000000001,uniform_same_count,0.83599999999999997,0.49306666666666676,0.48845561881599991,0.0046110478506668495
0.0050000000000000001,uniform_same_count,0.83699999999999997,0.49538518518518526,0.49079692376099993,0.0045882614241853359
0.0050000000000000001,uniform_same_count,0.83799999999999997,0.49770370370370376,0.49314663553599991,0.0045570681677038483
0.0050000000000000001,uniform_same_count,0.83899999999999997,0.50002222222222226,0.49550477424099992,0.0045174479812223334
0.0050000000000000001,uniform_same_count,0.83999999999999997,0.50234074074074087,0.49787135999999993,0.0044693807407409358
0.0050000000000000001,uniform_same_count,0.84099999999999997,0.50465925925925936,0.50024641296099992,0.004412846298259443
0.0050000000000000001,uniform_same_count,0.84199999999999997,0.50697777777777786,0.50262995329599991,0.004347824481777951
0.0050000000000000001,uniform_same_count,0.84299999999999997,0.50929629629629636,0.50502200120099994,0.0042742950952964209
0.0050000000000000001,uniform_same_count,0.84399999999999997,0.51161481481481497,0.5074225768959999,0.0041922379188150671
0.0050000000000000001,uniform_same_count,0.84499999999999997,0.51393333333333346,0.50983170062499994,0.0041016327083335247
0.0050000000000000001,uniform_same_count,0.84599999999999997,0.51625185185185196,0.51224939265599989,0.0040024591958520706
0.0050000000000000001,uniform_same_count,0.84699999999999998,0.51857037037037046,0.51467567328099995,0.0038946970893705135
0.0050000000000000001,uniform_same_count,0.84799999999999998,0.52088888888888896,0.51711056281599999,0.0037783260728889712
0.0050000000000000001,uniform_same_count,0.84899999999999998,0.52320740740740757,0.51955408160099992,0.0036533258064076479
0.0050000000000000001,uniform_same_count,0.84999999999999998,0.52552592592592606,0.52200624999999989,0.003519675925926169
0.0050000000000000001,uniform_same_count,0.85099999999999998,0.52784444444444456,0.52446708840099998,0.0033773560434445793
0.0050000000000000001,uniform_same_count,0.85199999999999998,0.53016296296296306,0.52693661721599994,0.0032263457469631218
0.0050000000000000001,uniform_same_count,0.85299999999999998,0.53248148148148156,0.52941485688099998,0.0030666246004815712
0.0050000000000000001,uniform_same_count,0.85399999999999998,0.53480000000000016,0.53190182785599993,0.0028981721440002328
0.0050000000000000001,uniform_same_count,0.85499999999999998,0.53711851851851866,0.53439755062499994,0.002720967893518722
0.0050000000000000001,uniform_same_count,0.85599999999999998,0.53943703703703716,0.53690204569599997,0.0025349913410371849
0.0050000000000000001,uniform_same_count,0.85699999999999998,0.54175555555555577,0.53941533360099991,0.0023402219545558545
0.0050000000000000001,uniform_same_count,0.85799999999999998,0.54407407407407415,0.54193743489599999,0.0021366391780741623
0.0050000000000000001,uniform_same_count,0.85899999999999999,0.54639259259259276,0.54446837016099991,0.001924222431592848
0.0050000000000000001,uniform_same_count,0.85999999999999999,0.54871111111111126,0.54700815999999997,0.0017029511111112949
0.0050000000000000001,uniform_same_count,0.86099999999999999,0.55102962962962976,0.54955682504100001,0.0014728045886297503
0.0050000000000000001,uniform_same_count,0.86199999999999999,0.55334814814814837,0.55211438593599993,0.0012337622121484371
0.0050000000000000001,uniform_same_count,0.86299999999999999,0.55566666666666686,0.55468086336099998,0.00098580330566688801
0.0050000000000000001,uniform_same_count,0.86399999999999999,0.55798518518518536,0.55725627801599997,0.00072890716918538878
0.0050000000000000001,uniform_same_count,0.86499999999999999,0.56030370370370386,0.55984065062499999,0.0004630530787038678
0.0050000000000000001,uniform_same_count,0.86599999999999999,0.56262222222222236,0.56243400193600002,0.00018822028622234033
0.0050000000000000001,uniform_same_count,0.86699999999999999,0.56514123456790144,0.56503635272099995,0.00010488184690149449
0.0050000000000000001,uniform_same_count,0.86799999999999999,0.56806123456790136,0.56764772377600003,0.00041351079190132811
0.0050000000000000001,uniform_same_count,0.86899999999999999,0.5709812345679014,0.57026813592100001,0.00071309864690138891
0.0050000000000000001,uniform_same_count,0.87,0.57390123456790143,0.57289760999999995,0.0010036245679014844
0.0050000000000000001,uniform_same_count,0.871,0.57682123456790135,0.57553616688099996,0.0012850676869013977
0.0050000000000000001,uniform_same_count,0.872,0.57974123456790139,0.57818382745599994,0.0015574071119014432
0.0050000000000000001,uniform_same_count,0.873,0.58266123456790142,0.58084061264099995,0.0018206219269014667
0.0050000000000000001,uniform_same_count,0.874,0.58558123456790145,0.58350654337599994,0.0020746911919015121
0.0050000000000000001,uniform_same_count,0.875,0.58850123456790138,0.586181640625,0.0023195939429013768
0.0050000000000000001,uniform_same_count,0.876,0.59142123456790141,0.58886592537600002,0.0025553091919013893
0.0050000000000000001,uniform_same_count,0.877,0.59434123456790144,0.59155941864100003,0.0027818159269014098
0.0050000000000000001,uniform_same_count,0.878,0.59726123456790148,0.59426214145599998,0.0029990931119014963
0.0050000000000000001,uniform_same_count,0.879,0.6001812345679014,0.59697411488100005,0.0032071196869013496
0.0050000000000000001,uniform_same_count,0.88,0.60310123456790143,0.59969536000000001,0.0034058745679014235
0.0050000000000000001,uniform_same_count,0.88100000000000001,0.60602123456790147,0.60242589792099999,0.0035953366469014814
0.0050000000000000001,uniform_same_count,0.88200000000000001,0.60894123456790139,0.60516574977600002,0.0037754847919013734
0.0050000000000000001,uniform_same_count,0.88300000000000001,0.61186123456790142,0.60791493672100005,0.0039462978469013699
0.0050000000000000001,uniform_same_count,0.88400000000000001,0.61478123456790146,0.61067347993600007,0.0041077546319013836
0.0050000000000000001,uniform_same_count,0.88500000000000001,0.61770123456790149,0.61344140062500008,0.0042598339429014143
0.0050000000000000001,uniform_same_count,0.88600000000000001,0.62062123456790141,0.61621872001599998,0.0044025145519014375
0.0050000000000000001,uniform_same_count,0.88700000000000001,0.62354123456790145,0.61900545936100004,0.0045357752069014046
0.0050000000000000001,uniform_same_count,0.88800000000000001,0.62646123456790148,0.62180163993600002,0.0046595946319014647
0.0050000000000000001,uniform_same_count,0.88900000000000001,0.62938123456790152,0.62460728304099999,0.0047739515269015209
0.0050000000000000001,uniform_same_count,0.89000000000000001,0.63230123456790144,0.62742240999999999,0.0048788245679014519
0.0050000000000000001,uniform_same_count,0.89100000000000001,0.63522123456790147,0.63024704216100003,0.0049741924069014454
0.0050000000000000001,uniform_same_count,0.89200000000000002,0.63814123456790151,0.63308120089600006,0.0050600336719014427
0.0050000000000000001,uniform_same_count,0.89300000000000002,0.64106123456790143,0.63592490760100007,0.0051363269669013611
0.0050000000000000001,uniform_same_count,0.89400000000000002,0.64398123456790146,0.63877818369600003,0.0052030508719014268
0.0050000000000000001,uniform_same_count,0.89500000000000002,0.6469012345679015,0.6416410506250001,0.0052601839429013975
0.0050000000000000001,uniform_same_count,0.89600000000000002,0.64982123456790153,0.64451352985600008,0.0053077047119014509
0.0050000000000000001,uniform_same_count,0.89700000000000002,0.65274123456790145,0.64739564288100004,0.0053455916869014075
0.0050000000000000001,uniform_same_count,0.89800000000000002,0.65566123456790149,0.65028741121600009,0.0053738233519013967
0.0050000000000000001,uniform_same_count,0.89900000000000002,0.65858123456790152,0.65318885640100011,0.0053923781669014126
0.0050000000000000001,uniform_same_count,0.90000000000000002,0.66150123456790144,0.65610000000000002,0.0054012345679014251
0.0050000000000000001,uniform_same_count,0.90100000000000002,0.66442123456790148,0.6590208636010001,0.00540037096690138
0.0050000000000000001,uniform_same_count,0.90200000000000002,0.66734123456790151,0.66195146881600009,0.0053897657519014208
0.0050000000000000001,uniform_same_count,0.90300000000000002,0.67026123456790154,0.6648918372810001,0.005369397286901445
0.0050000000000000001,uniform_same_count,0.90400000000000003,0.67318123456790147,0.66784199065600003,0.0053392439119014368
0.0050000000000000001,uniform_same_count,0.90500000000000003,0.6761012345679015,0.67080195062500003,0.0052992839429014671
0.0050000000000000001,uniform_same_count,0.90600000000000003,0.67902123456790153,0.67377173889600006,0.0052494956719014718
0.0050000000000000001,uniform_same_count,0.90700000000000003,0.68194123456790146,0.67675137720100009,0.0051898573669013626
0.0050000000000000001,uniform_same_count,0.90800000000000003,0.68486123456790149,0.67974088729600013,0.0051203472719013599
0.0050000000000000001,uniform_same_count,0.90900000000000003,0.68778123456790152,0.68274029096100008,0.0050409436069014379
0.0050000000000000001,uniform_same_count,0.91000000000000003,0.69070123456790156,0.68574961000000012,0.0049516245679014359
0.0050000000000000001,uniform_same_count,0.91100000000000003,0.69362123456790148,0.68876886624100009,0.0048523683269013906
0.0050000000000000001,uniform_same_count,0.91200000000000003,0.69654123456790151,0.69179808153600009,0.0047431530319014259
0.0050000000000000001,uniform_same_count,0.91300000000000003,0.69946123456790155,0.69483727776100013,0.0046239568069014192
0.0050000000000000001,uniform_same_count,0.91400000000000003,0.70238123456790158,0.69788647681600013,0.0044947577519014459
0.0050000000000000001,uniform_same_count,0.91500000000000004,0.7053012345679015,0.70094570062500006,0.0043555339429014461
0.0050000000000000001,uniform_same_count,0.91600000000000004,0.70822123456790154,0.70401497113600009,0.0042062634319014469
0.0050000000000000001,uniform_same_count,0.91700000000000004,0.71114123456790157,0.70709431032100012,0.004046924246901451
0.0050000000000000001,uniform_same_count,0.91800000000000004,0.7140612345679016,0.71018374017600017,0.0038774943919014371
0.0050000000000000001,uniform_same_count,0.91900000000000004,0.71698123456790153,0.71328328272100017,0.0036979518469013595
0.0050000000000000001,uniform_same_count,0.92000000000000004,0.71990123456790156,0.71639296000000008,0.0035082745679014815
0.0050000000000000001,uniform_same_count,0.92100000000000004,0.72282123456790159,0.71951279408100011,0.0033084404869014872
0.0050000000000000001,uniform_same_count,0.92200000000000004,0.72574123456790152,0.72264280705600015,0.0030984275119013693
0.0050000000000000001,uniform_same_count,0.92300000000000004,0.72866123456790155,0.72578302104100012,0.0028782135269014297
0.0050000000000000001,uniform_same_count,0.92400000000000004,0.73158123456790158,0.72893345817600008,0.0026477763919015018
0.0050000000000000001,uniform_same_count,0.92500000000000004,0.73450123456790162,0.73209414062500011,0.0024070939429015059
0.0050000000000000001,uniform_same_count,0.92600000000000005,0.73742123456790154,0.73526509057600009,0.0021561439919014491
0.0050000000000000001,uniform_same_count,0.92700000000000005,0.74034123456790157,0.73844633024100015,0.0018949043269014254
0.0050000000000000001,uniform_same_count,0.92800000000000005,0.74326123456790161,0.7416378818560001,0.0016233527119015045
0.0050000000000000001,uniform_same_count,0.92900000000000005,0.74618123456790153,0.74483976768100013,0.001341466886901399
0.0050000000000000001,uniform_same_count,0.93000000000000005,0.74910123456790156,0.74805201000000021,0.0010492245679013523
0.0050000000000000001,uniform_same_count,0.93100000000000005,0.7520212345679016,0.75127463112100012,0.00074660344690147262
0.0050000000000000001,uniform_same_count,0.93200000000000005,0.75494123456790163,0.75450765337600012,0.0004335811919015109
0.0050000000000000001,uniform_same_count,0.93300000000000005,0.75786123456790155,0.75775109912100014,0.00011013544690141597
0.0050000000000000001,uniform_same_count,0.93400000000000005,0.7612462222222226,0.76100499073600014,0.0002412314862224596
0.0050000000000000001,uniform_same_count,0.93500000000000005,0.76486370370370405,0.76426935062500012,0.00059435307870392418
0.0050000000000000001,uniform_same_count,0.93600000000000005,0.7684811851851856,0.7675442012160002,0.00093698396918540094
0.0050000000000000001,uniform_same_count,0.93700000000000006,0.77209866666666704,0.77082956496100019,0.001269101705666853
0.0050000000000000001,uniform_same_count,0.93799999999999994,0.77571614814814815,0.77412546433599982,0.0015906838121483302
0.0050000000000000001,uniform_same_count,0.93899999999999995,0.7793336296296296,0.77743192184099985,0.0019017077886297473
0.0050000000000000001,uniform_same_count,0.93999999999999995,0.78295111111111115,0.78074895999999983,0.0022021511111113279
0.0050000000000000001,uniform_same_count,0.94099999999999995,0.7865685925925926,0.78407660136099988,0.0024919912315927162
0.0050000000000000001,uniform_same_count,0.94199999999999995,0.79018607407407404,0.78741486849599984,0.0027712055780741984
0.0050000000000000001,uniform_same_count,0.94299999999999995,0.7938035555555556,0.79076378400099978,0.0030397715545558146
0.0050000000000000001,uniform_same_count,0.94399999999999995,0.79742103703703704,0.79412337049599979,0.0032976665410372474
0.0050000000000000001,uniform_same_count,0.94499999999999995,0.80103851851851848,0.79749365062499988,0.0035448678935185995
0.0050000000000000001,uniform_same_count,0.94599999999999995,0.80465600000000004,0.80087464705599987,0.0037813529440001714
0.0050000000000000001,uniform_same_count,0.94699999999999995,0.80827348148148148,0.8042663824809998,0.0040070990004816842
0.0050000000000000001,uniform_same_count,0.94799999999999995,0.81189096296296293,0.80766887961599987,0.004222083346963057
0.0050000000000000001,uniform_same_count,0.94899999999999995,0.81550844444444448,0.81108216120099985,0.0044262832434446286
0.0050000000000000001,uniform_same_count,0.94999999999999996,0.81912592592592592,0.81450624999999988,0.0046196759259260478
0.0050000000000000001,uniform_same_count,0.95099999999999996,0.82274340740740737,0.81794116880099987,0.004802238606407494
0.0050000000000000001,uniform_same_count,0.95199999999999996,0.82636088888888892,0.8213869404159998,0.0049739484728891226
0.0050000000000000001,uniform_same_count,0.95299999999999996,0.82997837037037037,0.82484358768099986,0.0051347826893705095
0.0050000000000000001,uniform_same_count,0.95399999999999996,0.83359585185185181,0.82831113345599983,0.0052847183958519839
0.0050000000000000001,uniform_same_count,0.95499999999999996,0.83721333333333336,0.83178960062499985,0.0054237327083335174
0.0050000000000000001,uniform_same_count,0.95599999999999996,0.84083081481481481,0.83527901209599986,0.0055518027188149466
0.0050000000000000001,uniform_same_count,0.95699999999999996,0.84444829629629625,0.83877939080099984,0.0056689054952964169
0.0050000000000000001,uniform_same_count,0.95799999999999996,0.84806577777777781,0.84229075969599987,0.0057750180817779384
0.0050000000000000001,uniform_same_count,0.95899999999999996,0.85168325925925925,0.84581314176099986,0.0058701174982593862
0.0050000000000000001,uniform_same_count,0.95999999999999996,0.85530074074074069,0.84934655999999986,0.0059541807407408331
0.0050000000000000001,uniform_same_count,0.96099999999999997,0.85891822222222225,0.85289103744099992,0.0060271847812223278
0.0050000000000000001,uniform_same_count,0.96199999999999997,0.86253570370370369,0.85644659713599991,0.0060891065677037837
0.0050000000000000001,uniform_same_count,0.96299999999999997,0.86615318518518514,0.86001326216099994,0.006139923024185201
0.0050000000000000001,uniform_same_count,0.96399999999999997,0.86977066666666669,0.86359105561599991,0.0061796110506667778
0.0050000000000000001,uniform_same_count,0.96499999999999997,0.87338814814814814,0.86718000062499989,0.0062081475231482441
0.0050000000000000001,uniform_same_count,0.96599999999999997,0.87700562962962958,0.87078012033599994,0.0062255092936296386
0.0050000000000000001,uniform_same_count,0.96699999999999997,0.88062311111111113,0.87439143792099994,0.0062316731901111977
0.0050000000000000001,uniform_same_count,0.96799999999999997,0.88424059259259258,0.87801397657599989,0.0062266160165926898
0.0050000000000000001,uniform_same_count,0.96899999999999997,0.88785807407407402,0.88164775952099994,0.0062103145530740811
0.0050000000000000001,uniform_same_count,0.96999999999999997,0.89147555555555558,0.88529280999999993,0.0061827455555556465
0.0050000000000000001,uniform_same_count,0.97099999999999997,0.89509303703703702,0.88894915128099994,0.0061438857560370819
0.0050000000000000001,uniform_same_count,0.97199999999999998,0.89871051851851846,0.89261680665599996,0.0060937118625185027
0.0050000000000000001,uniform_same_count,0.97299999999999998,0.90232800000000002,0.89629579944099991,0.0060322005590001115
0.0050000000000000001,uniform_same_count,0.97399999999999998,0.90594548148148146,0.89998615297599993,0.0059593285054815315
0.0050000000000000001,uniform_same_count,0.97499999999999998,0.90956296296296291,0.90368789062499988,0.0058750723379630276
0.0050000000000000001,uniform_same_count,0.97599999999999998,0.91318044444444446,0.90740103577599995,0.0057794086684445078
0.0050000000000000001,uniform_same_count,0.97699999999999998,0.91679792592592591,0.91112561184099994,0.0056723140849259668
0.0050000000000000001,uniform_same_count,0.97799999999999998,0.92041540740740735,0.91486164225599997,0.0055537651514073749
0.0050000000000000001,uniform_same_count,0.97899999999999998,0.9240328888888889,0.91860915048099989,0.0054237384078890116
0.0050000000000000001,uniform_same_count,0.97999999999999998,0.92765037037037035,0.92236815999999988,0.0052822103703704659
0.0050000000000000001,uniform_same_count,0.98099999999999998,0.93126785185185179,0.92613869432099993,0.0051291575308518578
0.0050000000000000001,uniform_same_count,0.98199999999999998,0.93488533333333335,0.92992077697599995,0.004964556357333394
0.0050000000000000001,uniform_same_count,0.98299999999999998,0.93850281481481479,0.93371443152099998,0.004788383293814813
0.0050000000000000001,uniform_same_count,0.98399999999999999,0.94212029629629634,0.93751968153599996,0.0046006147602963843
0.0050000000000000001,uniform_same_count,0.98499999999999999,0.94573777777777779,0.94133655062499999,0.004401227152777798
0.0050000000000000001,uniform_same_count,0.98599999999999999,0.94935525925925923,0.94516506241599996,0.0041901968432592751
0.0050000000000000001,uniform_same_count,0.98699999999999999,0.95297274074074068,0.949005240561,0.0039675001797406795
0.0050000000000000001,uniform_same_count,0.98799999999999999,0.95659022222222223,0.95285710873599994,0.0037331134862222948
0.0050000000000000001,uniform_same_count,0.98899999999999999,0.96020770370370367,0.95672069064099996,0.0034870130627037144
0.0050000000000000001,uniform_same_count,0.98999999999999999,0.96382518518518523,0.96059600999999994,0.0032291751851852846
0.0050000000000000001,uniform_same_count,0.99099999999999999,0.96744266666666667,0.96448309056100001,0.0029595761056666614
0.0050000000000000001,uniform_same_count,0.99199999999999999,0.97106014814814823,0.96838195609599997,0.0026781920521482538
0.0050000000000000001,uniform_same_count,0.99299999999999999,0.97467762962962956,0.972292630401,0.0023849992286295585
0.0050000000000000001,uniform_same_count,0.99399999999999999,0.97829511111111112,0.97621513729599996,0.002079973815111158
0.0050000000000000001,uniform_same_count,0.995,0.98191259259259256,0.98014950062499995,0.0017630919675926116
0.0050000000000000001,uniform_same_count,0.996,0.98553007407407411,0.98409574425599999,0.0014343298180741204
0.0050000000000000001,uniform_same_count,0.997,0.98914755555555556,0.98805389208100003,0.0010936634745555285
0.0050000000000000001,uniform_same_count,0.998,0.992765037037037,0.99202396801600001,0.00074106902103698857
0.0050000000000000001,uniform_same_count,0.999,0.99638251851851856,0.99600599600100004,0.00037652251751851828
0.0050000000000000001,uniform_same_count,1,1,1,0
0.0050000000000000001,uniform_bound,0,0,0,0
0.0050000000000000001,uniform_bound,0.001,1.7146776406091528e-07,1.0000000000000002e-12,1.7146676406091527e-07
0.0050000000000000001,uniform_bound,0.002,3.4293552812183055e-07,1.6000000000000003e-11,3.4291952812183053e-07
0.0050000000000000001,uniform_bound,0.0030000000000000001,5.1440329218274585e-07,8.1000000000000005e-11,5.1432229218274584e-07
0.0050000000000000001,uniform_bound,0.0040000000000000001,6.858710562436611e-07,2.5600000000000005e-10,6.8561505624366113e-07
0.0050000000000000001,uniform_bound,0.0050000000000000001,8.5733882030457635e-07,6.2500000000000001e-10,8.5671382030457636e-07
0.0050000000000000001,uniform_bound,0.0060000000000000001,1.0288065843654917e-06,1.2960000000000001e-09,1.0275105843654917e-06
0.0050000000000000001,uniform_bound,0.0070000000000000001,1.2002743484264069e-06,2.4010000000000003e-09,1.1978733484264069e-06
0.0050000000000000001,uniform_bound,0.0080000000000000002,1.3717421124873222e-06,4.0960000000000007e-09,1.3676461124873222e-06
0.0050000000000000001,uniform_bound,0.0089999999999999993,1.5432098765482373e-06,6.5609999999999983e-09,1.5366488765482373e-06
0.0050000000000000001,uniform_bound,0.01,1.7146776406091527e-06,1e-08,1.7046776406091528e-06
0.0050000000000000001,uniform_bound,0.010999999999999999,1.8861454046700678e-06,1.4640999999999997e-08,1.8715044046700679e-06
0.0050000000000000001,uniform_bound,0.012,2.0576131687309834e-06,2.0736000000000001e-08,2.0368771687309836e-06
0.0050000000000000001,uniform_bound,0.012999999999999999,2.2290809327918981e-06,2.8560999999999993e-08,2.2005199327918981e-06
0.0050000000000000001,uniform_bound,0.014,2.4005486968528137e-06,3.8416000000000005e-08,2.3621326968528138e-06
0.0050000000000000001,uniform_bound,0.014999999999999999,2.5720164609137288e-06,5.0624999999999992e-08,2.5213914609137288e-06
0.0050000000000000001,uniform_bound,0.016,2.7434842249746444e-06,6.5536000000000012e-08,2.6779482249746442e-06
0.0050000000000000001,uniform_bound,0.017000000000000001,2.91495198903556e-06,8.3521000000000024e-08,2.8314309890355599e-06
0.0050000000000000001,uniform_bound,0.017999999999999999,3.0864197530964747e-06,1.0497599999999997e-07,2.9814437530964747e-06
0.0050000000000000001,uniform_bound,0.019,3.2578875171573903e-06,1.3032099999999999e-07,3.1275665171573905e-06
0.0050000000000000001,uniform_bound,0.02,3.4293552812183054e-06,1.6e-07,3.2693552812183052e-06
0.0050000000000000001,uniform_bound,0.021000000000000001,3.600823045279221e-06,1.9448100000000006e-07,3.4063420452792209e-06
0.0050000000000000001,uniform_bound,0.021999999999999999,3.7722908093401357e-06,2.3425599999999995e-07,3.5380348093401356e-06
0.0050000000000000001,uniform_bound,0.023,3.9437585734010513e-06,2.7984099999999997e-07,3.6639175734010513e-06
0.0050000000000000001,uniform_bound,0.024,4.1152263374619668e-06,3.3177600000000002e-07,3.7834503374619667e-06
0.0050000000000000001,uniform_bound,0.025000000000000001,4.2866941015228816e-06,3.9062500000000007e-07,3.8960691015228814e-06
0.0050000000000000001,uniform_bound,0.025999999999999999,4.4581618655837963e-06,4.569759999999999e-07,4.0011858655837961e-06
0.0050000000000000001,uniform_bound,0.027,4.6296296296447118e-06,5.3144099999999997e-07,4.0981886296447117e-06
0.0050000000000000001,uniform_bound,0.028000000000000001,4.8010973937056274e-06,6.1465600000000007e-07,4.1864413937056275e-06
0.0050000000000000001,uniform_bound,0.029000000000000001,4.972565157766543e-06,7.072810000000001e-07,4.2652841577665433e-06
0.0050000000000000001,uniform_bound,0.029999999999999999,5.1440329218274577e-06,8.0999999999999987e-07,4.3340329218274578e-06
0.0050000000000000001,uniform_bound,0.031,5.3155006858883733e-06,9.2352099999999998e-07,4.3919796858883736e-06
0.0050000000000000001,uniform_bound,0.032000000000000001,5.4869684499492888e-06,1.0485760000000002e-06,4.4383924499492882e-06
0.0050000000000000001,uniform_bound,0.033000000000000002,5.6584362140102044e-06,1.1859210000000003e-06,4.4725152140102037e-06
0.0050000000000000001,uniform_bound,0.034000000000000002,5.82990397807112e-06,1.3363360000000004e-06,4.4935679780711196e-06
0.0050000000000000001,uniform_bound,0.035000000000000003,6.0013717421320347e-06,1.5006250000000006e-06,4.5007467421320341e-06
0.0050000000000000001,uniform_bound,0.035999999999999997,6.1728395061929494e-06,1.6796159999999996e-06,4.4932235061929498e-06
0.0050000000000000001,uniform_bound,0.036999999999999998,6.344307270253865e-06,1.8741609999999995e-06,4.4701462702538652e-06
0.0050000000000000001,uniform_bound,0.037999999999999999,6.5157750343147805e-06,2.0851359999999999e-06,4.4306390343147806e-06
0.0050000000000000001,uniform_bound,0.039,6.6872427983756961e-06,2.3134409999999998e-06,4.3738017983756967e-06
0.0050000000000000001,uniform_bound,0.040000000000000001,6.8587105624366108e-06,2.5600000000000001e-06,4.2987105624366108e-06
0.0050000000000000001,uniform_bound,0.041000000000000002,7.0301783264975264e-06,2.8257610000000005e-06,4.2044173264975263e-06
0.0050000000000000001,uniform_bound,0.042000000000000003,7.201646090558442e-06,3.1116960000000009e-06,4.089950090558441e-06
0.0050000000000000001,uniform_bound,0.042999999999999997,7.3731138546193567e-06,3.4188009999999987e-06,3.9543128546193579e-06
0.0050000000000000001,uniform_bound,0.043999999999999997,7.5445816186802714e-06,3.7480959999999992e-06,3.7964856186802722e-06
0.0050000000000000001,uniform_bound,0.044999999999999998,7.7160493827411861e-06,4.1006249999999994e-06,3.6154243827411867e-06
0.0050000000000000001,uniform_bound,0.045999999999999999,7.8875171468021025e-06,4.4774559999999995e-06,3.410061146802103e-06
0.0050000000000000001,uniform_bound,0.047,8.0589849108630172e-06,4.8796809999999997e-06,3.1793039108630175e-06
0.0050000000000000001,uniform_bound,0.048000000000000001,8.2304526749239337e-06,5.3084160000000003e-06,2.9220366749239334e-06
0.0050000000000000001,uniform_bound,0.049000000000000002,8.4019204389848484e-06,5.7648010000000005e-06,2.6371194389848479e-06
0.0050000000000000001,uniform_bound,0.050000000000000003,8.5733882030457631e-06,6.2500000000000011e-06,2.323388203045762e-06
0.0050000000000000001,uniform_bound,0.050999999999999997,8.7448559671066795e-06,6.7652009999999986e-06,1.9796549671066809e-06
0.0050000000000000001,uniform_bound,0.051999999999999998,8.9163237311675925e-06,7.3116159999999983e-06,1.6047077311675942e-06
0.0050000000000000001,uniform_bound,0.052999999999999999,9.087791495228509e-06,7.8904809999999998e-06,1.1973104952285092e-06
0.0050000000000000001,uniform_bound,0.053999999999999999,9.2592592592894237e-06,8.5030559999999996e-06,7.5620325928942409e-07
0.0050000000000000001,uniform_bound,0.055,9.4307270233503401e-06,9.1506250000000002e-06,2.8010202335033993e-07
0.0050000000000000001,uniform_bound,0.056000000000000001,1.0669105319342373e-05,9.8344960000000012e-06,8.3460931934237162e-07
0.0050000000000000001,uniform_bound,0.057000000000000002,1.3241121780248281e-05,1.0556001000000001e-05,2.6851207802482792e-06
0.0050000000000000001,uniform_bound,0.058000000000000003,1.5813138241154187e-05,1.1316496000000002e-05,4.4966422411541851e-06
0.0050000000000000001,uniform_bound,0.058999999999999997,1.8385154702060076e-05,1.2117360999999997e-05,6.267793702060079e-06
0.0050000000000000001,uniform_bound,0.059999999999999998,2.0957171162965985e-05,1.2959999999999998e-05,7.9971711629659874e-06
0.0050000000000000001,uniform_bound,0.060999999999999999,2.3529187623871895e-05,1.3845840999999999e-05,9.6833466238718954e-06
0.0050000000000000001,uniform_bound,0.062,2.6101204084777801e-05,1.4776336e-05,1.1324868084777801e-05
0.0050000000000000001,uniform_bound,0.063,2.8673220545683707e-05,1.5752961e-05,1.2920259545683707e-05
0.0050000000000000001,uniform_bound,0.064000000000000001,3.124523700658961e-05,1.6777216000000003e-05,1.4468021006589606e-05
0.0050000000000000001,uniform_bound,0.065000000000000002,3.3817253467495519e-05,1.7850625000000003e-05,1.5966628467495516e-05
0.0050000000000000001,uniform_bound,0.066000000000000003,3.6389269928401428e-05,1.8974736000000005e-05,1.7414533928401423e-05
0.0050000000000000001,uniform_bound,0.067000000000000004,3.8961286389307338e-05,2.0151121000000005e-05,1.8810165389307333e-05
0.0050000000000000001,uniform_bound,0.068000000000000005,4.1533302850213247e-05,2.1381376000000006e-05,2.0151926850213241e-05
0.0050000000000000001,uniform_bound,0.069000000000000006,4.4105319311119157e-05,2.2667121000000006e-05,2.1438198311119151e-05
0.0050000000000000001,uniform_bound,0.070000000000000007,4.667733577202506e-05,2.4010000000000009e-05,2.2667335772025051e-05
0.0050000000000000001,uniform_bound,0.070999999999999994,4.9249352232930935e-05,2.5411680999999991e-05,2.3837671232930945e-05
0.0050000000000000001,uniform_bound,0.071999999999999995,5.1821368693836838e-05,2.6873855999999993e-05,2.4947512693836845e-05
0.0050000000000000001,uniform_bound,0.072999999999999995,5.4393385154742754e-05,2.8398240999999994e-05,2.599514415474276e-05
0.0050000000000000001,uniform_bound,0.073999999999999996,5.6965401615648657e-05,2.9986575999999993e-05,2.6978825615648664e-05
0.0050000000000000001,uniform_bound,0.074999999999999997,5.9537418076554566e-05,3.1640624999999998e-05,2.7896793076554568e-05
0.0050000000000000001,uniform_bound,0.075999999999999998,6.2109434537460482e-05,3.3362175999999998e-05,2.8747258537460484e-05
0.0050000000000000001,uniform_bound,0.076999999999999999,6.4681450998366378e-05,3.5153040999999999e-05,2.9528409998366379e-05
0.0050000000000000001,uniform_bound,0.078,6.7253467459272288e-05,3.7015055999999997e-05,3.0238411459272291e-05
0.0050000000000000001,uniform_bound,0.079000000000000001,6.9825483920178184e-05,3.8950081e-05,3.0875402920178184e-05
0.0050000000000000001,uniform_bound,0.080000000000000002,7.2397500381084093e-05,4.0960000000000001e-05,3.1437500381084092e-05
0.0050000000000000001,uniform_bound,0.081000000000000003,7.4969516841990003e-05,4.3046721000000007e-05,3.1922795841989996e-05
0.0050000000000000001,uniform_bound,0.082000000000000003,7.7541533302895912e-05,4.5212176000000008e-05,3.2329357302895904e-05
0.0050000000000000001,uniform_bound,0.083000000000000004,8.0113549763801822e-05,4.745832100000001e-05,3.2655228763801811e-05
0.0050000000000000001,uniform_bound,0.084000000000000005,8.2685566224707731e-05,4.9787136000000015e-05,3.2898430224707716e-05
0.0050000000000000001,uniform_bound,0.085000000000000006,8.525758268561364e-05,5.2200625000000018e-05,3.3056957685613622e-05
0.0050000000000000001,uniform_bound,0.085999999999999993,8.7829599146519523e-05,5.470081599999998e-05,3.3128783146519543e-05
0.0050000000000000001,uniform_bound,0.086999999999999994,9.0401615607425405e-05,5.7289760999999981e-05,3.3111854607425424e-05
0.0050000000000000001,uniform_bound,0.087999999999999995,9.2973632068331342e-05,5.9969535999999987e-05,3.3004096068331354e-05
0.0050000000000000001,uniform_bound,0.088999999999999996,9.5545648529237251e-05,6.2742240999999989e-05,3.2803407529237262e-05
0.0050000000000000001,uniform_bound,0.089999999999999997,9.8117664990143134e-05,6.560999999999999e-05,3.2507664990143143e-05
0.0050000000000000001,uniform_bound,0.090999999999999998,0.00010068968145104904,6.8574960999999993e-05,3.211472045104905e-05
0.0050000000000000001,uniform_bound,0.091999999999999998,0.00010326169791195495,7.1639295999999993e-05,3.162240191195496e-05
0.0050000000000000001,uniform_bound,0.092999999999999999,0.00010583371437286086,7.4805200999999996e-05,3.1028513372860866e-05
0.0050000000000000001,uniform_bound,0.094,0.00010840573083376677,7.8074895999999996e-05,3.0330834833766776e-05
0.0050000000000000001,uniform_bound,0.095000000000000001,0.00011097774729467268,8.1450624999999997e-05,2.9527122294672683e-05
0.0050000000000000001,uniform_bound,0.096000000000000002,0.00011354976375557859,8.4934656000000005e-05,2.8615107755578585e-05
0.0050000000000000001,uniform_bound,0.097000000000000003,0.0001161217802164845,8.8529281000000008e-05,2.7592499216484492e-05
0.0050000000000000001,uniform_bound,0.098000000000000004,0.00011869379667739041,9.2236816000000008e-05,2.6456980677390401e-05
0.0050000000000000001,uniform_bound,0.099000000000000005,0.00012126581313829632,9.6059601000000021e-05,2.5206212138296298e-05
0.0050000000000000001,uniform_bound,0.10000000000000001,0.00012383782959920223,0.00010000000000000002,2.383782959920221e-05
0.0050000000000000001,uniform_bound,0.10100000000000001,0.00012640984606010811,0.00010406040100000003,2.2349445060108083e-05
0.0050000000000000001,uniform_bound,0.10199999999999999,0.00012898186252101399,0.00010824321599999998,2.0738646521014015e-05
0.0050000000000000001,uniform_bound,0.10299999999999999,0.0001315538789819199,0.00011255088099999997,1.9002997981919928e-05
0.0050000000000000001,uniform_bound,0.104,0.00013412589544282581,0.00011698585599999997,1.7140039442825838e-05
0.0050000000000000001,uniform_bound,0.105,0.00013669791190373172,0.00012155062499999998,1.5147286903731738e-05
0.0050000000000000001,uniform_bound,0.106,0.00013926992836463763,0.000126247696,1.3022232364637634e-05
0.0050000000000000001,uniform_bound,0.107,0.00014184194482554354,0.00013107960099999999,1.0762343825543546e-05
0.0050000000000000001,uniform_bound,0.108,0.00014441396128644942,0.00013604889599999999,8.3650652864494292e-06
0.0050000000000000001,uniform_bound,0.109,0.00014698597774735536,0.00014115816099999999,5.8278167473553729e-06
0.0050000000000000001,uniform_bound,0.11,0.00014955799420826124,0.00014641,3.1479942082612389e-06
0.0050000000000000001,uniform_bound,0.111,0.00015213001066916715,0.000151807041,3.2296966916714681e-07
0.0050000000000000001,uniform_bound,0.112,0.00016232281664386677,0.00015735193600000002,4.9708806438667505e-06
0.0050000000000000001,uniform_bound,0.113,0.00017346822130779051,0.00016304736100000001,1.04208603077905e-05
0.0050000000000000001,uniform_bound,0.114,0.00018461362597171424,0.00016889601600000002,1.5717609971714223e-05
0.0050000000000000001,uniform_bound,0.115,0.00019575903063563798,0.00017490062500000002,2.0858405635637963e-05
0.0050000000000000001,uniform_bound,0.11600000000000001,0.00020690443529956175,0.00018106393600000003,2.5840499299561721e-05
0.0050000000000000001,uniform_bound,0.11700000000000001,0.00021804983996348548,0.00018738872100000005,3.0661118963485435e-05
0.0050000000000000001,uniform_bound,0.11799999999999999,0.00022919524462740906,0.00019387777599999995,3.5317468627409109e-05
0.0050000000000000001,uniform_bound,0.11899999999999999,0.0002403406492913328,0.00020053392099999995,3.9806728291332845e-05
0.0050000000000000001,uniform_bound,0.12,0.00025148605395525653,0.00020735999999999997,4.4126053955256567e-05
0.0050000000000000001,uniform_bound,0.121,0.00026263145861918027,0.00021435888099999997,4.8272577619180298e-05
0.0050000000000000001,uniform_bound,0.122,0.00027377686328310401,0.00022153345599999999,5.224340728310402e-05
0.0050000000000000001,uniform_bound,0.123,0.0002849222679470278,0.00022888664099999999,5.603562694702781e-05
0.0050000000000000001,uniform_bound,0.124,0.00029606767261095154,0.00023642137599999999,5.9646296610951544e-05
0.0050000000000000001,uniform_bound,0.125,0.00030721307727487527,0.000244140625,6.3072452274875275e-05
0.0050000000000000001,uniform_bound,0.126,0.00031835848193879901,0.000252047376,6.6311105938799016e-05
0.0050000000000000001,uniform_bound,0.127,0.00032950388660272275,0.00026014464100000001,6.9359245602722741e-05
0.0050000000000000001,uniform_bound,0.128,0.00034064929126664649,0.00026843545600000005,7.2213835266646438e-05
0.0050000000000000001,uniform_bound,0.129,0.00035179469593057022,0.00027692288100000003,7.4871814930570191e-05
0.0050000000000000001,uniform_bound,0.13,0.00036294010059449396,0.00028561000000000005,7.733010059449391e-05
0.0050000000000000001,uniform_bound,0.13100000000000001,0.0003740855052584177,0.00029449992100000005,7.9585584258417652e-05
0.0050000000000000001,uniform_bound,0.13200000000000001,0.00038523090992234144,0.00030359577600000008,8.1635133922341356e-05
0.0050000000000000001,uniform_bound,0.13300000000000001,0.00039637631458626517,0.00031290072100000006,8.3475593586265111e-05
0.0050000000000000001,uniform_bound,0.13400000000000001,0.00040752171925018891,0.00032241793600000008,8.510378325018883e-05
0.0050000000000000001,uniform_bound,0.13500000000000001,0.00041866712391411265,0.00033215062500000007,8.6516498914112575e-05
0.0050000000000000001,uniform_bound,0.13600000000000001,0.00042981252857803639,0.0003421020160000001,8.7710512578036289e-05
0.0050000000000000001,uniform_bound,0.13700000000000001,0.00044095793324196012,0.00035227536100000011,8.868257224196001e-05
0.0050000000000000001,uniform_bound,0.13800000000000001,0.00045210333790588386,0.0003626739360000001,8.9429401905883764e-05
0.0050000000000000001,uniform_bound,0.13900000000000001,0.00046324874256980765,0.00037330104100000014,8.9947701569807509e-05
0.0050000000000000001,uniform_bound,0.14000000000000001,0.00047439414723373139,0.00038416000000000014,9.0234147233731246e-05
0.0050000000000000001,uniform_bound,0.14099999999999999,0.00048553955189765475,0.00039525416099999984,9.028539089765491e-05
0.0050000000000000001,uniform_bound,0.14199999999999999,0.00049668495656157849,0.00040658689599999985,9.0098060561578637e-05
0.0050000000000000001,uniform_bound,0.14299999999999999,0.00050783036122550233,0.00041816160099999989,8.9668760225502446e-05
0.0050000000000000001,uniform_bound,0.14399999999999999,0.00051897576588942596,0.00042998169599999989,8.899406988942607e-05
0.0050000000000000001,uniform_bound,0.14499999999999999,0.00053012117055334981,0.00044205062499999987,8.8070545553349934e-05
0.0050000000000000001,uniform_bound,0.14599999999999999,0.00054126657521727344,0.0004543718559999999,8.6894719217273531e-05
0.0050000000000000001,uniform_bound,0.14699999999999999,0.00055241197988119728,0.00046694888099999991,8.546309888119737e-05
0.0050000000000000001,uniform_bound,0.14799999999999999,0.00056355738454512091,0.00047978521599999988,8.3772168545121026e-05
0.0050000000000000001,uniform_bound,0.14899999999999999,0.00057470278920904476,0.00049288440099999988,8.1818388209044875e-05
0.0050000000000000001,uniform_bound,0.14999999999999999,0.00058584819387296849,0.00050624999999999997,7.9598193872968521e-05
0.0050000000000000001,uniform_bound,0.151,0.00059699359853689223,0.00051988560099999997,7.710799753689226e-05
0.0050000000000000001,uniform_bound,0.152,0.00060813900320081586,0.00053379481599999997,7.4344187200815889e-05
0.0050000000000000001,uniform_bound,0.153,0.00061928440786473971,0.00054798128099999997,7.1303126864739733e-05
0.0050000000000000001,uniform_bound,0.154,0.00063042981252866344,0.00056244865599999999,6.7981156528663456e-05
0.0050000000000000001,uniform_bound,0.155,0.00064157521719258718,0.00057720062499999993,6.4374592192587249e-05
0.0050000000000000001,uniform_bound,0.156,0.00065272062185651092,0.00059224089599999995,6.0479725856510966e-05
0.0050000000000000001,uniform_bound,0.157,0.00066386602652043466,0.00060757320099999999,5.6292825520434667e-05
0.0050000000000000001,uniform_bound,0.158,0.00067501143118435839,0.00062320129599999999,5.1810135184358398e-05
0.0050000000000000001,uniform_bound,0.159,0.00068615683584828213,0.00063912896100000005,4.7027874848282083e-05
0.0050000000000000001,uniform_bound,0.16,0.00069730224051220587,0.00065536000000000001,4.1942240512205854e-05
0.0050000000000000001,uniform_bound,0.161,0.0007084476451761296,0.0006718982410000001,3.65494041761295e-05
0.0050000000000000001,uniform_bound,0.16200000000000001,0.00071959304984005334,0.00068874753600000011,3.0845513840053237e-05
0.0050000000000000001,uniform_bound,0.16300000000000001,0.00073073845450397708,0.00070591176100000014,2.4826693503976938e-05
0.0050000000000000001,uniform_bound,0.16400000000000001,0.00074188385916790093,0.00072339481600000013,1.8489043167900792e-05
0.0050000000000000001,uniform_bound,0.16500000000000001,0.00075302926383182466,0.00074120062500000012,1.182863883182454e-05
0.0050000000000000001,uniform_bound,0.16600000000000001,0.00076417466849574829,0.00075933313600000016,4.8415324957481283e-06
0.0050000000000000001,uniform_bound,0.16700000000000001,0.00078160722450855218,0.00077779632100000021,3.8109035085519705e-06
0.0050000000000000001,uniform_bound,0.16800000000000001,0.00081161408321911519,0.00079659417600000024,1.5019907219114949e-05
0.0050000000000000001,uniform_bound,0.16900000000000001,0.00084162094192967809,0.00081573072100000023,2.5890220929677857e-05
0.0050000000000000001,uniform_bound,0.17000000000000001,0.0008716278006402411,0.00083521000000000029,3.6417800640240806e-05
0.0050000000000000001,uniform_bound,0.17100000000000001,0.00090163465935080411,0.00085503608100000021,4.6598578350803897e-05
0.0050000000000000001,uniform_bound,0.17199999999999999,0.00093164151806136625,0.00087521305599999968,5.6428462061366568e-05
0.0050000000000000001,uniform_bound,0.17299999999999999,0.00096164837677192925,0.00089574504099999971,6.5903335771929543e-05
0.0050000000000000001,uniform_bound,0.17399999999999999,0.00099165523548249215,0.0009166361759999997,7.5019059482492453e-05
0.0050000000000000001,uniform_bound,0.17499999999999999,0.0010216620941930553,0.00093789062499999981,8.3771469193055456e-05
0.0050000000000000001,uniform_bound,0.17599999999999999,0.0010516689529036182,0.0009595125759999998,9.2156376903618372e-05
0.0050000000000000001,uniform_bound,0.17699999999999999,0.0010816758116141811,0.00098150624099999973,0.00010016957061418134
0.0050000000000000001,uniform_bound,0.17799999999999999,0.0011116826703247442,0.0010038758559999998,0.00010780681432474436
0.0050000000000000001,uniform_bound,0.17899999999999999,0.0011416895290353071,0.0010266256809999999,0.00011506384803530723
0.0050000000000000001,uniform_bound,0.17999999999999999,0.00117169638774587,0.0010497599999999998,0.00012193638774587014
0.0050000000000000001,uniform_bound,0.18099999999999999,0.0012017032464564331,0.0010732831209999999,0.00012842012545643319
0.0050000000000000001,uniform_bound,0.182,0.001231710105166996,0.0010971993759999999,0.00013451072916699611
0.0050000000000000001,uniform_bound,0.183,0.0012617169638775589,0.0011215131209999999,0.00014020384287755897
0.0050000000000000001,uniform_bound,0.184,0.001291723822588122,0.0011462287359999999,0.00014549508658812213
0.0050000000000000001,uniform_bound,0.185,0.0013217306812986851,0.0011713506249999999,0.0001503800562986852
0.0050000000000000001,uniform_bound,0.186,0.001351737540009248,0.0011968832159999999,0.00015485432400924809
0.0050000000000000001,uniform_bound,0.187,0.0013817443987198109,0.0012228309609999999,0.00015891343771981103
0.0050000000000000001,uniform_bound,0.188,0.001411751257430374,0.0012491983359999999,0.00016255292143037411
0.0050000000000000001,uniform_bound,0.189,0.0014417581161409369,0.0012759898410000001,0.00016576827514093689
0.0050000000000000001,uniform_bound,0.19,0.0014717649748514998,0.00130321,0.00016855497485149988
0.0050000000000000001,uniform_bound,0.191,0.001501771833562063,0.0013308633610000001,0.00017090847256206283
0.0050000000000000001,uniform_bound,0.192,0.0015317786922726259,0.0013589544960000001,0.00017282419627262578
0.0050000000000000001,uniform_bound,0.193,0.0015617855509831888,0.0013874880010000001,0.00017429754998318867
0.0050000000000000001,uniform_bound,0.19400000000000001,0.0015917924096937519,0.0014164684960000001,0.00017532391369375175
0.0050000000000000001,uniform_bound,0.19500000000000001,0.001621799268404315,0.0014459006250000003,0.00017589864340431471
0.0050000000000000001,uniform_bound,0.19600000000000001,0.0016518061271148779,0.0014757890560000001,0.00017601707111487776
0.0050000000000000001,uniform_bound,0.19700000000000001,0.0016818129858254408,0.0015061384810000002,0.00017567450482544058
0.0050000000000000001,uniform_bound,0.19800000000000001,0.0017118198445360039,0.0015369536160000003,0.00017486622853600357
0.0050000000000000001,uniform_bound,0.19900000000000001,0.0017418267032465666,0.0015682392010000004,0.00017358750224656617
0.0050000000000000001,uniform_bound,0.20000000000000001,0.0017718335619571297,0.0016000000000000003,0.00017183356195712941
0.0050000000000000001,uniform_bound,0.20100000000000001,0.0018018404206676926,0.0016322408010000003,0.00016959961966769225
0.0050000000000000001,uniform_bound,0.20200000000000001,0.0018318472793782557,0.0016649664160000004,0.00016688086337825528
0.0050000000000000001,uniform_bound,0.20300000000000001,0.0018618541380888186,0.0016981816810000005,0.00016367245708881809
0.0050000000000000001,uniform_bound,0.20399999999999999,0.0018918609967993809,0.0017318914559999996,0.00015996954079938123
0.0050000000000000001,uniform_bound,0.20499999999999999,0.0019218678555099438,0.0017661006249999995,0.00015576723050994426
0.0050000000000000001,uniform_bound,0.20599999999999999,0.0019518747142205069,0.0018008140959999996,0.00015106061822050729
0.0050000000000000001,uniform_bound,0.20699999999999999,0.0019818815729310698,0.0018360368009999997,0.00014584477193107007
0.0050000000000000001,uniform_bound,0.20799999999999999,0.0020118884316416329,0.0018717736959999996,0.00014011473564163332
0.0050000000000000001,uniform_bound,0.20899999999999999,0.0020418952903521956,0.0019080297609999997,0.00013386552935219591
0.0050000000000000001,uniform_bound,0.20999999999999999,0.0020719021490627587,0.0019448099999999997,0.00012709214906275897
0.0050000000000000001,uniform_bound,0.21099999999999999,0.0021019090077733218,0.0019821194409999996,0.0001197895667733222
0.0050000000000000001,uniform_bound,0.21199999999999999,0.0021319158664838845,0.0020199631359999999,0.00011195273048388455
0.0050000000000000001,uniform_bound,0.21299999999999999,0.002161922725194448,0.0020583461609999998,0.00010357656419444829
0.0050000000000000001,uniform_bound,0.214,0.0021919295839050107,0.0020972736159999999,9.4655967905010827e-05
0.0050000000000000001,uniform_bound,0.215,0.0022219364426155734,0.0021367506249999999,8.5185817615573544e-05
0.0050000000000000001,uniform_bound,0.216,0.002251943301326137,0.0021767823359999999,7.5160965326137065e-05
0.0050000000000000001,uniform_bound,0.217,0.0022819501600366996,0.0022173739210000001,6.4576239036699505e-05
0.0050000000000000001,uniform_bound,0.218,0.0023119570187472628,0.0022585305759999998,5.3426442747262978e-05
0.0050000000000000001,uniform_bound,0.219,0.0023419638774578254,0.0023002575210000001,4.1706356457825357e-05
0.0050000000000000001,uniform_bound,0.22,0.0023719707361683886,0.00234256,2.9410736168388515e-05
0.0050000000000000001,uniform_bound,0.221,0.0024019775948789517,0.0023854432810000003,1.6534313878951382e-05
0.0050000000000000001,uniform_bound,0.222,0.0024319844535895148,0.0024289126560000001,3.0717975895147229e-06
0.0050000000000000001,uniform_bound,0.223,0.0024878638926994073,0.0024729734410000002,1.4890451699407087e-05
0.0050000000000000001,uniform_bound,0.224,0.0025511354976376797,0.0025176309760000003,3.3504521637679405e-05
0.0050000000000000001,uniform_bound,0.22500000000000001,0.0026144071025759521,0.0025628906250000001,5.1516477575952024e-05
0.0050000000000000001,uniform_bound,0.22600000000000001,0.0026776787075142245,0.0026087577760000001,6.8920931514224355e-05
0.0050000000000000001,uniform_bound,0.22700000000000001,0.0027409503124524968,0.0026552378410000005,8.5712471452496341e-05
0.0050000000000000001,uniform_bound,0.22800000000000001,0.0028042219173907692,0.0027023362560000003,0.00010188566139076888
0.0050000000000000001,uniform_bound,0.22900000000000001,0.0028674935223290412,0.0027500584810000003,0.00011743504132904082
0.0050000000000000001,uniform_bound,0.23000000000000001,0.0029307651272673135,0.0027984100000000003,0.00013235512726731324
0.0050000000000000001,uniform_bound,0.23100000000000001,0.0029940367322055859,0.0028473963210000003,0.00014664041120558561
0.0050000000000000001,uniform_bound,0.23200000000000001,0.0030573083371438583,0.0028970229760000004,0.0001602853611438579
0.0050000000000000001,uniform_bound,0.23300000000000001,0.0031205799420821307,0.0029472955210000005,0.00017328442108213021
0.0050000000000000001,uniform_bound,0.23400000000000001,0.0031838515470204026,0.0029982195360000008,0.00018563201102040185
0.0050000000000000001,uniform_bound,0.23499999999999999,0.0032471231519586733,0.0030498006249999993,0.00019732252695867395
0.0050000000000000001,uniform_bound,0.23599999999999999,0.0033103947568969457,0.0031020444159999992,0.00020835034089694646
0.0050000000000000001,uniform_bound,0.23699999999999999,0.003373666361835218,0.0031549565609999995,0.00021870980083521854
0.0050000000000000001,uniform_bound,0.23799999999999999,0.0034369379667734904,0.0032085427359999992,0.00022839523077349119
0.0050000000000000001,uniform_bound,0.23899999999999999,0.0035002095717117628,0.0032628086409999995,0.00023740093071176332
0.0050000000000000001,uniform_bound,0.23999999999999999,0.0035634811766500352,0.0033177599999999995,0.00024572117665003571
0.0050000000000000001,uniform_bound,0.24099999999999999,0.0036267527815883075,0.0033734025609999997,0.00025335022058830788
0.0050000000000000001,uniform_bound,0.24199999999999999,0.0036900243865265795,0.0034297420959999996,0.00026028229052657992
0.0050000000000000001,uniform_bound,0.24299999999999999,0.0037532959914648519,0.0034867844009999998,0.00026651159046485202
0.0050000000000000001,uniform_bound,0.24399999999999999,0.0038165675964031238,0.0035445352959999998,0.00027203230040312399
0.0050000000000000001,uniform_bound,0.245,0.0038798392013413962,0.0036030006249999995,0.00027683857634139665
0.0050000000000000001,uniform_bound,0.246,0.0039431108062796686,0.0036621862559999998,0.00028092455027966872
0.0050000000000000001,uniform_bound,0.247,0.0040063824112179409,0.0037220980809999997,0.0002842843302179412
0.0050000000000000001,uniform_bound,0.248,0.0040696540161562133,0.0037827420159999999,0.00028691200015621343
0.0050000000000000001,uniform_bound,0.249,0.0041329256210944857,0.003844124001,0.00028880162009448573
0.0050000000000000001,uniform_bound,0.25,0.0041961972260327581,0.00390625,0.00028994722603275808
0.0050000000000000001,uniform_bound,0.251,0.0042594688309710305,0.0039691260010000003,0.00029034282997103013
0.0050000000000000001,uniform_bound,0.252,0.004322740435909302,0.0040327580159999999,0.00028998241990930203
0.0050000000000000001,uniform_bound,0.253,0.0043860120408475752,0.0040971520809999998,0.00028885995984757537
0.0050000000000000001,uniform_bound,0.254,0.0044492836457858467,0.0041623142560000001,0.00028696938978584659
0.0050000000000000001,uniform_bound,0.255,0.0045125552507241191,0.0042282506249999999,0.0002843046257241192
0.0050000000000000001,uniform_bound,0.25600000000000001,0.0045758268556623915,0.0042949672960000008,0.00028085955966239071
0.0050000000000000001,uniform_bound,0.25700000000000001,0.0046390984606006639,0.0043624704010000008,0.00027662805960066306
0.0050000000000000001,uniform_bound,0.25800000000000001,0.0047023700655389362,0.0044307660960000005,0.00027160396953893572
0.0050000000000000001,uniform_bound,0.25900000000000001,0.0047656416704772086,0.0044998605610000004,0.00026578110947720821
0.0050000000000000001,uniform_bound,0.26000000000000001,0.004828913275415481,0.0045697600000000008,0.00025915327541548017
0.0050000000000000001,uniform_bound,0.26100000000000001,0.0048921848803537525,0.0046404706410000003,0.0002517142393537522
0.0050000000000000001,uniform_bound,0.26200000000000001,0.0049554564852920258,0.0047119987360000008,0.000243457749292025
0.0050000000000000001,uniform_bound,0.26300000000000001,0.0050187280902302973,0.0047843505610000005,0.00023437752923029676
0.0050000000000000001,uniform_bound,0.26400000000000001,0.0050819996951685705,0.0048575324160000013,0.00022446727916856923
0.0050000000000000001,uniform_bound,0.26500000000000001,0.005145271300106842,0.0049315506250000012,0.0002137206751068408
0.0050000000000000001,uniform_bound,0.26600000000000001,0.0052085429050451153,0.005006411536000001,0.00020213136904511427
0.0050000000000000001,uniform_bound,0.26700000000000002,0.0052718145099833868,0.0050821215210000012,0.00018969298898338562
0.0050000000000000001,uniform_bound,0.26800000000000002,0.0053350861149216592,0.0051586869760000013,0.00017639913892165786
0.0050000000000000001,uniform_bound,0.26900000000000002,0.0053983577198599315,0.0052361143210000009,0.00016224339885993061
0.0050000000000000001,uniform_bound,0.27000000000000002,0.0054616293247982039,0.0053144100000000012,0.00014721932479820274
0.0050000000000000001,uniform_bound,0.27100000000000002,0.0055249009297364763,0.0053935804810000014,0.00013132044873647494
0.0050000000000000001,uniform_bound,0.27200000000000002,0.0055881725346747478,0.0054736322560000016,0.00011454027867474625
0.0050000000000000001,uniform_bound,0.27300000000000002,0.0056514441396130211,0.0055545718410000017,9.6872298613019311e-05
0.0050000000000000001,uniform_bound,0.27400000000000002,0.0057147157445512926,0.0056364057760000018,7.830996855129075e-05
0.0050000000000000001,uniform_bound,0.27500000000000002,0.0057779873494895658,0.0057191406250000016,5.8846724489564246e-05
0.0050000000000000001,uniform_bound,0.27600000000000002,0.0058412589544278373,0.0058027829760000016,3.8475978427835768e-05
0.0050000000000000001,uniform_bound,0.27700000000000002,0.0059045305593661097,0.0058873394410000023,1.7191118366107448e-05
0.0050000000000000001,uniform_bound,0.27800000000000002,0.0059793095564702114,0.0059728166560000023,6.4929004702091175e-06
0.0050000000000000001,uniform_bound,0.27900000000000003,0.006094364426154711,0.006059221281000002,3.5143145154709066e-05
0.0050000000000000001,uniform_bound,0.28000000000000003,0.0062094192958392106,0.0061465600000000023,6.2859295839208344e-05
0.0050000000000000001,uniform_bound,0.28100000000000003,0.0063244741655237111,0.0062348395210000025,8.9634644523708604e-05
0.0050000000000000001,uniform_bound,0.28199999999999997,0.0064395290352082038,0.0063240665759999974,0.00011546245920820639
0.0050000000000000001,uniform_bound,0.28299999999999997,0.0065545839048927043,0.0064142479209999973,0.000140335983892707
0.0050000000000000001,uniform_bound,0.28399999999999997,0.0066696387745772039,0.0065053903359999976,0.00016424843857720632
0.0050000000000000001,uniform_bound,0.28499999999999998,0.0067846936442617035,0.006597500624999998,0.00018719301926170551
0.0050000000000000001,uniform_bound,0.28599999999999998,0.006899748513946204,0.0066905856159999982,0.00020916289794620582
0.0050000000000000001,uniform_bound,0.28699999999999998,0.0070148033836307036,0.0067846521609999976,0.00023015122263070602
0.0050000000000000001,uniform_bound,0.28799999999999998,0.0071298582533152032,0.0068797071359999983,0.00025015111731520497
0.0050000000000000001,uniform_bound,0.28899999999999998,0.0072449131229997028,0.0069757574409999978,0.00026915568199970506
0.0050000000000000001,uniform_bound,0.28999999999999998,0.0073599679926842024,0.007072809999999998,0.00028715799268420449
0.0050000000000000001,uniform_bound,0.29099999999999998,0.0074750228623687029,0.0071708717609999979,0.000304151101368705
0.0050000000000000001,uniform_bound,0.29199999999999998,0.0075900777320532025,0.0072699496959999985,0.00032012803605320408
0.0050000000000000001,uniform_bound,0.29299999999999998,0.007705132601737703,0.0073700508009999985,0.00033508180073770454
0.0050000000000000001,uniform_bound,0.29399999999999998,0.0078201874714222026,0.0074711820959999986,0.00034900537542220406
0.0050000000000000001,uniform_bound,0.29499999999999998,0.0079352423411067022,0.0075733506249999983,0.00036189171610670392
0.0050000000000000001,uniform_bound,0.29599999999999999,0.0080502972107912019,0.0076765634559999981,0.00037373375479120372
0.0050000000000000001,uniform_bound,0.29699999999999999,0.0081653520804757015,0.0077808276809999983,0.00038452439947570319
0.0050000000000000001,uniform_bound,0.29799999999999999,0.0082804069501602011,0.0078861504159999981,0.000394256534160203
0.0050000000000000001,uniform_bound,0.29899999999999999,0.0083954618198447024,0.0079925388009999994,0.00040292301884470305
0.0050000000000000001,uniform_bound,0.29999999999999999,0.0085105166895292003,0.0080999999999999996,0.00041051668952920076
0.0050000000000000001,uniform_bound,0.30099999999999999,0.0086255715592137017,0.0082085412009999994,0.00041703035821370228
0.0050000000000000001,uniform_bound,0.30199999999999999,0.0087406264288982013,0.0083181696159999995,0.00042245681289820175
0.0050000000000000001,uniform_bound,0.30299999999999999,0.0088556812985827009,0.0084288924809999988,0.00042678881758270205
0.0050000000000000001,uniform_bound,0.30399999999999999,0.0089707361682672005,0.0085407170559999995,0.00043001911226720098
0.0050000000000000001,uniform_bound,0.30499999999999999,0.0090857910379517001,0.0086536506249999985,0.00043214041295170161
0.0050000000000000001,uniform_bound,0.30599999999999999,0.0092008459076362015,0.0087677004959999996,0.00043314541163620192
0.0050000000000000001,uniform_bound,0.307,0.0093159007773206993,0.0088828740009999994,0.00043302677632069998
0.0050000000000000001,uniform_bound,0.308,0.0094309556470052007,0.0089991784959999998,0.00043177715100520091
0.0050000000000000001,uniform_bound,0.309,0.0095460105166897003,0.0091166213609999991,0.00042938915568970122
0.0050000000000000001,uniform_bound,0.31,0.0096610653863741999,0.0092352099999999989,0.00042585538637420102
0.0050000000000000001,uniform_bound,0.311,0.0097761202560586995,0.009354951840999999,0.00042116841505870049
0.0050000000000000001,uniform_bound,0.312,0.0098911751257431992,0.0094758543359999992,0.00041532078974319993
0.0050000000000000001,uniform_bound,0.313,0.010006229995427701,0.0095979249610000008,0.00040830503442769971
0.0050000000000000001,uniform_bound,0.314,0.010121284865112198,0.0097211712159999998,0.00040011364911219857
0.0050000000000000001,uniform_bound,0.315,0.0102363397347967,0.0098456006250000009,0.00039073910979669883
0.0050000000000000001,uniform_bound,0.316,0.010351394604481199,0.0099712207359999999,0.00038017386848119943
0.0050000000000000001,uniform_bound,0.317,0.010466449474165699,0.010098039121000001,0.00036841035316569765
0.0050000000000000001,uniform_bound,0.318,0.010581504343850199,0.010226063376000001,0.00035544096785019783
0.0050000000000000001,uniform_bound,0.31900000000000001,0.010696559213534698,0.010355301121000001,0.00034125809253469745
0.0050000000000000001,uniform_bound,0.32000000000000001,0.0108116140832192,0.01048576,0.00032585408321919931
0.0050000000000000001,uniform_bound,0.32100000000000001,0.010926668952903697,0.010617447681000002,0.00030922127190369589
0.0050000000000000001,uniform_bound,0.32200000000000001,0.011041723822588199,0.010750371856000002,0.00029135196658819709
0.0050000000000000001,uniform_bound,0.32300000000000001,0.011156778692272698,0.010884540241000001,0.00027223845127269733
0.0050000000000000001,uniform_bound,0.32400000000000001,0.011271833561957198,0.011019960576000002,0.0002518729859571963
0.0050000000000000001,uniform_bound,0.32500000000000001,0.011386888431641698,0.011156640625000002,0.00023024780664169554
0.0050000000000000001,uniform_bound,0.32600000000000001,0.011501943301326197,0.011294588176000002,0.00020735512532619495
0.0050000000000000001,uniform_bound,0.32700000000000001,0.011616998171010697,0.011433811041000002,0.0001831871300106945
0.0050000000000000001,uniform_bound,0.32800000000000001,0.011732053040695196,0.011574317056000002,0.0001577359846951943
0.0050000000000000001,uniform_bound,0.32900000000000001,0.011847107910379698,0.011716114081000002,0.00013099382937969625
0.0050000000000000001,uniform_bound,0.33000000000000002,0.011962162780064196,0.011859210000000002,0.0001029527800641937
0.0050000000000000001,uniform_bound,0.33100000000000002,0.012077217649748697,0.012003612721000003,7.3604928748693954e-05
0.0050000000000000001,uniform_bound,0.33200000000000002,0.012192272519433195,0.012149330176000003,4.2942343433192282e-05
0.0050000000000000001,uniform_bound,0.33300000000000002,0.012307327389117696,0.012296370321000004,1.0957068117692717e-05
0.0050000000000000001,uniform_bound,0.33400000000000002,0.012471993598536995,0.012444741136000003,2.7252462536991526e-05
0.0050000000000000001,uniform_bound,0.33500000000000002,0.012661465477823691,0.012594450625000003,6.7014852823687326e-05
0.0050000000000000001,uniform_bound,0.33600000000000002,0.012850937357110386,0.012745506816000004,0.0001054305411103823
0.0050000000000000001,uniform_bound,0.33700000000000002,0.01304040923639708,0.012897917761000003,0.00014249147539707741
0.0050000000000000001,uniform_bound,0.33800000000000002,0.013229881115683776,0.013051691536000004,0.00017818957968377194
0.0050000000000000001,uniform_bound,0.33900000000000002,0.013419352994970471,0.013206836241000004,0.00021251675397046706
0.0050000000000000001,uniform_bound,0.34000000000000002,0.013608824874257165,0.013363360000000005,0.00024546487425716051
0.0050000000000000001,uniform_bound,0.34100000000000003,0.013798296753543861,0.013521270961000004,0.00027702579254385712
0.0050000000000000001,uniform_bound,0.34200000000000003,0.013987768632830555,0.013680577296000003,0.00030719133683055136
0.0050000000000000001,uniform_bound,0.34300000000000003,0.01417724051211725,0.013841287201000004,0.00033595331111724649
0.0050000000000000001,uniform_bound,0.34399999999999997,0.014366712391403936,0.014003408895999995,0.00036330349540394068
0.0050000000000000001,uniform_bound,0.34499999999999997,0.014556184270690629,0.014166950624999996,0.00038923364569063389
0.0050000000000000001,uniform_bound,0.34599999999999997,0.014745656149977325,0.014331920655999995,0.00041373549397732967
0.0050000000000000001,uniform_bound,0.34699999999999998,0.014935128029264021,0.014498327280999996,0.00043680074826402474
0.0050000000000000001,uniform_bound,0.34799999999999998,0.015124599908550715,0.014666178815999995,0.00045842109255071935
0.0050000000000000001,uniform_bound,0.34899999999999998,0.01531407178783741,0.014835483600999996,0.00047858818683741387
0.0050000000000000001,uniform_bound,0.34999999999999998,0.015503543667124104,0.015006249999999997,0.00049729366712410704
0.0050000000000000001,uniform_bound,0.35099999999999998,0.0156930155464108,0.015178486400999997,0.00051452914541080287
0.0050000000000000001,uniform_bound,0.35199999999999998,0.015882487425697495,0.015352201215999997,0.00053028620969749855
0.0050000000000000001,uniform_bound,0.35299999999999998,0.016071959304984191,0.015527402880999996,0.00054455642398419483
0.0050000000000000001,uniform_bound,0.35399999999999998,0.016261431184270883,0.015704099855999996,0.00055733132827088736
0.0050000000000000001,uniform_bound,0.35499999999999998,0.016450903063557579,0.015882300624999998,0.00056860243855758053
0.0050000000000000001,uniform_bound,0.35599999999999998,0.016640374942844274,0.016062013695999997,0.00057836124684427712
0.0050000000000000001,uniform_bound,0.35699999999999998,0.01682984682213097,0.016243247600999999,0.00058659922113097132
0.0050000000000000001,uniform_bound,0.35799999999999998,0.017019318701417666,0.016426010895999998,0.00059330780541766784
0.0050000000000000001,uniform_bound,0.35899999999999999,0.017208790580704361,0.016610312160999997,0.00059847841970436452
0.0050000000000000001,uniform_bound,0.35999999999999999,0.017398262459991053,0.016796159999999997,0.00060210245999105586
0.0050000000000000001,uniform_bound,0.36099999999999999,0.017587734339277749,0.016983563040999999,0.00060417129827775029
0.0050000000000000001,uniform_bound,0.36199999999999999,0.017777206218564445,0.017172529935999999,0.00060467628256444597
0.0050000000000000001,uniform_bound,0.36299999999999999,0.01796667809785114,0.017363069360999999,0.00060360873685114114
0.0050000000000000001,uniform_bound,0.36399999999999999,0.018156149977137832,0.017555190015999998,0.00060095996113783412
0.0050000000000000001,uniform_bound,0.36499999999999999,0.018345621856424528,0.017748900624999998,0.00059672123142453029
0.0050000000000000001,uniform_bound,0.36599999999999999,0.018535093735711224,0.017944209935999999,0.00059088379971122471
0.0050000000000000001,uniform_bound,0.36699999999999999,0.018724565614997919,0.018141126721,0.00058343889399791946
0.0050000000000000001,uniform_bound,0.36799999999999999,0.018914037494284615,0.018339659775999998,0.00057437771828461673
0.0050000000000000001,uniform_bound,0.36899999999999999,0.01910350937357131,0.018539817920999999,0.00056369145257131187
0.0050000000000000001,uniform_bound,0.37,0.019292981252858003,0.018741609999999999,0.00055137125285800379
0.0050000000000000001,uniform_bound,0.371,0.019482453132144698,0.018945044881,0.00053740825114469842
0.0050000000000000001,uniform_bound,0.372,0.019671925011431394,0.019150131455999999,0.00052179355543139488
0.0050000000000000001,uniform_bound,0.373,0.019861396890718089,0.019356878641000001,0.0005045182497180889
0.0050000000000000001,uniform_bound,0.374,0.020050868770004785,0.019565295375999998,0.00048557339400478669
0.0050000000000000001,uniform_bound,0.375,0.020240340649291477,0.019775390625,0.00046495002429147725
0.0050000000000000001,uniform_bound,0.376,0.020429812528578173,0.019987173375999999,0.00044263915257817393
0.0050000000000000001,uniform_bound,0.377,0.020619284407864868,0.020200652640999999,0.00041863176686486939
0.0050000000000000001,uniform_bound,0.378,0.020808756287151564,0.020415837456000001,0.00039291883115156329
0.0050000000000000001,uniform_bound,0.379,0.02099822816643826,0.020632736881000001,0.00036549128543825887
0.0050000000000000001,uniform_bound,0.38,0.021187700045724955,0.020851359999999999,0.00033634004572495602
0.0050000000000000001,uniform_bound,0.38100000000000001,0.021377171925011651,0.021071715921,0.00030545600401165121
0.0050000000000000001,uniform_bound,0.38200000000000001,0.021566643804298343,0.021293813776000002,0.00027283002829834105
0.0050000000000000001,uniform_bound,0.38300000000000001,0.021756115683585039,0.021517662721000003,0.00023845296258503609
0.0050000000000000001,uniform_bound,0.38400000000000001,0.021945587562871734,0.021743271936000001,0.00020231562687173313
0.0050000000000000001,uniform_bound,0.38500000000000001,0.022135059442158427,0.021970650625000001,0.00016440881715842556
0.0050000000000000001,uniform_bound,0.38600000000000001,0.022324531321445122,0.022199808016000001,0.00012472330544512078
0.0050000000000000001,uniform_bound,0.38700000000000001,0.022514003200731818,0.022430753361000002,8.324983973181585e-05
0.0050000000000000001,uniform_bound,0.38800000000000001,0.022703475080018513,0.022663495936000002,3.9979144018511409e-05
0.0050000000000000001,uniform_bound,0.38900000000000001,0.022904187623838054,0.022898045041000004,6.1425828380493042e-06
0.0050000000000000001,uniform_bound,0.39000000000000001,0.023194825483920361,0.023134410000000005,6.0415483920356339e-05
0.0050000000000000001,uniform_bound,0.39100000000000001,0.023485463344002665,0.023372600161000002,0.00011286318300266288
0.0050000000000000001,uniform_bound,0.39200000000000002,0.023776101204084969,0.023612624896000002,0.00016347630808496647
0.0050000000000000001,uniform_bound,0.39300000000000002,0.024066739064167272,0.023854493601000004,0.00021224546316726822
0.0050000000000000001,uniform_bound,0.39400000000000002,0.02435737692424958,0.024098215696000003,0.0002591612282495763
0.0050000000000000001,uniform_bound,0.39500000000000002,0.024648014784331884,0.024343800625000005,0.00030421415933187812
0.0050000000000000001,uniform_bound,0.39600000000000002,0.024938652644414187,0.024591257856000005,0.00034739478841418203
0.0050000000000000001,uniform_bound,0.39700000000000002,0.025229290504496491,0.024840596881000005,0.00038869362349648606
0.0050000000000000001,uniform_bound,0.39800000000000002,0.025519928364578798,0.025091827216000007,0.00042810114857879181
0.0050000000000000001,uniform_bound,0.39900000000000002,0.025810566224661102,0.025344958401000005,0.00046560782366109749
0.0050000000000000001,uniform_bound,0.40000000000000002,0.026101204084743406,0.025600000000000005,0.00050120408474340142
0.0050000000000000001,uniform_bound,0.40100000000000002,0.02639184194482571,0.025856961601000004,0.00053488034382570548
0.0050000000000000001,uniform_bound,0.40200000000000002,0.026682479804908017,0.026115852816000006,0.00056662698890801166
0.0050000000000000001,uniform_bound,0.40300000000000002,0.026973117664990321,0.026376683281000006,0.00059643438399031509
0.0050000000000000001,uniform_bound,0.40400000000000003,0.027263755525072625,0.026639462656000007,0.00062429286907261794
0.0050000000000000001,uniform_bound,0.40500000000000003,0.027554393385154932,0.026904200625000006,0.00065019276015492594
0.0050000000000000001,uniform_bound,0.40600000000000003,0.027845031245237233,0.027170906896000008,0.00067412434923722411
0.0050000000000000001,uniform_bound,0.40699999999999997,0.028135669105319523,0.027439591200999994,0.00069607790431952879
0.0050000000000000001,uniform_bound,0.40799999999999997,0.028426306965401826,0.027710263295999994,0.00071604366940183212
0.0050000000000000001,uniform_bound,0.40899999999999997,0.028716944825484134,0.027982932960999993,0.00073401186448414021
0.0050000000000000001,uniform_bound,0.40999999999999998,0.029007582685566437,0.028257609999999992,0.00074997268556644542
0.0050000000000000001,uniform_bound,0.41099999999999998,0.029298220545648741,0.028534304240999994,0.0007639163046487471
0.0050000000000000001,uniform_bound,0.41199999999999998,0.029588858405731045,0.028813025535999993,0.00077583286973105167
0.0050000000000000001,uniform_bound,0.41299999999999998,0.029879496265813352,0.029093783760999994,0.00078571250481335869
0.0050000000000000001,uniform_bound,0.41399999999999998,0.030170134125895656,0.029376588815999995,0.00079354530989566088
0.0050000000000000001,uniform_bound,0.41499999999999998,0.03046077198597796,0.029661450624999995,0.00079932136097796494
0.0050000000000000001,uniform_bound,0.41599999999999998,0.030751409846060264,0.029948379135999993,0.00080303071006027071
0.0050000000000000001,uniform_bound,0.41699999999999998,0.031042047706142571,0.030237384320999993,0.00080466338514257815
0.0050000000000000001,uniform_bound,0.41799999999999998,0.031332685566224872,0.030528476175999995,0.00080420939022487689
0.0050000000000000001,uniform_bound,0.41899999999999998,0.031623323426307179,0.030821664720999994,0.00080165870530718442
0.0050000000000000001,uniform_bound,0.41999999999999998,0.031913961286389486,0.031116959999999996,0.00079700128638949055
0.0050000000000000001,uniform_bound,0.42099999999999999,0.032204599146471787,0.031414372080999994,0.00079022706547179217
0.0050000000000000001,uniform_bound,0.42199999999999999,0.032495237006554094,0.031713911055999994,0.00078132595055410009
0.0050000000000000001,uniform_bound,0.42299999999999999,0.032785874866636394,0.032015587040999993,0.00077028782563640097
0.0050000000000000001,uniform_bound,0.42399999999999999,0.033076512726718701,0.032319410175999999,0.00075710255071870236
0.0050000000000000001,uniform_bound,0.42499999999999999,0.033367150586801009,0.032625390624999993,0.00074175996180101539
0.0050000000000000001,uniform_bound,0.42599999999999999,0.033657788446883309,0.032933538575999996,0.00072424987088331311
0.0050000000000000001,uniform_bound,0.42699999999999999,0.033948426306965616,0.033243864240999996,0.00070456206596562071
0.0050000000000000001,uniform_bound,0.42799999999999999,0.034239064167047924,0.033556377855999998,0.00068268631104792532
0.0050000000000000001,uniform_bound,0.42899999999999999,0.034529702027130224,0.033871089681,0.00065861234613022457
0.0050000000000000001,uniform_bound,0.42999999999999999,0.034820339887212531,0.034188009999999998,0.00063232988721253353
0.0050000000000000001,uniform_bound,0.43099999999999999,0.035110977747294839,0.034507149120999996,0.00060382862629484307
0.0050000000000000001,uniform_bound,0.432,0.035401615607377139,0.034828517375999998,0.00057309823137714072
0.0050000000000000001,uniform_bound,0.433,0.035692253467459446,0.035152125121000001,0.0005401283464594453
0.0050000000000000001,uniform_bound,0.434,0.035982891327541747,0.035477982736000002,0.0005049085915417445
0.0050000000000000001,uniform_bound,0.435,0.036273529187624054,0.035806100624999997,0.00046742856262405735
0.0050000000000000001,uniform_bound,0.436,0.036564167047706361,0.036136489215999996,0.00042767783170636481
0.0050000000000000001,uniform_bound,0.437,0.036854804907788662,0.036469158961000003,0.00038564594678865832
0.0050000000000000001,uniform_bound,0.438,0.037145442767870969,0.036804120336000001,0.00034132243187096761
0.0050000000000000001,uniform_bound,0.439,0.037436080627953269,0.037141383840999999,0.00029469678695327045
0.0050000000000000001,uniform_bound,0.44,0.037726718488035577,0.037480960000000001,0.00024575848803557593
0.0050000000000000001,uniform_bound,0.441,0.038017356348117884,0.037822859361000001,0.00019449698711788282
0.0050000000000000001,uniform_bound,0.442,0.038307994208200184,0.038167092496000005,0.00014090171220017961
0.0050000000000000001,uniform_bound,0.443,0.038598632068282492,0.038513670000999999,8.4962067282493003e-05
0.0050000000000000001,uniform_bound,0.44400000000000001,0.038889269928364792,0.038862602496000001,2.6667432364790855e-05
0.0050000000000000001,uniform_bound,0.44500000000000001,0.039253257887517372,0.039213900624999999,3.9357262517372704e-05
0.0050000000000000001,uniform_bound,0.44600000000000001,0.039675925925926149,0.039567575056000004,0.00010835086992614512
0.0050000000000000001,uniform_bound,0.44700000000000001,0.040098593964334933,0.039923636481000002,0.000174957483334931
0.0050000000000000001,uniform_bound,0.44800000000000001,0.04052126200274371,0.040282095616000005,0.00023916638674370549
0.0050000000000000001,uniform_bound,0.44900000000000001,0.040943930041152488,0.040642963201000006,0.00030096684015248204
0.0050000000000000001,uniform_bound,0.45000000000000001,0.041366598079561272,0.041006250000000001,0.00036034807956127068
0.0050000000000000001,uniform_bound,0.45100000000000001,0.041789266117970049,0.041371966801000006,0.00041729931697004341
0.0050000000000000001,uniform_bound,0.45200000000000001,0.042211934156378833,0.041740124416000002,0.00047180974037883128
0.0050000000000000001,uniform_bound,0.45300000000000001,0.04263460219478761,0.042110733681000004,0.00052386851378760646
0.0050000000000000001,uniform_bound,0.45400000000000001,0.043057270233196387,0.042483805456000008,0.00057346477719637939
0.0050000000000000001,uniform_bound,0.45500000000000002,0.043479938271605172,0.042859350625000008,0.00062058764660516408
0.0050000000000000001,uniform_bound,0.45600000000000002,0.043902606310013949,0.043237380096000005,0.00066522621401394338
0.0050000000000000001,uniform_bound,0.45700000000000002,0.044325274348422733,0.043617904801000008,0.00070736954742272456
0.0050000000000000001,uniform_bound,0.45800000000000002,0.04474794238683151,0.044000935696000006,0.00074700669083150456
0.0050000000000000001,uniform_bound,0.45900000000000002,0.045170610425240287,0.04438648376100001,0.00078412666424027694
0.0050000000000000001,uniform_bound,0.46000000000000002,0.045593278463649071,0.044774560000000005,0.00081871846364906659
0.0050000000000000001,uniform_bound,0.46100000000000002,0.046015946502057849,0.045165175441000009,0.00085077106105783951
0.0050000000000000001,uniform_bound,0.46200000000000002,0.046438614540466633,0.045558341136000005,0.00088027340446662772
0.0050000000000000001,uniform_bound,0.46300000000000002,0.04686128257887541,0.045954068161000006,0.00090721441787540436
0.0050000000000000001,uniform_bound,0.46400000000000002,0.047283950617284187,0.046352367616000006,0.00093158300128418081
0.0050000000000000001,uniform_bound,0.46500000000000002,0.047706618655692971,0.046753250625000013,0.00095336803069295817
0.0050000000000000001,uniform_bound,0.46600000000000003,0.048129286694101756,0.047156728336000008,0.00097255835810174801
0.0050000000000000001,uniform_bound,0.46700000000000003,0.048551954732510533,0.047562811921000009,0.00098914281151052386
0.0050000000000000001,uniform_bound,0.46800000000000003,0.04897462277091931,0.047971512576000012,0.0010031101949192975
0.0050000000000000001,uniform_bound,0.46899999999999997,0.049397290809328066,0.048382841520999989,0.0010144492883280773
0.0050000000000000001,uniform_bound,0.46999999999999997,0.04981995884773685,0.048796809999999989,0.0010231488477368614
0.0050000000000000001,uniform_bound,0.47099999999999997,0.050242626886145628,0.04921342928099999,0.0010291976051456375
0.0050000000000000001,uniform_bound,0.47199999999999998,0.050665294924554405,0.049632710655999987,0.0010325842685544179
0.0050000000000000001,uniform_bound,0.47299999999999998,0.051087962962963189,0.050054665440999992,0.0010332975219631974
0.0050000000000000001,uniform_bound,0.47399999999999998,0.051510631001371973,0.050479304975999992,0.0010313260253719814
0.0050000000000000001,uniform_bound,0.47499999999999998,0.05193329903978075,0.050906640624999992,0.0010266584147807581
0.0050000000000000001,uniform_bound,0.47599999999999998,0.052355967078189528,0.051336683775999988,0.0010192833021895401
0.0050000000000000001,uniform_bound,0.47699999999999998,0.052778635116598305,0.051769445840999989,0.0010091892755983156
0.0050000000000000001,uniform_bound,0.47799999999999998,0.053201303155007089,0.052204938255999991,0.00099636489900709752
0.0050000000000000001,uniform_bound,0.47899999999999998,0.053623971193415866,0.052643172480999992,0.0009807987124158743
0.0050000000000000001,uniform_bound,0.47999999999999998,0.05404663923182465,0.053084159999999991,0.00096247923182465889
0.0050000000000000001,uniform_bound,0.48099999999999998,0.054469307270233427,0.053527912320999994,0.00094139494923343309
0.0050000000000000001,uniform_bound,0.48199999999999998,0.054891975308642205,0.053974440975999995,0.00091753433264221002
0.0050000000000000001,uniform_bound,0.48299999999999998,0.055314643347050989,0.054423757520999996,0.00089088582605099248
0.0050000000000000001,uniform_bound,0.48399999999999999,0.055737311385459773,0.054875873535999993,0.00086143784945977991
0.0050000000000000001,uniform_bound,0.48499999999999999,0.05615997942386855,0.055330800624999996,0.0008291787988685545
0.0050000000000000001,uniform_bound,0.48599999999999999,0.056582647462277327,0.055788550415999998,0.00079409704627732974
0.0050000000000000001,uniform_bound,0.48699999999999999,0.057005315500686105,0.056249134560999996,0.00075618093968610883
0.0050000000000000001,uniform_bound,0.48799999999999999,0.057427983539094896,0.056712564735999997,0.00071541880309489853
0.0050000000000000001,uniform_bound,0.48899999999999999,0.057850651577503673,0.057178852640999998,0.00067179893650367445
0.0050000000000000001,uniform_bound,0.48999999999999999,0.05827331961591245,0.057648009999999993,0.00062530961591245743
0.0050000000000000001,uniform_bound,0.49099999999999999,0.058695987654321227,0.058120048560999997,0.00057593909332123022
0.0050000000000000001,uniform_bound,0.49199999999999999,0.059118655692730011,0.058594980095999998,0.00052367559673001385
0.0050000000000000001,uniform_bound,0.49299999999999999,0.059541323731138789,0.059072816400999997,0.00046850733013879126
0.0050000000000000001,uniform_bound,0.49399999999999999,0.059963991769547573,0.059553569295999996,0.00041042247354757672
0.0050000000000000001,uniform_bound,0.495,0.06038665980795635,0.060037250624999997,0.00034940918295635337
0.0050000000000000001,uniform_bound,0.496,0.060809327846365127,0.060523872255999998,0.00028545559036512874
0.0050000000000000001,uniform_bound,0.497,0.061231995884773911,0.061013446080999997,0.00021854980377391392
0.0050000000000000001,uniform_bound,0.498,0.061654663923182688,0.061505984016,0.00014867990718268886
0.0050000000000000001,uniform_bound,0.499,0.062077331961591473,0.062001498001000001,7.5833960591471794e-05
0.0050000000000000001,uniform_bound,0.5,0.06250000000000025,0.0625,2.4980018054066022e-16
0.0050000000000000001,uniform_bound,0.501,0.063089677640603817,0.063001502001000007,8.8175639603810252e-05
0.0050000000000000001,uniform_bound,0.502,0.063679355281207384,0.063506016016000005,0.00017333926520737841
0.0050000000000000001,uniform_bound,0.503,0.064269032921810951,0.064013554080999999,0.00025547884081095207
0.0050000000000000001,uniform_bound,0.504,0.064858710562414518,0.064524128255999999,0.00033458230641451869
0.0050000000000000001,uniform_bound,0.505,0.065448388203018085,0.065037750625000001,0.0004106375780180832
0.0050000000000000001,uniform_bound,0.50600000000000001,0.066038065843621652,0.065554433295999998,0.00048363254762165409
0.0050000000000000001,uniform_bound,0.50700000000000001,0.066627743484225233,0.066074188401000003,0.00055355508322522951
0.0050000000000000001,uniform_bound,0.50800000000000001,0.067217421124828799,0.066597028096000002,0.00062039302882879732
0.0050000000000000001,uniform_bound,0.50900000000000001,0.067807098765432366,0.067122964561000004,0.00068413420443236284
0.0050000000000000001,uniform_bound,0.51000000000000001,0.068396776406035933,0.067652009999999999,0.00074476640603593491
0.0050000000000000001,uniform_bound,0.51100000000000001,0.0689864540466395,0.068184176641000002,0.00080227740563949823
0.0050000000000000001,uniform_bound,0.51200000000000001,0.069576131687243067,0.068719476736000012,0.00085665495124305491
0.0050000000000000001,uniform_bound,0.51300000000000001,0.070165809327846634,0.06925792256100001,0.0009078867668466245
0.0050000000000000001,uniform_bound,0.51400000000000001,0.070755486968450201,0.069799526416000013,0.00095596055245018852
0.0050000000000000001,uniform_bound,0.51500000000000001,0.071345164609053768,0.070344300625000009,0.0010008639840537598
0.0050000000000000001,uniform_bound,0.51600000000000001,0.071934842249657335,0.070892257536000008,0.0010425847136573269
0.0050000000000000001,uniform_bound,0.51700000000000002,0.072524519890260902,0.071443409521000006,0.0010811103692608959
0.0050000000000000001,uniform_bound,0.51800000000000002,0.073114197530864469,0.071997768976000007,0.0011164285548644626
0.0050000000000000001,uniform_bound,0.51900000000000002,0.073703875171468036,0.07255534832100001,0.0011485268504680263
0.0050000000000000001,uniform_bound,0.52000000000000002,0.074293552812071617,0.073116160000000013,0.0011773928120716037
0.0050000000000000001,uniform_bound,0.52100000000000002,0.074883230452675184,0.07368021648100001,0.0012030139716751737
0.0050000000000000001,uniform_bound,0.52200000000000002,0.075472908093278751,0.074247530256000005,0.0012253778372787461
0.0050000000000000001,uniform_bound,0.52300000000000002,0.076062585733882318,0.074818113841000011,0.0012444718928823068
0.0050000000000000001,uniform_bound,0.52400000000000002,0.076652263374485885,0.075391979776000012,0.0012602835984858729
0.0050000000000000001,uniform_bound,0.52500000000000002,0.077241941015089452,0.075969140625000015,0.0012728003900894375
0.0050000000000000001,uniform_bound,0.52600000000000002,0.077831618655693019,0.076549608976000008,0.0012820096796930108
0.0050000000000000001,uniform_bound,0.52700000000000002,0.078421296296296586,0.077133397441000021,0.0012878988552965653
0.0050000000000000001,uniform_bound,0.52800000000000002,0.079010973936900153,0.077720518656000021,0.0012904552809001324
0.0050000000000000001,uniform_bound,0.52900000000000003,0.07960065157750372,0.078310985281000015,0.0012896662965037053
0.0050000000000000001,uniform_bound,0.53000000000000003,0.080190329218107287,0.07890481000000002,0.0012855192181072672
0.0050000000000000001,uniform_bound,0.53100000000000003,0.080780006858710854,0.079502005521000021,0.0012780013377108324
0.0050000000000000001,uniform_bound,0.53200000000000003,0.081369684499314421,0.080102584576000016,0.0012670999233144048
0.0050000000000000001,uniform_bound,0.53300000000000003,0.081959362139918002,0.080706559921000023,0.0012528022189179783
0.0050000000000000001,uniform_bound,0.53400000000000003,0.082549039780521555,0.081313944336000019,0.0012350954445215362
0.0050000000000000001,uniform_bound,0.53500000000000003,0.083138717421125136,0.081924750625000015,0.001213966796125121
0.0050000000000000001,uniform_bound,0.53600000000000003,0.083728395061728703,0.082538991616000021,0.0011894034457286817
0.0050000000000000001,uniform_bound,0.53700000000000003,0.08431807270233227,0.083156680161000016,0.001161392541332254
0.0050000000000000001,uniform_bound,0.53800000000000003,0.084907750342935837,0.083777829136000015,0.0011299212069358217
0.0050000000000000001,uniform_bound,0.53900000000000003,0.085497427983539404,0.084402451441000018,0.0010949765425393859
0.0050000000000000001,uniform_bound,0.54000000000000004,0.086087105624142971,0.085030560000000019,0.0010565456241429516
0.0050000000000000001,uniform_bound,0.54100000000000004,0.086676783264746537,0.085662167761000024,0.0010146155037465132
0.0050000000000000001,uniform_bound,0.54200000000000004,0.087266460905350104,0.086297287696000022,0.00096917320935008267
0.0050000000000000001,uniform_bound,0.54300000000000004,0.087856138545953671,0.086935932801000024,0.00092020574495364771
0.0050000000000000001,uniform_bound,0.54400000000000004,0.088445816186557238,0.087578116096000025,0.00086770009055721353
0.0050000000000000001,uniform_bound,0.54500000000000004,0.089035493827160805,0.08822385062500003,0.00081164320216077501
0.0050000000000000001,uniform_bound,0.54600000000000004,0.089625171467764372,0.088873149456000028,0.00075202201176434447
0.0050000000000000001,uniform_bound,0.54700000000000004,0.090214849108367939,0.089526025681000029,0.00068882342736791002
0.0050000000000000001,uniform_bound,0.54800000000000004,0.09080452674897152,0.090182492416000029,0.00062203433297149113
0.0050000000000000001,uniform_bound,0.54900000000000004,0.091394204389575073,0.090842562801000032,0.00055164158857504142
0.0050000000000000001,uniform_bound,0.55000000000000004,0.091983882030178654,0.091506250000000025,0.0004776320301786291
0.0050000000000000001,uniform_bound,0.55100000000000005,0.092573559670782221,0.092173567201000034,0.00039999246978218717
0.0050000000000000001,uniform_bound,0.55200000000000005,0.093163237311385788,0.092844527616000025,0.00031870969538576321
0.0050000000000000001,uniform_bound,0.55300000000000005,0.093752914951989355,0.09351914448100003,0.00023377047098932513
0.0050000000000000001,uniform_bound,0.55400000000000005,0.094342592592592922,0.094197431056000036,0.000145161536592886
0.0050000000000000001,uniform_bound,0.55500000000000005,0.094932270233196489,0.094879400625000027,5.286960819646247e-05
0.0050000000000000001,uniform_bound,0.55600000000000005,0.095613549763755856,0.095565066496000037,4.8483267755819459e-05
0.0050000000000000001,uniform_bound,0.55700000000000005,0.096409331656759981,0.096254442001000029,0.00015488965575995162
0.0050000000000000001,uniform_bound,0.55800000000000005,0.097205113549764091,0.096947540496000031,0.0002575730537640597
0.0050000000000000001,uniform_bound,0.55900000000000005,0.098000895442768202,0.097644375361000041,0.00035652008176816075
0.0050000000000000001,uniform_bound,0.56000000000000005,0.098796677335772326,0.098344960000000037,0.00045171733577228923
0.0050000000000000001,uniform_bound,0.56100000000000005,0.099592459228776437,0.099049307841000037,0.00054315138777639993
0.0050000000000000001,uniform_bound,0.56200000000000006,0.10038824112178055,0.09975743233600004,0.0006308087857805067
0.0050000000000000001,uniform_bound,0.56299999999999994,0.10118402301478457,0.10046934696099996,0.00071467605378461307
0.0050000000000000001,uniform_bound,0.56399999999999995,0.1019798049077887,0.10118506521599996,0.00079473969178874004
0.0050000000000000001,uniform_bound,0.56499999999999995,0.10277558680079281,0.10190460062499997,0.00087098617579284277
0.0050000000000000001,uniform_bound,0.56599999999999995,0.10357136869379692,0.10262796673599996,0.00094340195779696323
0.0050000000000000001,uniform_bound,0.56699999999999995,0.10436715058680104,0.10335517712099997,0.0010119734658010776
0.0050000000000000001,uniform_bound,0.56799999999999995,0.10516293247980515,0.10408624537599996,0.0010766871038051934
0.0050000000000000001,uniform_bound,0.56899999999999995,0.10595871437280927,0.10482118512099996,0.0011375292518093078
0.0050000000000000001,uniform_bound,0.56999999999999995,0.10675449626581339,0.10556000999999997,0.0011944862658134214
0.0050000000000000001,uniform_bound,0.57099999999999995,0.1075502781588175,0.10630273368099996,0.0012475444778175387
0.0050000000000000001,uniform_bound,0.57199999999999995,0.10834606005182161,0.10704936985599997,0.0012966901958216398
0.0050000000000000001,uniform_bound,0.57299999999999995,0.10914184194482573,0.10779993224099997,0.0013419097038257638
0.0050000000000000001,uniform_bound,0.57399999999999995,0.10993762383782985,0.10855443457599996,0.0013831892618298841
0.0050000000000000001,uniform_bound,0.57499999999999996,0.11073340573083396,0.10931289062499996,0.0014205151058339915
0.0050000000000000001,uniform_bound,0.57599999999999996,0.11152918762383807,0.11007531417599997,0.0014538734478380944
0.0050000000000000001,uniform_bound,0.57699999999999996,0.11232496951684219,0.11084171904099997,0.0014832504758422183
0.0050000000000000001,uniform_bound,0.57799999999999996,0.1131207514098463,0.11161211905599996,0.001508632353846337
0.0050000000000000001,uniform_bound,0.57899999999999996,0.11391653330285043,0.11238652808099997,0.0015300052218504556
0.0050000000000000001,uniform_bound,0.57999999999999996,0.11471231519585454,0.11316495999999997,0.0015473551958545689
0.0050000000000000001,uniform_bound,0.58099999999999996,0.11550809708885865,0.11394742872099997,0.0015606683678586752
0.0050000000000000001,uniform_bound,0.58199999999999996,0.11630387898186276,0.11473394817599997,0.0015699308058627903
0.0050000000000000001,uniform_bound,0.58299999999999996,0.11709966087486688,0.11552453232099998,0.0015751285538669058
0.0050000000000000001,uniform_bound,0.58399999999999996,0.11789544276787099,0.11631919513599998,0.0015762476318710167
0.0050000000000000001,uniform_bound,0.58499999999999996,0.11869122466087512,0.11711795062499997,0.0015732740358751496
0.0050000000000000001,uniform_bound,0.58599999999999997,0.11948700655387923,0.11792081281599998,0.0015661937378792512
0.0050000000000000001,uniform_bound,0.58699999999999997,0.12028278844688334,0.11872779576099997,0.001554992685883369
0.0050000000000000001,uniform_bound,0.58799999999999997,0.12107857033988745,0.11953891353599998,0.0015396568038874708
0.0050000000000000001,uniform_bound,0.58899999999999997,0.12187435223289157,0.12035418024099998,0.0015201719918915974
0.0050000000000000001,uniform_bound,0.58999999999999997,0.12267013412589568,0.12117360999999997,0.0014965241258957096
0.0050000000000000001,uniform_bound,0.59099999999999997,0.12346591601889979,0.12199721696099998,0.0014686990578998138
0.0050000000000000001,uniform_bound,0.59199999999999997,0.12426169791190392,0.12282501529599997,0.0014366826159039475
0.0050000000000000001,uniform_bound,0.59299999999999997,0.12505747980490803,0.12365701920099997,0.0014004606039080547
0.0050000000000000001,uniform_bound,0.59399999999999997,0.12585326169791214,0.12449324289599997,0.0013600188019121662
0.0050000000000000001,uniform_bound,0.59499999999999997,0.12664904359091625,0.12533370062499999,0.0013153429659162608
0.0050000000000000001,uniform_bound,0.59599999999999997,0.12744482548392039,0.12617840665599997,0.001266418827920418
0.0050000000000000001,uniform_bound,0.59699999999999998,0.1282406073769245,0.12702737528099997,0.0012132320959245269
0.0050000000000000001,uniform_bound,0.59799999999999998,0.12903638926992861,0.12788062081599999,0.0011557684539286184
0.0050000000000000001,uniform_bound,0.59899999999999998,0.12983217116293272,0.12873815760099999,0.0010940135619327274
0.0050000000000000001,uniform_bound,0.59999999999999998,0.13062795305593683,0.12959999999999999,0.0010279530559368366
0.0050000000000000001,uniform_bound,0.60099999999999998,0.13142373494894094,0.13046616240099998,0.00095757254794096025
0.0050000000000000001,uniform_bound,0.60199999999999998,0.13221951684194505,0.13133665921599999,0.00088285762594506045
0.0050000000000000001,uniform_bound,0.60299999999999998,0.13301529873494919,0.13221150488099997,0.00080379385394921399
0.0050000000000000001,uniform_bound,0.60399999999999998,0.1338110806279533,0.13309071385599999,0.00072036677195330689
0.0050000000000000001,uniform_bound,0.60499999999999998,0.13460686252095741,0.13397430062499999,0.00063256189595742307
0.0050000000000000001,uniform_bound,0.60599999999999998,0.13540264441396152,0.13486227969599998,0.00054036471796153895
0.0050000000000000001,uniform_bound,0.60699999999999998,0.13619842630696566,0.135754665601,0.00044376070596566231
0.0050000000000000001,uniform_bound,0.60799999999999998,0.13699420819996977,0.13665147289599999,0.00034273530396977669
0.0050000000000000001,uniform_bound,0.60899999999999999,0.13778999009297388,0.13755271616099998,0.00023727393197389701
0.0050000000000000001,uniform_bound,0.60999999999999999,0.13858577198597799,0.13845840999999998,0.00012736198597801396
0.0050000000000000001,uniform_bound,0.61099999999999999,0.1393815538789821,0.13936856904099998,1.29848379821218e-05
0.0050000000000000001,uniform_bound,0.61199999999999999,0.14039894833104732,0.14028320793599999,0.00011574039504733125
0.0050000000000000001,uniform_bound,0.61299999999999999,0.14144404435299518,0.14120234136099999,0.00024170299199519074
0.0050000000000000001,uniform_bound,0.61399999999999999,0.14248914037494306,0.14212598401599999,0.00036315635894307308
0.0050000000000000001,uniform_bound,0.61499999999999999,0.14353423639689095,0.14305415062499999,0.00048008577189095902
0.0050000000000000001,uniform_bound,0.61599999999999999,0.1445793324188388,0.143986855936,0.00059247648283880516
0.0050000000000000001,uniform_bound,0.61699999999999999,0.14562442844078669,0.144924114721,0.00070031371978668266
0.0050000000000000001,uniform_bound,0.61799999999999999,0.14666952446273454,0.14586594177599999,0.00080358268673455524
0.0050000000000000001,uniform_bound,0.61899999999999999,0.14771462048468242,0.14681235192100001,0.00090226856368241792
0.0050000000000000001,uniform_bound,0.62,0.14875971650663031,0.14776335999999998,0.00099635650663032482
0.0050000000000000001,uniform_bound,0.621,0.14980481252857816,0.148718980881,0.0010858316475781671
0.0050000000000000001,uniform_bound,0.622,0.15084990855052605,0.14967922945599998,0.0011706790945260614
0.0050000000000000001,uniform_bound,0.623,0.1518950045724739,0.150644120641,0.0012508839314739062
0.0050000000000000001,uniform_bound,0.624,0.15294010059442179,0.15161366937599999,0.0013264312184217975
0.0050000000000000001,uniform_bound,0.625,0.15398519661636967,0.152587890625,0.0013973059913696684
0.0050000000000000001,uniform_bound,0.626,0.15503029263831752,0.15356679937600001,0.0014634932623175112
0.0050000000000000001,uniform_bound,0.627,0.15607538866026541,0.154550410641,0.001524978019265405
0.0050000000000000001,uniform_bound,0.628,0.15712048468221329,0.155538739456,0.0015817452262132936
0.0050000000000000001,uniform_bound,0.629,0.15816558070416115,0.15653180088099999,0.0016337798231611522
0.0050000000000000001,uniform_bound,0.63,0.15921067672610903,0.15752961000000001,0.0016810667261090151
0.0050000000000000001,uniform_bound,0.63100000000000001,0.16025577274805688,0.15853218192099999,0.0017235908270568923
0.0050000000000000001,uniform_bound,0.63200000000000001,0.16130086877000477,0.159539531776,0.0017613369940047696
0.0050000000000000001,uniform_bound,0.63300000000000001,0.16234596479195262,0.16055167472100002,0.0017942900709526088
0.0050000000000000001,uniform_bound,0.63400000000000001,0.16339106081390051,0.16156862593600002,0.0018224348779004862
0.0050000000000000001,uniform_bound,0.63500000000000001,0.16443615683584839,0.16259040062500002,0.0018457562108483705
0.0050000000000000001,uniform_bound,0.63600000000000001,0.16548125285779625,0.16361701401600001,0.0018642388417962341
0.0050000000000000001,uniform_bound,0.63700000000000001,0.16652634887974413,0.16464848136100002,0.0018778675187441085
0.0050000000000000001,uniform_bound,0.63800000000000001,0.16757144490169201,0.16568481793600001,0.0018866269656920009
0.0050000000000000001,uniform_bound,0.63900000000000001,0.16861654092363987,0.166726039041,0.0018905018826398667
0.0050000000000000001,uniform_bound,0.64000000000000001,0.16966163694558775,0.16777216,0.001889476945587748
0.0050000000000000001,uniform_bound,0.64100000000000001,0.17070673296753563,0.16882319616100003,0.0018835368065356073
0.0050000000000000001,uniform_bound,0.64200000000000002,0.17175182898948349,0.16987916289600002,0.001872666093483466
0.0050000000000000001,uniform_bound,0.64300000000000002,0.17279692501143137,0.17094007560100002,0.0018568494104313493
0.0050000000000000001,uniform_bound,0.64400000000000002,0.17384202103337923,0.17200594969600003,0.0018360713373792026
0.0050000000000000001,uniform_bound,0.64500000000000002,0.17488711705532711,0.17307680062500003,0.0018103164303270858
0.0050000000000000001,uniform_bound,0.64600000000000002,0.17593221307727497,0.17415264385600002,0.0017795692212749514
0.0050000000000000001,uniform_bound,0.64700000000000002,0.17697730909922285,0.17523349488100001,0.0017438142182228389
0.0050000000000000001,uniform_bound,0.64800000000000002,0.17802240512117073,0.17631936921600003,0.0017030359051707078
0.0050000000000000001,uniform_bound,0.64900000000000002,0.17906750114311859,0.17741028240100001,0.0016572187421185769
0.0050000000000000001,uniform_bound,0.65000000000000002,0.18011259716506647,0.17850625000000003,0.0016063471650664407
0.0050000000000000001,uniform_bound,0.65100000000000002,0.18115769318701436,0.17960728760100003,0.0015504055860143251
0.0050000000000000001,uniform_bound,0.65200000000000002,0.18220278920896221,0.18071341081600004,0.0014893783929621762
0.0050000000000000001,uniform_bound,0.65300000000000002,0.1832478852309101,0.18182463528100004,0.0014232499499100548
0.0050000000000000001,uniform_bound,0.65400000000000003,0.18429298125285798,0.18294097665600004,0.0013520045968579419
0.0050000000000000001,uniform_bound,0.65500000000000003,0.18533807727480583,0.18406245062500004,0.0012756266498057944
0.0050000000000000001,uniform_bound,0.65600000000000003,0.18638317329675369,0.18518907289600003,0.001194100400753656
0.0050000000000000001,uniform_bound,0.65700000000000003,0.18742826931870157,0.18632085920100003,0.0011074101177015461
0.0050000000000000001,uniform_bound,0.65800000000000003,0.18847336534064946,0.18745782529600002,0.0010155400446494323
0.0050000000000000001,uniform_bound,0.65900000000000003,0.18951846136259731,0.18859998696100003,0.00091847440159728566
0.0050000000000000001,uniform_bound,0.66000000000000003,0.1905635573845452,0.18974736000000003,0.00081619738454516422
0.0050000000000000001,uniform_bound,0.66100000000000003,0.19160865340649308,0.19089996024100003,0.00070869316549304617
0.0050000000000000001,uniform_bound,0.66200000000000003,0.19265374942844093,0.19205780353600005,0.00059594589244088558
0.0050000000000000001,uniform_bound,0.66300000000000003,0.19369884545038882,0.19322090576100004,0.00047793968938877884
0.0050000000000000001,uniform_bound,0.66400000000000003,0.1947439414723367,0.19438928281600004,0.00035465865633665938
0.0050000000000000001,uniform_bound,0.66500000000000004,0.19578903749428456,0.19556295062500004,0.00022608686928451971
0.0050000000000000001,uniform_bound,0.66600000000000004,0.19683413351623244,0.19674192513600006,9.2208380232383647e-05
0.0050000000000000001,uniform_bound,0.66700000000000004,0.19797810928212181,0.19792622232100004,5.1886961121766495e-05
0.0050000000000000001,uniform_bound,0.66800000000000004,0.1993198445358941,0.19911585817600005,0.00020398635989404834
0.0050000000000000001,uniform_bound,0.66900000000000004,0.20066157978966639,0.20031084872100005,0.0003507310686663434
0.0050000000000000001,uniform_bound,0.67000000000000004,0.20200331504343869,0.20151121000000005,0.00049210504343863426
0.0050000000000000001,uniform_bound,0.67100000000000004,0.20334505029721098,0.20271695808100004,0.00062809221621093481
0.0050000000000000001,uniform_bound,0.67200000000000004,0.20468678555098327,0.20392810905600006,0.00075867649498320699
0.0050000000000000001,uniform_bound,0.67300000000000004,0.20602852080475556,0.20514467904100006,0.00088384176375549961
0.0050000000000000001,uniform_bound,0.67400000000000004,0.20737025605852788,0.20636668417600004,0.0010035718825278372
0.0050000000000000001,uniform_bound,0.67500000000000004,0.20871199131230017,0.20759414062500006,0.0011178506873001093
0.0050000000000000001,uniform_bound,0.67600000000000005,0.21005372656607246,0.20882706457600006,0.001226661990072403
0.0050000000000000001,uniform_bound,0.67700000000000005,0.21139546181984475,0.21006547224100006,0.001329989578844698
0.0050000000000000001,uniform_bound,0.67800000000000005,0.21273719707361705,0.21130937985600007,0.0014278172176169779
0.0050000000000000001,uniform_bound,0.67900000000000005,0.21407893232738934,0.21255880368100005,0.0015201286463892849
0.0050000000000000001,uniform_bound,0.68000000000000005,0.21542066758116163,0.21381376000000007,0.0016069075811615541
0.0050000000000000001,uniform_bound,0.68100000000000005,0.21676240283493395,0.21507426512100006,0.0016881377139338904
0.0050000000000000001,uniform_bound,0.68200000000000005,0.21810413808870624,0.21634033537600006,0.0017638027127061806
0.0050000000000000001,uniform_bound,0.68300000000000005,0.21944587334247853,0.21761198712100008,0.0018338862214784535
0.0050000000000000001,uniform_bound,0.68400000000000005,0.22078760859625082,0.21888923673600005,0.0018983718602507693
0.0050000000000000001,uniform_bound,0.68500000000000005,0.22212934385002311,0.22017210062500006,0.0019572432250230531
0.0050000000000000001,uniform_bound,0.68600000000000005,0.22347107910379541,0.22146059521600006,0.0020104838877953446
0.0050000000000000001,uniform_bound,0.68700000000000006,0.2248128143575677,0.22275473696100007,0.0020580773965676313
0.0050000000000000001,uniform_bound,0.68799999999999994,0.22615454961133985,0.22405454233599992,0.0021000072753399324
0.0050000000000000001,uniform_bound,0.68899999999999995,0.22749628486511214,0.22536002784099993,0.0021362570241122147
0.0050000000000000001,uniform_bound,0.68999999999999995,0.22883802011888443,0.22667120999999993,0.0021668101188845046
0.0050000000000000001,uniform_bound,0.69099999999999995,0.23017975537265672,0.22798810536099992,0.0021916500116568038
0.0050000000000000001,uniform_bound,0.69199999999999995,0.23152149062642902,0.22931073049599993,0.0022107601304290903
0.0050000000000000001,uniform_bound,0.69299999999999995,0.23286322588020134,0.23063910200099993,0.0022241238792014006
0.0050000000000000001,uniform_bound,0.69399999999999995,0.23420496113397363,0.23197323649599993,0.0022317246379736921
0.0050000000000000001,uniform_bound,0.69499999999999995,0.23554669638774592,0.23331315062499994,0.0022335457627459809
0.0050000000000000001,uniform_bound,0.69599999999999995,0.23688843164151821,0.23465886105599992,0.0022295705855182868
0.0050000000000000001,uniform_bound,0.69699999999999995,0.23823016689529053,0.23601038448099992,0.0022197824142906053
0.0050000000000000001,uniform_bound,0.69799999999999995,0.23957190214906282,0.23736773761599994,0.0022041645330628801
0.0050000000000000001,uniform_bound,0.69899999999999995,0.24091363740283511,0.23873093720099994,0.0021827002018351693
0.0050000000000000001,uniform_bound,0.69999999999999996,0.2422553726566074,0.24009999999999995,0.0021553726566074516
0.0050000000000000001,uniform_bound,0.70099999999999996,0.2435971079103797,0.24147494280099993,0.0021221651093797644
0.0050000000000000001,uniform_bound,0.70199999999999996,0.24493884316415199,0.24285578241599995,0.002083060748152038
0.0050000000000000001,uniform_bound,0.70299999999999996,0.24628057841792428,0.24424253568099993,0.0020380427369243448
0.0050000000000000001,uniform_bound,0.70399999999999996,0.24762231367169657,0.24563521945599995,0.001987094215696622
0.0050000000000000001,uniform_bound,0.70499999999999996,0.24896404892546886,0.24703385062499994,0.0019301983004689216
0.0050000000000000001,uniform_bound,0.70599999999999996,0.25030578417924115,0.24843844609599994,0.0018673380832412156
0.0050000000000000001,uniform_bound,0.70699999999999996,0.25164751943301344,0.24984902280099994,0.0017984966320135076
0.0050000000000000001,uniform_bound,0.70799999999999996,0.25298925468678574,0.25126559769599993,0.0017236569907858046
0.0050000000000000001,uniform_bound,0.70899999999999996,0.25433098994055803,0.25268818776099994,0.0016428021795580894
0.0050000000000000001,uniform_bound,0.70999999999999996,0.25567272519433037,0.25411680999999997,0.0015559151943304039
0.0050000000000000001,uniform_bound,0.71099999999999997,0.25701446044810267,0.25555148144099993,0.0014629790071027382
0.0050000000000000001,uniform_bound,0.71199999999999997,0.25835619570187496,0.25699221913599996,0.0013639765658750025
0.0050000000000000001,uniform_bound,0.71299999999999997,0.25969793095564725,0.25843904016099994,0.0012588907946473049
0.0050000000000000001,uniform_bound,0.71399999999999997,0.26103966620941954,0.25989196161599998,0.0011477045934195629
0.0050000000000000001,uniform_bound,0.71499999999999997,0.26238140146319183,0.26135100062499994,0.0010304008381918917
0.0050000000000000001,uniform_bound,0.71599999999999997,0.26372313671696412,0.26281617433599996,0.00090696238096416026
0.0050000000000000001,uniform_bound,0.71699999999999997,0.26506487197073642,0.26428749992099998,0.00077737204973643559
0.0050000000000000001,uniform_bound,0.71799999999999997,0.26640660722450871,0.26576499457599995,0.00064161264850876032
0.0050000000000000001,uniform_bound,0.71899999999999997,0.267748342478281,0.26724867552099996,0.00049966695728104193
0.0050000000000000001,uniform_bound,0.71999999999999997,0.26909007773205329,0.26873855999999996,0.00035151773205333026
0.0050000000000000001,uniform_bound,0.72099999999999997,0.27043181298582558,0.27023466528099999,0.0001971477048255954
0.0050000000000000001,uniform_bound,0.72199999999999998,0.27177354823959787,0.27173700865599998,3.6539583597894332e-05
0.0050000000000000001,uniform_bound,0.72299999999999998,0.27338601204084773,0.27324560744099996,0.00014040459984776543
0.0050000000000000001,uniform_bound,0.72399999999999998,0.27507582685566251,0.27476047897599998,0.00031534787966253086
0.0050000000000000001,uniform_bound,0.72499999999999998,0.27676564167047735,0.27628164062499999,0.00048400104547735578
0.0050000000000000001,uniform_bound,0.72599999999999998,0.27845545648529213,0.27780910977599999,0.00064634670929214488
0.0050000000000000001,uniform_bound,0.72699999999999998,0.28014527130010697,0.27934290384099997,0.00080236745910700069
0.0050000000000000001,uniform_bound,0.72799999999999998,0.28183508611492175,0.28088304025599997,0.00095204585892177951
0.0050000000000000001,uniform_bound,0.72899999999999998,0.28352490092973659,0.282429536481,0.001095364448736591
0.0050000000000000001,uniform_bound,0.72999999999999998,0.28521471574455137,0.28398240999999996,0.0012323057445514096
0.0050000000000000001,uniform_bound,0.73099999999999998,0.28690453055936621,0.28554167832099997,0.0013628522383662411
0.0050000000000000001,uniform_bound,0.73199999999999998,0.28859434537418105,0.28710735897599998,0.0014869863981810671
0.0050000000000000001,uniform_bound,0.73299999999999998,0.29028416018899583,0.28867946952099999,0.001604690667995845
0.0050000000000000001,uniform_bound,0.73399999999999999,0.29197397500381067,0.290258027536,0.0017159474678106745
0.0050000000000000001,uniform_bound,0.73499999999999999,0.29366378981862545,0.29184305062499999,0.0018207391936254647
0.0050000000000000001,uniform_bound,0.73599999999999999,0.29535360463344029,0.29343455641599997,0.0019190482174403223
0.0050000000000000001,uniform_bound,0.73699999999999999,0.29704341944825507,0.29503256256099997,0.002010856887255108
0.0050000000000000001,uniform_bound,0.73799999999999999,0.29873323426306991,0.29663708673599998,0.0020961475270699359
0.0050000000000000001,uniform_bound,0.73899999999999999,0.3004230490778847,0.29824814664099997,0.0021749024368847292
0.0050000000000000001,uniform_bound,0.73999999999999999,0.30211286389269953,0.29986575999999998,0.0022471038926995535
0.0050000000000000001,uniform_bound,0.74099999999999999,0.30380267870751432,0.30148994456099998,0.0023127341465143392
0.0050000000000000001,uniform_bound,0.74199999999999999,0.30549249352232916,0.303120718096,0.0023717754263291591
0.0050000000000000001,uniform_bound,0.74299999999999999,0.30718230833714399,0.30475809840099999,0.0024242099361440062
0.0050000000000000001,uniform_bound,0.74399999999999999,0.30887212315195878,0.30640210329599998,0.0024700198559587938
0.0050000000000000001,uniform_bound,0.745,0.31056193796677362,0.30805275062499998,0.0025091873417736332
0.0050000000000000001,uniform_bound,0.746,0.3122517527815884,0.30971005825600001,0.0025416945255883894
0.0050000000000000001,uniform_bound,0.747,0.31394156759640324,0.311374044081,0.0025675235154032361
0.0050000000000000001,uniform_bound,0.748,0.31563138241121802,0.31304472601599997,0.0025866563952180455
0.0050000000000000001,uniform_bound,0.749,0.31732119722603286,0.31472212200099997,0.0025990752250328875
0.0050000000000000001,uniform_bound,0.75,0.3190110120408477,0.31640625,0.0026047620408476968
0.0050000000000000001,uniform_bound,0.751,0.32070082685566248,0.31809712800099998,0.0026036988546624951
0.0050000000000000001,uniform_bound,0.752,0.32239064167047732,0.31979477401599998,0.0025958676544773351
0.0050000000000000001,uniform_bound,0.753,0.3240804564852921,0.32149920608100002,0.0025812504042920792
0.0050000000000000001,uniform_bound,0.754,0.32577027130010694,0.32321044225599999,0.0025598290441069538
0.0050000000000000001,uniform_bound,0.755,0.32746008611492172,0.32492850062500001,0.0025315854899217172
0.0050000000000000001,uniform_bound,0.75600000000000001,0.32914990092973656,0.32665339929600001,0.0024965016337365475
0.0050000000000000001,uniform_bound,0.75700000000000001,0.33083971574455134,0.32838515640100002,0.0024545593435513213
0.0050000000000000001,uniform_bound,0.75800000000000001,0.33252953055936618,0.33012379009600001,0.0024057404633661683
0.0050000000000000001,uniform_bound,0.75900000000000001,0.33421934537418102,0.33186931856099999,0.0023500268131810276
0.0050000000000000001,uniform_bound,0.76000000000000001,0.3359091601889958,0.33362175999999999,0.002287400188995814
0.0050000000000000001,uniform_bound,0.76100000000000001,0.33759897500381064,0.335381132641,0.0022178423628106403
0.0050000000000000001,uniform_bound,0.76200000000000001,0.33928878981862542,0.337147454736,0.0021413350826254285
0.0050000000000000001,uniform_bound,0.76300000000000001,0.34097860463344026,0.33892074456100002,0.0020578600724402429
0.0050000000000000001,uniform_bound,0.76400000000000001,0.34266841944825505,0.34070102041600003,0.0019673990322550128
0.0050000000000000001,uniform_bound,0.76500000000000001,0.34435823426306988,0.34248830062500002,0.001869933638069865
0.0050000000000000001,uniform_bound,0.76600000000000001,0.34604804907788467,0.34428260353600004,0.0017654455418846249
0.0050000000000000001,uniform_bound,0.76700000000000002,0.34773786389269951,0.34608394752100002,0.001653916371699482
0.0050000000000000001,uniform_bound,0.76800000000000002,0.34942767870751434,0.34789235097600002,0.0015353277315143243
0.0050000000000000001,uniform_bound,0.76900000000000002,0.35111749352232913,0.34970783232100006,0.001409661201329071
0.0050000000000000001,uniform_bound,0.77000000000000002,0.35280730833714397,0.35153041000000002,0.0012768983371439502
0.0050000000000000001,uniform_bound,0.77100000000000002,0.35449712315195875,0.35336010248100003,0.0011370206709587216
0.0050000000000000001,uniform_bound,0.77200000000000002,0.35618693796677359,0.35519692825600002,0.00099000971077356503
0.0050000000000000001,uniform_bound,0.77300000000000002,0.35787675278158837,0.35704090584100001,0.0008358469405883584
0.0050000000000000001,uniform_bound,0.77400000000000002,0.35956656759640321,0.35889205377600003,0.00067451382040317753
0.0050000000000000001,uniform_bound,0.77500000000000002,0.36125638241121799,0.36075039062500003,0.00050599178621796304
0.0050000000000000001,uniform_bound,0.77600000000000002,0.36294619722603283,0.36261593497600003,0.00033026225003279785
0.0050000000000000001,uniform_bound,0.77700000000000002,0.36463601204084761,0.36448870544100004,0.00014730659984757422
0.0050000000000000001,uniform_bound,0.77800000000000002,0.36641552354823981,0.36636872065600007,4.6802892239738991e-05
0.0050000000000000001,uniform_bound,0.77900000000000003,0.36850897347965272,0.36825599928100006,0.00025297419865266679
0.0050000000000000001,uniform_bound,0.78000000000000003,0.37060242341106558,0.37015056000000007,0.00045186341106551176
0.0050000000000000001,uniform_bound,0.78100000000000003,0.3726958733424785,0.37205242152100004,0.00064345182147845792
0.0050000000000000001,uniform_bound,0.78200000000000003,0.37478932327389142,0.37396160257600003,0.00082772069789138758
0.0050000000000000001,uniform_bound,0.78300000000000003,0.37688277320530428,0.37587812192100006,0.0010046512843042144
0.0050000000000000001,uniform_bound,0.78400000000000003,0.37897622313671719,0.37780199833600003,0.0011742248007171607
0.0050000000000000001,uniform_bound,0.78500000000000003,0.38106967306813011,0.37973325062500007,0.0013364224431300364
0.0050000000000000001,uniform_bound,0.78600000000000003,0.38316312299954297,0.38167189761600007,0.0014912253835429046
0.0050000000000000001,uniform_bound,0.78700000000000003,0.38525657293095589,0.38361795816100008,0.001638614769955804
0.0050000000000000001,uniform_bound,0.78800000000000003,0.3873500228623688,0.38557145113600005,0.0017785717263687495
0.0050000000000000001,uniform_bound,0.78900000000000003,0.38944347279378166,0.38753239544100004,0.0019110773527816205
0.0050000000000000001,uniform_bound,0.79000000000000004,0.39153692272519458,0.38950081000000009,0.0020361127251944944
0.0050000000000000001,uniform_bound,0.79100000000000004,0.3936303726566075,0.39147671376100007,0.0021536588956074243
0.0050000000000000001,uniform_bound,0.79200000000000004,0.39572382258802036,0.39346012569600008,0.0022636968920202727
0.0050000000000000001,uniform_bound,0.79300000000000004,0.39781727251943327,0.39545106480100006,0.0023662077184332109
0.0050000000000000001,uniform_bound,0.79400000000000004,0.39991072245084619,0.39744955009600008,0.0024611723548461084
0.0050000000000000001,uniform_bound,0.79500000000000004,0.40200417238225905,0.39945560062500007,0.0025485717572589772
0.0050000000000000001,uniform_bound,0.79600000000000004,0.40409762231367197,0.40146923545600011,0.0026283868576718605
0.0050000000000000001,uniform_bound,0.79700000000000004,0.40619107224508488,0.40349047368100011,0.0027005985640847774
0.0050000000000000001,uniform_bound,0.79800000000000004,0.40828452217649774,0.40551933441600008,0.0027651877604976671
0.0050000000000000001,uniform_bound,0.79900000000000004,0.41037797210791066,0.4075558368010001,0.0028221353069105559
0.0050000000000000001,uniform_bound,0.80000000000000004,0.41247142203932358,0.40960000000000008,0.0028714220393235013
0.0050000000000000001,uniform_bound,0.80100000000000005,0.41456487197073644,0.41165184320100007,0.0029130287697363699
0.0050000000000000001,uniform_bound,0.80200000000000005,0.41665832190214935,0.41371138561600007,0.002946936286149282
0.0050000000000000001,uniform_bound,0.80300000000000005,0.41875177183356227,0.4157786464810001,0.002973125352562167
0.0050000000000000001,uniform_bound,0.80400000000000005,0.42084522176497513,0.41785364505600009,0.0029915767089750411
0.0050000000000000001,uniform_bound,0.80500000000000005,0.42293867169638805,0.41993640062500009,0.0030022710713879519
0.0050000000000000001,uniform_bound,0.80600000000000005,0.42503212162780091,0.4220269324960001,0.0030051891318008117
0.0050000000000000001,uniform_bound,0.80700000000000005,0.42712557155921382,0.42412526000100009,0.0030003115582137307
0.0050000000000000001,uniform_bound,0.80800000000000005,0.42921902149062674,0.42623140249600011,0.0029876189946266285
0.0050000000000000001,uniform_bound,0.80900000000000005,0.43131247142203966,0.42834537936100009,0.0029670920610395668
0.0050000000000000001,uniform_bound,0.81000000000000005,0.43340592135345252,0.4304672100000001,0.0029387113534524167
0.0050000000000000001,uniform_bound,0.81100000000000005,0.43549937128486543,0.43259691384100013,0.0029024574438653028
0.0050000000000000001,uniform_bound,0.81200000000000006,0.43759282121627829,0.43473451033600014,0.0028583108802781587
0.0050000000000000001,uniform_bound,0.81299999999999994,0.43968627114769099,0.43688001896099987,0.0028062521866911161
0.0050000000000000001,uniform_bound,0.81399999999999995,0.4417797210791039,0.4390334592159999,0.0027462618631040048
0.0050000000000000001,uniform_bound,0.81499999999999995,0.44387317101051682,0.44119485062499986,0.0026783203855169635
0.0050000000000000001,uniform_bound,0.81599999999999995,0.44596662094192968,0.44336421273599991,0.0026024082059297737
0.0050000000000000001,uniform_bound,0.81699999999999995,0.4480600708733426,0.44554156512099991,0.0025185057523426924
0.0050000000000000001,uniform_bound,0.81799999999999995,0.45015352080475546,0.44772692737599989,0.0024265934287555635
0.0050000000000000001,uniform_bound,0.81899999999999995,0.45224697073616837,0.44992031912099989,0.0023266516151684846
0.0050000000000000001,uniform_bound,0.81999999999999995,0.45434042066758129,0.45212175999999987,0.002218660667581418
0.0050000000000000001,uniform_bound,0.82099999999999995,0.45643387059899415,0.45433126968099991,0.0021026009179942462
0.0050000000000000001,uniform_bound,0.82199999999999995,0.45852732053040707,0.45654886785599991,0.0019784526744071607
0.0050000000000000001,uniform_bound,0.82299999999999995,0.46062077046181993,0.45877457424099988,0.0018461962208200511
0.0050000000000000001,uniform_bound,0.82399999999999995,0.46271422039323284,0.4610084085759999,0.0017058118172329495
0.0050000000000000001,uniform_bound,0.82499999999999996,0.46480767032464576,0.4632503906249999,0.0015572796996458638
0.0050000000000000001,uniform_bound,0.82599999999999996,0.46690112025605868,0.4655005401759999,0.0014005800800587775
0.0050000000000000001,uniform_bound,0.82699999999999996,0.46899457018747154,0.46775887704099989,0.0012356931464716503
0.0050000000000000001,uniform_bound,0.82799999999999996,0.47108802011888445,0.47002542105599993,0.0010625990628845283
0.0050000000000000001,uniform_bound,0.82899999999999996,0.47318147005029731,0.47230019208099988,0.00088127796929743374
0.0050000000000000001,uniform_bound,0.82999999999999996,0.47527491998171023,0.47458320999999992,0.00069170998171030895
0.0050000000000000001,uniform_bound,0.83099999999999996,0.47736836991312315,0.47687449472099991,0.00049387519212323872
0.0050000000000000001,uniform_bound,0.83199999999999996,0.47946181984453606,0.47917406617599989,0.00028775366853617257
0.0050000000000000001,uniform_bound,0.83299999999999996,0.48155526977594898,0.48148194432099989,7.3325454949091373e-05
0.0050000000000000001,uniform_bound,0.83399999999999996,0.48395759030635588,0.48379814913599989,0.00015944117035598948
0.0050000000000000001,uniform_bound,0.83499999999999996,0.48651434613625982,0.4861227006249999,0.00039164551125991931
0.0050000000000000001,uniform_bound,0.83599999999999997,0.48907110196616382,0.48845561881599991,0.00061548315016390909
0.0050000000000000001,uniform_bound,0.83699999999999997,0.49162785779606777,0.49079692376099993,0.00083093403506784291
0.0050000000000000001,uniform_bound,0.83799999999999997,0.49418461362597177,0.49314663553599991,0.0010379780899718583
0.0050000000000000001,uniform_bound,0.83899999999999997,0.49674136945587571,0.49550477424099992,0.0012365952148757908
0.0050000000000000001,uniform_bound,0.83999999999999997,0.49929812528577971,0.49787135999999993,0.0014267652857797852
0.0050000000000000001,uniform_bound,0.84099999999999997,0.50185488111568366,0.50024641296099992,0.0016084681546837398
0.0050000000000000001,uniform_bound,0.84199999999999997,0.50441163694558766,0.50262995329599991,0.0017816836495877508
0.0050000000000000001,uniform_bound,0.84299999999999997,0.50696839277549166,0.50502200120099994,0.0019463915744917237
0.0050000000000000001,uniform_bound,0.84399999999999997,0.50952514860539555,0.5074225768959999,0.0021025717093956509
0.0050000000000000001,uniform_bound,0.84499999999999997,0.51208190443529955,0.50983170062499994,0.0022502038102996114
0.0050000000000000001,uniform_bound,0.84599999999999997,0.51463866026520355,0.51224939265599989,0.0023892676092036602
0.0050000000000000001,uniform_bound,0.84699999999999998,0.51719541609510755,0.51467567328099995,0.0025197428141076061
0.0050000000000000001,uniform_bound,0.84799999999999998,0.51975217192501144,0.51711056281599999,0.0026416091090114557
0.0050000000000000001,uniform_bound,0.84899999999999998,0.52230892775491544,0.51955408160099992,0.0027548461539155245
0.0050000000000000001,uniform_bound,0.84999999999999998,0.52486568358481944,0.52200624999999989,0.0028594335848195485
0.0050000000000000001,uniform_bound,0.85099999999999998,0.52742243941472344,0.52446708840099998,0.0029553510137234618
0.0050000000000000001,uniform_bound,0.85199999999999998,0.52997919524462733,0.52693661721599994,0.0030425780286273962
0.0050000000000000001,uniform_bound,0.85299999999999998,0.53253595107453133,0.52941485688099998,0.0031210941935313485
0.0050000000000000001,uniform_bound,0.85399999999999998,0.53509270690443533,0.53190182785599993,0.0031908790484354022
0.0050000000000000001,uniform_bound,0.85499999999999998,0.53764946273433933,0.53439755062499994,0.0032519121093393943
0.0050000000000000001,uniform_bound,0.85599999999999998,0.54020621856424322,0.53690204569599997,0.0033041728682432492
0.0050000000000000001,uniform_bound,0.85699999999999998,0.54276297439414722,0.53941533360099991,0.0033476407931473107
0.0050000000000000001,uniform_bound,0.85799999999999998,0.54531973022405122,0.54193743489599999,0.0033822953280512325
0.0050000000000000001,uniform_bound,0.85899999999999999,0.54787648605395523,0.54446837016099991,0.0034081158929553101
0.0050000000000000001,uniform_bound,0.85999999999999999,0.55043324188385911,0.54700815999999997,0.003425081883859149
0.0050000000000000001,uniform_bound,0.86099999999999999,0.55298999771376312,0.54955682504100001,0.0034331726727631073
0.0050000000000000001,uniform_bound,0.86199999999999999,0.55554675354366712,0.55211438593599993,0.0034323676076671861
0.0050000000000000001,uniform_bound,0.86299999999999999,0.55810350937357112,0.55468086336099998,0.00342264601257114
0.0050000000000000001,uniform_bound,0.86399999999999999,0.56066026520347501,0.55725627801599997,0.0034039871874750327
0.0050000000000000001,uniform_bound,0.86499999999999999,0.56321702103337901,0.55984065062499999,0.0033763704083790147
0.0050000000000000001,uniform_bound,0.86599999999999999,0.56577377686328301,0.56243400193600002,0.0033397749272829902
0.0050000000000000001,uniform_bound,0.86699999999999999,0.56833053269318701,0.56503635272099995,0.0032941799721870613
0.0050000000000000001,uniform_bound,0.86799999999999999,0.5708872885230909,0.56764772377600003,0.0032395647470908617
0.0050000000000000001,uniform_bound,0.86899999999999999,0.5734440443529949,0.57026813592100001,0.0031759084319948894
0.0050000000000000001,uniform_bound,0.87,0.5760008001828989,0.57289760999999995,0.0031031901828989517
0.0050000000000000001,uniform_bound,0.871,0.5785575560128029,0.57553616688099996,0.0030213891318029429
0.0050000000000000001,uniform_bound,0.872,0.58111431184270679,0.57818382745599994,0.0029304843867068442
0.0050000000000000001,uniform_bound,0.873,0.58367106767261079,0.58084061264099995,0.0028304550316108346
0.0050000000000000001,uniform_bound,0.874,0.58622782350251479,0.58350654337599994,0.0027212801265148467
0.0050000000000000001,uniform_bound,0.875,0.58878457933241879,0.586181640625,0.0026029387074187893
0.0050000000000000001,uniform_bound,0.876,0.59134133516232268,0.58886592537600002,0.0024754097863226576
0.0050000000000000001,uniform_bound,0.877,0.59389809099222668,0.59155941864100003,0.002338672351226645
0.0050000000000000001,uniform_bound,0.878,0.59645484682213068,0.59426214145599998,0.0021927053661306983
0.0050000000000000001,uniform_bound,0.879,0.59901160265203468,0.59697411488100005,0.0020374877710346295
0.0050000000000000001,uniform_bound,0.88,0.60156835848193857,0.59969536000000001,0.0018729984819385592
0.0050000000000000001,uniform_bound,0.88100000000000001,0.60412511431184257,0.60242589792099999,0.0016992163908425839
0.0050000000000000001,uniform_bound,0.88200000000000001,0.60668187014174657,0.60516574977600002,0.0015161203657465538
0.0050000000000000001,uniform_bound,0.88300000000000001,0.60923862597165046,0.60791493672100005,0.0013236892506504061
0.0050000000000000001,uniform_bound,0.88400000000000001,0.61179538180155446,0.61067347993600007,0.0011219018655543866
0.0050000000000000001,uniform_bound,0.88500000000000001,0.61435213763145846,0.61344140062500008,0.00091073700645838418
0.0050000000000000001,uniform_bound,0.88600000000000001,0.61690889346136246,0.61621872001599998,0.00069017344536248526
0.0050000000000000001,uniform_bound,0.88700000000000001,0.61946564929126646,0.61900545936100004,0.00046018993026641919
0.0050000000000000001,uniform_bound,0.88800000000000001,0.62202240512117046,0.62180163993600002,0.00022076518517044619
0.0050000000000000001,uniform_bound,0.88900000000000001,0.62463772671848794,0.62460728304099999,3.0443677487945742e-05
0.0050000000000000001,uniform_bound,0.89000000000000001,0.62772157445511345,0.62742240999999999,0.00029916445511346534
0.0050000000000000001,uniform_bound,0.89100000000000001,0.63080542219173896,0.63024704216100003,0.00055838003073893638
0.0050000000000000001,uniform_bound,0.89200000000000002,0.63388926992836447,0.63308120089600006,0.0008080690323644113
0.0050000000000000001,uniform_bound,0.89300000000000002,0.63697311766498999,0.63592490760100007,0.0010482100639899183
0.0050000000000000001,uniform_bound,0.89400000000000002,0.6400569654016155,0.63877818369600003,0.0012787817056154616
0.0050000000000000001,uniform_bound,0.89500000000000002,0.64314081313824101,0.6416410506250001,0.0014997625132409098
0.0050000000000000001,uniform_bound,0.89600000000000002,0.64622466087486652,0.64451352985600008,0.0017111310188664408
0.0050000000000000001,uniform_bound,0.89700000000000002,0.64930850861149203,0.64739564288100004,0.001912865730491986
0.0050000000000000001,uniform_bound,0.89800000000000002,0.65239235634811754,0.65028741121600009,0.0021049451321174528
0.0050000000000000001,uniform_bound,0.89900000000000002,0.65547620408474305,0.65318885640100011,0.0022873476837429463
0.0050000000000000001,uniform_bound,0.90000000000000002,0.65856005182136856,0.65610000000000002,0.0024600518213685474
0.0050000000000000001,uniform_bound,0.90100000000000002,0.66164389955799408,0.6590208636010001,0.0026230359569939798
0.0050000000000000001,uniform_bound,0.90200000000000002,0.6647277472946197,0.66195146881600009,0.0027762784786196093
0.0050000000000000001,uniform_bound,0.90300000000000002,0.66781159503124521,0.6648918372810001,0.0029197577502451111
0.0050000000000000001,uniform_bound,0.90400000000000003,0.67089544276787072,0.66784199065600003,0.0030534521118706914
0.0050000000000000001,uniform_bound,0.90500000000000003,0.67397929050449623,0.67080195062500003,0.0031773398794961993
0.0050000000000000001,uniform_bound,0.90600000000000003,0.67706313824112174,0.67377173889600006,0.0032913993451216816
0.0050000000000000001,uniform_bound,0.90700000000000003,0.68014698597774725,0.67675137720100009,0.003395608776747161
0.0050000000000000001,uniform_bound,0.90800000000000003,0.68323083371437277,0.67974088729600013,0.0034899464183726359
0.0050000000000000001,uniform_bound,0.90900000000000003,0.68631468145099828,0.68274029096100008,0.0035743904899981915
0.0050000000000000001,uniform_bound,0.91000000000000003,0.68939852918762379,0.68574961000000012,0.0036489191876236671
0.0050000000000000001,uniform_bound,0.91100000000000003,0.6924823769242493,0.68876886624100009,0.0037135106832492104
0.0050000000000000001,uniform_bound,0.91200000000000003,0.69556622466087481,0.69179808153600009,0.0037681431248747232
0.0050000000000000001,uniform_bound,0.91300000000000003,0.69865007239750032,0.69483727776100013,0.0038127946365001941
0.0050000000000000001,uniform_bound,0.91400000000000003,0.70173392013412583,0.69788647681600013,0.0038474433181256984
0.0050000000000000001,uniform_bound,0.91500000000000004,0.70481776787075145,0.70094570062500006,0.0038720672457513983
0.0050000000000000001,uniform_bound,0.91600000000000004,0.70790161560737697,0.70401497113600009,0.0038866444713768766
0.0050000000000000001,uniform_bound,0.91700000000000004,0.71098546334400248,0.70709431032100012,0.0038911530230023583
0.0050000000000000001,uniform_bound,0.91800000000000004,0.71406931108062799,0.71018374017600017,0.003885570904627822
0.0050000000000000001,uniform_bound,0.91900000000000004,0.7171531588172535,0.71328328272100017,0.003869876096253333
0.0050000000000000001,uniform_bound,0.92000000000000004,0.72023700655387901,0.71639296000000008,0.0038440465538789326
0.0050000000000000001,uniform_bound,0.92100000000000004,0.72332085429050452,0.71951279408100011,0.0038080602095044158
0.0050000000000000001,uniform_bound,0.92200000000000004,0.72640470202713003,0.72264280705600015,0.0037618949711298866
0.0050000000000000001,uniform_bound,0.92300000000000004,0.72948854976375554,0.72578302104100012,0.0037055287227554246
0.0050000000000000001,uniform_bound,0.92400000000000004,0.73257239750038106,0.72893345817600008,0.0036389393243809742
0.0050000000000000001,uniform_bound,0.92500000000000004,0.73565624523700657,0.73209414062500011,0.0035621046120064559
0.0050000000000000001,uniform_bound,0.92600000000000005,0.73874009297363208,0.73526509057600009,0.0034750023976319877
0.0050000000000000001,uniform_bound,0.92700000000000005,0.74182394071025759,0.73844633024100015,0.0033776104692574416
0.0050000000000000001,uniform_bound,0.92800000000000005,0.7449077884468831,0.7416378818560001,0.0032699065908829983
0.0050000000000000001,uniform_bound,0.92900000000000005,0.74799163618350861,0.74483976768100013,0.0031518685025084814
0.0050000000000000001,uniform_bound,0.93000000000000005,0.75107548392013412,0.74805201000000021,0.0030234739201339123
0.0050000000000000001,uniform_bound,0.93100000000000005,0.75415933165675964,0.75127463112100012,0.0028847005357595101
0.0050000000000000001,uniform_bound,0.93200000000000005,0.75724317939338515,0.75450765337600012,0.002735526017385026
0.0050000000000000001,uniform_bound,0.93300000000000005,0.76032702713001077,0.75775109912100014,0.0025759280090106307
0.0050000000000000001,uniform_bound,0.93400000000000005,0.76341087486663628,0.76100499073600014,0.0024058841306361378
0.0050000000000000001,uniform_bound,0.93500000000000005,0.76649472260326179,0.76426935062500012,0.0022253719782616699
0.0050000000000000001,uniform_bound,0.93600000000000005,0.7695785703398873,0.7675442012160002,0.0020343691238871031
0.0050000000000000001,uniform_bound,0.93700000000000006,0.77266241807651281,0.77082956496100019,0.0018328531155126226
0.0050000000000000001,uniform_bound,0.93799999999999994,0.77574626581313799,0.77412546433599982,0.0016208014771381674
0.0050000000000000001,uniform_bound,0.93899999999999995,0.7788301135497635,0.77743192184099985,0.001398191708763652
0.0050000000000000001,uniform_bound,0.93999999999999995,0.78191396128638901,0.78074895999999983,0.001165001286389189
0.0050000000000000001,uniform_bound,0.94099999999999995,0.78499780902301453,0.78407660136099988,0.00092120766201464477
0.0050000000000000001,uniform_bound,0.94199999999999995,0.78808165675964004,0.78741486849599984,0.0006667882636401945
0.0050000000000000001,uniform_bound,0.94299999999999995,0.79116550449626555,0.79076378400099978,0.00040172049526576714
0.0050000000000000001,uniform_bound,0.94399999999999995,0.79424935223289106,0.79412337049599979,0.00012598173689126746
0.0050000000000000001,uniform_bound,0.94499999999999995,0.7976637517146774,0.79749365062499988,0.00017010108967752124
0.0050000000000000001,uniform_bound,0.94599999999999995,0.80134259259259233,0.80087464705599987,0.0004679455365924623
0.0050000000000000001,uniform_bound,0.94699999999999995,0.80502143347050725,0.8042663824809998,0.00075505098950745531
0.0050000000000000001,uniform_bound,0.94799999999999995,0.80870027434842229,0.80766887961599987,0.0010313947324224193
0.0050000000000000001,uniform_bound,0.94899999999999995,0.81237911522633721,0.81108216120099985,0.0012969540253373602
0.0050000000000000001,uniform_bound,0.94999999999999996,0.81605795610425214,0.81450624999999988,0.0015517061042522595
0.0050000000000000001,uniform_bound,0.95099999999999996,0.81973679698216717,0.81794116880099987,0.0017956281811672969
0.0050000000000000001,uniform_bound,0.95199999999999996,0.82341563786008209,0.8213869404159998,0.0020286974440822947
0.0050000000000000001,uniform_bound,0.95299999999999996,0.82709447873799702,0.82484358768099986,0.0022508910569971619
0.0050000000000000001,uniform_bound,0.95399999999999996,0.83077331961591194,0.82831113345599983,0.0024621861599121164
0.0050000000000000001,uniform_bound,0.95499999999999996,0.83445216049382698,0.83178960062499985,0.0026625598688271301
0.0050000000000000001,uniform_bound,0.95599999999999996,0.8381310013717419,0.83527901209599986,0.0028519892757420395
0.0050000000000000001,uniform_bound,0.95699999999999996,0.84180984224965683,0.83877939080099984,0.00303045144865699
0.0050000000000000001,uniform_bound,0.95799999999999996,0.84548868312757186,0.84229075969599987,0.0031979234315719918
0.0050000000000000001,uniform_bound,0.95899999999999996,0.84916752400548678,0.84581314176099986,0.0033543822444869198
0.0050000000000000001,uniform_bound,0.95999999999999996,0.85284636488340171,0.84934655999999986,0.0034998048834018469
0.0050000000000000001,uniform_bound,0.96099999999999997,0.85652520576131674,0.85289103744099992,0.0036341683203168218
0.0050000000000000001,uniform_bound,0.96199999999999997,0.86020404663923167,0.85644659713599991,0.0037574495032317579
0.0050000000000000001,uniform_bound,0.96299999999999997,0.86388288751714659,0.86001326216099994,0.0038696253561466554
0.0050000000000000001,uniform_bound,0.96399999999999997,0.86756172839506163,0.86359105561599991,0.0039706727790617125
0.0050000000000000001,uniform_bound,0.96499999999999997,0.87124056927297655,0.86718000062499989,0.004060568647976659
0.0050000000000000001,uniform_bound,0.96599999999999997,0.87491941015089147,0.87078012033599994,0.0041392898148915336
0.0050000000000000001,uniform_bound,0.96699999999999997,0.8785982510288064,0.87439143792099994,0.0042068131078064619
0.0050000000000000001,uniform_bound,0.96799999999999997,0.88227709190672143,0.87801397657599989,0.0042631153307215452
0.0050000000000000001,uniform_bound,0.96899999999999997,0.88595593278463636,0.88164775952099994,0.0043081732636364167
0.0050000000000000001,uniform_bound,0.96999999999999997,0.88963477366255128,0.88529280999999993,0.0043419636625513514
0.0050000000000000001,uniform_bound,0.97099999999999997,0.89331361454046632,0.88894915128099994,0.0043644632594663779
0.0050000000000000001,uniform_bound,0.97199999999999998,0.89699245541838124,0.89261680665599996,0.004375648762381279
0.0050000000000000001,uniform_bound,0.97299999999999998,0.90067129629629616,0.89629579944099991,0.004375496855296257
0.0050000000000000001,uniform_bound,0.97399999999999998,0.90435013717421109,0.89998615297599993,0.0043639841982111571
0.0050000000000000001,uniform_bound,0.97499999999999998,0.90802897805212612,0.90368789062499988,0.0043410874271262445
0.0050000000000000001,uniform_bound,0.97599999999999998,0.91170781893004105,0.90740103577599995,0.0043067831540410939
0.0050000000000000001,uniform_bound,0.97699999999999998,0.91538665980795597,0.91112561184099994,0.0042610479669560331
0.0050000000000000001,uniform_bound,0.97799999999999998,0.91906550068587101,0.91486164225599997,0.0042038584298710324
0.0050000000000000001,uniform_bound,0.97899999999999998,0.92274434156378593,0.91860915048099989,0.0041351910827860383
0.0050000000000000001,uniform_bound,0.97999999999999998,0.92642318244170085,0.92236815999999988,0.0040550224417009728
0.0050000000000000001,uniform_bound,0.98099999999999998,0.93010202331961578,0.92613869432099993,0.0039633289986158449
0.0050000000000000001,uniform_bound,0.98199999999999998,0.93378086419753081,0.92992077697599995,0.0038600872215308613
0.0050000000000000001,uniform_bound,0.98299999999999998,0.93745970507544574,0.93371443152099998,0.0037452735544457605
0.0050000000000000001,uniform_bound,0.98399999999999999,0.94113854595336077,0.93751968153599996,0.003618864417360812
0.0050000000000000001,uniform_bound,0.98499999999999999,0.9448173868312757,0.94133655062499999,0.0034808362062757059
0.0050000000000000001,uniform_bound,0.98599999999999999,0.94849622770919062,0.94516506241599996,0.0033311652931906632
0.0050000000000000001,uniform_bound,0.98699999999999999,0.95217506858710554,0.949005240561,0.0031698280261055478
0.0050000000000000001,uniform_bound,0.98799999999999999,0.95585390946502047,0.95285710873599994,0.0029968007290205323
0.0050000000000000001,uniform_bound,0.98899999999999999,0.9595327503429355,0.95672069064099996,0.0028120597019355431
0.0050000000000000001,uniform_bound,0.98999999999999999,0.96321159122085043,0.96059600999999994,0.0026155812208504825
0.0050000000000000001,uniform_bound,0.99099999999999999,0.96689043209876535,0.96448309056100001,0.0024073415377653395
0.0050000000000000001,uniform_bound,0.99199999999999999,0.97056927297668039,0.96838195609599997,0.0021873168806804122
0.0050000000000000001,uniform_bound,0.99299999999999999,0.97424811385459531,0.972292630401,0.0019554834535953081
0.0050000000000000001,uniform_bound,0.99399999999999999,0.97792695473251023,0.97621513729599996,0.0017118174365102767
0.0050000000000000001,uniform_bound,0.995,0.98160579561042516,0.98014950062499995,0.0014562949854252105
0.0050000000000000001,uniform_bound,0.996,0.98528463648834019,0.98409574425599999,0.0011888922323401996
0.0050000000000000001,uniform_bound,0.997,0.98896347736625512,0.98805389208100003,0.00090958528525508786
0.0050000000000000001,uniform_bound,0.998,0.99264231824417015,0.99202396801600001,0.00061835022817013918
0.0050000000000000001,uniform_bound,0.999,0.99632115912208508,0.99600599600100004,0.00031516312108503808
0.0050000000000000001,uniform_bound,1,1,1,0
0.001,adaptive,0,0,0,0
0.001,adaptive,0.001,1.9531249999997527e-06,1.0000000000000002e-12,1.9531239999997529e-06
0.001,adaptive,0.002,3.9062499999995054e-06,1.6000000000000003e-11,3.9062339999995058e-06
0.001,adaptive,0.0030000000000000001,5.8593749999992581e-06,8.1000000000000005e-11,5.8592939999992582e-06
0.001,adaptive,0.0040000000000000001,7.8124999999990108e-06,2.5600000000000005e-10,7.8122439999990105e-06
0.001,adaptive,0.0050000000000000001,9.7656249999987635e-06,6.2500000000000001e-10,9.7649999999987639e-06
0.001,adaptive,0.0060000000000000001,1.1718749999998516e-05,1.2960000000000001e-09,1.1717453999998516e-05
0.001,adaptive,0.0070000000000000001,1.3671874999998269e-05,2.4010000000000003e-09,1.3669473999998269e-05
0.001,adaptive,0.0080000000000000002,1.5624999999998022e-05,4.0960000000000007e-09,1.562090399999802e-05
0.001,adaptive,0.0089999999999999993,1.7578124999997773e-05,6.5609999999999983e-09,1.7571563999997772e-05
0.001,adaptive,0.01,1.9531249999997527e-05,1e-08,1.9521249999997525e-05
0.001,adaptive,0.010999999999999999,2.1484374999997278e-05,1.4640999999999997e-08,2.1469733999997278e-05
0.001,adaptive,0.012,2.3437499999997032e-05,2.0736000000000001e-08,2.3416763999997033e-05
0.001,adaptive,0.012999999999999999,2.5390624999996783e-05,2.8560999999999993e-08,2.5362063999996785e-05
0.001,adaptive,0.014,2.7343749999996538e-05,3.8416000000000005e-08,2.7305333999996538e-05
0.001,adaptive,0.014999999999999999,2.9296874999996289e-05,5.0624999999999992e-08,2.9246249999996288e-05
0.001,adaptive,0.016,3.1249999999996043e-05,6.5536000000000012e-08,3.1184463999996044e-05
0.001,adaptive,0.017000000000000001,3.3203124999995794e-05,8.3521000000000024e-08,3.3119603999995797e-05
0.001,adaptive,0.017999999999999999,3.5156249999995545e-05,1.0497599999999997e-07,3.5051273999995544e-05
0.001,adaptive,0.019,3.7109374999995296e-05,1.3032099999999999e-07,3.6979053999995298e-05
0.001,adaptive,0.02,3.9062499999995054e-05,1.6e-07,3.8902499999995056e-05
0.001,adaptive,0.021000000000000001,4.1015624999994805e-05,1.9448100000000006e-07,4.0821143999994804e-05
0.001,adaptive,0.021999999999999999,4.2968749999994556e-05,2.3425599999999995e-07,4.2734493999994558e-05
0.001,adaptive,0.023,4.4921874999994307e-05,2.7984099999999997e-07,4.4642033999994305e-05
0.001,adaptive,0.024,4.6874999999994065e-05,3.3177600000000002e-07,4.6543223999994068e-05
0.001,adaptive,0.025000000000000001,4.8828124999993816e-05,3.9062500000000007e-07,4.8437499999993818e-05
0.001,adaptive,0.025999999999999999,5.0781249999993567e-05,4.569759999999999e-07,5.0324273999993567e-05
0.001,adaptive,0.027,5.2734374999993318e-05,5.3144099999999997e-07,5.220293399999332e-05
0.001,adaptive,0.028000000000000001,5.4687499999993076e-05,6.1465600000000007e-07,5.4072843999993077e-05
0.001,adaptive,0.029000000000000001,5.6640624999992827e-05,7.072810000000001e-07,5.5933343999992826e-05
0.001,adaptive,0.029999999999999999,5.8593749999992578e-05,8.0999999999999987e-07,5.7783749999992577e-05
0.001,adaptive,0.031,6.0546874999992329e-05,9.2352099999999998e-07,5.9623353999992326e-05
0.001,adaptive,0.032000000000000001,6.2499999999992087e-05,1.0485760000000002e-06,6.145142399999209e-05
0.001,adaptive,0.033000000000000002,6.4453124999991844e-05,1.1859210000000003e-06,6.3267203999991842e-05
0.001,adaptive,0.034000000000000002,6.6406249999991589e-05,1.3363360000000004e-06,6.5069913999991587e-05
0.001,adaptive,0.035000000000000003,6.8359374999991346e-05,1.5006250000000006e-06,6.6858749999991341e-05
0.001,adaptive,0.035999999999999997,7.0312499999991091e-05,1.6796159999999996e-06,6.863288399999109e-05
0.001,adaptive,0.036999999999999998,7.2265624999990848e-05,1.8741609999999995e-06,7.0391463999990852e-05
0.001,adaptive,0.037999999999999999,7.4218749999990593e-05,2.0851359999999999e-06,7.2133613999990589e-05
0.001,adaptive,0.039,7.617187499999035e-05,2.3134409999999998e-06,7.3858433999990348e-05
0.001,adaptive,0.040000000000000001,7.8124999999990108e-05,2.5600000000000001e-06,7.5564999999990106e-05
0.001,adaptive,0.041000000000000002,8.0078124999989866e-05,2.8257610000000005e-06,7.725236399998987e-05
0.001,adaptive,0.042000000000000003,8.203124999998961e-05,3.1116960000000009e-06,7.8919553999989609e-05
0.001,adaptive,0.042999999999999997,8.3984374999989355e-05,3.4188009999999987e-06,8.0565573999989357e-05
0.001,adaptive,0.043999999999999997,8.5937499999989112e-05,3.7480959999999992e-06,8.2189403999989111e-05
0.001,adaptive,0.044999999999999998,8.7890624999988857e-05,4.1006249999999994e-06,8.3789999999988855e-05
0.001,adaptive,0.045999999999999999,8.9843749999988614e-05,4.4774559999999995e-06,8.5366293999988616e-05
0.001,adaptive,0.047,9.1796874999988372e-05,4.8796809999999997e-06,8.6917193999988377e-05
0.001,adaptive,0.048000000000000001,9.374999999998813e-05,5.3084160000000003e-06,8.8441583999988128e-05
0.001,adaptive,0.049000000000000002,9.5703124999987874e-05,5.7648010000000005e-06,8.9938323999987869e-05
0.001,adaptive,0.050000000000000003,9.7656249999987632e-05,6.2500000000000011e-06,9.1406249999987629e-05
0.001,adaptive,0.050999999999999997,9.9609374999987376e-05,6.7652009999999986e-06,9.2844173999987373e-05
0.001,adaptive,0.051999999999999998,0.00010156249999998713,7.3116159999999983e-06,9.4250883999987131e-05
0.001,adaptive,0.052999999999999999,0.00010351562499998688,7.8904809999999998e-06,9.5625143999986882e-05
0.001,adaptive,0.053999999999999999,0.00010546874999998664,8.5030559999999996e-06,9.6965693999986633e-05
0.001,adaptive,0.055,0.00010742187499998639,9.1506250000000002e-06,9.8271249999986392e-05
0.001,adaptive,0.056000000000000001,0.00010937499999998615,9.8344960000000012e-06,9.9540503999986154e-05
0.001,adaptive,0.057000000000000002,0.0001113281249999859,1.0556001000000001e-05,0.0001007721239999859
0.001,adaptive,0.058000000000000003,0.00011328124999998565,1.1316496000000002e-05,0.00010196475399998565
0.001,adaptive,0.058999999999999997,0.0001152343749999854,1.2117360999999997e-05,0.0001031170139999854
0.001,adaptive,0.059999999999999998,0.00011718749999998516,1.2959999999999998e-05,0.00010422749999998516
0.001,adaptive,0.060999999999999999,0.0001191406249999849,1.3845840999999999e-05,0.0001052947839999849
0.001,adaptive,0.062,0.00012109374999998466,1.4776336e-05,0.00010631741399998466
0.001,adaptive,0.063,0.00012304687499998442,1.5752961e-05,0.00010729391399998441
0.001,adaptive,0.064000000000000001,0.00012499999999998417,1.6777216000000003e-05,0.00010822278399998418
0.001,adaptive,0.065000000000000002,0.00012695312499998393,1.7850625000000003e-05,0.00010910249999998393
0.001,adaptive,0.066000000000000003,0.00012890624999998369,1.8974736000000005e-05,0.00010993151399998368
0.001,adaptive,0.067000000000000004,0.00013085937499998342,2.0151121000000005e-05,0.00011070825399998341
0.001,adaptive,0.068000000000000005,0.00013281249999998318,2.1381376000000006e-05,0.00011143112399998317
0.001,adaptive,0.069000000000000006,0.00013476562499998294,2.2667121000000006e-05,0.00011209850399998293
0.001,adaptive,0.070000000000000007,0.00013671874999998269,2.4010000000000009e-05,0.00011270874999998268
0.001,adaptive,0.070999999999999994,0.00013867187499998242,2.5411680999999991e-05,0.00011326019399998243
0.001,adaptive,0.071999999999999995,0.00014062499999998218,2.6873855999999993e-05,0.00011375114399998219
0.001,adaptive,0.072999999999999995,0.00014257812499998194,2.8398240999999994e-05,0.00011417988399998195
0.001,adaptive,0.073999999999999996,0.0001445312499999817,2.9986575999999993e-05,0.0001145446739999817
0.001,adaptive,0.074999999999999997,0.00014648437499998143,3.1640624999999998e-05,0.00011484374999998143
0.001,adaptive,0.075999999999999998,0.00014843749999998119,3.3362175999999998e-05,0.00011507532399998119
0.001,adaptive,0.076999999999999999,0.00015039062499998094,3.5153040999999999e-05,0.00011523758399998094
0.001,adaptive,0.078,0.0001523437499999807,3.7015055999999997e-05,0.00011532869399998071
0.001,adaptive,0.079000000000000001,0.00015429687499998046,3.8950081e-05,0.00011534679399998046
0.001,adaptive,0.080000000000000002,0.00015624999999998022,4.0960000000000001e-05,0.00011528999999998022
0.001,adaptive,0.081000000000000003,0.00015820312499997997,4.3046721000000007e-05,0.00011515640399997997
0.001,adaptive,0.082000000000000003,0.00016015624999997973,4.5212176000000008e-05,0.00011494407399997972
0.001,adaptive,0.083000000000000004,0.00016210937499997946,4.745832100000001e-05,0.00011465105399997945
0.001,adaptive,0.084000000000000005,0.00016406249999997922,4.9787136000000015e-05,0.00011427536399997921
0.001,adaptive,0.085000000000000006,0.00016601562499997898,5.2200625000000018e-05,0.00011381499999997896
0.001,adaptive,0.085999999999999993,0.00016796874999997871,5.470081599999998e-05,0.00011326793399997873
0.001,adaptive,0.086999999999999994,0.00016992187499997847,5.7289760999999981e-05,0.00011263211399997849
0.001,adaptive,0.087999999999999995,0.00017187499999997822,5.9969535999999987e-05,0.00011190546399997823
0.001,adaptive,0.088999999999999996,0.00017382812499997798,6.2742240999999989e-05,0.00011108588399997799
0.001,adaptive,0.089999999999999997,0.00017578124999997771,6.560999999999999e-05,0.00011017124999997772
0.001,adaptive,0.090999999999999998,0.00017773437499997747,6.8574960999999993e-05,0.00010915941399997748
0.001,adaptive,0.091999999999999998,0.00017968749999997723,7.1639295999999993e-05,0.00010804820399997724
0.001,adaptive,0.092999999999999999,0.00018164062499997699,7.4805200999999996e-05,0.00010683542399997699
0.001,adaptive,0.094,0.00018359374999997674,7.8074895999999996e-05,0.00010551885399997675
0.001,adaptive,0.095000000000000001,0.0001855468749999765,8.1450624999999997e-05,0.0001040962499999765
0.001,adaptive,0.096000000000000002,0.00018749999999997626,8.4934656000000005e-05,0.00010256534399997626
0.001,adaptive,0.097000000000000003,0.00018945312499997602,8.8529281000000008e-05,0.00010092384399997601
0.001,adaptive,0.098000000000000004,0.00019140624999997575,9.2236816000000008e-05,9.916943399997574e-05
0.001,adaptive,0.099000000000000005,0.00019335937499997551,9.6059601000000021e-05,9.7299773999975485e-05
0.001,adaptive,0.10000000000000001,0.00019531249999997526,0.00010000000000000002,9.5312499999975246e-05
0.001,adaptive,0.10100000000000001,0.00019726562499997502,0.00010406040100000003,9.3205223999974995e-05
0.001,adaptive,0.10199999999999999,0.00019921874999997475,0.00010824321599999998,9.0975533999974775e-05
0.001,adaptive,0.10299999999999999,0.00020117187499997451,0.00011255088099999997,8.8620993999974536e-05
0.001,adaptive,0.104,0.00020312499999997427,0.00011698585599999997,8.6139143999974295e-05
0.001,adaptive,0.105,0.00020507812499997403,0.00012155062499999998,8.3527499999974043e-05
0.001,adaptive,0.106,0.00020703124999997376,0.000126247696,8.078355399997376e-05
0.001,adaptive,0.107,0.00020898437499997351,0.00013107960099999999,7.7904773999973521e-05
0.001,adaptive,0.108,0.00021093749999997327,0.00013604889599999999,7.4888603999973279e-05
0.001,adaptive,0.109,0.00021289062499997303,0.00014115816099999999,7.1732463999973044e-05
0.001,adaptive,0.11,0.00021484374999997279,0.00014641,6.8433749999972785e-05
0.001,adaptive,0.111,0.00021679687499997255,0.000151807041,6.4989833999972541e-05
0.001,adaptive,0.112,0.0002187499999999723,0.00015735193600000002,6.1398063999972284e-05
0.001,adaptive,0.113,0.00022070312499997206,0.00016304736100000001,5.7655763999972054e-05
0.001,adaptive,0.114,0.00022265624999997179,0.00016889601600000002,5.376023399997177e-05
0.001,adaptive,0.115,0.00022460937499997155,0.00017490062500000002,4.970874999997153e-05
0.001,adaptive,0.11600000000000001,0.00022656249999997131,0.00018106393600000003,4.5498563999971282e-05
0.001,adaptive,0.11700000000000001,0.00022851562499997107,0.00018738872100000005,4.1126903999971016e-05
0.001,adaptive,0.11799999999999999,0.0002304687499999708,0.00019387777599999995,3.6590973999970847e-05
0.001,adaptive,0.11899999999999999,0.00023242187499997055,0.00020053392099999995,3.1887953999970602e-05
0.001,adaptive,0.12,0.00023437499999997031,0.00020735999999999997,2.7014999999970345e-05
0.001,adaptive,0.121,0.00023632812499997007,0.00021435888099999997,2.1969243999970096e-05
0.001,adaptive,0.122,0.0002382812499999698,0.00022153345599999999,1.6747793999969811e-05
0.001,adaptive,0.123,0.00024023437499996956,0.00022888664099999999,1.1347733999969567e-05
0.001,adaptive,0.124,0.00024218749999996932,0.00023642137599999999,5.7661239999693217e-06
0.001,adaptive,0.125,0.00024414062499996907,0.000244140625,-3.0926866970149014e-17
0.001,adaptive,0.126,0.00026000976562496882,0.000252047376,7.96238962496882e-06
0.001,adaptive,0.127,0.00027587890624996859,0.00026014464100000001,1.5734265249968578e-05
0.001,adaptive,0.128,0.00029174804687496836,0.00026843545600000005,2.3312590874968308e-05
0.001,adaptive,0.129,0.00030761718749996813,0.00027692288100000003,3.0694306499968094e-05
0.001,adaptive,0.13,0.0003234863281249679,0.00028561000000000005,3.7876328124967845e-05
0.001,adaptive,0.13100000000000001,0.00033935546874996767,0.00029449992100000005,4.485554774996762e-05
0.001,adaptive,0.13200000000000001,0.00035522460937496744,0.00030359577600000008,5.1628833374967357e-05
0.001,adaptive,0.13300000000000001,0.00037109374999996721,0.00031290072100000006,5.8193028999967145e-05
0.001,adaptive,0.13400000000000001,0.00038696289062496698,0.00032241793600000008,6.4544954624966896e-05
0.001,adaptive,0.13500000000000001,0.00040283203124996675,0.00033215062500000007,7.0681406249966674e-05
0.001,adaptive,0.13600000000000001,0.00041870117187496652,0.0003421020160000001,7.659915587496642e-05
0.001,adaptive,0.13700000000000001,0.00043457031249996629,0.00035227536100000011,8.2294951499966174e-05
0.001,adaptive,0.13800000000000001,0.00045043945312496606,0.0003626739360000001,8.7765517124965961e-05
0.001,adaptive,0.13900000000000001,0.00046630859374996583,0.00037330104100000014,9.3007552749965684e-05
0.001,adaptive,0.14000000000000001,0.0004821777343749656,0.00038416000000000014,9.8017734374965455e-05
0.001,adaptive,0.14099999999999999,0.00049804687499996488,0.00039525416099999984,0.00010279271399996504
0.001,adaptive,0.14199999999999999,0.00051391601562496465,0.00040658689599999985,0.0001073291196249648
0.001,adaptive,0.14299999999999999,0.00052978515624996442,0.00041816160099999989,0.00011162355524996454
0.001,adaptive,0.14399999999999999,0.00054565429687496419,0.00042998169599999989,0.0001156726008749643
0.001,adaptive,0.14499999999999999,0.00056152343749996396,0.00044205062499999987,0.00011947281249996409
0.001,adaptive,0.14599999999999999,0.00057739257812496373,0.0004543718559999999,0.00012302072212496383
0.001,adaptive,0.14699999999999999,0.0005932617187499635,0.00046694888099999991,0.00012631283774996359
0.001,adaptive,0.14799999999999999,0.00060913085937496327,0.00047978521599999988,0.00012934564337496339
0.001,adaptive,0.14899999999999999,0.00062499999999996304,0.00049288440099999988,0.00013211559899996316
0.001,adaptive,0.14999999999999999,0.00064086914062496281,0.00050624999999999997,0.00013461914062496284
0.001,adaptive,0.151,0.00065673828124996258,0.00051988560099999997,0.00013685268024996261
0.001,adaptive,0.152,0.00067260742187496235,0.00053379481599999997,0.00013881260587496238
0.001,adaptive,0.153,0.00068847656249996212,0.00054798128099999997,0.00014049528149996215
0.001,adaptive,0.154,0.00070434570312496189,0.00056244865599999999,0.00014189704712496191
0.001,adaptive,0.155,0.00072021484374996166,0.00057720062499999993,0.00014301421874996173
0.001,adaptive,0.156,0.00073608398437496143,0.00059224089599999995,0.00014384308837496148
0.001,adaptive,0.157,0.0007519531249999612,0.00060757320099999999,0.00014437992399996121
0.001,adaptive,0.158,0.00076782226562496097,0.00062320129599999999,0.00014462096962496098
0.001,adaptive,0.159,0.00078369140624996074,0.00063912896100000005,0.0001445624452499607
0.001,adaptive,0.16,0.00079956054687496051,0.00065536000000000001,0.0001442005468749605
0.001,adaptive,0.161,0.00081542968749996028,0.0006718982410000001,0.00014353144649996018
0.001,adaptive,0.16200000000000001,0.00083129882812496005,0.00068874753600000011,0.00014255129212495995
0.001,adaptive,0.16300000000000001,0.00084716796874995982,0.00070591176100000014,0.00014125620774995968
0.001,adaptive,0.16400000000000001,0.00086303710937495959,0.00072339481600000013,0.00013964229337495946
0.001,adaptive,0.16500000000000001,0.00087890624999995936,0.00074120062500000012,0.00013770562499995924
0.001,adaptive,0.16600000000000001,0.00089477539062495913,0.00075933313600000016,0.00013544225462495897
0.001,adaptive,0.16700000000000001,0.0009106445312499589,0.00077779632100000021,0.00013284821024995869
0.001,adaptive,0.16800000000000001,0.00092651367187495867,0.00079659417600000024,0.00012991949587495843
0.001,adaptive,0.16900000000000001,0.00094238281249995844,0.00081573072100000023,0.00012665209149995821
0.001,adaptive,0.17000000000000001,0.00095825195312495821,0.00083521000000000029,0.00012304195312495792
0.001,adaptive,0.17100000000000001,0.00097412109374995798,0.00085503608100000021,0.00011908501274995778
0.001,adaptive,0.17199999999999999,0.00098999023437495721,0.00087521305599999968,0.00011477717837495753
0.001,adaptive,0.17299999999999999,0.0010058593749999571,0.00089574504099999971,0.00011011433399995738
0.001,adaptive,0.17399999999999999,0.0010217285156249568,0.0009166361759999997,0.00010509233962495705
0.001,adaptive,0.17499999999999999,0.0010375976562499566,0.00093789062499999981,9.9707031249956818e-05
0.001,adaptive,0.17599999999999999,0.0010534667968749563,0.0009595125759999998,9.3954220874956497e-05
0.001,adaptive,0.17699999999999999,0.0010693359374999562,0.00098150624099999973,8.782969649995644e-05
0.001,adaptive,0.17799999999999999,0.0010852050781249558,0.0010038758559999998,8.1329222124956009e-05
0.001,adaptive,0.17899999999999999,0.0011010742187499557,0.0010266256809999999,7.4448537749955855e-05
0.001,adaptive,0.17999999999999999,0.0011169433593749554,0.0010497599999999998,6.7183359374955532e-05
0.001,adaptive,0.18099999999999999,0.0011328124999999553,0.0010732831209999999,5.952937899995534e-05
0.001,adaptive,0.182,0.0011486816406249549,0.0010971993759999999,5.1482264624955025e-05
0.001,adaptive,0.183,0.0011645507812499548,0.0011215131209999999,4.3037660249954863e-05
0.001,adaptive,0.184,0.0011804199218749545,0.0011462287359999999,3.4191185874954573e-05
0.001,adaptive,0.185,0.0011962890624999543,0.0011713506249999999,2.4938437499954407e-05
0.001,adaptive,0.186,0.001212158203124954,0.0011968832159999999,1.527498712495406e-05
0.001,adaptive,0.187,0.0012280273437499537,0.0012228309609999999,5.1963827499537565e-06
0.001,adaptive,0.188,0.0012573242187499535,0.0012491983359999999,8.1258827499535325e-06
0.001,adaptive,0.189,0.0013000488281249532,0.0012759898410000001,2.4058987124953154e-05
0.001,adaptive,0.19,0.0013427734374999532,0.00130321,3.9563437499953204e-05
0.001,adaptive,0.191,0.0013854980468749529,0.0013308633610000001,5.4634685874952772e-05
0.001,adaptive,0.192,0.0014282226562499526,0.0013589544960000001,6.9268160249952564e-05
0.001,adaptive,0.193,0.0014709472656249526,0.0013874880010000001,8.3459264624952513e-05
0.001,adaptive,0.19400000000000001,0.0015136718749999523,0.0014164684960000001,9.7203378999952215e-05
0.001,adaptive,0.19500000000000001,0.0015563964843749521,0.0014459006250000003,0.00011049585937495179
0.001,adaptive,0.19600000000000001,0.001599121093749952,0.0014757890560000001,0.0001233320377499519
0.001,adaptive,0.19700000000000001,0.0016418457031249518,0.0015061384810000002,0.00013570722212495156
0.001,adaptive,0.19800000000000001,0.0016845703124999515,0.0015369536160000003,0.00014761669649995118
0.001,adaptive,0.19900000000000001,0.0017272949218749513,0.0015682392010000004,0.00015905572087495084
0.001,adaptive,0.20000000000000001,0.001770019531249951,0.0016000000000000003,0.0001700195312499507
0.001,adaptive,0.20100000000000001,0.001812744140624951,0.0016322408010000003,0.0001805033396249506
0.001,adaptive,0.20200000000000001,0.0018554687499999507,0.0016649664160000004,0.00019050233399995026
0.001,adaptive,0.20300000000000001,0.0018981933593749506,0.0016981816810000005,0.00020001167837495012
0.001,adaptive,0.20399999999999999,0.0019409179687499491,0.0017318914559999996,0.00020902651274994945
0.001,adaptive,0.20499999999999999,0.0019836425781249488,0.0017661006249999995,0.00021754195312494932
0.001,adaptive,0.20599999999999999,0.002026367187499949,0.0018008140959999996,0.00022555309149994941
0.001,adaptive,0.20699999999999999,0.0020690917968749483,0.0018360368009999997,0.0002330549958749486
0.001,adaptive,0.20799999999999999,0.0021118164062499485,0.0018717736959999996,0.0002400427102499489
0.001,adaptive,0.20899999999999999,0.0021545410156249482,0.0019080297609999997,0.00024651125462494855
0.001,adaptive,0.20999999999999999,0.002197265624999948,0.0019448099999999997,0.00025245562499994823
0.001,adaptive,0.21099999999999999,0.0022399902343749477,0.0019821194409999996,0.00025787079337494809
0.001,adaptive,0.21199999999999999,0.0022827148437499474,0.0020199631359999999,0.00026275170774994749
0.001,adaptive,0.21299999999999999,0.0023254394531249476,0.0020583461609999998,0.00026709329212494786
0.001,adaptive,0.214,0.0023681640624999469,0.0020972736159999999,0.00027089044649994702
0.001,adaptive,0.215,0.0024108886718749471,0.0021367506249999999,0.00027413804687494723
0.001,adaptive,0.216,0.0024536132812499468,0.0021767823359999999,0.00027683094524994694
0.001,adaptive,0.217,0.0024963378906249466,0.0022173739210000001,0.00027896396962494643
0.001,adaptive,0.218,0.0025390624999999463,0.0022585305759999998,0.00028053192399994653
0.001,adaptive,0.219,0.0025817871093749461,0.0023002575210000001,0.00028152958837494597
0.001,adaptive,0.22,0.0026245117187499462,0.00234256,0.00028195171874994618
0.001,adaptive,0.221,0.0026672363281249455,0.0023854432810000003,0.00028179304712494524
0.001,adaptive,0.222,0.0027099609374999457,0.0024289126560000001,0.00028104828149994564
0.001,adaptive,0.223,0.0027526855468749454,0.0024729734410000002,0.0002797121058749452
0.001,adaptive,0.224,0.0027954101562499452,0.0025176309760000003,0.00027777918024994488
0.001,adaptive,0.22500000000000001,0.0028381347656249449,0.0025628906250000001,0.00027524414062494486
0.001,adaptive,0.22600000000000001,0.0028808593749999447,0.0026087577760000001,0.00027210159899994455
0.001,adaptive,0.22700000000000001,0.0029235839843749448,0.0026552378410000005,0.00026834614337494433
0.001,adaptive,0.22800000000000001,0.0029663085937499441,0.0027023362560000003,0.0002639723377499438
0.001,adaptive,0.22900000000000001,0.0030090332031249443,0.0027500584810000003,0.00025897472212494397
0.001,adaptive,0.23000000000000001,0.0030517578124999441,0.0027984100000000003,0.00025334781249994375
0.001,adaptive,0.23100000000000001,0.0030944824218749438,0.0028473963210000003,0.00024708610087494347
0.001,adaptive,0.23200000000000001,0.0031372070312499435,0.0028970229760000004,0.00024018405524994313
0.001,adaptive,0.23300000000000001,0.0031799316406249433,0.0029472955210000005,0.0002326361196249428
0.001,adaptive,0.23400000000000001,0.003222656249999943,0.0029982195360000008,0.00022443671399994224
0.001,adaptive,0.23499999999999999,0.0032653808593749419,0.0030498006249999993,0.00021558023437494257
0.001,adaptive,0.23599999999999999,0.0033081054687499416,0.0031020444159999992,0.00020606105274994244
0.001,adaptive,0.23699999999999999,0.0033508300781249414,0.0031549565609999995,0.00019587351712494188
0.001,adaptive,0.23799999999999999,0.0033935546874999411,0.0032085427359999992,0.00018501195149994189
0.001,adaptive,0.23899999999999999,0.0034362792968749408,0.0032628086409999995,0.00017347065587494138
0.001,adaptive,0.23999999999999999,0.003479003906249941,0.0033177599999999995,0.00016124390624994156
0.001,adaptive,0.24099999999999999,0.0035217285156249408,0.0033734025609999997,0.00014832595462494109
0.001,adaptive,0.24199999999999999,0.0035644531249999405,0.0034297420959999996,0.00013471102899994094
0.001,adaptive,0.24299999999999999,0.0036071777343749402,0.0034867844009999998,0.00012039333337494039
0.001,adaptive,0.24399999999999999,0.00364990234374994,0.0035445352959999998,0.00010536704774994016
0.001,adaptive,0.245,0.0036926269531249397,0.0036030006249999995,8.9626328124940181e-05
0.001,adaptive,0.246,0.0037353515624999395,0.0036621862559999998,7.3165306499939613e-05
0.001,adaptive,0.247,0.0037780761718749396,0.0037220980809999997,5.5978090874939882e-05
0.001,adaptive,0.248,0.0038208007812499394,0.0037827420159999999,3.8058765249939473e-05
0.001,adaptive,0.249,0.0038635253906249391,0.003844124001,1.9401389624939137e-05
0.001,adaptive,0.25,0.0039062499999999389,0.00390625,-6.114900252818245e-17
0.001,adaptive,0.251,0.0039963378906249384,0.0039691260010000003,2.7211889624938028e-05
0.001,adaptive,0.252,0.0040864257812499383,0.0040327580159999999,5.3667765249938368e-05
0.001,adaptive,0.253,0.0041765136718749383,0.0040971520809999998,7.9361590874938402e-05
0.001,adaptive,0.254,0.0042666015624999382,0.0041623142560000001,0.00010428730649993806
0.001,adaptive,0.255,0.0043566894531249381,0.0042282506249999999,0.00012843882812493823
0.001,adaptive,0.25600000000000001,0.0044467773437499372,0.0042949672960000008,0.00015181004774993644
0.001,adaptive,0.25700000000000001,0.0045368652343749372,0.0043624704010000008,0.00017439483337493636
0.001,adaptive,0.25800000000000001,0.0046269531249999371,0.0044307660960000005,0.00019618702899993658
0.001,adaptive,0.25900000000000001,0.0047170410156249371,0.0044998605610000004,0.00021718045462493663
0.001,adaptive,0.26000000000000001,0.004807128906249937,0.0045697600000000008,0.00023736890624993616
0.001,adaptive,0.26100000000000001,0.0048972167968749369,0.0046404706410000003,0.00025674615587493663
0.001,adaptive,0.26200000000000001,0.0049873046874999369,0.0047119987360000008,0.00027530595149993613
0.001,adaptive,0.26300000000000001,0.005077392578124936,0.0047843505610000005,0.00029304201712493545
0.001,adaptive,0.26400000000000001,0.0051674804687499359,0.0048575324160000013,0.00030994805274993462
0.001,adaptive,0.26500000000000001,0.0052575683593749358,0.0049315506250000012,0.00032601773437493462
0.001,adaptive,0.26600000000000001,0.0053476562499999358,0.005006411536000001,0.00034124471399993479
0.001,adaptive,0.26700000000000002,0.0054377441406249357,0.0050821215210000012,0.00035562261962493458
0.001,adaptive,0.26800000000000002,0.0055278320312499348,0.0051586869760000013,0.00036914505524993351
0.001,adaptive,0.26900000000000002,0.0056179199218749348,0.0052361143210000009,0.00038180560087493383
0.001,adaptive,0.27000000000000002,0.0057080078124999347,0.0053144100000000012,0.00039359781249993352
0.001,adaptive,0.27100000000000002,0.0057980957031249346,0.0053935804810000014,0.00040451522212493329
0.001,adaptive,0.27200000000000002,0.0058881835937499346,0.0054736322560000016,0.00041455133774993304
0.001,adaptive,0.27300000000000002,0.0059782714843749345,0.0055545718410000017,0.00042369964337493279
0.001,adaptive,0.27400000000000002,0.0060683593749999345,0.0056364057760000018,0.00043195359899993267
0.001,adaptive,0.27500000000000002,0.0061584472656249344,0.0057191406250000016,0.00043930664062493286
0.001,adaptive,0.27600000000000002,0.0062485351562499335,0.0058027829760000016,0.00044575218024993195
0.001,adaptive,0.27700000000000002,0.0063386230468749334,0.0058873394410000023,0.00045128360587493119
0.001,adaptive,0.27800000000000002,0.0064287109374999334,0.0059728166560000023,0.00045589428149993109
0.001,adaptive,0.27900000000000003,0.0065187988281249333,0.006059221281000002,0.00045957754712493137
0.001,adaptive,0.28000000000000003,0.0066088867187499324,0.0061465600000000023,0.00046232671874993012
0.001,adaptive,0.28100000000000003,0.0066989746093749324,0.0062348395210000025,0.00046413508837492984
0.001,adaptive,0.28199999999999997,0.0067890624999999271,0.0063240665759999974,0.00046499592399992969
0.001,adaptive,0.28299999999999997,0.006879150390624927,0.0064142479209999973,0.00046490246962492977
0.001,adaptive,0.28399999999999997,0.006969238281249927,0.0065053903359999976,0.00046384794524992942
0.001,adaptive,0.28499999999999998,0.0070593261718749269,0.006597500624999998,0.00046182554687492893
0.001,adaptive,0.28599999999999998,0.0071494140624999269,0.0066905856159999982,0.00045882844649992871
0.001,adaptive,0.28699999999999998,0.0072395019531249268,0.0067846521609999976,0.00045484979212492924
0.001,adaptive,0.28799999999999998,0.0073295898437499268,0.0068797071359999983,0.00044988270774992851
0.001,adaptive,0.28899999999999998,0.0074196777343749267,0.0069757574409999978,0.00044392029337492894
0.001,adaptive,0.28999999999999998,0.0075097656249999258,0.007072809999999998,0.00043695562499992784
0.001,adaptive,0.29099999999999998,0.0075998535156249257,0.0071708717609999979,0.0004289817546249278
0.001,adaptive,0.29199999999999998,0.0076899414062499257,0.0072699496959999985,0.00041999171024992722
0.001,adaptive,0.29299999999999998,0.0077800292968749248,0.0073700508009999985,0.00040997849587492627
0.001,adaptive,0.29399999999999998,0.0078701171874999247,0.0074711820959999986,0.00039893509149992613
0.001,adaptive,0.29499999999999998,0.0079602050781249246,0.0075733506249999983,0.00038685445312492631
0.001,adaptive,0.29599999999999999,0.0080502929687499246,0.0076765634559999981,0.00037372951274992645
0.001,adaptive,0.29699999999999999,0.0081403808593749245,0.0077808276809999983,0.00035955317837492624
0.001,adaptive,0.29799999999999999,0.0082304687499999245,0.0078861504159999981,0.00034431833399992638
0.001,adaptive,0.29899999999999999,0.0083205566406249244,0.0079925388009999994,0.00032801783962492503
0.001,adaptive,0.29999999999999999,0.0084106445312499244,0.0080999999999999996,0.0003106445312499248
0.001,adaptive,0.30099999999999999,0.0085007324218749243,0.0082085412009999994,0.00029219122087492493
0.001,adaptive,0.30199999999999999,0.0085908203124999243,0.0083181696159999995,0.00027265069649992472
0.001,adaptive,0.30299999999999999,0.0086809082031249242,0.0084288924809999988,0.00025201572212492536
0.001,adaptive,0.30399999999999999,0.0087709960937499224,0.0085407170559999995,0.00023027903774992288
0.001,adaptive,0.30499999999999999,0.0088610839843749224,0.0086536506249999985,0.00020743335937492384
0.001,adaptive,0.30599999999999999,0.0089511718749999223,0.0087677004959999996,0.00018347137899992275
0.001,adaptive,0.307,0.0090412597656249222,0.0088828740009999994,0.00015838576462492288
0.001,adaptive,0.308,0.0091313476562499222,0.0089991784959999998,0.0001321691602499224
0.001,adaptive,0.309,0.0092214355468749221,0.0091166213609999991,0.00010481418587492304
0.001,adaptive,0.31,0.0093115234374999221,0.0092352099999999989,7.631343749992317e-05
0.001,adaptive,0.311,0.009401611328124922,0.009354951840999999,4.6659487124922974e-05
0.001,adaptive,0.312,0.009491699218749922,0.0094758543359999992,1.584488274992274e-05
0.001,adaptive,0.313,0.0096186523437499227,0.0095979249610000008,2.0727382749921933e-05
0.001,adaptive,0.314,0.0097824707031249226,0.0097211712159999998,6.1299487124922766e-05
0.001,adaptive,0.315,0.0099462890624999224,0.0098456006250000009,0.00010068843749992153
0.001,adaptive,0.316,0.010110107421874922,0.0099712207359999999,0.00013888668587492235
0.001,adaptive,0.317,0.010273925781249922,0.010098039121000001,0.00017588666024992081
0.001,adaptive,0.318,0.010437744140624922,0.010226063376000001,0.00021168076462492122
0.001,adaptive,0.31900000000000001,0.010601562499999922,0.010355301121000001,0.00024626137899992108
0.001,adaptive,0.32000000000000001,0.010765380859374922,0.01048576,0.00027962085937492144
0.001,adaptive,0.32100000000000001,0.010929199218749922,0.010617447681000002,0.00031175153774991998
0.001,adaptive,0.32200000000000001,0.011093017578124921,0.010750371856000002,0.00034264572212491969
0.001,adaptive,0.32300000000000001,0.011256835937499921,0.010884540241000001,0.00037229569649992016
0.001,adaptive,0.32400000000000001,0.011420654296874921,0.011019960576000002,0.00040069372087491936
0.001,adaptive,0.32500000000000001,0.011584472656249921,0.011156640625000002,0.00042783203124991884
0.001,adaptive,0.32600000000000001,0.011748291015624921,0.011294588176000002,0.00045370283962491847
0.001,adaptive,0.32700000000000001,0.011912109374999921,0.011433811041000002,0.00047829833399991827
0.001,adaptive,0.32800000000000001,0.01207592773437492,0.011574317056000002,0.0005016106783749183
0.001,adaptive,0.32900000000000001,0.01223974609374992,0.011716114081000002,0.00052363201274991875
0.001,adaptive,0.33000000000000002,0.01240356445312492,0.011859210000000002,0.00054435445312491816
0.001,adaptive,0.33100000000000002,0.01256738281249992,0.012003612721000003,0.00056377009149991691
0.001,adaptive,0.33200000000000002,0.01273120117187492,0.012149330176000003,0.00058187099587491721
0.001,adaptive,0.33300000000000002,0.01289501953124992,0.012296370321000004,0.00059864921024991614
0.001,adaptive,0.33400000000000002,0.01305883789062492,0.012444741136000003,0.00061409675462491611
0.001,adaptive,0.33500000000000002,0.013222656249999919,0.012594450625000003,0.00062820562499991614
0.001,adaptive,0.33600000000000002,0.013386474609374919,0.012745506816000004,0.00064096779337491534
0.001,adaptive,0.33700000000000002,0.013550292968749919,0.012897917761000003,0.00065237520774991641
0.001,adaptive,0.33800000000000002,0.013714111328124919,0.013051691536000004,0.00066241979212491517
0.001,adaptive,0.33900000000000002,0.013877929687499919,0.013206836241000004,0.00067109344649991451
0.001,adaptive,0.34000000000000002,0.01404174804687492,0.013363360000000005,0.00067838804687491566
0.001,adaptive,0.34100000000000003,0.014205566406249918,0.013521270961000004,0.00068429544524991476
0.001,adaptive,0.34200000000000003,0.01436938476562492,0.013680577296000003,0.00068880746962491669
0.001,adaptive,0.34300000000000003,0.014533203124999918,0.013841287201000004,0.00069191592399991432
0.001,adaptive,0.34399999999999997,0.014697021484374909,0.014003408895999995,0.00069361258837491446
0.001,adaptive,0.34499999999999997,0.014860839843749909,0.014166950624999996,0.00069388921874991363
0.001,adaptive,0.34599999999999997,0.015024658203124909,0.014331920655999995,0.00069273754712491364
0.001,adaptive,0.34699999999999998,0.015188476562499909,0.014498327280999996,0.00069014928149991293
0.001,adaptive,0.34799999999999998,0.015352294921874909,0.014666178815999995,0.00068611610587491351
0.001,adaptive,0.34899999999999998,0.01551611328124991,0.014835483600999996,0.00068062968024991399
0.001,adaptive,0.34999999999999998,0.015679931640624908,0.015006249999999997,0.00067368164062491138
0.001,adaptive,0.35099999999999998,0.01584374999999991,0.015178486400999997,0.00066526359899991318
0.001,adaptive,0.35199999999999998,0.016007568359374908,0.015352201215999997,0.00065536714337491135
0.001,adaptive,0.35299999999999998,0.01617138671874991,0.015527402880999996,0.00064398383774991359
0.001,adaptive,0.35399999999999998,0.016335205078124908,0.015704099855999996,0.00063110522212491207
0.001,adaptive,0.35499999999999998,0.016499023437499909,0.015882300624999998,0.0006167228124999112
0.001,adaptive,0.35599999999999998,0.016662841796874907,0.016062013695999997,0.00060082810087491029
0.001,adaptive,0.35699999999999998,0.016826660156249909,0.016243247600999999,0.00058341255524991045
0.001,adaptive,0.35799999999999998,0.016990478515624907,0.016426010895999998,0.00056446761962490946
0.001,adaptive,0.35899999999999999,0.017154296874999909,0.016610312160999997,0.00054398471399991211
0.001,adaptive,0.35999999999999999,0.017318115234374907,0.016796159999999997,0.0005219552343749094
0.001,adaptive,0.36099999999999999,0.017481933593749908,0.016983563040999999,0.0004983705527499098
0.001,adaptive,0.36199999999999999,0.017645751953124907,0.017172529935999999,0.00047322201712490797
0.001,adaptive,0.36299999999999999,0.017809570312499908,0.017363069360999999,0.00044650095149990909
0.001,adaptive,0.36399999999999999,0.01797338867187491,0.017555190015999998,0.00041819865587491151
0.001,adaptive,0.36499999999999999,0.018137207031249908,0.017748900624999998,0.00038830640624991017
0.001,adaptive,0.36599999999999999,0.018301025390624906,0.017944209935999999,0.00035681545462490707
0.001,adaptive,0.36699999999999999,0.018464843749999908,0.018141126721,0.00032371702899990779
0.001,adaptive,0.36799999999999999,0.018628662109374909,0.018339659775999998,0.00028900233337491102
0.001,adaptive,0.36899999999999999,0.018792480468749907,0.018539817920999999,0.00025266254774990865
0.001,adaptive,0.37,0.018956298828124905,0.018741609999999999,0.00021468882812490653
0.001,adaptive,0.371,0.019120117187499907,0.018945044881,0.00017507230649990713
0.001,adaptive,0.372,0.019283935546874909,0.019150131455999999,0.00013380409087490955
0.001,adaptive,0.373,0.019447753906249907,0.019356878641000001,9.0875265249906051e-05
0.001,adaptive,0.374,0.019611572265624905,0.019565295375999998,4.6276889624906337e-05
0.001,adaptive,0.375,0.019775390624999906,0.019775390625,-9.3675067702747583e-17
0.001,adaptive,0.376,0.020014190673828033,0.019987173375999999,2.7017297828033776e-05
0.001,adaptive,0.377,0.020252990722656156,0.020200652640999999,5.2338081656156527e-05
0.001,adaptive,0.378,0.020491790771484282,0.020415837456000001,7.5953315484281192e-05
0.001,adaptive,0.379,0.020730590820312405,0.020632736881000001,9.7853939312404076e-05
0.001,adaptive,0.38,0.020969390869140531,0.020851359999999999,0.00011803086914053199
0.001,adaptive,0.38100000000000001,0.021208190917968658,0.021071715921,0.00013647499696865795
0.001,adaptive,0.38200000000000001,0.021446990966796781,0.021293813776000002,0.00015317719079677855
0.001,adaptive,0.38300000000000001,0.021685791015624907,0.021517662721000003,0.00016812829462490436
0.001,adaptive,0.38400000000000001,0.02192459106445303,0.021743271936000001,0.00018131912845302869
0.001,adaptive,0.38500000000000001,0.022163391113281156,0.021970650625000001,0.00019274048828115536
0.001,adaptive,0.38600000000000001,0.022402191162109283,0.022199808016000001,0.00020238314610928135
0.001,adaptive,0.38700000000000001,0.022640991210937406,0.022430753361000002,0.00021023784993740371
0.001,adaptive,0.38800000000000001,0.022879791259765532,0.022663495936000002,0.00021629532376553004
0.001,adaptive,0.38900000000000001,0.023118591308593655,0.022898045041000004,0.00022054626759365065
0.001,adaptive,0.39000000000000001,0.023357391357421781,0.023134410000000005,0.00022298135742177677
0.001,adaptive,0.39100000000000001,0.023596191406249904,0.023372600161000002,0.0002235912452499024
0.001,adaptive,0.39200000000000002,0.023834991455078031,0.023612624896000002,0.00022236655907802855
0.001,adaptive,0.39300000000000002,0.024073791503906157,0.023854493601000004,0.00021929790290615286
0.001,adaptive,0.39400000000000002,0.02431259155273428,0.024098215696000003,0.00021437585673427656
0.001,adaptive,0.39500000000000002,0.024551391601562406,0.024343800625000005,0.00020759097656240094
0.001,adaptive,0.39600000000000002,0.024790191650390529,0.024591257856000005,0.00019893379439052394
0.001,adaptive,0.39700000000000002,0.025028991699218656,0.024840596881000005,0.00018839481821865053
0.001,adaptive,0.39800000000000002,0.025267791748046782,0.025091827216000007,0.00017596453204677537
0.001,adaptive,0.39900000000000002,0.025506591796874905,0.025344958401000005,0.00016163339587490014
0.001,adaptive,0.40000000000000002,0.025745391845703031,0.025600000000000005,0.00014539184570302663
0.001,adaptive,0.40100000000000002,0.025984191894531154,0.025856961601000004,0.00012723029353114979
0.001,adaptive,0.40200000000000002,0.026222991943359281,0.026115852816000006,0.00010713912735927505
0.001,adaptive,0.40300000000000002,0.026461791992187407,0.026376683281000006,8.5108711187401043e-05
0.001,adaptive,0.40400000000000003,0.02670059204101553,0.026639462656000007,6.112938501552298e-05
0.001,adaptive,0.40500000000000003,0.026939392089843656,0.026904200625000006,3.5191464843650072e-05
0.001,adaptive,0.40600000000000003,0.027178192138671779,0.027170906896000008,7.285242671770803e-06
0.001,adaptive,0.40699999999999997,0.027463455200195205,0.027439591200999994,2.3863999195211649e-05
0.001,adaptive,0.40799999999999997,0.027764205932617077,0.027710263295999994,5.3942636617083234e-05
0.001,adaptive,0.40899999999999997,0.028064956665038953,0.027982932960999993,8.2023704038959588e-05
0.001,adaptive,0.40999999999999998,0.028365707397460829,0.028257609999999992,0.00010809739746083652
0.001,adaptive,0.41099999999999998,0.028666458129882704,0.028534304240999994,0.00013215388888270993
0.001,adaptive,0.41199999999999998,0.02896720886230458,0.028813025535999993,0.00015418332630458623
0.001,adaptive,0.41299999999999998,0.029267959594726455,0.029093783760999994,0.0001741758337264615
0.001,adaptive,0.41399999999999998,0.029568710327148331,0.029376588815999995,0.00019212151114833542
0.001,adaptive,0.41499999999999998,0.029869461059570206,0.029661450624999995,0.00020801043457021121
0.001,adaptive,0.41599999999999998,0.030170211791992078,0.029948379135999993,0.00022183265599208524
0.001,adaptive,0.41699999999999998,0.030470962524413954,0.030237384320999993,0.00023357820341396093
0.001,adaptive,0.41799999999999998,0.03077171325683583,0.030528476175999995,0.00024323708083583487
0.001,adaptive,0.41899999999999998,0.031072463989257705,0.030821664720999994,0.00025079926825771065
0.001,adaptive,0.41999999999999998,0.031373214721679581,0.031116959999999996,0.00025625472167958505
0.001,adaptive,0.42099999999999999,0.031673965454101456,0.031414372080999994,0.00025959337310146186
0.001,adaptive,0.42199999999999999,0.031974716186523332,0.031713911055999994,0.00026080513052333804
0.001,adaptive,0.42299999999999999,0.032275466918945207,0.032015587040999993,0.00025987987794521411
0.001,adaptive,0.42399999999999999,0.032576217651367083,0.032319410175999999,0.00025680747536708376
0.001,adaptive,0.42499999999999999,0.032876968383788958,0.032625390624999993,0.00025157775878896504
0.001,adaptive,0.42599999999999999,0.033177719116210834,0.032933538575999996,0.00024418054021083796
0.001,adaptive,0.42699999999999999,0.03347846984863271,0.033243864240999996,0.00023460560763271382
0.001,adaptive,0.42799999999999999,0.033779220581054578,0.033556377855999998,0.00022284272505457975
0.001,adaptive,0.42899999999999999,0.034079971313476454,0.033871089681,0.00020888163247645419
0.001,adaptive,0.42999999999999999,0.034380722045898329,0.034188009999999998,0.00019271204589833141
0.001,adaptive,0.43099999999999999,0.034681472778320205,0.034507149120999996,0.00017432365732020921
0.001,adaptive,0.432,0.03498222351074208,0.034828517375999998,0.00015370613474208206
0.001,adaptive,0.433,0.035282974243163956,0.035152125121000001,0.00013084912216395489
0.001,adaptive,0.434,0.035583724975585831,0.035477982736000002,0.00010574223958582929
0.001,adaptive,0.435,0.035884475708007707,0.035806100624999997,7.83750830077104e-05
0.001,adaptive,0.436,0.036185226440429583,0.036136489215999996,4.8737224429586112e-05
0.001,adaptive,0.437,0.036485977172851458,0.036469158961000003,1.6818211851454823e-05
0.001,adaptive,0.438,0.036822647094726456,0.036804120336000001,1.852675872645454e-05
0.001,adaptive,0.439,0.037195236206054583,0.037141383840999999,5.3852365054583851e-05
0.001,adaptive,0.44,0.03756782531738271,0.037480960000000001,8.6865317382708862e-05
0.001,adaptive,0.441,0.037940414428710836,0.037822859361000001,0.00011755506771083529
0.001,adaptive,0.442,0.038313003540038956,0.038167092496000005,0.00014591104403895161
0.001,adaptive,0.443,0.038685592651367083,0.038513670000999999,0.00017192265036708454
0.001,adaptive,0.44400000000000001,0.03905818176269521,0.038862602496000001,0.00019557926669520886
0.001,adaptive,0.44500000000000001,0.039430770874023337,0.039213900624999999,0.00021687024902333762
0.001,adaptive,0.44600000000000001,0.039803359985351457,0.039567575056000004,0.00023578492935145273
0.001,adaptive,0.44700000000000001,0.040175949096679583,0.039923636481000002,0.0002523126156795813
0.001,adaptive,0.44800000000000001,0.04054853820800771,0.040282095616000005,0.00026644259200770543
0.001,adaptive,0.44900000000000001,0.040921127319335837,0.040642963201000006,0.0002781641183358316
0.001,adaptive,0.45000000000000001,0.041293716430663957,0.041006250000000001,0.000287466430663956
0.001,adaptive,0.45100000000000001,0.041666305541992084,0.041371966801000006,0.00029433874099207835
0.001,adaptive,0.45200000000000001,0.042038894653320211,0.041740124416000002,0.00029877023732020891
0.001,adaptive,0.45300000000000001,0.042411483764648338,0.042110733681000004,0.00030075008364833372
0.001,adaptive,0.45400000000000001,0.042784072875976457,0.042483805456000008,0.00030026741997644935
0.001,adaptive,0.45500000000000002,0.043156661987304584,0.042859350625000008,0.00029731136230457672
0.001,adaptive,0.45600000000000002,0.043529251098632711,0.043237380096000005,0.00029187100263270566
0.001,adaptive,0.45700000000000002,0.043901840209960838,0.043617904801000008,0.00028393540896082953
0.001,adaptive,0.45800000000000002,0.044274429321288958,0.044000935696000006,0.00027349362528895221
0.001,adaptive,0.45900000000000002,0.044647018432617085,0.04438648376100001,0.00026053467161707422
0.001,adaptive,0.46000000000000002,0.045019607543945211,0.044774560000000005,0.00024504754394520656
0.001,adaptive,0.46100000000000002,0.045392196655273338,0.045165175441000009,0.00022702121427332911
0.001,adaptive,0.46200000000000002,0.045764785766601465,0.045558341136000005,0.00020644463060146001
0.001,adaptive,0.46300000000000002,0.046137374877929585,0.045954068161000006,0.00018330671692957934
0.001,adaptive,0.46400000000000002,0.046509963989257712,0.046352367616000006,0.00015759637325770542
0.001,adaptive,0.46500000000000002,0.046882553100585839,0.046753250625000013,0.00012930247558582547
0.001,adaptive,0.46600000000000003,0.047255142211913959,0.047156728336000008,9.8413875913951065e-05
0.001,adaptive,0.46700000000000003,0.047627731323242085,0.047562811921000009,6.491940224207654e-05
0.001,adaptive,0.46800000000000003,0.048000320434570212,0.047971512576000012,2.8807858570199796e-05
0.001,adaptive,0.46899999999999997,0.048393524169921751,0.048382841520999989,1.0682648921761517e-05
0.001,adaptive,0.46999999999999997,0.048848571777343627,0.048796809999999989,5.1761777343638238e-05
0.001,adaptive,0.47099999999999997,0.049303619384765504,0.04921342928099999,9.0190103765513951e-05
0.001,adaptive,0.47199999999999998,0.049758666992187374,0.049632710655999987,0.00012595633618738694
0.001,adaptive,0.47299999999999998,0.050213714599609251,0.050054665440999992,0.00015904915860925906
0.001,adaptive,0.47399999999999998,0.050668762207031127,0.050479304975999992,0.00018945723103113571
0.001,adaptive,0.47499999999999998,0.051123809814453004,0.050906640624999992,0.000217169189453012
0.001,adaptive,0.47599999999999998,0.051578857421874874,0.051336683775999988,0.0002421736458748866
0.001,adaptive,0.47699999999999998,0.052033905029296751,0.051769445840999989,0.00026445918829676174
0.001,adaptive,0.47799999999999998,0.052488952636718628,0.052204938255999991,0.00028401438071863627
0.001,adaptive,0.47899999999999998,0.052944000244140504,0.052643172480999992,0.00030082776314051263
0.001,adaptive,0.47999999999999998,0.053399047851562381,0.053084159999999991,0.00031488785156238985
0.001,adaptive,0.48099999999999998,0.053854095458984251,0.053527912320999994,0.00032618313798425669
0.001,adaptive,0.48199999999999998,0.054309143066406128,0.053974440975999995,0.00033470209040613319
0.001,adaptive,0.48299999999999998,0.054764190673828005,0.054423757520999996,0.00034043315282800829
0.001,adaptive,0.48399999999999999,0.055219238281249881,0.054875873535999993,0.00034336474524988836
0.001,adaptive,0.48499999999999999,0.055674285888671751,0.055330800624999996,0.00034348526367175558
0.001,adaptive,0.48599999999999999,0.056129333496093628,0.055788550415999998,0.0003407830800936304
0.001,adaptive,0.48699999999999999,0.056584381103515505,0.056249134560999996,0.00033524654251550906
0.001,adaptive,0.48799999999999999,0.057039428710937382,0.056712564735999997,0.00032686397493738445
0.001,adaptive,0.48899999999999999,0.057494476318359258,0.057178852640999998,0.00031562367735925995
0.001,adaptive,0.48999999999999999,0.057949523925781128,0.057648009999999993,0.00030151392578113556
0.001,adaptive,0.49099999999999999,0.058404571533203005,0.058120048560999997,0.00028452297220300793
0.001,adaptive,0.49199999999999999,0.058859619140624882,0.058594980095999998,0.00026463904462488419
0.001,adaptive,0.49299999999999999,0.059314666748046752,0.059072816400999997,0.00024185034704675423
0.001,adaptive,0.49399999999999999,0.059769714355468628,0.059553569295999996,0.00021614505946863233
0.001,adaptive,0.495,0.060224761962890505,0.060037250624999997,0.00018751133789050856
0.001,adaptive,0.496,0.060679809570312382,0.060523872255999998,0.0001559373143123835
0.001,adaptive,0.497,0.061134857177734259,0.061013446080999997,0.00012141109673426131
0.001,adaptive,0.498,0.061589904785156135,0.061505984016,8.3920769156135833e-05
0.001,adaptive,0.499,0.062044952392578005,0.062001498001000001,4.3454391578004459e-05
0.001,adaptive,0.5,0.062499999999999882,0.0625,-1.1796119636642288e-16
0.001,adaptive,0.501,0.063048858642578004,0.063001502001000007,4.735664157799746e-05
0.001,adaptive,0.502,0.063597717285156133,0.063506016016000005,9.1701269156127529e-05
0.001,adaptive,0.503,0.064146575927734262,0.064013554080999999,0.00013302184673426309
0.001,adaptive,0.504,0.064695434570312377,0.064524128255999999,0.00017130631431237775
0.001,adaptive,0.505,0.065244293212890506,0.065037750625000001,0.00020654258789050417
0.001,adaptive,0.50600000000000001,0.065793151855468635,0.065554433295999998,0.00023871855946863696
0.001,adaptive,0.50700000000000001,0.066342010498046763,0.066074188401000003,0.00026782209704676041
0.001,adaptive,0.50800000000000001,0.066890869140624878,0.066597028096000002,0.00029384104462487626
0.001,adaptive,0.50900000000000001,0.067439727783203007,0.067122964561000004,0.00031676322220300368
0.001,adaptive,0.51000000000000001,0.067988586425781136,0.067652009999999999,0.00033657642578113767
0.001,adaptive,0.51100000000000001,0.068537445068359265,0.068184176641000002,0.00035326842735926289
0.001,adaptive,0.51200000000000001,0.06908630371093738,0.068719476736000012,0.0003668269749373676
0.001,adaptive,0.51300000000000001,0.069635162353515509,0.06925792256100001,0.00037723979251549911
0.001,adaptive,0.51400000000000001,0.070184020996093638,0.069799526416000013,0.00038449458009362503
0.001,adaptive,0.51500000000000001,0.070732879638671767,0.070344300625000009,0.00038857901367175818
0.001,adaptive,0.51600000000000001,0.071281738281249882,0.070892257536000008,0.00038948074524987331
0.001,adaptive,0.51700000000000002,0.071830596923828011,0.071443409521000006,0.00038718740282800423
0.001,adaptive,0.51800000000000002,0.07237945556640614,0.071997768976000007,0.00038168659040613284
0.001,adaptive,0.51900000000000002,0.072928314208984268,0.07255534832100001,0.00037296588798425845
0.001,adaptive,0.52000000000000002,0.073477172851562383,0.073116160000000013,0.00036101285156237006
0.001,adaptive,0.52100000000000002,0.074026031494140512,0.07368021648100001,0.00034581501314050189
0.001,adaptive,0.52200000000000002,0.074574890136718641,0.074247530256000005,0.0003273598807186362
0.001,adaptive,0.52300000000000002,0.075123748779296756,0.074818113841000011,0.00030563493829674493
0.001,adaptive,0.52400000000000002,0.075672607421874885,0.075391979776000012,0.00028062764587487299
0.001,adaptive,0.52500000000000002,0.076221466064453014,0.075969140625000015,0.00025232543945299946
0.001,adaptive,0.52600000000000002,0.076770324707031143,0.076549608976000008,0.00022071573103113473
0.001,adaptive,0.52700000000000002,0.077319183349609272,0.077133397441000021,0.00018578590860925115
0.001,adaptive,0.52800000000000002,0.077868041992187387,0.077720518656000021,0.00014752333618736624
0.001,adaptive,0.52900000000000003,0.078416900634765516,0.078310985281000015,0.0001059153537655011
0.001,adaptive,0.53000000000000003,0.078965759277343645,0.07890481000000002,6.0949277343624875e-05
0.001,adaptive,0.53100000000000003,0.07951461791992176,0.079502005521000021,1.2612398921738044e-05
0.001,adaptive,0.53200000000000003,0.0801428985595702,0.080102584576000016,4.0313983570183787e-05
0.001,adaptive,0.53300000000000003,0.080797653198242086,0.080706559921000023,9.1093277242063064e-05
0.001,adaptive,0.53400000000000003,0.081452407836913959,0.081313944336000019,0.00013846350091394066
0.001,adaptive,0.53500000000000003,0.082107162475585832,0.081924750625000015,0.00018241185058581744
0.001,adaptive,0.53600000000000003,0.082761917114257705,0.082538991616000021,0.00022292549825768393
0.001,adaptive,0.53700000000000003,0.083416671752929578,0.083156680161000016,0.000259991591929562
0.001,adaptive,0.53800000000000003,0.084071426391601464,0.083777829136000015,0.00029359725560144934
0.001,adaptive,0.53900000000000003,0.084726181030273337,0.084402451441000018,0.00032372958927331941
0.001,adaptive,0.54000000000000004,0.08538093566894521,0.085030560000000019,0.0003503756689451909
0.001,adaptive,0.54100000000000004,0.086035690307617083,0.085662167761000024,0.0003735225466170583
0.001,adaptive,0.54200000000000004,0.086690444946288969,0.086297287696000022,0.00039315725028894744
0.001,adaptive,0.54300000000000004,0.087345199584960842,0.086935932801000024,0.00040926678396081828
0.001,adaptive,0.54400000000000004,0.087999954223632715,0.087578116096000025,0.00042183812763268991
0.001,adaptive,0.54500000000000004,0.088654708862304588,0.08822385062500003,0.00043085823730455719
0.001,adaptive,0.54600000000000004,0.08930946350097646,0.088873149456000028,0.00043631404497643245
0.001,adaptive,0.54700000000000004,0.089964218139648333,0.089526025681000029,0.00043819245864830381
0.001,adaptive,0.54800000000000004,0.09061897277832022,0.090182492416000029,0.00043648036232019072
0.001,adaptive,0.54900000000000004,0.091273727416992093,0.090842562801000032,0.00043116461599206068
0.001,adaptive,0.55000000000000004,0.091928482055663965,0.091506250000000025,0.00042223205566394029
0.001,adaptive,0.55100000000000005,0.092583236694335838,0.092173567201000034,0.00040966949333580416
0.001,adaptive,0.55200000000000005,0.093237991333007725,0.092844527616000025,0.00039346371700769989
0.001,adaptive,0.55300000000000005,0.093892745971679598,0.09351914448100003,0.0003736014906795676
0.001,adaptive,0.55400000000000005,0.09454750061035147,0.094197431056000036,0.00035006955435143428
0.001,adaptive,0.55500000000000005,0.095202255249023343,0.094879400625000027,0.00032285462402331655
0.001,adaptive,0.55600000000000005,0.095857009887695216,0.095565066496000037,0.00029194339169517913
0.001,adaptive,0.55700000000000005,0.096511764526367089,0.096254442001000029,0.00025732252536705968
0.001,adaptive,0.55800000000000005,0.097166519165038975,0.096947540496000031,0.00021897866903894392
0.001,adaptive,0.55900000000000005,0.097821273803710848,0.097644375361000041,0.00017689844271080724
0.001,adaptive,0.56000000000000005,0.098476028442382721,0.098344960000000037,0.00013106844238268411
0.001,adaptive,0.56100000000000005,0.099130783081054594,0.099049307841000037,8.1475240054557085e-05
0.001,adaptive,0.56200000000000006,0.09978553771972648,0.09975743233600004,2.8105383726440003e-05
0.001,adaptive,0.56299999999999994,0.1004996490478514,0.10046934696099996,3.0302086851438648e-05
0.001,adaptive,0.56399999999999995,0.10127311706542952,0.10118506521599996,8.8051849429560125e-05
0.001,adaptive,0.56499999999999995,0.10204658508300765,0.10190460062499997,0.00014198445800768511
0.001,adaptive,0.56599999999999995,0.10282005310058577,0.10262796673599996,0.00019208636458581396
0.001,adaptive,0.56699999999999995,0.1035935211181639,0.10335517712099997,0.00023834399716393673
0.001,adaptive,0.56799999999999995,0.10436698913574202,0.10408624537599996,0.00028074375974206089
0.001,adaptive,0.56899999999999995,0.10514045715332015,0.10482118512099996,0.00031927203232019752
0.001,adaptive,0.56999999999999995,0.10591392517089827,0.10556000999999997,0.00035391517089830571
0.001,adaptive,0.57099999999999995,0.10668739318847641,0.10630273368099996,0.00038465950747644528
0.001,adaptive,0.57199999999999995,0.10746086120605453,0.10704936985599997,0.00041149135005455473
0.001,adaptive,0.57299999999999995,0.10823432922363266,0.10779993224099997,0.00043439698263268711
0.001,adaptive,0.57399999999999995,0.10900779724121078,0.10855443457599996,0.00045336266521081581
0.001,adaptive,0.57499999999999996,0.1097812652587889,0.10931289062499996,0.00046837463378893163
0.001,adaptive,0.57599999999999996,0.11055473327636703,0.11007531417599997,0.00047941910036705671
0.001,adaptive,0.57699999999999996,0.11132820129394516,0.11084171904099997,0.00048648225294518899
0.001,adaptive,0.57799999999999996,0.11210166931152328,0.11161211905599996,0.0004895502555233161
0.001,adaptive,0.57899999999999996,0.1128751373291014,0.11238652808099997,0.00048860924810142925
0.001,adaptive,0.57999999999999996,0.11364860534667953,0.11316495999999997,0.00048364534667956482
0.001,adaptive,0.58099999999999996,0.11442207336425766,0.11394742872099997,0.0004746446432576934
0.001,adaptive,0.58199999999999996,0.11519554138183578,0.11473394817599997,0.00046159320583581687
0.001,adaptive,0.58299999999999996,0.1159690093994139,0.11552453232099998,0.00044447707841392681
0.001,adaptive,0.58399999999999996,0.11674247741699204,0.11631919513599998,0.00042328228099206
0.001,adaptive,0.58499999999999996,0.11751594543457017,0.11711795062499997,0.00039799480957020128
0.001,adaptive,0.58599999999999997,0.11828941345214829,0.11792081281599998,0.00036860063614831129
0.001,adaptive,0.58699999999999997,0.11906288146972641,0.11872779576099997,0.0003350857087264375
0.001,adaptive,0.58799999999999997,0.11983634948730454,0.11953891353599998,0.00029743595130456157
0.001,adaptive,0.58899999999999997,0.12060981750488267,0.12035418024099998,0.00025563726388269647
0.001,adaptive,0.58999999999999997,0.12138328552246079,0.12117360999999997,0.00020967552246081711
0.001,adaptive,0.59099999999999997,0.12215675354003891,0.12199721696099998,0.0001595365790389297
0.001,adaptive,0.59199999999999997,0.12293022155761704,0.12282501529599997,0.00010520626161707181
0.001,adaptive,0.59299999999999997,0.12370368957519516,0.12365701920099997,4.6670374195187381e-05
0.001,adaptive,0.59399999999999997,0.12451022338867172,0.12449324289599997,1.6980492671750391e-05
0.001,adaptive,0.59499999999999997,0.12541595458984361,0.12533370062499999,8.2253964843626015e-05
0.001,adaptive,0.59599999999999997,0.12632168579101546,0.12617840665599997,0.00014327913501549494
0.001,adaptive,0.59699999999999998,0.12722741699218734,0.12702737528099997,0.00020004171118737091
0.001,adaptive,0.59799999999999998,0.12813314819335922,0.12788062081599999,0.00025252737735922959
0.001,adaptive,0.59899999999999998,0.1290388793945311,0.12873815760099999,0.00030072179353110573
0.001,adaptive,0.59999999999999998,0.12994461059570298,0.12959999999999999,0.00034461059570298214
0.001,adaptive,0.60099999999999998,0.13085034179687485,0.13046616240099998,0.00038417939587487293
0.001,adaptive,0.60199999999999998,0.13175607299804673,0.13133665921599999,0.00041941378204674029
0.001,adaptive,0.60299999999999998,0.13266180419921861,0.13221150488099997,0.00045029931821863323
0.001,adaptive,0.60399999999999998,0.13356753540039049,0.13309071385599999,0.00047682154439049329
0.001,adaptive,0.60499999999999998,0.13447326660156236,0.13397430062499999,0.00049896597656237662
0.001,adaptive,0.60599999999999998,0.13537899780273424,0.13486227969599998,0.00051671810673425966
0.001,adaptive,0.60699999999999998,0.13628472900390612,0.135754665601,0.00053006340290612242
0.001,adaptive,0.60799999999999998,0.137190460205078,0.13665147289599999,0.00053898730907800396
0.001,adaptive,0.60899999999999999,0.13809619140624987,0.13755271616099998,0.00054347524524989144
0.001,adaptive,0.60999999999999999,0.13900192260742175,0.13845840999999998,0.00054351260742177554
0.001,adaptive,0.61099999999999999,0.13990765380859363,0.13936856904099998,0.00053908476759365054
0.001,adaptive,0.61199999999999999,0.14081338500976551,0.14028320793599999,0.00053017707376551426
0.001,adaptive,0.61299999999999999,0.14171911621093738,0.14120234136099999,0.00051677484993739586
0.001,adaptive,0.61399999999999999,0.14262484741210923,0.14212598401599999,0.00049886339610924479
0.001,adaptive,0.61499999999999999,0.14353057861328111,0.14305415062499999,0.00047642798828112509
0.001,adaptive,0.61599999999999999,0.14443630981445299,0.143986855936,0.00044945387845299334
0.001,adaptive,0.61699999999999999,0.14534204101562487,0.144924114721,0.00041792629462486519
0.001,adaptive,0.61799999999999999,0.14624777221679675,0.14586594177599999,0.00038183044079675987
0.001,adaptive,0.61899999999999999,0.14715350341796862,0.14681235192100001,0.00034115149696861691
0.001,adaptive,0.62,0.1480592346191405,0.14776335999999998,0.00029587461914051816
0.001,adaptive,0.621,0.14896496582031238,0.148718980881,0.00024598493931238252
0.001,adaptive,0.622,0.14987069702148426,0.14967922945599998,0.00019146756548427124
0.001,adaptive,0.623,0.15077642822265613,0.150644120641,0.0001323075816561381
0.001,adaptive,0.624,0.15168215942382801,0.15161366937599999,6.8490047828023704e-05
0.001,adaptive,0.625,0.15258789062499989,0.152587890625,-1.1102230246251565e-16
0.001,adaptive,0.626,0.15364016723632801,0.15356679937600001,7.3367860327994139e-05
0.001,adaptive,0.627,0.15469244384765615,0.154550410641,0.00014203320665615027
0.001,adaptive,0.628,0.15574472045898427,0.155538739456,0.00020598100298427346
0.001,adaptive,0.629,0.15679699707031239,0.15653180088099999,0.00026519618931239441
0.001,adaptive,0.63,0.15784927368164053,0.15752961000000001,0.00031966368164051961
0.001,adaptive,0.63100000000000001,0.15890155029296865,0.15853218192099999,0.00036936837196865913
0.001,adaptive,0.63200000000000001,0.15995382690429677,0.159539531776,0.00041429512829677106
0.001,adaptive,0.63300000000000001,0.16100610351562492,0.16055167472100002,0.00045442879462490038
0.001,adaptive,0.63400000000000001,0.16205838012695303,0.16156862593600002,0.00048975419095301231
0.001,adaptive,0.63500000000000001,0.16311065673828115,0.16259040062500002,0.00052025611328113119
0.001,adaptive,0.63600000000000001,0.1641629333496093,0.16361701401600001,0.00054591933360928491
0.001,adaptive,0.63700000000000001,0.16521520996093741,0.16464848136100002,0.00056672859993739388
0.001,adaptive,0.63800000000000001,0.16626748657226553,0.16568481793600001,0.0005826686362655209
0.001,adaptive,0.63900000000000001,0.16731976318359365,0.166726039041,0.00059372414259364903
0.001,adaptive,0.64000000000000001,0.1683720397949218,0.16777216,0.00059987979492179266
0.001,adaptive,0.64100000000000001,0.16942431640624991,0.16882319616100003,0.0006011202452498865
0.001,adaptive,0.64200000000000002,0.17047659301757806,0.16987916289600002,0.00059743012157803532
0.001,adaptive,0.64300000000000002,0.17152886962890618,0.17094007560100002,0.00058879402790615321
0.001,adaptive,0.64400000000000002,0.1725811462402343,0.17200594969600003,0.0005751965442342688
0.001,adaptive,0.64500000000000002,0.17363342285156241,0.17307680062500003,0.00055662222656238658
0.001,adaptive,0.64600000000000002,0.17468569946289056,0.17415264385600002,0.00053305560689054232
0.001,adaptive,0.64700000000000002,0.17573797607421868,0.17523349488100001,0.00050448119321866436
0.001,adaptive,0.64800000000000002,0.17679025268554679,0.17631936921600003,0.00047088346954676785
0.001,adaptive,0.64900000000000002,0.17784252929687494,0.17741028240100001,0.00043224689587492704
0.001,adaptive,0.65000000000000002,0.17889480590820306,0.17850625000000003,0.00038855590820302544
0.001,adaptive,0.65100000000000002,0.17994708251953118,0.17960728760100003,0.00033979491853114441
0.001,adaptive,0.65200000000000002,0.18099935913085932,0.18071341081600004,0.00028594831485928562
0.001,adaptive,0.65300000000000002,0.18205163574218744,0.18182463528100004,0.00022700046118739881
0.001,adaptive,0.65400000000000003,0.18310391235351556,0.18294097665600004,0.00016293569751552051
0.001,adaptive,0.65500000000000003,0.1841561889648437,0.18406245062500004,9.3738339843663088e-05
0.001,adaptive,0.65600000000000003,0.18520846557617182,0.18518907289600003,1.9392680171786969e-05
0.001,adaptive,0.65700000000000003,0.18638191223144526,0.18632085920100003,6.1053030445235024e-05
0.001,adaptive,0.65800000000000003,0.18759574890136715,0.18745782529600002,0.00013792360536712955
0.001,adaptive,0.65900000000000003,0.18880958557128902,0.18859998696100003,0.00020959861028899129
0.001,adaptive,0.66000000000000003,0.19002342224121088,0.18974736000000003,0.00027606224121085043
0.001,adaptive,0.66100000000000003,0.19123725891113277,0.19089996024100003,0.00033729867013274073
0.001,adaptive,0.66200000000000003,0.19245109558105464,0.19205780353600005,0.00039329204505458848
0.001,adaptive,0.66300000000000003,0.19366493225097653,0.19322090576100004,0.00044402648997649008
0.001,adaptive,0.66400000000000003,0.19487876892089839,0.19438928281600004,0.0004894861048983512
0.001,adaptive,0.66500000000000004,0.19609260559082028,0.19556295062500004,0.00052965496582024763
0.001,adaptive,0.66600000000000004,0.19730644226074215,0.19674192513600006,0.00056451712474209215
0.001,adaptive,0.66700000000000004,0.19852027893066404,0.19792622232100004,0.00059405660966399543
0.001,adaptive,0.66800000000000004,0.1997341156005859,0.19911585817600005,0.00061825742458584965
0.001,adaptive,0.66900000000000004,0.2009479522705078,0.20031084872100005,0.00063710354950774484
0.001,adaptive,0.67000000000000004,0.20216178894042966,0.20151121000000005,0.00065057894042960807
0.001,adaptive,0.67100000000000004,0.20337562561035155,0.20271695808100004,0.00065866752935150874
0.001,adaptive,0.67200000000000004,0.20458946228027342,0.20392810905600006,0.0006613532242733533
0.001,adaptive,0.67300000000000004,0.20580329895019531,0.20514467904100006,0.00065861990919524604
0.001,adaptive,0.67400000000000004,0.20701713562011717,0.20636668417600004,0.0006504514441171283
0.001,adaptive,0.67500000000000004,0.20823097229003906,0.20759414062500006,0.00063683166503900046
0.001,adaptive,0.67600000000000005,0.20944480895996093,0.20882706457600006,0.00061774438396086651
0.001,adaptive,0.67700000000000005,0.21065864562988279,0.21006547224100006,0.00059317338888273397
0.001,adaptive,0.67800000000000005,0.21187248229980468,0.21130937985600007,0.00056310244380461394
0.001,adaptive,0.67900000000000005,0.21308631896972655,0.21255880368100005,0.00052751528872649334
0.001,adaptive,0.68000000000000005,0.21430015563964844,0.21381376000000007,0.00048639563964836263
0.001,adaptive,0.68100000000000005,0.2155139923095703,0.21507426512100006,0.00043972718857024362
0.001,adaptive,0.68200000000000005,0.21672782897949219,0.21634033537600006,0.00038749360349213391
0.001,adaptive,0.68300000000000005,0.21794166564941406,0.21761198712100008,0.00032967852841397915
0.001,adaptive,0.68400000000000005,0.21915550231933595,0.21888923673600005,0.00026626558333589512
0.001,adaptive,0.68500000000000005,0.22036933898925781,0.22017210062500006,0.00019723836425775132
0.001,adaptive,0.68600000000000005,0.2215831756591797,0.22146059521600006,0.0001225804431796429
0.001,adaptive,0.68700000000000006,0.22279701232910157,0.22275473696100007,4.2275368101502009e-05
0.001,adaptive,0.68799999999999994,0.22409950256347644,0.22405454233599992,4.4960227476520398e-05
0.001,adaptive,0.68899999999999995,0.22549064636230456,0.22536002784099993,0.00013061852130463736
0.001,adaptive,0.68999999999999995,0.22688179016113269,0.22667120999999993,0.00021058016113276179
0.001,adaptive,0.69099999999999995,0.22827293395996082,0.22798810536099992,0.00028482859896089563
0.001,adaptive,0.69199999999999995,0.22966407775878894,0.22931073049599993,0.00035334726278901663
0.001,adaptive,0.69299999999999995,0.23105522155761707,0.23063910200099993,0.00041611955661713385
0.001,adaptive,0.69399999999999995,0.23244636535644519,0.23197323649599993,0.00047312886044525992
0.001,adaptive,0.69499999999999995,0.23383750915527332,0.23331315062499994,0.00052435853027338331
0.001,adaptive,0.69599999999999995,0.23522865295410145,0.23465886105599992,0.00056979189810152375
0.001,adaptive,0.69699999999999995,0.23661979675292957,0.23601038448099992,0.00060941227192964909
0.001,adaptive,0.69799999999999995,0.2380109405517577,0.23736773761599994,0.00064320293575775844
0.001,adaptive,0.69899999999999995,0.23940208435058585,0.23873093720099994,0.00067114714958591004
0.001,adaptive,0.69999999999999996,0.24079322814941398,0.24009999999999995,0.00069322814941402688
0.001,adaptive,0.70099999999999996,0.24218437194824211,0.24147494280099993,0.00070942914724217432
0.001,adaptive,0.70199999999999996,0.24357551574707023,0.24285578241599995,0.00071973333107028248
0.001,adaptive,0.70299999999999996,0.24496665954589836,0.24424253568099993,0.00072412386489842384
0.001,adaptive,0.70399999999999996,0.24635780334472648,0.24563521945599995,0.00072258388872653567
0.001,adaptive,0.70499999999999996,0.24774894714355461,0.24703385062499994,0.00071509651855466982
0.001,adaptive,0.70599999999999996,0.24914009094238274,0.24843844609599994,0.00070164484638279845
0.001,adaptive,0.70699999999999996,0.25053123474121086,0.24984902280099994,0.00068221194021092502
0.001,adaptive,0.70799999999999996,0.25192237854003902,0.25126559769599993,0.00065678084403908432
0.001,adaptive,0.70899999999999996,0.25331352233886711,0.25268818776099994,0.00062533457786717594
0.001,adaptive,0.70999999999999996,0.25470466613769527,0.25411680999999997,0.00058785613769529732
0.001,adaptive,0.71099999999999997,0.25609580993652337,0.25555148144099993,0.00054432849552343843
0.001,adaptive,0.71199999999999997,0.25748695373535152,0.25699221913599996,0.00049473459935156505
0.001,adaptive,0.71299999999999997,0.25887809753417962,0.25843904016099994,0.0004390573731796743
0.001,adaptive,0.71399999999999997,0.26026924133300777,0.25989196161599998,0.00037727971700779461
0.001,adaptive,0.71499999999999997,0.26166038513183587,0.26135100062499994,0.00030938450683593022
0.001,adaptive,0.71599999999999997,0.26305152893066402,0.26281617433599996,0.00023535459466406117
0.001,adaptive,0.71699999999999997,0.26444267272949212,0.26428749992099998,0.00015517280849214332
0.001,adaptive,0.71799999999999997,0.26583381652832028,0.26576499457599995,6.8821952320330393e-05
0.001,adaptive,0.71899999999999997,0.26727340698242186,0.26724867552099996,2.4731461421900747e-05
0.001,adaptive,0.71999999999999997,0.26885833740234372,0.26873855999999996,0.000119777402343757
0.001,adaptive,0.72099999999999997,0.27044326782226558,0.27023466528099999,0.00020860254126559008
0.001,adaptive,0.72199999999999998,0.27202819824218749,0.27173700865599998,0.00029118958618751245
0.001,adaptive,0.72299999999999998,0.27361312866210935,0.27324560744099996,0.00036752122110939034
0.001,adaptive,0.72399999999999998,0.27519805908203121,0.27476047897599998,0.00043758010603123232
0.001,adaptive,0.72499999999999998,0.27678298950195312,0.27628164062499999,0.00050134887695313379
0.001,adaptive,0.72599999999999998,0.27836791992187498,0.27780910977599999,0.00055881014587499944
0.001,adaptive,0.72699999999999998,0.27995285034179684,0.27934290384099997,0.00060994650079687629
0.001,adaptive,0.72799999999999998,0.28153778076171876,0.28088304025599997,0.00065474050571878717
0.001,adaptive,0.72899999999999998,0.28312271118164062,0.282429536481,0.0006931747006406197
0.001,adaptive,0.72999999999999998,0.28470764160156248,0.28398240999999996,0.00072523160156251487
0.001,adaptive,0.73099999999999998,0.28629257202148439,0.28554167832099997,0.00075089370048442294
0.001,adaptive,0.73199999999999998,0.28787750244140625,0.28710735897599998,0.00077014346540626999
0.001,adaptive,0.73299999999999998,0.28946243286132811,0.28867946952099999,0.00078296334032812442
0.001,adaptive,0.73399999999999999,0.29104736328125003,0.290258027536,0.00078933574525003047
0.001,adaptive,0.73499999999999999,0.29263229370117189,0.29184305062499999,0.00078924307617189715
0.001,adaptive,0.73599999999999999,0.29421722412109375,0.29343455641599997,0.00078266770509377581
0.001,adaptive,0.73699999999999999,0.29580215454101566,0.29503256256099997,0.00076959198001569362
0.001,adaptive,0.73799999999999999,0.29738708496093752,0.29663708673599998,0.00074999822493754253
0.001,adaptive,0.73899999999999999,0.29897201538085938,0.29824814664099997,0.00072386873985941236
0.001,adaptive,0.73999999999999999,0.30055694580078129,0.29986575999999998,0.0006911858007813132
0.001,adaptive,0.74099999999999999,0.30214187622070315,0.30148994456099998,0.00065193165970317546
0.001,adaptive,0.74199999999999999,0.30372680664062501,0.303120718096,0.00060608854462501638
0.001,adaptive,0.74299999999999999,0.30531173706054693,0.30475809840099999,0.00055363865954694003
0.001,adaptive,0.74399999999999999,0.30689666748046879,0.30640210329599998,0.00049456418446880424
0.001,adaptive,0.745,0.30848159790039065,0.30805275062499998,0.0004288472753906647
0.001,adaptive,0.746,0.31006652832031256,0.30971005825600001,0.0003564700643125529
0.001,adaptive,0.747,0.31165145874023442,0.311374044081,0.00027741465923442066
0.001,adaptive,0.748,0.31323638916015628,0.31304472601599997,0.00019166314415630659
0.001,adaptive,0.749,0.3148213195800782,0.31472212200099997,9.9197579078225129e-05
0.001,adaptive,0.75,0.31640625000000006,0.31640625,5.5511151231257827e-17
0.001,adaptive,0.751,0.31820217895507819,0.31809712800099998,0.00010505095407820075
0.001,adaptive,0.752,0.31999810791015632,0.31979477401599998,0.0002033338941563323
0.001,adaptive,0.753,0.32179403686523445,0.32149920608100002,0.00029483078423442333
0.001,adaptive,0.754,0.32358996582031258,0.32321044225599999,0.00037952356431258938
0.001,adaptive,0.755,0.3253858947753907,0.32492850062500001,0.00045739415039069975
0.001,adaptive,0.75600000000000001,0.32718182373046883,0.32665339929600001,0.00052842443446882159
0.001,adaptive,0.75700000000000001,0.32897775268554696,0.32838515640100002,0.00059259628454694235
0.001,adaptive,0.75800000000000001,0.33077368164062509,0.33012379009600001,0.00064989154462508081
0.001,adaptive,0.75900000000000001,0.33256961059570322,0.33186931856099999,0.00070029203470323154
0.001,adaptive,0.76000000000000001,0.33436553955078135,0.33362175999999999,0.00074377955078136493
0.001,adaptive,0.76100000000000001,0.33616146850585948,0.335381132641,0.0007803358648594827
0.001,adaptive,0.76200000000000001,0.33795739746093761,0.337147454736,0.00080994272493761788
0.001,adaptive,0.76300000000000001,0.33975332641601574,0.33892074456100002,0.00083258185501572379
0.001,adaptive,0.76400000000000001,0.34154925537109387,0.34070102041600003,0.00084823495509384061
0.001,adaptive,0.76500000000000001,0.343345184326172,0.34248830062500002,0.00085688370117198431
0.001,adaptive,0.76600000000000001,0.34514111328125013,0.34428260353600004,0.00085850974525009116
0.001,adaptive,0.76700000000000002,0.34693704223632826,0.34608394752100002,0.00085309471532823977
0.001,adaptive,0.76800000000000002,0.34873297119140634,0.34789235097600002,0.00084062021540631804
0.001,adaptive,0.76900000000000002,0.35052890014648452,0.34970783232100006,0.00082106782548446722
0.001,adaptive,0.77000000000000002,0.3523248291015626,0.35153041000000002,0.00079441910156258233
0.001,adaptive,0.77100000000000002,0.35412075805664073,0.35336010248100003,0.00076065557564070074
0.001,adaptive,0.77200000000000002,0.35591668701171886,0.35519692825600002,0.00071975875571883563
0.001,adaptive,0.77300000000000002,0.35771261596679699,0.35704090584100001,0.00067171012579697598
0.001,adaptive,0.77400000000000002,0.35950854492187512,0.35889205377600003,0.00061649114587508658
0.001,adaptive,0.77500000000000002,0.36130447387695325,0.36075039062500003,0.00055408325195321906
0.001,adaptive,0.77600000000000002,0.36310040283203138,0.36261593497600003,0.00048446785603134535
0.001,adaptive,0.77700000000000002,0.36489633178710951,0.36448870544100004,0.00040762634610946868
0.001,adaptive,0.77800000000000002,0.36669226074218764,0.36636872065600007,0.00032354008618756813
0.001,adaptive,0.77900000000000003,0.36848818969726577,0.36825599928100006,0.00023219041626570958
0.001,adaptive,0.78000000000000003,0.3702841186523439,0.37015056000000007,0.00013355865234382369
0.001,adaptive,0.78100000000000003,0.37208004760742203,0.37205242152100004,2.7626086421983498e-05
0.001,adaptive,0.78200000000000003,0.37404768371582048,0.37396160257600003,8.6081139820448627e-05
0.001,adaptive,0.78300000000000003,0.37607255554199237,0.37587812192100006,0.00019443362099230699
0.001,adaptive,0.78400000000000003,0.37809742736816426,0.37780199833600003,0.00029542903216422944
0.001,adaptive,0.78500000000000003,0.3801222991943361,0.37973325062500007,0.00038904856933602572
0.001,adaptive,0.78600000000000003,0.38214717102050799,0.38167189761600007,0.00047527340450792543
0.001,adaptive,0.78700000000000003,0.38417204284667988,0.38361795816100008,0.00055408468567980096
0.001,adaptive,0.78800000000000003,0.38619691467285178,0.38557145113600005,0.00062546353685172251
0.001,adaptive,0.78900000000000003,0.38822178649902361,0.38753239544100004,0.00068939105802356959
0.001,adaptive,0.79000000000000004,0.39024665832519551,0.38950081000000009,0.00074584832519541955
0.001,adaptive,0.79100000000000004,0.3922715301513674,0.39147671376100007,0.00079481639036732554
0.001,adaptive,0.79200000000000004,0.39429640197753929,0.39346012569600008,0.00083627628153920552
0.001,adaptive,0.79300000000000004,0.39632127380371113,0.39545106480100006,0.00087020900271106427
0.001,adaptive,0.79400000000000004,0.39834614562988302,0.39744955009600008,0.00089659553388293789
0.001,adaptive,0.79500000000000004,0.40037101745605491,0.39945560062500007,0.00091541683105483829
0.001,adaptive,0.79600000000000004,0.4023958892822268,0.40146923545600011,0.00092665382622669767
0.001,adaptive,0.79700000000000004,0.40442076110839864,0.40349047368100011,0.00093028742739853509
0.001,adaptive,0.79800000000000004,0.40644563293457053,0.40551933441600008,0.00092629851857045642
0.001,adaptive,0.79900000000000004,0.40847050476074243,0.4075558368010001,0.00091466795974232129
0.001,adaptive,0.80000000000000004,0.41049537658691432,0.40960000000000008,0.00089537658691424271
0.001,adaptive,0.80100000000000005,0.41252024841308615,0.41165184320100007,0.00086840521208608745
0.001,adaptive,0.80200000000000005,0.41454512023925805,0.41371138561600007,0.00083373462325797565
0.001,adaptive,0.80300000000000005,0.41656999206542994,0.4157786464810001,0.00079134558442983671
0.001,adaptive,0.80400000000000005,0.41859486389160183,0.41785364505600009,0.0007412188356017424
0.001,adaptive,0.80500000000000005,0.42061973571777367,0.41993640062500009,0.00068333509277357374
0.001,adaptive,0.80600000000000005,0.42264460754394556,0.4220269324960001,0.00061767504794546513
0.001,adaptive,0.80700000000000005,0.42466947937011745,0.42412526000100009,0.00054421936911736024
0.001,adaptive,0.80800000000000005,0.42669435119628935,0.42623140249600011,0.00046294870028923407
0.001,adaptive,0.80900000000000005,0.42871922302246118,0.42834537936100009,0.00037384366146109294
0.001,adaptive,0.81000000000000005,0.43074409484863307,0.4304672100000001,0.00027688484863297447
0.001,adaptive,0.81100000000000005,0.43276896667480497,0.43259691384100013,0.0001720528338048366
0.001,adaptive,0.81200000000000006,0.43479383850097686,0.43473451033600014,5.9328164976724107e-05
0.001,adaptive,0.81299999999999994,0.43691037178039555,0.43688001896099987,3.0352819395673691e-05
0.001,adaptive,0.81399999999999995,0.43911856651306158,0.4390334592159999,8.5107297061681741e-05
0.001,adaptive,0.81499999999999995,0.44132676124572762,0.44119485062499986,0.00013191062072775983
0.001,adaptive,0.81599999999999995,0.4435349559783936,0.44336421273599991,0.00017074324239368943
0.001,adaptive,0.81699999999999995,0.44574315071105963,0.44554156512099991,0.00020158559005972743
0.001,adaptive,0.81799999999999995,0.44795134544372567,0.44772692737599989,0.00022441806772577344
0.001,adaptive,0.81899999999999995,0.4501595401763917,0.44992031912099989,0.00023922105539181393
0.001,adaptive,0.81999999999999995,0.45236773490905768,0.45212175999999987,0.00024597490905781116
0.001,adaptive,0.82099999999999995,0.45457592964172372,0.45433126968099991,0.00024465996072381424
0.001,adaptive,0.82199999999999995,0.45678412437438976,0.45654886785599991,0.00023525651838984807
0.001,adaptive,0.82299999999999995,0.45899231910705579,0.45877457424099988,0.00021774486605591337
0.001,adaptive,0.82399999999999995,0.46120051383972177,0.4610084085759999,0.00019210526372187564
0.001,adaptive,0.82499999999999996,0.46340870857238781,0.4632503906249999,0.00015831794738790927
0.001,adaptive,0.82599999999999996,0.46561690330505384,0.4655005401759999,0.00011636312905394242
0.001,adaptive,0.82699999999999996,0.46782509803771988,0.46775887704099989,6.6220996719990044e-05
0.001,adaptive,0.82799999999999996,0.47003329277038586,0.47002542105599993,7.8717143859319272e-06
0.001,adaptive,0.82899999999999996,0.47235400676727307,0.47230019208099988,5.3814686273190304e-05
0.001,adaptive,0.82999999999999996,0.47469079494476335,0.47458320999999992,0.00010758494476342806
0.001,adaptive,0.83099999999999996,0.47702758312225357,0.47687449472099991,0.00015308840125366485
0.001,adaptive,0.83199999999999996,0.4793643712997438,0.47917406617599989,0.00019030512374390574
0.001,adaptive,0.83299999999999996,0.48170115947723408,0.48148194432099989,0.00021921515623418708
0.001,adaptive,0.83399999999999996,0.4840379476547243,0.48379814913599989,0.00023979851872441005
0.001,adaptive,0.83499999999999996,0.48637473583221452,0.4861227006249999,0.00025203520721461814
0.001,adaptive,0.83599999999999997,0.4887115240097048,0.48845561881599991,0.00025590519370488618
0.001,adaptive,0.83699999999999997,0.49104831218719502,0.49079692376099993,0.00025138842619509827
0.001,adaptive,0.83799999999999997,0.4933851003646853,0.49314663553599991,0.00023846482868539187
0.001,adaptive,0.83899999999999997,0.49572188854217553,0.49550477424099992,0.00021711430117560271
0.001,adaptive,0.83999999999999997,0.49805867671966575,0.49787135999999993,0.00018731671966581986
0.001,adaptive,0.84099999999999997,0.50039546489715603,0.50024641296099992,0.00014905193615610823
0.001,adaptive,0.84199999999999997,0.50273225307464631,0.50262995329599991,0.0001022997786463975
0.001,adaptive,0.84299999999999997,0.50506904125213647,0.50502200120099994,4.7040051136537642e-05
0.001,adaptive,0.84399999999999997,0.50743920230865502,0.5074225768959999,1.6625412655124627e-05
0.001,adaptive,0.84499999999999997,0.50990948200225861,0.50983170062499994,7.7781377258667739e-05
0.001,adaptive,0.84599999999999997,0.51237976169586208,0.51224939265599989,0.00013036903986218817
0.001,adaptive,0.84699999999999998,0.51485004138946555,0.51467567328099995,0.00017436810846560569
0.001,adaptive,0.84799999999999998,0.51732032108306913,0.51711056281599999,0.00020975826706914891
0.001,adaptive,0.84899999999999998,0.51979060077667261,0.51955408160099992,0.00023651917567268921
0.001,adaptive,0.84999999999999998,0.52226088047027619,0.52200624999999989,0.00025463047027629582
0.001,adaptive,0.85099999999999998,0.52473116016387966,0.52446708840099998,0.0002640717628796807
0.001,adaptive,0.85199999999999998,0.52720143985748324,0.52693661721599994,0.00026482264148330881
0.001,adaptive,0.85299999999999998,0.52967171955108672,0.52941485688099998,0.00025686267008673269
0.001,adaptive,0.85399999999999998,0.53214199924469019,0.53190182785599993,0.00024017138869025789
0.001,adaptive,0.85499999999999998,0.53461227893829377,0.53439755062499994,0.00021472831329383268
0.001,adaptive,0.85599999999999998,0.53708255863189724,0.53690204569599997,0.00018051293589727013
0.001,adaptive,0.85699999999999998,0.53955283832550083,0.53941533360099991,0.00013750472450091422
0.001,adaptive,0.85799999999999998,0.5420231180191043,0.54193743489599999,8.568312310430759e-05
0.001,adaptive,0.85899999999999999,0.54449339771270777,0.54446837016099991,2.5027551707856865e-05
0.001,adaptive,0.85999999999999999,0.54705022811889681,0.54700815999999997,4.2068118896843032e-05
0.001,adaptive,0.86099999999999999,0.54965898895263698,0.54955682504100001,0.00010216391163697658
0.001,adaptive,0.86199999999999999,0.55226774978637727,0.55211438593599993,0.00015336385037734157
0.001,adaptive,0.86299999999999999,0.55487651062011756,0.55468086336099998,0.00019564725911758174
0.001,adaptive,0.86399999999999999,0.55748527145385773,0.55725627801599997,0.00022899343785776072
0.001,adaptive,0.86499999999999999,0.56009403228759802,0.55984065062499999,0.00025338166259802897
0.001,adaptive,0.86599999999999999,0.5627027931213382,0.56243400193600002,0.00026879118533817969
0.001,adaptive,0.86699999999999999,0.56531155395507848,0.56503635272099995,0.00027520123407853703
0.001,adaptive,0.86799999999999999,0.56792031478881877,0.56764772377600003,0.00027259101281873477
0.001,adaptive,0.86899999999999999,0.57052907562255895,0.57026813592100001,0.00026093970155893764
0.001,adaptive,0.87,0.57313783645629923,0.57289760999999995,0.00024022645629928618
0.001,adaptive,0.871,0.57574659729003952,0.57553616688099996,0.00021043040903956367
0.001,adaptive,0.872,0.57835535812377969,0.57818382745599994,0.00017153066777975123
0.001,adaptive,0.873,0.58096411895751998,0.58084061264099995,0.00012350631652002786
0.001,adaptive,0.874,0.58357287979126016,0.58350654337599994,6.6336415260215276e-05
0.001,adaptive,0.875,0.58618164062500044,0.586181640625,4.4408920985006262e-16
0.001,adaptive,0.876,0.58893396377563523,0.58886592537600002,6.8038399635206304e-05
0.001,adaptive,0.877,0.59168628692627001,0.59155941864100003,0.00012686828526997651
0.001,adaptive,0.878,0.59443861007690479,0.59426214145599998,0.00017646862090481275
0.001,adaptive,0.879,0.59719093322753958,0.59697411488100005,0.00021681834653952681
0.001,adaptive,0.88,0.59994325637817436,0.59969536000000001,0.0002478963781743504
0.001,adaptive,0.88100000000000001,0.60269557952880914,0.60242589792099999,0.00026968160780915795
0.001,adaptive,0.88200000000000001,0.60544790267944382,0.60516574977600002,0.00028215290344379973
0.001,adaptive,0.88300000000000001,0.6082002258300786,0.60791493672100005,0.00028528910907854588
0.001,adaptive,0.88400000000000001,0.61095254898071338,0.61067347993600007,0.00027906904471330929
0.001,adaptive,0.88500000000000001,0.61370487213134817,0.61344140062500008,0.00026347150634808969
0.001,adaptive,0.88600000000000001,0.61645719528198295,0.61621872001599998,0.00023847526598297364
0.001,adaptive,0.88700000000000001,0.61920951843261773,0.61900545936100004,0.00020405907161769044
0.001,adaptive,0.88800000000000001,0.62196184158325252,0.62180163993600002,0.0001602016472525003
0.001,adaptive,0.88900000000000001,0.6247141647338873,0.62460728304099999,0.0001068816928873062
0.001,adaptive,0.89000000000000001,0.62746648788452208,0.62742240999999999,4.4077884522097932e-05
0.001,adaptive,0.89100000000000001,0.63027458667755187,0.63024704216100003,2.7544516551847309e-05
0.001,adaptive,0.89200000000000002,0.63317564487457334,0.63308120089600006,9.4443978573277576e-05
0.001,adaptive,0.89300000000000002,0.63607670307159481,0.63592490760100007,0.00015179547059473997
0.001,adaptive,0.89400000000000002,0.63897776126861627,0.63877818369600003,0.00019957757261623854
0.001,adaptive,0.89500000000000002,0.64187881946563785,0.6416410506250001,0.00023776884063775316
0.001,adaptive,0.89600000000000002,0.64477987766265932,0.64451352985600008,0.00026634780665923952
0.001,adaptive,0.89700000000000002,0.64768093585968078,0.64739564288100004,0.00028529297868074011
0.001,adaptive,0.89800000000000002,0.65058199405670225,0.65028741121600009,0.00029458284070216223
0.001,adaptive,0.89900000000000002,0.65348305225372372,0.65318885640100011,0.00029419585272361104
0.001,adaptive,0.90000000000000002,0.6563841104507453,0.65610000000000002,0.00028411045074527852
0.001,adaptive,0.90100000000000002,0.65928516864776676,0.6590208636010001,0.00026430504676666633
0.001,adaptive,0.90200000000000002,0.66218622684478823,0.66195146881600009,0.00023475802878814012
0.001,adaptive,0.90300000000000002,0.66508728504180969,0.6648918372810001,0.00019544776080959725
0.001,adaptive,0.90400000000000003,0.66798834323883116,0.66784199065600003,0.00014635258283113295
0.001,adaptive,0.90500000000000003,0.67088940143585263,0.67080195062500003,8.7450810852596206e-05
0.001,adaptive,0.90600000000000003,0.67379045963287421,0.67377173889600006,1.8720736874144883e-05
0.001,adaptive,0.90700000000000003,0.67680701732635562,0.67675137720100009,5.5640125355527204e-05
0.001,adaptive,0.90800000000000003,0.67986207485199035,0.67974088729600013,0.00012118755599022091
0.001,adaptive,0.90900000000000003,0.68291713237762519,0.68274029096100008,0.00017684141662510644
0.001,adaptive,0.91000000000000003,0.68597218990325992,0.68574961000000012,0.00022257990325980082
0.001,adaptive,0.91100000000000003,0.68902724742889465,0.68876886624100009,0.00025838118789456299
0.001,adaptive,0.91200000000000003,0.69208230495452949,0.69179808153600009,0.00028422341852940569
0.001,adaptive,0.91300000000000003,0.69513736248016422,0.69483727776100013,0.0003000847191640954
0.001,adaptive,0.91400000000000003,0.69819242000579895,0.69788647681600013,0.00030594318979881852
0.001,adaptive,0.91500000000000004,0.70124747753143379,0.70094570062500006,0.00030177690643373722
0.001,adaptive,0.91600000000000004,0.70430253505706852,0.70401497113600009,0.00028756392106843442
0.001,adaptive,0.91700000000000004,0.70735759258270325,0.70709431032100012,0.00026328226170313496
0.001,adaptive,0.91800000000000004,0.7104126501083381,0.71018374017600017,0.00022890993233792845
0.001,adaptive,0.91900000000000004,0.71346770763397283,0.71328328272100017,0.00018442491297265828
0.001,adaptive,0.92000000000000004,0.71652276515960756,0.71639296000000008,0.00012980515960747674
0.001,adaptive,0.92100000000000004,0.7195778226852424,0.71951279408100011,6.5028604242289845e-05
0.001,adaptive,0.92200000000000004,0.72265279960632389,0.72264280705600015,9.9925503237452418e-06
0.001,adaptive,0.92300000000000004,0.72586721229553297,0.72578302104100012,8.4191254532850479e-05
0.001,adaptive,0.92400000000000004,0.72908162498474194,0.72893345817600008,0.00014816680874185639
0.001,adaptive,0.92500000000000004,0.73229603767395091,0.73209414062500011,0.0002018970489507943
0.001,adaptive,0.92600000000000005,0.73551045036315987,0.73526509057600009,0.00024535978715978235
0.001,adaptive,0.92700000000000005,0.73872486305236884,0.73844633024100015,0.00027853281136869246
0.001,adaptive,0.92800000000000005,0.74193927574157781,0.7416378818560001,0.00030139388557770541
0.001,adaptive,0.92900000000000005,0.74515368843078689,0.74483976768100013,0.00031392074978675577
0.001,adaptive,0.93000000000000005,0.74836810111999585,0.74805201000000021,0.00031609111999564288
0.001,adaptive,0.93100000000000005,0.75158251380920482,0.75127463112100012,0.000307882688204697
0.001,adaptive,0.93200000000000005,0.75479692649841379,0.75450765337600012,0.00028927312241366909
0.001,adaptive,0.93300000000000005,0.75801133918762276,0.75775109912100014,0.000260240066622619
0.001,adaptive,0.93400000000000005,0.76122575187683172,0.76100499073600014,0.00022076114083158238
0.001,adaptive,0.93500000000000005,0.7644401645660408,0.76426935062500012,0.0001708139410406817
0.001,adaptive,0.93600000000000005,0.76765457725524977,0.7675442012160002,0.00011037603924957118
0.001,adaptive,0.93700000000000006,0.77086898994445874,0.77082956496100019,3.9424983458546947e-05
0.001,adaptive,0.93799999999999994,0.77416580390930212,0.77412546433599982,4.0339573302294873e-05
0.001,adaptive,0.93899999999999995,0.77754501914978069,0.77743192184099985,0.00011309730878084068
0.001,adaptive,0.93999999999999995,0.78092423439025915,0.78074895999999983,0.00017527439025932789
0.001,adaptive,0.94099999999999995,0.78430344963073773,0.78407660136099988,0.00022684826973784489
0.001,adaptive,0.94199999999999995,0.78768266487121619,0.78741486849599984,0.00026779637521634481
0.001,adaptive,0.94299999999999995,0.79106188011169476,0.79076378400099978,0.00029809611069497866
0.001,adaptive,0.94399999999999995,0.79444109535217322,0.79412337049599979,0.00031772485617342916
0.001,adaptive,0.94499999999999995,0.79782031059265179,0.79749365062499988,0.00032665996765190997
0.001,adaptive,0.94599999999999995,0.80119952583313025,0.80087464705599987,0.00032487877713038849
0.001,adaptive,0.94699999999999995,0.80457874107360883,0.8042663824809998,0.00031235859260902998
0.001,adaptive,0.94799999999999995,0.80795795631408729,0.80766887961599987,0.00028907669808742043
0.001,adaptive,0.94899999999999995,0.81133717155456586,0.81108216120099985,0.00025501035356600976
0.001,adaptive,0.94999999999999996,0.81471638679504432,0.81450624999999988,0.0002101367950444466
0.001,adaptive,0.95099999999999996,0.8180956020355229,0.81794116880099987,0.00015443323452302149
0.001,adaptive,0.95199999999999996,0.82147481727600136,0.8213869404159998,8.78768600015567e-05
0.001,adaptive,0.95299999999999996,0.82485403251647993,0.82484358768099986,1.0444835480072356e-05
0.001,adaptive,0.95399999999999996,0.8283822965621952,0.82831113345599983,7.1163106195371029e-05
0.001,adaptive,0.95499999999999996,0.83193185329437291,0.83178960062499985,0.00014225266937306635
0.001,adaptive,0.95599999999999996,0.83548141002655074,0.83527901209599986,0.0002023979305508794
0.001,adaptive,0.95699999999999996,0.83903096675872846,0.83877939080099984,0.00025157595772862251
0.001,adaptive,0.95799999999999996,0.84258052349090617,0.84229075969599987,0.00028976379490630588
0.001,adaptive,0.95899999999999996,0.84613008022308389,0.84581314176099986,0.00031693846208402654
0.001,adaptive,0.95999999999999996,0.84967963695526161,0.84934655999999986,0.0003330769552617463
0.001,adaptive,0.96099999999999997,0.85322919368743932,0.85289103744099992,0.00033815624643940279
0.001,adaptive,0.96199999999999997,0.85677875041961704,0.85644659713599991,0.00033215328361713148
0.001,adaptive,0.96299999999999997,0.86032830715179476,0.86001326216099994,0.00031504499079482162
0.001,adaptive,0.96399999999999997,0.86387786388397259,0.86359105561599991,0.00028680826797267134
0.001,adaptive,0.96499999999999997,0.8674274206161503,0.86718000062499989,0.00024741999115041047
0.001,adaptive,0.96599999999999997,0.87097697734832802,0.87078012033599994,0.00019685701232807773
0.001,adaptive,0.96699999999999997,0.87452653408050574,0.87439143792099994,0.00013509615950579867
0.001,adaptive,0.96799999999999997,0.87807609081268345,0.87801397657599989,6.2114236683563639e-05
0.001,adaptive,0.96899999999999997,0.88166964054107699,0.88164775952099994,2.1881020077052504e-05
0.001,adaptive,0.96999999999999997,0.88539516925811801,0.88529280999999993,0.00010235925811807878
0.001,adaptive,0.97099999999999997,0.88912069797515902,0.88894915128099994,0.00017154669415908597
0.001,adaptive,0.97199999999999998,0.89284622669220004,0.89261680665599996,0.00022942003620007867
0.001,adaptive,0.97299999999999998,0.89657175540924106,0.89629579944099991,0.00027595596824114832
0.001,adaptive,0.97399999999999998,0.90029728412628207,0.89998615297599993,0.00031113115028214011
0.001,adaptive,0.97499999999999998,0.90402281284332298,0.90368789062499988,0.0003349222183230971
0.001,adaptive,0.97599999999999998,0.90774834156036399,0.90740103577599995,0.00034730578436403814
0.001,adaptive,0.97699999999999998,0.91147387027740501,0.91112561184099994,0.00034825843640506893
0.001,adaptive,0.97799999999999998,0.91519939899444602,0.91486164225599997,0.00033775673844604892
0.001,adaptive,0.97899999999999998,0.91892492771148704,0.91860915048099989,0.00031577723048714645
0.001,adaptive,0.97999999999999998,0.92265045642852805,0.92236815999999988,0.0002822964285281726
0.001,adaptive,0.98099999999999998,0.92637598514556907,0.92613869432099993,0.0002372908245691363
0.001,adaptive,0.98199999999999998,0.93010151386261009,0.92992077697599995,0.00018073688661013332
0.001,adaptive,0.98299999999999998,0.9338270425796511,0.93371443152099998,0.0001126110586511242
0.001,adaptive,0.98399999999999999,0.93755257129669212,0.93751968153599996,3.2889760692156322e-05
0.001,adaptive,0.98499999999999999,0.94139165878295916,0.94133655062499999,5.5108157959171677e-05
0.001,adaptive,0.98599999999999999,0.94529888153076191,0.94516506241599996,0.00013381911476195718
0.001,adaptive,0.98699999999999999,0.94920610427856456,0.949005240561,0.0002008637175645589
0.001,adaptive,0.98799999999999999,0.95311332702636731,0.95285710873599994,0.00025621829036737154
0.001,adaptive,0.98899999999999999,0.95702054977417006,0.95672069064099996,0.00029985913317009949
0.001,adaptive,0.98999999999999999,0.96092777252197281,0.96059600999999994,0.00033176252197286704
0.001,adaptive,0.99099999999999999,0.96483499526977545,0.96448309056100001,0.00035190470877544122
0.001,adaptive,0.99199999999999999,0.9687422180175782,0.96838195609599997,0.000360261921578231
0.001,adaptive,0.99299999999999999,0.97264944076538096,0.972292630401,0.00035681036438095504
0.001,adaptive,0.99399999999999999,0.97655666351318371,0.97621513729599996,0.00034152621718375187
0.001,adaptive,0.995,0.98046388626098635,0.98014950062499995,0.00031438563598640279
0.001,adaptive,0.996,0.9843711090087891,0.98409574425599999,0.00027536475278910899
0.001,adaptive,0.997,0.98827833175659185,0.98805389208100003,0.00022443967559182543
0.001,adaptive,0.998,0.9921855545043945,0.99202396801600001,0.00016158648839448286
0.001,adaptive,0.999,0.99609277725219725,0.99600599600100004,8.6781251197209919e-05
0.001,adaptive,1,1,1,0
0.001,uniform_same_count,0,0,0,0
0.001,uniform_same_count,0.001,3.3567184719822261e-08,1.0000000000000002e-12,3.356618471982226e-08
0.001,uniform_same_count,0.002,6.7134369439644523e-08,1.6000000000000003e-11,6.7118369439644518e-08
0.001,uniform_same_count,0.0030000000000000001,1.0070155415946678e-07,8.1000000000000005e-11,1.0062055415946679e-07
0.001,uniform_same_count,0.0040000000000000001,1.3426873887928905e-07,2.5600000000000005e-10,1.3401273887928905e-07
0.001,uniform_same_count,0.0050000000000000001,1.6783592359911128e-07,6.2500000000000001e-10,1.6721092359911129e-07
0.001,uniform_same_count,0.0060000000000000001,2.0140310831893357e-07,1.2960000000000001e-09,2.0010710831893358e-07
0.001,uniform_same_count,0.0070000000000000001,2.3497029303875583e-07,2.4010000000000003e-09,2.3256929303875583e-07
0.001,uniform_same_count,0.0080000000000000002,2.6853747775857809e-07,4.0960000000000007e-09,2.6444147775857811e-07
0.001,uniform_same_count,0.0089999999999999993,3.021046624784003e-07,6.5609999999999983e-09,2.955436624784003e-07
0.001,uniform_same_count,0.01,3.3567184719822256e-07,1e-08,3.2567184719822255e-07
0.001,uniform_same_count,0.010999999999999999,3.6923903191804482e-07,1.4640999999999997e-08,3.5459803191804482e-07
0.001,uniform_same_count,0.012,4.0280621663786714e-07,2.0736000000000001e-08,3.8207021663786713e-07
0.001,uniform_same_count,0.012999999999999999,4.3637340135768935e-07,2.8560999999999993e-08,4.0781240135768933e-07
0.001,uniform_same_count,0.014,4.6994058607751166e-07,3.8416000000000005e-08,4.3152458607751167e-07
0.001,uniform_same_count,0.014999999999999999,5.0350777079733387e-07,5.0624999999999992e-08,4.5288277079733388e-07
0.001,uniform_same_count,0.016,5.3707495551715618e-07,6.5536000000000012e-08,4.715389555171562e-07
0.001,uniform_same_count,0.017000000000000001,5.706421402369785e-07,8.3521000000000024e-08,4.8712114023697842e-07
0.001,uniform_same_count,0.017999999999999999,6.042093249568006e-07,1.0497599999999997e-07,4.9923332495680057e-07
0.001,uniform_same_count,0.019,6.3777650967662281e-07,1.3032099999999999e-07,5.0745550967662282e-07
0.001,uniform_same_count,0.02,6.7134369439644512e-07,1.6e-07,5.1134369439644507e-07
0.001,uniform_same_count,0.021000000000000001,7.0491087911626744e-07,1.9448100000000006e-07,5.1042987911626743e-07
0.001,uniform_same_count,0.021999999999999999,7.3847806383608965e-07,2.3425599999999995e-07,5.0422206383608967e-07
0.001,uniform_same_count,0.023,7.7204524855591196e-07,2.7984099999999997e-07,4.9220424855591204e-07
0.001,uniform_same_count,0.024,8.0561243327573427e-07,3.3177600000000002e-07,4.7383643327573426e-07
0.001,uniform_same_count,0.025000000000000001,8.3917961799555659e-07,3.9062500000000007e-07,4.4855461799555652e-07
0.001,uniform_same_count,0.025999999999999999,8.7274680271537869e-07,4.569759999999999e-07,4.157708027153788e-07
0.001,uniform_same_count,0.027,9.063139874352009e-07,5.3144099999999997e-07,3.7487298743520093e-07
0.001,uniform_same_count,0.028000000000000001,9.3988117215502332e-07,6.1465600000000007e-07,3.2522517215502325e-07
0.001,uniform_same_count,0.029000000000000001,9.7344835687484564e-07,7.072810000000001e-07,2.6616735687484554e-07
0.001,uniform_same_count,0.029999999999999999,1.0070155415946677e-06,8.0999999999999987e-07,1.9701554159466787e-07
0.001,uniform_same_count,0.031,1.0405827263144898e-06,9.2352099999999998e-07,1.1706172631448987e-07
0.001,uniform_same_count,0.032000000000000001,1.0741499110343124e-06,1.0485760000000002e-06,2.5573911034312176e-08
0.001,uniform_same_count,0.033000000000000002,1.4563826918802662e-06,1.1859210000000003e-06,2.7046169188026591e-07
0.001,uniform_same_count,0.034000000000000002,1.9598904626831342e-06,1.3363360000000004e-06,6.235544626831338e-07
0.001,uniform_same_count,0.035000000000000003,2.4633982334860024e-06,1.5006250000000006e-06,9.6277323348600179e-07
0.001,uniform_same_count,0.035999999999999997,2.9669060042888667e-06,1.6796159999999996e-06,1.2872900042888671e-06
0.001,uniform_same_count,0.036999999999999998,3.4704137750917349e-06,1.8741609999999995e-06,1.5962527750917353e-06
0.001,uniform_same_count,0.037999999999999999,3.973921545894603e-06,2.0851359999999999e-06,1.8887855458946032e-06
0.001,uniform_same_count,0.039,4.4774293166974712e-06,2.3134409999999998e-06,2.1639883166974714e-06
0.001,uniform_same_count,0.040000000000000001,4.9809370875003394e-06,2.5600000000000001e-06,2.4209370875003393e-06
0.001,uniform_same_count,0.041000000000000002,5.4844448583032076e-06,2.8257610000000005e-06,2.658683858303207e-06
0.001,uniform_same_count,0.042000000000000003,5.9879526291060757e-06,3.1116960000000009e-06,2.8762566291060748e-06
0.001,uniform_same_count,0.042999999999999997,6.4914603999089397e-06,3.4188009999999987e-06,3.0726593999089409e-06
0.001,uniform_same_count,0.043999999999999997,6.9949681707118078e-06,3.7480959999999992e-06,3.2468721707118086e-06
0.001,uniform_same_count,0.044999999999999998,7.498475941514676e-06,4.1006249999999994e-06,3.3978509415146766e-06
0.001,uniform_same_count,0.045999999999999999,8.0019837123175433e-06,4.4774559999999995e-06,3.5245277123175438e-06
0.001,uniform_same_count,0.047,8.5054914831204123e-06,4.8796809999999997e-06,3.6258104831204126e-06
0.001,uniform_same_count,0.048000000000000001,9.0089992539232814e-06,5.3084160000000003e-06,3.7005832539232811e-06
0.001,uniform_same_count,0.049000000000000002,9.5125070247261487e-06,5.7648010000000005e-06,3.7477060247261482e-06
0.001,uniform_same_count,0.050000000000000003,1.0016014795529016e-05,6.2500000000000011e-06,3.7660147955290149e-06
0.001,uniform_same_count,0.050999999999999997,1.051952256633188e-05,6.7652009999999986e-06,3.7543215663318814e-06
0.001,uniform_same_count,0.051999999999999998,1.1023030337134747e-05,7.3116159999999983e-06,3.7114143371347489e-06
0.001,uniform_same_count,0.052999999999999999,1.1526538107937618e-05,7.8904809999999998e-06,3.6360571079376182e-06
0.001,uniform_same_count,0.053999999999999999,1.2030045878740485e-05,8.5030559999999996e-06,3.5269898787404857e-06
0.001,uniform_same_count,0.055,1.2533553649543353e-05,9.1506250000000002e-06,3.3829286495433525e-06
0.001,uniform_same_count,0.056000000000000001,1.303706142034622e-05,9.8344960000000012e-06,3.2025654203462188e-06
0.001,uniform_same_count,0.057000000000000002,1.3540569191149091e-05,1.0556001000000001e-05,2.9845681911490893e-06
0.001,uniform_same_count,0.058000000000000003,1.4044076961951958e-05,1.1316496000000002e-05,2.7275809619519564e-06
0.001,uniform_same_count,0.058999999999999997,1.4547584732754822e-05,1.2117360999999997e-05,2.4302237327548251e-06
0.001,uniform_same_count,0.059999999999999998,1.5051092503557689e-05,1.2959999999999998e-05,2.0910925035576914e-06
0.001,uniform_same_count,0.060999999999999999,1.555460027436056e-05,1.3845840999999999e-05,1.7087592743605607e-06
0.001,uniform_same_count,0.062,1.6058108045163427e-05,1.4776336e-05,1.2817720451634277e-06
0.001,uniform_same_count,0.063,1.6561615815966291e-05,1.5752961e-05,8.0865481596629146e-07
0.001,uniform_same_count,0.064000000000000001,1.7065123586769162e-05,1.6777216000000003e-05,2.8790758676915888e-07
0.001,uniform_same_count,0.065000000000000002,1.8380740665319235e-05,1.7850625000000003e-05,5.3011566531923124e-07
0.001,uniform_same_count,0.066000000000000003,2.0562607672132981e-05,1.8974736000000005e-05,1.5878716721329759e-06
0.001,uniform_same_count,0.067000000000000004,2.2744474678946727e-05,2.0151121000000005e-05,2.5933536789467223e-06
0.001,uniform_same_count,0.068000000000000005,2.492634168576047e-05,2.1381376000000006e-05,3.5449656857604644e-06
0.001,uniform_same_count,0.069000000000000006,2.7108208692574217e-05,2.2667121000000006e-05,4.4410876925742108e-06
0.001,uniform_same_count,0.070000000000000007,2.929007569938796e-05,2.4010000000000009e-05,5.2800756993879509e-06
0.001,uniform_same_count,0.070999999999999994,3.1471942706201679e-05,2.5411680999999991e-05,6.0602617062016887e-06
0.001,uniform_same_count,0.071999999999999995,3.3653809713015426e-05,2.6873855999999993e-05,6.7799537130154325e-06
0.001,uniform_same_count,0.072999999999999995,3.5835676719829165e-05,2.8398240999999994e-05,7.4374357198291714e-06
0.001,uniform_same_count,0.073999999999999996,3.8017543726642912e-05,2.9986575999999993e-05,8.0309677266429191e-06
0.001,uniform_same_count,0.074999999999999997,4.0199410733456658e-05,3.1640624999999998e-05,8.55878573345666e-06
0.001,uniform_same_count,0.075999999999999998,4.2381277740270411e-05,3.3362175999999998e-05,9.0191017402704133e-06
0.001,uniform_same_count,0.076999999999999999,4.4563144747084151e-05,3.5153040999999999e-05,9.4101037470841519e-06
0.001,uniform_same_count,0.078,4.6745011753897898e-05,3.7015055999999997e-05,9.7299557538979006e-06
0.001,uniform_same_count,0.079000000000000001,4.8926878760711644e-05,3.8950081e-05,9.9767977607116443e-06
0.001,uniform_same_count,0.080000000000000002,5.110874576752539e-05,4.0960000000000001e-05,1.014874576752539e-05
0.001,uniform_same_count,0.081000000000000003,5.3290612774339137e-05,4.3046721000000007e-05,1.024389177433913e-05
0.001,uniform_same_count,0.082000000000000003,5.5472479781152883e-05,4.5212176000000008e-05,1.0260303781152875e-05
0.001,uniform_same_count,0.083000000000000004,5.765434678796663e-05,4.745832100000001e-05,1.019602578796662e-05
0.001,uniform_same_count,0.084000000000000005,5.9836213794780369e-05,4.9787136000000015e-05,1.0049077794780354e-05
0.001,uniform_same_count,0.085000000000000006,6.2018080801594123e-05,5.2200625000000018e-05,9.8174558015941044e-06
0.001,uniform_same_count,0.085999999999999993,6.4199947808407822e-05,5.470081599999998e-05,9.4991318084078417e-06
0.001,uniform_same_count,0.086999999999999994,6.6381814815221575e-05,5.7289760999999981e-05,9.0920538152215936e-06
0.001,uniform_same_count,0.087999999999999995,6.8563681822035328e-05,5.9969535999999987e-05,8.5941458220353408e-06
0.001,uniform_same_count,0.088999999999999996,7.0745548828849068e-05,6.2742240999999989e-05,8.0033078288490786e-06
0.001,uniform_same_count,0.089999999999999997,7.2927415835662807e-05,6.560999999999999e-05,7.3174158356628172e-06
0.001,uniform_same_count,0.090999999999999998,7.5109282842476561e-05,6.8574960999999993e-05,6.5343218424765675e-06
0.001,uniform_same_count,0.091999999999999998,7.7291149849290314e-05,7.1639295999999993e-05,5.6518538492903212e-06
0.001,uniform_same_count,0.092999999999999999,7.947301685610404e-05,7.4805200999999996e-05,4.667815856104044e-06
0.001,uniform_same_count,0.094,8.1654883862917793e-05,7.8074895999999996e-05,3.5799878629177973e-06
0.001,uniform_same_count,0.095000000000000001,8.3836750869731546e-05,8.1450624999999997e-05,2.3861258697315489e-06
0.001,uniform_same_count,0.096000000000000002,8.60186178765453e-05,8.4934656000000005e-05,1.0839618765452947e-06
0.001,uniform_same_count,0.097000000000000003,8.9034250439312858e-05,8.8529281000000008e-05,5.0496943931284996e-07
0.001,uniform_same_count,0.098000000000000004,9.4908507765350538e-05,9.2236816000000008e-05,2.67169176535053e-06
0.001,uniform_same_count,0.099000000000000005,0.00010078276509138821,9.6059601000000021e-05,4.7231640913881844e-06
0.001,uniform_same_count,0.10000000000000001,0.0001066570224174259,0.00010000000000000002,6.6570224174258808e-06
0.001,uniform_same_count,0.10100000000000001,0.00011253127974346358,0.00010406040100000003,8.4708787434635525e-06
0.001,uniform_same_count,0.10199999999999999,0.00011840553706950118,0.00010824321599999998,1.0162321069501201e-05
0.001,uniform_same_count,0.10299999999999999,0.00012427979439553886,0.00011255088099999997,1.1728913395538885e-05
0.001,uniform_same_count,0.104,0.00013015405172157654,0.00011698585599999997,1.3168195721576566e-05
0.001,uniform_same_count,0.105,0.00013602830904761422,0.00012155062499999998,1.4477684047614238e-05
0.001,uniform_same_count,0.106,0.00014190256637365187,0.000126247696,1.5654870373651877e-05
0.001,uniform_same_count,0.107,0.00014777682369968958,0.00013107960099999999,1.6697222699689588e-05
0.001,uniform_same_count,0.108,0.00015365108102572726,0.00013604889599999999,1.7602185025727268e-05
0.001,uniform_same_count,0.109,0.00015952533835176494,0.00014115816099999999,1.8367177351764956e-05
0.001,uniform_same_count,0.11,0.0001653995956778026,0.00014641,1.8989595677802593e-05
0.001,uniform_same_count,0.111,0.0001712738530038403,0.000151807041,1.9466812003840299e-05
0.001,uniform_same_count,0.112,0.00017714811032987796,0.00015735193600000002,1.9796174329877938e-05
0.001,uniform_same_count,0.113,0.00018302236765591566,0.00016304736100000001,1.9975006655915657e-05
0.001,uniform_same_count,0.114,0.00018889662498195332,0.00016889601600000002,2.0000608981953296e-05
0.001,uniform_same_count,0.115,0.000194770882307991,0.00017490062500000002,1.9870257307990979e-05
0.001,uniform_same_count,0.11600000000000001,0.00020064513963402868,0.00018106393600000003,1.9581203634028654e-05
0.001,uniform_same_count,0.11700000000000001,0.00020651939696006636,0.00018738872100000005,1.9130675960066311e-05
0.001,uniform_same_count,0.11799999999999999,0.00021239365428610399,0.00019387777599999995,1.8515878286104036e-05
0.001,uniform_same_count,0.11899999999999999,0.00021826791161214164,0.00020053392099999995,1.7733990612141688e-05
0.001,uniform_same_count,0.12,0.00022414216893817935,0.00020735999999999997,1.678216893817938e-05
0.001,uniform_same_count,0.121,0.000230016426264217,0.00021435888099999997,1.5657545264217027e-05
0.001,uniform_same_count,0.122,0.00023589068359025471,0.00022153345599999999,1.4357227590254719e-05
0.001,uniform_same_count,0.123,0.00024176494091629236,0.00022888664099999999,1.287829991629237e-05
0.001,uniform_same_count,0.124,0.00024763919824233007,0.00023642137599999999,1.1217822242330075e-05
0.001,uniform_same_count,0.125,0.00025351345556836772,0.000244140625,9.3728305683677218e-06
0.001,uniform_same_count,0.126,0.00025938771289440543,0.000252047376,7.3403368944054332e-06
0.001,uniform_same_count,0.127,0.00026526197022044308,0.00026014464100000001,5.1173292204430743e-06
0.001,uniform_same_count,0.128,0.00027113622754648079,0.00026843545600000005,2.7007715464807415e-06
0.001,uniform_same_count,0.129,0.00027701048487251844,0.00027692288100000003,8.760387251841072e-08
0.001,uniform_same_count,0.13,0.00028918671042667444,0.00028561000000000005,3.5767104266743919e-06
0.001,uniform_same_count,0.13100000000000001,0.00030157300158843432,0.00029449992100000005,7.0730805884342733e-06
0.001,uniform_same_count,0.13200000000000001,0.0003139592927501942,0.00030359577600000008,1.0363516750194117e-05
0.001,uniform_same_count,0.13300000000000001,0.00032634558391195407,0.00031290072100000006,1.3444862911954011e-05
0.001,uniform_same_count,0.13400000000000001,0.0003387318750737139,0.00032241793600000008,1.6313939073713815e-05
0.001,uniform_same_count,0.13500000000000001,0.00035111816623547377,0.00033215062500000007,1.8967541235473699e-05
0.001,uniform_same_count,0.13600000000000001,0.00036350445739723365,0.0003421020160000001,2.1402441397233552e-05
0.001,uniform_same_count,0.13700000000000001,0.00037589074855899353,0.00035227536100000011,2.3615387558993412e-05
0.001,uniform_same_count,0.13800000000000001,0.0003882770397207534,0.0003626739360000001,2.5603103720753305e-05
0.001,uniform_same_count,0.13900000000000001,0.00040066333088251322,0.00037330104100000014,2.7362289882513081e-05
0.001,uniform_same_count,0.14000000000000001,0.00041304962204427316,0.00038416000000000014,2.8889622044273012e-05
0.001,uniform_same_count,0.14099999999999999,0.00042543591320603265,0.00039525416099999984,3.0181752206032814e-05
0.001,uniform_same_count,0.14199999999999999,0.00043782220436779247,0.00040658689599999985,3.1235308367792626e-05
0.001,uniform_same_count,0.14299999999999999,0.00045020849552955241,0.00041816160099999989,3.204689452955252e-05
0.001,uniform_same_count,0.14399999999999999,0.00046259478669131223,0.00042998169599999989,3.2613090691312337e-05
0.001,uniform_same_count,0.14499999999999999,0.00047498107785307216,0.00044205062499999987,3.2930452853072287e-05
0.001,uniform_same_count,0.14599999999999999,0.00048736736901483198,0.0004543718559999999,3.2995513014832077e-05
0.001,uniform_same_count,0.14699999999999999,0.00049975366017659191,0.00046694888099999991,3.2804779176592001e-05
0.001,uniform_same_count,0.14799999999999999,0.00051213995133835173,0.00047978521599999988,3.235473533835185e-05
0.001,uniform_same_count,0.14899999999999999,0.00052452624250011156,0.00049288440099999988,3.1641841500111676e-05
0.001,uniform_same_count,0.14999999999999999,0.00053691253366187149,0.00050624999999999997,3.0662533661871515e-05
0.001,uniform_same_count,0.151,0.00054929882482363131,0.00051988560099999997,2.9413223823631339e-05
0.001,uniform_same_count,0.152,0.00056168511598539124,0.00053379481599999997,2.789029998539127e-05
0.001,uniform_same_count,0.153,0.00057407140714715106,0.00054798128099999997,2.6090126147151091e-05
0.001,uniform_same_count,0.154,0.00058645769830891099,0.00056244865599999999,2.4009042308911007e-05
0.001,uniform_same_count,0.155,0.00059884398947067082,0.00057720062499999993,2.1643364470670884e-05
0.001,uniform_same_count,0.156,0.00061123028063243064,0.00059224089599999995,1.8989384632430687e-05
0.001,uniform_same_count,0.157,0.00062361657179419057,0.00060757320099999999,1.6043370794190581e-05
0.001,uniform_same_count,0.158,0.0006360028629559505,0.00062320129599999999,1.2801566955950505e-05
0.001,uniform_same_count,0.159,0.00064838915411771021,0.00063912896100000005,9.260193117710167e-06
0.001,uniform_same_count,0.16,0.00066077544527947014,0.00065536000000000001,5.4154452794701307e-06
0.001,uniform_same_count,0.161,0.00067316173644123008,0.0006718982410000001,1.2634954412299709e-06
0.001,uniform_same_count,0.16200000000000001,0.00069274223325721984,0.00068874753600000011,3.9946972572197379e-06
0.001,uniform_same_count,0.16300000000000001,0.00071526581420448549,0.00070591176100000014,9.3540532044853516e-06
0.001,uniform_same_count,0.16400000000000001,0.00073778939515175104,0.00072339481600000013,1.4394579151750901e-05
0.001,uniform_same_count,0.16500000000000001,0.00076031297609901669,0.00074120062500000012,1.9112351099016562e-05
0.001,uniform_same_count,0.16600000000000001,0.00078283655704628223,0.00075933313600000016,2.3503421046282063e-05
0.001,uniform_same_count,0.16700000000000001,0.00080536013799354777,0.00077779632100000021,2.7563816993547556e-05
0.001,uniform_same_count,0.16800000000000001,0.00082788371894081342,0.00079659417600000024,3.1289542940813177e-05
0.001,uniform_same_count,0.16900000000000001,0.00085040729988807907,0.00081573072100000023,3.4676578888078835e-05
0.001,uniform_same_count,0.17000000000000001,0.00087293088083534461,0.00083521000000000029,3.7720880835344318e-05
0.001,uniform_same_count,0.17100000000000001,0.00089545446178261026,0.00085503608100000021,4.0418380782610052e-05
0.001,uniform_same_count,0.17199999999999999,0.00091797804272987515,0.00087521305599999968,4.2764986729875473e-05
0.001,uniform_same_count,0.17299999999999999,0.0009405016236771408,0.00089574504099999971,4.4756582677141091e-05
0.001,uniform_same_count,0.17399999999999999,0.00096302520462440634,0.0009166361759999997,4.6389028624406643e-05
0.001,uniform_same_count,0.17499999999999999,0.0009855487855716721,0.00093789062499999981,4.7658160571672288e-05
0.001,uniform_same_count,0.17599999999999999,0.0010080723665189376,0.0009595125759999998,4.8559790518937847e-05
0.001,uniform_same_count,0.17699999999999999,0.0010305959474662032,0.00098150624099999973,4.9089706466203453e-05
0.001,uniform_same_count,0.17799999999999999,0.0010531195284134687,0.0010038758559999998,4.9243672413468902e-05
0.001,uniform_same_count,0.17899999999999999,0.0010756431093607343,0.0010266256809999999,4.9017428360734411e-05
0.001,uniform_same_count,0.17999999999999999,0.001098166690308,0.0010497599999999998,4.8406690308000185e-05
0.001,uniform_same_count,0.18099999999999999,0.0011206902712552656,0.0010732831209999999,4.7407150255265656e-05
0.001,uniform_same_count,0.182,0.0011432138522025311,0.0010971993759999999,4.6014476202531221e-05
0.001,uniform_same_count,0.183,0.0011657374331497969,0.0011215131209999999,4.4224312149796939e-05
0.001,uniform_same_count,0.184,0.0011882610140970624,0.0011462287359999999,4.2032278097062529e-05
0.001,uniform_same_count,0.185,0.001210784595044328,0.0011713506249999999,3.9433970044328026e-05
0.001,uniform_same_count,0.186,0.0012333081759915935,0.0011968832159999999,3.6424959991593559e-05
0.001,uniform_same_count,0.187,0.001255831756938859,0.0012228309609999999,3.3000795938859136e-05
0.001,uniform_same_count,0.188,0.0012783553378861248,0.0012491983359999999,2.9157001886124861e-05
0.001,uniform_same_count,0.189,0.0013008789188333903,0.0012759898410000001,2.4889077833390285e-05
0.001,uniform_same_count,0.19,0.0013234024997806561,0.00130321,2.0192499780656136e-05
0.001,uniform_same_count,0.191,0.0013459260807279216,0.0013308633610000001,1.5062719727921507e-05
0.001,uniform_same_count,0.192,0.0013684496616751872,0.0013589544960000001,9.4951656751871005e-06
0.001,uniform_same_count,0.193,0.0013909732426224527,0.0013874880010000001,3.4852416224526346e-06
0.001,uniform_same_count,0.19400000000000001,0.001420075991774881,0.0014164684960000001,3.6074957748808735e-06
0.001,uniform_same_count,0.19500000000000001,0.0014571677308907211,0.0014459006250000003,1.1267105890720806e-05
0.001,uniform_same_count,0.19600000000000001,0.001494259470006561,0.0014757890560000001,1.8470414006560836e-05
0.001,uniform_same_count,0.19700000000000001,0.0015313512091224011,0.0015061384810000002,2.5212728122400848e-05
0.001,uniform_same_count,0.19800000000000001,0.0015684429482382409,0.0015369536160000003,3.1489332238240604e-05
0.001,uniform_same_count,0.19900000000000001,0.001605534687354081,0.0015682392010000004,3.7295486354080613e-05
0.001,uniform_same_count,0.20000000000000001,0.0016426264264699209,0.0016000000000000003,4.2626426469920611e-05
0.001,uniform_same_count,0.20100000000000001,0.001679718165585761,0.0016322408010000003,4.7477364585760649e-05
0.001,uniform_same_count,0.20200000000000001,0.0017168099047016009,0.0016649664160000004,5.1843488701600439e-05
0.001,uniform_same_count,0.20300000000000001,0.0017539016438174408,0.0016981816810000005,5.5719962817440223e-05
0.001,uniform_same_count,0.20399999999999999,0.0017909933829332798,0.0017318914559999996,5.9101926933280121e-05
0.001,uniform_same_count,0.20499999999999999,0.0018280851220491196,0.0017661006249999995,6.1984497049120133e-05
0.001,uniform_same_count,0.20599999999999999,0.0018651768611649597,0.0018008140959999996,6.4362765164960138e-05
0.001,uniform_same_count,0.20699999999999999,0.0019022686002807998,0.0018360368009999997,6.6231799280800112e-05
0.001,uniform_same_count,0.20799999999999999,0.0019393603393966395,0.0018717736959999996,6.7586643396639907e-05
0.001,uniform_same_count,0.20899999999999999,0.0019764520785124796,0.0019080297609999997,6.8422317512479907e-05
0.001,uniform_same_count,0.20999999999999999,0.0020135438176283197,0.0019448099999999997,6.8733817628319942e-05
0.001,uniform_same_count,0.21099999999999999,0.0020506355567441598,0.0019821194409999996,6.8516115744160153e-05
0.001,uniform_same_count,0.21199999999999999,0.0020877272958599994,0.0020199631359999999,6.7764159859999475e-05
0.001,uniform_same_count,0.21299999999999999,0.0021248190349758395,0.0020583461609999998,6.6472873975839761e-05
0.001,uniform_same_count,0.214,0.0021619107740916796,0.0020972736159999999,6.4637158091679706e-05
0.001,uniform_same_count,0.215,0.0021990025132075193,0.0021367506249999999,6.2251888207519399e-05
0.001,uniform_same_count,0.216,0.0022360942523233594,0.0021767823359999999,5.9311916323359463e-05
0.001,uniform_same_count,0.217,0.0022731859914391995,0.0022173739210000001,5.5812070439199314e-05
0.001,uniform_same_count,0.218,0.0023102777305550395,0.0022585305759999998,5.1747154555039764e-05
0.001,uniform_same_count,0.219,0.0023473694696708792,0.0023002575210000001,4.711194867087912e-05
0.001,uniform_same_count,0.22,0.0023844612087867193,0.00234256,4.1901208786719255e-05
0.001,uniform_same_count,0.221,0.0024215529479025594,0.0023854432810000003,3.6109666902559099e-05
0.001,uniform_same_count,0.222,0.002458644687018399,0.0024289126560000001,2.9732031018398983e-05
0.001,uniform_same_count,0.223,0.0024957364261342391,0.0024729734410000002,2.2762985134238897e-05
0.001,uniform_same_count,0.224,0.0025328281652500792,0.0025176309760000003,1.519718925007893e-05
0.001,uniform_same_count,0.22500000000000001,0.0025699199043659193,0.0025628906250000001,7.029279365919263e-06
0.001,uniform_same_count,0.22600000000000001,0.0026108447994143262,0.0026087577760000001,2.0870234143260426e-06
0.001,uniform_same_count,0.22700000000000001,0.0026677411775150946,0.0026552378410000005,1.2503336515094082e-05
0.001,uniform_same_count,0.22800000000000001,0.002724637555615863,0.0027023362560000003,2.230129961586268e-05
0.001,uniform_same_count,0.22900000000000001,0.0027815339337166315,0.0027500584810000003,3.1475452716631103e-05
0.001,uniform_same_count,0.23000000000000001,0.0028384303118173999,0.0027984100000000003,4.0020311817399578e-05
0.001,uniform_same_count,0.23100000000000001,0.0028953266899181679,0.0028473963210000003,4.7930368918167564e-05
0.001,uniform_same_count,0.23200000000000001,0.0029522230680189363,0.0028970229760000004,5.5200092018935915e-05
0.001,uniform_same_count,0.23300000000000001,0.0030091194461197047,0.0029472955210000005,6.182392511970428e-05
0.001,uniform_same_count,0.23400000000000001,0.0030660158242204732,0.0029982195360000008,6.7796288220472404e-05
0.001,uniform_same_count,0.23499999999999999,0.0031229122023212399,0.0030498006249999993,7.3111577321240562e-05
0.001,uniform_same_count,0.23599999999999999,0.0031798085804220083,0.0031020444159999992,7.7764164422009126e-05
0.001,uniform_same_count,0.23699999999999999,0.0032367049585227767,0.0031549565609999995,8.1748397522777259e-05
0.001,uniform_same_count,0.23799999999999999,0.0032936013366235452,0.0032085427359999992,8.5058600623545959e-05
0.001,uniform_same_count,0.23899999999999999,0.0033504977147243136,0.0032628086409999995,8.768907372431415e-05
0.001,uniform_same_count,0.23999999999999999,0.003407394092825082,0.0033177599999999995,8.9634092825082584e-05
0.001,uniform_same_count,0.24099999999999999,0.0034642904709258505,0.0033734025609999997,9.0887909925850812e-05
0.001,uniform_same_count,0.24199999999999999,0.0035211868490266189,0.0034297420959999996,9.1444753026619346e-05
0.001,uniform_same_count,0.24299999999999999,0.0035780832271273873,0.0034867844009999998,9.1298826127387493e-05
0.001,uniform_same_count,0.24399999999999999,0.0036349796052281558,0.0035445352959999998,9.0444309228155956e-05
0.001,uniform_same_count,0.245,0.0036918759833289242,0.0036030006249999995,8.887535832892467e-05
0.001,uniform_same_count,0.246,0.0037487723614296922,0.0036621862559999998,8.6586105429692362e-05
0.001,uniform_same_count,0.247,0.0038056687395304606,0.0037220980809999997,8.357065853046089e-05
0.001,uniform_same_count,0.248,0.0038625651176312295,0.0037827420159999999,7.9823101631229607e-05
0.001,uniform_same_count,0.249,0.0039194614957319979,0.003844124001,7.5337494731997964e-05
0.001,uniform_same_count,0.25,0.0039763578738327664,0.00390625,7.0107873832766371e-05
0.001,uniform_same_count,0.251,0.0040332542519335339,0.0039691260010000003,6.4128250933533602e-05
0.001,uniform_same_count,0.252,0.0040901506300343024,0.0040327580159999999,5.739261403430243e-05
0.001,uniform_same_count,0.253,0.0041470470081350717,0.0040971520809999998,4.989492713507182e-05
0.001,uniform_same_count,0.254,0.0042039433862358392,0.0041623142560000001,4.1629130235839099e-05
0.001,uniform_same_count,0.255,0.0042608397643366077,0.0042282506249999999,3.2589139336607759e-05
0.001,uniform_same_count,0.25600000000000001,0.0043177361424373761,0.0042949672960000008,2.2768846437375319e-05
0.001,uniform_same_count,0.25700000000000001,0.0043746325205381445,0.0043624704010000008,1.216211953814373e-05
0.001,uniform_same_count,0.25800000000000001,0.004431528898638913,0.0044307660960000005,7.6280263891243677e-07
0.001,uniform_same_count,0.25900000000000001,0.0045126044778623416,0.0044998605610000004,1.2743916862341213e-05
0.001,uniform_same_count,0.26000000000000001,0.0045953475881976777,0.0045697600000000008,2.5587588197676855e-05
0.001,uniform_same_count,0.26100000000000001,0.0046780906985330129,0.0046404706410000003,3.762005753301257e-05
0.001,uniform_same_count,0.26200000000000001,0.0047608338088683489,0.0047119987360000008,4.8835072868348185e-05
0.001,uniform_same_count,0.26300000000000001,0.004843576919203685,0.0047843505610000005,5.9226358203684493e-05
0.001,uniform_same_count,0.26400000000000001,0.0049263200295390202,0.0048575324160000013,6.878761353901891e-05
0.001,uniform_same_count,0.26500000000000001,0.0050090631398743563,0.0049315506250000012,7.7512514874355024e-05
0.001,uniform_same_count,0.26600000000000001,0.0050918062502096923,0.005006411536000001,8.5394714209691309e-05
0.001,uniform_same_count,0.26700000000000002,0.0051745493605450284,0.0050821215210000012,9.2427839545027209e-05
0.001,uniform_same_count,0.26800000000000002,0.0052572924708803636,0.0051586869760000013,9.8605494880362257e-05
0.001,uniform_same_count,0.26900000000000002,0.0053400355812156996,0.0052361143210000009,0.00010392126021569869
0.001,uniform_same_count,0.27000000000000002,0.0054227786915510357,0.0053144100000000012,0.0001083686915510345
0.001,uniform_same_count,0.27100000000000002,0.0055055218018863709,0.0053935804810000014,0.00011194132088636951
0.001,uniform_same_count,0.27200000000000002,0.0055882649122217069,0.0054736322560000016,0.00011463265622170538
0.001,uniform_same_count,0.27300000000000002,0.005671008022557043,0.0055545718410000017,0.00011643618155704125
0.001,uniform_same_count,0.27400000000000002,0.005753751132892379,0.0056364057760000018,0.00011734535689237723
0.001,uniform_same_count,0.27500000000000002,0.0058364942432277151,0.0057191406250000016,0.00011735361822771354
0.001,uniform_same_count,0.27600000000000002,0.0059192373535630503,0.0058027829760000016,0.00011645437756304874
0.001,uniform_same_count,0.27700000000000002,0.0060019804638983864,0.0058873394410000023,0.00011464102289838411
0.001,uniform_same_count,0.27800000000000002,0.0060847235742337216,0.0059728166560000023,0.00011190691823371925
0.001,uniform_same_count,0.27900000000000003,0.0061674666845690576,0.006059221281000002,0.00010824540356905565
0.001,uniform_same_count,0.28000000000000003,0.0062502097949043937,0.0061465600000000023,0.00010364979490439137
0.001,uniform_same_count,0.28100000000000003,0.0063329529052397297,0.0062348395210000025,9.8113384239727208e-05
0.001,uniform_same_count,0.28199999999999997,0.0064156960155750606,0.0063240665759999974,9.1629439575063171e-05
0.001,uniform_same_count,0.28299999999999997,0.0064984391259103966,0.0064142479209999973,8.4191204910399366e-05
0.001,uniform_same_count,0.28399999999999997,0.0065811822362457327,0.0065053903359999976,7.5791900245735129e-05
0.001,uniform_same_count,0.28499999999999998,0.0066639253465810679,0.006597500624999998,6.6424721581069893e-05
0.001,uniform_same_count,0.28599999999999998,0.006746668456916404,0.0066905856159999982,5.6082840916405786e-05
0.001,uniform_same_count,0.28699999999999998,0.0068294115672517391,0.0067846521609999976,4.4759406251741567e-05
0.001,uniform_same_count,0.28799999999999998,0.0069121546775870752,0.0068797071359999983,3.2447541587076953e-05
0.001,uniform_same_count,0.28899999999999998,0.0069948977879224113,0.0069757574409999978,1.9140346922413495e-05
0.001,uniform_same_count,0.28999999999999998,0.0070776408982577473,0.007072809999999998,4.8308982577493706e-06
0.001,uniform_same_count,0.29099999999999998,0.0071825318536339628,0.0071708717609999979,1.1660092633964877e-05
0.001,uniform_same_count,0.29199999999999998,0.0072979694018867908,0.0072699496959999985,2.8019705886792381e-05
0.001,uniform_same_count,0.29299999999999998,0.007413406950139618,0.0073700508009999985,4.3356149139619528e-05
0.001,uniform_same_count,0.29399999999999998,0.0075288444983924461,0.0074711820959999986,5.7662402392447479e-05
0.001,uniform_same_count,0.29499999999999998,0.0076442820466452732,0.0075733506249999983,7.0931421645274891e-05
0.001,uniform_same_count,0.29599999999999999,0.0077597195948981004,0.0076765634559999981,8.315613889810225e-05
0.001,uniform_same_count,0.29699999999999999,0.0078751571431509276,0.0077808276809999983,9.4329462150929272e-05
0.001,uniform_same_count,0.29799999999999999,0.0079905946914037556,0.0078861504159999981,0.0001044442754037575
0.001,uniform_same_count,0.29899999999999999,0.0081060322396565836,0.0079925388009999994,0.00011349343865658425
0.001,uniform_same_count,0.29999999999999999,0.0082214697879094099,0.0080999999999999996,0.00012146978790941038
0.001,uniform_same_count,0.30099999999999999,0.008336907336162238,0.0082085412009999994,0.00012836613516223859
0.001,uniform_same_count,0.30199999999999999,0.008452344884415066,0.0083181696159999995,0.00013417526841506648
0.001,uniform_same_count,0.30299999999999999,0.008567782432667894,0.0084288924809999988,0.00013888995166789521
0.001,uniform_same_count,0.30399999999999999,0.0086832199809207204,0.0085407170559999995,0.00014250292492072082
0.001,uniform_same_count,0.30499999999999999,0.0087986575291735484,0.0086536506249999985,0.00014500690417354987
0.001,uniform_same_count,0.30599999999999999,0.0089140950774263764,0.0087677004959999996,0.00014639458142637687
0.001,uniform_same_count,0.307,0.0090295326256792027,0.0088828740009999994,0.00014665862467920336
0.001,uniform_same_count,0.308,0.0091449701739320308,0.0089991784959999998,0.00014579167793203097
0.001,uniform_same_count,0.309,0.0092604077221848588,0.0091166213609999991,0.00014378636118485971
0.001,uniform_same_count,0.31,0.0093758452704376868,0.0092352099999999989,0.00014063527043768793
0.001,uniform_same_count,0.311,0.0094912828186905131,0.009354951840999999,0.0001363309776905141
0.001,uniform_same_count,0.312,0.0096067203669433412,0.0094758543359999992,0.00013086603094334195
0.001,uniform_same_count,0.313,0.0097221579151961692,0.0095979249610000008,0.00012423295419616842
0.001,uniform_same_count,0.314,0.0098375954634489955,0.0097211712159999998,0.00011642424744899571
0.001,uniform_same_count,0.315,0.0099530330117018236,0.0098456006250000009,0.00010743238670182266
0.001,uniform_same_count,0.316,0.010068470559954652,0.0099712207359999999,9.7249823954651676e-05
0.001,uniform_same_count,0.317,0.01018390810820748,0.010098039121000001,8.586898720747832e-05
0.001,uniform_same_count,0.318,0.010299345656460306,0.010226063376000001,7.3282280460305188e-05
0.001,uniform_same_count,0.31900000000000001,0.010414783204713134,0.010355301121000001,5.9482083713133238e-05
0.001,uniform_same_count,0.32000000000000001,0.010530220752965962,0.01048576,4.4460752965961789e-05
0.001,uniform_same_count,0.32100000000000001,0.010645658301218788,0.010617447681000002,2.8210620218786786e-05
0.001,uniform_same_count,0.32200000000000001,0.010761095849471616,0.010750371856000002,1.0723993471614679e-05
0.001,uniform_same_count,0.32300000000000001,0.010893453424448255,0.010884540241000001,8.9131834482541333e-06
0.001,uniform_same_count,0.32400000000000001,0.011049238728734784,0.011019960576000002,2.9278152734782056e-05
0.001,uniform_same_count,0.32500000000000001,0.011205024033021314,0.011156640625000002,4.8383408021311983e-05
0.001,uniform_same_count,0.32600000000000001,0.011360809337307843,0.011294588176000002,6.6221161307840337e-05
0.001,uniform_same_count,0.32700000000000001,0.011516594641594373,0.011433811041000002,8.2783600594370579e-05
0.001,uniform_same_count,0.32800000000000001,0.011672379945880901,0.011574317056000002,9.8062889880899326e-05
0.001,uniform_same_count,0.32900000000000001,0.01182816525016743,0.011716114081000002,0.00011205116916742849
0.001,uniform_same_count,0.33000000000000002,0.01198395055445396,0.011859210000000002,0.00012474055445395836
0.001,uniform_same_count,0.33100000000000002,0.012139735858740489,0.012003612721000003,0.00013612313774048583
0.001,uniform_same_count,0.33200000000000002,0.012295521163027019,0.012149330176000003,0.00014619098702701658
0.001,uniform_same_count,0.33300000000000002,0.012451306467313548,0.012296370321000004,0.00015493614631354423
0.001,uniform_same_count,0.33400000000000002,0.012607091771600078,0.012444741136000003,0.00016235063560007465
0.001,uniform_same_count,0.33500000000000002,0.012762877075886607,0.012594450625000003,0.00016842645088660339
0.001,uniform_same_count,0.33600000000000002,0.012918662380173137,0.012745506816000004,0.00017315556417313305
0.001,uniform_same_count,0.33700000000000002,0.013074447684459665,0.012897917761000003,0.00017652992345966283
0.001,uniform_same_count,0.33800000000000002,0.013230232988746194,0.013051691536000004,0.00017854145274619031
0.001,uniform_same_count,0.33900000000000002,0.013386018293032724,0.013206836241000004,0.0001791820520327201
0.001,uniform_same_count,0.34000000000000002,0.013541803597319253,0.013363360000000005,0.00017844359731924823
0.001,uniform_same_count,0.34100000000000003,0.013697588901605783,0.013521270961000004,0.00017631794060577952
0.001,uniform_same_count,0.34200000000000003,0.013853374205892312,0.013680577296000003,0.00017279690989230843
0.001,uniform_same_count,0.34300000000000003,0.01400915951017884,0.013841287201000004,0.00016787230917883651
0.001,uniform_same_count,0.34399999999999997,0.014164944814465362,0.014003408895999995,0.00016153591846536711
0.001,uniform_same_count,0.34499999999999997,0.014320730118751891,0.014166950624999996,0.00015377949375189499
0.001,uniform_same_count,0.34599999999999997,0.014476515423038419,0.014331920655999995,0.00014459476703842372
0.001,uniform_same_count,0.34699999999999998,0.014632300727324949,0.014498327280999996,0.00013397344632495346
0.001,uniform_same_count,0.34799999999999998,0.014788086031611478,0.014666178815999995,0.00012190721561148275
0.001,uniform_same_count,0.34899999999999998,0.014943871335898008,0.014835483600999996,0.00010838773489801196
0.001,uniform_same_count,0.34999999999999998,0.015099656640184537,0.015006249999999997,9.3406640184539799e-05
0.001,uniform_same_count,0.35099999999999998,0.015255441944471067,0.015178486400999997,7.6955543471070309e-05
0.001,uniform_same_count,0.35199999999999998,0.015411227248757596,0.015352201215999997,5.9026032757598934e-05
0.001,uniform_same_count,0.35299999999999998,0.015567012553044126,0.015527402880999996,3.9609672044129893e-05
0.001,uniform_same_count,0.35399999999999998,0.015722797857330655,0.015704099855999996,1.8698001330658826e-05
0.001,uniform_same_count,0.35499999999999998,0.015886455207840277,0.015882300624999998,4.154582840278781e-06
0.001,uniform_same_count,0.35599999999999998,0.016091047198710004,0.016062013695999997,2.9033502710006792e-05
0.001,uniform_same_count,0.35699999999999998,0.016295639189579728,0.016243247600999999,5.2391588579728948e-05
0.001,uniform_same_count,0.35799999999999998,0.016500231180449455,0.016426010895999998,7.4220284449456886e-05
0.001,uniform_same_count,0.35899999999999999,0.016704823171319178,0.016610312160999997,9.4511010319181521e-05
0.001,uniform_same_count,0.35999999999999999,0.016909415162188905,0.016796159999999997,0.00011325516218890774
0.001,uniform_same_count,0.36099999999999999,0.017114007153058629,0.016983563040999999,0.00013044411205863013
0.001,uniform_same_count,0.36199999999999999,0.017318599143928356,0.017172529935999999,0.00014606920792835723
0.001,uniform_same_count,0.36299999999999999,0.017523191134798083,0.017363069360999999,0.00016012177379808382
0.001,uniform_same_count,0.36399999999999999,0.017727783125667806,0.017555190015999998,0.00017259310966780822
0.001,uniform_same_count,0.36499999999999999,0.017932375116537533,0.017748900624999998,0.00018347449153753581
0.001,uniform_same_count,0.36599999999999999,0.018136967107407257,0.017944209935999999,0.00019275717140725818
0.001,uniform_same_count,0.36699999999999999,0.018341559098276984,0.018141126721,0.00020043237727698435
0.001,uniform_same_count,0.36799999999999999,0.018546151089146708,0.018339659775999998,0.00020649131314670957
0.001,uniform_same_count,0.36899999999999999,0.018750743080016435,0.018539817920999999,0.00021092515901643613
0.001,uniform_same_count,0.37,0.018955335070886158,0.018741609999999999,0.00021372507088615947
0.001,uniform_same_count,0.371,0.019159927061755885,0.018945044881,0.00021488218075588553
0.001,uniform_same_count,0.372,0.019364519052625609,0.019150131455999999,0.00021438759662560994
0.001,uniform_same_count,0.373,0.019569111043495336,0.019356878641000001,0.00021223240249533537
0.001,uniform_same_count,0.374,0.01977370303436506,0.019565295375999998,0.00020840765836506112
0.001,uniform_same_count,0.375,0.019978295025234787,0.019775390625,0.00020290440023478656
0.001,uniform_same_count,0.376,0.02018288701610451,0.019987173375999999,0.0001957136401045112
0.001,uniform_same_count,0.377,0.020387479006974237,0.020200652640999999,0.00018682636597423807
0.001,uniform_same_count,0.378,0.020592070997843964,0.020415837456000001,0.00017623354184396339
0.001,uniform_same_count,0.379,0.020796662988713688,0.020632736881000001,0.00016392610771368693
0.001,uniform_same_count,0.38,0.021001254979583411,0.020851359999999999,0.00014989497958341202
0.001,uniform_same_count,0.38100000000000001,0.021205846970453138,0.021071715921,0.00013413104945313864
0.001,uniform_same_count,0.38200000000000001,0.021410438961322865,0.021293813776000002,0.00011662518532286337
0.001,uniform_same_count,0.38300000000000001,0.021615030952192589,0.021517662721000003,9.7368231192586363e-05
0.001,uniform_same_count,0.38400000000000001,0.021819622943062313,0.021743271936000001,7.6351007062311349e-05
0.001,uniform_same_count,0.38500000000000001,0.02202421493393204,0.021970650625000001,5.3564308932038673e-05
0.001,uniform_same_count,0.38600000000000001,0.022228806924801767,0.022199808016000001,2.8998908801765311e-05
0.001,uniform_same_count,0.38700000000000001,0.02243339891567149,0.022430753361000002,2.6455546714883316e-06
0.001,uniform_same_count,0.38800000000000001,0.022690442339697584,0.022663495936000002,2.6946403697582222e-05
0.001,uniform_same_count,0.38900000000000001,0.022953105560133285,0.022898045041000004,5.5060519133280639e-05
0.001,uniform_same_count,0.39000000000000001,0.023215768780568986,0.023134410000000005,8.1358780568981104e-05
0.001,uniform_same_count,0.39100000000000001,0.023478432001004686,0.023372600161000002,0.00010583184000468454
0.001,uniform_same_count,0.39200000000000002,0.023741095221440387,0.023612624896000002,0.00012847032544038503
0.001,uniform_same_count,0.39300000000000002,0.024003758441876091,0.023854493601000004,0.00014926484087608716
0.001,uniform_same_count,0.39400000000000002,0.024266421662311792,0.024098215696000003,0.00016820596631178866
0.001,uniform_same_count,0.39500000000000002,0.024529084882747493,0.024343800625000005,0.00018528425774748739
0.001,uniform_same_count,0.39600000000000002,0.024791748103183193,0.024591257856000005,0.0002004902471831882
0.001,uniform_same_count,0.39700000000000002,0.025054411323618894,0.024840596881000005,0.00021381444261888913
0.001,uniform_same_count,0.39800000000000002,0.025317074544054595,0.025091827216000007,0.0002252473280545883
0.001,uniform_same_count,0.39900000000000002,0.025579737764490299,0.025344958401000005,0.00023477936349029435
0.001,uniform_same_count,0.40000000000000002,0.025842400984926,0.025600000000000005,0.00024240098492599518
0.001,uniform_same_count,0.40100000000000002,0.026105064205361701,0.025856961601000004,0.00024810260436169615
0.001,uniform_same_count,0.40200000000000002,0.026367727425797401,0.026115852816000006,0.00025187460979739576
0.001,uniform_same_count,0.40300000000000002,0.026630390646233106,0.026376683281000006,0.00025370736523309956
0.001,uniform_same_count,0.40400000000000003,0.026893053866668806,0.026639462656000007,0.00025359121066879931
0.001,uniform_same_count,0.40500000000000003,0.027155717087104507,0.026904200625000006,0.00025151646210450074
0.001,uniform_same_count,0.40600000000000003,0.027418380307540208,0.027170906896000008,0.00024747341154019928
0.001,uniform_same_count,0.40699999999999997,0.027681043527975895,0.027439591200999994,0.00024145232697590086
0.001,uniform_same_count,0.40799999999999997,0.027943706748411595,0.027710263295999994,0.00023344345241160108
0.001,uniform_same_count,0.40899999999999997,0.028206369968847296,0.027982932960999993,0.00022343700784730261
0.001,uniform_same_count,0.40999999999999998,0.028469033189282997,0.028257609999999992,0.00021142318928300471
0.001,uniform_same_count,0.41099999999999998,0.028731696409718701,0.028534304240999994,0.00019739216871870677
0.001,uniform_same_count,0.41199999999999998,0.028994359630154402,0.028813025535999993,0.00018133409415440824
0.001,uniform_same_count,0.41299999999999998,0.029257022850590102,0.029093783760999994,0.00016323908959010869
0.001,uniform_same_count,0.41399999999999998,0.029519686071025803,0.029376588815999995,0.00014309725502580778
0.001,uniform_same_count,0.41499999999999998,0.029782349291461507,0.029661450624999995,0.00012089866646151221
0.001,uniform_same_count,0.41599999999999998,0.030045012511897208,0.029948379135999993,9.6633375897214879e-05
0.001,uniform_same_count,0.41699999999999998,0.030307675732332909,0.030237384320999993,7.0291411332915749e-05
0.001,uniform_same_count,0.41799999999999998,0.03057033895276861,0.030528476175999995,4.1862776768614857e-05
0.001,uniform_same_count,0.41899999999999998,0.03083300217320431,0.030821664720999994,1.1337452204315812e-05
0.001,uniform_same_count,0.41999999999999998,0.031139627577499392,0.031116959999999996,2.2667577499396047e-05
0.001,uniform_same_count,0.42099999999999999,0.031470432182917132,0.031414372080999994,5.6060101917138061e-05
0.001,uniform_same_count,0.42199999999999999,0.03180123678833488,0.031713911055999994,8.7325732334886386e-05
0.001,uniform_same_count,0.42299999999999999,0.032132041393752621,0.032015587040999993,0.00011645435275262767
0.001,uniform_same_count,0.42399999999999999,0.032462845999170362,0.032319410175999999,0.00014343582317036252
0.001,uniform_same_count,0.42499999999999999,0.032793650604588102,0.032625390624999993,0.00016825997958810901
0.001,uniform_same_count,0.42599999999999999,0.03312445521000585,0.032933538575999996,0.00019091663400585407
0.001,uniform_same_count,0.42699999999999999,0.033455259815423591,0.033243864240999996,0.00021139557442359513
0.001,uniform_same_count,0.42799999999999999,0.033786064420841332,0.033556377855999998,0.00022968656484133321
0.001,uniform_same_count,0.42899999999999999,0.034116869026259072,0.033871089681,0.00024577934525907286
0.001,uniform_same_count,0.42999999999999999,0.03444767363167682,0.034188009999999998,0.00025966363167682222
0.001,uniform_same_count,0.43099999999999999,0.034778478237094561,0.034507149120999996,0.00027132911609456523
0.001,uniform_same_count,0.432,0.035109282842512302,0.034828517375999998,0.00028076546651230327
0.001,uniform_same_count,0.433,0.035440087447930049,0.035152125121000001,0.00028796232693004825
0.001,uniform_same_count,0.434,0.03577089205334779,0.035477982736000002,0.00029290931734778786
0.001,uniform_same_count,0.435,0.036101696658765531,0.035806100624999997,0.00029559603376553417
0.001,uniform_same_count,0.436,0.036432501264183272,0.036136489215999996,0.00029601204818327509
0.001,uniform_same_count,0.437,0.036763305869601019,0.036469158961000003,0.00029414690860101594
0.001,uniform_same_count,0.438,0.03709411047501876,0.036804120336000001,0.0002899901390187587
0.001,uniform_same_count,0.439,0.037424915080436501,0.037141383840999999,0.00028353123943650194
0.001,uniform_same_count,0.44,0.037755719685854242,0.037480960000000001,0.00027475968585424088
0.001,uniform_same_count,0.441,0.038086524291271989,0.037822859361000001,0.00026366493027198817
0.001,uniform_same_count,0.442,0.03841732889668973,0.038167092496000005,0.00025023640068972536
0.001,uniform_same_count,0.443,0.038748133502107471,0.038513670000999999,0.00023446350110747222
0.001,uniform_same_count,0.44400000000000001,0.039078938107525218,0.038862602496000001,0.00021633561152521741
0.001,uniform_same_count,0.44500000000000001,0.039409742712942959,0.039213900624999999,0.0001958420879429601
0.001,uniform_same_count,0.44600000000000001,0.0397405473183607,0.039567575056000004,0.00017297226236069607
0.001,uniform_same_count,0.44700000000000001,0.040071351923778441,0.039923636481000002,0.00014771544277843857
0.001,uniform_same_count,0.44800000000000001,0.040402156529196182,0.040282095616000005,0.00012006091319617662
0.001,uniform_same_count,0.44900000000000001,0.040732961134613929,0.040642963201000006,8.9997933613923664e-05
0.001,uniform_same_count,0.45000000000000001,0.04106376574003167,0.041006250000000001,5.7515740031668927e-05
0.001,uniform_same_count,0.45100000000000001,0.041394570345449411,0.041371966801000006,2.2603544449405211e-05
0.001,uniform_same_count,0.45200000000000001,0.041755962235834151,0.041740124416000002,1.5837819834149669e-05
0.001,uniform_same_count,0.45300000000000001,0.042165783994083286,0.042110733681000004,5.5050313083282454e-05
0.001,uniform_same_count,0.45400000000000001,0.042575605752332421,0.042483805456000008,9.1800296332412989e-05
0.001,uniform_same_count,0.45500000000000002,0.042985427510581556,0.042859350625000008,0.00012607688558154834
0.001,uniform_same_count,0.45600000000000002,0.043395249268830691,0.043237380096000005,0.00015786917283068524
0.001,uniform_same_count,0.45700000000000002,0.043805071027079825,0.043617904801000008,0.00018716622607981709
0.001,uniform_same_count,0.45800000000000002,0.04421489278532896,0.044000935696000006,0.00021395708932895469
0.001,uniform_same_count,0.45900000000000002,0.044624714543578095,0.04438648376100001,0.00023823078257808467
0.001,uniform_same_count,0.46000000000000002,0.04503453630182723,0.044774560000000005,0.00025997630182722498
0.001,uniform_same_count,0.46100000000000002,0.045444358060076365,0.045165175441000009,0.0002791826190763555
0.001,uniform_same_count,0.46200000000000002,0.045854179818325499,0.045558341136000005,0.00029583868232549437
0.001,uniform_same_count,0.46300000000000002,0.046264001576574634,0.045954068161000006,0.00030993341557462861
0.001,uniform_same_count,0.46400000000000002,0.046673823334823769,0.046352367616000006,0.00032145571882376267
0.001,uniform_same_count,0.46500000000000002,0.047083645093072904,0.046753250625000013,0.00033039446807289069
0.001,uniform_same_count,0.46600000000000003,0.047493466851322039,0.047156728336000008,0.0003367385153220312
0.001,uniform_same_count,0.46700000000000003,0.047903288609571174,0.047562811921000009,0.00034047668857116464
0.001,uniform_same_count,0.46800000000000003,0.048313110367820308,0.047971512576000012,0.00034159779182029587
0.001,uniform_same_count,0.46899999999999997,0.048722932126069415,0.048382841520999989,0.00034009060506942634
0.001,uniform_same_count,0.46999999999999997,0.04913275388431855,0.048796809999999989,0.00033594388431856109
0.001,uniform_same_count,0.47099999999999997,0.049542575642567685,0.04921342928099999,0.00032914636156769483
0.001,uniform_same_count,0.47199999999999998,0.04995239740081682,0.049632710655999987,0.00031968674481683279
0.001,uniform_same_count,0.47299999999999998,0.050362219159065955,0.050054665440999992,0.00030755371806596293
0.001,uniform_same_count,0.47399999999999998,0.050772040917315089,0.050479304975999992,0.00029273594131509761
0.001,uniform_same_count,0.47499999999999998,0.051181862675564224,0.050906640624999992,0.00027522205056423193
0.001,uniform_same_count,0.47599999999999998,0.051591684433813366,0.051336683775999988,0.00025500065781337844
0.001,uniform_same_count,0.47699999999999998,0.052001506192062494,0.051769445840999989,0.00023206035106250467
0.001,uniform_same_count,0.47799999999999998,0.052411327950311636,0.052204938255999991,0.00020638969431164417
0.001,uniform_same_count,0.47899999999999998,0.052821149708560763,0.052643172480999992,0.00017797722756077161
0.001,uniform_same_count,0.47999999999999998,0.053230971466809905,0.053084159999999991,0.0001468114668099138
0.001,uniform_same_count,0.48099999999999998,0.05364079322505904,0.053527912320999994,0.00011288090405904561
0.001,uniform_same_count,0.48199999999999998,0.054050614983308168,0.053974440975999995,7.6174007308173197e-05
0.001,uniform_same_count,0.48299999999999998,0.05446043674155731,0.054423757520999996,3.6679220557313263e-05
0.001,uniform_same_count,0.48399999999999999,0.05488196153633728,0.054875873535999993,6.0880003372870695e-06
0.001,uniform_same_count,0.48499999999999999,0.055382481827700447,0.055330800624999996,5.1681202700451512e-05
0.001,uniform_same_count,0.48599999999999999,0.055883002119063607,0.055788550415999998,9.4451703063609671e-05
0.001,uniform_same_count,0.48699999999999999,0.056383522410426774,0.056249134560999996,0.00013438784942677862
0.001,uniform_same_count,0.48799999999999999,0.056884042701789934,0.056712564735999997,0.00017147796578993735
0.001,uniform_same_count,0.48899999999999999,0.057384562993153101,0.057178852640999998,0.00020571035215310313
0.001,uniform_same_count,0.48999999999999999,0.057885083284516262,0.057648009999999993,0.00023707328451626902
0.001,uniform_same_count,0.49099999999999999,0.058385603575879422,0.058120048560999997,0.00026555501487942473
0.001,uniform_same_count,0.49199999999999999,0.058886123867242589,0.058594980095999998,0.00029114377124259128
0.001,uniform_same_count,0.49299999999999999,0.059386644158605749,0.059072816400999997,0.0003138277576057516
0.001,uniform_same_count,0.49399999999999999,0.059887164449968916,0.059553569295999996,0.00033359515396891998
0.001,uniform_same_count,0.495,0.060387684741332076,0.060037250624999997,0.00035043411633207955
0.001,uniform_same_count,0.496,0.060888205032695243,0.060523872255999998,0.00036433277669524478
0.001,uniform_same_count,0.497,0.061388725324058403,0.061013446080999997,0.00037527924305840593
0.001,uniform_same_count,0.498,0.06188924561542157,0.061505984016,0.00038326159942157073
0.001,uniform_same_count,0.499,0.06238976590678473,0.062001498001000001,0.00038826790578472964
0.001,uniform_same_count,0.5,0.062890286198147891,0.0625,0.00039028619814789056
0.001,uniform_same_count,0.501,0.063390806489511065,0.063001502001000007,0.00038930448851105803
0.001,uniform_same_count,0.502,0.063891326780874225,0.063506016016000005,0.00038531076487421934
0.001,uniform_same_count,0.503,0.064391847072237385,0.064013554080999999,0.00037829299123738613
0.001,uniform_same_count,0.504,0.064892367363600545,0.064524128255999999,0.0003682391076005459
0.001,uniform_same_count,0.505,0.065392887654963705,0.065037750625000001,0.00035513702996370355
0.001,uniform_same_count,0.50600000000000001,0.065893407946326879,0.065554433295999998,0.00033897465032688145
0.001,uniform_same_count,0.50700000000000001,0.066393928237690039,0.066074188401000003,0.00031973983669003614
0.001,uniform_same_count,0.50800000000000001,0.066894448529053199,0.066597028096000002,0.0002974204330531971
0.001,uniform_same_count,0.50900000000000001,0.067394968820416359,0.067122964561000004,0.00027200425941635575
0.001,uniform_same_count,0.51000000000000001,0.067895489111779533,0.067652009999999999,0.00024347911177953485
0.001,uniform_same_count,0.51100000000000001,0.068396009403142694,0.068184176641000002,0.00021183276214269131
0.001,uniform_same_count,0.51200000000000001,0.068896529694505854,0.068719476736000012,0.00017705295850584113
0.001,uniform_same_count,0.51300000000000001,0.069397049985869014,0.06925792256100001,0.00013912742486900387
0.001,uniform_same_count,0.51400000000000001,0.069897570277232174,0.069799526416000013,9.8043861232161023e-05
0.001,uniform_same_count,0.51500000000000001,0.070398090568595348,0.070344300625000009,5.3789943595339285e-05
0.001,uniform_same_count,0.51600000000000001,0.070898610859958508,0.070892257536000008,6.3533239584995238e-06
0.001,uniform_same_count,0.51700000000000002,0.071489002415754205,0.071443409521000006,4.5592894754198365e-05
0.001,uniform_same_count,0.51800000000000002,0.07209270823294732,0.071997768976000007,9.4939256947312867e-05
0.001,uniform_same_count,0.51900000000000002,0.072696414050140434,0.07255534832100001,0.00014106572914042437
0.001,uniform_same_count,0.52000000000000002,0.073300119867333549,0.073116160000000013,0.00018395986733353575
0.001,uniform_same_count,0.52100000000000002,0.073903825684526664,0.07368021648100001,0.00022360920352665348
0.001,uniform_same_count,0.52200000000000002,0.074507531501719779,0.074247530256000005,0.00026000124571977368
0.001,uniform_same_count,0.52300000000000002,0.075111237318912893,0.074818113841000011,0.00029312347791288218
0.001,uniform_same_count,0.52400000000000002,0.075714943136105994,0.075391979776000012,0.00032296336010598226
0.001,uniform_same_count,0.52500000000000002,0.076318648953299109,0.075969140625000015,0.00034950832829909462
0.001,uniform_same_count,0.52600000000000002,0.076922354770492224,0.076549608976000008,0.00037274579449221579
0.001,uniform_same_count,0.52700000000000002,0.077526060587685339,0.077133397441000021,0.0003926631466853181
0.001,uniform_same_count,0.52800000000000002,0.078129766404878453,0.077720518656000021,0.00040924774887843296
0.001,uniform_same_count,0.52900000000000003,0.078733472222071568,0.078310985281000015,0.00042248694107155371
0.001,uniform_same_count,0.53000000000000003,0.079337178039264683,0.07890481000000002,0.00043236803926466338
0.001,uniform_same_count,0.53100000000000003,0.079940883856457798,0.079502005521000021,0.00043887833545777633
0.001,uniform_same_count,0.53200000000000003,0.080544589673650899,0.080102584576000016,0.00044200509765088269
0.001,uniform_same_count,0.53300000000000003,0.081148295490844014,0.080706559921000023,0.00044173556984399009
0.001,uniform_same_count,0.53400000000000003,0.081752001308037128,0.081313944336000019,0.00043805697203710969
0.001,uniform_same_count,0.53500000000000003,0.082355707125230243,0.081924750625000015,0.00043095650023022847
0.001,uniform_same_count,0.53600000000000003,0.082959412942423358,0.082538991616000021,0.00042042132642333696
0.001,uniform_same_count,0.53700000000000003,0.083563118759616473,0.083156680161000016,0.00040643859861645704
0.001,uniform_same_count,0.53800000000000003,0.084166824576809587,0.083777829136000015,0.00038899544080957249
0.001,uniform_same_count,0.53900000000000003,0.084770530394002702,0.084402451441000018,0.00036807895300268456
0.001,uniform_same_count,0.54000000000000004,0.085374236211195803,0.085030560000000019,0.00034367621119578418
0.001,uniform_same_count,0.54100000000000004,0.085977942028388918,0.085662167761000024,0.00031577426738889358
0.001,uniform_same_count,0.54200000000000004,0.086581647845582033,0.086297287696000022,0.00028436014958201083
0.001,uniform_same_count,0.54300000000000004,0.087185353662775147,0.086935932801000024,0.00024942086177512368
0.001,uniform_same_count,0.54400000000000004,0.087789059479968262,0.087578116096000025,0.00021094338396823731
0.001,uniform_same_count,0.54500000000000004,0.088392765297161377,0.08822385062500003,0.00016891467216134659
0.001,uniform_same_count,0.54600000000000004,0.088996471114354492,0.088873149456000028,0.00012332165835446385
0.001,uniform_same_count,0.54700000000000004,0.089600176931547593,0.089526025681000029,7.415125054756333e-05
0.001,uniform_same_count,0.54800000000000004,0.090203882748740721,0.090182492416000029,2.1390332740692242e-05
0.001,uniform_same_count,0.54900000000000004,0.090878978388146861,0.090842562801000032,3.6415587146829131e-05
0.001,uniform_same_count,0.55000000000000004,0.091599162336319123,0.091506250000000025,9.2912336319098121e-05
0.001,uniform_same_count,0.55100000000000005,0.092319346284491399,0.092173567201000034,0.00014577908349136526
0.001,uniform_same_count,0.55200000000000005,0.093039530232663661,0.092844527616000025,0.0001950026166636365
0.001,uniform_same_count,0.55300000000000005,0.093759714180835924,0.09351914448100003,0.0002405696998358936
0.001,uniform_same_count,0.55400000000000005,0.094479898129008186,0.094197431056000036,0.00028246707300814966
0.001,uniform_same_count,0.55500000000000005,0.095200082077180462,0.094879400625000027,0.0003206814521804352
0.001,uniform_same_count,0.55600000000000005,0.095920266025352724,0.095565066496000037,0.00035519952935268717
0.001,uniform_same_count,0.55700000000000005,0.096640449973524986,0.096254442001000029,0.00038600797252495711
0.001,uniform_same_count,0.55800000000000005,0.097360633921697248,0.096947540496000031,0.00041309342569721685
0.001,uniform_same_count,0.55900000000000005,0.098080817869869524,0.097644375361000041,0.00043644250886948344
0.001,uniform_same_count,0.56000000000000005,0.098801001818041786,0.098344960000000037,0.0004560418180417497
0.001,uniform_same_count,0.56100000000000005,0.099521185766214049,0.099049307841000037,0.00047187792521401206
0.001,uniform_same_count,0.56200000000000006,0.10024136971438631,0.09975743233600004,0.00048393737838627049
0.001,uniform_same_count,0.56299999999999994,0.1009615536625585,0.10046934696099996,0.0004922067015585424
0.001,uniform_same_count,0.56399999999999995,0.10168173761073077,0.10118506521599996,0.00049667239473080715
0.001,uniform_same_count,0.56499999999999995,0.10240192155890303,0.10190460062499997,0.00049732093390306154
0.001,uniform_same_count,0.56599999999999995,0.10312210550707529,0.10262796673599996,0.00049413877107533366
0.001,uniform_same_count,0.56699999999999995,0.10384228945524757,0.10335517712099997,0.0004871123342475997
0.001,uniform_same_count,0.56799999999999995,0.10456247340341983,0.10408624537599996,0.00047622802741986714
0.001,uniform_same_count,0.56899999999999995,0.10528265735159209,0.10482118512099996,0.00046147223059213316
0.001,uniform_same_count,0.56999999999999995,0.10600284129976435,0.10556000999999997,0.00044283129976438462
0.001,uniform_same_count,0.57099999999999995,0.10672302524793661,0.10630273368099996,0.00042029156693665359
0.001,uniform_same_count,0.57199999999999995,0.10744320919610889,0.10704936985599997,0.00039383934010892019
0.001,uniform_same_count,0.57299999999999995,0.10816339314428115,0.10779993224099997,0.00036346090328118197
0.001,uniform_same_count,0.57399999999999995,0.10888357709245342,0.10855443457599996,0.00032914251645345394
0.001,uniform_same_count,0.57499999999999996,0.10960376104062568,0.10931289062499996,0.00029087041562571303
0.001,uniform_same_count,0.57599999999999996,0.11032394498879794,0.11007531417599997,0.0002486308127979675
0.001,uniform_same_count,0.57699999999999996,0.11104412893697022,0.11084171904099997,0.00020240989597024306
0.001,uniform_same_count,0.57799999999999996,0.11176431288514248,0.11161211905599996,0.00015219382914251345
0.001,uniform_same_count,0.57899999999999996,0.11248449683331474,0.11238652808099997,9.7968752314769869e-05
0.001,uniform_same_count,0.57999999999999996,0.11320468078148702,0.11316495999999997,3.9720781487048717e-05
0.001,uniform_same_count,0.58099999999999996,0.11397119827269726,0.11394742872099997,2.3769551697291891e-05
0.001,uniform_same_count,0.58199999999999996,0.11482195856943118,0.11473394817599997,8.8010393431217637e-05
0.001,uniform_same_count,0.58299999999999996,0.11567271886616509,0.11552453232099998,0.00014818654516511598
0.001,uniform_same_count,0.58399999999999996,0.11652347916289901,0.11631919513599998,0.00020428402689903757
0.001,uniform_same_count,0.58499999999999996,0.11737423945963292,0.11711795062499997,0.00025628883463295338
0.001,uniform_same_count,0.58599999999999997,0.11822499975636684,0.11792081281599998,0.00030418694036686567
0.001,uniform_same_count,0.58699999999999997,0.11907576005310075,0.11872779576099997,0.00034796429210078028
0.001,uniform_same_count,0.58799999999999997,0.11992652034983467,0.11953891353599998,0.00038760681383469275
0.001,uniform_same_count,0.58899999999999997,0.12077728064656858,0.12035418024099998,0.00042310040556860218
0.001,uniform_same_count,0.58999999999999997,0.1216280409433025,0.12117360999999997,0.00045443094330252509
0.001,uniform_same_count,0.59099999999999997,0.12247880124003641,0.12199721696099998,0.00048158427903642609
0.001,uniform_same_count,0.59199999999999997,0.12332956153677033,0.12282501529599997,0.00050454624077035659
0.001,uniform_same_count,0.59299999999999997,0.12418032183350423,0.12365701920099997,0.00052330263250426057
0.001,uniform_same_count,0.59399999999999997,0.12503108213023814,0.12449324289599997,0.00053783923423816882
0.001,uniform_same_count,0.59499999999999997,0.12588184242697206,0.12533370062499999,0.00054814180197207407
0.001,uniform_same_count,0.59599999999999997,0.12673260272370598,0.12617840665599997,0.00055419606770601426
0.001,uniform_same_count,0.59699999999999998,0.12758336302043988,0.12702737528099997,0.00055598773943990598
0.001,uniform_same_count,0.59799999999999998,0.1284341233171738,0.12788062081599999,0.00055350250117380817
0.001,uniform_same_count,0.59899999999999998,0.12928488361390772,0.12873815760099999,0.00054672601290772782
0.001,uniform_same_count,0.59999999999999998,0.13013564391064164,0.12959999999999999,0.00053564391064164774
0.001,uniform_same_count,0.60099999999999998,0.13098640420737553,0.13046616240099998,0.00052024180637555428
0.001,uniform_same_count,0.60199999999999998,0.13183716450410946,0.13133665921599999,0.00050050528810946515
0.001,uniform_same_count,0.60299999999999998,0.13268792480084338,0.13221150488099997,0.0004764199198434016
0.001,uniform_same_count,0.60399999999999998,0.1335386850975773,0.13309071385599999,0.00044797124157730517
0.001,uniform_same_count,0.60499999999999998,0.13438944539431119,0.13397430062499999,0.00041514476931120425
0.001,uniform_same_count,0.60599999999999998,0.13524020569104511,0.13486227969599998,0.0003779259950451308
0.001,uniform_same_count,0.60699999999999998,0.13609096598777903,0.135754665601,0.00033630038677903706
0.001,uniform_same_count,0.60799999999999998,0.13694172628451295,0.13665147289599999,0.00029025338851296212
0.001,uniform_same_count,0.60899999999999999,0.13779248658124685,0.13755271616099998,0.00023977042024686535
0.001,uniform_same_count,0.60999999999999999,0.13864324687798077,0.13845840999999998,0.00018483687798079296
0.001,uniform_same_count,0.61099999999999999,0.13949400717471469,0.13936856904099998,0.00012543813371471146
0.001,uniform_same_count,0.61199999999999999,0.14034476747144858,0.14028320793599999,6.1559535448590941e-05
0.001,uniform_same_count,0.61299999999999999,0.14120960649514161,0.14120234136099999,7.2651341416207771e-06
0.001,uniform_same_count,0.61399999999999999,0.14220584697045294,0.14212598401599999,7.9862954452947221e-05
0.001,uniform_same_count,0.61499999999999999,0.14320208744576429,0.14305415062499999,0.00014793682076430503
0.001,uniform_same_count,0.61599999999999999,0.14419832792107562,0.143986855936,0.00021147198507562304
0.001,uniform_same_count,0.61699999999999999,0.14519456839638695,0.144924114721,0.00027045367538694465
0.001,uniform_same_count,0.61799999999999999,0.14619080887169827,0.14586594177599999,0.00032486709569828909
0.001,uniform_same_count,0.61899999999999999,0.1471870493470096,0.14681235192100001,0.00037469742600959588
0.001,uniform_same_count,0.62,0.14818328982232096,0.14776335999999998,0.00041992982232097464
0.001,uniform_same_count,0.621,0.14917953029763228,0.148718980881,0.00046054941663228877
0.001,uniform_same_count,0.622,0.15017577077294361,0.14967922945599998,0.00049654131694362724
0.001,uniform_same_count,0.623,0.15117201124825494,0.150644120641,0.00052789060725494386
0.001,uniform_same_count,0.624,0.15216825172356629,0.15161366937599999,0.00055458234756630698
0.001,uniform_same_count,0.625,0.15316449219887762,0.152587890625,0.00057660157387762201
0.001,uniform_same_count,0.626,0.15416073267418895,0.15356679937600001,0.0005939332981889367
0.001,uniform_same_count,0.627,0.15515697314950028,0.154550410641,0.0006065625085002746
0.001,uniform_same_count,0.628,0.1561532136248116,0.155538739456,0.00061447416881160732
0.001,uniform_same_count,0.629,0.15714945410012296,0.15653180088099999,0.00061765321912296556
0.001,uniform_same_count,0.63,0.15814569457543429,0.15752961000000001,0.00061608457543427253
0.001,uniform_same_count,0.63100000000000001,0.15914193505074561,0.15853218192099999,0.00060975312974562157
0.001,uniform_same_count,0.63200000000000001,0.16013817552605694,0.159539531776,0.00059864375005694304
0.001,uniform_same_count,0.63300000000000001,0.1611344160013683,0.16055167472100002,0.00058274128036828188
0.001,uniform_same_count,0.63400000000000001,0.16213065647667962,0.16156862593600002,0.00056203054067960334
0.001,uniform_same_count,0.63500000000000001,0.16312689695199095,0.16259040062500002,0.00053649632699093175
0.001,uniform_same_count,0.63600000000000001,0.16412313742730228,0.16361701401600001,0.00050612341130226723
0.001,uniform_same_count,0.63700000000000001,0.16511937790261361,0.16464848136100002,0.00047089654161358574
0.001,uniform_same_count,0.63800000000000001,0.16611561837792496,0.16568481793600001,0.00043080044192495004
0.001,uniform_same_count,0.63900000000000001,0.16711185885323629,0.166726039041,0.0003858198122362877
0.001,uniform_same_count,0.64000000000000001,0.16810809932854762,0.16777216,0.0003359393285476131
0.001,uniform_same_count,0.64100000000000001,0.16910433980385894,0.16882319616100003,0.00028114364285891646
0.001,uniform_same_count,0.64200000000000002,0.1701005802791703,0.16987916289600002,0.00022141738317027482
0.001,uniform_same_count,0.64300000000000002,0.17109682075448163,0.17094007560100002,0.00015674515348160223
0.001,uniform_same_count,0.64400000000000002,0.17209306122979295,0.17200594969600003,8.7111533792927354e-05
0.001,uniform_same_count,0.64500000000000002,0.17308930170510428,0.17307680062500003,1.2501080104254658e-05
0.001,uniform_same_count,0.64600000000000002,0.1742207334754701,0.17415264385600002,6.8089619470079743e-05
0.001,uniform_same_count,0.64700000000000002,0.17537816357180794,0.17523349488100001,0.00014466869080792533
0.001,uniform_same_count,0.64800000000000002,0.17653559366814575,0.17631936921600003,0.00021622445214572461
0.001,uniform_same_count,0.64900000000000002,0.17769302376448357,0.17741028240100001,0.00028274136348355183
0.001,uniform_same_count,0.65000000000000002,0.17885045386082141,0.17850625000000003,0.00034420386082137377
0.001,uniform_same_count,0.65100000000000002,0.18000788395715922,0.17960728760100003,0.00040059635615918854
0.001,uniform_same_count,0.65200000000000002,0.18116531405349703,0.18071341081600004,0.00045190323749699779
0.001,uniform_same_count,0.65300000000000002,0.18232274414983488,0.18182463528100004,0.00049810886883483452
0.001,uniform_same_count,0.65400000000000003,0.18348017424617269,0.18294097665600004,0.00053919759017265201
0.001,uniform_same_count,0.65500000000000003,0.1846376043425105,0.18406245062500004,0.00057515371751046263
0.001,uniform_same_count,0.65600000000000003,0.18579503443884834,0.18518907289600003,0.00060596154284831005
0.001,uniform_same_count,0.65700000000000003,0.18695246453518616,0.18632085920100003,0.00063160533418613052
0.001,uniform_same_count,0.65800000000000003,0.188109894631524,0.18745782529600002,0.00065206933552397484
0.001,uniform_same_count,0.65900000000000003,0.18926732472786181,0.18859998696100003,0.00066733776686178636
0.001,uniform_same_count,0.66000000000000003,0.19042475482419963,0.18974736000000003,0.00067739482419959529
0.001,uniform_same_count,0.66100000000000003,0.19158218492053747,0.19089996024100003,0.00068222467953743537
0.001,uniform_same_count,0.66200000000000003,0.19273961501687528,0.19205780353600005,0.00068181148087523291
0.001,uniform_same_count,0.66300000000000003,0.1938970451132131,0.19322090576100004,0.00067613935221305654
0.001,uniform_same_count,0.66400000000000003,0.19505447520955094,0.19438928281600004,0.00066519239355089521
0.001,uniform_same_count,0.66500000000000004,0.19621190530588875,0.19556295062500004,0.00064895468088871366
0.001,uniform_same_count,0.66600000000000004,0.19736933540222656,0.19674192513600006,0.00062741026622650797
0.001,uniform_same_count,0.66700000000000004,0.19852676549856441,0.19792622232100004,0.00060054317756436104
0.001,uniform_same_count,0.66800000000000004,0.19968419559490222,0.19911585817600005,0.00056833741890216505
0.001,uniform_same_count,0.66900000000000004,0.20084162569124006,0.20031084872100005,0.00053077697024001003
0.001,uniform_same_count,0.67000000000000004,0.20199905578757787,0.20151121000000005,0.00048784578757782304
0.001,uniform_same_count,0.67100000000000004,0.20315648588391569,0.20271695808100004,0.00043952780291564575
0.001,uniform_same_count,0.67200000000000004,0.20431391598025353,0.20392810905600006,0.00038580692425346785
0.001,uniform_same_count,0.67300000000000004,0.20547134607659134,0.20514467904100006,0.00032666703559128263
0.001,uniform_same_count,0.67400000000000004,0.20662877617292916,0.20636668417600004,0.00026209199692911467
0.001,uniform_same_count,0.67500000000000004,0.207786206269267,0.20759414062500006,0.00019206564426693662
0.001,uniform_same_count,0.67600000000000005,0.20894363636560481,0.20882706457600006,0.00011657178960475245
0.001,uniform_same_count,0.67700000000000005,0.21010106646194265,0.21006547224100006,3.5594220942597454e-05
0.001,uniform_same_count,0.67800000000000005,0.21136167991848562,0.21130937985600007,5.2300062485549637e-05
0.001,uniform_same_count,0.67900000000000005,0.21269681469073226,0.21255880368100005,0.00013801100973220848
0.001,uniform_same_count,0.68000000000000005,0.2140319494629789,0.21381376000000007,0.00021818946297882946
0.001,uniform_same_count,0.68100000000000005,0.21536708423522555,0.21507426512100006,0.0002928191142254899
0.001,uniform_same_count,0.68200000000000005,0.21670221900747222,0.21634033537600006,0.00036188363147215963
0.001,uniform_same_count,0.68300000000000005,0.21803735377971886,0.21761198712100008,0.00042536665871878432
0.001,uniform_same_count,0.68400000000000005,0.21937248855196551,0.21888923673600005,0.00048325181596545197
0.001,uniform_same_count,0.68500000000000005,0.22070762332421218,0.22017210062500006,0.00053552269921211537
0.001,uniform_same_count,0.68600000000000005,0.22204275809645882,0.22146059521600006,0.00058216288045875864
0.001,uniform_same_count,0.68700000000000006,0.22337789286870546,0.22275473696100007,0.00062315590770539719
0.001,uniform_same_count,0.68799999999999994,0.22471302764095197,0.22405454233599992,0.00065848530495205004
0.001,uniform_same_count,0.68899999999999995,0.22604816241319861,0.22536002784099993,0.00068813457219868424
0.001,uniform_same_count,0.68999999999999995,0.22738329718544528,0.22667120999999993,0.00071208718544535365
0.001,uniform_same_count,0.69099999999999995,0.22871843195769193,0.22798810536099992,0.00073032659669200473
0.001,uniform_same_count,0.69199999999999995,0.23005356672993857,0.22931073049599993,0.00074283623393864295
0.001,uniform_same_count,0.69299999999999995,0.23138870150218524,0.23063910200099993,0.00074959950118530516
0.001,uniform_same_count,0.69399999999999995,0.23272383627443188,0.23197323649599993,0.00075059977843194847
0.001,uniform_same_count,0.69499999999999995,0.23405897104667853,0.23331315062499994,0.00074582042167858908
0.001,uniform_same_count,0.69599999999999995,0.23539410581892517,0.23465886105599992,0.00073524476292524676
0.001,uniform_same_count,0.69699999999999995,0.23672924059117184,0.23601038448099992,0.00071885611017191708
0.001,uniform_same_count,0.69799999999999995,0.23806437536341848,0.23736773761599994,0.00069663774741854367
0.001,uniform_same_count,0.69899999999999995,0.23939951013566513,0.23873093720099994,0.00066857293466518475
0.001,uniform_same_count,0.69999999999999996,0.2407346449079118,0.24009999999999995,0.00063464490791184658
0.001,uniform_same_count,0.70099999999999996,0.24206977968015844,0.24147494280099993,0.00059483687915851124
0.001,uniform_same_count,0.70199999999999996,0.24340491445240509,0.24285578241599995,0.00054913203640513664
0.001,uniform_same_count,0.70299999999999996,0.24474004922465176,0.24424253568099993,0.00049751354365182299
0.001,uniform_same_count,0.70399999999999996,0.2460751839968984,0.24563521945599995,0.00043996454089845205
0.001,uniform_same_count,0.70499999999999996,0.24741031876914504,0.24703385062499994,0.00037646814414510343
0.001,uniform_same_count,0.70599999999999996,0.24874545354139171,0.24843844609599994,0.00030700744539177705
0.001,uniform_same_count,0.70699999999999996,0.25008058831363833,0.24984902280099994,0.00023156551263839309
0.001,uniform_same_count,0.70799999999999996,0.251415723085885,0.25126559769599993,0.00015012538988506963
0.001,uniform_same_count,0.70899999999999996,0.25275085785813167,0.25268818776099994,6.2670097131733993e-05
0.001,uniform_same_count,0.70999999999999996,0.25414890403141843,0.25411680999999997,3.2094031418461455e-05
0.001,uniform_same_count,0.71099999999999997,0.25567906414688957,0.25555148144099993,0.00012758270588963949
0.001,uniform_same_count,0.71199999999999997,0.25720922426236065,0.25699221913599996,0.00021700512636069202
0.001,uniform_same_count,0.71299999999999997,0.25873938437783178,0.25843904016099994,0.00030034421683183821
0.001,uniform_same_count,0.71399999999999997,0.26026954449330292,0.25989196161599998,0.00037758287730293993
0.001,uniform_same_count,0.71499999999999997,0.261799704608774,0.26135100062499994,0.00044870398377405696
0.001,uniform_same_count,0.71599999999999997,0.26332986472424513,0.26281617433599996,0.00051369038824516933
0.001,uniform_same_count,0.71699999999999997,0.26486002483971627,0.26428749992099998,0.00057252491871628841
0.001,uniform_same_count,0.71799999999999997,0.26639018495518735,0.26576499457599995,0.00062519037918740139
0.001,uniform_same_count,0.71899999999999997,0.26792034507065848,0.26724867552099996,0.00067166954965852677
0.001,uniform_same_count,0.71999999999999997,0.26945050518612962,0.26873855999999996,0.00071194518612965885
0.001,uniform_same_count,0.72099999999999997,0.2709806653016007,0.27023466528099999,0.00074600002060071224
0.001,uniform_same_count,0.72199999999999998,0.27251082541707183,0.27173700865599998,0.00077381676107185493
0.001,uniform_same_count,0.72299999999999998,0.27404098553254297,0.27324560744099996,0.00079537809154300865
0.001,uniform_same_count,0.72399999999999998,0.27557114564801405,0.27476047897599998,0.00081066667201407094
0.001,uniform_same_count,0.72499999999999998,0.27710130576348518,0.27628164062499999,0.00081966513848519273
0.001,uniform_same_count,0.72599999999999998,0.27863146587895632,0.27780910977599999,0.00082235610295633421
0.001,uniform_same_count,0.72699999999999998,0.2801616259944274,0.27934290384099997,0.00081872215342743138
0.001,uniform_same_count,0.72799999999999998,0.28169178610989853,0.28088304025599997,0.00080874585389856257
0.001,uniform_same_count,0.72899999999999998,0.28322194622536967,0.282429536481,0.00079240974436967093
0.001,uniform_same_count,0.72999999999999998,0.28475210634084075,0.28398240999999996,0.00076969634084078642
0.001,uniform_same_count,0.73099999999999998,0.28628226645631188,0.28554167832099997,0.00074058813531191481
0.001,uniform_same_count,0.73199999999999998,0.28781242657178302,0.28710735897599998,0.00070506759578303768
0.001,uniform_same_count,0.73299999999999998,0.2893425866872541,0.28867946952099999,0.00066311716625411243
0.001,uniform_same_count,0.73399999999999999,0.29087274680272523,0.290258027536,0.0006147192667252388
0.001,uniform_same_count,0.73499999999999999,0.29240290691819637,0.29184305062499999,0.0005598562931963813
0.001,uniform_same_count,0.73599999999999999,0.29393306703366751,0.29343455641599997,0.00049851061766753579
0.001,uniform_same_count,0.73699999999999999,0.29546322714913859,0.29503256256099997,0.00043066458813861841
0.001,uniform_same_count,0.73799999999999999,0.29699338726460972,0.29663708673599998,0.00035630052860974315
0.001,uniform_same_count,0.73899999999999999,0.2985235473800808,0.29824814664099997,0.00027540073908083329
0.001,uniform_same_count,0.73999999999999999,0.30005370749555194,0.29986575999999998,0.00018794749555195445
0.001,uniform_same_count,0.74099999999999999,0.30158386761102307,0.30148994456099998,9.3923050023092536e-05
0.001,uniform_same_count,0.74199999999999999,0.30312777944410535,0.303120718096,7.0613481053527494e-06
0.001,uniform_same_count,0.74299999999999999,0.30487109118254985,0.30475809840099999,0.00011299278154985881
0.001,uniform_same_count,0.74399999999999999,0.30661440292099434,0.30640210329599998,0.00021229962499436095
0.001,uniform_same_count,0.745,0.30835771465943884,0.30805275062499998,0.00030496403443885933
0.001,uniform_same_count,0.746,0.31010102639788334,0.30971005825600001,0.00039096814188332996
0.001,uniform_same_count,0.747,0.31184433813632784,0.311374044081,0.00047029405532783564
0.001,uniform_same_count,0.748,0.31358764987477233,0.31304472601599997,0.00054292385877235949
0.001,uniform_same_count,0.749,0.31533096161321683,0.31472212200099997,0.00060883961221686045
0.001,uniform_same_count,0.75,0.31707427335166133,0.31640625,0.00066802335166132876
0.001,uniform_same_count,0.751,0.31881758509010583,0.31809712800099998,0.0007204570891058415
0.001,uniform_same_count,0.752,0.32056089682855032,0.31979477401599998,0.00076612281255034054
0.001,uniform_same_count,0.753,0.32230420856699482,0.32149920608100002,0.00080500248599479907
0.001,uniform_same_count,0.754,0.32404752030543932,0.32321044225599999,0.00083707804943933262
0.001,uniform_same_count,0.755,0.32579083204388382,0.32492850062500001,0.00086233141888381049
0.001,uniform_same_count,0.75600000000000001,0.32753414378232831,0.32665339929600001,0.00088074448632829982
0.001,uniform_same_count,0.75700000000000001,0.32927745552077281,0.32838515640100002,0.00089229911977278809
0.001,uniform_same_count,0.75800000000000001,0.33102076725921731,0.33012379009600001,0.00089697716321729404
0.001,uniform_same_count,0.75900000000000001,0.33276407899766181,0.33186931856099999,0.00089476043666181226
0.001,uniform_same_count,0.76000000000000001,0.3345073907361063,0.33362175999999999,0.00088563073610631315
0.001,uniform_same_count,0.76100000000000001,0.3362507024745508,0.335381132641,0.00086956983355079842
0.001,uniform_same_count,0.76200000000000001,0.3379940142129953,0.337147454736,0.0008465594769953011
0.001,uniform_same_count,0.76300000000000001,0.33973732595143979,0.33892074456100002,0.00081658139043977451
0.001,uniform_same_count,0.76400000000000001,0.34148063768988429,0.34070102041600003,0.00077961727388425883
0.001,uniform_same_count,0.76500000000000001,0.34322394942832879,0.34248830062500002,0.00073564880332877003
0.001,uniform_same_count,0.76600000000000001,0.34496726116677329,0.34428260353600004,0.00068465763077324437
0.001,uniform_same_count,0.76700000000000002,0.34671057290521778,0.34608394752100002,0.00062662538421776048
0.001,uniform_same_count,0.76800000000000002,0.34845388464366228,0.34789235097600002,0.00056153366766226176
0.001,uniform_same_count,0.76900000000000002,0.35019719638210678,0.34970783232100006,0.00048936406110672293
0.001,uniform_same_count,0.77000000000000002,0.35194050812055128,0.35153041000000002,0.00041009812055126105
0.001,uniform_same_count,0.77100000000000002,0.35368381985899577,0.35336010248100003,0.00032371737799574696
0.001,uniform_same_count,0.77200000000000002,0.35542713159744027,0.35519692825600002,0.00023020334144024934
0.001,uniform_same_count,0.77300000000000002,0.35717044333588477,0.35704090584100001,0.00012953749488475719
0.001,uniform_same_count,0.77400000000000002,0.35891375507432927,0.35889205377600003,2.1701298329235286e-05
0.001,uniform_same_count,0.77500000000000002,0.36084423093789925,0.36075039062500003,9.3840312899218237e-05
0.001,uniform_same_count,0.77600000000000002,0.36281962619149932,0.36261593497600003,0.00020369121549929092
0.001,uniform_same_count,0.77700000000000002,0.3647950214450994,0.36448870544100004,0.00030631600409936066
0.001,uniform_same_count,0.77800000000000002,0.36677041669869948,0.36636872065600007,0.00040169604269940651
0.001,uniform_same_count,0.77900000000000003,0.36874581195229955,0.36825599928100006,0.00048981267129949435
0.001,uniform_same_count,0.78000000000000003,0.37072120720589963,0.37015056000000007,0.00057064720589955487
0.001,uniform_same_count,0.78100000000000003,0.37269660245949976,0.37205242152100004,0.00064418093849971658
0.001,uniform_same_count,0.78200000000000003,0.37467199771309984,0.37396160257600003,0.00071039513709980628
0.001,uniform_same_count,0.78300000000000003,0.37664739296669991,0.37587812192100006,0.00076927104569984861
0.001,uniform_same_count,0.78400000000000003,0.37862278822029999,0.37780199833600003,0.00082078988429995503
0.001,uniform_same_count,0.78500000000000003,0.38059818347390006,0.37973325062500007,0.00086493284889999078
0.001,uniform_same_count,0.78600000000000003,0.38257357872750014,0.38167189761600007,0.00090168111150007446
0.001,uniform_same_count,0.78700000000000003,0.38454897398110027,0.38361795816100008,0.00093101582010018946
0.001,uniform_same_count,0.78800000000000003,0.38652436923470035,0.38557145113600005,0.00095291809870029498
0.001,uniform_same_count,0.78900000000000003,0.38849976448830043,0.38753239544100004,0.00096736904730038153
0.001,uniform_same_count,0.79000000000000004,0.3904751597419005,0.38950081000000009,0.00097434974190041546
0.001,uniform_same_count,0.79100000000000004,0.39245055499550058,0.39147671376100007,0.00097384123450050541
0.001,uniform_same_count,0.79200000000000004,0.39442595024910065,0.39346012569600008,0.00096582455310056936
0.001,uniform_same_count,0.79300000000000004,0.39640134550270079,0.39545106480100006,0.0009502807017007231
0.001,uniform_same_count,0.79400000000000004,0.39837674075630086,0.39744955009600008,0.00092719066030078068
0.001,uniform_same_count,0.79500000000000004,0.40035213600990094,0.39945560062500007,0.00089653538490086504
0.001,uniform_same_count,0.79600000000000004,0.40232753126350101,0.40146923545600011,0.00085829580750090839
0.001,uniform_same_count,0.79700000000000004,0.40430292651710109,0.40349047368100011,0.00081245283610098529
0.001,uniform_same_count,0.79800000000000004,0.40627832177070117,0.40551933441600008,0.00075898735470109058
0.001,uniform_same_count,0.79900000000000004,0.4082537170243013,0.4075558368010001,0.00069788022330119492
0.001,uniform_same_count,0.80000000000000004,0.41022911227790138,0.40960000000000008,0.00062911227790130031
0.001,uniform_same_count,0.80100000000000005,0.41220450753150145,0.41165184320100007,0.00055266433050138453
0.001,uniform_same_count,0.80200000000000005,0.41417990278510153,0.41371138561600007,0.00046851716910145669
0.001,uniform_same_count,0.80300000000000005,0.4161552980387016,0.4157786464810001,0.00037665155770150172
0.001,uniform_same_count,0.80400000000000005,0.41813069329230168,0.41785364505600009,0.00027704823630159137
0.001,uniform_same_count,0.80500000000000005,0.42010608854590181,0.41993640062500009,0.00016968792090171769
0.001,uniform_same_count,0.80600000000000005,0.42208148379950189,0.4220269324960001,5.4551303501793047e-05
0.001,uniform_same_count,0.80700000000000005,0.42419497445104098,0.42412526000100009,6.971445004089194e-05
0.001,uniform_same_count,0.80800000000000005,0.42642219072441212,0.42623140249600011,0.00019078822841200882
0.001,uniform_same_count,0.80900000000000005,0.42864940699778326,0.42834537936100009,0.00030402763678316624
0.001,uniform_same_count,0.81000000000000005,0.43087662327115439,0.4304672100000001,0.00040941327115429083
0.001,uniform_same_count,0.81100000000000005,0.43310383954452558,0.43259691384100013,0.00050692570352545152
0.001,uniform_same_count,0.81200000000000006,0.43533105581789672,0.43473451033600014,0.00059654548189658207
0.001,uniform_same_count,0.81299999999999994,0.43755827209126763,0.43688001896099987,0.00067825313026775857
0.001,uniform_same_count,0.81399999999999995,0.43978548836463877,0.4390334592159999,0.00075202914863886638
0.001,uniform_same_count,0.81499999999999995,0.4420127046380099,0.44119485062499986,0.00081785401301004423
0.001,uniform_same_count,0.81599999999999995,0.44423992091138109,0.44336421273599991,0.00087570817538118462
0.001,uniform_same_count,0.81699999999999995,0.44646713718475223,0.44554156512099991,0.00092557206375232237
0.001,uniform_same_count,0.81799999999999995,0.44869435345812336,0.44772692737599989,0.00096742608212346815
0.001,uniform_same_count,0.81899999999999995,0.45092156973149455,0.44992031912099989,0.0010012506104946639
0.001,uniform_same_count,0.81999999999999995,0.45314878600486569,0.45212175999999987,0.0010270260048658164
0.001,uniform_same_count,0.82099999999999995,0.45537600227823682,0.45433126968099991,0.0010447325972369192
0.001,uniform_same_count,0.82199999999999995,0.45760321855160802,0.45654886785599991,0.0010543506956081083
0.001,uniform_same_count,0.82299999999999995,0.45983043482497915,0.45877457424099988,0.0010558605839792734
0.001,uniform_same_count,0.82399999999999995,0.46205765109835029,0.4610084085759999,0.0010492425223503909
0.001,uniform_same_count,0.82499999999999996,0.46428486737172142,0.4632503906249999,0.0010344767467215243
0.001,uniform_same_count,0.82599999999999996,0.46651208364509261,0.4655005401759999,0.0010115434690927128
0.001,uniform_same_count,0.82699999999999996,0.46873929991846375,0.46775887704099989,0.00098042287746386014
0.001,uniform_same_count,0.82799999999999996,0.47096651619183488,0.47002542105599993,0.0009410951358349573
0.001,uniform_same_count,0.82899999999999996,0.47319373246520602,0.47230019208099988,0.00089354038420613735
0.001,uniform_same_count,0.82999999999999996,0.47542094873857721,0.47458320999999992,0.0008377387385772872
0.001,uniform_same_count,0.83099999999999996,0.47764816501194834,0.47687449472099991,0.00077367029094843609
0.001,uniform_same_count,0.83199999999999996,0.47987538128531948,0.47917406617599989,0.00070131510931958907
0.001,uniform_same_count,0.83299999999999996,0.48210259755869067,0.48148194432099989,0.00062065323769078251
0.001,uniform_same_count,0.83399999999999996,0.48432981383206181,0.48379814913599989,0.00053166469606191757
0.001,uniform_same_count,0.83499999999999996,0.48655703010543294,0.4861227006249999,0.00043432948043303776
0.001,uniform_same_count,0.83599999999999997,0.48878424637880413,0.48845561881599991,0.0003286275628042179
0.001,uniform_same_count,0.83699999999999997,0.49101146265217527,0.49079692376099993,0.00021453889117534208
0.001,uniform_same_count,0.83799999999999997,0.4932386789255464,0.49314663553599991,9.2043389546492271e-05
0.001,uniform_same_count,0.83899999999999997,0.4955449686579943,0.49550477424099992,4.0194416994376869e-05
0.001,uniform_same_count,0.83999999999999997,0.49804454906818529,0.49787135999999993,0.00017318906818536428
0.001,uniform_same_count,0.84099999999999997,0.50054412947837623,0.50024641296099992,0.00029771651737631188
0.001,uniform_same_count,0.84199999999999997,0.50304370988856728,0.50262995329599991,0.00041375659256737141
0.001,uniform_same_count,0.84299999999999997,0.50554329029875833,0.50502200120099994,0.00052128909775839283
0.001,uniform_same_count,0.84399999999999997,0.50804287070894927,0.5074225768959999,0.00062029381294936847
0.001,uniform_same_count,0.84499999999999997,0.51054245111914032,0.50983170062499994,0.0007107504941403775
0.001,uniform_same_count,0.84599999999999997,0.51304203152933125,0.51224939265599989,0.00079263887333136385
0.001,uniform_same_count,0.84699999999999998,0.5155416119395223,0.51467567328099995,0.0008659386585223583
0.001,uniform_same_count,0.84799999999999998,0.51804119234971324,0.51711056281599999,0.00093062953371325641
0.001,uniform_same_count,0.84899999999999998,0.52054077275990429,0.51955408160099992,0.00098669115890437364
0.001,uniform_same_count,0.84999999999999998,0.52304035317009523,0.52200624999999989,0.0010341031700953351
0.001,uniform_same_count,0.85099999999999998,0.52553993358028628,0.52446708840099998,0.001072845179286297
0.001,uniform_same_count,0.85199999999999998,0.52803951399047733,0.52693661721599994,0.001102896774477391
0.001,uniform_same_count,0.85299999999999998,0.53053909440066827,0.52941485688099998,0.0011242375196682808
0.001,uniform_same_count,0.85399999999999998,0.53303867481085931,0.53190182785599993,0.0011368469548593829
0.001,uniform_same_count,0.85499999999999998,0.53553825522105025,0.53439755062499994,0.0011407045960503126
0.001,uniform_same_count,0.85599999999999998,0.5380378356312413,0.53690204569599997,0.001135789935241327
0.001,uniform_same_count,0.85699999999999998,0.54053741604143224,0.53941533360099991,0.001122082440432326
0.001,uniform_same_count,0.85799999999999998,0.54303699645162329,0.54193743489599999,0.0010995615556232963
0.001,uniform_same_count,0.85899999999999999,0.54553657686181434,0.54446837016099991,0.0010682067008144225
0.001,uniform_same_count,0.85999999999999999,0.54803615727200528,0.54700815999999997,0.0010279972720053099
0.001,uniform_same_count,0.86099999999999999,0.55053573768219632,0.54955682504100001,0.00097891264119631671
0.001,uniform_same_count,0.86199999999999999,0.55303531809238726,0.55211438593599993,0.00092093215638733295
0.001,uniform_same_count,0.86299999999999999,0.55553489850257831,0.55468086336099998,0.00085403514157833538
0.001,uniform_same_count,0.86399999999999999,0.55803447891276925,0.55725627801599997,0.00077820089676927662
0.001,uniform_same_count,0.86499999999999999,0.5605340593229603,0.55984065062499999,0.00069340869796030713
0.001,uniform_same_count,0.86599999999999999,0.56303363973315124,0.56243400193600002,0.00059963779715122012
0.001,uniform_same_count,0.86699999999999999,0.56553322014334229,0.56503635272099995,0.00049686742234233972
0.001,uniform_same_count,0.86799999999999999,0.56803280055353333,0.56764772377600003,0.00038507677753329972
0.001,uniform_same_count,0.86899999999999999,0.57053238096372427,0.57026813592100001,0.00026424504272426486
0.001,uniform_same_count,0.87,0.57303196137391532,0.57289760999999995,0.00013435137391537566
0.001,uniform_same_count,0.871,0.57554101639269672,0.57553616688099996,4.849511696769504e-06
0.001,uniform_same_count,0.872,0.57833430966918953,0.57818382745599994,0.00015048221318958444
0.001,uniform_same_count,0.873,0.58112760294568244,0.58084061264099995,0.00028699030468248843
0.001,uniform_same_count,0.874,0.58392089622217536,0.58350654337599994,0.00041435284617541424
0.001,uniform_same_count,0.875,0.58671418949866827,0.586181640625,0.00053254887366827042
0.001,uniform_same_count,0.876,0.58950748277516118,0.58886592537600002,0.00064155739916116339
0.001,uniform_same_count,0.877,0.5923007760516541,0.59155941864100003,0.00074135741065406435
0.001,uniform_same_count,0.878,0.59509406932814701,0.59426214145599998,0.00083192787214703134
0.001,uniform_same_count,0.879,0.59788736260463993,0.59697411488100005,0.00091324772363987616
0.001,uniform_same_count,0.88,0.60068065588113284,0.59969536000000001,0.00098529588113283051
0.001,uniform_same_count,0.88100000000000001,0.60347394915762564,0.60242589792099999,0.0010480512366256578
0.001,uniform_same_count,0.88200000000000001,0.60626724243411856,0.60516574977600002,0.0011014926581185414
0.001,uniform_same_count,0.88300000000000001,0.60906053571061147,0.60791493672100005,0.0011455989896114183
0.001,uniform_same_count,0.88400000000000001,0.61185382898710439,0.61067347993600007,0.0011803490511043124
0.001,uniform_same_count,0.88500000000000001,0.6146471222635973,0.61344140062500008,0.0012057216385972236
0.001,uniform_same_count,0.88600000000000001,0.61744041554009021,0.61621872001599998,0.0012216955240902383
0.001,uniform_same_count,0.88700000000000001,0.62023370881658313,0.61900545936100004,0.0012282494555830858
0.001,uniform_same_count,0.88800000000000001,0.62302700209307604,0.62180163993600002,0.0012253621570760265
0.001,uniform_same_count,0.88900000000000001,0.62582029536956896,0.62460728304099999,0.0012130123285689631
0.001,uniform_same_count,0.89000000000000001,0.62861358864606176,0.62742240999999999,0.0011911786460617746
0.001,uniform_same_count,0.89100000000000001,0.63140688192255467,0.63024704216100003,0.0011598397615546485
0.001,uniform_same_count,0.89200000000000002,0.63420017519904759,0.63308120089600006,0.0011189743030475263
0.001,uniform_same_count,0.89300000000000002,0.6369934684755405,0.63592490760100007,0.0010685608745404362
0.001,uniform_same_count,0.89400000000000002,0.63978676175203342,0.63877818369600003,0.0010085780560333824
0.001,uniform_same_count,0.89500000000000002,0.64258005502852633,0.6416410506250001,0.00093900440352623349
0.001,uniform_same_count,0.89600000000000002,0.64537334830501925,0.64451352985600008,0.00085981844901916737
0.001,uniform_same_count,0.89700000000000002,0.64816664158151216,0.64739564288100004,0.0007709987005121155
0.001,uniform_same_count,0.89800000000000002,0.65095993485800507,0.65028741121600009,0.00067252364200498516
0.001,uniform_same_count,0.89900000000000002,0.65375322813449799,0.65318885640100011,0.0005643717334978815
0.001,uniform_same_count,0.90000000000000002,0.65654652141099079,0.65610000000000002,0.00044652141099077447
0.001,uniform_same_count,0.90100000000000002,0.65933981468748371,0.6590208636010001,0.00031895108648360981
0.001,uniform_same_count,0.90200000000000002,0.66213310796397662,0.66195146881600009,0.00018163914797653113
0.001,uniform_same_count,0.90300000000000002,0.66492640124046953,0.6648918372810001,3.4563959469435801e-05
0.001,uniform_same_count,0.90400000000000003,0.66796423687171136,0.66784199065600003,0.00012224621571133021
0.001,uniform_same_count,0.90500000000000003,0.67107339735642146,0.67080195062500003,0.00027144673142143194
0.001,uniform_same_count,0.90600000000000003,0.67418255784113168,0.67377173889600006,0.0004108189451316191
0.001,uniform_same_count,0.90700000000000003,0.67729171832584179,0.67675137720100009,0.00054034112484169228
0.001,uniform_same_count,0.90800000000000003,0.680400878810552,0.67974088729600013,0.00065999151455187199
0.001,uniform_same_count,0.90900000000000003,0.68351003929526211,0.68274029096100008,0.00076974833426202149
0.001,uniform_same_count,0.91000000000000003,0.68661919977997221,0.68574961000000012,0.00086958977997209086
0.001,uniform_same_count,0.91100000000000003,0.68972836026468243,0.68876886624100009,0.00095949402368233905
0.001,uniform_same_count,0.91200000000000003,0.69283752074939264,0.69179808153600009,0.0010394392133925567
0.001,uniform_same_count,0.91300000000000003,0.69594668123410275,0.69483727776100013,0.0011094034731026214
0.001,uniform_same_count,0.91400000000000003,0.69905584171881285,0.69788647681600013,0.0011693649028127195
0.001,uniform_same_count,0.91500000000000004,0.70216500220352307,0.70094570062500006,0.0012193015785230132
0.001,uniform_same_count,0.91600000000000004,0.70527416268823317,0.70401497113600009,0.0012591915522330854
0.001,uniform_same_count,0.91700000000000004,0.70838332317294339,0.70709431032100012,0.001289012851943272
0.001,uniform_same_count,0.91800000000000004,0.7114924836576535,0.71018374017600017,0.0013087434816533294
0.001,uniform_same_count,0.91900000000000004,0.71460164414236371,0.71328328272100017,0.0013183614213635453
0.001,uniform_same_count,0.92000000000000004,0.71771080462707382,0.71639296000000008,0.0013178446270737387
0.001,uniform_same_count,0.92100000000000004,0.72081996511178403,0.71951279408100011,0.0013071710307839268
0.001,uniform_same_count,0.92200000000000004,0.72392912559649414,0.72264280705600015,0.0012863185404939914
0.001,uniform_same_count,0.92300000000000004,0.72703828608120435,0.72578302104100012,0.0012552650402042342
0.001,uniform_same_count,0.92400000000000004,0.73014744656591457,0.72893345817600008,0.0012139883899144888
0.001,uniform_same_count,0.92500000000000004,0.73325660705062468,0.73209414062500011,0.0011624664256245643
0.001,uniform_same_count,0.92600000000000005,0.73636576753533478,0.73526509057600009,0.0011006769593346899
0.001,uniform_same_count,0.92700000000000005,0.739474928020045,0.73844633024100015,0.0010285977790448486
0.001,uniform_same_count,0.92800000000000005,0.74258408850475521,0.7416378818560001,0.00094620664875511018
0.001,uniform_same_count,0.92900000000000005,0.74569324898946532,0.74483976768100013,0.00085348130846518711
0.001,uniform_same_count,0.93000000000000005,0.74880240947417542,0.74805201000000021,0.0007503994741752118
0.001,uniform_same_count,0.93100000000000005,0.75191156995888564,0.75127463112100012,0.00063693883788551453
0.001,uniform_same_count,0.93200000000000005,0.75502073044359586,0.75450765337600012,0.00051307706759573524
0.001,uniform_same_count,0.93300000000000005,0.75812989092830596,0.75775109912100014,0.00037879180730582274
0.001,uniform_same_count,0.93400000000000005,0.76123905141301607,0.76100499073600014,0.0002340606770159237
0.001,uniform_same_count,0.93500000000000005,0.76434821189772628,0.76426935062500012,7.8861272726160614e-05
0.001,uniform_same_count,0.93600000000000005,0.76763225091795428,0.7675442012160002,8.8049701954084902e-05
0.001,uniform_same_count,0.93700000000000006,0.77108023856523034,0.77082956496100019,0.00025067360423014495
0.001,uniform_same_count,0.93799999999999994,0.77452822621250605,0.77412546433599982,0.00040276187650623019
0.001,uniform_same_count,0.93899999999999995,0.777976213859782,0.77743192184099985,0.00054429201878214428
0.001,uniform_same_count,0.93999999999999995,0.78142420150705805,0.78074895999999983,0.00067524150705822183
0.001,uniform_same_count,0.94099999999999995,0.7848721891543341,0.78407660136099988,0.00079558779333421814
0.001,uniform_same_count,0.94199999999999995,0.78832017680161015,0.78741486849599984,0.00090530830561030839
0.001,uniform_same_count,0.94299999999999995,0.7917681644488862,0.79076378400099978,0.0010043804478864216
0.001,uniform_same_count,0.94399999999999995,0.79521615209616214,0.79412337049599979,0.0010927816001623514
0.001,uniform_same_count,0.94499999999999995,0.7986641397434382,0.79749365062499988,0.0011704891184383115
0.001,uniform_same_count,0.94599999999999995,0.80211212739071425,0.80087464705599987,0.0012374803347143803
0.001,uniform_same_count,0.94699999999999995,0.8055601150379903,0.8042663824809998,0.0012937325569905012
0.001,uniform_same_count,0.94799999999999995,0.80900810268526635,0.80766887961599987,0.0013392230692664819
0.001,uniform_same_count,0.94899999999999995,0.81245609033254229,0.81108216120099985,0.0013739291315424396
0.001,uniform_same_count,0.94999999999999996,0.81590407797981834,0.81450624999999988,0.0013978279798184667
0.001,uniform_same_count,0.95099999999999996,0.81935206562709439,0.81794116880099987,0.0014108968260945209
0.001,uniform_same_count,0.95199999999999996,0.82280005327437045,0.8213869404159998,0.0014131128583706465
0.001,uniform_same_count,0.95299999999999996,0.82624804092164639,0.82484358768099986,0.0014044532406465304
0.001,uniform_same_count,0.95399999999999996,0.82969602856892244,0.82831113345599983,0.0013848951129226128
0.001,uniform_same_count,0.95499999999999996,0.83314401621619849,0.83178960062499985,0.0013544155911986433
0.001,uniform_same_count,0.95599999999999996,0.83659200386347454,0.83527901209599986,0.0013129917674746805
0.001,uniform_same_count,0.95699999999999996,0.84003999151075059,0.83877939080099984,0.0012606007097507588
0.001,uniform_same_count,0.95799999999999996,0.84348797915802654,0.84229075969599987,0.0011972194620266663
0.001,uniform_same_count,0.95899999999999996,0.84693596680530259,0.84581314176099986,0.0011228250443027221
0.001,uniform_same_count,0.95999999999999996,0.85038395445257864,0.84934655999999986,0.001037394452578777
0.001,uniform_same_count,0.96099999999999997,0.85383194209985469,0.85289103744099992,0.00094090465885476871
0.001,uniform_same_count,0.96199999999999997,0.85727992974713074,0.85644659713599991,0.00083333261113083257
0.001,uniform_same_count,0.96299999999999997,0.86072791739440668,0.86001326216099994,0.00071465523340674686
0.001,uniform_same_count,0.96399999999999997,0.86417590504168273,0.86359105561599991,0.00058484942568282072
0.001,uniform_same_count,0.96499999999999997,0.86762389268895879,0.86718000062499989,0.00044389206395889502
0.001,uniform_same_count,0.96599999999999997,0.87107188033623484,0.87078012033599994,0.00029176000023489745
0.001,uniform_same_count,0.96699999999999997,0.87451986798351089,0.87439143792099994,0.00012843006251095357
0.001,uniform_same_count,0.96799999999999997,0.87806142794803788,0.87801397657599989,4.745137203798766e-05
0.001,uniform_same_count,0.96899999999999997,0.88187200832466173,0.88164775952099994,0.00022424880366178623
0.001,uniform_same_count,0.96999999999999997,0.88568258870128547,0.88529280999999993,0.00038977870128553693
0.001,uniform_same_count,0.97099999999999997,0.88949316907790932,0.88894915128099994,0.00054401779690937957
0.001,uniform_same_count,0.97199999999999998,0.89330374945453317,0.89261680665599996,0.00068694279853320772
0.001,uniform_same_count,0.97299999999999998,0.89711432983115702,0.89629579944099991,0.00081853039015711282
0.001,uniform_same_count,0.97399999999999998,0.90092491020778076,0.89998615297599993,0.00093875723178082904
0.001,uniform_same_count,0.97499999999999998,0.90473549058440461,0.90368789062499988,0.0010475999594047325
0.001,uniform_same_count,0.97599999999999998,0.90854607096102846,0.90740103577599995,0.001145035185028509
0.001,uniform_same_count,0.97699999999999998,0.9123566513376522,0.91112561184099994,0.0012310394966522642
0.001,uniform_same_count,0.97799999999999998,0.91616723171427605,0.91486164225599997,0.0013055894582760796
0.001,uniform_same_count,0.97899999999999998,0.9199778120908999,0.91860915048099989,0.0013686616099000126
0.001,uniform_same_count,0.97999999999999998,0.92378839246752364,0.92236815999999988,0.0014202324675237632
0.001,uniform_same_count,0.98099999999999998,0.9275989728441475,0.92613869432099993,0.0014602785231475623
0.001,uniform_same_count,0.98199999999999998,0.93140955322077135,0.92992077697599995,0.0014887762447713948
0.001,uniform_same_count,0.98299999999999998,0.93522013359739509,0.93371443152099998,0.0015057020763951101
0.001,uniform_same_count,0.98399999999999999,0.93903071397401894,0.93751968153599996,0.0015110324380189777
0.001,uniform_same_count,0.98499999999999999,0.94284129435064279,0.94133655062499999,0.0015047437256427987
0.001,uniform_same_count,0.98599999999999999,0.94665187472726653,0.94516506241599996,0.0014868123112665721
0.001,uniform_same_count,0.98699999999999999,0.95046245510389038,0.949005240561,0.0014572145428903838
0.001,uniform_same_count,0.98799999999999999,0.95427303548051423,0.95285710873599994,0.0014159267445142953
0.001,uniform_same_count,0.98899999999999999,0.95808361585713797,0.95672069064099996,0.0013629252161380112
0.001,uniform_same_count,0.98999999999999999,0.96189419623376182,0.96059600999999994,0.0012981862337618777
0.001,uniform_same_count,0.99099999999999999,0.96570477661038567,0.96448309056100001,0.0012216860493856618
0.001,uniform_same_count,0.99199999999999999,0.96951535698700941,0.96838195609599997,0.0011334008910094395
0.001,uniform_same_count,0.99299999999999999,0.97332593736363326,0.972292630401,0.0010333069626332625
0.001,uniform_same_count,0.99399999999999999,0.97713651774025712,0.97621513729599996,0.00092138044425715826
0.001,uniform_same_count,0.995,0.98094709811688097,0.98014950062499995,0.00079759749188101914
0.001,uniform_same_count,0.996,0.98475767849350471,0.98409574425599999,0.00066193423750471325
0.001,uniform_same_count,0.997,0.98856825887012856,0.98805389208100003,0.00051436678912852862
0.001,uniform_same_count,0.998,0.99237883924675241,0.99202396801600001,0.00035487123075239602
0.001,uniform_same_count,0.999,0.99618941962337615,0.99600599600100004,0.00018342362237611098
0.001,uniform_same_count,1,1,1,0
0.001,uniform_bound,0,0,0,0
0.001,uniform_bound,0.001,1.6858005023838951e-08,1.0000000000000002e-12,1.685700502383895e-08
0.001,uniform_bound,0.002,3.3716010047677902e-08,1.6000000000000003e-11,3.3700010047677904e-08
0.001,uniform_bound,0.0030000000000000001,5.0574015071516853e-08,8.1000000000000005e-11,5.0493015071516854e-08
0.001,uniform_bound,0.0040000000000000001,6.7432020095355804e-08,2.5600000000000005e-10,6.7176020095355805e-08
0.001,uniform_bound,0.0050000000000000001,8.4290025119194761e-08,6.2500000000000001e-10,8.3665025119194767e-08
0.001,uniform_bound,0.0060000000000000001,1.0114803014303371e-07,1.2960000000000001e-09,9.9852030143033705e-08
0.001,uniform_bound,0.0070000000000000001,1.1800603516687266e-07,2.4010000000000003e-09,1.1560503516687267e-07
0.001,uniform_bound,0.0080000000000000002,1.3486404019071161e-07,4.0960000000000007e-09,1.307680401907116e-07
0.001,uniform_bound,0.0089999999999999993,1.5172204521455055e-07,6.5609999999999983e-09,1.4516104521455055e-07
0.001,uniform_bound,0.01,1.6858005023838952e-07,1e-08,1.5858005023838951e-07
0.001,uniform_bound,0.010999999999999999,1.8543805526222847e-07,1.4640999999999997e-08,1.7079705526222846e-07
0.001,uniform_bound,0.012,2.0229606028606741e-07,2.0736000000000001e-08,1.815600602860674e-07
0.001,uniform_bound,0.012999999999999999,2.1915406530990638e-07,2.8560999999999993e-08,1.905930653099064e-07
0.001,uniform_bound,0.014,2.3601207033374533e-07,3.8416000000000005e-08,1.9759607033374533e-07
0.001,uniform_bound,0.014999999999999999,2.528700753575843e-07,5.0624999999999992e-08,2.0224507535758431e-07
0.001,uniform_bound,0.016,2.6972808038142321e-07,6.5536000000000012e-08,2.041920803814232e-07
0.001,uniform_bound,0.017000000000000001,2.8658608540526219e-07,8.3521000000000024e-08,2.0306508540526216e-07
0.001,uniform_bound,0.017999999999999999,3.034440904291011e-07,1.0497599999999997e-07,1.9846809042910113e-07
0.001,uniform_bound,0.019,3.2030209545294007e-07,1.3032099999999999e-07,1.8998109545294008e-07
0.001,uniform_bound,0.02,3.3716010047677905e-07,1.6e-07,1.7716010047677904e-07
0.001,uniform_bound,0.021000000000000001,3.5401810550061796e-07,1.9448100000000006e-07,1.595371055006179e-07
0.001,uniform_bound,0.021999999999999999,3.7087611052445693e-07,2.3425599999999995e-07,1.3662011052445698e-07
0.001,uniform_bound,0.023,3.877341155482959e-07,2.7984099999999997e-07,1.0789311554829593e-07
0.001,uniform_bound,0.024,4.0459212057213482e-07,3.3177600000000002e-07,7.2816120572134804e-08
0.001,uniform_bound,0.025000000000000001,4.2145012559597379e-07,3.9062500000000007e-07,3.0825125595973722e-08
0.001,uniform_bound,0.025999999999999999,5.2303041227730896e-07,4.569759999999999e-07,6.6054412277309061e-08
0.001,uniform_bound,0.027,7.7590048763274497e-07,5.3144099999999997e-07,2.4445948763274499e-07
0.001,uniform_bound,0.028000000000000001,1.028770562988181e-06,6.1465600000000007e-07,4.141145629881809e-07
0.001,uniform_bound,0.029000000000000001,1.2816406383436171e-06,7.072810000000001e-07,5.7435963834361699e-07
0.001,uniform_bound,0.029999999999999999,1.5345107136990521e-06,8.0999999999999987e-07,7.2451071369905228e-07
0.001,uniform_bound,0.031,1.7873807890544883e-06,9.2352099999999998e-07,8.6385978905448829e-07
0.001,uniform_bound,0.032000000000000001,2.040250864409924e-06,1.0485760000000002e-06,9.9167486440992377e-07
0.001,uniform_bound,0.033000000000000002,2.2931209397653603e-06,1.1859210000000003e-06,1.10719993976536e-06
0.001,uniform_bound,0.034000000000000002,2.5459910151207962e-06,1.3363360000000004e-06,1.2096550151207958e-06
0.001,uniform_bound,0.035000000000000003,2.7988610904762321e-06,1.5006250000000006e-06,1.2982360904762315e-06
0.001,uniform_bound,0.035999999999999997,3.0517311658316663e-06,1.6796159999999996e-06,1.3721151658316667e-06
0.001,uniform_bound,0.036999999999999998,3.3046012411871026e-06,1.8741609999999995e-06,1.4304402411871031e-06
0.001,uniform_bound,0.037999999999999999,3.5574713165425385e-06,2.0851359999999999e-06,1.4723353165425386e-06
0.001,uniform_bound,0.039,3.8103413918979749e-06,2.3134409999999998e-06,1.496900391897975e-06
0.001,uniform_bound,0.040000000000000001,4.0632114672534099e-06,2.5600000000000001e-06,1.5032114672534099e-06
0.001,uniform_bound,0.041000000000000002,4.3160815426088467e-06,2.8257610000000005e-06,1.4903205426088461e-06
0.001,uniform_bound,0.042000000000000003,4.5689516179642826e-06,3.1116960000000009e-06,1.4572556179642816e-06
0.001,uniform_bound,0.042999999999999997,4.8218216933197168e-06,3.4188009999999987e-06,1.403020693319718e-06
0.001,uniform_bound,0.043999999999999997,5.0746917686751527e-06,3.7480959999999992e-06,1.3265957686751535e-06
0.001,uniform_bound,0.044999999999999998,5.3275618440305886e-06,4.1006249999999994e-06,1.2269368440305892e-06
0.001,uniform_bound,0.045999999999999999,5.5804319193860253e-06,4.4774559999999995e-06,1.1029759193860258e-06
0.001,uniform_bound,0.047,5.8333019947414612e-06,4.8796809999999997e-06,9.536209947414615e-07
0.001,uniform_bound,0.048000000000000001,6.0861720700968963e-06,5.3084160000000003e-06,7.77756070096896e-07
0.001,uniform_bound,0.049000000000000002,6.3390421454523322e-06,5.7648010000000005e-06,5.742411454523317e-07
0.001,uniform_bound,0.050000000000000003,6.591912220807769e-06,6.2500000000000011e-06,3.4191222080776781e-07
0.001,uniform_bound,0.050999999999999997,6.8447822961632032e-06,6.7652009999999986e-06,7.9581296163204579e-08
0.001,uniform_bound,0.051999999999999998,7.7028115262150412e-06,7.3116159999999983e-06,3.9119552621504285e-07
0.001,uniform_bound,0.052999999999999999,8.7985818527547518e-06,7.8904809999999998e-06,9.0810085275475205e-07
0.001,uniform_bound,0.053999999999999999,9.8943521792944625e-06,8.5030559999999996e-06,1.3912961792944629e-06
0.001,uniform_bound,0.055,1.0990122505834173e-05,9.1506250000000002e-06,1.839497505834173e-06
0.001,uniform_bound,0.056000000000000001,1.2085892832373887e-05,9.8344960000000012e-06,2.251396832373886e-06
0.001,uniform_bound,0.057000000000000002,1.3181663158913596e-05,1.0556001000000001e-05,2.6256621589135948e-06
0.001,uniform_bound,0.058000000000000003,1.4277433485453308e-05,1.1316496000000002e-05,2.9609374854533069e-06
0.001,uniform_bound,0.058999999999999997,1.5373203811993012e-05,1.2117360999999997e-05,3.2558428119930155e-06
0.001,uniform_bound,0.059999999999999998,1.6468974138532723e-05,1.2959999999999998e-05,3.508974138532725e-06
0.001,uniform_bound,0.060999999999999999,1.7564744465072434e-05,1.3845840999999999e-05,3.7189034650724343e-06
0.001,uniform_bound,0.062,1.8660514791612144e-05,1.4776336e-05,3.8841787916121446e-06
0.001,uniform_bound,0.063,1.9756285118151855e-05,1.5752961e-05,4.0033241181518551e-06
0.001,uniform_bound,0.064000000000000001,2.0852055444691569e-05,1.6777216000000003e-05,4.0748394446915658e-06
0.001,uniform_bound,0.065000000000000002,2.194782577123128e-05,1.7850625000000003e-05,4.0972007712312763e-06
0.001,uniform_bound,0.066000000000000003,2.304359609777099e-05,1.8974736000000005e-05,4.0688600977709852e-06
0.001,uniform_bound,0.067000000000000004,2.4139366424310701e-05,2.0151121000000005e-05,3.9882454243106957e-06
0.001,uniform_bound,0.068000000000000005,2.5235136750850411e-05,2.1381376000000006e-05,3.8537607508504054e-06
0.001,uniform_bound,0.069000000000000006,2.6330907077390122e-05,2.2667121000000006e-05,3.663786077390116e-06
0.001,uniform_bound,0.070000000000000007,2.7426677403929836e-05,2.4010000000000009e-05,3.4166774039298272e-06
0.001,uniform_bound,0.070999999999999994,2.852244773046953e-05,2.5411680999999991e-05,3.1107667304695393e-06
0.001,uniform_bound,0.071999999999999995,2.961821805700924e-05,2.6873855999999993e-05,2.7443620570092473e-06
0.001,uniform_bound,0.072999999999999995,3.0713988383548951e-05,2.8398240999999994e-05,2.3157473835489571e-06
0.001,uniform_bound,0.073999999999999996,3.1809758710088665e-05,2.9986575999999993e-05,1.8231827100886724e-06
0.001,uniform_bound,0.074999999999999997,3.2905529036628379e-05,3.1640624999999998e-05,1.2649040366283809e-06
0.001,uniform_bound,0.075999999999999998,3.4001299363168086e-05,3.3362175999999998e-05,6.3912336316808828e-07
0.001,uniform_bound,0.076999999999999999,3.5239714347600508e-05,3.5153040999999999e-05,8.66733476005086e-08
0.001,uniform_bound,0.078,3.8189865226745627e-05,3.7015055999999997e-05,1.1748092267456299e-06
0.001,uniform_bound,0.079000000000000001,4.1140016105890746e-05,3.8950081e-05,2.1899351058907464e-06
0.001,uniform_bound,0.080000000000000002,4.4090166985035865e-05,4.0960000000000001e-05,3.1301669850358643e-06
0.001,uniform_bound,0.081000000000000003,4.7040317864180978e-05,4.3046721000000007e-05,3.993596864180971e-06
0.001,uniform_bound,0.082000000000000003,4.9990468743326097e-05,4.5212176000000008e-05,4.7782927433260883e-06
0.001,uniform_bound,0.083000000000000004,5.2940619622471216e-05,4.745832100000001e-05,5.4822986224712056e-06
0.001,uniform_bound,0.084000000000000005,5.5890770501616335e-05,4.9787136000000015e-05,6.1036345016163198e-06
0.001,uniform_bound,0.085000000000000006,5.8840921380761454e-05,5.2200625000000018e-05,6.6402963807614358e-06
0.001,uniform_bound,0.085999999999999993,6.1791072259906533e-05,5.470081599999998e-05,7.0902562599065526e-06
0.001,uniform_bound,0.086999999999999994,6.4741223139051652e-05,5.7289760999999981e-05,7.4514621390516704e-06
0.001,uniform_bound,0.087999999999999995,6.7691374018196771e-05,5.9969535999999987e-05,7.7218380181967835e-06
0.001,uniform_bound,0.088999999999999996,7.0641524897341876e-05,6.2742240999999989e-05,7.8992838973418873e-06
0.001,uniform_bound,0.089999999999999997,7.3591675776487009e-05,6.560999999999999e-05,7.9816757764870189e-06
0.001,uniform_bound,0.090999999999999998,7.6541826655632115e-05,6.8574960999999993e-05,7.9668656556321216e-06
0.001,uniform_bound,0.091999999999999998,7.9491977534777247e-05,7.1639295999999993e-05,7.8526815347772547e-06
0.001,uniform_bound,0.092999999999999999,8.2442128413922353e-05,7.4805200999999996e-05,7.636927413922357e-06
0.001,uniform_bound,0.094,8.5392279293067472e-05,7.8074895999999996e-05,7.3173832930674762e-06
0.001,uniform_bound,0.095000000000000001,8.8342430172212591e-05,8.1450624999999997e-05,6.8918051722125938e-06
0.001,uniform_bound,0.096000000000000002,9.129258105135771e-05,8.4934656000000005e-05,6.3579250513577055e-06
0.001,uniform_bound,0.097000000000000003,9.4242731930502829e-05,8.8529281000000008e-05,5.7134509305028217e-06
0.001,uniform_bound,0.098000000000000004,9.7192882809647935e-05,9.2236816000000008e-05,4.9560668096479269e-06
0.001,uniform_bound,0.099000000000000005,0.00010014303368879307,9.6059601000000021e-05,4.083432688793047e-06
0.001,uniform_bound,0.10000000000000001,0.00010309318456793817,0.00010000000000000002,3.093184567938155e-06
0.001,uniform_bound,0.10100000000000001,0.00010604333544708331,0.00010406040100000003,1.9829344470832788e-06
0.001,uniform_bound,0.10199999999999999,0.00010899348632622836,0.00010824321599999998,7.5027032622837996e-07
0.001,uniform_bound,0.10299999999999999,0.00011336921927122259,0.00011255088099999997,8.1833827122261538e-07
0.001,uniform_bound,0.104,0.00011958982312496269,0.00011698585599999997,2.603967124962717e-06
0.001,uniform_bound,0.105,0.00012581042697870279,0.00012155062499999998,4.2598019787028083e-06
0.001,uniform_bound,0.106,0.00013203103083244289,0.000126247696,5.7833348324428952e-06
0.001,uniform_bound,0.107,0.00013825163468618299,0.00013107960099999999,7.1720336861829986e-06
0.001,uniform_bound,0.108,0.00014447223853992309,0.00013604889599999999,8.4233425399230996e-06
0.001,uniform_bound,0.109,0.00015069284239366319,0.00014115816099999999,9.5346813936632074e-06
0.001,uniform_bound,0.11,0.00015691344624740332,0.00014641,1.0503446247403319e-05
0.001,uniform_bound,0.111,0.00016313405010114342,0.000151807041,1.1327009101143418e-05
0.001,uniform_bound,0.112,0.00016935465395488352,0.00015735193600000002,1.2002717954883504e-05
0.001,uniform_bound,0.113,0.00017557525780862365,0.00016304736100000001,1.2527896808623643e-05
0.001,uniform_bound,0.114,0.00018179586166236375,0.00016889601600000002,1.289984566236373e-05
0.001,uniform_bound,0.115,0.00018801646551610385,0.00017490062500000002,1.3115840516103833e-05
0.001,uniform_bound,0.11600000000000001,0.00019423706936984395,0.00018106393600000003,1.3173133369843927e-05
0.001,uniform_bound,0.11700000000000001,0.00020045767322358405,0.00018738872100000005,1.3068952223584004e-05
0.001,uniform_bound,0.11799999999999999,0.00020667827707732407,0.00019387777599999995,1.2800501077324123e-05
0.001,uniform_bound,0.11899999999999999,0.00021289888093106415,0.00020053392099999995,1.2364959931064195e-05
0.001,uniform_bound,0.12,0.00021911948478480427,0.00020735999999999997,1.1759484784804307e-05
0.001,uniform_bound,0.121,0.00022534008863854437,0.00021435888099999997,1.0981207638544402e-05
0.001,uniform_bound,0.122,0.00023156069249228447,0.00022153345599999999,1.0027236492284486e-05
0.001,uniform_bound,0.123,0.0002377812963460246,0.00022888664099999999,8.8946553460246124e-06
0.001,uniform_bound,0.124,0.0002440019001997647,0.00023642137599999999,7.5805241997647097e-06
0.001,uniform_bound,0.125,0.0002502225040535048,0.000244140625,6.081879053504804e-06
0.001,uniform_bound,0.126,0.0002564431079072449,0.000252047376,4.3957319072449085e-06
0.001,uniform_bound,0.127,0.00026266371176098501,0.00026014464100000001,2.5190707609849968e-06
0.001,uniform_bound,0.128,0.00026888431561472511,0.00026843545600000005,4.4885961472505712e-07
0.001,uniform_bound,0.129,0.00027915170518722795,0.00027692288100000003,2.2288241872279123e-06
0.001,uniform_bound,0.13,0.00029046342655812105,0.00028561000000000005,4.8534265581209944e-06
0.001,uniform_bound,0.13100000000000001,0.0003017751479290142,0.00029449992100000005,7.2752269290141548e-06
0.001,uniform_bound,0.13200000000000001,0.0003130868692999073,0.00030359577600000008,9.4910932999072231e-06
0.001,uniform_bound,0.13300000000000001,0.00032439859067080046,0.00031290072100000006,1.1497869670800396e-05
0.001,uniform_bound,0.13400000000000001,0.00033571031204169356,0.00032241793600000008,1.3292376041693478e-05
0.001,uniform_bound,0.13500000000000001,0.00034702203341258672,0.00033215062500000007,1.4871408412586642e-05
0.001,uniform_bound,0.13600000000000001,0.00035833375478347982,0.0003421020160000001,1.6231738783479719e-05
0.001,uniform_bound,0.13700000000000001,0.00036964547615437292,0.00035227536100000011,1.7370115154372804e-05
0.001,uniform_bound,0.13800000000000001,0.00038095719752526607,0.0003626739360000001,1.8283261525265976e-05
0.001,uniform_bound,0.13900000000000001,0.00039226891889615923,0.00037330104100000014,1.8967877896159085e-05
0.001,uniform_bound,0.14000000000000001,0.00040358064026705233,0.00038416000000000014,1.9420640267052186e-05
0.001,uniform_bound,0.14099999999999999,0.00041489236163794516,0.00039525416099999984,1.9638200637945322e-05
0.001,uniform_bound,0.14199999999999999,0.00042620408300883826,0.00040658689599999985,1.9617187008838413e-05
0.001,uniform_bound,0.14299999999999999,0.00043751580437973142,0.00041816160099999989,1.9354203379731531e-05
0.001,uniform_bound,0.14399999999999999,0.00044882752575062452,0.00042998169599999989,1.8845829750624627e-05
0.001,uniform_bound,0.14499999999999999,0.00046013924712151767,0.00044205062499999987,1.8088622121517801e-05
0.001,uniform_bound,0.14599999999999999,0.00047145096849241077,0.0004543718559999999,1.7079112492410871e-05
0.001,uniform_bound,0.14699999999999999,0.00048276268986330393,0.00046694888099999991,1.5813808863304019e-05
0.001,uniform_bound,0.14799999999999999,0.00049407441123419703,0.00047978521599999988,1.4289195234197148e-05
0.001,uniform_bound,0.14899999999999999,0.00050538613260509013,0.00049288440099999988,1.2501731605090252e-05
0.001,uniform_bound,0.14999999999999999,0.00051669785397598323,0.00050624999999999997,1.0447853975983261e-05
0.001,uniform_bound,0.151,0.00052800957534687644,0.00051988560099999997,8.1239743468764728e-06
0.001,uniform_bound,0.152,0.00053932129671776954,0.00053379481599999997,5.5264807177695741e-06
0.001,uniform_bound,0.153,0.00055063301808866265,0.00054798128099999997,2.6517370886626739e-06
0.001,uniform_bound,0.154,0.00056307033548729109,0.00056244865599999999,6.2167948729110589e-07
0.001,uniform_bound,0.155,0.00058169843103846367,0.00057720062499999993,4.4978060384637383e-06
0.001,uniform_bound,0.156,0.00060032652658963636,0.00059224089599999995,8.0856305896364038e-06
0.001,uniform_bound,0.157,0.00061895462214080904,0.00060757320099999999,1.1381421140809053e-05
0.001,uniform_bound,0.158,0.00063758271769198162,0.00062320129599999999,1.4381421691981623e-05
0.001,uniform_bound,0.159,0.0006562108132431543,0.00063912896100000005,1.7081852243154257e-05
0.001,uniform_bound,0.16,0.00067483890879432699,0.00065536000000000001,1.9478908794326975e-05
0.001,uniform_bound,0.161,0.00069346700434549957,0.0006718982410000001,2.1568763345499462e-05
0.001,uniform_bound,0.16200000000000001,0.00071209509989667225,0.00068874753600000011,2.3347563896672146e-05
0.001,uniform_bound,0.16300000000000001,0.00073072319544784494,0.00070591176100000014,2.4811434447844795e-05
0.001,uniform_bound,0.16400000000000001,0.00074935129099901751,0.00072339481600000013,2.595647499901738e-05
0.001,uniform_bound,0.16500000000000001,0.0007679793865501902,0.00074120062500000012,2.6778761550190077e-05
0.001,uniform_bound,0.16600000000000001,0.00078660748210136289,0.00075933313600000016,2.7274346101362722e-05
0.001,uniform_bound,0.16700000000000001,0.00080523557765253546,0.00077779632100000021,2.7439256652535249e-05
0.001,uniform_bound,0.16800000000000001,0.00082386367320370815,0.00079659417600000024,2.7269497203707906e-05
0.001,uniform_bound,0.16900000000000001,0.00084249176875488083,0.00081573072100000023,2.6761047754880599e-05
0.001,uniform_bound,0.17000000000000001,0.00086111986430605341,0.00083521000000000029,2.5909864306053118e-05
0.001,uniform_bound,0.17100000000000001,0.0008797479598572262,0.00085503608100000021,2.4711878857225996e-05
0.001,uniform_bound,0.17199999999999999,0.00089837605540839824,0.00087521305599999968,2.3162999408398561e-05
0.001,uniform_bound,0.17299999999999999,0.00091700415095957092,0.00089574504099999971,2.1259109959571214e-05
0.001,uniform_bound,0.17399999999999999,0.0009356322465107435,0.0009166361759999997,1.8996070510743802e-05
0.001,uniform_bound,0.17499999999999999,0.00095426034206191619,0.00093789062499999981,1.6369717061916374e-05
0.001,uniform_bound,0.17599999999999999,0.00097288843761308887,0.0009595125759999998,1.3375861613089076e-05
0.001,uniform_bound,0.17699999999999999,0.00099151653316426145,0.00098150624099999973,1.0010292164261718e-05
0.001,uniform_bound,0.17799999999999999,0.0010101446287154342,0.0010038758559999998,6.2687727154344189e-06
0.001,uniform_bound,0.17899999999999999,0.0010287727242666068,0.0010266256809999999,2.1470432666069635e-06
0.001,uniform_bound,0.17999999999999999,0.0010525014469787918,0.0010497599999999998,2.7414469787919848e-06
0.001,uniform_bound,0.18099999999999999,0.001081075765493939,0.0010732831209999999,7.792644493939075e-06
0.001,uniform_bound,0.182,0.0011096500840090861,0.0010971993759999999,1.2450708009086259e-05
0.001,uniform_bound,0.183,0.0011382244025242331,0.0011215131209999999,1.6711281524233162e-05
0.001,uniform_bound,0.184,0.0011667987210393803,0.0011462287359999999,2.0569985039380371e-05
0.001,uniform_bound,0.185,0.0011953730395545272,0.0011713506249999999,2.402241455452727e-05
0.001,uniform_bound,0.186,0.0012239473580696744,0.0011968832159999999,2.7064142069674422e-05
0.001,uniform_bound,0.187,0.0012525216765848215,0.0012228309609999999,2.9690715584821618e-05
0.001,uniform_bound,0.188,0.0012810959950999685,0.0012491983359999999,3.1897659099968528e-05
0.001,uniform_bound,0.189,0.0013096703136151156,0.0012759898410000001,3.3680472615115571e-05
0.001,uniform_bound,0.19,0.0013382446321302628,0.00130321,3.5034632130262824e-05
0.001,uniform_bound,0.191,0.0013668189506454097,0.0013308633610000001,3.5955589645409597e-05
0.001,uniform_bound,0.192,0.0013953932691605569,0.0013589544960000001,3.643877316055681e-05
0.001,uniform_bound,0.193,0.001423967587675704,0.0013874880010000001,3.6479586675703963e-05
0.001,uniform_bound,0.19400000000000001,0.001452541906190851,0.0014164684960000001,3.6073410190850868e-05
0.001,uniform_bound,0.19500000000000001,0.0014811162247059979,0.0014459006250000003,3.5215599705997651e-05
0.001,uniform_bound,0.19600000000000001,0.0015096905432211451,0.0014757890560000001,3.3901487221144966e-05
0.001,uniform_bound,0.19700000000000001,0.0015382648617362923,0.0015061384810000002,3.2126380736292046e-05
0.001,uniform_bound,0.19800000000000001,0.0015668391802514392,0.0015369536160000003,2.988556425143887e-05
0.001,uniform_bound,0.19900000000000001,0.0015954134987665864,0.0015682392010000004,2.7174297766585946e-05
0.001,uniform_bound,0.20000000000000001,0.0016239878172817335,0.0016000000000000003,2.3987817281733229e-05
0.001,uniform_bound,0.20100000000000001,0.0016525621357968805,0.0016322408010000003,2.0321334796880117e-05
0.001,uniform_bound,0.20200000000000001,0.0016811364543120274,0.0016649664160000004,1.6170038312026975e-05
0.001,uniform_bound,0.20300000000000001,0.0017097107728271746,0.0016981816810000005,1.1529091827174043e-05
0.001,uniform_bound,0.20399999999999999,0.0017382850913423209,0.0017318914559999996,6.3936353423212251e-06
0.001,uniform_bound,0.20499999999999999,0.001766859409857468,0.0017661006249999995,7.5878485746852173e-07
0.001,uniform_bound,0.20599999999999999,0.0018067502045654377,0.0018008140959999996,5.936108565438112e-06
0.001,uniform_bound,0.20699999999999999,0.0018483051869488227,0.0018360368009999997,1.2268385948822989e-05
0.001,uniform_bound,0.20799999999999999,0.0018898601693322077,0.0018717736959999996,1.8086473332208121e-05
0.001,uniform_bound,0.20899999999999999,0.0019314151517155925,0.0019080297609999997,2.3385390715592808e-05
0.001,uniform_bound,0.20999999999999999,0.0019729701340989777,0.0019448099999999997,2.8160134098977963e-05
0.001,uniform_bound,0.21099999999999999,0.0020145251164823625,0.0019821194409999996,3.240567548236286e-05
0.001,uniform_bound,0.21199999999999999,0.0020560800988657472,0.0020199631359999999,3.6116962865747303e-05
0.001,uniform_bound,0.21299999999999999,0.0020976350812491325,0.0020583461609999998,3.9288920249132709e-05
0.001,uniform_bound,0.214,0.0021391900636325172,0.0020972736159999999,4.191644763251734e-05
0.001,uniform_bound,0.215,0.002180745046015902,0.0021367506249999999,4.3994421015902153e-05
0.001,uniform_bound,0.216,0.0022223000283992872,0.0021767823359999999,4.5517692399287338e-05
0.001,uniform_bound,0.217,0.002263855010782672,0.0022173739210000001,4.6481089782671875e-05
0.001,uniform_bound,0.218,0.0023054099931660568,0.0022585305759999998,4.6879417166057012e-05
0.001,uniform_bound,0.219,0.002346964975549442,0.0023002575210000001,4.6707454549441921e-05
0.001,uniform_bound,0.22,0.0023885199579328268,0.00234256,4.5959957932826742e-05
0.001,uniform_bound,0.221,0.002430074940316212,0.0023854432810000003,4.4631659316211707e-05
0.001,uniform_bound,0.222,0.0024716299226995968,0.0024289126560000001,4.2717266699596711e-05
0.001,uniform_bound,0.223,0.0025131849050829816,0.0024729734410000002,4.0211464082981312e-05
0.001,uniform_bound,0.224,0.0025547398874663668,0.0025176309760000003,3.7108911466366464e-05
0.001,uniform_bound,0.22500000000000001,0.0025962948698497515,0.0025628906250000001,3.3404244849751484e-05
0.001,uniform_bound,0.22600000000000001,0.0026378498522331363,0.0026087577760000001,2.9092076233136217e-05
0.001,uniform_bound,0.22700000000000001,0.0026794048346165215,0.0026552378410000005,2.4166993616521037e-05
0.001,uniform_bound,0.22800000000000001,0.0027209598169999063,0.0027023362560000003,1.8623560999905982e-05
0.001,uniform_bound,0.22900000000000001,0.0027625147993832911,0.0027500584810000003,1.2456318383290751e-05
0.001,uniform_bound,0.23000000000000001,0.0028040697817666763,0.0027984100000000003,5.6597817666760065e-06
0.001,uniform_bound,0.23100000000000001,0.0028494139249715389,0.0028473963210000003,2.0176039715385716e-06
0.001,uniform_bound,0.23200000000000001,0.0029073886042479931,0.0028970229760000004,1.0365628247992718e-05
0.001,uniform_bound,0.23300000000000001,0.0029653632835244478,0.0029472955210000005,1.8067762524447313e-05
0.001,uniform_bound,0.23400000000000001,0.0030233379628009024,0.0029982195360000008,2.5118426800901667e-05
0.001,uniform_bound,0.23499999999999999,0.0030813126420773558,0.0030498006249999993,3.1512017077356489e-05
0.001,uniform_bound,0.23599999999999999,0.00313928732135381,0.0031020444159999992,3.7242905353810848e-05
0.001,uniform_bound,0.23699999999999999,0.0031972620006302647,0.0031549565609999995,4.2305439630265212e-05
0.001,uniform_bound,0.23799999999999999,0.0032552366799067194,0.0032085427359999992,4.6693943906720142e-05
0.001,uniform_bound,0.23899999999999999,0.003313211359183174,0.0032628086409999995,5.0402718183174561e-05
0.001,uniform_bound,0.23999999999999999,0.0033711860384596287,0.0033177599999999995,5.3426038459629226e-05
0.001,uniform_bound,0.24099999999999999,0.0034291607177360833,0.0033734025609999997,5.5758156736083683e-05
0.001,uniform_bound,0.24199999999999999,0.003487135397012538,0.0034297420959999996,5.7393301012538447e-05
0.001,uniform_bound,0.24299999999999999,0.0035451100762889927,0.0034867844009999998,5.8325675288992823e-05
0.001,uniform_bound,0.24399999999999999,0.0036030847555654473,0.0035445352959999998,5.8549459565447517e-05
0.001,uniform_bound,0.245,0.0036610594348419016,0.0036030006249999995,5.8058809841902027e-05
0.001,uniform_bound,0.246,0.0037190341141183567,0.0036621862559999998,5.6847858118356815e-05
0.001,uniform_bound,0.247,0.0037770087933948109,0.0037220980809999997,5.4910712394811139e-05
0.001,uniform_bound,0.248,0.0038349834726712656,0.0037827420159999999,5.2241456671265653e-05
0.001,uniform_bound,0.249,0.0038929581519477202,0.003844124001,4.8834150947720239e-05
0.001,uniform_bound,0.25,0.0039509328312241753,0.00390625,4.468283122417531e-05
0.001,uniform_bound,0.251,0.0040089075105006295,0.0039691260010000003,3.9781509500629204e-05
0.001,uniform_bound,0.252,0.0040668821897770838,0.0040327580159999999,3.4124173777083829e-05
0.001,uniform_bound,0.253,0.0041248568690535389,0.0040971520809999998,2.7704788053539015e-05
0.001,uniform_bound,0.254,0.0041828315483299931,0.0041623142560000001,2.0517292329992956e-05
0.001,uniform_bound,0.255,0.0042408062276064482,0.0042282506249999999,1.255560260644828e-05
0.001,uniform_bound,0.25600000000000001,0.0042987809068829024,0.0042949672960000008,3.8136108829016357e-06
0.001,uniform_bound,0.25700000000000001,0.0043687057504384558,0.0043624704010000008,6.2353494384550026e-06
0.001,uniform_bound,0.25800000000000001,0.0044469437517533801,0.0044307660960000005,1.617765575337958e-05
0.001,uniform_bound,0.25900000000000001,0.0045251817530683044,0.0044998605610000004,2.5321192068303994e-05
0.001,uniform_bound,0.26000000000000001,0.0046034197543832296,0.0045697600000000008,3.3659754383228747e-05
0.001,uniform_bound,0.26100000000000001,0.0046816577556981539,0.0046404706410000003,4.1187114698153574e-05
0.001,uniform_bound,0.26200000000000001,0.0047598957570130782,0.0047119987360000008,4.7897021013077433e-05
0.001,uniform_bound,0.26300000000000001,0.0048381337583280034,0.0047843505610000005,5.3783197328002852e-05
0.001,uniform_bound,0.26400000000000001,0.0049163717596429277,0.0048575324160000013,5.8839343642926381e-05
0.001,uniform_bound,0.26500000000000001,0.004994609760957852,0.0049315506250000012,6.3059135957850738e-05
0.001,uniform_bound,0.26600000000000001,0.0050728477622727771,0.005006411536000001,6.6436226272776136e-05
0.001,uniform_bound,0.26700000000000002,0.0051510857635877014,0.0050821215210000012,6.8964242587700279e-05
0.001,uniform_bound,0.26800000000000002,0.0052293237649026266,0.0051586869760000013,7.0636788902625307e-05
0.001,uniform_bound,0.26900000000000002,0.0053075617662175509,0.0052361143210000009,7.1447445217549983e-05
0.001,uniform_bound,0.27000000000000002,0.0053857997675324752,0.0053144100000000012,7.1389767532474037e-05
0.001,uniform_bound,0.27100000000000002,0.0054640377688474004,0.0053935804810000014,7.0457287847399026e-05
0.001,uniform_bound,0.27200000000000002,0.0055422757701623247,0.0054736322560000016,6.8643514162323137e-05
0.001,uniform_bound,0.27300000000000002,0.005620513771477249,0.0055545718410000017,6.5941930477247251e-05
0.001,uniform_bound,0.27400000000000002,0.0056987517727921742,0.0056364057760000018,6.2345996792172349e-05
0.001,uniform_bound,0.27500000000000002,0.0057769897741070985,0.0057191406250000016,5.7849149107096903e-05
0.001,uniform_bound,0.27600000000000002,0.0058552277754220228,0.0058027829760000016,5.2444799422021217e-05
0.001,uniform_bound,0.27700000000000002,0.0059334657767369479,0.0058873394410000023,4.6126335736945689e-05
0.001,uniform_bound,0.27800000000000002,0.0060117037780518722,0.0059728166560000023,3.8887122051869949e-05
0.001,uniform_bound,0.27900000000000003,0.0060899417793667966,0.006059221281000002,3.0720498366794587e-05
0.001,uniform_bound,0.28000000000000003,0.0061681797806817217,0.0061465600000000023,2.1619780681719422e-05
0.001,uniform_bound,0.28100000000000003,0.006246417781996646,0.0062348395210000025,1.1578260996643504e-05
0.001,uniform_bound,0.28199999999999997,0.0063246557833115669,0.0063240665759999974,5.8920731156944517e-07
0.001,uniform_bound,0.28299999999999997,0.0064261483219153169,0.0064142479209999973,1.1900400915319624e-05
0.001,uniform_bound,0.28399999999999997,0.0065288978625346805,0.0065053903359999976,2.350752653468291e-05
0.001,uniform_bound,0.28499999999999998,0.0066316474031540432,0.006597500624999998,3.4146778154045196e-05
0.001,uniform_bound,0.28599999999999998,0.0067343969437734068,0.0066905856159999982,4.3811327773408612e-05
0.001,uniform_bound,0.28699999999999998,0.0068371464843927704,0.0067846521609999976,5.2494323392772782e-05
0.001,uniform_bound,0.28799999999999998,0.0069398960250121331,0.0068797071359999983,6.0188889012134823e-05
0.001,uniform_bound,0.28899999999999998,0.0070426455656314967,0.0069757574409999978,6.6888124631498888e-05
0.001,uniform_bound,0.28999999999999998,0.0071453951062508602,0.007072809999999998,7.2585106250862286e-05
0.001,uniform_bound,0.29099999999999998,0.007248144646870223,0.0071708717609999979,7.7272885870225023e-05
0.001,uniform_bound,0.29199999999999998,0.0073508941874895865,0.0072699496959999985,8.0944491489588072e-05
0.001,uniform_bound,0.29299999999999998,0.0074536437281089501,0.0073700508009999985,8.359292710895163e-05
0.001,uniform_bound,0.29399999999999998,0.0075563932687283128,0.0074711820959999986,8.5211172728314258e-05
0.001,uniform_bound,0.29499999999999998,0.0076591428093476764,0.0075733506249999983,8.5792184347678081e-05
0.001,uniform_bound,0.29599999999999999,0.00776189234996704,0.0076765634559999981,8.5328893967041852e-05
0.001,uniform_bound,0.29699999999999999,0.0078646418905864036,0.0077808276809999983,8.3814209586405286e-05
0.001,uniform_bound,0.29799999999999999,0.0079673914312057663,0.0078861504159999981,8.1241015205768194e-05
0.001,uniform_bound,0.29899999999999999,0.008070140971825129,0.0079925388009999994,7.7602170825129616e-05
0.001,uniform_bound,0.29999999999999999,0.0081728905124444935,0.0080999999999999996,7.2890512444493891e-05
0.001,uniform_bound,0.30099999999999999,0.0082756400530638562,0.0082085412009999994,6.7098852063856781e-05
0.001,uniform_bound,0.30199999999999999,0.0083783895936832206,0.0083181696159999995,6.0219977683221085e-05
0.001,uniform_bound,0.30299999999999999,0.0084811391343025833,0.0084288924809999988,5.2246653302584489e-05
0.001,uniform_bound,0.30399999999999999,0.008583888674921946,0.0085407170559999995,4.3171618921946514e-05
0.001,uniform_bound,0.30499999999999999,0.0086866382155413105,0.0086536506249999985,3.2987590541311979e-05
0.001,uniform_bound,0.30599999999999999,0.0087893877561606732,0.0087677004959999996,2.1687260160673655e-05
0.001,uniform_bound,0.307,0.0088921372967800359,0.0088828740009999994,9.263295780036554e-06
0.001,uniform_bound,0.308,0.0090038604831504682,0.0089991784959999998,4.6819871504684418e-06
0.001,uniform_bound,0.309,0.009135774372460808,0.0091166213609999991,1.9153011460808916e-05
0.001,uniform_bound,0.31,0.009267688261771146,0.0092352099999999989,3.2478261771147141e-05
0.001,uniform_bound,0.311,0.0093996021510814858,0.009354951840999999,4.4650310081486774e-05
0.001,uniform_bound,0.312,0.0095315160403918256,0.0094758543359999992,5.5661704391826369e-05
0.001,uniform_bound,0.313,0.0096634299297021636,0.0095979249610000008,6.5504968702162839e-05
0.001,uniform_bound,0.314,0.0097953438190125034,0.0097211712159999998,7.4172603012503599e-05
0.001,uniform_bound,0.315,0.0099272577083228432,0.0098456006250000009,8.1657083322842286e-05
0.001,uniform_bound,0.316,0.010059171597633181,0.0099712207359999999,8.7950861633181304e-05
0.001,uniform_bound,0.317,0.010191085486943521,0.010098039121000001,9.3046365943519685e-05
0.001,uniform_bound,0.318,0.010322999376253861,0.010226063376000001,9.6936000253860025e-05
0.001,uniform_bound,0.31900000000000001,0.010454913265564199,0.010355301121000001,9.9612144564198077e-05
0.001,uniform_bound,0.32000000000000001,0.010586827154874539,0.01048576,0.00010106715487453836
0.001,uniform_bound,0.32100000000000001,0.010718741044184878,0.010617447681000002,0.00010129336318487683
0.001,uniform_bound,0.32200000000000001,0.010850654933495216,0.010750371856000002,0.00010028307749521473
0.001,uniform_bound,0.32300000000000001,0.010982568822805556,0.010884540241000001,9.8028581805555126e-05
0.001,uniform_bound,0.32400000000000001,0.011114482712115896,0.011019960576000002,9.4522136115894259e-05
0.001,uniform_bound,0.32500000000000001,0.011246396601426234,0.011156640625000002,8.9755976426231926e-05
0.001,uniform_bound,0.32600000000000001,0.011378310490736574,0.011294588176000002,8.372231473657149e-05
0.001,uniform_bound,0.32700000000000001,0.011510224380046914,0.011433811041000002,7.6413339046911208e-05
0.001,uniform_bound,0.32800000000000001,0.011642138269357252,0.011574317056000002,6.782121335724943e-05
0.001,uniform_bound,0.32900000000000001,0.011774052158667591,0.011716114081000002,5.7938077667589807e-05
0.001,uniform_bound,0.33000000000000002,0.011905966047977931,0.011859210000000002,4.6756047977929149e-05
0.001,uniform_bound,0.33100000000000002,0.012037879937288269,0.012003612721000003,3.4267216288266095e-05
0.001,uniform_bound,0.33200000000000002,0.012169793826598609,0.012149330176000003,2.0463650598606317e-05
0.001,uniform_bound,0.33300000000000002,0.012301707715908949,0.012296370321000004,5.3373949089451783e-06
0.001,uniform_bound,0.33400000000000002,0.012456436105351344,0.012444741136000003,1.1694969351340109e-05
0.001,uniform_bound,0.33500000000000002,0.012622571744859765,0.012594450625000003,2.8121119859761748e-05
0.001,uniform_bound,0.33600000000000002,0.012788707384368186,0.012745506816000004,4.3200568368182563e-05
0.001,uniform_bound,0.33700000000000002,0.012954843023876608,0.012897917761000003,5.6925262876605237e-05
0.001,uniform_bound,0.33800000000000002,0.013120978663385028,0.013051691536000004,6.9287127385023878e-05
0.001,uniform_bound,0.33900000000000002,0.013287114302893449,0.013206836241000004,8.027806189344483e-05
0.001,uniform_bound,0.34000000000000002,0.013453249942401871,0.013363360000000005,8.988994240186586e-05
0.001,uniform_bound,0.34100000000000003,0.013619385581910292,0.013521270961000004,9.8114620910288303e-05
0.001,uniform_bound,0.34200000000000003,0.013785521221418713,0.013680577296000003,0.00010494392541871012
0.001,uniform_bound,0.34300000000000003,0.013951656860927133,0.013841287201000004,0.00011036965992712935
0.001,uniform_bound,0.34399999999999997,0.014117792500435546,0.014003408895999995,0.00011438360443555111
0.001,uniform_bound,0.34499999999999997,0.014283928139943967,0.014166950624999996,0.00011697751494397189
0.001,uniform_bound,0.34599999999999997,0.014450063779452387,0.014331920655999995,0.00011814312345239178
0.001,uniform_bound,0.34699999999999998,0.01461619941896081,0.014498327280999996,0.00011787213796081442
0.001,uniform_bound,0.34799999999999998,0.01478233505846923,0.014666178815999995,0.00011615624246923487
0.001,uniform_bound,0.34899999999999998,0.014948470697977652,0.014835483600999996,0.00011298709697765523
0.001,uniform_bound,0.34999999999999998,0.015114606337486073,0.015006249999999997,0.00010835633748607597
0.001,uniform_bound,0.35099999999999998,0.015280741976994494,0.015178486400999997,0.00010225557599449764
0.001,uniform_bound,0.35199999999999998,0.015446877616502914,0.015352201215999997,9.4676400502917424e-05
0.001,uniform_bound,0.35299999999999998,0.015613013256011336,0.015527402880999996,8.5610375011339543e-05
0.001,uniform_bound,0.35399999999999998,0.015779148895519759,0.015704099855999996,7.5049039519763105e-05
0.001,uniform_bound,0.35499999999999998,0.015945284535028179,0.015882300624999998,6.2983910028180379e-05
0.001,uniform_bound,0.35599999999999998,0.016111420174536598,0.016062013695999997,4.9406478536601073e-05
0.001,uniform_bound,0.35699999999999998,0.016277555814045021,0.016243247600999999,3.4308213045022851e-05
0.001,uniform_bound,0.35799999999999998,0.016443691453553441,0.016426010895999998,1.7680557553443471e-05
0.001,uniform_bound,0.35899999999999999,0.016610844624954831,0.016610312160999997,5.3246395483388942e-07
0.001,uniform_bound,0.35999999999999999,0.016816664008289007,0.016796159999999997,2.0504008289009418e-05
0.001,uniform_bound,0.36099999999999999,0.017022483391623183,0.016983563040999999,3.892035062318458e-05
0.001,uniform_bound,0.36199999999999999,0.01722830277495736,0.017172529935999999,5.5772838957360987e-05
0.001,uniform_bound,0.36299999999999999,0.017434122158291536,0.017363069360999999,7.1052797291536879e-05
0.001,uniform_bound,0.36399999999999999,0.017639941541625712,0.017555190015999998,8.4751525625714058e-05
0.001,uniform_bound,0.36499999999999999,0.017845760924959889,0.017748900624999998,9.6860299959890955e-05
0.001,uniform_bound,0.36599999999999999,0.018051580308294065,0.017944209935999999,0.0001073703722940661
0.001,uniform_bound,0.36699999999999999,0.018257399691628241,0.018141126721,0.00011627297062824157
0.001,uniform_bound,0.36799999999999999,0.018463219074962418,0.018339659775999998,0.00012355929896241957
0.001,uniform_bound,0.36899999999999999,0.018669038458296594,0.018539817920999999,0.00012922053729659544
0.001,uniform_bound,0.37,0.01887485784163077,0.018741609999999999,0.00013324784163077155
0.001,uniform_bound,0.371,0.019080677224964947,0.018945044881,0.00013563234396494692
0.001,uniform_bound,0.372,0.019286496608299123,0.019150131455999999,0.0001363651522991241
0.001,uniform_bound,0.373,0.019492315991633299,0.019356878641000001,0.00013543735063329884
0.001,uniform_bound,0.374,0.019698135374967472,0.019565295375999998,0.00013283999896747389
0.001,uniform_bound,0.375,0.019903954758301652,0.019775390625,0.00012856413330165212
0.001,uniform_bound,0.376,0.020109774141635825,0.019987173375999999,0.00012260076563582606
0.001,uniform_bound,0.377,0.020315593524970005,0.020200652640999999,0.00011494088397000571
0.001,uniform_bound,0.378,0.020521412908304178,0.020415837456000001,0.00010557545230417686
0.001,uniform_bound,0.379,0.020727232291638358,0.020632736881000001,9.4495410638356647e-05
0.001,uniform_bound,0.38,0.02093305167497253,0.020851359999999999,8.1691674972531048e-05
0.001,uniform_bound,0.38100000000000001,0.021138871058306707,0.021071715921,6.7155137306706969e-05
0.001,uniform_bound,0.38200000000000001,0.021344690441640883,0.021293813776000002,5.0876665640881003e-05
0.001,uniform_bound,0.38300000000000001,0.021550509824975059,0.021517662721000003,3.2847103975056774e-05
0.001,uniform_bound,0.38400000000000001,0.021756329208309236,0.021743271936000001,1.3057272309234536e-05
0.001,uniform_bound,0.38500000000000001,0.021979667949171874,0.021970650625000001,9.0173241718734254e-06
0.001,uniform_bound,0.38600000000000001,0.022231037662080049,0.022199808016000001,3.1229646080047774e-05
0.001,uniform_bound,0.38700000000000001,0.022482407374988224,0.022430753361000002,5.1654013988221975e-05
0.001,uniform_bound,0.38800000000000001,0.022733777087896399,0.022663495936000002,7.0281151896396665e-05
0.001,uniform_bound,0.38900000000000001,0.022985146800804573,0.022898045041000004,8.7101759804569107e-05
0.001,uniform_bound,0.39000000000000001,0.023236516513712748,0.023134410000000005,0.0001021065137127436
0.001,uniform_bound,0.39100000000000001,0.023487886226620923,0.023372600161000002,0.00011528606562092106
0.001,uniform_bound,0.39200000000000002,0.023739255939529101,0.023612624896000002,0.00012663104352909904
0.001,uniform_bound,0.39300000000000002,0.023990625652437276,0.023854493601000004,0.00013613205143727172
0.001,uniform_bound,0.39400000000000002,0.024241995365345451,0.024098215696000003,0.00014377966934544725
0.001,uniform_bound,0.39500000000000002,0.024493365078253625,0.024343800625000005,0.00014956445325362
0.001,uniform_bound,0.39600000000000002,0.0247447347911618,0.024591257856000005,0.00015347693516179484
0.001,uniform_bound,0.39700000000000002,0.024996104504069975,0.024840596881000005,0.00015550762306996979
0.001,uniform_bound,0.39800000000000002,0.02524747421697815,0.025091827216000007,0.00015564700097814299
0.001,uniform_bound,0.39900000000000002,0.025498843929886324,0.025344958401000005,0.00015388552888631959
0.001,uniform_bound,0.40000000000000002,0.025750213642794499,0.025600000000000005,0.00015021364279449445
0.001,uniform_bound,0.40100000000000002,0.026001583355702677,0.025856961601000004,0.00014462175470267291
0.001,uniform_bound,0.40200000000000002,0.026252953068610849,0.026115852816000006,0.00013710025261084308
0.001,uniform_bound,0.40300000000000002,0.026504322781519027,0.026376683281000006,0.0001276395005190209
0.001,uniform_bound,0.40400000000000003,0.026755692494427202,0.026639462656000007,0.00011622983842719467
0.001,uniform_bound,0.40500000000000003,0.027007062207335376,0.026904200625000006,0.00010286158233537013
0.001,uniform_bound,0.40600000000000003,0.027258431920243551,0.027170906896000008,8.7525024243542693e-05
0.001,uniform_bound,0.40699999999999997,0.027509801633151712,0.027439591200999994,7.0210432151718294e-05
0.001,uniform_bound,0.40799999999999997,0.027761171346059887,0.027710263295999994,5.0908050059892546e-05
0.001,uniform_bound,0.40899999999999997,0.028012541058968062,0.027982932960999993,2.9608097968068098e-05
0.001,uniform_bound,0.40999999999999998,0.02826391077187624,0.028257609999999992,6.3007718762476961e-06
0.001,uniform_bound,0.41099999999999998,0.028553814426216247,0.028534304240999994,1.9510185216252418e-05
0.001,uniform_bound,0.41199999999999998,0.028857005646567228,0.028813025535999993,4.3980110567234942e-05
0.001,uniform_bound,0.41299999999999998,0.029160196866918214,0.029093783760999994,6.6413105918219917e-05
0.001,uniform_bound,0.41399999999999998,0.029463388087269199,0.029376588815999995,8.6799271269203532e-05
0.001,uniform_bound,0.41499999999999998,0.029766579307620184,0.029661450624999995,0.00010512868262018901
0.001,uniform_bound,0.41599999999999998,0.030069770527971169,0.029948379135999993,0.00012139139197117621
0.001,uniform_bound,0.41699999999999998,0.030372961748322151,0.030237384320999993,0.00013557742732215813
0.001,uniform_bound,0.41799999999999998,0.030676152968673136,0.030528476175999995,0.00014767679267314177
0.001,uniform_bound,0.41899999999999998,0.030979344189024122,0.030821664720999994,0.00015767946802412725
0.001,uniform_bound,0.41999999999999998,0.031282535409375103,0.031116959999999996,0.00016557540937510787
0.001,uniform_bound,0.42099999999999999,0.031585726629726092,0.031414372080999994,0.00017135454872609784
0.001,uniform_bound,0.42199999999999999,0.031888917850077074,0.031713911055999994,0.00017500679407708025
0.001,uniform_bound,0.42299999999999999,0.032192109070428063,0.032015587040999993,0.00017652202942806949
0.001,uniform_bound,0.42399999999999999,0.032495300290779044,0.032319410175999999,0.00017589011477904537
0.001,uniform_bound,0.42499999999999999,0.032798491511130026,0.032625390624999993,0.00017310088613003288
0.001,uniform_bound,0.42599999999999999,0.033101682731481015,0.032933538575999996,0.00016814415548101896
0.001,uniform_bound,0.42699999999999999,0.033404873951831997,0.033243864240999996,0.00016100971083200105
0.001,uniform_bound,0.42799999999999999,0.033708065172182985,0.033556377855999998,0.00015168731618298709
0.001,uniform_bound,0.42899999999999999,0.034011256392533967,0.033871089681,0.00014016671153396776
0.001,uniform_bound,0.42999999999999999,0.034314447612884956,0.034188009999999998,0.00012643761288495814
0.001,uniform_bound,0.43099999999999999,0.034617638833235938,0.034507149120999996,0.00011048971223594217
0.001,uniform_bound,0.432,0.03492083005358692,0.034828517375999998,9.2312677586921243e-05
0.001,uniform_bound,0.433,0.035224021273937908,0.035152125121000001,7.1896152937907243e-05
0.001,uniform_bound,0.434,0.03552721249428889,0.035477982736000002,4.922975828888787e-05
0.001,uniform_bound,0.435,0.035830403714639872,0.035806100624999997,2.4303089639875208e-05
0.001,uniform_bound,0.436,0.036139594655753136,0.036136489215999996,3.1054397531399269e-06
0.001,uniform_bound,0.437,0.036501283153536304,0.036469158961000003,3.2124192536300833e-05
0.001,uniform_bound,0.438,0.036862971651319479,0.036804120336000001,5.8851315319477515e-05
0.001,uniform_bound,0.439,0.037224660149102654,0.037141383840999999,8.3276308102654684e-05
0.001,uniform_bound,0.44,0.037586348646885821,0.037480960000000001,0.00010538864688582061
0.001,uniform_bound,0.441,0.037948037144668996,0.037822859361000001,0.0001251777836689949
0.001,uniform_bound,0.442,0.038309725642452164,0.038167092496000005,0.00014263314645215908
0.001,uniform_bound,0.443,0.038671414140235338,0.038513670000999999,0.00015774413923533986
0.001,uniform_bound,0.44400000000000001,0.039033102638018513,0.038862602496000001,0.00017050014201851205
0.001,uniform_bound,0.44500000000000001,0.039394791135801681,0.039213900624999999,0.00018089051080168173
0.001,uniform_bound,0.44600000000000001,0.039756479633584856,0.039567575056000004,0.00018890457758485163
0.001,uniform_bound,0.44700000000000001,0.040118168131368023,0.039923636481000002,0.00019453165036802111
0.001,uniform_bound,0.44800000000000001,0.040479856629151198,0.040282095616000005,0.0001977610131511931
0.001,uniform_bound,0.44900000000000001,0.040841545126934373,0.040642963201000006,0.00019858192593436713
0.001,uniform_bound,0.45000000000000001,0.04120323362471754,0.041006250000000001,0.00019698362471753939
0.001,uniform_bound,0.45100000000000001,0.041564922122500715,0.041371966801000006,0.0001929553215007096
0.001,uniform_bound,0.45200000000000001,0.041926610620283883,0.041740124416000002,0.00018648620428388107
0.001,uniform_bound,0.45300000000000001,0.042288299118067058,0.042110733681000004,0.00017756543706705374
0.001,uniform_bound,0.45400000000000001,0.042649987615850232,0.042483805456000008,0.00016618215985022416
0.001,uniform_bound,0.45500000000000002,0.0430116761136334,0.042859350625000008,0.00015232548863339246
0.001,uniform_bound,0.45600000000000002,0.043373364611416575,0.043237380096000005,0.00013598451541656925
0.001,uniform_bound,0.45700000000000002,0.043735053109199742,0.043617904801000008,0.00011714830819973404
0.001,uniform_bound,0.45800000000000002,0.044096741606982917,0.044000935696000006,9.5805910982911524e-05
0.001,uniform_bound,0.45900000000000002,0.044458430104766092,0.04438648376100001,7.1946343766081389e-05
0.001,uniform_bound,0.46000000000000002,0.04482011860254926,0.044774560000000005,4.5558602549254645e-05
0.001,uniform_bound,0.46100000000000002,0.045181807100332434,0.045165175441000009,1.6631659332425053e-05
0.001,uniform_bound,0.46200000000000002,0.045573762200981208,0.045558341136000005,1.5421064981202548e-05
0.001,uniform_bound,0.46300000000000002,0.046001028338306514,0.045954068161000006,4.6960177306508422e-05
0.001,uniform_bound,0.46400000000000002,0.046428294475631827,0.046352367616000006,7.5926859631821053e-05
0.001,uniform_bound,0.46500000000000002,0.046855560612957134,0.046753250625000013,0.00010230998795712071
0.001,uniform_bound,0.46600000000000003,0.047282826750282447,0.047156728336000008,0.00012609841428243979
0.001,uniform_bound,0.46700000000000003,0.047710092887607761,0.047562811921000009,0.00014728096660775181
0.001,uniform_bound,0.46800000000000003,0.048137359024933067,0.047971512576000012,0.00016584644893305467
0.001,uniform_bound,0.46899999999999997,0.048564625162258353,0.048382841520999989,0.00018178364125836372
0.001,uniform_bound,0.46999999999999997,0.048991891299583666,0.048796809999999989,0.00019508129958367704
0.001,uniform_bound,0.47099999999999997,0.049419157436908973,0.04921342928099999,0.00020572815590898241
0.001,uniform_bound,0.47199999999999998,0.049846423574234286,0.049632710655999987,0.00021371291823429894
0.001,uniform_bound,0.47299999999999998,0.050273689711559599,0.050054665440999992,0.00021902427055960766
0.001,uniform_bound,0.47399999999999998,0.050700955848884906,0.050479304975999992,0.00022165087288491397
0.001,uniform_bound,0.47499999999999998,0.051128221986210219,0.050906640624999992,0.00022158136121022687
0.001,uniform_bound,0.47599999999999998,0.051555488123535526,0.051336683775999988,0.00021880434753553807
0.001,uniform_bound,0.47699999999999998,0.051982754260860839,0.051769445840999989,0.00021330841986084981
0.001,uniform_bound,0.47799999999999998,0.052410020398186145,0.052204938255999991,0.000205082142186154
0.001,uniform_bound,0.47899999999999998,0.052837286535511459,0.052643172480999992,0.00019411405451146696
0.001,uniform_bound,0.47999999999999998,0.053264552672836765,0.053084159999999991,0.00018039267283677385
0.001,uniform_bound,0.48099999999999998,0.053691818810162079,0.053527912320999994,0.00016390648916208422
0.001,uniform_bound,0.48199999999999998,0.054119084947487392,0.053974440975999995,0.00014464397148739733
0.001,uniform_bound,0.48299999999999998,0.054546351084812698,0.054423757520999996,0.00012259356381270209
0.001,uniform_bound,0.48399999999999999,0.054973617222138012,0.054875873535999993,9.7743686138018759e-05
0.001,uniform_bound,0.48499999999999999,0.055400883359463318,0.055330800624999996,7.0082734463322582e-05
0.001,uniform_bound,0.48599999999999999,0.055828149496788632,0.055788550415999998,3.9599080788634e-05
0.001,uniform_bound,0.48699999999999999,0.056255415634113945,0.056249134560999996,6.2810731139492648e-06
0.001,uniform_bound,0.48799999999999999,0.056742630566329631,0.056712564735999997,3.0065830329634169e-05
0.001,uniform_bound,0.48899999999999999,0.057242959297427592,0.057178852640999998,6.4106656427594111e-05
0.001,uniform_bound,0.48999999999999999,0.057743288028525554,0.057648009999999993,9.5278028525561109e-05
0.001,uniform_bound,0.49099999999999999,0.058243616759623515,0.058120048560999997,0.00012356819862351792
0.001,uniform_bound,0.49199999999999999,0.058743945490721476,0.058594980095999998,0.00014896539472147863
0.001,uniform_bound,0.49299999999999999,0.059244274221819437,0.059072816400999997,0.00017145782081944005
0.001,uniform_bound,0.49399999999999999,0.059744602952917406,0.059553569295999996,0.00019103365691740953
0.001,uniform_bound,0.495,0.060244931684015367,0.060037250624999997,0.00020768105901537021
0.001,uniform_bound,0.496,0.060745260415113328,0.060523872255999998,0.0002213881591133296
0.001,uniform_bound,0.497,0.061245589146211289,0.061013446080999997,0.00023214306521129185
0.001,uniform_bound,0.498,0.06174591787730925,0.061505984016,0.00023993386130925082
0.001,uniform_bound,0.499,0.062246246608407212,0.062001498001000001,0.00024474860740721083
0.001,uniform_bound,0.5,0.062746575339505173,0.0625,0.00024657533950517285
0.001,uniform_bound,0.501,0.063246904070603127,0.063001502001000007,0.00024540206960312061
0.001,uniform_bound,0.502,0.063747232801701095,0.063506016016000005,0.00024121678570108995
0.001,uniform_bound,0.503,0.064247561532799063,0.064013554080999999,0.00023400745179906479
0.001,uniform_bound,0.504,0.064747890263897018,0.064524128255999999,0.00022376200789701872
0.001,uniform_bound,0.505,0.065248218994994986,0.065037750625000001,0.00021046836999498442
0.001,uniform_bound,0.50600000000000001,0.06574854772609294,0.065554433295999998,0.0001941144300929426
0.001,uniform_bound,0.50700000000000001,0.066248876457190908,0.066074188401000003,0.00017468805619090533
0.001,uniform_bound,0.50800000000000001,0.066749205188288863,0.066597028096000002,0.00015217709228886045
0.001,uniform_bound,0.50900000000000001,0.067249533919386831,0.067122964561000004,0.00012656935838682715
0.001,uniform_bound,0.51000000000000001,0.067749862650484799,0.067652009999999999,9.7852650484800408e-05
0.001,uniform_bound,0.51100000000000001,0.068250191381582753,0.068184176641000002,6.601474058275103e-05
0.001,uniform_bound,0.51200000000000001,0.068750520112680708,0.068719476736000012,3.1043376680695012e-05
0.001,uniform_bound,0.51300000000000001,0.06926537871508294,0.06925792256100001,7.4561540829298778e-06
0.001,uniform_bound,0.51400000000000001,0.069846659586304635,0.069799526416000013,4.7133170304622385e-05
0.001,uniform_bound,0.51500000000000001,0.070427940457526345,0.070344300625000009,8.3639832526336e-05
0.001,uniform_bound,0.51600000000000001,0.07100922132874804,0.070892257536000008,0.00011696379274803159
0.001,uniform_bound,0.51700000000000002,0.071590502199969736,0.071443409521000006,0.00014709267896972911
0.001,uniform_bound,0.51800000000000002,0.072171783071191431,0.071997768976000007,0.0001740140951914243
0.001,uniform_bound,0.51900000000000002,0.07275306394241314,0.07255534832100001,0.00019771562141313037
0.001,uniform_bound,0.52000000000000002,0.073334344813634836,0.073116160000000013,0.00021818481363482245
0.001,uniform_bound,0.52100000000000002,0.073915625684856531,0.07368021648100001,0.00023540920385652087
0.001,uniform_bound,0.52200000000000002,0.074496906556078227,0.074247530256000005,0.00024937630007822176
0.001,uniform_bound,0.52300000000000002,0.075078187427299936,0.074818113841000011,0.00026007358629992483
0.001,uniform_bound,0.52400000000000002,0.075659468298521632,0.075391979776000012,0.00026748852252161948
0.001,uniform_bound,0.52500000000000002,0.076240749169743327,0.075969140625000015,0.00027160854474331253
0.001,uniform_bound,0.52600000000000002,0.076822030040965023,0.076549608976000008,0.00027242106496501439
0.001,uniform_bound,0.52700000000000002,0.077403310912186732,0.077133397441000021,0.00026991347118671127
0.001,uniform_bound,0.52800000000000002,0.077984591783408427,0.077720518656000021,0.00026407312740840683
0.001,uniform_bound,0.52900000000000003,0.078565872654630123,0.078310985281000015,0.00025488737363010827
0.001,uniform_bound,0.53000000000000003,0.079147153525851818,0.07890481000000002,0.00024234352585179864
0.001,uniform_bound,0.53100000000000003,0.079728434397073528,0.079502005521000021,0.00022642887607350615
0.001,uniform_bound,0.53200000000000003,0.080309715268295223,0.080102584576000016,0.00020713069229520709
0.001,uniform_bound,0.53300000000000003,0.080890996139516919,0.080706559921000023,0.00018443621851689518
0.001,uniform_bound,0.53400000000000003,0.081472277010738614,0.081313944336000019,0.00015833267473859547
0.001,uniform_bound,0.53500000000000003,0.082053557881960323,0.081924750625000015,0.00012880725696030881
0.001,uniform_bound,0.53600000000000003,0.082634838753182019,0.082538991616000021,9.5847137181997999e-05
0.001,uniform_bound,0.53700000000000003,0.083216119624403714,0.083156680161000016,5.9439463403698767e-05
0.001,uniform_bound,0.53800000000000003,0.08379740049562541,0.083777829136000015,1.9571359625394913e-05
0.001,uniform_bound,0.53900000000000003,0.084426737055321555,0.084402451441000018,2.4285614321536975e-05
0.001,uniform_bound,0.54000000000000004,0.085097264205138648,0.085030560000000019,6.6704205138629069e-05
0.001,uniform_bound,0.54100000000000004,0.085767791354955741,0.085662167761000024,0.00010562359395571708
0.001,uniform_bound,0.54200000000000004,0.086438318504772835,0.086297287696000022,0.00014103080877281293
0.001,uniform_bound,0.54300000000000004,0.087108845654589928,0.086935932801000024,0.00017291285358990438
0.001,uniform_bound,0.54400000000000004,0.087779372804407022,0.087578116096000025,0.00020125670840699661
0.001,uniform_bound,0.54500000000000004,0.088449899954224115,0.08822385062500003,0.00022604932922408449
0.001,uniform_bound,0.54600000000000004,0.089120427104041208,0.088873149456000028,0.00024727764804118035
0.001,uniform_bound,0.54700000000000004,0.089790954253858302,0.089526025681000029,0.00026492857285827232
0.001,uniform_bound,0.54800000000000004,0.090461481403675395,0.090182492416000029,0.00027898898767536595
0.001,uniform_bound,0.54900000000000004,0.091132008553492488,0.090842562801000032,0.00028944575249245652
0.001,uniform_bound,0.55000000000000004,0.091802535703309582,0.091506250000000025,0.00029628570330955672
0.001,uniform_bound,0.55100000000000005,0.092473062853126675,0.092173567201000034,0.0002994956521266412
0.001,uniform_bound,0.55200000000000005,0.093143590002943769,0.092844527616000025,0.00029906238694374365
0.001,uniform_bound,0.55300000000000005,0.093814117152760862,0.09351914448100003,0.00029497267176083197
0.001,uniform_bound,0.55400000000000005,0.094484644302577955,0.094197431056000036,0.00028721324657791925
0.001,uniform_bound,0.55500000000000005,0.095155171452395049,0.094879400625000027,0.00027577082739502212
0.001,uniform_bound,0.55600000000000005,0.095825698602212142,0.095565066496000037,0.00026063210621210531
0.001,uniform_bound,0.55700000000000005,0.096496225752029235,0.096254442001000029,0.00024178375102920646
0.001,uniform_bound,0.55800000000000005,0.097166752901846329,0.096947540496000031,0.00021921240584629742
0.001,uniform_bound,0.55900000000000005,0.097837280051663422,0.097644375361000041,0.00019290469066338134
0.001,uniform_bound,0.56000000000000005,0.098507807201480516,0.098344960000000037,0.00016284720148047882
0.001,uniform_bound,0.56100000000000005,0.099178334351297609,0.099049307841000037,0.00012902651029757239
0.001,uniform_bound,0.56200000000000006,0.099848861501114702,0.09975743233600004,9.1429165114662037e-05
0.001,uniform_bound,0.56299999999999994,0.10051938865093173,0.10046934696099996,5.0041689931765165e-05
0.001,uniform_bound,0.56399999999999995,0.10118991580074882,0.10118506521599996,4.8505847488611309e-06
0.001,uniform_bound,0.56499999999999995,0.10194834231778556,0.10190460062499997,4.3741692785592701e-05
0.001,uniform_bound,0.56599999999999995,0.10271681447679026,0.10262796673599996,8.8847740790307106e-05
0.001,uniform_bound,0.56699999999999995,0.10348528663579497,0.10335517712099997,0.00013010951479500155
0.001,uniform_bound,0.56799999999999995,0.10425375879479967,0.10408624537599996,0.00016751341879971127
0.001,uniform_bound,0.56899999999999995,0.10502223095380438,0.10482118512099996,0.00020104583280441957
0.001,uniform_bound,0.56999999999999995,0.10579070311280908,0.10556000999999997,0.00023069311280911331
0.001,uniform_bound,0.57099999999999995,0.10655917527181379,0.10630273368099996,0.00025644159081382456
0.001,uniform_bound,0.57199999999999995,0.10732764743081849,0.10704936985599997,0.00027827757481851956
0.001,uniform_bound,0.57299999999999995,0.10809611958982319,0.10779993224099997,0.00029618734882322362
0.001,uniform_bound,0.57399999999999995,0.1088645917488279,0.10855443457599996,0.00031015717282793787
0.001,uniform_bound,0.57499999999999996,0.1096330639078326,0.10931289062499996,0.00032017328283263924
0.001,uniform_bound,0.57599999999999996,0.11040153606683731,0.11007531417599997,0.00032622189083733599
0.001,uniform_bound,0.57699999999999996,0.11117000822584201,0.11084171904099997,0.00032828918484203995
0.001,uniform_bound,0.57799999999999996,0.11193848038484672,0.11161211905599996,0.00032636132884675262
0.001,uniform_bound,0.57899999999999996,0.11270695254385144,0.11238652808099997,0.0003204244628514652
0.001,uniform_bound,0.57999999999999996,0.11347542470285614,0.11316495999999997,0.00031046470285617245
0.001,uniform_bound,0.58099999999999996,0.11424389686186084,0.11394742872099997,0.0002964681408608727
0.001,uniform_bound,0.58199999999999996,0.11501236902086555,0.11473394817599997,0.00027842084486558172
0.001,uniform_bound,0.58299999999999996,0.11578084117987025,0.11552453232099998,0.00025630885887027721
0.001,uniform_bound,0.58399999999999996,0.11654931333887496,0.11631919513599998,0.00023011820287498208
0.001,uniform_bound,0.58499999999999996,0.11731778549787966,0.11711795062499997,0.00019983487287969504
0.001,uniform_bound,0.58599999999999997,0.11808625765688437,0.11792081281599998,0.0001654448408843906
0.001,uniform_bound,0.58699999999999997,0.11885472981588907,0.11872779576099997,0.00012693405488910237
0.001,uniform_bound,0.58799999999999997,0.11962320197489378,0.11953891353599998,8.4288438893798112e-05
0.001,uniform_bound,0.58899999999999997,0.12039167413389848,0.12035418024099998,3.7493892898504688e-05
0.001,uniform_bound,0.58999999999999997,0.12118759458313405,0.12117360999999997,1.3984583134077355e-05
0.001,uniform_bound,0.59099999999999997,0.12206311507403916,0.12199721696099998,6.5898113039183914e-05
0.001,uniform_bound,0.59199999999999997,0.12293863556494426,0.12282501529599997,0.00011362026894429222
0.001,uniform_bound,0.59299999999999997,0.12381415605584938,0.12365701920099997,0.00015713685484940176
0.001,uniform_bound,0.59399999999999997,0.12468967654675447,0.12449324289599997,0.0001964336507545017
0.001,uniform_bound,0.59499999999999997,0.12556519703765959,0.12533370062499999,0.00023149641265959864
0.001,uniform_bound,0.59599999999999997,0.1264407175285647,0.12617840665599997,0.00026231087256473051
0.001,uniform_bound,0.59699999999999998,0.12731623801946979,0.12702737528099997,0.00028886273846981392
0.001,uniform_bound,0.59799999999999998,0.1281917585103749,0.12788062081599999,0.00031113769437490779
0.001,uniform_bound,0.59899999999999998,0.12906727900128001,0.12873815760099999,0.00032912140028001913
0.001,uniform_bound,0.59999999999999998,0.12994279949218512,0.12959999999999999,0.00034279949218513073
0.001,uniform_bound,0.60099999999999998,0.13081831998309024,0.13046616240099998,0.00035215758209025672
0.001,uniform_bound,0.60199999999999998,0.13169384047399532,0.13133665921599999,0.00035718125799533151
0.001,uniform_bound,0.60299999999999998,0.13256936096490043,0.13221150488099997,0.00035785608390045964
0.001,uniform_bound,0.60399999999999998,0.13344488145580555,0.13309071385599999,0.0003541675998055549
0.001,uniform_bound,0.60499999999999998,0.13432040194671066,0.13397430062499999,0.00034610132171067343
0.001,uniform_bound,0.60599999999999998,0.13519592243761575,0.13486227969599998,0.0003336427416157639
0.001,uniform_bound,0.60699999999999998,0.13607144292852086,0.135754665601,0.00031677732752086185
0.001,uniform_bound,0.60799999999999998,0.13694696341942597,0.13665147289599999,0.00029549052342597859
0.001,uniform_bound,0.60899999999999999,0.13782248391033108,0.13755271616099998,0.00026976774933110126
0.001,uniform_bound,0.60999999999999999,0.1386980044012362,0.13845840999999998,0.00023959440123622056
0.001,uniform_bound,0.61099999999999999,0.13957352489214128,0.13936856904099998,0.00020495585114130299
0.001,uniform_bound,0.61199999999999999,0.14044904538304639,0.14028320793599999,0.00016583744704640191
0.001,uniform_bound,0.61299999999999999,0.14132456587395151,0.14120234136099999,0.0001222245129515187
0.001,uniform_bound,0.61399999999999999,0.14220008636485662,0.14212598401599999,7.4102348856630584e-05
0.001,uniform_bound,0.61499999999999999,0.14307560685576171,0.14305415062499999,2.145623076171832e-05
0.001,uniform_bound,0.61599999999999999,0.14402285426773376,0.143986855936,3.599833173376088e-05
0.001,uniform_bound,0.61699999999999999,0.14501493100537263,0.144924114721,9.0816284372630118e-05
0.001,uniform_bound,0.61799999999999999,0.14600700774301148,0.14586594177599999,0.00014106596701149443
0.001,uniform_bound,0.61899999999999999,0.14699908448065035,0.14681235192100001,0.00018673255965034885
0.001,uniform_bound,0.62,0.14799116121828923,0.14776335999999998,0.00022780121828924749
0.001,uniform_bound,0.621,0.14898323795592811,0.148718980881,0.00026425707492810924
0.001,uniform_bound,0.622,0.14997531469356698,0.14967922945599998,0.00029608523756699534
0.001,uniform_bound,0.623,0.15096739143120583,0.150644120641,0.00032327079020583183
0.001,uniform_bound,0.624,0.1519594681688447,0.15161366937599999,0.00034579879284471482
0.001,uniform_bound,0.625,0.15295154490648358,0.152587890625,0.00036365428148357748
0.001,uniform_bound,0.626,0.15394362164412245,0.15356679937600001,0.0003768222681224398
0.001,uniform_bound,0.627,0.15493569838176133,0.154550410641,0.00038528774076132533
0.001,uniform_bound,0.628,0.15592777511940017,0.155538739456,0.00038903566340017792
0.001,uniform_bound,0.629,0.15691985185703905,0.15653180088099999,0.00038805097603905603
0.001,uniform_bound,0.63,0.15791192859467792,0.15752961000000001,0.00038231859467791063
0.001,uniform_bound,0.63100000000000001,0.1589040053323168,0.15853218192099999,0.0003718234113168073
0.001,uniform_bound,0.63200000000000001,0.15989608206995568,0.159539531776,0.00035655029395567639
0.001,uniform_bound,0.63300000000000001,0.16088815880759455,0.16055167472100002,0.0003364840865945351
0.001,uniform_bound,0.63400000000000001,0.1618802355452334,0.16156862593600002,0.00031160960923337644
0.001,uniform_bound,0.63500000000000001,0.16287231228287227,0.16259040062500002,0.00028191165787225247
0.001,uniform_bound,0.63600000000000001,0.16386438902051115,0.16361701401600001,0.00024737500451113559
0.001,uniform_bound,0.63700000000000001,0.16485646575815002,0.16464848136100002,0.00020798439715000172
0.001,uniform_bound,0.63800000000000001,0.1658485424957889,0.16568481793600001,0.00016372455978888589
0.001,uniform_bound,0.63900000000000001,0.16684061923342774,0.166726039041,0.00011458019242774342
0.001,uniform_bound,0.64000000000000001,0.16783269597106662,0.16777216,6.0535971066616456e-05
0.001,uniform_bound,0.64100000000000001,0.1688247727087055,0.16882319616100003,1.5765477054674459e-06
0.001,uniform_bound,0.64200000000000002,0.16994007541147596,0.16987916289600002,6.0912515475936013e-05
0.001,uniform_bound,0.64300000000000002,0.17105862090280249,0.17094007560100002,0.00011854530180246958
0.001,uniform_bound,0.64400000000000002,0.17217716639412906,0.17200594969600003,0.00017121669812902862
0.001,uniform_bound,0.64500000000000002,0.17329571188545562,0.17307680062500003,0.00021891126045558984
0.001,uniform_bound,0.64600000000000002,0.17441425737678218,0.17415264385600002,0.00026161352078216127
0.001,uniform_bound,0.64700000000000002,0.17553280286810874,0.17523349488100001,0.00029930798710872675
0.001,uniform_bound,0.64800000000000002,0.1766513483594353,0.17631936921600003,0.00033197914343527368
0.001,uniform_bound,0.64900000000000002,0.17776989385076186,0.17741028240100001,0.00035961144976184856
0.001,uniform_bound,0.65000000000000002,0.1788884393420884,0.17850625000000003,0.00038218934208836264
0.001,uniform_bound,0.65100000000000002,0.18000698483341496,0.17960728760100003,0.00039969723241492505
0.001,uniform_bound,0.65200000000000002,0.18112553032474152,0.18071341081600004,0.00041211950874148195
0.001,uniform_bound,0.65300000000000002,0.18224407581606808,0.18182463528100004,0.00041944053506803858
0.001,uniform_bound,0.65400000000000003,0.18336262130739464,0.18294097665600004,0.00042164465139460372
0.001,uniform_bound,0.65500000000000003,0.1844811667987212,0.18406245062500004,0.00041871617372116199
0.001,uniform_bound,0.65600000000000003,0.18559971229004774,0.18518907289600003,0.00041063939404770156
0.001,uniform_bound,0.65700000000000003,0.1867182577813743,0.18632085920100003,0.00039739858037426967
0.001,uniform_bound,0.65800000000000003,0.18783680327270086,0.18745782529600002,0.00037897797670083389
0.001,uniform_bound,0.65900000000000003,0.18895534876402742,0.18859998696100003,0.00035536180302739306
0.001,uniform_bound,0.66000000000000003,0.19007389425535398,0.18974736000000003,0.00032653425535394964
0.001,uniform_bound,0.66100000000000003,0.19119243974668054,0.19089996024100003,0.00029247950568050962
0.001,uniform_bound,0.66200000000000003,0.19231098523800708,0.19205780353600005,0.00025318170200702705
0.001,uniform_bound,0.66300000000000003,0.19342953072933364,0.19322090576100004,0.00020862496833359834
0.001,uniform_bound,0.66400000000000003,0.1945480762206602,0.19438928281600004,0.0001587934046601569
0.001,uniform_bound,0.66500000000000004,0.19566662171198676,0.19556295062500004,0.000103671086986723
0.001,uniform_bound,0.66600000000000004,0.19678516720331332,0.19674192513600006,4.3242067313264965e-05
0.001,uniform_bound,0.66700000000000004,0.19794930797889396,0.19792622232100004,2.3085657893912037e-05
0.001,uniform_bound,0.66800000000000004,0.19920463932298269,0.19911585817600005,8.878114698263051e-05
0.001,uniform_bound,0.66900000000000004,0.20045997066707144,0.20031084872100005,0.00014912194607138995
0.001,uniform_bound,0.67000000000000004,0.2017153020111602,0.20151121000000005,0.00020409201116014519
0.001,uniform_bound,0.67100000000000004,0.20297063335524893,0.20271695808100004,0.00025367527424888237
0.001,uniform_bound,0.67200000000000004,0.20422596469933768,0.20392810905600006,0.00029785564333761894
0.001,uniform_bound,0.67300000000000004,0.20548129604342644,0.20514467904100006,0.00033661700242637593
0.001,uniform_bound,0.67400000000000004,0.20673662738751516,0.20636668417600004,0.00036994321151512244
0.001,uniform_bound,0.67500000000000004,0.20799195873160392,0.20759414062500006,0.00039781810660385886
0.001,uniform_bound,0.67600000000000005,0.20924729007569268,0.20882706457600006,0.00042022549969261691
0.001,uniform_bound,0.67700000000000005,0.2105026214197814,0.21006547224100006,0.00043714917878134862
0.001,uniform_bound,0.67800000000000005,0.21175795276387016,0.21130937985600007,0.00044857290787009285
0.001,uniform_bound,0.67900000000000005,0.21301328410795892,0.21255880368100005,0.00045448042695886426
0.001,uniform_bound,0.68000000000000005,0.21426861545204767,0.21381376000000007,0.00045485545204759781
0.001,uniform_bound,0.68100000000000005,0.2155239467961364,0.21507426512100006,0.00044968167513634305
0.001,uniform_bound,0.68200000000000005,0.21677927814022516,0.21634033537600006,0.00043894276422509759
0.001,uniform_bound,0.68300000000000005,0.21803460948431391,0.21761198712100008,0.00042262236331383485
0.001,uniform_bound,0.68400000000000005,0.21928994082840264,0.21888923673600005,0.00040070409240258731
0.001,uniform_bound,0.68500000000000005,0.2205452721724914,0.22017210062500006,0.00037317154749133552
0.001,uniform_bound,0.68600000000000005,0.22180060351658015,0.22146059521600006,0.00034000830058009135
0.001,uniform_bound,0.68700000000000006,0.22305593486066888,0.22275473696100007,0.00030119789966881472
0.001,uniform_bound,0.68799999999999994,0.2243112662047575,0.22405454233599992,0.00025672386875758013
0.001,uniform_bound,0.68899999999999995,0.22556659754884625,0.22536002784099993,0.00020656970784632689
0.001,uniform_bound,0.68999999999999995,0.22682192889293498,0.22667120999999993,0.00015071889293505336
0.001,uniform_bound,0.69099999999999995,0.22807726023702374,0.22798810536099992,8.9154876023816998e-05
0.001,uniform_bound,0.69199999999999995,0.22933259158111249,0.22931073049599993,2.1861085112567791e-05
0.001,uniform_bound,0.69299999999999995,0.23069004353255623,0.23063910200099993,5.094153155629777e-05
0.001,uniform_bound,0.69399999999999995,0.23209288242060225,0.23197323649599993,0.00011964592460231294
0.001,uniform_bound,0.69499999999999995,0.23349572130864824,0.23331315062499994,0.00018257068364829765
0.001,uniform_bound,0.69599999999999995,0.23489856019669422,0.23465886105599992,0.00023969914069429943
0.001,uniform_bound,0.69699999999999995,0.23630139908474021,0.23601038448099992,0.00029101460374028609
0.001,uniform_bound,0.69799999999999995,0.2377042379727862,0.23736773761599994,0.00033650035678625678
0.001,uniform_bound,0.69899999999999995,0.23910707686083219,0.23873093720099994,0.00037613965983224196
0.001,uniform_bound,0.69999999999999996,0.2405099157488782,0.24009999999999995,0.00040991574887824789
0.001,uniform_bound,0.70099999999999996,0.24191275463692419,0.24147494280099993,0.00043781183592425665
0.001,uniform_bound,0.70199999999999996,0.24331559352497018,0.24285578241599995,0.00045981110897022615
0.001,uniform_bound,0.70299999999999996,0.24471843241301616,0.24424253568099993,0.00047589673201622884
0.001,uniform_bound,0.70399999999999996,0.24612127130106215,0.24563521945599995,0.000486051845062202
0.001,uniform_bound,0.70499999999999996,0.24752411018910814,0.24703385062499994,0.00049025956410819749
0.001,uniform_bound,0.70599999999999996,0.24892694907715412,0.24843844609599994,0.00048850298115418744
0.001,uniform_bound,0.70699999999999996,0.25032978796520011,0.24984902280099994,0.00048076516420017534
0.001,uniform_bound,0.70799999999999996,0.2517326268532461,0.25126559769599993,0.00046702915724616823
0.001,uniform_bound,0.70899999999999996,0.25313546574129209,0.25268818776099994,0.00044727798029214894
0.001,uniform_bound,0.70999999999999996,0.25453830462933813,0.25411680999999997,0.0004214946293381594
0.001,uniform_bound,0.71099999999999997,0.25594114351738412,0.25555148144099993,0.00038966207638418959
0.001,uniform_bound,0.71199999999999997,0.25734398240543011,0.25699221913599996,0.00035176326943014979
0.001,uniform_bound,0.71299999999999997,0.25874682129347609,0.25843904016099994,0.00030778113247614813
0.001,uniform_bound,0.71399999999999997,0.26014966018152208,0.25989196161599998,0.00025769856552210202
0.001,uniform_bound,0.71499999999999997,0.26155249906956807,0.26135100062499994,0.00020149844456812671
0.001,uniform_bound,0.71599999999999997,0.26295533795761405,0.26281617433599996,0.00013916362161409124
0.001,uniform_bound,0.71699999999999997,0.26435817684566004,0.26428749992099998,7.0676924660062479e-05
0.001,uniform_bound,0.71799999999999997,0.26576915080177133,0.26576499457599995,4.1562257713789741e-06
0.001,uniform_bound,0.71899999999999997,0.26733062351709019,0.26724867552099996,8.1947996090236952e-05
0.001,uniform_bound,0.71999999999999997,0.26889209623240906,0.26873855999999996,0.00015353623240910164
0.001,uniform_bound,0.72099999999999997,0.27045356894772793,0.27023466528099999,0.00021890366672794315
0.001,uniform_bound,0.72199999999999998,0.2720150416630468,0.27173700865599998,0.00027803300704681844
0.001,uniform_bound,0.72299999999999998,0.27357651437836566,0.27324560744099996,0.00033090693736570476
0.001,uniform_bound,0.72399999999999998,0.27513798709368453,0.27476047897599998,0.00037750811768455517
0.001,uniform_bound,0.72499999999999998,0.2766994598090034,0.27628164062499999,0.00041781918400340956
0.001,uniform_bound,0.72599999999999998,0.27826093252432227,0.27780910977599999,0.00045182274832228364
0.001,uniform_bound,0.72699999999999998,0.27982240523964119,0.27934290384099997,0.00047950139864122443
0.001,uniform_bound,0.72799999999999998,0.28138387795496006,0.28088304025599997,0.00050083769896008823
0.001,uniform_bound,0.72899999999999998,0.28294535067027893,0.282429536481,0.00051581418927892919
0.001,uniform_bound,0.72999999999999998,0.2845068233855978,0.28398240999999996,0.00052441338559783279
0.001,uniform_bound,0.73099999999999998,0.28606829610091666,0.28554167832099997,0.00052661777991669378
0.001,uniform_bound,0.73199999999999998,0.28762976881623553,0.28710735897599998,0.00052240984023554926
0.001,uniform_bound,0.73299999999999998,0.2891912415315544,0.28867946952099999,0.00051177201055441213
0.001,uniform_bound,0.73399999999999999,0.29075271424687327,0.290258027536,0.0004946867108732711
0.001,uniform_bound,0.73499999999999999,0.29231418696219214,0.29184305062499999,0.0004711363371921462
0.001,uniform_bound,0.73599999999999999,0.293875659677511,0.29343455641599997,0.0004411032615110333
0.001,uniform_bound,0.73699999999999999,0.29543713239282987,0.29503256256099997,0.00040456983182990403
0.001,uniform_bound,0.73799999999999999,0.29699860510814879,0.29663708673599998,0.00036151837214881688
0.001,uniform_bound,0.73899999999999999,0.29856007782346766,0.29824814664099997,0.00031193118246769513
0.001,uniform_bound,0.73999999999999999,0.30012155053878653,0.29986575999999998,0.00025579053878654889
0.001,uniform_bound,0.74099999999999999,0.3016830232541054,0.30148994456099998,0.00019307869310541959
0.001,uniform_bound,0.74199999999999999,0.30324449596942427,0.303120718096,0.00012377787342426894
0.001,uniform_bound,0.74299999999999999,0.30480596868474313,0.30475809840099999,4.7870283743145503e-05
0.001,uniform_bound,0.74399999999999999,0.30643725256014775,0.30640210329599998,3.5149264147771309e-05
0.001,uniform_bound,0.745,0.30816888997817571,0.30805275062499998,0.00011613935317572599
0.001,uniform_bound,0.746,0.30990052739620366,0.30971005825600001,0.00019046914020365291
0.001,uniform_bound,0.747,0.31163216481423162,0.311374044081,0.00025812073323161489
0.001,uniform_bound,0.748,0.31336380223225957,0.31304472601599997,0.00031907621625959504
0.001,uniform_bound,0.749,0.31509543965028752,0.31472212200099997,0.00037331764928755229
0.001,uniform_bound,0.75,0.31682707706831548,0.31640625,0.00042082706831547689
0.001,uniform_bound,0.751,0.31855871448634343,0.31809712800099998,0.00046158648534344593
0.001,uniform_bound,0.752,0.32029035190437133,0.31979477401599998,0.00049557788837134575
0.001,uniform_bound,0.753,0.32202198932239928,0.32149920608100002,0.00052278324139926058
0.001,uniform_bound,0.754,0.32375362674042724,0.32321044225599999,0.00054318448442725042
0.001,uniform_bound,0.755,0.32548526415845519,0.32492850062500001,0.00055676353345518459
0.001,uniform_bound,0.75600000000000001,0.32721690157648314,0.32665339929600001,0.00056350228048313022
0.001,uniform_bound,0.75700000000000001,0.3289485389945111,0.32838515640100002,0.00056338259351107478
0.001,uniform_bound,0.75800000000000001,0.33068017641253905,0.33012379009600001,0.00055638631653903703
0.001,uniform_bound,0.75900000000000001,0.332411813830567,0.33186931856099999,0.00054249526956701155
0.001,uniform_bound,0.76000000000000001,0.33414345124859496,0.33362175999999999,0.00052169124859496874
0.001,uniform_bound,0.76100000000000001,0.33587508866662286,0.335381132641,0.00049395602562285479
0.001,uniform_bound,0.76200000000000001,0.33760672608465081,0.337147454736,0.00045927134865081376
0.001,uniform_bound,0.76300000000000001,0.33933836350267876,0.33892074456100002,0.00041761894167874347
0.001,uniform_bound,0.76400000000000001,0.34107000092070672,0.34070102041600003,0.00036898050470668409
0.001,uniform_bound,0.76500000000000001,0.34280163833873467,0.34248830062500002,0.00031333771373465158
0.001,uniform_bound,0.76600000000000001,0.34453327575676262,0.34428260353600004,0.00025067222076258222
0.001,uniform_bound,0.76700000000000002,0.34626491317479058,0.34608394752100002,0.00018096565379055463
0.001,uniform_bound,0.76800000000000002,0.34799655059281853,0.34789235097600002,0.0001041996168185122
0.001,uniform_bound,0.76900000000000002,0.34972818801084649,0.34970783232100006,2.0355689846429659e-05
0.001,uniform_bound,0.77000000000000002,0.35159990248292505,0.35153041000000002,6.9492482925037624e-05
0.001,uniform_bound,0.77100000000000002,0.35351364007121888,0.35336010248100003,0.00015353759021885516
0.001,uniform_bound,0.77200000000000002,0.35542737765951271,0.35519692825600002,0.00023044940351268917
0.001,uniform_bound,0.77300000000000002,0.35734111524780648,0.35704090584100001,0.00030020940680647312
0.001,uniform_bound,0.77400000000000002,0.35925485283610031,0.35889205377600003,0.00036279906010028284
0.001,uniform_bound,0.77500000000000002,0.36116859042439414,0.36075039062500003,0.00041819979939411445
0.001,uniform_bound,0.77600000000000002,0.36308232801268792,0.36261593497600003,0.00046639303668788434
0.001,uniform_bound,0.77700000000000002,0.36499606560098175,0.36448870544100004,0.0005073601599817068
0.001,uniform_bound,0.77800000000000002,0.36690980318927557,0.36636872065600007,0.00054108253327550537
0.001,uniform_bound,0.77900000000000003,0.3688235407775694,0.36825599928100006,0.00056754149656934594
0.001,uniform_bound,0.78000000000000003,0.37073727836586318,0.37015056000000007,0.00058671836586310366
0.001,uniform_bound,0.78100000000000003,0.37265101595415701,0.37205242152100004,0.00059859443315696259
0.001,uniform_bound,0.78200000000000003,0.37456475354245078,0.37396160257600003,0.0006031509664507495
0.001,uniform_bound,0.78300000000000003,0.37647849113074461,0.37587812192100006,0.00060036920974454455
0.001,uniform_bound,0.78400000000000003,0.37839222871903844,0.37780199833600003,0.00059023038303840369
0.001,uniform_bound,0.78500000000000003,0.38030596630733227,0.37973325062500007,0.00057271568233219217
0.001,uniform_bound,0.78600000000000003,0.38221970389562604,0.38167189761600007,0.00054780627962597306
0.001,uniform_bound,0.78700000000000003,0.38413344148391987,0.38361795816100008,0.00051548332291978527
0.001,uniform_bound,0.78800000000000003,0.3860471790722137,0.38557145113600005,0.00047572793621364351
0.001,uniform_bound,0.78900000000000003,0.38796091666050747,0.38753239544100004,0.00042852121950742728
0.001,uniform_bound,0.79000000000000004,0.3898746542488013,0.38950081000000009,0.00037384424880121392
0.001,uniform_bound,0.79100000000000004,0.39178839183709513,0.39147671376100007,0.0003116780760950566
0.001,uniform_bound,0.79200000000000004,0.3937021294253889,0.39346012569600008,0.00024200372938881776
0.001,uniform_bound,0.79300000000000004,0.39561586701368273,0.39545106480100006,0.0001648022126826687
0.001,uniform_bound,0.79400000000000004,0.39752960460197656,0.39744955009600008,8.0054505976479007e-05
0.001,uniform_bound,0.79500000000000004,0.39946827042487848,0.39945560062500007,1.266979987840644e-05
0.001,uniform_bound,0.79600000000000004,0.40157644824311545,0.40146923545600011,0.00010721278711534055
0.001,uniform_bound,0.79700000000000004,0.40368462606135247,0.40349047368100011,0.00019415238035236371
0.001,uniform_bound,0.79800000000000004,0.40579280387958944,0.40551933441600008,0.00027346946358935975
0.001,uniform_bound,0.79900000000000004,0.40790098169782646,0.4075558368010001,0.00034514489682635485
0.001,uniform_bound,0.80000000000000004,0.41000915951606343,0.40960000000000008,0.00040915951606335099
0.001,uniform_bound,0.80100000000000005,0.41211733733430039,0.41165184320100007,0.00046549413330032596
0.001,uniform_bound,0.80200000000000005,0.41422551515253742,0.41371138561600007,0.00051412953653734439
0.001,uniform_bound,0.80300000000000005,0.41633369297077438,0.4157786464810001,0.00055504648977428017
0.001,uniform_bound,0.80400000000000005,0.41844187078901141,0.41785364505600009,0.00058822573301131609
0.001,uniform_bound,0.80500000000000005,0.42055004860724837,0.41993640062500009,0.00061364798224827766
0.001,uniform_bound,0.80600000000000005,0.42265822642548534,0.4220269324960001,0.00063129392948524377
0.001,uniform_bound,0.80700000000000005,0.42476640424372236,0.42412526000100009,0.00064114424272226911
0.001,uniform_bound,0.80800000000000005,0.42687458206195933,0.42623140249600011,0.00064317956595921766
0.001,uniform_bound,0.80900000000000005,0.42898275988019635,0.42834537936100009,0.00063738051919626226
0.001,uniform_bound,0.81000000000000005,0.43109093769843332,0.4304672100000001,0.00062372769843321851
0.001,uniform_bound,0.81100000000000005,0.43319911551667034,0.43259691384100013,0.00060220167567021088
0.001,uniform_bound,0.81200000000000006,0.43530729333490731,0.43473451033600014,0.0005727829989071731
0.001,uniform_bound,0.81299999999999994,0.43741547115314405,0.43688001896099987,0.00053545219214418127
0.001,uniform_bound,0.81399999999999995,0.43952364897138108,0.4390334592159999,0.00049018975538117626
0.001,uniform_bound,0.81499999999999995,0.44163182678961804,0.44119485062499986,0.00043697616461818578
0.001,uniform_bound,0.81599999999999995,0.44374000460785501,0.44336421273599991,0.00037579187185510232
0.001,uniform_bound,0.81699999999999995,0.44584818242609203,0.44554156512099991,0.00030661730509212726
0.001,uniform_bound,0.81799999999999995,0.447956360244329,0.44772692737599989,0.0002294328683291047
0.001,uniform_bound,0.81899999999999995,0.45006453806256602,0.44992031912099989,0.00014421894156613213
0.001,uniform_bound,0.81999999999999995,0.45217271588080299,0.45212175999999987,5.0955880803116305e-05
0.001,uniform_bound,0.82099999999999995,0.45438182992347798,0.45433126968099991,5.056024247807045e-05
0.001,uniform_bound,0.82199999999999995,0.45669719262345604,0.45654886785599991,0.00014832476745613166
0.001,uniform_bound,0.82299999999999995,0.45901255532343416,0.45877457424099988,0.00023798108243427984
0.001,uniform_bound,0.82399999999999995,0.46132791802341222,0.4610084085759999,0.00031950944741232501
0.001,uniform_bound,0.82499999999999996,0.46364328072339034,0.4632503906249999,0.00039289009839044153
0.001,uniform_bound,0.82599999999999996,0.46595864342336846,0.4655005401759999,0.00045810324736855756
0.001,uniform_bound,0.82699999999999996,0.46827400612334652,0.46775887704099989,0.00051512908234663257
0.001,uniform_bound,0.82799999999999996,0.47058936882332464,0.47002542105599993,0.00056394776732471286
0.001,uniform_bound,0.82899999999999996,0.4729047315233027,0.47230019208099988,0.00060453944230282053
0.001,uniform_bound,0.82999999999999996,0.47522009422328082,0.47458320999999992,0.000636884223280898
0.001,uniform_bound,0.83099999999999996,0.47753545692325888,0.47687449472099991,0.00066096220225897451
0.001,uniform_bound,0.83199999999999996,0.479850819623237,0.47917406617599989,0.00067675344723711062
0.001,uniform_bound,0.83299999999999996,0.48216618232321512,0.48148194432099989,0.00068423800221523168
0.001,uniform_bound,0.83399999999999996,0.48448154502319318,0.48379814913599989,0.00068339588719329436
0.001,uniform_bound,0.83499999999999996,0.4867969077231713,0.4861227006249999,0.00067420709817139768
0.001,uniform_bound,0.83599999999999997,0.48911227042314936,0.48845561881599991,0.00065665160714944992
0.001,uniform_bound,0.83699999999999997,0.49142763312312748,0.49079692376099993,0.00063070936212755724
0.001,uniform_bound,0.83799999999999997,0.49374299582310555,0.49314663553599991,0.00059636028710563505
0.001,uniform_bound,0.83899999999999997,0.49605835852308366,0.49550477424099992,0.00055358428208374111
0.001,uniform_bound,0.83999999999999997,0.49837372122306178,0.49787135999999993,0.00050236122306185349
0.001,uniform_bound,0.84099999999999997,0.5006890839230399,0.50024641296099992,0.00044267096203998157
0.001,uniform_bound,0.84199999999999997,0.50300444662301791,0.50262995329599991,0.00037449332701799953
0.001,uniform_bound,0.84299999999999997,0.50531980932299603,0.50502200120099994,0.00029780812199609041
0.001,uniform_bound,0.84399999999999997,0.50763517202297415,0.5074225768959999,0.00021259512697424654
0.001,uniform_bound,0.84499999999999997,0.50995053472295226,0.50983170062499994,0.00011883409795232502
0.001,uniform_bound,0.84599999999999997,0.51226589742293038,0.51224939265599989,1.6504766930491854e-05
0.001,uniform_bound,0.84699999999999998,0.51476769669077416,0.51467567328099995,9.2023409774211196e-05
0.001,uniform_bound,0.84799999999999998,0.51730339351641186,0.51711056281599999,0.00019283070041187234
0.001,uniform_bound,0.84899999999999998,0.51983909034204956,0.51955408160099992,0.00028500874104964158
0.001,uniform_bound,0.84999999999999998,0.52237478716768715,0.52200624999999989,0.00036853716768725509
0.001,uniform_bound,0.85099999999999998,0.52491048399332485,0.52446708840099998,0.00044339559232486891
0.001,uniform_bound,0.85199999999999998,0.52744618081896244,0.52693661721599994,0.00050956360296250391
0.001,uniform_bound,0.85299999999999998,0.52998187764460014,0.52941485688099998,0.00056702076360015674
0.001,uniform_bound,0.85399999999999998,0.53251757447023784,0.53190182785599993,0.00061574661423791088
0.001,uniform_bound,0.85499999999999998,0.53505327129587543,0.53439755062499994,0.00065572067087549257
0.001,uniform_bound,0.85599999999999998,0.53758896812151313,0.53690204569599997,0.00068692242551315896
0.001,uniform_bound,0.85699999999999998,0.54012466494715072,0.53941533360099991,0.00070933134615080995
0.001,uniform_bound,0.85799999999999998,0.54266036177278842,0.54193743489599999,0.00072292687678843226
0.001,uniform_bound,0.85899999999999999,0.54519605859842613,0.54446837016099991,0.00072768843742621048
0.001,uniform_bound,0.85999999999999999,0.54773175542406372,0.54700815999999997,0.00072359542406374988
0.001,uniform_bound,0.86099999999999999,0.55026745224970142,0.54955682504100001,0.00071062720870140872
0.001,uniform_bound,0.86199999999999999,0.55280314907533901,0.55211438593599993,0.00068876313933907696
0.001,uniform_bound,0.86299999999999999,0.55533884590097671,0.55468086336099998,0.0006579825399767314
0.001,uniform_bound,0.86399999999999999,0.55787454272661441,0.55725627801599997,0.00061826471061443566
0.001,uniform_bound,0.86499999999999999,0.560410239552252,0.55984065062499999,0.00056958892725200716
0.001,uniform_bound,0.86599999999999999,0.5629459363778897,0.56243400193600002,0.00051193444188968318
0.001,uniform_bound,0.86699999999999999,0.56548163320352729,0.56503635272099995,0.00044528048252734376
0.001,uniform_bound,0.86799999999999999,0.56801733002916499,0.56764772377600003,0.00036960625316495577
0.001,uniform_bound,0.86899999999999999,0.57055302685480269,0.57026813592100001,0.00028489093380268393
0.001,uniform_bound,0.87,0.57308872368044028,0.57289760999999995,0.00019111368044033572
0.001,uniform_bound,0.871,0.57562442050607798,0.57553616688099996,8.8253625078027476e-05
0.001,uniform_bound,0.872,0.57820809434949993,0.57818382745599994,2.4266893499991227e-05
0.001,uniform_bound,0.873,0.58097767913683618,0.58084061264099995,0.00013706649583622443
0.001,uniform_bound,0.874,0.58374726392417242,0.58350654337599994,0.00024072054817247945
0.001,uniform_bound,0.875,0.58651684871150878,0.586181640625,0.00033520808650877587
0.001,uniform_bound,0.876,0.58928643349884502,0.58886592537600002,0.00042050812284499806
0.001,uniform_bound,0.877,0.59205601828618126,0.59155941864100003,0.00049659964518122823
0.001,uniform_bound,0.878,0.59482560307351751,0.59426214145599998,0.00056346161751752444
0.001,uniform_bound,0.879,0.59759518786085375,0.59697411488100005,0.00062107297985369847
0.001,uniform_bound,0.88,0.6003647726481901,0.59969536000000001,0.00066941264819009305
0.001,uniform_bound,0.88100000000000001,0.60313435743552635,0.60242589792099999,0.00070845951452636058
0.001,uniform_bound,0.88200000000000001,0.60590394222286259,0.60516574977600002,0.00073819244686257335
0.001,uniform_bound,0.88300000000000001,0.60867352701019883,0.60791493672100005,0.00075859028919877947
0.001,uniform_bound,0.88400000000000001,0.61144311179753508,0.61067347993600007,0.00076963186153500285
0.001,uniform_bound,0.88500000000000001,0.61421269658487143,0.61344140062500008,0.00077129595987135424
0.001,uniform_bound,0.88600000000000001,0.61698228137220767,0.61621872001599998,0.00076356135620769816
0.001,uniform_bound,0.88700000000000001,0.61975186615954392,0.61900545936100004,0.00074640679854387493
0.001,uniform_bound,0.88800000000000001,0.62252145094688016,0.62180163993600002,0.00071981101088014476
0.001,uniform_bound,0.88900000000000001,0.6252910357342164,0.62460728304099999,0.00068375269321641063
0.001,uniform_bound,0.89000000000000001,0.62806062052155276,0.62742240999999999,0.00063821052155277336
0.001,uniform_bound,0.89100000000000001,0.630830205308889,0.63024704216100003,0.0005831631478889765
0.001,uniform_bound,0.89200000000000002,0.63359979009622525,0.63308120089600006,0.00051858920022518351
0.001,uniform_bound,0.89300000000000002,0.63636937488356149,0.63592490760100007,0.00044446728256142265
0.001,uniform_bound,0.89400000000000002,0.63913895967089773,0.63877818369600003,0.00036077597489769797
0.001,uniform_bound,0.89500000000000002,0.64190854445823398,0.6416410506250001,0.00026749383323387832
0.001,uniform_bound,0.89600000000000002,0.64467812924557033,0.64451352985600008,0.00016459938957025244
0.001,uniform_bound,0.89700000000000002,0.64744771403290657,0.64739564288100004,5.2071151906529778e-05
0.001,uniform_bound,0.89800000000000002,0.6503571096042654,0.65028741121600009,6.9698388265315714e-05
0.001,uniform_bound,0.89900000000000002,0.65337454078145984,0.65318885640100011,0.00018568438045973856
0.001,uniform_bound,0.90000000000000002,0.6563919719586544,0.65610000000000002,0.00029197195865438008
0.001,uniform_bound,0.90100000000000002,0.65940940313584884,0.6590208636010001,0.00038853953484874193
0.001,uniform_bound,0.90200000000000002,0.66242683431304328,0.66195146881600009,0.00047536549704318976
0.001,uniform_bound,0.90300000000000002,0.66544426549023783,0.6648918372810001,0.00055242820923773195
0.001,uniform_bound,0.90400000000000003,0.66846169666743227,0.66784199065600003,0.00061970601143224169
0.001,uniform_bound,0.90500000000000003,0.67147912784462671,0.67080195062500003,0.00067717721962667898
0.001,uniform_bound,0.90600000000000003,0.67449655902182126,0.67377173889600006,0.0007248201258212017
0.001,uniform_bound,0.90700000000000003,0.6775139901990157,0.67675137720100009,0.00076261299801561044
0.001,uniform_bound,0.90800000000000003,0.68053142137621014,0.67974088729600013,0.0007905340802100147
0.001,uniform_bound,0.90900000000000003,0.6835488525534047,0.68274029096100008,0.00080856159240461078
0.001,uniform_bound,0.91000000000000003,0.68656628373059914,0.68574961000000012,0.00081667373059901571
0.001,uniform_bound,0.91100000000000003,0.68958371490779358,0.68876886624100009,0.00081484866679348844
0.001,uniform_bound,0.91200000000000003,0.69260114608498813,0.69179808153600009,0.00080306454898804169
0.001,uniform_bound,0.91300000000000003,0.69561857726218257,0.69483727776100013,0.00078129950118244196
0.001,uniform_bound,0.91400000000000003,0.69863600843937701,0.69788647681600013,0.00074953162337687562
0.001,uniform_bound,0.91500000000000004,0.70165343961657156,0.70094570062500006,0.00070773899157150488
0.001,uniform_bound,0.91600000000000004,0.704670870793766,0.70401497113600009,0.00065589965776591264
0.001,uniform_bound,0.91700000000000004,0.70768830197096044,0.70709431032100012,0.00059399164996032372
0.001,uniform_bound,0.91800000000000004,0.71070573314815499,0.71018374017600017,0.00052199297215482776
0.001,uniform_bound,0.91900000000000004,0.71372316432534944,0.71328328272100017,0.00043988160434926815
0.001,uniform_bound,0.92000000000000004,0.71674059550254388,0.71639296000000008,0.00034763550254379716
0.001,uniform_bound,0.92100000000000004,0.71975802667973832,0.71951279408100011,0.00024523259873820979
0.001,uniform_bound,0.92200000000000004,0.72277545785693287,0.72264280705600015,0.00013265080093272097
0.001,uniform_bound,0.92300000000000004,0.72579288903412731,0.72578302104100012,9.8679931271883348e-06
0.001,uniform_bound,0.92400000000000004,0.72905235966683424,0.72893345817600008,0.00011890149083415569
0.001,uniform_bound,0.92500000000000004,0.73233200025416711,0.73209414062500011,0.00023785962916700321
0.001,uniform_bound,0.92600000000000005,0.73561164084149999,0.73526509057600009,0.00034655026549990087
0.001,uniform_bound,0.92700000000000005,0.73889128142883287,0.73844633024100015,0.00044495118783272058
0.001,uniform_bound,0.92800000000000005,0.74217092201616586,0.7416378818560001,0.00053304016016575417
0.001,uniform_bound,0.92900000000000005,0.74545056260349873,0.74483976768100013,0.00061079492249860312
0.001,uniform_bound,0.93000000000000005,0.74873020319083161,0.74805201000000021,0.00067819319083139984
0.001,uniform_bound,0.93100000000000005,0.75200984377816449,0.75127463112100012,0.00073521265716436357
0.001,uniform_bound,0.93200000000000005,0.75528948436549748,0.75450765337600012,0.0007818309894973563
0.001,uniform_bound,0.93300000000000005,0.75856912495283035,0.75775109912100014,0.00081802583183021582
0.001,uniform_bound,0.93400000000000005,0.76184876554016323,0.76100499073600014,0.00084377480416308881
0.001,uniform_bound,0.93500000000000005,0.76512840612749622,0.76426935062500012,0.00085905550249609774
0.001,uniform_bound,0.93600000000000005,0.7684080467148291,0.7675442012160002,0.00086384549882889683
0.001,uniform_bound,0.93700000000000006,0.77168768730216197,0.77082956496100019,0.00085812234116178221
0.001,uniform_bound,0.93799999999999994,0.77496732788949452,0.77412546433599982,0.00084186355349469277
0.001,uniform_bound,0.93899999999999995,0.77824696847682739,0.77743192184099985,0.00081504663582754322
0.001,uniform_bound,0.93999999999999995,0.78152660906416038,0.78074895999999983,0.00077764906416055712
0.001,uniform_bound,0.94099999999999995,0.78480624965149326,0.78407660136099988,0.00072964829049337876
0.001,uniform_bound,0.94199999999999995,0.78808589023882614,0.78741486849599984,0.00067102174282629434
0.001,uniform_bound,0.94299999999999995,0.79136553082615901,0.79076378400099978,0.00060174682515923283
0.001,uniform_bound,0.94399999999999995,0.794645171413492,0.79412337049599979,0.00052180091749221003
0.001,uniform_bound,0.94499999999999995,0.79792481200082488,0.79749365062499988,0.00043116137582499547
0.001,uniform_bound,0.94599999999999995,0.80120445258815776,0.80087464705599987,0.00032980553215788966
0.001,uniform_bound,0.94699999999999995,0.80448409317549063,0.8042663824809998,0.0002177106944908358
0.001,uniform_bound,0.94799999999999995,0.80776373376282362,0.80766887961599987,9.4854146823752927e-05
0.001,uniform_bound,0.94899999999999995,0.81112149607446238,0.81108216120099985,3.933487346252651e-05
0.001,uniform_bound,0.94999999999999996,0.8146781136843344,0.81450624999999988,0.00017186368433452781
0.001,uniform_bound,0.95099999999999996,0.81823473129420654,0.81794116880099987,0.00029356249320666716
0.001,uniform_bound,0.95199999999999996,0.82179134890407857,0.8213869404159998,0.00040440848807876684
0.001,uniform_bound,0.95299999999999996,0.82534796651395059,0.82484358768099986,0.00050437883295073593
0.001,uniform_bound,0.95399999999999996,0.82890458412382262,0.82831113345599983,0.00059345066782279243
0.001,uniform_bound,0.95499999999999996,0.83246120173369464,0.83178960062499985,0.00067160110869479706
0.001,uniform_bound,0.95599999999999996,0.83601781934356667,0.83527901209599986,0.00073880724756680838
0.001,uniform_bound,0.95699999999999996,0.83957443695343881,0.83877939080099984,0.00079504615243897181
0.001,uniform_bound,0.95799999999999996,0.84313105456331083,0.84229075969599987,0.00084029486731096448
0.001,uniform_bound,0.95899999999999996,0.84668767217318286,0.84581314176099986,0.00087453041218299443
0.001,uniform_bound,0.95999999999999996,0.85024428978305489,0.84934655999999986,0.00089772978305502349
0.001,uniform_bound,0.96099999999999997,0.85380090739292691,0.85289103744099992,0.00090986995192698927
0.001,uniform_bound,0.96199999999999997,0.85735752500279894,0.85644659713599991,0.00091092786679902726
0.001,uniform_bound,0.96299999999999997,0.86091414261267107,0.86001326216099994,0.00090088045167113773
0.001,uniform_bound,0.96399999999999997,0.8644707602225431,0.86359105561599991,0.00087970460654318572
0.001,uniform_bound,0.96499999999999997,0.86802737783241513,0.86718000062499989,0.00084737720741523415
0.001,uniform_bound,0.96599999999999997,0.87158399544228715,0.87078012033599994,0.00080387510628721071
0.001,uniform_bound,0.96699999999999997,0.87514061305215918,0.87439143792099994,0.00074917513115924095
0.001,uniform_bound,0.96799999999999997,0.87869723066203131,0.87801397657599989,0.00068325408603142623
0.001,uniform_bound,0.96899999999999997,0.88225384827190334,0.88164775952099994,0.00060608875090339964
0.001,uniform_bound,0.96999999999999997,0.88581046588177537,0.88529280999999993,0.0005176558817754362
0.001,uniform_bound,0.97099999999999997,0.88936708349164739,0.88894915128099994,0.00041793221064745367
0.001,uniform_bound,0.97199999999999998,0.89292370110151942,0.89261680665599996,0.00030689444551945666
0.001,uniform_bound,0.97299999999999998,0.89648031871139144,0.89629579944099991,0.00018451927039153659
0.001,uniform_bound,0.97399999999999998,0.90003693632126347,0.89998615297599993,5.0783345263538671e-05
0.001,uniform_bound,0.97499999999999998,0.90378082907668711,0.90368789062499988,9.2938451687230028e-05
0.001,uniform_bound,0.97599999999999998,0.90762959591361969,0.90740103577599995,0.0002285601376197377
0.001,uniform_bound,0.97699999999999998,0.91147836275055216,0.91112561184099994,0.0003527509095522241
0.001,uniform_bound,0.97799999999999998,0.91532712958748474,0.91486164225599997,0.00046548733148477073
0.001,uniform_bound,0.97899999999999998,0.91917589642441722,0.91860915048099989,0.00056674594341732387
0.001,uniform_bound,0.97999999999999998,0.92302466326134969,0.92236815999999988,0.00065650326134980563
0.001,uniform_bound,0.98099999999999998,0.92687343009828227,0.92613869432099993,0.00073473577728233597
0.001,uniform_bound,0.98199999999999998,0.93072219693521474,0.92992077697599995,0.00080141995921478859
0.001,uniform_bound,0.98299999999999998,0.93457096377214732,0.93371443152099998,0.0008565322511473461
0.001,uniform_bound,0.98399999999999999,0.93841973060907979,0.93751968153599996,0.00090004907307983384
0.001,uniform_bound,0.98499999999999999,0.94226849744601227,0.94133655062499999,0.000931946821012275
0.001,uniform_bound,0.98599999999999999,0.94611726428294485,0.94516506241599996,0.00095220186694489062
0.001,uniform_bound,0.98699999999999999,0.94996603111987732,0.949005240561,0.00096079055887732245
0.001,uniform_bound,0.98799999999999999,0.95381479795680979,0.95285710873599994,0.00095768922080985419
0.001,uniform_bound,0.98899999999999999,0.95766356479374237,0.95672069064099996,0.00094287415274241226
0.001,uniform_bound,0.98999999999999999,0.96151233163067484,0.96059600999999994,0.00091632163067489891
0.001,uniform_bound,0.99099999999999999,0.96536109846760731,0.96448309056100001,0.00087800790660730321
0.001,uniform_bound,0.99199999999999999,0.9692098653045399,0.96838195609599997,0.00082790920853992311
0.001,uniform_bound,0.99299999999999999,0.97305863214147237,0.972292630401,0.00076600174047236624
0.001,uniform_bound,0.99399999999999999,0.97690739897840495,0.97621513729599996,0.00069226168240499319
0.001,uniform_bound,0.995,0.98075616581533742,0.98014950062499995,0.00060666519033747424
0.001,uniform_bound,0.996,0.98460493265226989,0.98409574425599999,0.00050918839626989953
0.001,uniform_bound,0.997,0.98845369948920248,0.98805389208100003,0.00039980740820244609
0.001,uniform_bound,0.998,0.99230246632613495,0.99202396801600001,0.00027849831013493365
0.001,uniform_bound,0.999,0.99615123316306753,0.99600599600100004,0.00014523716206749082
0.001,uniform_bound,1,1,1,0
