case,step,time,mass,boundary_exchange,mass_balance,minimum,maximum,cfl,l1_error,max_error,previous_step_balance
shock_80,0,0.0,4.0,0.0,0.0,0.0,2.0,0.7999999999999999,0.0,0.0,0.0
shock_80,1,0.02,4.04,0.04,3.469446951953614e-17,0.0,2.0,0.7999999999999999,2.1094237467877976e-16,4.218847493575595e-15,0.0
shock_80,2,0.04,4.08,0.08,6.938893903907228e-17,0.0,2.0,0.7999999999999999,0.012799999999999574,0.12799999999999997,0.0
shock_80,3,0.06000000000000001,4.12,0.12,1.1102230246251565e-16,0.0,2.0,0.7999999999999999,0.01613568000000044,0.16135680000000008,6.938893903907228e-18
shock_80,4,0.08,4.16,0.16,1.3877787807814457e-16,0.0,2.0,0.7999999999999999,0.00655674572799969,0.06556530979635199,3.469446951953614e-18
shock_80,5,0.1,4.2,0.2,1.6653345369377348e-16,0.0,2.0,0.7999999999999999,0.03402425854006884,0.3393806759473037,3.469446951953614e-18
shock_80,6,0.12000000000000002,4.24,0.24,2.220446049250313e-16,0.0,2.0,0.7999999999999999,0.009637655086337831,0.09480912738987435,4.445228907190568e-18
shock_80,7,0.14,4.28,0.28,2.220446049250313e-16,0.0,2.0,0.7999999999999999,0.017614160686090397,0.17602723913428184,4.431676380034499e-18
shock_80,8,0.16,4.32,0.32,2.7755575615628914e-16,0.0,2.0,0.7999999999999999,0.019443204690766488,0.18961855077381307,6.938893903907228e-18
shock_80,9,0.18,4.36,0.36,3.3306690738754696e-16,0.0,2.0,0.7999999999999999,0.007548864445779175,0.07548067487852901,1.0408340855860843e-17
shock_80,10,0.2,4.4,0.4,3.3306690738754696e-16,0.0,2.0,0.7999999999999999,0.03513503196387018,0.35020288360341717,4.336808689942018e-18
shock_80,11,0.22000000000000003,4.44,0.44,3.885780586188048e-16,0.0,2.0,0.7999999999999999,0.010242234951604326,0.09997125408217866,6.938893903907228e-18
shock_80,12,0.24000000000000005,4.4799999999999995,0.48,-4.440892098500626e-16,0.0,2.0,0.7999999999999999,0.017941273356602002,0.1792806231021357,4.44089117205834e-18
shock_80,13,0.26,4.5200000000000005,0.52,4.440892098500626e-16,0.0,2.0,0.7999999999999999,0.019703591938542164,0.1916109219684321,4.440891999238953e-18
shock_80,14,0.28,4.5600000000000005,0.56,4.440892098500626e-16,0.0,2.0,0.7999999999999999,0.00762926821795994,0.07628407087907357,4.445228907190568e-18
shock_80,15,0.3,4.6000000000000005,0.6,5.551115123125783e-16,0.0,2.0,0.7999999999999999,0.03523224912808592,0.35115002808635953,4.553649124439119e-18
shock_80,16,0.32,4.64,0.64,-3.3306690738754696e-16,0.0,2.0,0.7999999999999999,0.01030033682067491,0.10044050652321612,5.204170427930421e-18
shock_80,17,0.34,4.68,0.68,-3.3306690738754696e-16,0.0,2.0,0.7999999999999999,0.017971904590261066,0.1795852974568818,6.938893903907228e-18
shock_80,18,0.36,4.720000000000001,0.72,6.661338147750939e-16,0.0,2.0,0.7999999999999999,0.019729490142911615,0.19179845847887522,6.938893903907228e-18
shock_80,19,0.38,4.760000000000001,0.76,6.661338147750939e-16,0.0,2.0,0.7999999999999999,0.0076371815968288605,0.07636314278824324,4.445228907190568e-18
shock_80,20,0.4,4.800000000000001,0.8,6.661338147750939e-16,0.0,2.0,0.7999999999999999,0.03524223957372979,0.35124745664195484,4.445228907190568e-18
shock_160,0,0.0,4.0,0.0,0.0,0.0,2.0,0.7999999999999999,0.0,0.0,0.0
shock_160,1,0.01,4.0200000000000005,0.02,4.614364446098307e-16,0.0,2.0,0.7999999999999999,7.216449660063518e-17,2.886579864025407e-15,0.0
shock_160,2,0.02,4.04,0.04,3.469446951953614e-17,0.0,2.0,0.7999999999999999,0.006400000000000142,0.12800000000000566,0.0
shock_160,3,0.030000000000000006,4.0600000000000005,0.06,4.996003610813204e-16,0.0,2.0,0.7999999999999999,0.008067839999999953,0.16135680000000008,3.469446951953614e-18
shock_160,4,0.04,4.08,0.08,6.938893903907228e-17,0.0,2.0,0.7999999999999999,0.003278372863999756,0.06556530979635199,1.734723475976807e-18
shock_160,5,0.05,4.1000000000000005,0.1,5.273559366969494e-16,0.0,2.0,0.7999999999999999,0.017012129270033975,0.3393806759473037,1.734723475976807e-18
shock_160,6,0.06000000000000001,4.12,0.12,1.1102230246251565e-16,0.0,2.0,0.7999999999999999,0.00481882754316936,0.09480912738987435,2.222614453595284e-18
shock_160,7,0.07,4.14,0.14,-3.3306690738754696e-16,0.0,2.0,0.7999999999999999,0.008807080343044754,0.17602723913428184,2.2158381900172497e-18
shock_160,8,0.08,4.16,0.16,1.3877787807814457e-16,0.0,2.0,0.7999999999999999,0.0097216023453836,0.18961855077381307,3.469446951953614e-18
shock_160,9,0.09,4.18,0.18,-2.7755575615628914e-16,0.0,2.0,0.7999999999999999,0.0037744322228894095,0.07548067487852901,5.204170427930421e-18
shock_160,10,0.1,4.2,0.2,1.6653345369377348e-16,0.0,2.0,0.7999999999999999,0.01756751598193509,0.35020288360341717,2.168404344971009e-18
shock_160,11,0.11000000000000001,4.220000000000001,0.22,6.38378239159465e-16,0.0,2.0,0.7999999999999999,0.005121117475802163,0.09997125408217866,3.469446951953614e-18
shock_160,12,0.12000000000000002,4.24,0.24,2.220446049250313e-16,0.0,2.0,0.7999999999999999,0.008970636678301001,0.1792806231021357,2.22044558602917e-18
shock_160,13,0.13,4.260000000000001,0.26,6.661338147750939e-16,0.0,2.0,0.7999999999999999,0.009851795969270993,0.1916109219684321,2.2204459996194763e-18
shock_160,14,0.14,4.28,0.28,2.220446049250313e-16,0.0,2.0,0.7999999999999999,0.003814634108980236,0.07628407087907357,2.222614453595284e-18
shock_160,15,0.15,4.3,0.3,-1.6653345369377348e-16,0.0,2.0,0.7999999999999999,0.01761612456404307,0.35115002808635287,2.2768245622195593e-18
shock_160,16,0.16,4.32,0.32,2.7755575615628914e-16,0.0,2.0,0.7999999999999999,0.005150168410337367,0.10044050652321612,2.6020852139652106e-18
shock_160,17,0.17,4.34,0.34,-1.6653345369377348e-16,0.0,2.0,0.7999999999999999,0.008985952295130266,0.1795852974568818,3.469446951953614e-18
shock_160,18,0.18,4.36,0.36,3.3306690738754696e-16,0.0,2.0,0.7999999999999999,0.009864745071456162,0.19179845847887522,3.469446951953614e-18
shock_160,19,0.19,4.38,0.38,-1.1102230246251565e-16,0.0,2.0,0.7999999999999999,0.0038185907984142524,0.07636314278824324,2.222614453595284e-18
shock_160,20,0.2,4.4,0.4,3.3306690738754696e-16,0.0,2.0,0.7999999999999999,0.017621119786864894,0.35124745664195484,2.222614453595284e-18
shock_160,21,0.21000000000000002,4.420000000000001,0.42,8.326672684688674e-16,0.0,2.0,0.7999999999999999,0.005153292757815495,0.1004893700154037,3.469446951953614e-18
shock_160,22,0.22000000000000003,4.44,0.44,3.885780586188048e-16,0.0,2.0,0.7999999999999999,0.008987573133344586,0.17961754600384916,2.3852447794681098e-18
shock_160,23,0.23000000000000004,4.46,0.46,-5.551115123125783e-17,0.0,2.0,0.7999999999999999,0.009866161970522695,0.19181828891236274,2.222614453595284e-18
shock_160,24,0.24000000000000005,4.4799999999999995,0.48,-4.440892098500626e-16,0.0,2.0,0.7999999999999999,0.0038190204867987417,0.07637173000136614,2.222614453595284e-18
shock_160,25,0.25,4.5,0.5,0.0,0.0,2.0,0.7999999999999999,0.017621676389552317,0.35125831982775785,2.2204968712271483e-18
shock_160,26,0.26,4.5200000000000005,0.52,4.440892098500626e-16,0.0,2.0,0.7999999999999999,0.00515365051526406,0.10049484698138,3.469446951953614e-18
shock_160,27,0.27,4.54,0.54,0.0,0.0,2.0,0.7999999999999999,0.008987756928928,0.1796212032281143,2.220447240390395e-18
shock_160,28,0.28,4.5600000000000005,0.56,4.440892098500626e-16,0.0,2.0,0.7999999999999999,0.009866326051929483,0.19182053221791717,2.222614453595284e-18
shock_160,29,0.29000000000000004,4.58,0.58,1.1102230246251565e-16,0.0,2.0,0.7999999999999999,0.00381907000573093,0.07637271963750011,2.220446049250315e-18
shock_160,30,0.3,4.6000000000000005,0.6,5.551115123125783e-16,0.0,2.0,0.7999999999999999,0.01762174162157137,0.3512595934933507,2.222614453595284e-18
shock_160,31,0.31,4.62,0.62,1.1102230246251565e-16,0.0,2.0,0.7999999999999999,0.005153693213139177,0.10049549077380338,2.6020852139652106e-18
shock_160,32,0.32,4.64,0.64,-3.3306690738754696e-16,0.0,2.0,0.7999999999999999,0.008987778724504349,0.17962163695444194,2.2204968712271483e-18
shock_160,33,0.33,4.66,0.66,1.1102230246251565e-16,0.0,2.0,0.7999999999999999,0.009866345792545963,0.19182079754277392,2.2204464132097826e-18
shock_160,34,0.34,4.68,0.68,-3.3306690738754696e-16,0.0,2.0,0.7999999999999999,0.0038190759437530027,0.07637283830996433,2.2204968712271483e-18
shock_160,35,0.35,4.7,0.7000000000000001,1.1102230246251565e-16,0.0,2.0,0.7999999999999999,0.017621749536860475,0.3512597480858101,2.220446049250315e-18
shock_160,36,0.36,4.720000000000001,0.72,6.661338147750939e-16,0.0,2.0,0.7999999999999999,0.005153698462098361,0.10049556901738121,2.6020852139652106e-18
shock_160,37,0.37,4.74,0.74,2.220446049250313e-16,0.0,2.0,0.7999999999999999,0.008987781391785509,0.1796216900353252,2.220447240390395e-18
shock_160,38,0.38,4.760000000000001,0.76,6.661338147750939e-16,0.0,2.0,0.7999999999999999,0.009866348233952264,0.19182082993197502,2.2204460513182646e-18
shock_160,39,0.39,4.78,0.78,2.220446049250313e-16,0.0,2.0,0.7999999999999999,0.003819076676386834,0.0763728529518854,2.2204459996194763e-18
shock_160,40,0.4,4.800000000000001,0.8,6.661338147750939e-16,0.0,2.0,0.7999999999999999,0.01762175052206888,0.35125976733192954,2.2204460513182646e-18
shock_320,0,0.0,4.0,0.0,0.0,0.0,2.0,0.7999999999999999,0.0,0.0,0.0
shock_320,1,0.005,4.010000000000001,0.01,6.74807432154978e-16,0.0,2.0,0.7999999999999999,1.4155343563970747e-16,1.1324274851176597e-14,0.0
shock_320,2,0.01,4.0200000000000005,0.02,4.614364446098307e-16,0.0,2.0,0.7999999999999999,0.0031999999999997157,0.12799999999999997,0.0
shock_320,3,0.015000000000000003,4.03,0.03,2.498001805406602e-16,0.0,2.0,0.7999999999999999,0.004033920000000243,0.16135680000000008,1.734723475976807e-18
shock_320,4,0.02,4.04,0.04,3.469446951953614e-17,0.0,2.0,0.7999999999999999,0.001639186431999967,0.06556530979635199,8.673617379884035e-19
shock_320,5,0.025,4.05,0.05,-1.8041124150158794e-16,0.0,2.0,0.7999999999999999,0.00850606463501707,0.33938067594728927,8.673617379884035e-19
shock_320,6,0.030000000000000006,4.0600000000000005,0.06,4.996003610813204e-16,0.0,2.0,0.7999999999999999,0.0024094137715844136,0.09480912738987435,1.111307226797642e-18
shock_320,7,0.035,4.07,0.07,2.7755575615628914e-16,0.0,2.0,0.7999999999999999,0.004403540171522466,0.17602723913428184,1.1079190950086248e-18
shock_320,8,0.04,4.08,0.08,6.938893903907228e-17,0.0,2.0,0.7999999999999999,0.004860801172691888,0.18961855077381307,1.734723475976807e-18
shock_320,9,0.045,4.09,0.09,-1.3877787807814457e-16,0.0,2.0,0.7999999999999999,0.0018872161114444385,0.07548067487852901,2.6020852139652106e-18
shock_320,10,0.05,4.1000000000000005,0.1,5.273559366969494e-16,0.0,2.0,0.7999999999999999,0.008783757990967101,0.35020288360341717,1.0842021724855044e-18
shock_320,11,0.05500000000000001,4.11,0.11,3.191891195797325e-16,0.0,2.0,0.7999999999999999,0.0025605587379013478,0.09997125408217866,1.734723475976807e-18
shock_320,12,0.06000000000000001,4.12,0.12,1.1102230246251565e-16,0.0,2.0,0.7999999999999999,0.004485318339150411,0.1792806231021357,1.110222793014585e-18
shock_320,13,0.065,4.13,0.13,-1.1102230246251565e-16,0.0,2.0,0.7999999999999999,0.004925897984635585,0.1916109219684321,1.1102229998097382e-18
shock_320,14,0.07,4.14,0.14,-3.3306690738754696e-16,0.0,2.0,0.7999999999999999,0.0019073170544898516,0.07628407087907357,1.111307226797642e-18
shock_320,15,0.075,4.15,0.15,3.608224830031759e-16,0.0,2.0,0.7999999999999999,0.008808062282021257,0.35115002808635953,1.1384122811097797e-18
shock_320,16,0.08,4.16,0.16,1.3877787807814457e-16,0.0,2.0,0.7999999999999999,0.002575084205168772,0.10044050652321612,1.3010426069826053e-18
shock_320,17,0.085,4.170000000000001,0.17,8.049116928532385e-16,0.0,2.0,0.7999999999999999,0.004492976147565399,0.1795852974568818,1.734723475976807e-18
shock_320,18,0.09,4.18,0.18,-2.7755575615628914e-16,0.0,2.0,0.7999999999999999,0.004932372535727726,0.19179845847887522,1.734723475976807e-18
shock_320,19,0.095,4.19,0.19,3.885780586188048e-16,0.0,2.0,0.7999999999999999,0.0019092953992073038,0.07636314278824324,1.111307226797642e-18
shock_320,20,0.1,4.2,0.2,1.6653345369377348e-16,0.0,2.0,0.7999999999999999,0.008810559893432447,0.35124745664195484,1.111307226797642e-18
shock_320,21,0.10500000000000001,4.21,0.21,-2.7755575615628914e-17,0.0,2.0,0.7999999999999999,0.002576646378907925,0.1004893700154037,1.734723475976807e-18
shock_320,22,0.11000000000000001,4.220000000000001,0.22,6.38378239159465e-16,0.0,2.0,0.7999999999999999,0.004493786566671937,0.17961754600384916,1.1926223897340549e-18
shock_320,23,0.11500000000000002,4.2299999999999995,0.23,-4.718447854656915e-16,0.0,2.0,0.7999999999999999,0.004933080985261702,0.19181828891236274,1.111307226797642e-18
shock_320,24,0.12000000000000002,4.24,0.24,2.220446049250313e-16,0.0,2.0,0.7999999999999999,0.0019095102433991933,0.07637173000136614,1.111307226797642e-18
shock_320,25,0.125,4.25,0.25,0.0,0.0,2.0,0.7999999999999999,0.008810838194776158,0.35125831982775785,1.1102484356135742e-18
shock_320,26,0.13,4.260000000000001,0.26,6.661338147750939e-16,0.0,2.0,0.7999999999999999,0.0025768252576322077,0.10049484698138,1.734723475976807e-18
shock_320,27,0.135,4.2700000000000005,0.27,4.440892098500626e-16,0.0,2.0,0.7999999999999999,0.004493878464463644,0.1796212032281143,1.1102236201951976e-18
shock_320,28,0.14,4.28,0.28,2.220446049250313e-16,0.0,2.0,0.7999999999999999,0.004933163025965008,0.19182053221791717,1.111307226797642e-18
shock_320,29,0.14500000000000002,4.29,0.29,5.551115123125783e-17,0.0,2.0,0.7999999999999999,0.0019095350028655537,0.07637271963750011,1.1102230246251575e-18
shock_320,30,0.15,4.3,0.3,-1.6653345369377348e-16,0.0,2.0,0.7999999999999999,0.008810870810785796,0.35125959349333735,1.111307226797642e-18
shock_320,31,0.155,4.3100000000000005,0.31,4.996003610813204e-16,0.0,2.0,0.7999999999999999,0.002576846606569322,0.10049549077380338,1.3010426069826053e-18
shock_320,32,0.16,4.32,0.32,2.7755575615628914e-16,0.0,2.0,0.7999999999999999,0.004493889362252263,0.17962163695444194,1.1102484356135742e-18
shock_320,33,0.165,4.33,0.33,5.551115123125783e-17,0.0,2.0,0.7999999999999999,0.00493317289627307,0.19182079754277392,1.1102232066048913e-18
shock_320,34,0.17,4.34,0.34,-1.6653345369377348e-16,0.0,2.0,0.7999999999999999,0.0019095379718762349,0.07637283830996433,1.1102484356135742e-18
shock_320,35,0.175,4.3500000000000005,0.35000000000000003,4.996003610813204e-16,0.0,2.0,0.7999999999999999,0.008810874768429794,0.3512597480858101,1.1102230246251575e-18
shock_320,36,0.18,4.36,0.36,3.3306690738754696e-16,0.0,2.0,0.7999999999999999,0.0025768492310494473,0.10049556901738121,1.3010426069826053e-18
shock_320,37,0.185,4.37,0.37,1.1102230246251565e-16,0.0,2.0,0.7999999999999999,0.004493890695892666,0.1796216900353252,1.1102236201951976e-18
shock_320,38,0.19,4.38,0.38,-1.1102230246251565e-16,0.0,2.0,0.7999999999999999,0.004933174116976132,0.19182082993197502,1.1102230256591323e-18
shock_320,39,0.195,4.39,0.39,-3.3306690738754696e-16,0.0,2.0,0.7999999999999999,0.001909538338193417,0.0763728529518854,1.1102229998097382e-18
shock_320,40,0.2,4.4,0.4,3.3306690738754696e-16,0.0,2.0,0.7999999999999999,0.00881087526103444,0.35125976733192954,1.1102230256591323e-18
shock_320,41,0.20500000000000002,4.41,0.41000000000000003,1.1102230246251565e-16,0.0,2.0,0.7999999999999999,0.0025768495609389923,0.10049557876508364,1.1102285832788729e-18
shock_320,42,0.21000000000000002,4.420000000000001,0.42,8.326672684688674e-16,0.0,2.0,0.7999999999999999,0.004493890862963214,0.17962169668522557,1.111307226797642e-18
shock_320,43,0.215,4.43,0.43,-2.7755575615628914e-16,0.0,2.0,0.7999999999999999,0.0049331742711351085,0.19182083398044592,1.1102230246493903e-18
shock_320,44,0.22000000000000003,4.44,0.44,3.885780586188048e-16,0.0,2.0,0.7999999999999999,0.0019095383843714129,0.07637285479764908,1.3010426069826053e-18
shock_320,45,0.225,4.45,0.45,1.6653345369377348e-16,0.0,2.0,0.7999999999999999,0.00881087532355581,0.3512597697750439,1.1384122811097797e-18
shock_320,46,0.23000000000000004,4.46,0.46,-5.551115123125783e-17,0.0,2.0,0.7999999999999999,0.0025768496031312606,0.10049558000289638,1.110223024625156e-18
shock_320,47,0.23500000000000001,4.470000000000001,0.47000000000000003,6.106226635438361e-16,0.0,2.0,0.7999999999999999,0.0044938908842747744,0.17962169753353616,1.734723475976807e-18
shock_320,48,0.24000000000000005,4.4799999999999995,0.48,-4.440892098500626e-16,0.0,2.0,0.7999999999999999,0.004933174290926243,0.19182083449586207,1.1102232066048913e-18
shock_320,49,0.24500000000000002,4.49,0.49,2.220446049250313e-16,0.0,2.0,0.7999999999999999,0.001909538390291069,0.07637285503427095,1.734723475976807e-18
shock_320,50,0.25,4.5,0.5,0.0,0.0,2.0,0.7999999999999999,0.008810875331614615,0.3512597700899888,1.1384122811097797e-18
shock_320,51,0.255,4.510000000000001,0.51,6.661338147750939e-16,0.0,2.0,0.7999999999999999,0.0025768496086031713,0.10049558016248983,1.1102230246251822e-18
shock_320,52,0.26,4.5200000000000005,0.52,4.440892098500626e-16,0.0,2.0,0.7999999999999999,0.004493890887033205,0.1796216976433289,1.1102484356135742e-18
shock_320,53,0.265,4.53,0.53,2.220446049250313e-16,0.0,2.0,0.7999999999999999,0.00493317429350076,0.19182083456245191,1.734723475976807e-18
shock_320,54,0.27,4.54,0.54,0.0,0.0,2.0,0.7999999999999999,0.0019095383910604877,0.07637285506501862,1.734723475976807e-18
shock_320,55,0.275,4.55,0.55,-2.220446049250313e-16,0.0,2.0,0.7999999999999999,0.008810875332666222,0.3512597701310826,1.1102230256591323e-18
shock_320,56,0.28,4.5600000000000005,0.56,4.440892098500626e-16,0.0,2.0,0.7999999999999999,0.0025768496093207995,0.10049558018332316,1.734723475976807e-18
shock_320,57,0.28500000000000003,4.57,0.5700000000000001,2.220446049250313e-16,0.0,2.0,0.7999999999999999,0.004493890887394652,0.17962169765770786,1.1102230248513387e-18
shock_320,58,0.29000000000000004,4.58,0.58,1.1102230246251565e-16,0.0,2.0,0.7999999999999999,0.004933174293839347,0.19182083457115917,1.1102230246252315e-18
shock_320,59,0.29500000000000004,4.59,0.59,-1.1102230246251565e-16,0.0,2.0,0.7999999999999999,0.0019095383911612647,0.07637285506905889,1.1102484356135742e-18
shock_320,60,0.3,4.6000000000000005,0.6,5.551115123125783e-16,0.0,2.0,0.7999999999999999,0.008810875332804625,0.35125977013652304,1.1384122811097797e-18
shock_320,61,0.30500000000000005,4.61,0.61,3.3306690738754696e-16,0.0,2.0,0.7999999999999999,0.002576849609416207,0.10049558018607163,1.111307226797642e-18
shock_320,62,0.31,4.62,0.62,1.1102230246251565e-16,0.0,2.0,0.7999999999999999,0.004493890887442375,0.17962169765960975,1.1102484356135742e-18
shock_320,63,0.31500000000000006,4.63,0.63,-1.1102230246251565e-16,0.0,2.0,0.7999999999999999,0.004933174293884078,0.1918208345723098,1.1104601938503877e-18
shock_320,64,0.32,4.64,0.64,-3.3306690738754696e-16,0.0,2.0,0.7999999999999999,0.0019095383911747876,0.07637285506959476,1.1102230246251575e-18
shock_320,65,0.325,4.65,0.65,3.3306690738754696e-16,0.0,2.0,0.7999999999999999,0.008810875332823303,0.3512597701372443,1.1102230246251575e-18
shock_320,66,0.33,4.66,0.66,1.1102230246251565e-16,0.0,2.0,0.7999999999999999,0.0025768496094287826,0.10049558018643734,1.3010426069826053e-18
shock_320,67,0.335,4.670000000000001,0.67,7.771561172376096e-16,0.0,2.0,0.7999999999999999,0.004493890887448968,0.1796216976598631,1.734723475976807e-18
shock_320,68,0.34,4.68,0.68,-3.3306690738754696e-16,0.0,2.0,0.7999999999999999,0.00493317429388997,0.19182083457246324,1.1104601938503877e-18
shock_320,69,0.34500000000000003,4.69,0.6900000000000001,3.3306690738754696e-16,0.0,2.0,0.7999999999999999,0.001909538391176803,0.07637285506966622,1.734723475976807e-18
shock_320,70,0.35,4.7,0.7000000000000001,1.1102230246251565e-16,0.0,2.0,0.7999999999999999,0.008810875332825884,0.35125977013734067,1.1102230246251575e-18
shock_320,71,0.35500000000000004,4.71,0.71,0.0,0.0,2.0,0.7999999999999999,0.002576849609430616,0.10049558018648641,1.111307226797642e-18
shock_320,72,0.36,4.720000000000001,0.72,6.661338147750939e-16,0.0,2.0,0.7999999999999999,0.004493890887449227,0.179621697659897,2.6020852139652106e-18
shock_320,73,0.36500000000000005,4.7299999999999995,0.73,-4.440892098500626e-16,0.0,2.0,0.7999999999999999,0.004933174293891266,0.1918208345724839,1.734723475976807e-18
shock_320,74,0.37,4.74,0.74,2.220446049250313e-16,0.0,2.0,0.7999999999999999,0.0019095383911768079,0.07637285506967573,1.1102484356135742e-18
shock_320,75,0.375,4.75,0.75,0.0,0.0,2.0,0.7999999999999999,0.00881087533282644,0.35125977013735327,1.1102230246251575e-18
shock_320,76,0.38,4.760000000000001,0.76,6.661338147750939e-16,0.0,2.0,0.7999999999999999,0.002576849609430727,0.10049558018649307,1.734723475976807e-18
shock_320,77,0.385,4.7700000000000005,0.77,4.440892098500626e-16,0.0,2.0,0.7999999999999999,0.004493890887449562,0.17962169765990135,1.11022302462533e-18
shock_320,78,0.39,4.78,0.78,2.220446049250313e-16,0.0,2.0,0.7999999999999999,0.004933174293891435,0.19182083457248655,1.1384122811097797e-18
shock_320,79,0.395,4.79,0.79,0.0,0.0,2.0,0.7999999999999999,0.0019095383911765268,0.076372855069677,1.1102230246251575e-18
shock_320,80,0.4,4.800000000000001,0.8,6.661338147750939e-16,0.0,2.0,0.7999999999999999,0.008810875332825817,0.35125977013735493,1.111307226797642e-18
shock_640,0,0.0,4.0,0.0,0.0,0.0,2.0,0.7999999999999999,0.0,0.0,0.0
shock_640,1,0.0025,4.005,0.005,-1.0668549377257364e-16,0.0,2.0,0.7999999999999999,7.077671781985374e-17,1.1324274851176597e-14,0.0
shock_640,2,0.005,4.010000000000001,0.01,6.74807432154978e-16,0.0,2.0,0.7999999999999999,0.0015999999999998578,0.12799999999999997,0.0
shock_640,3,0.0075000000000000015,4.015,0.015,-3.191891195797325e-16,0.0,2.0,0.7999999999999999,0.0020169600000002103,0.16135680000000008,8.673617379884035e-19
shock_640,4,0.01,4.0200000000000005,0.02,4.614364446098307e-16,0.0,2.0,0.7999999999999999,0.000819593215999717,0.06556530979635199,4.336808689942018e-19
shock_640,5,0.0125,4.025,0.025,3.5388358909926865e-16,0.0,2.0,0.7999999999999999,0.004253032317508272,0.3393806759473037,4.336808689942018e-19
shock_640,6,0.015000000000000003,4.03,0.03,2.498001805406602e-16,0.0,2.0,0.7999999999999999,0.0012047068857926509,0.09480912738987435,5.55653613398821e-19
shock_640,7,0.0175,4.035,0.035,1.3877787807814457e-16,0.0,2.0,0.7999999999999999,0.002201770085760789,0.17602723913428184,5.539595475043124e-19
shock_640,8,0.02,4.04,0.04,3.469446951953614e-17,0.0,2.0,0.7999999999999999,0.0024304005863462104,0.18961855077381307,8.673617379884035e-19
shock_640,9,0.0225,4.045000000000001,0.045,8.187894806610529e-16,0.0,2.0,0.7999999999999999,0.000943608055722308,0.07548067487852901,1.3010426069826053e-18
shock_640,10,0.025,4.05,0.05,-1.8041124150158794e-16,0.0,2.0,0.7999999999999999,0.004391878995483634,0.3502028836033883,5.421010862427522e-19
shock_640,11,0.027500000000000004,4.055,0.055,-2.8449465006019636e-16,0.0,2.0,0.7999999999999999,0.0012802793689504074,0.09997125408217866,8.673617379884035e-19
shock_640,12,0.030000000000000006,4.0600000000000005,0.06,4.996003610813204e-16,0.0,2.0,0.7999999999999999,0.0022426591695752945,0.1792806231021357,5.551113965072925e-19
shock_640,13,0.0325,4.065,0.065,3.885780586188048e-16,0.0,2.0,0.7999999999999999,0.0024629489923177926,0.1916109219684321,5.551114999048691e-19
shock_640,14,0.035,4.07,0.07,2.7755575615628914e-16,0.0,2.0,0.7999999999999999,0.0009536585272449258,0.07628407087907357,5.55653613398821e-19
shock_640,15,0.0375,4.075,0.075,1.8041124150158794e-16,0.0,2.0,0.7999999999999999,0.004404031141010629,0.35115002808635953,5.692061405548898e-19
shock_640,16,0.04,4.08,0.08,6.938893903907228e-17,0.0,2.0,0.7999999999999999,0.0012875421025845637,0.10044050652321612,6.505213034913027e-19
shock_640,17,0.0425,4.085,0.085,-4.163336342344337e-17,0.0,2.0,0.7999999999999999,0.0022464880737823444,0.1795852974568818,8.673617379884035e-19
shock_640,18,0.045,4.09,0.09,-1.3877787807814457e-16,0.0,2.0,0.7999999999999999,0.002466186267864307,0.19179845847887522,8.673617379884035e-19
shock_640,19,0.0475,4.095000000000001,0.095,6.38378239159465e-16,0.0,2.0,0.7999999999999999,0.0009546476996032078,0.07636314278824324,5.55653613398821e-19
shock_640,20,0.05,4.1000000000000005,0.1,5.273559366969494e-16,0.0,2.0,0.7999999999999999,0.004405279946715779,0.35124745664195484,5.55653613398821e-19
shock_640,21,0.052500000000000005,4.1049999999999995,0.105,-4.579669976578771e-16,0.0,2.0,0.7999999999999999,0.0012883231894540515,0.1004893700154037,8.673617379884035e-19
shock_640,22,0.05500000000000001,4.11,0.11,3.191891195797325e-16,0.0,2.0,0.7999999999999999,0.0022468932833362354,0.17961754600384916,5.963111948670274e-19
shock_640,23,0.05750000000000001,4.115,0.115,2.0816681711721685e-16,0.0,2.0,0.7999999999999999,0.002466540492630496,0.19181828891236274,5.55653613398821e-19
shock_640,24,0.06000000000000001,4.12,0.12,1.1102230246251565e-16,0.0,2.0,0.7999999999999999,0.0009547551216997742,0.07637173000136614,5.55653613398821e-19
shock_640,25,0.0625,4.125,0.125,0.0,0.0,2.0,0.7999999999999999,0.004405419097388079,0.35125831982775785,5.551242178067871e-19
shock_640,26,0.065,4.13,0.13,-1.1102230246251565e-16,0.0,2.0,0.7999999999999999,0.0012884126288161039,0.10049484698138,8.673617379884035e-19
shock_640,27,0.0675,4.135000000000001,0.135,6.661338147750939e-16,0.0,2.0,0.7999999999999999,0.002246939232231822,0.1796212032281143,5.551118100975988e-19
shock_640,28,0.07,4.14,0.14,-3.3306690738754696e-16,0.0,2.0,0.7999999999999999,0.002466581512982593,0.19182053221791717,5.55653613398821e-19
shock_640,29,0.07250000000000001,4.1450000000000005,0.145,4.718447854656915e-16,0.0,2.0,0.7999999999999999,0.0009547675014325105,0.07637271963750011,5.551115123125788e-19
shock_640,30,0.075,4.15,0.15,3.608224830031759e-16,0.0,2.0,0.7999999999999999,0.004405435405392621,0.3512595934933507,5.55653613398821e-19
shock_640,31,0.0775,4.155,0.155,2.498001805406602e-16,0.0,2.0,0.7999999999999999,0.001288423303285105,0.10049549077380338,6.505213034913027e-19
shock_640,32,0.08,4.16,0.16,1.3877787807814457e-16,0.0,2.0,0.7999999999999999,0.0022469446811256874,0.17962163695444194,5.551242178067871e-19
shock_640,33,0.0825,4.165,0.165,2.7755575615628914e-17,0.0,2.0,0.7999999999999999,0.0024665864481368018,0.19182079754277392,5.5511160330244565e-19
shock_640,34,0.085,4.170000000000001,0.17,8.049116928532385e-16,0.0,2.0,0.7999999999999999,0.0009547689859382062,0.07637283830996433,5.551242178067871e-19
shock_640,35,0.0875,4.175,0.17500000000000002,-1.942890293094024e-16,0.0,2.0,0.7999999999999999,0.004405437384215008,0.3512597480857835,5.551115123125788e-19
shock_640,36,0.09,4.18,0.18,-2.7755575615628914e-16,0.0,2.0,0.7999999999999999,0.0012884246155244572,0.10049556901738121,6.505213034913027e-19
shock_640,37,0.0925,4.1850000000000005,0.185,4.996003610813204e-16,0.0,2.0,0.7999999999999999,0.0022469453479464214,0.1796216900353252,5.551118100975988e-19
shock_640,38,0.095,4.19,0.19,3.885780586188048e-16,0.0,2.0,0.7999999999999999,0.002466587058488066,0.19182082993197502,5.551115128295662e-19
shock_640,39,0.0975,4.195,0.195,2.7755575615628914e-16,0.0,2.0,0.7999999999999999,0.0009547691690967085,0.0763728529518854,5.551114999048691e-19
shock_640,40,0.1,4.2,0.2,1.6653345369377348e-16,0.0,2.0,0.7999999999999999,0.00440543763051722,0.35125976733192954,5.551115128295662e-19
shock_640,41,0.10250000000000001,4.205,0.20500000000000002,5.551115123125783e-17,0.0,2.0,0.7999999999999999,0.001288424780469674,0.10049557876508364,5.5511429163943645e-19
shock_640,42,0.10500000000000001,4.21,0.21,-2.7755575615628914e-17,0.0,2.0,0.7999999999999999,0.0022469454314812515,0.17962169668522557,5.55653613398821e-19
shock_640,43,0.1075,4.215,0.215,-1.3877787807814457e-16,0.0,2.0,0.7999999999999999,0.0024665871355679984,0.19182083398044592,5.551115123246952e-19
shock_640,44,0.11000000000000001,4.220000000000001,0.22,6.38378239159465e-16,0.0,2.0,0.7999999999999999,0.0009547691921852623,0.07637285479764908,6.505213034913027e-19
shock_640,45,0.1125,4.2250000000000005,0.225,5.273559366969494e-16,0.0,2.0,0.7999999999999999,0.004405437661777461,0.3512597697750439,5.692061405548898e-19
shock_640,46,0.11500000000000002,4.2299999999999995,0.23,-4.718447854656915e-16,0.0,2.0,0.7999999999999999,0.001288424801565719,0.10049558000289638,5.55111512312578e-19
shock_640,47,0.11750000000000001,4.235,0.23500000000000001,3.0531133177191805e-16,0.0,2.0,0.7999999999999999,0.0022469454421376535,0.17962169753353616,8.673617379884035e-19
shock_640,48,0.12000000000000002,4.24,0.24,2.220446049250313e-16,0.0,2.0,0.7999999999999999,0.0024665871454627665,0.19182083449586207,5.5511160330244565e-19
shock_640,49,0.12250000000000001,4.245,0.245,1.1102230246251565e-16,0.0,2.0,0.7999999999999999,0.000954769195145712,0.07637285503427095,8.673617379884035e-19
shock_640,50,0.125,4.25,0.25,0.0,0.0,2.0,0.7999999999999999,0.004405437665807308,0.3512597700899888,5.692061405548898e-19
shock_640,51,0.1275,4.255,0.255,-1.1102230246251565e-16,0.0,2.0,0.7999999999999999,0.0012884248043015857,0.10049558016248983,5.551115123125911e-19
shock_640,52,0.13,4.260000000000001,0.26,6.661338147750939e-16,0.0,2.0,0.7999999999999999,0.0022469454435166025,0.1796216976433289,5.551242178067871e-19
shock_640,53,0.1325,4.265,0.265,-3.3306690738754696e-16,0.0,2.0,0.7999999999999999,0.002466587146750469,0.19182083456245191,8.673617379884035e-19
shock_640,54,0.135,4.2700000000000005,0.27,4.440892098500626e-16,0.0,2.0,0.7999999999999999,0.0009547691955299775,0.07637285506501862,8.673617379884035e-19
shock_640,55,0.1375,4.275,0.275,3.3306690738754696e-16,0.0,2.0,0.7999999999999999,0.004405437666332889,0.3512597701311004,5.551115128295662e-19
shock_640,56,0.14,4.28,0.28,2.220446049250313e-16,0.0,2.0,0.7999999999999999,0.0012884248046608439,0.10049558018332316,8.673617379884035e-19
shock_640,57,0.14250000000000002,4.285,0.28500000000000003,1.1102230246251565e-16,0.0,2.0,0.7999999999999999,0.002246945443696882,0.17962169765770786,5.551115124256694e-19
shock_640,58,0.14500000000000002,4.29,0.29,5.551115123125783e-17,0.0,2.0,0.7999999999999999,0.00246658714691994,0.19182083457115917,5.551115123126157e-19
shock_640,59,0.14750000000000002,4.295000000000001,0.295,8.326672684688674e-16,0.0,2.0,0.7999999999999999,0.0009547691955807212,0.07637285506905889,5.551242178067871e-19
shock_640,60,0.15,4.3,0.3,-1.6653345369377348e-16,0.0,2.0,0.7999999999999999,0.004405437666402424,0.3512597701364964,5.692061405548898e-19
shock_640,61,0.15250000000000002,4.305,0.305,-2.7755575615628914e-16,0.0,2.0,0.7999999999999999,0.001288424804707837,0.10049558018607163,5.55653613398821e-19
shock_640,62,0.155,4.3100000000000005,0.31,4.996003610813204e-16,0.0,2.0,0.7999999999999999,0.0022469454437212765,0.17962169765960975,5.551242178067871e-19
shock_640,63,0.15750000000000003,4.315,0.315,3.885780586188048e-16,0.0,2.0,0.7999999999999999,0.002466587146942039,0.1918208345723098,5.552300969251939e-19
shock_640,64,0.16,4.32,0.32,2.7755575615628914e-16,0.0,2.0,0.7999999999999999,0.0009547691955873938,0.07637285506959476,5.551115123125788e-19
shock_640,65,0.1625,4.325,0.325,1.6653345369377348e-16,0.0,2.0,0.7999999999999999,0.0044054376664116515,0.3512597701372443,5.551115123125788e-19
shock_640,66,0.165,4.33,0.33,5.551115123125783e-17,0.0,2.0,0.7999999999999999,0.001288424804714569,0.10049558018643734,6.505213034913027e-19
shock_640,67,0.1675,4.335,0.335,-5.551115123125783e-17,0.0,2.0,0.7999999999999999,0.002246945443724129,0.1796216976598631,8.673617379884035e-19
shock_640,68,0.17,4.34,0.34,-1.6653345369377348e-16,0.0,2.0,0.7999999999999999,0.002466587146945429,0.19182083457246324,5.552300969251939e-19
shock_640,69,0.17250000000000001,4.345000000000001,0.34500000000000003,6.106226635438361e-16,0.0,2.0,0.7999999999999999,0.0009547691955879575,0.07637285506966622,8.673617379884035e-19
shock_640,70,0.175,4.3500000000000005,0.35000000000000003,4.996003610813204e-16,0.0,2.0,0.7999999999999999,0.004405437666412498,0.35125977013734067,5.551115123125788e-19
shock_640,71,0.17750000000000002,4.3549999999999995,0.355,-4.440892098500626e-16,0.0,2.0,0.7999999999999999,0.0012884248047153968,0.10049558018648641,5.55653613398821e-19
shock_640,72,0.18,4.36,0.36,3.3306690738754696e-16,0.0,2.0,0.7999999999999999,0.00224694544372488,0.179621697659897,1.3010426069826053e-18
shock_640,73,0.18250000000000002,4.365,0.365,2.220446049250313e-16,0.0,2.0,0.7999999999999999,0.0024665871469452777,0.1918208345724839,8.673617379884035e-19
shock_640,74,0.185,4.37,0.37,1.1102230246251565e-16,0.0,2.0,0.7999999999999999,0.0009547691955885816,0.07637285506967573,5.551242178067871e-19
shock_640,75,0.1875,4.375,0.375,0.0,0.0,2.0,0.7999999999999999,0.00440543766641322,0.35125977013735327,5.551115123125788e-19
shock_640,76,0.19,4.38,0.38,-1.1102230246251565e-16,0.0,2.0,0.7999999999999999,0.0012884248047153634,0.10049558018649307,8.673617379884035e-19
shock_640,77,0.1925,4.385000000000001,0.385,6.661338147750939e-16,0.0,2.0,0.7999999999999999,0.002246945443724781,0.17962169765990135,5.55111512312665e-19
shock_640,78,0.195,4.39,0.39,-3.3306690738754696e-16,0.0,2.0,0.7999999999999999,0.0024665871469457174,0.19182083457248655,5.692061405548898e-19
shock_640,79,0.1975,4.3950000000000005,0.395,4.440892098500626e-16,0.0,2.0,0.7999999999999999,0.0009547691955882634,0.076372855069677,5.551115123125788e-19
shock_640,80,0.2,4.4,0.4,3.3306690738754696e-16,0.0,2.0,0.7999999999999999,0.004405437666412908,0.35125977013735493,5.55653613398821e-19
shock_640,81,0.20249999999999999,4.405,0.405,2.220446049250313e-16,0.0,2.0,0.7999999999999999,0.001288424804715766,0.10049558018649418,8.673617379884035e-19
shock_640,82,0.20500000000000002,4.41,0.41000000000000003,1.1102230246251565e-16,0.0,2.0,0.7999999999999999,0.0022469454437244567,0.17962169765990185,5.55111512312665e-19
shock_640,83,0.20750000000000002,4.415,0.41500000000000004,0.0,0.0,2.0,0.7999999999999999,0.00246658714694588,0.19182083457248722,5.552300969251939e-19
shock_640,84,0.21000000000000002,4.420000000000001,0.42,8.326672684688674e-16,0.0,2.0,0.7999999999999999,0.000954769195588468,0.07637285506967709,5.551115123125788e-19
shock_640,85,0.2125,4.425,0.425,-1.6653345369377348e-16,0.0,2.0,0.7999999999999999,0.004405437666413077,0.35125977013732823,5.55653613398821e-19
shock_640,86,0.215,4.43,0.43,-2.7755575615628914e-16,0.0,2.0,0.7999999999999999,0.00128842480471521,0.1004955801864944,6.505213034913027e-19
shock_640,87,0.21750000000000003,4.4350000000000005,0.435,4.996003610813204e-16,0.0,2.0,0.7999999999999999,0.002246945443725014,0.17962169765990174,5.55111512312665e-19
shock_640,88,0.22000000000000003,4.44,0.44,3.885780586188048e-16,0.0,2.0,0.7999999999999999,0.002466587146945502,0.19182083457248744,8.673617379884035e-19
shock_640,89,0.2225,4.445,0.445,2.7755575615628914e-16,0.0,2.0,0.7999999999999999,0.0009547691955884369,0.076372855069677,5.551115123125788e-19
shock_640,90,0.225,4.45,0.45,1.6653345369377348e-16,0.0,2.0,0.7999999999999999,0.004405437666413076,0.3512597701373546,8.673617379884035e-19
shock_640,91,0.22749999999999998,4.455,0.455,5.551115123125783e-17,0.0,2.0,0.7999999999999999,0.0012884248047155978,0.1004955801864944,6.505213034913027e-19
shock_640,92,0.23000000000000004,4.46,0.46,-5.551115123125783e-17,0.0,2.0,0.7999999999999999,0.00224694544372468,0.17962169765990163,5.55111512312665e-19
shock_640,93,0.2325,4.465,0.465,-1.6653345369377348e-16,0.0,2.0,0.7999999999999999,0.00246658714694589,0.19182083457248744,8.673617379884035e-19
shock_640,94,0.23500000000000001,4.470000000000001,0.47000000000000003,6.106226635438361e-16,0.0,2.0,0.7999999999999999,0.0009547691955881037,0.07637285506967696,5.551115123125788e-19
shock_640,95,0.2375,4.4750000000000005,0.47500000000000003,4.996003610813204e-16,0.0,2.0,0.7999999999999999,0.004405437666412686,0.35125977013735454,8.673617379884035e-19
shock_640,96,0.24000000000000005,4.4799999999999995,0.48,-4.440892098500626e-16,0.0,2.0,0.7999999999999999,0.0012884248047154638,0.1004955801864944,6.505213034913027e-19
shock_640,97,0.24250000000000002,4.485,0.485,3.3306690738754696e-16,0.0,2.0,0.7999999999999999,0.0022469454437250035,0.1796216976599016,5.55111512312665e-19
shock_640,98,0.24500000000000002,4.49,0.49,2.220446049250313e-16,0.0,2.0,0.7999999999999999,0.0024665871469453336,0.19182083457248744,5.552300969251939e-19
shock_640,99,0.2475,4.495,0.495,1.1102230246251565e-16,0.0,2.0,0.7999999999999999,0.0009547691955886043,0.0763728550696769,5.551115123125788e-19
shock_640,100,0.25,4.5,0.5,0.0,0.0,2.0,0.7999999999999999,0.004405437666413242,0.3512597701373544,5.55653613398821e-19
shock_640,101,0.25250000000000006,4.505,0.505,-1.1102230246251565e-16,0.0,2.0,0.7999999999999999,0.001288424804715262,0.1004955801864944,5.551115128295662e-19
shock_640,102,0.255,4.510000000000001,0.51,6.661338147750939e-16,0.0,2.0,0.7999999999999999,0.0022469454437247928,0.17962169765990146,8.673617379884035e-19
shock_640,103,0.2575,4.515,0.515,-3.3306690738754696e-16,0.0,2.0,0.7999999999999999,0.0024665871469457205,0.19182083457248744,8.673617379884035e-19
shock_640,104,0.26,4.5200000000000005,0.52,4.440892098500626e-16,0.0,2.0,0.7999999999999999,0.0009547691955882723,0.07637285506967685,5.551115123125788e-19
shock_640,105,0.2625,4.525,0.525,3.3306690738754696e-16,0.0,2.0,0.7999999999999999,0.004405437666412909,0.3512597701373542,5.55653613398821e-19
shock_640,106,0.265,4.53,0.53,2.220446049250313e-16,0.0,2.0,0.7999999999999999,0.0012884248047157036,0.1004955801864944,5.551115128295662e-19
shock_640,107,0.2675,4.535,0.535,1.1102230246251565e-16,0.0,2.0,0.7999999999999999,0.0022469454437244593,0.17962169765990132,8.673617379884035e-19
shock_640,108,0.27,4.54,0.54,0.0,0.0,2.0,0.7999999999999999,0.0024665871469458744,0.19182083457248744,8.673617379884035e-19
shock_640,109,0.2725,4.545000000000001,0.545,7.771561172376096e-16,0.0,2.0,0.7999999999999999,0.0009547691955884716,0.07637285506967678,5.551115123125788e-19
shock_640,110,0.275,4.55,0.55,-2.220446049250313e-16,0.0,2.0,0.7999999999999999,0.004405437666413019,0.3512597701373186,5.55653613398821e-19
shock_640,111,0.2775,4.555,0.555,-3.3306690738754696e-16,0.0,2.0,0.7999999999999999,0.0012884248047151476,0.1004955801864944,5.551115128295662e-19
shock_640,112,0.28,4.5600000000000005,0.56,4.440892098500626e-16,0.0,2.0,0.7999999999999999,0.0022469454437250153,0.17962169765990127,5.55111512312665e-19
shock_640,113,0.28250000000000003,4.565,0.5650000000000001,3.3306690738754696e-16,0.0,2.0,0.7999999999999999,0.0024665871469454967,0.19182083457248766,5.552300969251939e-19
shock_640,114,0.28500000000000003,4.57,0.5700000000000001,2.220446049250313e-16,0.0,2.0,0.7999999999999999,0.0009547691955884962,0.07637285506967673,5.551115123125788e-19
shock_640,115,0.2875,4.575,0.5750000000000001,1.1102230246251565e-16,0.0,2.0,0.7999999999999999,0.004405437666413019,0.35125977013735393,5.55653613398821e-19
shock_640,116,0.29000000000000004,4.58,0.58,1.1102230246251565e-16,0.0,2.0,0.7999999999999999,0.0012884248047154807,0.10049558018649463,6.505213034913027e-19
shock_640,117,0.29250000000000004,4.585,0.585,0.0,0.0,2.0,0.7999999999999999,0.002246945443724683,0.17962169765990119,8.673617379884035e-19
shock_640,118,0.29500000000000004,4.59,0.59,-1.1102230246251565e-16,0.0,2.0,0.7999999999999999,0.0024665871469458293,0.19182083457248766,5.552300969251939e-19
shock_640,119,0.2975,4.595000000000001,0.595,6.661338147750939e-16,0.0,2.0,0.7999999999999999,0.000954769195588052,0.0763728550696767,8.673617379884035e-19
shock_640,120,0.3,4.6000000000000005,0.6,5.551115123125783e-16,0.0,2.0,0.7999999999999999,0.004405437666412686,0.3512597701373539,5.55653613398821e-19
shock_640,121,0.30250000000000005,4.6049999999999995,0.605,-4.440892098500626e-16,0.0,2.0,0.7999999999999999,0.0012884248047154584,0.10049558018649463,6.505213034913027e-19
shock_640,122,0.30500000000000005,4.61,0.61,3.3306690738754696e-16,0.0,2.0,0.7999999999999999,0.0022469454437250604,0.17962169765990116,8.673617379884035e-19
shock_640,123,0.3075,4.615,0.615,2.220446049250313e-16,0.0,2.0,0.7999999999999999,0.0024665871469453852,0.19182083457248766,5.552300969251939e-19
shock_640,124,0.31,4.62,0.62,1.1102230246251565e-16,0.0,2.0,0.7999999999999999,0.0009547691955886071,0.0763728550696767,8.673617379884035e-19
shock_640,125,0.3125,4.625,0.625,0.0,0.0,2.0,0.7999999999999999,0.004405437666413241,0.3512597701373539,5.55653613398821e-19
shock_640,126,0.31500000000000006,4.63,0.63,-1.1102230246251565e-16,0.0,2.0,0.7999999999999999,0.0012884248047152587,0.10049558018649463,6.505213034913027e-19
shock_640,127,0.3175,4.635000000000001,0.635,6.661338147750939e-16,0.0,2.0,0.7999999999999999,0.002246945443724794,0.17962169765990116,8.673617379884035e-19
shock_640,128,0.32,4.64,0.64,-3.3306690738754696e-16,0.0,2.0,0.7999999999999999,0.0024665871469457183,0.19182083457248766,5.552300969251939e-19
shock_640,129,0.3225,4.6450000000000005,0.645,4.440892098500626e-16,0.0,2.0,0.7999999999999999,0.000954769195588274,0.0763728550696767,8.673617379884035e-19
shock_640,130,0.325,4.65,0.65,3.3306690738754696e-16,0.0,2.0,0.7999999999999999,0.004405437666412908,0.3512597701373539,5.55653613398821e-19
shock_640,131,0.3275,4.655,0.655,2.220446049250313e-16,0.0,2.0,0.7999999999999999,0.0012884248047157027,0.10049558018649463,6.505213034913027e-19
shock_640,132,0.33,4.66,0.66,1.1102230246251565e-16,0.0,2.0,0.7999999999999999,0.002246945443724461,0.17962169765990116,8.673617379884035e-19
shock_640,133,0.3325,4.665,0.665,0.0,0.0,2.0,0.7999999999999999,0.0024665871469458736,0.19182083457248766,5.552300969251939e-19
shock_640,134,0.335,4.670000000000001,0.67,7.771561172376096e-16,0.0,2.0,0.7999999999999999,0.0009547691955884739,0.0763728550696767,8.673617379884035e-19
shock_640,135,0.3375,4.675,0.675,-2.220446049250313e-16,0.0,2.0,0.7999999999999999,0.004405437666413019,0.35125977013731835,5.55653613398821e-19
shock_640,136,0.34,4.68,0.68,-3.3306690738754696e-16,0.0,2.0,0.7999999999999999,0.0012884248047151476,0.10049558018649463,6.505213034913027e-19
shock_640,137,0.3425,4.6850000000000005,0.685,4.440892098500626e-16,0.0,2.0,0.7999999999999999,0.002246945443725016,0.17962169765990116,8.673617379884035e-19
shock_640,138,0.34500000000000003,4.69,0.6900000000000001,3.3306690738754696e-16,0.0,2.0,0.7999999999999999,0.0024665871469454963,0.19182083457248766,5.552300969251939e-19
shock_640,139,0.34750000000000003,4.695,0.6950000000000001,2.220446049250313e-16,0.0,2.0,0.7999999999999999,0.0009547691955884961,0.0763728550696767,8.673617379884035e-19
shock_640,140,0.35,4.7,0.7000000000000001,1.1102230246251565e-16,0.0,2.0,0.7999999999999999,0.004405437666413019,0.3512597701373539,5.55653613398821e-19
shock_640,141,0.35250000000000004,4.705,0.705,1.1102230246251565e-16,0.0,2.0,0.7999999999999999,0.0012884248047154807,0.10049558018649463,6.505213034913027e-19
shock_640,142,0.35500000000000004,4.71,0.71,0.0,0.0,2.0,0.7999999999999999,0.002246945443724683,0.17962169765990116,8.673617379884035e-19
shock_640,143,0.35750000000000004,4.715,0.715,-1.1102230246251565e-16,0.0,2.0,0.7999999999999999,0.0024665871469458293,0.19182083457248766,5.552300969251939e-19
shock_640,144,0.36,4.720000000000001,0.72,6.661338147750939e-16,0.0,2.0,0.7999999999999999,0.000954769195588052,0.0763728550696767,8.673617379884035e-19
shock_640,145,0.3625,4.7250000000000005,0.725,5.551115123125783e-16,0.0,2.0,0.7999999999999999,0.004405437666412686,0.3512597701373539,5.55653613398821e-19
shock_640,146,0.36500000000000005,4.7299999999999995,0.73,-4.440892098500626e-16,0.0,2.0,0.7999999999999999,0.0012884248047154584,0.10049558018649463,6.505213034913027e-19
shock_640,147,0.36750000000000005,4.735,0.735,3.3306690738754696e-16,0.0,2.0,0.7999999999999999,0.0022469454437250604,0.17962169765990116,8.673617379884035e-19
shock_640,148,0.37,4.74,0.74,2.220446049250313e-16,0.0,2.0,0.7999999999999999,0.0024665871469453852,0.19182083457248766,5.552300969251939e-19
shock_640,149,0.3725,4.745,0.745,1.1102230246251565e-16,0.0,2.0,0.7999999999999999,0.0009547691955886071,0.0763728550696767,8.673617379884035e-19
shock_640,150,0.375,4.75,0.75,0.0,0.0,2.0,0.7999999999999999,0.004405437666413241,0.3512597701373539,5.55653613398821e-19
shock_640,151,0.37750000000000006,4.755,0.755,-1.1102230246251565e-16,0.0,2.0,0.7999999999999999,0.0012884248047152587,0.10049558018649463,6.505213034913027e-19
shock_640,152,0.38,4.760000000000001,0.76,6.661338147750939e-16,0.0,2.0,0.7999999999999999,0.002246945443724794,0.17962169765990116,8.673617379884035e-19
shock_640,153,0.3825,4.765,0.765,-3.3306690738754696e-16,0.0,2.0,0.7999999999999999,0.0024665871469457183,0.19182083457248766,5.552300969251939e-19
shock_640,154,0.385,4.7700000000000005,0.77,4.440892098500626e-16,0.0,2.0,0.7999999999999999,0.000954769195588274,0.0763728550696767,8.673617379884035e-19
shock_640,155,0.3875,4.775,0.775,3.3306690738754696e-16,0.0,2.0,0.7999999999999999,0.004405437666412908,0.3512597701373539,5.55653613398821e-19
shock_640,156,0.39,4.78,0.78,2.220446049250313e-16,0.0,2.0,0.7999999999999999,0.0012884248047157027,0.10049558018649463,6.505213034913027e-19
shock_640,157,0.3925,4.785,0.785,1.1102230246251565e-16,0.0,2.0,0.7999999999999999,0.002246945443724461,0.17962169765990116,8.673617379884035e-19
shock_640,158,0.395,4.79,0.79,0.0,0.0,2.0,0.7999999999999999,0.0024665871469460514,0.19182083457248766,5.552300969251939e-19
shock_640,159,0.3975,4.795000000000001,0.795,7.771561172376096e-16,0.0,2.0,0.7999999999999999,0.000954769195587941,0.0763728550696767,8.673617379884035e-19
shock_640,160,0.4,4.800000000000001,0.8,6.661338147750939e-16,0.0,2.0,0.7999999999999999,0.004405437666412575,0.3512597701373539,5.55653613398821e-19
rarefaction_80,0,0.0,0.0,0.0,0.0,-1.0,1.0,0.7999999999999999,0.0,0.0,0.0
rarefaction_80,1,0.04,0.0,0.0,0.0,-1.0,1.0,0.7999999999999999,1.7763568394002506e-16,1.9984014443252818e-15,3.469446951953614e-18
rarefaction_80,2,0.08,0.0,0.0,0.0,-1.0,1.0,0.7999999999999999,0.02870000000000001,0.14350000000000174,1.734723475976807e-18
rarefaction_80,3,0.12000000000000002,0.0,0.0,0.0,-1.0,1.0,0.7999999999999999,0.03289845333333331,0.16449226666666747,3.469446951953614e-18
rarefaction_80,4,0.16,0.0,0.0,0.0,-1.0,1.0,0.7999999999999999,0.04136150579199994,0.16097602879385658,1.734723475976807e-18
rarefaction_80,5,0.2,0.0,0.0,0.0,-1.0,1.0,0.7999999999999999,0.0451779761669408,0.1519730874561283,2.6020852139652106e-18
rarefaction_80,6,0.24000000000000005,0.0,0.0,0.0,-1.0,1.0,0.7999999999999999,0.04982494751796353,0.14212078431946962,2.168404344971009e-18
rarefaction_80,7,0.28,0.0,0.0,0.0,-1.0,1.0,0.7999999999999999,0.053166276886274226,0.13273873329512265,3.469446951953614e-18
rarefaction_80,8,0.32,0.0,0.0,0.0,-1.0,1.0,0.7999999999999999,0.05626348963267547,0.1241815054514066,2.6020852139652106e-18
rarefaction_80,9,0.36,0.0,0.0,0.0,-1.0,1.0,0.7999999999999999,0.0592129101172232,0.11649089214777816,2.6020852139652106e-18
rarefaction_80,10,0.4,0.0,0.0,0.0,-1.0,1.0,0.7999999999999999,0.06148957964455735,0.10960655683475737,2.168404344971009e-18
rarefaction_160,0,0.0,0.0,0.0,0.0,-1.0,1.0,0.7999999999999999,0.0,0.0,0.0
rarefaction_160,1,0.02,0.0,0.0,0.0,-1.0,1.0,0.7999999999999999,7.771561172376097e-17,1.5543122344752192e-15,1.734723475976807e-18
rarefaction_160,2,0.04,0.0,0.0,0.0,-1.0,1.0,0.7999999999999999,0.01435000000000003,0.14350000000000118,8.673617379884035e-19
rarefaction_160,3,0.06000000000000001,0.0,0.0,0.0,-1.0,1.0,0.7999999999999999,0.016449226666666688,0.16449226666666747,1.734723475976807e-18
rarefaction_160,4,0.08,0.0,0.0,0.0,-1.0,1.0,0.7999999999999999,0.020680752896000083,0.16097602879385658,8.673617379884035e-19
rarefaction_160,5,0.1,0.0,0.0,0.0,-1.0,1.0,0.7999999999999999,0.0225889880834705,0.1519730874561283,1.3010426069826053e-18
rarefaction_160,6,0.12000000000000002,0.0,0.0,0.0,-1.0,1.0,0.7999999999999999,0.024912473758981764,0.14212078431946962,1.0842021724855044e-18
rarefaction_160,7,0.14,0.0,0.0,0.0,-1.0,1.0,0.7999999999999999,0.026583138443137103,0.13273873329512265,1.734723475976807e-18
rarefaction_160,8,0.16,0.0,0.0,0.0,-1.0,1.0,0.7999999999999999,0.028131744816337696,0.1241815054514066,1.3010426069826053e-18
rarefaction_160,9,0.18,0.0,0.0,0.0,-1.0,1.0,0.7999999999999999,0.02960645505861156,0.11649089214777816,1.3010426069826053e-18
rarefaction_160,10,0.2,0.0,0.0,0.0,-1.0,1.0,0.7999999999999999,0.030744789822278656,0.10960655683475737,1.0842021724855044e-18
rarefaction_160,11,0.22000000000000003,0.0,0.0,0.0,-1.0,1.0,0.7999999999999999,0.03206253059456516,0.10497164588293784,1.1926223897340549e-18
rarefaction_160,12,0.24000000000000005,0.0,0.0,0.0,-1.0,1.0,0.7999999999999999,0.03295077746662021,0.10287705001758984,1.3010426069826053e-18
rarefaction_160,13,0.26,0.0,0.0,0.0,-1.0,1.0,0.7999999999999999,0.03414145488183242,0.09718981284551176,1.0842021724855044e-18
rarefaction_160,14,0.28,0.0,0.0,0.0,-1.0,1.0,0.7999999999999999,0.034863135729667656,0.08878155720061276,1.1384122811097797e-18
rarefaction_160,15,0.3,0.0,0.0,0.0,-1.0,1.0,0.7999999999999999,0.03594924952490541,0.09030494074995155,1.0842021724855044e-18
rarefaction_160,16,0.32,0.0,0.0,0.0,-1.0,1.0,0.7999999999999999,0.036607835847911045,0.09171552052899201,1.1926223897340549e-18
rarefaction_160,17,0.34,0.0,0.0,0.0,-1.0,1.0,0.7999999999999999,0.03755165717795083,0.09005408806745996,1.1926223897340549e-18
rarefaction_160,18,0.36,0.0,0.0,0.0,-1.0,1.0,0.7999999999999999,0.03819304294390254,0.08587928623287355,1.1926223897340549e-18
rarefaction_160,19,0.38,0.0,0.0,0.0,-1.0,1.0,0.7999999999999999,0.03899252022576877,0.07962515402652326,1.1926223897340549e-18
rarefaction_160,20,0.4,0.0,0.0,0.0,-1.0,1.0,0.7999999999999999,0.039613462061879504,0.08135241874502608,1.1926223897340549e-18
rarefaction_320,0,0.0,0.0,0.0,0.0,-1.0,1.0,0.7999999999999999,0.0,0.0,0.0
rarefaction_320,1,0.01,0.0,0.0,0.0,-1.0,1.0,0.7999999999999999,8.881784197001253e-17,5.551115123125783e-15,8.673617379884035e-19
rarefaction_320,2,0.02,0.0,0.0,0.0,-1.0,1.0,0.7999999999999999,0.007174999999999979,0.14350000000000307,4.336808689942018e-19
rarefaction_320,3,0.030000000000000006,0.0,0.0,0.0,-1.0,1.0,0.7999999999999999,0.008224613333333264,0.16449226666666747,8.673617379884035e-19
rarefaction_320,4,0.04,0.0,0.0,0.0,-1.0,1.0,0.7999999999999999,0.01034037644799995,0.16097602879385658,4.336808689942018e-19
rarefaction_320,5,0.05,0.0,0.0,0.0,-1.0,1.0,0.7999999999999999,0.01129449404173518,0.1519730874561283,6.505213034913027e-19
rarefaction_320,6,0.06000000000000001,0.0,0.0,0.0,-1.0,1.0,0.7999999999999999,0.012456236879490906,0.14212078431946962,5.421010862427522e-19
rarefaction_320,7,0.07,0.0,0.0,0.0,-1.0,1.0,0.7999999999999999,0.013291569221568579,0.13273873329512265,8.673617379884035e-19
rarefaction_320,8,0.08,0.0,0.0,0.0,-1.0,1.0,0.7999999999999999,0.01406587240816889,0.1241815054514066,6.505213034913027e-19
rarefaction_320,9,0.09,0.0,0.0,0.0,-1.0,1.0,0.7999999999999999,0.014803227529305803,0.11649089214777816,6.505213034913027e-19
rarefaction_320,10,0.1,0.0,0.0,0.0,-1.0,1.0,0.7999999999999999,0.015372394911139323,0.10960655683475737,5.421010862427522e-19
rarefaction_320,11,0.11000000000000001,0.0,0.0,0.0,-1.0,1.0,0.7999999999999999,0.016031265297282573,0.1049716458829385,5.963111948670274e-19
rarefaction_320,12,0.12000000000000002,0.0,0.0,0.0,-1.0,1.0,0.7999999999999999,0.016475388733310087,0.10287705001759062,6.505213034913027e-19
rarefaction_320,13,0.13,0.0,0.0,0.0,-1.0,1.0,0.7999999999999999,0.017070727440916197,0.09718981284551187,5.421010862427522e-19
rarefaction_320,14,0.14,0.0,0.0,0.0,-1.0,1.0,0.7999999999999999,0.01743156786483382,0.08878155720061309,5.692061405548898e-19
rarefaction_320,15,0.15,0.0,0.0,0.0,-1.0,1.0,0.7999999999999999,0.0179746247624527,0.09030494074995143,5.421010862427522e-19
rarefaction_320,16,0.16,0.0,0.0,0.0,-1.0,1.0,0.7999999999999999,0.01830391792395551,0.09171552052899157,5.963111948670274e-19
rarefaction_320,17,0.17,0.0,0.0,0.0,-1.0,1.0,0.7999999999999999,0.018775828588975415,0.09005408806746018,5.963111948670274e-19
rarefaction_320,18,0.18,0.0,0.0,0.0,-1.0,1.0,0.7999999999999999,0.019096521471951275,0.08587928623287377,5.963111948670274e-19
rarefaction_320,19,0.19,0.0,0.0,0.0,-1.0,1.0,0.7999999999999999,0.0194962601128844,0.07962515402652326,5.963111948670274e-19
rarefaction_320,20,0.2,0.0,0.0,0.0,-1.0,1.0,0.7999999999999999,0.019806731030939766,0.08135241874502608,5.963111948670274e-19
rarefaction_320,21,0.21000000000000002,0.0,0.0,0.0,-1.0,1.0,0.7999999999999999,0.020151335112715607,0.08234177361896367,7.047314121155779e-19
rarefaction_320,22,0.22000000000000003,0.0,0.0,0.0,-1.0,1.0,0.7999999999999999,0.02045099559810366,0.08105158157603776,5.963111948670274e-19
rarefaction_320,23,0.23000000000000004,0.0,0.0,0.0,-1.0,1.0,0.7999999999999999,0.02075234233029811,0.07780069387313993,7.047314121155779e-19
rarefaction_320,24,0.24000000000000005,0.0,0.0,0.0,-1.0,1.0,0.7999999999999999,0.02104115825708983,0.07285227617157464,5.692061405548898e-19
rarefaction_320,25,0.25,0.0,0.0,0.0,-1.0,1.0,0.7999999999999999,0.0213078163608044,0.07451774260341382,5.692061405548898e-19
rarefaction_320,26,0.26,0.0,0.0,0.0,-1.0,1.0,0.7999999999999999,0.021586049744429063,0.07531802013259259,7.047314121155779e-19
rarefaction_320,27,0.27,0.0,0.0,0.0,-1.0,1.0,0.7999999999999999,0.02182437834265274,0.07429472707412366,5.421010862427522e-19
rarefaction_320,28,0.28,0.0,0.0,0.0,-1.0,1.0,0.7999999999999999,0.022092443981532543,0.0716552585637601,5.963111948670274e-19
rarefaction_320,29,0.29000000000000004,0.0,0.0,0.0,-1.0,1.0,0.7999999999999999,0.022307275710772956,0.06759833090490353,5.963111948670274e-19
rarefaction_320,30,0.3,0.0,0.0,0.0,-1.0,1.0,0.7999999999999999,0.022565660043367457,0.0691210538672431,5.963111948670274e-19
rarefaction_320,31,0.31,0.0,0.0,0.0,-1.0,1.0,0.7999999999999999,0.02276074245550036,0.06981449209587853,6.776263578034403e-19
rarefaction_320,32,0.32,0.0,0.0,0.0,-1.0,1.0,0.7999999999999999,0.023009957223166046,0.06898363087321935,5.963111948670274e-19
rarefaction_320,33,0.33,0.0,0.0,0.0,-1.0,1.0,0.7999999999999999,0.023198165051057096,0.06677462967102732,5.963111948670274e-19
rarefaction_320,34,0.34,0.0,0.0,0.0,-1.0,1.0,0.7999999999999999,0.023428803381119617,0.06341098696927061,5.692061405548898e-19
rarefaction_320,35,0.35,0.0,0.0,0.0,-1.0,1.0,0.7999999999999999,0.023613649003513065,0.06473230436774302,5.55653613398821e-19
rarefaction_320,36,0.36,0.0,0.0,0.0,-1.0,1.0,0.7999999999999999,0.023825062639008,0.0653553443547511,5.692061405548898e-19
rarefaction_320,37,0.37,0.0,0.0,0.0,-1.0,1.0,0.7999999999999999,0.02400636588372028,0.06466678177670449,7.047314121155779e-19
rarefaction_320,38,0.38,0.0,0.0,0.0,-1.0,1.0,0.7999999999999999,0.024201130015487397,0.06277537999879035,5.692061405548898e-19
rarefaction_320,39,0.39,0.0,0.0,0.0,-1.0,1.0,0.7999999999999999,0.024378798062397063,0.059901109864553104,5.692061405548898e-19
rarefaction_320,40,0.4,0.0,0.0,0.0,-1.0,1.0,0.7999999999999999,0.02455903014291523,0.061076937575382906,5.692061405548898e-19
rarefaction_640,0,0.0,0.0,0.0,0.0,-1.0,1.0,0.7999999999999999,0.0,0.0,0.0
rarefaction_640,1,0.005,0.0,0.0,0.0,-1.0,1.0,0.7999999999999999,8.881784197001253e-17,8.659739592076221e-15,4.336808689942018e-19
rarefaction_640,2,0.01,0.0,0.0,0.0,-1.0,1.0,0.7999999999999999,0.00358750000000002,0.14350000000000707,2.168404344971009e-19
rarefaction_640,3,0.015000000000000003,0.0,0.0,0.0,-1.0,1.0,0.7999999999999999,0.004112306666666713,0.1644922666666712,4.336808689942018e-19
rarefaction_640,4,0.02,0.0,0.0,0.0,-1.0,1.0,0.7999999999999999,0.005170188224000031,0.16097602879385936,2.168404344971009e-19
rarefaction_640,5,0.025,0.0,0.0,0.0,-1.0,1.0,0.7999999999999999,0.005647247020867618,0.15197308745613053,3.2526065174565133e-19
rarefaction_640,6,0.030000000000000006,0.0,0.0,0.0,-1.0,1.0,0.7999999999999999,0.006228118439745384,0.1421207843194715,2.710505431213761e-19
rarefaction_640,7,0.035,0.0,0.0,0.0,-1.0,1.0,0.7999999999999999,0.006645784610784225,0.1327387332951242,4.336808689942018e-19
rarefaction_640,8,0.04,0.0,0.0,0.0,-1.0,1.0,0.7999999999999999,0.0070329362040844005,0.12418150545140799,3.2526065174565133e-19
rarefaction_640,9,0.045,0.0,0.0,0.0,-1.0,1.0,0.7999999999999999,0.007401613764652879,0.1164908921477794,3.2526065174565133e-19
rarefaction_640,10,0.05,0.0,0.0,0.0,-1.0,1.0,0.7999999999999999,0.007686197455569682,0.10960655683475848,2.710505431213761e-19
rarefaction_640,11,0.05500000000000001,0.0,0.0,0.0,-1.0,1.0,0.7999999999999999,0.008015632648641304,0.10497164588293917,2.981555974335137e-19
rarefaction_640,12,0.06000000000000001,0.0,0.0,0.0,-1.0,1.0,0.7999999999999999,0.008237694366655056,0.10287705001758907,3.2526065174565133e-19
rarefaction_640,13,0.065,0.0,0.0,0.0,-1.0,1.0,0.7999999999999999,0.008535363720458107,0.09718981284551187,2.710505431213761e-19
rarefaction_640,14,0.07,0.0,0.0,0.0,-1.0,1.0,0.7999999999999999,0.008715783932416904,0.08878155720061309,2.846030702774449e-19
rarefaction_640,15,0.075,0.0,0.0,0.0,-1.0,1.0,0.7999999999999999,0.008987312381226348,0.09030494074995288,2.710505431213761e-19
rarefaction_640,16,0.08,0.0,0.0,0.0,-1.0,1.0,0.7999999999999999,0.009151958961977763,0.09171552052899379,2.981555974335137e-19
rarefaction_640,17,0.085,0.0,0.0,0.0,-1.0,1.0,0.7999999999999999,0.009387914294487694,0.09005408806746074,2.981555974335137e-19
rarefaction_640,18,0.09,0.0,0.0,0.0,-1.0,1.0,0.7999999999999999,0.009548260735975618,0.08587928623287322,2.981555974335137e-19
rarefaction_640,19,0.095,0.0,0.0,0.0,-1.0,1.0,0.7999999999999999,0.009748130056442185,0.07962515402652326,2.981555974335137e-19
rarefaction_640,20,0.1,0.0,0.0,0.0,-1.0,1.0,0.7999999999999999,0.009903365515469865,0.08135241874502608,2.981555974335137e-19
rarefaction_640,21,0.10500000000000001,0.0,0.0,0.0,-1.0,1.0,0.7999999999999999,0.0100756675563578,0.08234177361896433,3.5236570605778894e-19
rarefaction_640,22,0.11000000000000001,0.0,0.0,0.0,-1.0,1.0,0.7999999999999999,0.010225497799051839,0.08105158157603909,2.981555974335137e-19
rarefaction_640,23,0.11500000000000002,0.0,0.0,0.0,-1.0,1.0,0.7999999999999999,0.010376171165149068,0.07780069387314048,3.5236570605778894e-19
rarefaction_640,24,0.12000000000000002,0.0,0.0,0.0,-1.0,1.0,0.7999999999999999,0.010520579128544927,0.07285227617157441,2.846030702774449e-19
rarefaction_640,25,0.125,0.0,0.0,0.0,-1.0,1.0,0.7999999999999999,0.0106539081804022,0.07451774260341293,2.846030702774449e-19
rarefaction_640,26,0.13,0.0,0.0,0.0,-1.0,1.0,0.7999999999999999,0.010793024872214528,0.07531802013259259,3.5236570605778894e-19
rarefaction_640,27,0.135,0.0,0.0,0.0,-1.0,1.0,0.7999999999999999,0.010912189171326353,0.07429472707412399,2.710505431213761e-19
rarefaction_640,28,0.14,0.0,0.0,0.0,-1.0,1.0,0.7999999999999999,0.01104622199076626,0.07165525856376076,2.981555974335137e-19
rarefaction_640,29,0.14500000000000002,0.0,0.0,0.0,-1.0,1.0,0.7999999999999999,0.01115363785538647,0.06759833090490519,2.981555974335137e-19
rarefaction_640,30,0.15,0.0,0.0,0.0,-1.0,1.0,0.7999999999999999,0.011282830021683723,0.06912105386724288,2.981555974335137e-19
rarefaction_640,31,0.155,0.0,0.0,0.0,-1.0,1.0,0.7999999999999999,0.01138037122775018,0.06981449209587776,3.3881317890172014e-19
rarefaction_640,32,0.16,0.0,0.0,0.0,-1.0,1.0,0.7999999999999999,0.011504978611583025,0.06898363087321935,2.981555974335137e-19
rarefaction_640,33,0.165,0.0,0.0,0.0,-1.0,1.0,0.7999999999999999,0.011599082525528548,0.06677462967102743,2.981555974335137e-19
rarefaction_640,34,0.17,0.0,0.0,0.0,-1.0,1.0,0.7999999999999999,0.011714401690559813,0.06341098696927117,2.846030702774449e-19
rarefaction_640,35,0.175,0.0,0.0,0.0,-1.0,1.0,0.7999999999999999,0.011806824501756547,0.06473230436774424,2.778268066994105e-19
rarefaction_640,36,0.18,0.0,0.0,0.0,-1.0,1.0,0.7999999999999999,0.011912531319504004,0.06535534435475132,2.846030702774449e-19
rarefaction_640,37,0.185,0.0,0.0,0.0,-1.0,1.0,0.7999999999999999,0.012003182941860138,0.06466678177670415,3.5236570605778894e-19
rarefaction_640,38,0.19,0.0,0.0,0.0,-1.0,1.0,0.7999999999999999,0.01210056500774369,0.06277537999879035,2.846030702774449e-19
rarefaction_640,39,0.195,0.0,0.0,0.0,-1.0,1.0,0.7999999999999999,0.01218939903119852,0.059901109864553104,2.846030702774449e-19
rarefaction_640,40,0.2,0.0,0.0,0.0,-1.0,1.0,0.7999999999999999,0.012279515071457602,0.061076937575382906,2.846030702774449e-19
rarefaction_640,41,0.20500000000000002,0.0,0.0,0.0,-1.0,1.0,0.7999999999999999,0.012366515979757617,0.061648575753018964,2.846030702774449e-19
rarefaction_640,42,0.21000000000000002,0.0,0.0,0.0,-1.0,1.0,0.7999999999999999,0.012450245526905095,0.06106807634463396,2.846030702774449e-19
rarefaction_640,43,0.215,0.0,0.0,0.0,-1.0,1.0,0.7999999999999999,0.012535419624308722,0.05941963178187337,2.846030702774449e-19
rarefaction_640,44,0.22000000000000003,0.0,0.0,0.0,-1.0,1.0,0.7999999999999999,0.012613500139170567,0.05690848238450752,2.846030702774449e-19
rarefaction_640,45,0.225,0.0,0.0,0.0,-1.0,1.0,0.7999999999999999,0.012696869050232179,0.0579730604086931,2.846030702774449e-19
rarefaction_640,46,0.23000000000000004,0.0,0.0,0.0,-1.0,1.0,0.7999999999999999,0.012769924071623143,0.05850450321861944,2.846030702774449e-19
rarefaction_640,47,0.23500000000000001,0.0,0.0,0.0,-1.0,1.0,0.7999999999999999,0.012851520049158334,0.05800805342264492,2.846030702774449e-19
rarefaction_640,48,0.24000000000000005,0.0,0.0,0.0,-1.0,1.0,0.7999999999999999,0.012920080823795498,0.05655086713364854,2.846030702774449e-19
rarefaction_640,49,0.24500000000000002,0.0,0.0,0.0,-1.0,1.0,0.7999999999999999,0.012999943342106073,0.054319578818882275,2.846030702774449e-19
rarefaction_640,50,0.25,0.0,0.0,0.0,-1.0,1.0,0.7999999999999999,0.013065155036673555,0.055295559631988844,2.846030702774449e-19
rarefaction_640,51,0.255,0.0,0.0,0.0,-1.0,1.0,0.7999999999999999,0.01314263891645679,0.055794079597471624,2.846030702774449e-19
rarefaction_640,52,0.26,0.0,0.0,0.0,-1.0,1.0,0.7999999999999999,0.013207032063407976,0.05536437009800044,2.846030702774449e-19
rarefaction_640,53,0.265,0.0,0.0,0.0,-1.0,1.0,0.7999999999999999,0.013280047435707912,0.05406127706349395,2.846030702774449e-19
rarefaction_640,54,0.27,0.0,0.0,0.0,-1.0,1.0,0.7999999999999999,0.013343592531350132,0.05205219128916472,2.846030702774449e-19
rarefaction_640,55,0.275,0.0,0.0,0.0,-1.0,1.0,0.7999999999999999,0.013412559415069811,0.05295545882048058,2.846030702774449e-19
rarefaction_640,56,0.28,0.0,0.0,0.0,-1.0,1.0,0.7999999999999999,0.0134752373216432,0.05342613509058414,2.846030702774449e-19
rarefaction_640,57,0.28500000000000003,0.0,0.0,0.0,-1.0,1.0,0.7999999999999999,0.01354052267121709,0.05305037415994629,2.846030702774449e-19
rarefaction_640,58,0.29000000000000004,0.0,0.0,0.0,-1.0,1.0,0.7999999999999999,0.013602322432353814,0.05187383061991424,2.846030702774449e-19
rarefaction_640,59,0.29500000000000004,0.0,0.0,0.0,-1.0,1.0,0.7999999999999999,0.013664248424052875,0.05004543186776067,2.846030702774449e-19
rarefaction_640,60,0.3,0.0,0.0,0.0,-1.0,1.0,0.7999999999999999,0.013725165540641172,0.05088763422783915,2.846030702774449e-19
rarefaction_640,61,0.30500000000000005,0.0,0.0,0.0,-1.0,1.0,0.7999999999999999,0.013784016334867092,0.05133421951518957,2.846030702774449e-19
rarefaction_640,62,0.31,0.0,0.0,0.0,-1.0,1.0,0.7999999999999999,0.013844051397929345,0.05100274277460093,2.846030702774449e-19
rarefaction_640,63,0.31500000000000006,0.0,0.0,0.0,-1.0,1.0,0.7999999999999999,0.013900078697372281,0.049931810604871174,2.846030702774449e-19
rarefaction_640,64,0.32,0.0,0.0,0.0,-1.0,1.0,0.7999999999999999,0.013959236299559747,0.04825324283041743,2.846030702774449e-19
rarefaction_640,65,0.325,0.0,0.0,0.0,-1.0,1.0,0.7999999999999999,0.014012663948162144,0.04904322816523554,2.846030702774449e-19
rarefaction_640,66,0.33,0.0,0.0,0.0,-1.0,1.0,0.7999999999999999,0.0140709518139708,0.04946861735895913,2.846030702774449e-19
rarefaction_640,67,0.335,0.0,0.0,0.0,-1.0,1.0,0.7999999999999999,0.014121979625977821,0.0491739799793095,2.846030702774449e-19
rarefaction_640,68,0.34,0.0,0.0,0.0,-1.0,1.0,0.7999999999999999,0.014179407914604328,0.0481923972919307,2.846030702774449e-19
rarefaction_640,69,0.34500000000000003,0.0,0.0,0.0,-1.0,1.0,0.7999999999999999,0.014228546004142055,0.04664011517491562,2.778268066994105e-19
rarefaction_640,70,0.35,0.0,0.0,0.0,-1.0,1.0,0.7999999999999999,0.014284795626368509,0.047384797139303325,2.846030702774449e-19
rarefaction_640,71,0.35500000000000004,0.0,0.0,0.0,-1.0,1.0,0.7999999999999999,0.014333452856426827,0.04779129877759425,2.846030702774449e-19
rarefaction_640,72,0.36,0.0,0.0,0.0,-1.0,1.0,0.7999999999999999,0.014387289274736703,0.04752766692918664,2.846030702774449e-19
rarefaction_640,73,0.36500000000000005,0.0,0.0,0.0,-1.0,1.0,0.7999999999999999,0.01443545494985847,0.04662256960736655,2.846030702774449e-19
rarefaction_640,74,0.37,0.0,0.0,0.0,-1.0,1.0,0.7999999999999999,0.014487048407411454,0.04517820354761992,3.4558944247975454e-19
rarefaction_640,75,0.375,0.0,0.0,0.0,-1.0,1.0,0.7999999999999999,0.014534714972360155,0.04588310996050937,2.846030702774449e-19
rarefaction_640,76,0.38,0.0,0.0,0.0,-1.0,1.0,0.7999999999999999,0.01458421944448851,0.04627261310107034,2.846030702774449e-19
rarefaction_640,77,0.385,0.0,0.0,0.0,-1.0,1.0,0.7999999999999999,0.014631381972442948,0.04603534591956571,2.778268066994105e-19
rarefaction_640,78,0.39,0.0,0.0,0.0,-1.0,1.0,0.7999999999999999,0.014678937102178833,0.0451963946725108,2.812149384884277e-19
rarefaction_640,79,0.395,0.0,0.0,0.0,-1.0,1.0,0.7999999999999999,0.01472559286617346,0.04384533935573187,2.846030702774449e-19
rarefaction_640,80,0.4,0.0,0.0,0.0,-1.0,1.0,0.7999999999999999,0.0147713256266244,0.04451497494783285,2.846030702774449e-19
jump_only_80,0,0.0,0.0,0.0,0.0,-1.0,1.0,0.7999999999999999,0.0,0.0,0.0
jump_only_80,1,0.04,0.0,0.0,0.0,-1.0,1.0,0.7999999999999999,0.03999999999999997,0.40000000000000147,0.0
jump_only_80,2,0.08,0.0,0.0,0.0,-1.0,1.0,0.7999999999999999,0.07999999999999995,0.6875000000000011,0.0
jump_only_80,3,0.12000000000000002,0.0,0.0,0.0,-1.0,1.0,0.7999999999999999,0.12,0.7916666666666674,0.0
jump_only_80,4,0.16,0.0,0.0,0.0,-1.0,1.0,0.7999999999999999,0.16000000000000003,0.8437500000000006,0.0
jump_only_80,5,0.2,0.0,0.0,0.0,-1.0,1.0,0.7999999999999999,0.20000000000000007,0.8750000000000004,0.0
jump_only_80,6,0.24000000000000005,0.0,0.0,0.0,-1.0,1.0,0.7999999999999999,0.24000000000000005,0.8958333333333337,0.0
jump_only_80,7,0.28,0.0,0.0,0.0,-1.0,1.0,0.7999999999999999,0.28,0.910714285714286,0.0
jump_only_80,8,0.32,0.0,0.0,0.0,-1.0,1.0,0.7999999999999999,0.32,0.9218750000000002,0.0
jump_only_80,9,0.36,0.0,0.0,0.0,-1.0,1.0,0.7999999999999999,0.36,0.9305555555555558,0.0
jump_only_80,10,0.4,0.0,0.0,0.0,-1.0,1.0,0.7999999999999999,0.4,0.9375000000000002,0.0
jump_only_160,0,0.0,0.0,0.0,0.0,-1.0,1.0,0.7999999999999999,0.0,0.0,0.0
jump_only_160,1,0.02,0.0,0.0,0.0,-1.0,1.0,0.7999999999999999,0.020000000000000073,0.40000000000000147,0.0
jump_only_160,2,0.04,0.0,0.0,0.0,-1.0,1.0,0.7999999999999999,0.04000000000000009,0.6875000000000011,0.0
jump_only_160,3,0.06000000000000001,0.0,0.0,0.0,-1.0,1.0,0.7999999999999999,0.06000000000000005,0.7916666666666674,0.0
jump_only_160,4,0.08,0.0,0.0,0.0,-1.0,1.0,0.7999999999999999,0.08000000000000002,0.8437500000000006,0.0
jump_only_160,5,0.1,0.0,0.0,0.0,-1.0,1.0,0.7999999999999999,0.1,0.8750000000000004,0.0
jump_only_160,6,0.12000000000000002,0.0,0.0,0.0,-1.0,1.0,0.7999999999999999,0.12000000000000002,0.8958333333333337,0.0
jump_only_160,7,0.14,0.0,0.0,0.0,-1.0,1.0,0.7999999999999999,0.14000000000000004,0.910714285714286,0.0
jump_only_160,8,0.16,0.0,0.0,0.0,-1.0,1.0,0.7999999999999999,0.16000000000000003,0.9218750000000002,0.0
jump_only_160,9,0.18,0.0,0.0,0.0,-1.0,1.0,0.7999999999999999,0.18000000000000005,0.9305555555555558,0.0
jump_only_160,10,0.2,0.0,0.0,0.0,-1.0,1.0,0.7999999999999999,0.2,0.9375000000000002,0.0
jump_only_160,11,0.22000000000000003,0.0,0.0,0.0,-1.0,1.0,0.7999999999999999,0.22000000000000003,0.9431818181818183,0.0
jump_only_160,12,0.24000000000000005,0.0,0.0,0.0,-1.0,1.0,0.7999999999999999,0.24000000000000005,0.9479166666666669,0.0
jump_only_160,13,0.26,0.0,0.0,0.0,-1.0,1.0,0.7999999999999999,0.26,0.9519230769230771,0.0
jump_only_160,14,0.28,0.0,0.0,0.0,-1.0,1.0,0.7999999999999999,0.28,0.955357142857143,0.0
jump_only_160,15,0.3,0.0,0.0,0.0,-1.0,1.0,0.7999999999999999,0.30000000000000004,0.9583333333333335,0.0
jump_only_160,16,0.32,0.0,0.0,0.0,-1.0,1.0,0.7999999999999999,0.32000000000000006,0.9609375000000001,0.0
jump_only_160,17,0.34,0.0,0.0,0.0,-1.0,1.0,0.7999999999999999,0.34,0.9632352941176472,0.0
jump_only_160,18,0.36,0.0,0.0,0.0,-1.0,1.0,0.7999999999999999,0.36000000000000004,0.9652777777777779,0.0
jump_only_160,19,0.38,0.0,0.0,0.0,-1.0,1.0,0.7999999999999999,0.38000000000000006,0.9671052631578948,0.0
jump_only_160,20,0.4,0.0,0.0,0.0,-1.0,1.0,0.7999999999999999,0.4,0.9687500000000001,0.0
jump_only_320,0,0.0,0.0,0.0,0.0,-1.0,1.0,0.7999999999999999,0.0,0.0,0.0
jump_only_320,1,0.01,0.0,0.0,0.0,-1.0,1.0,0.7999999999999999,0.009999999999999948,0.40000000000000147,0.0
jump_only_320,2,0.02,0.0,0.0,0.0,-1.0,1.0,0.7999999999999999,0.01999999999999994,0.6875000000000011,0.0
jump_only_320,3,0.030000000000000006,0.0,0.0,0.0,-1.0,1.0,0.7999999999999999,0.030000000000000016,0.7916666666666674,0.0
jump_only_320,4,0.04,0.0,0.0,0.0,-1.0,1.0,0.7999999999999999,0.04000000000000003,0.8437500000000006,0.0
jump_only_320,5,0.05,0.0,0.0,0.0,-1.0,1.0,0.7999999999999999,0.05000000000000002,0.8750000000000004,0.0
jump_only_320,6,0.06000000000000001,0.0,0.0,0.0,-1.0,1.0,0.7999999999999999,0.06000000000000001,0.8958333333333337,0.0
jump_only_320,7,0.07,0.0,0.0,0.0,-1.0,1.0,0.7999999999999999,0.07,0.910714285714286,0.0
jump_only_320,8,0.08,0.0,0.0,0.0,-1.0,1.0,0.7999999999999999,0.07999999999999999,0.9218750000000002,0.0
jump_only_320,9,0.09,0.0,0.0,0.0,-1.0,1.0,0.7999999999999999,0.09000000000000001,0.9305555555555558,0.0
jump_only_320,10,0.1,0.0,0.0,0.0,-1.0,1.0,0.7999999999999999,0.10000000000000003,0.9375000000000002,0.0
jump_only_320,11,0.11000000000000001,0.0,0.0,0.0,-1.0,1.0,0.7999999999999999,0.11000000000000004,0.9431818181818183,0.0
jump_only_320,12,0.12000000000000002,0.0,0.0,0.0,-1.0,1.0,0.7999999999999999,0.12000000000000002,0.9479166666666669,0.0
jump_only_320,13,0.13,0.0,0.0,0.0,-1.0,1.0,0.7999999999999999,0.13,0.9519230769230771,0.0
jump_only_320,14,0.14,0.0,0.0,0.0,-1.0,1.0,0.7999999999999999,0.14,0.955357142857143,0.0
jump_only_320,15,0.15,0.0,0.0,0.0,-1.0,1.0,0.7999999999999999,0.15,0.9583333333333335,0.0
jump_only_320,16,0.16,0.0,0.0,0.0,-1.0,1.0,0.7999999999999999,0.16000000000000003,0.9609375000000001,0.0
jump_only_320,17,0.17,0.0,0.0,0.0,-1.0,1.0,0.7999999999999999,0.17000000000000004,0.9632352941176472,0.0
jump_only_320,18,0.18,0.0,0.0,0.0,-1.0,1.0,0.7999999999999999,0.18000000000000002,0.9652777777777779,0.0
jump_only_320,19,0.19,0.0,0.0,0.0,-1.0,1.0,0.7999999999999999,0.19,0.9671052631578948,0.0
jump_only_320,20,0.2,0.0,0.0,0.0,-1.0,1.0,0.7999999999999999,0.2,0.9687500000000001,0.0
jump_only_320,21,0.21000000000000002,0.0,0.0,0.0,-1.0,1.0,0.7999999999999999,0.21000000000000002,0.9702380952380953,0.0
jump_only_320,22,0.22000000000000003,0.0,0.0,0.0,-1.0,1.0,0.7999999999999999,0.22000000000000003,0.9715909090909092,0.0
jump_only_320,23,0.23000000000000004,0.0,0.0,0.0,-1.0,1.0,0.7999999999999999,0.23000000000000004,0.9728260869565218,0.0
jump_only_320,24,0.24000000000000005,0.0,0.0,0.0,-1.0,1.0,0.7999999999999999,0.24000000000000005,0.9739583333333335,0.0
jump_only_320,25,0.25,0.0,0.0,0.0,-1.0,1.0,0.7999999999999999,0.25,0.9750000000000001,0.0
jump_only_320,26,0.26,0.0,0.0,0.0,-1.0,1.0,0.7999999999999999,0.26,0.9759615384615385,0.0
jump_only_320,27,0.27,0.0,0.0,0.0,-1.0,1.0,0.7999999999999999,0.27,0.976851851851852,0.0
jump_only_320,28,0.28,0.0,0.0,0.0,-1.0,1.0,0.7999999999999999,0.28,0.9776785714285715,0.0
jump_only_320,29,0.29000000000000004,0.0,0.0,0.0,-1.0,1.0,0.7999999999999999,0.29000000000000004,0.9784482758620691,0.0
jump_only_320,30,0.3,0.0,0.0,0.0,-1.0,1.0,0.7999999999999999,0.3,0.9791666666666667,0.0
jump_only_320,31,0.31,0.0,0.0,0.0,-1.0,1.0,0.7999999999999999,0.31000000000000005,0.9798387096774195,0.0
jump_only_320,32,0.32,0.0,0.0,0.0,-1.0,1.0,0.7999999999999999,0.32,0.9804687500000001,0.0
jump_only_320,33,0.33,0.0,0.0,0.0,-1.0,1.0,0.7999999999999999,0.33000000000000007,0.9810606060606061,0.0
jump_only_320,34,0.34,0.0,0.0,0.0,-1.0,1.0,0.7999999999999999,0.3400000000000001,0.9816176470588236,0.0
jump_only_320,35,0.35,0.0,0.0,0.0,-1.0,1.0,0.7999999999999999,0.35000000000000003,0.9821428571428572,0.0
jump_only_320,36,0.36,0.0,0.0,0.0,-1.0,1.0,0.7999999999999999,0.36000000000000004,0.982638888888889,0.0
jump_only_320,37,0.37,0.0,0.0,0.0,-1.0,1.0,0.7999999999999999,0.37,0.9831081081081081,0.0
jump_only_320,38,0.38,0.0,0.0,0.0,-1.0,1.0,0.7999999999999999,0.38,0.9835526315789475,0.0
jump_only_320,39,0.39,0.0,0.0,0.0,-1.0,1.0,0.7999999999999999,0.39,0.983974358974359,0.0
jump_only_320,40,0.4,0.0,0.0,0.0,-1.0,1.0,0.7999999999999999,0.4,0.9843750000000001,0.0
jump_only_640,0,0.0,0.0,0.0,0.0,-1.0,1.0,0.7999999999999999,0.0,0.0,0.0
jump_only_640,1,0.005,0.0,0.0,0.0,-1.0,1.0,0.7999999999999999,0.005000000000000018,0.40000000000000857,0.0
jump_only_640,2,0.01,0.0,0.0,0.0,-1.0,1.0,0.7999999999999999,0.010000000000000009,0.6875000000000067,0.0
jump_only_640,3,0.015000000000000003,0.0,0.0,0.0,-1.0,1.0,0.7999999999999999,0.014999999999999975,0.7916666666666712,0.0
jump_only_640,4,0.02,0.0,0.0,0.0,-1.0,1.0,0.7999999999999999,0.01999999999999996,0.8437500000000033,0.0
jump_only_640,5,0.025,0.0,0.0,0.0,-1.0,1.0,0.7999999999999999,0.02499999999999998,0.8750000000000027,0.0
jump_only_640,6,0.030000000000000006,0.0,0.0,0.0,-1.0,1.0,0.7999999999999999,0.030000000000000006,0.8958333333333356,0.0
jump_only_640,7,0.035,0.0,0.0,0.0,-1.0,1.0,0.7999999999999999,0.03500000000000001,0.9107142857142876,0.0
jump_only_640,8,0.04,0.0,0.0,0.0,-1.0,1.0,0.7999999999999999,0.04000000000000001,0.9218750000000017,0.0
jump_only_640,9,0.045,0.0,0.0,0.0,-1.0,1.0,0.7999999999999999,0.04499999999999999,0.930555555555557,0.0
jump_only_640,10,0.05,0.0,0.0,0.0,-1.0,1.0,0.7999999999999999,0.04999999999999999,0.9375000000000013,0.0
jump_only_640,11,0.05500000000000001,0.0,0.0,0.0,-1.0,1.0,0.7999999999999999,0.05499999999999999,0.9431818181818195,0.0
jump_only_640,12,0.06000000000000001,0.0,0.0,0.0,-1.0,1.0,0.7999999999999999,0.06000000000000001,0.9479166666666677,0.0
jump_only_640,13,0.065,0.0,0.0,0.0,-1.0,1.0,0.7999999999999999,0.065,0.951923076923078,0.0
jump_only_640,14,0.07,0.0,0.0,0.0,-1.0,1.0,0.7999999999999999,0.07,0.9553571428571438,0.0
jump_only_640,15,0.075,0.0,0.0,0.0,-1.0,1.0,0.7999999999999999,0.07500000000000001,0.9583333333333343,0.0
jump_only_640,16,0.08,0.0,0.0,0.0,-1.0,1.0,0.7999999999999999,0.08,0.9609375000000009,0.0
jump_only_640,17,0.085,0.0,0.0,0.0,-1.0,1.0,0.7999999999999999,0.085,0.9632352941176479,0.0
jump_only_640,18,0.09,0.0,0.0,0.0,-1.0,1.0,0.7999999999999999,0.09,0.9652777777777786,0.0
jump_only_640,19,0.095,0.0,0.0,0.0,-1.0,1.0,0.7999999999999999,0.095,0.9671052631578955,0.0
jump_only_640,20,0.1,0.0,0.0,0.0,-1.0,1.0,0.7999999999999999,0.1,0.9687500000000007,0.0
jump_only_640,21,0.10500000000000001,0.0,0.0,0.0,-1.0,1.0,0.7999999999999999,0.10500000000000001,0.9702380952380959,0.0
jump_only_640,22,0.11000000000000001,0.0,0.0,0.0,-1.0,1.0,0.7999999999999999,0.11000000000000001,0.9715909090909097,0.0
jump_only_640,23,0.11500000000000002,0.0,0.0,0.0,-1.0,1.0,0.7999999999999999,0.11500000000000002,0.9728260869565223,0.0
jump_only_640,24,0.12000000000000002,0.0,0.0,0.0,-1.0,1.0,0.7999999999999999,0.12000000000000002,0.9739583333333339,0.0
jump_only_640,25,0.125,0.0,0.0,0.0,-1.0,1.0,0.7999999999999999,0.125,0.9750000000000005,0.0
jump_only_640,26,0.13,0.0,0.0,0.0,-1.0,1.0,0.7999999999999999,0.13,0.975961538461539,0.0
jump_only_640,27,0.135,0.0,0.0,0.0,-1.0,1.0,0.7999999999999999,0.135,0.9768518518518523,0.0
jump_only_640,28,0.14,0.0,0.0,0.0,-1.0,1.0,0.7999999999999999,0.14,0.977678571428572,0.0
jump_only_640,29,0.14500000000000002,0.0,0.0,0.0,-1.0,1.0,0.7999999999999999,0.14500000000000002,0.9784482758620694,0.0
jump_only_640,30,0.15,0.0,0.0,0.0,-1.0,1.0,0.7999999999999999,0.15,0.9791666666666671,0.0
jump_only_640,31,0.155,0.0,0.0,0.0,-1.0,1.0,0.7999999999999999,0.15500000000000003,0.9798387096774198,0.0
jump_only_640,32,0.16,0.0,0.0,0.0,-1.0,1.0,0.7999999999999999,0.16000000000000003,0.9804687500000004,0.0
jump_only_640,33,0.165,0.0,0.0,0.0,-1.0,1.0,0.7999999999999999,0.16500000000000004,0.9810606060606064,0.0
jump_only_640,34,0.17,0.0,0.0,0.0,-1.0,1.0,0.7999999999999999,0.17000000000000004,0.9816176470588239,0.0
jump_only_640,35,0.175,0.0,0.0,0.0,-1.0,1.0,0.7999999999999999,0.17500000000000002,0.9821428571428575,0.0
jump_only_640,36,0.18,0.0,0.0,0.0,-1.0,1.0,0.7999999999999999,0.18,0.9826388888888893,0.0
jump_only_640,37,0.185,0.0,0.0,0.0,-1.0,1.0,0.7999999999999999,0.185,0.9831081081081084,0.0
jump_only_640,38,0.19,0.0,0.0,0.0,-1.0,1.0,0.7999999999999999,0.19,0.9835526315789477,0.0
jump_only_640,39,0.195,0.0,0.0,0.0,-1.0,1.0,0.7999999999999999,0.19500000000000003,0.9839743589743594,0.0
jump_only_640,40,0.2,0.0,0.0,0.0,-1.0,1.0,0.7999999999999999,0.2,0.9843750000000003,0.0
jump_only_640,41,0.20500000000000002,0.0,0.0,0.0,-1.0,1.0,0.7999999999999999,0.20500000000000004,0.9847560975609759,0.0
jump_only_640,42,0.21000000000000002,0.0,0.0,0.0,-1.0,1.0,0.7999999999999999,0.21000000000000002,0.9851190476190479,0.0
jump_only_640,43,0.215,0.0,0.0,0.0,-1.0,1.0,0.7999999999999999,0.215,0.9854651162790701,0.0
jump_only_640,44,0.22000000000000003,0.0,0.0,0.0,-1.0,1.0,0.7999999999999999,0.22000000000000003,0.9857954545454548,0.0
jump_only_640,45,0.225,0.0,0.0,0.0,-1.0,1.0,0.7999999999999999,0.225,0.9861111111111114,0.0
jump_only_640,46,0.23000000000000004,0.0,0.0,0.0,-1.0,1.0,0.7999999999999999,0.23000000000000004,0.9864130434782612,0.0
jump_only_640,47,0.23500000000000001,0.0,0.0,0.0,-1.0,1.0,0.7999999999999999,0.23500000000000001,0.9867021276595748,0.0
jump_only_640,48,0.24000000000000005,0.0,0.0,0.0,-1.0,1.0,0.7999999999999999,0.24000000000000005,0.986979166666667,0.0
jump_only_640,49,0.24500000000000002,0.0,0.0,0.0,-1.0,1.0,0.7999999999999999,0.24500000000000002,0.9872448979591839,0.0
jump_only_640,50,0.25,0.0,0.0,0.0,-1.0,1.0,0.7999999999999999,0.25,0.9875000000000003,0.0
jump_only_640,51,0.255,0.0,0.0,0.0,-1.0,1.0,0.7999999999999999,0.255,0.987745098039216,0.0
jump_only_640,52,0.26,0.0,0.0,0.0,-1.0,1.0,0.7999999999999999,0.26,0.9879807692307695,0.0
jump_only_640,53,0.265,0.0,0.0,0.0,-1.0,1.0,0.7999999999999999,0.265,0.9882075471698115,0.0
jump_only_640,54,0.27,0.0,0.0,0.0,-1.0,1.0,0.7999999999999999,0.27,0.9884259259259262,0.0
jump_only_640,55,0.275,0.0,0.0,0.0,-1.0,1.0,0.7999999999999999,0.275,0.9886363636363639,0.0
jump_only_640,56,0.28,0.0,0.0,0.0,-1.0,1.0,0.7999999999999999,0.28,0.9888392857142859,0.0
jump_only_640,57,0.28500000000000003,0.0,0.0,0.0,-1.0,1.0,0.7999999999999999,0.2850000000000001,0.9890350877192985,0.0
jump_only_640,58,0.29000000000000004,0.0,0.0,0.0,-1.0,1.0,0.7999999999999999,0.29000000000000004,0.9892241379310347,0.0
jump_only_640,59,0.29500000000000004,0.0,0.0,0.0,-1.0,1.0,0.7999999999999999,0.2950000000000001,0.9894067796610172,0.0
jump_only_640,60,0.3,0.0,0.0,0.0,-1.0,1.0,0.7999999999999999,0.30000000000000004,0.9895833333333336,0.0
jump_only_640,61,0.30500000000000005,0.0,0.0,0.0,-1.0,1.0,0.7999999999999999,0.3050000000000001,0.989754098360656,0.0
jump_only_640,62,0.31,0.0,0.0,0.0,-1.0,1.0,0.7999999999999999,0.31000000000000005,0.9899193548387099,0.0
jump_only_640,63,0.31500000000000006,0.0,0.0,0.0,-1.0,1.0,0.7999999999999999,0.3150000000000001,0.9900793650793653,0.0
jump_only_640,64,0.32,0.0,0.0,0.0,-1.0,1.0,0.7999999999999999,0.32000000000000006,0.9902343750000002,0.0
jump_only_640,65,0.325,0.0,0.0,0.0,-1.0,1.0,0.7999999999999999,0.325,0.9903846153846156,0.0
jump_only_640,66,0.33,0.0,0.0,0.0,-1.0,1.0,0.7999999999999999,0.33000000000000007,0.9905303030303032,0.0
jump_only_640,67,0.335,0.0,0.0,0.0,-1.0,1.0,0.7999999999999999,0.335,0.9906716417910449,0.0
jump_only_640,68,0.34,0.0,0.0,0.0,-1.0,1.0,0.7999999999999999,0.3400000000000001,0.9908088235294119,0.0
jump_only_640,69,0.34500000000000003,0.0,0.0,0.0,-1.0,1.0,0.7999999999999999,0.34500000000000003,0.9909420289855074,0.0
jump_only_640,70,0.35,0.0,0.0,0.0,-1.0,1.0,0.7999999999999999,0.35000000000000003,0.9910714285714287,0.0
jump_only_640,71,0.35500000000000004,0.0,0.0,0.0,-1.0,1.0,0.7999999999999999,0.35500000000000004,0.9911971830985917,0.0
jump_only_640,72,0.36,0.0,0.0,0.0,-1.0,1.0,0.7999999999999999,0.36,0.9913194444444446,0.0
jump_only_640,73,0.36500000000000005,0.0,0.0,0.0,-1.0,1.0,0.7999999999999999,0.36500000000000005,0.9914383561643837,0.0
jump_only_640,74,0.37,0.0,0.0,0.0,-1.0,1.0,0.7999999999999999,0.37,0.9915540540540543,0.0
jump_only_640,75,0.375,0.0,0.0,0.0,-1.0,1.0,0.7999999999999999,0.375,0.9916666666666668,0.0
jump_only_640,76,0.38,0.0,0.0,0.0,-1.0,1.0,0.7999999999999999,0.38000000000000006,0.9917763157894739,0.0
jump_only_640,77,0.385,0.0,0.0,0.0,-1.0,1.0,0.7999999999999999,0.385,0.991883116883117,0.0
jump_only_640,78,0.39,0.0,0.0,0.0,-1.0,1.0,0.7999999999999999,0.39,0.9919871794871796,0.0
jump_only_640,79,0.395,0.0,0.0,0.0,-1.0,1.0,0.7999999999999999,0.395,0.9920886075949369,0.0
jump_only_640,80,0.4,0.0,0.0,0.0,-1.0,1.0,0.7999999999999999,0.4,0.9921875000000002,0.0
reverse_shock,0,0.0,-4.0,0.0,0.0,-2.0,0.0,0.7999999999999999,0.0,0.0,0.0
reverse_shock,1,0.01,-4.0200000000000005,-0.02,-4.614364446098307e-16,-2.0,0.0,0.7999999999999999,7.216449660063518e-17,2.886579864025407e-15,0.0
reverse_shock,2,0.02,-4.04,-0.04,-3.469446951953614e-17,-2.0,0.0,0.7999999999999999,0.006400000000000142,0.12800000000000566,0.0
reverse_shock,3,0.030000000000000006,-4.0600000000000005,-0.06,-4.996003610813204e-16,-2.0,0.0,0.7999999999999999,0.008067839999999776,0.16135680000000008,3.469446951953614e-18
reverse_shock,4,0.04,-4.08,-0.08,-6.938893903907228e-17,-2.0,0.0,0.7999999999999999,0.003278372864000289,0.06556530979635199,1.734723475976807e-18
reverse_shock,5,0.05,-4.1000000000000005,-0.1,-5.273559366969494e-16,-2.0,0.0,0.7999999999999999,0.01701212927003414,0.33938067594728927,1.734723475976807e-18
reverse_shock,6,0.06000000000000001,-4.12,-0.12,-1.1102230246251565e-16,-2.0,0.0,0.7999999999999999,0.004818827543168649,0.09480912738987435,2.222614453595284e-18
reverse_shock,7,0.07,-4.14,-0.14,3.3306690738754696e-16,-2.0,0.0,0.7999999999999999,0.008807080343045287,0.17602723913428184,2.2158381900172497e-18
reverse_shock,8,0.08,-4.16,-0.16,-1.3877787807814457e-16,-2.0,0.0,0.7999999999999999,0.009721602345383155,0.18961855077381307,3.469446951953614e-18
reverse_shock,9,0.09,-4.18,-0.18,2.7755575615628914e-16,-2.0,0.0,0.7999999999999999,0.0037744322228898536,0.07548067487852901,5.204170427930421e-18
reverse_shock,10,0.1,-4.2,-0.2,-1.6653345369377348e-16,-2.0,0.0,0.7999999999999999,0.01756751598193498,0.35020288360340607,2.168404344971009e-18
reverse_shock,11,0.11000000000000001,-4.220000000000001,-0.22,-6.38378239159465e-16,-2.0,0.0,0.7999999999999999,0.005121117475801896,0.09997125408217866,3.469446951953614e-18
reverse_shock,12,0.12000000000000002,-4.24,-0.24,-2.220446049250313e-16,-2.0,0.0,0.7999999999999999,0.00897063667830109,0.1792806231021357,2.22044558602917e-18
reverse_shock,13,0.13,-4.260000000000001,-0.26,-6.661338147750939e-16,-2.0,0.0,0.7999999999999999,0.009851795969270993,0.1916109219684321,2.2204459996194763e-18
reverse_shock,14,0.14,-4.28,-0.28,-2.220446049250313e-16,-2.0,0.0,0.7999999999999999,0.003814634108980236,0.07628407087907357,2.222614453595284e-18
reverse_shock,15,0.15,-4.3,-0.3,1.6653345369377348e-16,-2.0,0.0,0.7999999999999999,0.01761612456404307,0.35115002808635287,2.2768245622195593e-18
reverse_shock,16,0.16,-4.32,-0.32,-2.7755575615628914e-16,-2.0,0.0,0.7999999999999999,0.005150168410337011,0.10044050652321612,2.6020852139652106e-18
reverse_shock,17,0.17,-4.34,-0.34,1.6653345369377348e-16,-2.0,0.0,0.7999999999999999,0.008985952295130977,0.1795852974568818,3.469446951953614e-18
reverse_shock,18,0.18,-4.36,-0.36,-3.3306690738754696e-16,-2.0,0.0,0.7999999999999999,0.009864745071455364,0.19179845847887522,3.469446951953614e-18
reverse_shock,19,0.19,-4.38,-0.38,1.1102230246251565e-16,-2.0,0.0,0.7999999999999999,0.0038185907984148743,0.07636314278824324,2.222614453595284e-18
reverse_shock,20,0.2,-4.4,-0.4,-3.3306690738754696e-16,-2.0,0.0,0.7999999999999999,0.017621119786865116,0.3512474566419504,2.222614453595284e-18
reverse_shock,21,0.21000000000000002,-4.420000000000001,-0.42,-8.326672684688674e-16,-2.0,0.0,0.7999999999999999,0.005153292757815051,0.1004893700154037,3.469446951953614e-18
reverse_shock,22,0.22000000000000003,-4.44,-0.44,-3.885780586188048e-16,-2.0,0.0,0.7999999999999999,0.00898757313334503,0.17961754600384916,2.3852447794681098e-18
reverse_shock,23,0.23000000000000004,-4.46,-0.46,5.551115123125783e-17,-2.0,0.0,0.7999999999999999,0.00986616197052234,0.19181828891236274,2.222614453595284e-18
reverse_shock,24,0.24000000000000005,-4.4799999999999995,-0.48,4.440892098500626e-16,-2.0,0.0,0.7999999999999999,0.0038190204867989195,0.07637173000136614,2.222614453595284e-18
reverse_shock,25,0.25,-4.5,-0.5,0.0,-2.0,0.0,0.7999999999999999,0.017621676389552317,0.35125831982775785,2.2204968712271483e-18
reverse_shock,26,0.26,-4.5200000000000005,-0.52,-4.440892098500626e-16,-2.0,0.0,0.7999999999999999,0.00515365051526406,0.10049484698138,3.469446951953614e-18
reverse_shock,27,0.27,-4.54,-0.54,0.0,-2.0,0.0,0.7999999999999999,0.008987756928928,0.1796212032281143,2.220447240390395e-18
reverse_shock,28,0.28,-4.5600000000000005,-0.56,-4.440892098500626e-16,-2.0,0.0,0.7999999999999999,0.009866326051929305,0.19182053221791717,2.222614453595284e-18
reverse_shock,29,0.29000000000000004,-4.58,-0.58,-1.1102230246251565e-16,-2.0,0.0,0.7999999999999999,0.003819070005731463,0.07637271963750011,2.220446049250315e-18
reverse_shock,30,0.3,-4.6000000000000005,-0.6,-5.551115123125783e-16,-2.0,0.0,0.7999999999999999,0.017621741621571593,0.35125959349333735,2.222614453595284e-18
reverse_shock,31,0.31,-4.62,-0.62,-1.1102230246251565e-16,-2.0,0.0,0.7999999999999999,0.005153693213138466,0.10049549077380338,2.6020852139652106e-18
reverse_shock,32,0.32,-4.64,-0.64,3.3306690738754696e-16,-2.0,0.0,0.7999999999999999,0.008987778724504882,0.17962163695444194,2.2204968712271483e-18
reverse_shock,33,0.33,-4.66,-0.66,-1.1102230246251565e-16,-2.0,0.0,0.7999999999999999,0.009866345792545519,0.19182079754277392,2.2204464132097826e-18
reverse_shock,34,0.34,-4.68,-0.68,3.3306690738754696e-16,-2.0,0.0,0.7999999999999999,0.003819075943753447,0.07637283830996433,2.2204968712271483e-18
reverse_shock,35,0.35,-4.7,-0.7000000000000001,-1.1102230246251565e-16,-2.0,0.0,0.7999999999999999,0.017621749536860475,0.35125974808580124,2.220446049250315e-18
reverse_shock,36,0.36,-4.720000000000001,-0.72,-6.661338147750939e-16,-2.0,0.0,0.7999999999999999,0.005153698462098095,0.10049556901738121,2.6020852139652106e-18
reverse_shock,37,0.37,-4.74,-0.74,-2.220446049250313e-16,-2.0,0.0,0.7999999999999999,0.008987781391785597,0.1796216900353252,2.220447240390395e-18
reverse_shock,38,0.38,-4.760000000000001,-0.76,-6.661338147750939e-16,-2.0,0.0,0.7999999999999999,0.009866348233952087,0.19182082993197502,2.2204460513182646e-18
reverse_shock,39,0.39,-4.78,-0.78,-2.220446049250313e-16,-2.0,0.0,0.7999999999999999,0.003819076676387367,0.0763728529518854,2.2204459996194763e-18
reverse_shock,40,0.4,-4.800000000000001,-0.8,-6.661338147750939e-16,-2.0,0.0,0.7999999999999999,0.017621750522069324,0.35125976733192066,2.2204460513182646e-18
stationary_shock,0,0.0,0.0,0.0,0.0,-1.0,1.0,0.7999999999999999,0.0,0.0,0.0
stationary_shock,1,0.02,0.0,0.0,0.0,-1.0,1.0,0.7999999999999999,0.0,0.0,0.0
stationary_shock,2,0.04,0.0,0.0,0.0,-1.0,1.0,0.7999999999999999,0.0,0.0,0.0
stationary_shock,3,0.06000000000000001,0.0,0.0,0.0,-1.0,1.0,0.7999999999999999,0.0,0.0,0.0
stationary_shock,4,0.08,0.0,0.0,0.0,-1.0,1.0,0.7999999999999999,0.0,0.0,0.0
stationary_shock,5,0.1,0.0,0.0,0.0,-1.0,1.0,0.7999999999999999,0.0,0.0,0.0
stationary_shock,6,0.12000000000000002,0.0,0.0,0.0,-1.0,1.0,0.7999999999999999,0.0,0.0,0.0
stationary_shock,7,0.14,0.0,0.0,0.0,-1.0,1.0,0.7999999999999999,0.0,0.0,0.0
stationary_shock,8,0.16,0.0,0.0,0.0,-1.0,1.0,0.7999999999999999,0.0,0.0,0.0
stationary_shock,9,0.18,0.0,0.0,0.0,-1.0,1.0,0.7999999999999999,0.0,0.0,0.0
stationary_shock,10,0.2,0.0,0.0,0.0,-1.0,1.0,0.7999999999999999,0.0,0.0,0.0
stationary_shock,11,0.22000000000000003,0.0,0.0,0.0,-1.0,1.0,0.7999999999999999,0.0,0.0,0.0
stationary_shock,12,0.24000000000000005,0.0,0.0,0.0,-1.0,1.0,0.7999999999999999,0.0,0.0,0.0
stationary_shock,13,0.26,0.0,0.0,0.0,-1.0,1.0,0.7999999999999999,0.0,0.0,0.0
stationary_shock,14,0.28,0.0,0.0,0.0,-1.0,1.0,0.7999999999999999,0.0,0.0,0.0
stationary_shock,15,0.3,0.0,0.0,0.0,-1.0,1.0,0.7999999999999999,0.0,0.0,0.0
stationary_shock,16,0.32,0.0,0.0,0.0,-1.0,1.0,0.7999999999999999,0.0,0.0,0.0
stationary_shock,17,0.34,0.0,0.0,0.0,-1.0,1.0,0.7999999999999999,0.0,0.0,0.0
stationary_shock,18,0.36,0.0,0.0,0.0,-1.0,1.0,0.7999999999999999,0.0,0.0,0.0
stationary_shock,19,0.38,0.0,0.0,0.0,-1.0,1.0,0.7999999999999999,0.0,0.0,0.0
stationary_shock,20,0.4,0.0,0.0,0.0,-1.0,1.0,0.7999999999999999,0.0,0.0,0.0
negative_fan,0,0.0,-6.0,0.0,0.0,-2.0,-1.0,0.7999999999999999,0.0,0.0,0.0
negative_fan,1,0.01,-5.985,0.015,-3.191891195797325e-16,-2.0,-1.0,0.7999999999999999,4.9960036108132046e-17,1.9984014443252818e-15,3.469446951953614e-18
negative_fan,2,0.02,-5.970000000000001,0.03,-6.38378239159465e-16,-2.0,-1.0,0.7999999999999999,0.009149999999999936,0.18300000000000072,1.734723475976807e-18
negative_fan,3,0.030000000000000006,-5.955,0.045,-6.938893903907228e-17,-2.0,-1.0,0.7999999999999999,0.011322026666666707,0.22644053333333103,2.168404344971009e-18
negative_fan,4,0.04,-5.94,0.06,-3.885780586188048e-16,-2.0,-1.0,0.7999999999999999,0.01319517158399996,0.2048033938616316,3.0357660829594124e-18
negative_fan,5,0.05,-5.925000000000001,0.075,-7.077671781985373e-16,-2.0,-1.0,0.7999999999999999,0.01576305523020428,0.16439856209254877,2.6020852139652106e-18
negative_fan,6,0.06000000000000001,-5.91,0.09,-1.3877787807814457e-16,-2.0,-1.0,0.7999999999999999,0.015980855358534152,0.19350363494026124,3.469446951953614e-18
negative_fan,7,0.07,-5.8950000000000005,0.105,-4.579669976578771e-16,-2.0,-1.0,0.7999999999999999,0.01850735086409805,0.2042229955887933,2.6020852139652106e-18
negative_fan,8,0.08,-5.88,0.12,1.1102230246251565e-16,-2.0,-1.0,0.7999999999999999,0.019315413124067028,0.19683899688572448,2.168404344971009e-18
negative_fan,9,0.09,-5.865,0.135,-2.220446049250313e-16,-2.0,-1.0,0.7999999999999999,0.02054793841835826,0.18310369897492929,2.6020852139652106e-18
negative_fan,10,0.1,-5.8500000000000005,0.15,-5.273559366969494e-16,-2.0,-1.0,0.7999999999999999,0.02164635027663361,0.1665723693082275,2.222614453595284e-18
negative_fan,11,0.11000000000000001,-5.835000000000001,0.16499999999999998,-8.326672684688674e-16,-2.0,-1.0,0.7999999999999999,0.022199007695500796,0.17884750306541797,2.2768245622195593e-18
negative_fan,12,0.12000000000000002,-5.82,0.18,-2.7755575615628914e-16,-2.0,-1.0,0.7999999999999999,0.02344612424941301,0.17990383423456469,2.219226321806267e-18
negative_fan,13,0.13,-5.805,0.195,2.7755575615628914e-16,-2.0,-1.0,0.7999999999999999,0.02394748442224362,0.1726866609640061,2.3852447794681098e-18
negative_fan,14,0.14,-5.79,0.21,-2.7755575615628914e-17,-2.0,-1.0,0.7999999999999999,0.024921901561342427,0.16666843897584305,2.2768245622195593e-18
negative_fan,15,0.15,-5.775,0.22499999999999998,-3.3306690738754696e-16,-2.0,-1.0,0.7999999999999999,0.02559560202047767,0.15577564045591186,2.3852447794681098e-18
negative_fan,16,0.16,-5.760000000000001,0.24,-6.661338147750939e-16,-2.0,-1.0,0.7999999999999999,0.0261805253472447,0.16201527251592562,2.3852447794681098e-18
negative_fan,17,0.17,-5.745000000000001,0.255,-9.992007221626409e-16,-2.0,-1.0,0.7999999999999999,0.026967879748086683,0.16153345098488003,2.3852447794681098e-18
negative_fan,18,0.18,-5.73,0.27,-4.440892098500626e-16,-2.0,-1.0,0.7999999999999999,0.027325946223303938,0.1555725025946466,2.2768245622195593e-18
negative_fan,19,0.19,-5.715,0.285,1.6653345369377348e-16,-2.0,-1.0,0.7999999999999999,0.0281464295860592,0.1536632899034993,2.2768245622195593e-18
negative_fan,20,0.2,-5.7,0.3,-1.6653345369377348e-16,-2.0,-1.0,0.7999999999999999,0.02861950440531257,0.1444290902087335,2.3852447794681098e-18
negative_fan,21,0.21000000000000002,-5.6850000000000005,0.315,-4.996003610813204e-16,-2.0,-1.0,0.7999999999999999,0.029182269481034,0.14997530087650457,2.3852447794681098e-18
negative_fan,22,0.22000000000000003,-5.670000000000001,0.32999999999999996,-7.771561172376096e-16,-2.0,-1.0,0.7999999999999999,0.029740014783538583,0.14768643360060474,2.3852447794681098e-18
negative_fan,23,0.23000000000000004,-5.655,0.345,-2.220446049250313e-16,-2.0,-1.0,0.7999999999999999,0.03010893562102723,0.1427926564698334,2.3852447794681098e-18
negative_fan,24,0.24000000000000005,-5.640000000000001,0.36,-5.551115123125783e-16,-2.0,-1.0,0.7999999999999999,0.030729421878059073,0.14332200322524669,2.3852447794681098e-18
negative_fan,25,0.25,-5.625,0.375,0.0,-2.0,-1.0,0.7999999999999999,0.03108648718664856,0.13467292107705453,2.3852447794681098e-18
negative_fan,26,0.26,-5.61,0.39,-3.3306690738754696e-16,-2.0,-1.0,0.7999999999999999,0.03161657207741297,0.14059875721234683,2.3852447794681098e-18
negative_fan,27,0.27,-5.595000000000001,0.40499999999999997,-6.106226635438361e-16,-2.0,-1.0,0.7999999999999999,0.03203861809732469,0.13685267471734663,2.222614453595284e-18
negative_fan,28,0.28,-5.58,0.42,-5.551115123125783e-17,-2.0,-1.0,0.7999999999999999,0.032421997730975684,0.13487300116607082,2.3852447794681098e-18
negative_fan,29,0.29000000000000004,-5.565,0.435,-3.885780586188048e-16,-2.0,-1.0,0.7999999999999999,0.03289523746733666,0.1348878780985674,2.3852447794681098e-18
negative_fan,30,0.3,-5.550000000000001,0.44999999999999996,-6.661338147750939e-16,-2.0,-1.0,0.7999999999999999,0.03317720204468453,0.1267152172142878,2.2768245622195593e-18
negative_fan,31,0.31,-5.535,0.46499999999999997,-1.1102230246251565e-16,-2.0,-1.0,0.7999999999999999,0.033674433324385224,0.13280077290362247,2.3852447794681098e-18
negative_fan,32,0.32,-5.5200000000000005,0.48,-4.440892098500626e-16,-2.0,-1.0,0.7999999999999999,0.03400780678948365,0.1280957597340302,2.2768245622195593e-18
negative_fan,33,0.33,-5.505,0.495,1.1102230246251565e-16,-2.0,-1.0,0.7999999999999999,0.03438978813387419,0.12808951505546284,2.2768245622195593e-18
negative_fan,34,0.34,-5.49,0.51,-2.220446049250313e-16,-2.0,-1.0,0.7999999999999999,0.03476530686099786,0.12784601320719702,2.2768245622195593e-18
negative_fan,35,0.35,-5.4750000000000005,0.525,-5.551115123125783e-16,-2.0,-1.0,0.7999999999999999,0.035051710439275345,0.12118235114841514,2.2768245622195593e-18
negative_fan,36,0.36,-5.460000000000001,0.54,-8.881784197001252e-16,-2.0,-1.0,0.7999999999999999,0.03546187261633497,0.12620102913209097,2.2768245622195593e-18
negative_fan,37,0.37,-5.445,0.5549999999999999,-2.220446049250313e-16,-2.0,-1.0,0.7999999999999999,0.03573328286774665,0.12083186667012802,2.2768245622195593e-18
negative_fan,38,0.38,-5.43,0.57,3.3306690738754696e-16,-2.0,-1.0,0.7999999999999999,0.03610700217070644,0.12222931579718765,2.2768245622195593e-18
negative_fan,39,0.39,-5.415,0.585,0.0,-2.0,-1.0,0.7999999999999999,0.03641359493223916,0.12185096115066796,2.2768245622195593e-18
negative_fan,40,0.4,-5.4,0.6,-3.3306690738754696e-16,-2.0,-1.0,0.7999999999999999,0.03670822043278915,0.11626366807020472,2.2768245622195593e-18
positive_fan,0,0.0,6.0,0.0,0.0,1.0,2.0,0.7999999999999999,0.0,0.0,0.0
positive_fan,1,0.01,5.985,-0.015,3.191891195797325e-16,1.0,2.0,0.7999999999999999,4.9960036108132046e-17,1.9984014443252818e-15,3.469446951953614e-18
positive_fan,2,0.02,5.970000000000001,-0.03,6.38378239159465e-16,1.0,2.0,0.7999999999999999,0.009150000000000037,0.18300000000000072,1.734723475976807e-18
positive_fan,3,0.030000000000000006,5.955,-0.045,6.938893903907228e-17,1.0,2.0,0.7999999999999999,0.011322026666666669,0.22644053333333636,2.168404344971009e-18
positive_fan,4,0.04,5.94,-0.06,3.885780586188048e-16,1.0,2.0,0.7999999999999999,0.013195171584000104,0.2048033938616327,3.0357660829594124e-18
positive_fan,5,0.05,5.925000000000001,-0.075,7.077671781985373e-16,1.0,2.0,0.7999999999999999,0.015763055230204225,0.16439856209254877,2.6020852139652106e-18
positive_fan,6,0.06000000000000001,5.91,-0.09,1.3877787807814457e-16,1.0,2.0,0.7999999999999999,0.015980855358534034,0.19350363494026324,3.469446951953614e-18
positive_fan,7,0.07,5.8950000000000005,-0.105,4.579669976578771e-16,1.0,2.0,0.7999999999999999,0.018507350864097993,0.2042229955887933,2.6020852139652106e-18
positive_fan,8,0.08,5.88,-0.12,-1.1102230246251565e-16,1.0,2.0,0.7999999999999999,0.019315413124066944,0.19683899688572493,2.168404344971009e-18
positive_fan,9,0.09,5.865,-0.135,2.220446049250313e-16,1.0,2.0,0.7999999999999999,0.020547938418358287,0.18310369897492818,2.6020852139652106e-18
positive_fan,10,0.1,5.8500000000000005,-0.15,5.273559366969494e-16,1.0,2.0,0.7999999999999999,0.02164635027663373,0.16657236930823083,2.222614453595284e-18
positive_fan,11,0.11000000000000001,5.835000000000001,-0.16499999999999998,8.326672684688674e-16,1.0,2.0,0.7999999999999999,0.022199007695500955,0.17884750306541952,2.2768245622195593e-18
positive_fan,12,0.12000000000000002,5.82,-0.18,2.7755575615628914e-16,1.0,2.0,0.7999999999999999,0.0234461242494131,0.17990383423456557,2.219226321806267e-18
positive_fan,13,0.13,5.805,-0.195,-2.7755575615628914e-16,1.0,2.0,0.7999999999999999,0.02394748442224359,0.1726866609640061,2.3852447794681098e-18
positive_fan,14,0.14,5.79,-0.21,2.7755575615628914e-17,1.0,2.0,0.7999999999999999,0.0249219015613424,0.16666843897584305,2.2768245622195593e-18
positive_fan,15,0.15,5.775,-0.22499999999999998,3.3306690738754696e-16,1.0,2.0,0.7999999999999999,0.02559560202047761,0.15577564045591363,2.3852447794681098e-18
positive_fan,16,0.16,5.760000000000001,-0.24,6.661338147750939e-16,1.0,2.0,0.7999999999999999,0.026180525347244667,0.16201527251592696,2.3852447794681098e-18
positive_fan,17,0.17,5.745000000000001,-0.255,9.992007221626409e-16,1.0,2.0,0.7999999999999999,0.026967879748086673,0.16153345098488092,2.3852447794681098e-18
positive_fan,18,0.18,5.73,-0.27,4.440892098500626e-16,1.0,2.0,0.7999999999999999,0.027325946223303973,0.15557250259464683,2.2768245622195593e-18
positive_fan,19,0.19,5.715,-0.285,-1.6653345369377348e-16,1.0,2.0,0.7999999999999999,0.028146429586059247,0.15366328990349865,2.2768245622195593e-18
positive_fan,20,0.2,5.7,-0.3,1.6653345369377348e-16,1.0,2.0,0.7999999999999999,0.028619504405312607,0.14442909020873462,2.3852447794681098e-18
positive_fan,21,0.21000000000000002,5.6850000000000005,-0.315,4.996003610813204e-16,1.0,2.0,0.7999999999999999,0.029182269481034074,0.1499753008765039,2.3852447794681098e-18
positive_fan,22,0.22000000000000003,5.670000000000001,-0.32999999999999996,7.771561172376096e-16,1.0,2.0,0.7999999999999999,0.02974001478353864,0.14768643360060585,2.3852447794681098e-18
positive_fan,23,0.23000000000000004,5.655,-0.345,2.220446049250313e-16,1.0,2.0,0.7999999999999999,0.030108935621027306,0.1427926564698332,2.3852447794681098e-18
positive_fan,24,0.24000000000000005,5.640000000000001,-0.36,5.551115123125783e-16,1.0,2.0,0.7999999999999999,0.03072942187805912,0.14332200322524669,2.3852447794681098e-18
positive_fan,25,0.25,5.625,-0.375,0.0,1.0,2.0,0.7999999999999999,0.0310864871866486,0.13467292107705475,2.3852447794681098e-18
positive_fan,26,0.26,5.61,-0.39,3.3306690738754696e-16,1.0,2.0,0.7999999999999999,0.031616572077413016,0.14059875721234683,2.3852447794681098e-18
positive_fan,27,0.27,5.595000000000001,-0.40499999999999997,6.106226635438361e-16,1.0,2.0,0.7999999999999999,0.03203861809732473,0.13685267471734774,2.222614453595284e-18
positive_fan,28,0.28,5.58,-0.42,5.551115123125783e-17,1.0,2.0,0.7999999999999999,0.03242199773097575,0.13487300116607015,2.3852447794681098e-18
positive_fan,29,0.29000000000000004,5.565,-0.435,3.885780586188048e-16,1.0,2.0,0.7999999999999999,0.03289523746733669,0.13488787809856695,2.3852447794681098e-18
positive_fan,30,0.3,5.550000000000001,-0.44999999999999996,6.661338147750939e-16,1.0,2.0,0.7999999999999999,0.033177202044684544,0.1267152172142869,2.2768245622195593e-18
positive_fan,31,0.31,5.535,-0.46499999999999997,1.1102230246251565e-16,1.0,2.0,0.7999999999999999,0.033674433324385245,0.1328007729036218,2.3852447794681098e-18
positive_fan,32,0.32,5.5200000000000005,-0.48,4.440892098500626e-16,1.0,2.0,0.7999999999999999,0.03400780678948366,0.12809575973403042,2.2768245622195593e-18
positive_fan,33,0.33,5.505,-0.495,-1.1102230246251565e-16,1.0,2.0,0.7999999999999999,0.03438978813387421,0.12808951505546218,2.2768245622195593e-18
positive_fan,34,0.34,5.49,-0.51,2.220446049250313e-16,1.0,2.0,0.7999999999999999,0.03476530686099793,0.12784601320719702,2.2768245622195593e-18
positive_fan,35,0.35,5.4750000000000005,-0.525,5.551115123125783e-16,1.0,2.0,0.7999999999999999,0.035051710439275435,0.12118235114841491,2.2768245622195593e-18
positive_fan,36,0.36,5.460000000000001,-0.54,8.881784197001252e-16,1.0,2.0,0.7999999999999999,0.03546187261633501,0.12620102913209097,2.2768245622195593e-18
positive_fan,37,0.37,5.445,-0.5549999999999999,2.220446049250313e-16,1.0,2.0,0.7999999999999999,0.03573328286774663,0.12083186667012846,2.2768245622195593e-18
positive_fan,38,0.38,5.43,-0.57,-3.3306690738754696e-16,1.0,2.0,0.7999999999999999,0.03610700217070641,0.12222931579718721,2.2768245622195593e-18
positive_fan,39,0.39,5.415,-0.585,0.0,1.0,2.0,0.7999999999999999,0.036413594932239154,0.12185096115066774,2.2768245622195593e-18
positive_fan,40,0.4,5.4,-0.6,3.3306690738754696e-16,1.0,2.0,0.7999999999999999,0.036708220432789165,0.11626366807020361,2.2768245622195593e-18
constant,0,0.0,-2.8000000000000003,0.0,0.0,-0.7,-0.7,0.7999999999999999,0.0,0.0,0.0
constant,1,0.028571428571428574,-2.8000000000000003,0.0,0.0,-0.7,-0.7,0.7999999999999999,0.0,0.0,0.0
constant,2,0.05714285714285715,-2.8000000000000003,0.0,0.0,-0.7,-0.7,0.7999999999999999,0.0,0.0,0.0
constant,3,0.08571428571428573,-2.8000000000000003,0.0,0.0,-0.7,-0.7,0.7999999999999999,0.0,0.0,0.0
constant,4,0.1142857142857143,-2.8000000000000003,0.0,0.0,-0.7,-0.7,0.7999999999999999,0.0,0.0,0.0
constant,5,0.14285714285714285,-2.8000000000000003,0.0,0.0,-0.7,-0.7,0.7999999999999999,0.0,0.0,0.0
constant,6,0.17142857142857146,-2.8000000000000003,0.0,0.0,-0.7,-0.7,0.7999999999999999,0.0,0.0,0.0
constant,7,0.2,-2.8000000000000003,0.0,0.0,-0.7,-0.7,0.7999999999999999,0.0,0.0,0.0
constant,8,0.2285714285714286,-2.8000000000000003,0.0,0.0,-0.7,-0.7,0.7999999999999999,0.0,0.0,0.0
constant,9,0.2571428571428572,-2.8000000000000003,0.0,0.0,-0.7,-0.7,0.7999999999999999,0.0,0.0,0.0
constant,10,0.2857142857142857,-2.8000000000000003,0.0,0.0,-0.7,-0.7,0.7999999999999999,0.0,0.0,0.0
constant,11,0.31428571428571433,-2.8000000000000003,0.0,0.0,-0.7,-0.7,0.7999999999999999,0.0,0.0,0.0
constant,12,0.3428571428571429,-2.8000000000000003,0.0,0.0,-0.7,-0.7,0.7999999999999999,0.0,0.0,0.0
constant,13,0.37142857142857144,-2.8000000000000003,0.0,0.0,-0.7,-0.7,0.7999999999999999,0.0,0.0,0.0
constant,14,0.4,-2.8000000000000003,0.0,0.0,-0.7,-0.7,0.7999999999999999,0.0,0.0,0.0
zero,0,0.0,0.0,0.0,0.0,0.0,0.0,0.0,0.0,0.0,0.0
zero,1,0.4,0.0,0.0,0.0,0.0,0.0,0.0,0.0,0.0,0.0
