model,variant,N,face,x,q,q_used
sine,correct,4,0,0.125,-2.9784166000458892,-2.9784166000458892
sine,correct,4,1,0.375,-1.2337005501361697,-1.2337005501361697
sine,correct,4,2,0.625,1.2337005501361697,1.2337005501361697
sine,correct,4,3,0.875,2.9784166000458892,2.9784166000458892
sine,correct,8,0,0.0625,-3.1011157485784762,-3.1011157485784762
sine,correct,8,1,0.1875,-2.6289989875416668,-2.6289989875416668
sine,correct,8,2,0.3125,-1.7566409625868067,-1.7566409625868067
sine,correct,8,3,0.4375,-0.61685027506808598,-0.61685027506808598
sine,correct,8,4,0.5625,0.6168502750680851,0.6168502750680851
sine,correct,8,5,0.6875,1.7566409625868067,1.7566409625868067
sine,correct,8,6,0.8125,2.6289989875416673,2.6289989875416673
sine,correct,8,7,0.9375,3.1011157485784766,3.1011157485784766
sine,correct,16,0,0.03125,-3.1314929732048293,-3.1314929732048293
sine,correct,16,1,0.09375,-3.0111514544060594,-3.0111514544060594
sine,correct,16,2,0.15625,-2.7750930738876542,-2.7750930738876542
sine,correct,16,3,0.21875,-2.4323894228298748,-2.4323894228298748
sine,correct,16,4,0.28125,-1.996210410352445,-1.996210410352445
sine,correct,16,5,0.34375,-1.483318151292865,-1.483318151292865
sine,correct,16,6,0.40625,-0.91342280753350202,-0.91342280753350202
sine,correct,16,7,0.46875,-0.30842513753404255,-0.30842513753404255
sine,correct,16,8,0.53125,0.30842513753404077,0.30842513753404077
sine,correct,16,9,0.59375,0.9134228075335038,0.9134228075335038
sine,correct,16,10,0.65625,1.4833181512928633,1.4833181512928633
sine,correct,16,11,0.71875,1.9962104103524432,1.9962104103524432
sine,correct,16,12,0.78125,2.4323894228298748,2.4323894228298748
sine,correct,16,13,0.84375,2.775093073887656,2.775093073887656
sine,correct,16,14,0.90625,3.0111514544060607,3.0111514544060607
sine,correct,16,15,0.96875,3.1314929732048298,3.1314929732048298
sine,correct,32,0,0.015625,-3.1390689509032059,-3.1390689509032059
sine,correct,32,1,0.046875,-3.1088380009163679,-3.1088380009163679
sine,correct,32,2,0.078125,-3.0486672415169833,-3.0486672415169833
sine,correct,32,3,0.109375,-2.9591361500107514,-2.9591361500107514
sine,correct,32,4,0.140625,-2.8411069597515493,-2.8411069597515493
sine,correct,32,5,0.171875,-2.6957163563628885,-2.6957163563628885
sine,correct,32,6,0.203125,-2.5243645308339993,-2.5243645308339993
sine,correct,32,7,0.234375,-2.3287016949151536,-2.3287016949151536
sine,correct,32,8,0.265625,-2.1106121886764413,-2.1106121886764413
sine,correct,32,9,0.296875,-1.8721963332827869,-1.8721963332827869
sine,correct,32,10,0.328125,-1.6157502037529952,-1.6157502037529952
sine,correct,32,11,0.359375,-1.3437435165021547,-1.3437435165021547
sine,correct,32,12,0.390625,-1.0587958446224768,-1.0587958446224768
sine,correct,32,13,0.421875,-0.76365138996239423,-0.76365138996239423
sine,correct,32,14,0.453125,-0.46115255496266983,-0.46115255496266983
sine,correct,32,15,0.484375,-0.15421256876701506,-0.15421256876701506
sine,correct,32,16,0.515625,0.15421256876702216,0.15421256876702216
sine,correct,32,17,0.546875,0.46115255496267338,0.46115255496267338
sine,correct,32,18,0.578125,0.76365138996240844,0.76365138996240844
sine,correct,32,19,0.609375,1.0587958446224839,1.0587958446224839
sine,correct,32,20,0.640625,1.3437435165021583,1.3437435165021583
sine,correct,32,21,0.671875,1.6157502037529952,1.6157502037529952
sine,correct,32,22,0.703125,1.8721963332827833,1.8721963332827833
sine,correct,32,23,0.734375,2.1106121886764342,2.1106121886764342
sine,correct,32,24,0.765625,2.3287016949151536,2.3287016949151536
sine,correct,32,25,0.796875,2.5243645308339957,2.5243645308339957
sine,correct,32,26,0.828125,2.6957163563628885,2.6957163563628885
sine,correct,32,27,0.859375,2.8411069597515457,2.8411069597515457
sine,correct,32,28,0.890625,2.959136150010746,2.959136150010746
sine,correct,32,29,0.921875,3.0486672415169798,3.0486672415169798
sine,correct,32,30,0.953125,3.1088380009163634,3.1088380009163634
sine,correct,32,31,0.984375,3.1390689509032015,3.1390689509032015
sine,correct,64,0,0.0078125,-3.1409618039407388,-3.1409618039407388
sine,correct,64,1,0.0234375,-3.1333949518392838,-3.1333949518392838
sine,correct,64,2,0.0390625,-3.1182794768458653,-3.1182794768458653
sine,correct,64,3,0.0546875,-3.0956517934637002,-3.0956517934637002
sine,correct,64,4,0.0703125,-3.0655664137640084,-3.0655664137640084
sine,correct,64,5,0.0859375,-3.0280958160616525,-3.0280958160616525
sine,correct,64,6,0.1015625,-2.9833302703085316,-2.9833302703085316
sine,correct,64,7,0.1171875,-2.9313776206253728,-2.9313776206253728
sine,correct,64,8,0.1328125,-2.8723630254957726,-2.8723630254957726
sine,correct,64,9,0.1484375,-2.8064286562484675,-2.8064286562484675
sine,correct,64,10,0.1640625,-2.7337333545541398,-2.7337333545541398
sine,correct,64,11,0.1796875,-2.6544522497619241,-2.6544522497619241
sine,correct,64,12,0.1953125,-2.5687763369974732,-2.5687763369974732
sine,correct,64,13,0.2109375,-2.4769120170389698,-2.4769120170389698
sine,correct,64,14,0.2265625,-2.3790805990795434,-2.3790805990795434
sine,correct,64,15,0.2421875,-2.2755177675740939,-2.2755177675740939
sine,correct,64,16,0.2578125,-2.1664730144547377,-2.1664730144547377
sine,correct,64,17,0.2734375,-2.0522090380829354,-2.0522090380829354
sine,correct,64,18,0.2890625,-1.9330011103861082,-1.9330011103861082
sine,correct,64,19,0.3046875,-1.8091364137034702,-1.8091364137034702
sine,correct,64,20,0.3203125,-1.6809133489385815,-1.6809133489385815
sine,correct,64,21,0.3359375,-1.5486408166854702,-1.5486408166854702
sine,correct,64,22,0.3515625,-1.4126374730600659,-1.4126374730600659
sine,correct,64,23,0.3671875,-1.2732309620296149,-1.2732309620296149
sine,correct,64,24,0.3828125,-1.1307571260897689,-1.1307571260897689
sine,correct,64,25,0.3984375,-0.98555919719055396,-0.98555919719055396
sine,correct,64,26,0.4140625,-0.83798696986051624,-0.83798696986051624
sine,correct,64,27,0.4296875,-0.6883959585210917,-0.6883959585210917
sine,correct,64,28,0.4453125,-0.5371465410212366,-0.5371465410212366
sine,correct,64,29,0.4609375,-0.38460309045556329,-0.38460309045556329
sine,correct,64,30,0.4765625,-0.23113309735774124,-0.23113309735774124
sine,correct,64,31,0.4921875,-0.077106284383525292,-0.077106284383525292
sine,correct,64,32,0.5078125,0.077106284383482659,0.077106284383482659
sine,correct,64,33,0.5234375,0.23113309735772702,0.23113309735772702
sine,correct,64,34,0.5390625,0.38460309045554908,0.38460309045554908
sine,correct,64,35,0.5546875,0.53714654102121528,0.53714654102121528
sine,correct,64,36,0.5703125,0.68839595852108459,0.68839595852108459
sine,correct,64,37,0.5859375,0.83798696986051624,0.83798696986051624
sine,correct,64,38,0.6015625,0.98555919719054685,0.98555919719054685
sine,correct,64,39,0.6171875,1.1307571260897618,1.1307571260897618
sine,correct,64,40,0.6328125,1.2732309620295936,1.2732309620295936
sine,correct,64,41,0.6484375,1.4126374730600446,1.4126374730600446
sine,correct,64,42,0.6640625,1.5486408166854631,1.5486408166854631
sine,correct,64,43,0.6796875,1.6809133489385601,1.6809133489385601
sine,correct,64,44,0.6953125,1.8091364137034631,1.8091364137034631
sine,correct,64,45,0.7109375,1.9330011103861082,1.9330011103861082
sine,correct,64,46,0.7265625,2.0522090380829425,2.0522090380829425
sine,correct,64,47,0.7421875,2.1664730144547519,2.1664730144547519
sine,correct,64,48,0.7578125,2.2755177675741081,2.2755177675741081
sine,correct,64,49,0.7734375,2.3790805990795576,2.3790805990795576
sine,correct,64,50,0.7890625,2.4769120170389769,2.4769120170389769
sine,correct,64,51,0.8046875,2.5687763369974874,2.5687763369974874
sine,correct,64,52,0.8203125,2.6544522497619312,2.6544522497619312
sine,correct,64,53,0.8359375,2.7337333545541433,2.7337333545541433
sine,correct,64,54,0.8515625,2.8064286562484781,2.8064286562484781
sine,correct,64,55,0.8671875,2.8723630254957833,2.8723630254957833
sine,correct,64,56,0.8828125,2.9313776206253834,2.9313776206253834
sine,correct,64,57,0.8984375,2.9833302703085423,2.9833302703085423
sine,correct,64,58,0.9140625,3.0280958160616631,3.0280958160616631
sine,correct,64,59,0.9296875,3.0655664137640173,3.0655664137640173
sine,correct,64,60,0.9453125,3.0956517934637109,3.0956517934637109
sine,correct,64,61,0.9609375,3.1182794768458768,3.1182794768458768
sine,correct,64,62,0.9765625,3.1333949518392967,3.1333949518392967
sine,correct,64,63,0.9921875,3.1409618039407516,3.1409618039407516
sine,correct,128,0,0.00390625,-3.1414349459278839,-3.1414349459278839
sine,correct,128,1,0.01171875,-3.1395426629822758,-3.1395426629822758
sine,correct,128,2,0.01953125,-3.1357592369315483,-3.1357592369315483
sine,correct,128,3,0.02734375,-3.1300869467700849,-3.1300869467700849
sine,correct,128,4,0.03515625,-3.1225292092733739,-3.1225292092733739
sine,correct,128,5,0.04296875,-3.1130905769398858,-3.1130905769398858
sine,correct,128,6,0.05078125,-3.1017767352488015,-3.1017767352488015
sine,correct,128,7,0.05859375,-3.0885944992353096,-3.0885944992353096
sine,correct,128,8,0.06640625,-3.0735518093854637,-3.0735518093854637
sine,correct,128,9,0.07421875,-3.0566577268531496,-3.0566577268531496
sine,correct,128,10,0.08203125,-3.0379224280019734,-3.0379224280019734
sine,correct,128,11,0.08984375,-3.0173571982753984,-3.0173571982753984
sine,correct,128,12,0.09765625,-2.9949744253988371,-2.9949744253988371
sine,correct,128,13,0.10546875,-2.9707875919177269,-2.9707875919177269
sine,correct,128,14,0.11328125,-2.9448112670761475,-2.9448112670761475
sine,correct,128,15,0.12109375,-2.9170610980408682,-2.9170610980408682
sine,correct,128,16,0.12890625,-2.8875538004760699,-2.8875538004760699
sine,correct,128,17,0.13671875,-2.8563071484744569,-2.8563071484744569
sine,correct,128,18,0.14453125,-2.823339963850799,-2.823339963850799
sine,correct,128,19,0.15234375,-2.7886721048044123,-2.7886721048044123
sine,correct,128,20,0.16015625,-2.7523244539572502,-2.7523244539572502
sine,correct,128,21,0.16796875,-2.7143189057750661,-2.7143189057750661
sine,correct,128,22,0.17578125,-2.6746783533789795,-2.6746783533789795
sine,correct,128,23,0.18359375,-2.6334266747554551,-2.6334266747554551
sine,correct,128,24,0.19140625,-2.5905887183732261,-2.5905887183732261
sine,correct,128,25,0.19921875,-2.5461902882153993,-2.5461902882153993
sine,correct,128,26,0.20703125,-2.5002581282361547,-2.5002581282361547
sine,correct,128,27,0.21484375,-2.452819906251122,-2.452819906251122
sine,correct,128,28,0.22265625,-2.4039041972714301,-2.4039041972714301
sine,correct,128,29,0.23046875,-2.3535404662910366,-2.3535404662910366
sine,correct,128,30,0.23828125,-2.3017590505383225,-2.3017590505383225
sine,correct,128,31,0.24609375,-2.2485911412018709,-2.2485911412018709
sine,correct,128,32,0.25390625,-2.1940687646421964,-2.1940687646421964
sine,correct,128,33,0.26171875,-2.1382247631002258,-2.1382247631002258
sine,correct,128,34,0.26953125,-2.0810927749143104,-2.0810927749143104
sine,correct,128,35,0.27734375,-2.0227072142578777,-2.0227072142578777
sine,correct,128,36,0.28515625,-1.9631032504094748,-1.9631032504094748
sine,correct,128,37,0.29296875,-1.9023167865681501,-1.9023167865681501
sine,correct,128,38,0.30078125,-1.8403844382268346,-1.8403844382268346
sine,correct,128,39,0.30859375,-1.777343511116328,-1.777343511116328
sine,correct,128,40,0.31640625,-1.7132319787338872,-1.7132319787338872
sine,correct,128,41,0.32421875,-1.648088459469335,-1.648088459469335
sine,correct,128,42,0.33203125,-1.5819521933427723,-1.5819521933427723
sine,correct,128,43,0.33984375,-1.5148630183679757,-1.5148630183679757
sine,correct,128,44,0.34765625,-1.4468613465552522,-1.4468613465552522
sine,correct,128,45,0.35546875,-1.3779881395689983,-1.3779881395689983
sine,correct,128,46,0.36328125,-1.3082848840537764,-1.3082848840537764
sine,correct,128,47,0.37109375,-1.2377935666442994,-1.2377935666442994
sine,correct,128,48,0.37890625,-1.1665566486743728,-1.1665566486743728
sine,correct,128,49,0.38671875,-1.0946170405996725,-1.0946170405996725
sine,correct,128,50,0.39453125,-1.0220180761500757,-1.0220180761500757
sine,correct,128,51,0.40234375,-0.94880348622712063,-0.94880348622712063
sine,correct,128,52,0.41015625,-0.87501737256209822,-0.87501737256209822
sine,correct,128,53,0.41796875,-0.80070418115084863,-0.80070418115084863
sine,correct,128,54,0.42578125,-0.72590867548110793,-0.72590867548110793
sine,correct,128,55,0.43359375,-0.65067590956876131,-0.65067590956876131
sine,correct,128,56,0.44140625,-0.57505120081884797,-0.57505120081884797
sine,correct,128,57,0.44921875,-0.49908010272808667,-0.49908010272808667
sine,correct,128,58,0.45703125,-0.42280837744523581,-0.42280837744523581
sine,correct,128,59,0.46484375,-0.34628196820565904,-0.34628196820565904
sine,correct,128,60,0.47265625,-0.26954697165675157,-0.26954697165675157
sine,correct,128,61,0.48046875,-0.19264961009106685,-0.19264961009106685
sine,correct,128,62,0.48828125,-0.11563620360396953,-0.11563620360396953
sine,correct,128,63,0.49609375,-0.038553142191730672,-0.038553142191730672
sine,correct,128,64,0.50390625,0.038553142191815937,0.038553142191815937
sine,correct,128,65,0.51171875,0.11563620360402638,0.11563620360402638
sine,correct,128,66,0.51953125,0.1926496100911379,0.1926496100911379
sine,correct,128,67,0.52734375,0.26954697165676578,0.26954697165676578
sine,correct,128,68,0.53515625,0.34628196820567325,0.34628196820567325
sine,correct,128,69,0.54296875,0.42280837744525002,0.42280837744525002
sine,correct,128,70,0.55078125,0.49908010272810088,0.49908010272810088
sine,correct,128,71,0.55859375,0.57505120081884797,0.57505120081884797
sine,correct,128,72,0.56640625,0.65067590956878973,0.65067590956878973
sine,correct,128,73,0.57421875,0.72590867548112215,0.72590867548112215
sine,correct,128,74,0.58203125,0.8007041811508202,0.8007041811508202
sine,correct,128,75,0.58984375,0.87501737256205558,0.87501737256205558
sine,correct,128,76,0.59765625,0.94880348622710642,0.94880348622710642
sine,correct,128,77,0.60546875,1.0220180761500757,1.0220180761500757
sine,correct,128,78,0.61328125,1.0946170405996867,1.0946170405996867
sine,correct,128,79,0.62109375,1.1665566486743728,1.1665566486743728
sine,correct,128,80,0.62890625,1.2377935666442852,1.2377935666442852
sine,correct,128,81,0.63671875,1.3082848840537622,1.3082848840537622
sine,correct,128,82,0.64453125,1.3779881395689841,1.3779881395689841
sine,correct,128,83,0.65234375,1.4468613465552238,1.4468613465552238
sine,correct,128,84,0.66015625,1.5148630183679188,1.5148630183679188
sine,correct,128,85,0.66796875,1.5819521933427438,1.5819521933427438
sine,correct,128,86,0.67578125,1.6480884594693066,1.6480884594693066
sine,correct,128,87,0.68359375,1.7132319787338872,1.7132319787338872
sine,correct,128,88,0.69140625,1.777343511116328,1.777343511116328
sine,correct,128,89,0.69921875,1.8403844382268062,1.8403844382268062
sine,correct,128,90,0.70703125,1.9023167865681216,1.9023167865681216
sine,correct,128,91,0.71484375,1.9631032504094179,1.9631032504094179
sine,correct,128,92,0.72265625,2.0227072142578493,2.0227072142578493
sine,correct,128,93,0.73046875,2.0810927749142962,2.0810927749142962
sine,correct,128,94,0.73828125,2.1382247631001832,2.1382247631001832
sine,correct,128,95,0.74609375,2.1940687646421679,2.1940687646421679
sine,correct,128,96,0.75390625,2.2485911412018567,2.2485911412018567
sine,correct,128,97,0.76171875,2.3017590505382799,2.3017590505382799
sine,correct,128,98,0.76953125,2.3535404662910224,2.3535404662910224
sine,correct,128,99,0.77734375,2.4039041972714159,2.4039041972714159
sine,correct,128,100,0.78515625,2.452819906251122,2.452819906251122
sine,correct,128,101,0.79296875,2.5002581282361547,2.5002581282361547
sine,correct,128,102,0.80078125,2.5461902882154135,2.5461902882154135
sine,correct,128,103,0.80859375,2.5905887183732261,2.5905887183732261
sine,correct,128,104,0.81640625,2.6334266747554409,2.6334266747554409
sine,correct,128,105,0.82421875,2.6746783533789653,2.6746783533789653
sine,correct,128,106,0.83203125,2.7143189057750732,2.7143189057750732
sine,correct,128,107,0.83984375,2.7523244539572644,2.7523244539572644
sine,correct,128,108,0.84765625,2.7886721048044194,2.7886721048044194
sine,correct,128,109,0.85546875,2.8233399638508203,2.8233399638508203
sine,correct,128,110,0.86328125,2.8563071484744711,2.8563071484744711
sine,correct,128,111,0.87109375,2.8875538004760912,2.8875538004760912
sine,correct,128,112,0.87890625,2.9170610980408895,2.9170610980408895
sine,correct,128,113,0.88671875,2.9448112670761688,2.9448112670761688
sine,correct,128,114,0.89453125,2.9707875919177411,2.9707875919177411
sine,correct,128,115,0.90234375,2.9949744253988513,2.9949744253988513
sine,correct,128,116,0.91015625,3.0173571982754126,3.0173571982754126
sine,correct,128,117,0.91796875,3.0379224280019805,3.0379224280019805
sine,correct,128,118,0.92578125,3.0566577268531567,3.0566577268531567
sine,correct,128,119,0.93359375,3.0735518093854708,3.0735518093854708
sine,correct,128,120,0.94140625,3.0885944992353167,3.0885944992353167
sine,correct,128,121,0.94921875,3.1017767352488121,3.1017767352488121
sine,correct,128,122,0.95703125,3.1130905769398947,3.1130905769398947
sine,correct,128,123,0.96484375,3.1225292092733827,3.1225292092733827
sine,correct,128,124,0.97265625,3.1300869467700938,3.1300869467700938
sine,correct,128,125,0.98046875,3.1357592369315599,3.1357592369315599
sine,correct,128,126,0.98828125,3.1395426629822865,3.1395426629822865
sine,correct,128,127,0.99609375,3.1414349459278954,3.1414349459278954
quadratic,correct,4,0,0.125,-1.75,-1.75
quadratic,correct,4,1,0.375,-1.25,-1.25
quadratic,correct,4,2,0.625,-0.75,-0.75
quadratic,correct,4,3,0.875,-0.25,-0.25
quadratic,correct,8,0,0.0625,-1.875,-1.875
quadratic,correct,8,1,0.1875,-1.625,-1.625
quadratic,correct,8,2,0.3125,-1.375,-1.375
quadratic,correct,8,3,0.4375,-1.125,-1.125
quadratic,correct,8,4,0.5625,-0.87500000000000178,-0.87500000000000178
quadratic,correct,8,5,0.6875,-0.625,-0.625
quadratic,correct,8,6,0.8125,-0.37499999999999822,-0.37499999999999822
quadratic,correct,8,7,0.9375,-0.125,-0.125
quadratic,correct,16,0,0.03125,-1.9375,-1.9375
quadratic,correct,16,1,0.09375,-1.8125000000000036,-1.8125000000000036
quadratic,correct,16,2,0.15625,-1.6875,-1.6875
quadratic,correct,16,3,0.21875,-1.5625000000000036,-1.5625000000000036
quadratic,correct,16,4,0.28125,-1.4375,-1.4375
quadratic,correct,16,5,0.34375,-1.3125,-1.3125
quadratic,correct,16,6,0.40625,-1.1875,-1.1875
quadratic,correct,16,7,0.46875,-1.0625,-1.0625
quadratic,correct,16,8,0.53125,-0.9375,-0.9375
quadratic,correct,16,9,0.59375,-0.8125,-0.8125
quadratic,correct,16,10,0.65625,-0.6875,-0.6875
quadratic,correct,16,11,0.71875,-0.56249999999999645,-0.56249999999999645
quadratic,correct,16,12,0.78125,-0.4375,-0.4375
quadratic,correct,16,13,0.84375,-0.3125,-0.3125
quadratic,correct,16,14,0.90625,-0.1875,-0.1875
quadratic,correct,16,15,0.96875,-0.062499999999996447,-0.062499999999996447
quadratic,correct,32,0,0.015625,-1.9687499999999858,-1.9687499999999858
quadratic,correct,32,1,0.046875,-1.9062499999999929,-1.9062499999999929
quadratic,correct,32,2,0.078125,-1.8437499999999858,-1.8437499999999858
quadratic,correct,32,3,0.109375,-1.7812499999999929,-1.7812499999999929
quadratic,correct,32,4,0.140625,-1.7187499999999929,-1.7187499999999929
quadratic,correct,32,5,0.171875,-1.6562499999999929,-1.6562499999999929
quadratic,correct,32,6,0.203125,-1.5937499999999858,-1.5937499999999858
quadratic,correct,32,7,0.234375,-1.5312499999999858,-1.5312499999999858
quadratic,correct,32,8,0.265625,-1.4687499999999858,-1.4687499999999858
quadratic,correct,32,9,0.296875,-1.4062499999999929,-1.4062499999999929
quadratic,correct,32,10,0.328125,-1.34375,-1.34375
quadratic,correct,32,11,0.359375,-1.2812499999999858,-1.2812499999999858
quadratic,correct,32,12,0.390625,-1.2187499999999858,-1.2187499999999858
quadratic,correct,32,13,0.421875,-1.1562499999999858,-1.1562499999999858
quadratic,correct,32,14,0.453125,-1.0937499999999858,-1.0937499999999858
quadratic,correct,32,15,0.484375,-1.0312499999999858,-1.0312499999999858
quadratic,correct,32,16,0.515625,-0.96874999999998579,-0.96874999999998579
quadratic,correct,32,17,0.546875,-0.90624999999998579,-0.90624999999998579
quadratic,correct,32,18,0.578125,-0.84374999999999289,-0.84374999999999289
quadratic,correct,32,19,0.609375,-0.78125,-0.78125
quadratic,correct,32,20,0.640625,-0.71875000000000711,-0.71875000000000711
quadratic,correct,32,21,0.671875,-0.65625000000000711,-0.65625000000000711
quadratic,correct,32,22,0.703125,-0.59375000000001421,-0.59375000000001421
quadratic,correct,32,23,0.734375,-0.53125000000002842,-0.53125000000002842
quadratic,correct,32,24,0.765625,-0.46875000000000711,-0.46875000000000711
quadratic,correct,32,25,0.796875,-0.40625000000001421,-0.40625000000001421
quadratic,correct,32,26,0.828125,-0.34375000000002132,-0.34375000000002132
quadratic,correct,32,27,0.859375,-0.28125000000000711,-0.28125000000000711
quadratic,correct,32,28,0.890625,-0.21875000000002842,-0.21875000000002842
quadratic,correct,32,29,0.921875,-0.15625000000002842,-0.15625000000002842
quadratic,correct,32,30,0.953125,-0.093750000000021316,-0.093750000000021316
quadratic,correct,32,31,0.984375,-0.031250000000028422,-0.031250000000028422
quadratic,correct,64,0,0.0078125,-1.9843749999999432,-1.9843749999999432
quadratic,correct,64,1,0.0234375,-1.9531249999999574,-1.9531249999999574
quadratic,correct,64,2,0.0390625,-1.9218749999999432,-1.9218749999999432
quadratic,correct,64,3,0.0546875,-1.8906249999999574,-1.8906249999999574
quadratic,correct,64,4,0.0703125,-1.8593749999999574,-1.8593749999999574
quadratic,correct,64,5,0.0859375,-1.8281249999999574,-1.8281249999999574
quadratic,correct,64,6,0.1015625,-1.7968749999999432,-1.7968749999999432
quadratic,correct,64,7,0.1171875,-1.7656249999999432,-1.7656249999999432
quadratic,correct,64,8,0.1328125,-1.7343749999999432,-1.7343749999999432
quadratic,correct,64,9,0.1484375,-1.7031249999999574,-1.7031249999999574
quadratic,correct,64,10,0.1640625,-1.6718749999999716,-1.6718749999999716
quadratic,correct,64,11,0.1796875,-1.6406249999999432,-1.6406249999999432
quadratic,correct,64,12,0.1953125,-1.6093749999999574,-1.6093749999999574
quadratic,correct,64,13,0.2109375,-1.5781249999999574,-1.5781249999999574
quadratic,correct,64,14,0.2265625,-1.5468749999999574,-1.5468749999999574
quadratic,correct,64,15,0.2421875,-1.5156249999999574,-1.5156249999999574
quadratic,correct,64,16,0.2578125,-1.4843749999999574,-1.4843749999999574
quadratic,correct,64,17,0.2734375,-1.4531249999999574,-1.4531249999999574
quadratic,correct,64,18,0.2890625,-1.4218749999999574,-1.4218749999999574
quadratic,correct,64,19,0.3046875,-1.3906249999999716,-1.3906249999999716
quadratic,correct,64,20,0.3203125,-1.3593749999999716,-1.3593749999999716
quadratic,correct,64,21,0.3359375,-1.3281249999999858,-1.3281249999999858
quadratic,correct,64,22,0.3515625,-1.296875,-1.296875
quadratic,correct,64,23,0.3671875,-1.265625,-1.265625
quadratic,correct,64,24,0.3828125,-1.234375,-1.234375
quadratic,correct,64,25,0.3984375,-1.203125,-1.203125
quadratic,correct,64,26,0.4140625,-1.171875,-1.171875
quadratic,correct,64,27,0.4296875,-1.1406249999999858,-1.1406249999999858
quadratic,correct,64,28,0.4453125,-1.1093750000000142,-1.1093750000000142
quadratic,correct,64,29,0.4609375,-1.0781250000000142,-1.0781250000000142
quadratic,correct,64,30,0.4765625,-1.0468750000000142,-1.0468750000000142
quadratic,correct,64,31,0.4921875,-1.0156250000000142,-1.0156250000000142
quadratic,correct,64,32,0.5078125,-0.98437500000004263,-0.98437500000004263
quadratic,correct,64,33,0.5234375,-0.95312500000004263,-0.95312500000004263
quadratic,correct,64,34,0.5390625,-0.92187500000001421,-0.92187500000001421
quadratic,correct,64,35,0.5546875,-0.89062500000002842,-0.89062500000002842
quadratic,correct,64,36,0.5703125,-0.85937500000002842,-0.85937500000002842
quadratic,correct,64,37,0.5859375,-0.82812500000001421,-0.82812500000001421
quadratic,correct,64,38,0.6015625,-0.79687500000002842,-0.79687500000002842
quadratic,correct,64,39,0.6171875,-0.76562500000002842,-0.76562500000002842
quadratic,correct,64,40,0.6328125,-0.73437500000002842,-0.73437500000002842
quadratic,correct,64,41,0.6484375,-0.70312500000005684,-0.70312500000005684
quadratic,correct,64,42,0.6640625,-0.67187500000004263,-0.67187500000004263
quadratic,correct,64,43,0.6796875,-0.64062500000005684,-0.64062500000005684
quadratic,correct,64,44,0.6953125,-0.60937500000005684,-0.60937500000005684
quadratic,correct,64,45,0.7109375,-0.57812500000005684,-0.57812500000005684
quadratic,correct,64,46,0.7265625,-0.54687500000005684,-0.54687500000005684
quadratic,correct,64,47,0.7421875,-0.51562500000002842,-0.51562500000002842
quadratic,correct,64,48,0.7578125,-0.48437500000002842,-0.48437500000002842
quadratic,correct,64,49,0.7734375,-0.45312500000004263,-0.45312500000004263
quadratic,correct,64,50,0.7890625,-0.42187500000004263,-0.42187500000004263
quadratic,correct,64,51,0.8046875,-0.39062500000005684,-0.39062500000005684
quadratic,correct,64,52,0.8203125,-0.35937500000005684,-0.35937500000005684
quadratic,correct,64,53,0.8359375,-0.32812500000004263,-0.32812500000004263
quadratic,correct,64,54,0.8515625,-0.29687500000001421,-0.29687500000001421
quadratic,correct,64,55,0.8671875,-0.26562500000001421,-0.26562500000001421
quadratic,correct,64,56,0.8828125,-0.23437500000002842,-0.23437500000002842
quadratic,correct,64,57,0.8984375,-0.20312500000002842,-0.20312500000002842
quadratic,correct,64,58,0.9140625,-0.171875,-0.171875
quadratic,correct,64,59,0.9296875,-0.140625,-0.140625
quadratic,correct,64,60,0.9453125,-0.10937500000001421,-0.10937500000001421
quadratic,correct,64,61,0.9609375,-0.078124999999985789,-0.078124999999985789
quadratic,correct,64,62,0.9765625,-0.046874999999971578,-0.046874999999971578
quadratic,correct,64,63,0.9921875,-0.015624999999971578,-0.015624999999971578
quadratic,correct,128,0,0.00390625,-1.9921874999998863,-1.9921874999998863
quadratic,correct,128,1,0.01171875,-1.9765624999998579,-1.9765624999998579
quadratic,correct,128,2,0.01953125,-1.9609374999998579,-1.9609374999998579
quadratic,correct,128,3,0.02734375,-1.9453124999998863,-1.9453124999998863
quadratic,correct,128,4,0.03515625,-1.9296874999998863,-1.9296874999998863
quadratic,correct,128,5,0.04296875,-1.9140624999998863,-1.9140624999998863
quadratic,correct,128,6,0.05078125,-1.8984374999998579,-1.8984374999998579
quadratic,correct,128,7,0.05859375,-1.8828124999998579,-1.8828124999998579
quadratic,correct,128,8,0.06640625,-1.8671874999998579,-1.8671874999998579
quadratic,correct,128,9,0.07421875,-1.8515624999998579,-1.8515624999998579
quadratic,correct,128,10,0.08203125,-1.8359374999999147,-1.8359374999999147
quadratic,correct,128,11,0.08984375,-1.8203124999998863,-1.8203124999998863
quadratic,correct,128,12,0.09765625,-1.8046874999998863,-1.8046874999998863
quadratic,correct,128,13,0.10546875,-1.7890624999998863,-1.7890624999998863
quadratic,correct,128,14,0.11328125,-1.7734374999998863,-1.7734374999998863
quadratic,correct,128,15,0.12109375,-1.7578124999998863,-1.7578124999998863
quadratic,correct,128,16,0.12890625,-1.7421874999998863,-1.7421874999998863
quadratic,correct,128,17,0.13671875,-1.7265624999998863,-1.7265624999998863
quadratic,correct,128,18,0.14453125,-1.7109374999998863,-1.7109374999998863
quadratic,correct,128,19,0.15234375,-1.6953124999999147,-1.6953124999999147
quadratic,correct,128,20,0.16015625,-1.6796874999999147,-1.6796874999999147
quadratic,correct,128,21,0.16796875,-1.6640624999999147,-1.6640624999999147
quadratic,correct,128,22,0.17578125,-1.6484374999999432,-1.6484374999999432
quadratic,correct,128,23,0.18359375,-1.6328124999999716,-1.6328124999999716
quadratic,correct,128,24,0.19140625,-1.6171874999999716,-1.6171874999999716
quadratic,correct,128,25,0.19921875,-1.6015624999999716,-1.6015624999999716
quadratic,correct,128,26,0.20703125,-1.5859374999999716,-1.5859374999999716
quadratic,correct,128,27,0.21484375,-1.5703124999999432,-1.5703124999999432
quadratic,correct,128,28,0.22265625,-1.5546874999999716,-1.5546874999999716
quadratic,correct,128,29,0.23046875,-1.5390624999999716,-1.5390624999999716
quadratic,correct,128,30,0.23828125,-1.5234374999999716,-1.5234374999999716
quadratic,correct,128,31,0.24609375,-1.5078125,-1.5078125
quadratic,correct,128,32,0.25390625,-1.4921875000000284,-1.4921875000000284
quadratic,correct,128,33,0.26171875,-1.4765625000000284,-1.4765625000000284
quadratic,correct,128,34,0.26953125,-1.4609375,-1.4609375
quadratic,correct,128,35,0.27734375,-1.4453125,-1.4453125
quadratic,correct,128,36,0.28515625,-1.4296875,-1.4296875
quadratic,correct,128,37,0.29296875,-1.4140625,-1.4140625
quadratic,correct,128,38,0.30078125,-1.3984375,-1.3984375
quadratic,correct,128,39,0.30859375,-1.3828125,-1.3828125
quadratic,correct,128,40,0.31640625,-1.3671875,-1.3671875
quadratic,correct,128,41,0.32421875,-1.3515625000000568,-1.3515625000000568
quadratic,correct,128,42,0.33203125,-1.3359375000000284,-1.3359375000000284
quadratic,correct,128,43,0.33984375,-1.3203125000000568,-1.3203125000000568
quadratic,correct,128,44,0.34765625,-1.3046875000000568,-1.3046875000000568
quadratic,correct,128,45,0.35546875,-1.2890625000000568,-1.2890625000000568
quadratic,correct,128,46,0.36328125,-1.2734375000000284,-1.2734375000000284
quadratic,correct,128,47,0.37109375,-1.2578125,-1.2578125
quadratic,correct,128,48,0.37890625,-1.2421875000000284,-1.2421875000000284
quadratic,correct,128,49,0.38671875,-1.2265625000000284,-1.2265625000000284
quadratic,correct,128,50,0.39453125,-1.2109375000000284,-1.2109375000000284
quadratic,correct,128,51,0.40234375,-1.1953125000000568,-1.1953125000000568
quadratic,correct,128,52,0.41015625,-1.1796875000000568,-1.1796875000000568
quadratic,correct,128,53,0.41796875,-1.1640625000000284,-1.1640625000000284
quadratic,correct,128,54,0.42578125,-1.1484375,-1.1484375
quadratic,correct,128,55,0.43359375,-1.1328125000000284,-1.1328125000000284
quadratic,correct,128,56,0.44140625,-1.1171875000000284,-1.1171875000000284
quadratic,correct,128,57,0.44921875,-1.1015625,-1.1015625
quadratic,correct,128,58,0.45703125,-1.0859374999999716,-1.0859374999999716
quadratic,correct,128,59,0.46484375,-1.0703125,-1.0703125
quadratic,correct,128,60,0.47265625,-1.0546874999999716,-1.0546874999999716
quadratic,correct,128,61,0.48046875,-1.0390624999999432,-1.0390624999999432
quadratic,correct,128,62,0.48828125,-1.0234374999999432,-1.0234374999999432
quadratic,correct,128,63,0.49609375,-1.0078124999999432,-1.0078124999999432
quadratic,correct,128,64,0.50390625,-0.99218749999994316,-0.99218749999994316
quadratic,correct,128,65,0.51171875,-0.97656249999997158,-0.97656249999997158
quadratic,correct,128,66,0.51953125,-0.9609375,-0.9609375
quadratic,correct,128,67,0.52734375,-0.94531249999994316,-0.94531249999994316
quadratic,correct,128,68,0.53515625,-0.92968749999997158,-0.92968749999997158
quadratic,correct,128,69,0.54296875,-0.9140625,-0.9140625
quadratic,correct,128,70,0.55078125,-0.89843749999994316,-0.89843749999994316
quadratic,correct,128,71,0.55859375,-0.8828125,-0.8828125
quadratic,correct,128,72,0.56640625,-0.86718749999994316,-0.86718749999994316
quadratic,correct,128,73,0.57421875,-0.8515625,-0.8515625
quadratic,correct,128,74,0.58203125,-0.8359375,-0.8359375
quadratic,correct,128,75,0.58984375,-0.8203125,-0.8203125
quadratic,correct,128,76,0.59765625,-0.80468749999994316,-0.80468749999994316
quadratic,correct,128,77,0.60546875,-0.78906249999994316,-0.78906249999994316
quadratic,correct,128,78,0.61328125,-0.77343749999997158,-0.77343749999997158
quadratic,correct,128,79,0.62109375,-0.7578125,-0.7578125
quadratic,correct,128,80,0.62890625,-0.7421875,-0.7421875
quadratic,correct,128,81,0.63671875,-0.7265625,-0.7265625
quadratic,correct,128,82,0.64453125,-0.7109375,-0.7109375
quadratic,correct,128,83,0.65234375,-0.6953125,-0.6953125
quadratic,correct,128,84,0.66015625,-0.6796875,-0.6796875
quadratic,correct,128,85,0.66796875,-0.66406250000002842,-0.66406250000002842
quadratic,correct,128,86,0.67578125,-0.6484375,-0.6484375
quadratic,correct,128,87,0.68359375,-0.6328125,-0.6328125
quadratic,correct,128,88,0.69140625,-0.6171875,-0.6171875
quadratic,correct,128,89,0.69921875,-0.60156250000005684,-0.60156250000005684
quadratic,correct,128,90,0.70703125,-0.58593750000008527,-0.58593750000008527
quadratic,correct,128,91,0.71484375,-0.57031250000008527,-0.57031250000008527
quadratic,correct,128,92,0.72265625,-0.55468750000005684,-0.55468750000005684
quadratic,correct,128,93,0.73046875,-0.53906250000005684,-0.53906250000005684
quadratic,correct,128,94,0.73828125,-0.52343750000005684,-0.52343750000005684
quadratic,correct,128,95,0.74609375,-0.50781250000005684,-0.50781250000005684
quadratic,correct,128,96,0.75390625,-0.49218750000005684,-0.49218750000005684
quadratic,correct,128,97,0.76171875,-0.47656250000011369,-0.47656250000011369
quadratic,correct,128,98,0.76953125,-0.46093750000008527,-0.46093750000008527
quadratic,correct,128,99,0.77734375,-0.44531250000005684,-0.44531250000005684
quadratic,correct,128,100,0.78515625,-0.42968750000005684,-0.42968750000005684
quadratic,correct,128,101,0.79296875,-0.41406250000005684,-0.41406250000005684
quadratic,correct,128,102,0.80078125,-0.39843750000005684,-0.39843750000005684
quadratic,correct,128,103,0.80859375,-0.38281250000005684,-0.38281250000005684
quadratic,correct,128,104,0.81640625,-0.36718750000005684,-0.36718750000005684
quadratic,correct,128,105,0.82421875,-0.35156250000005684,-0.35156250000005684
quadratic,correct,128,106,0.83203125,-0.33593750000002842,-0.33593750000002842
quadratic,correct,128,107,0.83984375,-0.32031250000002842,-0.32031250000002842
quadratic,correct,128,108,0.84765625,-0.30468750000008527,-0.30468750000008527
quadratic,correct,128,109,0.85546875,-0.28906250000005684,-0.28906250000005684
quadratic,correct,128,110,0.86328125,-0.27343750000005684,-0.27343750000005684
quadratic,correct,128,111,0.87109375,-0.25781250000002842,-0.25781250000002842
quadratic,correct,128,112,0.87890625,-0.24218750000002842,-0.24218750000002842
quadratic,correct,128,113,0.88671875,-0.22656250000005684,-0.22656250000005684
quadratic,correct,128,114,0.89453125,-0.21093750000005684,-0.21093750000005684
quadratic,correct,128,115,0.90234375,-0.19531250000008527,-0.19531250000008527
quadratic,correct,128,116,0.91015625,-0.17968750000008527,-0.17968750000008527
quadratic,correct,128,117,0.91796875,-0.16406250000008527,-0.16406250000008527
quadratic,correct,128,118,0.92578125,-0.14843750000011369,-0.14843750000011369
quadratic,correct,128,119,0.93359375,-0.13281250000011369,-0.13281250000011369
quadratic,correct,128,120,0.94140625,-0.11718750000014211,-0.11718750000014211
quadratic,correct,128,121,0.94921875,-0.10156250000011369,-0.10156250000011369
quadratic,correct,128,122,0.95703125,-0.085937500000113687,-0.085937500000113687
quadratic,correct,128,123,0.96484375,-0.070312500000113687,-0.070312500000113687
quadratic,correct,128,124,0.97265625,-0.054687500000085265,-0.054687500000085265
quadratic,correct,128,125,0.98046875,-0.039062500000113687,-0.039062500000113687
quadratic,correct,128,126,0.98828125,-0.023437500000056843,-0.023437500000056843
quadratic,correct,128,127,0.99609375,-0.0078125000001136868,-0.0078125000001136868
quartic,correct,4,0,0.125,-1.1875,-1.1875
quartic,correct,4,1,0.375,-1.125,-1.125
quartic,correct,4,2,0.625,-0.875,-0.875
quartic,correct,4,3,0.875,-0.8125,-0.8125
quartic,correct,8,0,0.0625,-1.109375,-1.109375
quartic,correct,8,1,0.1875,-1.1953125,-1.1953125
quartic,correct,8,2,0.3125,-1.1640625,-1.1640625
quartic,correct,8,3,0.4375,-1.0625000000000018,-1.0625000000000018
quartic,correct,8,4,0.5625,-0.9375,-0.9375
quartic,correct,8,5,0.6875,-0.83593749999999822,-0.83593749999999822
quartic,correct,8,6,0.8125,-0.8046875,-0.8046875
quartic,correct,8,7,0.9375,-0.890625,-0.890625
quartic,correct,16,0,0.03125,-1.05859375,-1.05859375
quartic,correct,16,1,0.09375,-1.1396484374999964,-1.1396484374999964
quartic,correct,16,2,0.15625,-1.1826171875,-1.1826171875
quartic,correct,16,3,0.21875,-1.1933593750000036,-1.1933593750000036
quartic,correct,16,4,0.28125,-1.177734375,-1.177734375
quartic,correct,16,5,0.34375,-1.1416015625,-1.1416015625
quartic,correct,16,6,0.40625,-1.0908203125,-1.0908203125
quartic,correct,16,7,0.46875,-1.03125,-1.03125
quartic,correct,16,8,0.53125,-0.96875,-0.96875
quartic,correct,16,9,0.59375,-0.9091796875,-0.9091796875
quartic,correct,16,10,0.65625,-0.85839843750000355,-0.85839843750000355
quartic,correct,16,11,0.71875,-0.822265625,-0.822265625
quartic,correct,16,12,0.78125,-0.806640625,-0.806640625
quartic,correct,16,13,0.84375,-0.8173828125,-0.8173828125
quartic,correct,16,14,0.90625,-0.8603515625,-0.8603515625
quartic,correct,16,15,0.96875,-0.94140624999999645,-0.94140624999999645
quartic,correct,32,0,0.015625,-1.0302734374999858,-1.0302734374999858
quartic,correct,32,1,0.046875,-1.0814208984374929,-1.0814208984374929
quartic,correct,32,2,0.078125,-1.1219482421874858,-1.1219482421874858
quartic,correct,32,3,0.109375,-1.1525878906249929,-1.1525878906249929
quartic,correct,32,4,0.140625,-1.1740722656249929,-1.1740722656249929
quartic,correct,32,5,0.171875,-1.1871337890624929,-1.1871337890624929
quartic,correct,32,6,0.203125,-1.1925048828124858,-1.1925048828124858
quartic,correct,32,7,0.234375,-1.1909179687499858,-1.1909179687499858
quartic,correct,32,8,0.265625,-1.1831054687499858,-1.1831054687499858
quartic,correct,32,9,0.296875,-1.1697998046874929,-1.1697998046874929
quartic,correct,32,10,0.328125,-1.1517333984375,-1.1517333984375
quartic,correct,32,11,0.359375,-1.1296386718749929,-1.1296386718749929
quartic,correct,32,12,0.390625,-1.1042480468749858,-1.1042480468749858
quartic,correct,32,13,0.421875,-1.0762939453124858,-1.0762939453124858
quartic,correct,32,14,0.453125,-1.0465087890624858,-1.0465087890624858
quartic,correct,32,15,0.484375,-1.0156249999999929,-1.0156249999999929
quartic,correct,32,16,0.515625,-0.98437499999999289,-0.98437499999999289
quartic,correct,32,17,0.546875,-0.95349121093749289,-0.95349121093749289
quartic,correct,32,18,0.578125,-0.92370605468749289,-0.92370605468749289
quartic,correct,32,19,0.609375,-0.895751953125,-0.895751953125
quartic,correct,32,20,0.640625,-0.870361328125,-0.870361328125
quartic,correct,32,21,0.671875,-0.84826660156250711,-0.84826660156250711
quartic,correct,32,22,0.703125,-0.83020019531251421,-0.83020019531251421
quartic,correct,32,23,0.734375,-0.81689453125001421,-0.81689453125001421
quartic,correct,32,24,0.765625,-0.80908203125001421,-0.80908203125001421
quartic,correct,32,25,0.796875,-0.80749511718751421,-0.80749511718751421
quartic,correct,32,26,0.828125,-0.81286621093752132,-0.81286621093752132
quartic,correct,32,27,0.859375,-0.82592773437500711,-0.82592773437500711
quartic,correct,32,28,0.890625,-0.84741210937502132,-0.84741210937502132
quartic,correct,32,29,0.921875,-0.87805175781252132,-0.87805175781252132
quartic,correct,32,30,0.953125,-0.91857910156252132,-0.91857910156252132
quartic,correct,32,31,0.984375,-0.96972656250002842,-0.96972656250002842
quartic,correct,64,0,0.0078125,-1.0153808593749432,-1.0153808593749432
quartic,correct,64,1,0.0234375,-1.0437469482421449,-1.0437469482421449
quartic,correct,64,2,0.0390625,-1.0693206787108807,-1.0693206787108807
quartic,correct,64,3,0.0546875,-1.0921936035155966,-1.0921936035155966
quartic,correct,64,4,0.0703125,-1.1124572753905824,-1.1124572753905824
quartic,correct,64,5,0.0859375,-1.1302032470702699,-1.1302032470702699
quartic,correct,64,6,0.1015625,-1.1455230712890199,-1.1455230712890199
quartic,correct,64,7,0.1171875,-1.1585083007812074,-1.1585083007812074
quartic,correct,64,8,0.1328125,-1.1692504882812074,-1.1692504882812074
quartic,correct,64,9,0.1484375,-1.1778411865233949,-1.1778411865233949
quartic,correct,64,10,0.1640625,-1.1843719482421591,-1.1843719482421591
quartic,correct,64,11,0.1796875,-1.1889343261718324,-1.1889343261718324
quartic,correct,64,12,0.1953125,-1.1916198730468324,-1.1916198730468324
quartic,correct,64,13,0.2109375,-1.1925201416015199,-1.1925201416015199
quartic,correct,64,14,0.2265625,-1.1917266845702699,-1.1917266845702699
quartic,correct,64,15,0.2421875,-1.1893310546874574,-1.1893310546874574
quartic,correct,64,16,0.2578125,-1.1854248046874574,-1.1854248046874574
quartic,correct,64,17,0.2734375,-1.1800994873046449,-1.1800994873046449
quartic,correct,64,18,0.2890625,-1.1734466552733949,-1.1734466552733949
quartic,correct,64,19,0.3046875,-1.1655578613280966,-1.1655578613280966
quartic,correct,64,20,0.3203125,-1.1565246582031108,-1.1565246582031108
quartic,correct,64,21,0.3359375,-1.1464385986327983,-1.1464385986327983
quartic,correct,64,22,0.3515625,-1.1353912353515625,-1.1353912353515625
quartic,correct,64,23,0.3671875,-1.12347412109375,-1.12347412109375
quartic,correct,64,24,0.3828125,-1.11077880859375,-1.11077880859375
quartic,correct,64,25,0.3984375,-1.0973968505859375,-1.0973968505859375
quartic,correct,64,26,0.4140625,-1.0834197998046875,-1.0834197998046875
quartic,correct,64,27,0.4296875,-1.0689392089843608,-1.0689392089843608
quartic,correct,64,28,0.4453125,-1.054046630859375,-1.054046630859375
quartic,correct,64,29,0.4609375,-1.0388336181640767,-1.0388336181640767
quartic,correct,64,30,0.4765625,-1.0233917236328267,-1.0233917236328267
quartic,correct,64,31,0.4921875,-1.0078125000000142,-1.0078125000000142
quartic,correct,64,32,0.5078125,-0.99218750000002842,-0.99218750000002842
quartic,correct,64,33,0.5234375,-0.97660827636721592,-0.97660827636721592
quartic,correct,64,34,0.5390625,-0.96116638183595171,-0.96116638183595171
quartic,correct,64,35,0.5546875,-0.94595336914063921,-0.94595336914063921
quartic,correct,64,36,0.5703125,-0.93106079101563921,-0.93106079101563921
quartic,correct,64,37,0.5859375,-0.91658020019532671,-0.91658020019532671
quartic,correct,64,38,0.6015625,-0.90260314941409092,-0.90260314941409092
quartic,correct,64,39,0.6171875,-0.88922119140627842,-0.88922119140627842
quartic,correct,64,40,0.6328125,-0.87652587890627842,-0.87652587890627842
quartic,correct,64,41,0.6484375,-0.86460876464848013,-0.86460876464848013
quartic,correct,64,42,0.6640625,-0.85356140136723013,-0.85356140136723013
quartic,correct,64,43,0.6796875,-0.84347534179693184,-0.84347534179693184
quartic,correct,64,44,0.6953125,-0.83444213867193184,-0.83444213867193184
quartic,correct,64,45,0.7109375,-0.82655334472661934,-0.82655334472661934
quartic,correct,64,46,0.7265625,-0.81990051269534092,-0.81990051269534092
quartic,correct,64,47,0.7421875,-0.81457519531252842,-0.81457519531252842
quartic,correct,64,48,0.7578125,-0.81066894531252842,-0.81066894531252842
quartic,correct,64,49,0.7734375,-0.80827331542971592,-0.80827331542971592
quartic,correct,64,50,0.7890625,-0.80747985839848013,-0.80747985839848013
quartic,correct,64,51,0.8046875,-0.80838012695318184,-0.80838012695318184
quartic,correct,64,52,0.8203125,-0.81106567382818184,-0.81106567382818184
quartic,correct,64,53,0.8359375,-0.81562805175785513,-0.81562805175785513
quartic,correct,64,54,0.8515625,-0.82215881347657671,-0.82215881347657671
quartic,correct,64,55,0.8671875,-0.83074951171877842,-0.83074951171877842
quartic,correct,64,56,0.8828125,-0.84149169921879263,-0.84149169921879263
quartic,correct,64,57,0.8984375,-0.85447692871095171,-0.85447692871095171
quartic,correct,64,58,0.9140625,-0.86979675292970171,-0.86979675292970171
quartic,correct,64,59,0.9296875,-0.88754272460938921,-0.88754272460938921
quartic,correct,64,60,0.9453125,-0.90780639648438921,-0.90780639648438921
quartic,correct,64,61,0.9609375,-0.93067932128904829,-0.93067932128904829
quartic,correct,64,62,0.9765625,-0.95625305175778408,-0.95625305175778408
quartic,correct,64,63,0.9921875,-0.98461914062497158,-0.98461914062497158
quartic,correct,128,0,0.00390625,-1.0077514648436363,-1.0077514648436363
quartic,correct,128,1,0.01171875,-1.0226497650145632,-1.0226497650145632
quartic,correct,128,2,0.01953125,-1.0368328094481285,-1.0368328094481285
quartic,correct,128,3,0.02734375,-1.0503120422362429,-1.0503120422362429
quartic,correct,128,4,0.03515625,-1.0630989074706179,-1.0630989074706179
quartic,correct,128,5,0.04296875,-1.0752048492430504,-1.0752048492430504
quartic,correct,128,6,0.05078125,-1.0866413116454225,-1.0866413116454225
quartic,correct,128,7,0.05859375,-1.0974197387694176,-1.0974197387694176
quartic,correct,128,8,0.06640625,-1.1075515747069176,-1.1075515747069176
quartic,correct,128,9,0.07421875,-1.117048263549691,-1.117048263549691
quartic,correct,128,10,0.08203125,-1.1259212493895348,-1.1259212493895348
quartic,correct,128,11,0.08984375,-1.1341819763182457,-1.1341819763182457
quartic,correct,128,12,0.09765625,-1.1418418884276207,-1.1418418884276207
quartic,correct,128,13,0.10546875,-1.1489124298094566,-1.1489124298094566
quartic,correct,128,14,0.11328125,-1.1554050445555504,-1.1554050445555504
quartic,correct,128,15,0.12109375,-1.1613311767576988,-1.1613311767576988
quartic,correct,128,16,0.12890625,-1.1667022705076988,-1.1667022705076988
quartic,correct,128,17,0.13671875,-1.1715297698973473,-1.1715297698973473
quartic,correct,128,18,0.14453125,-1.175825119018441,-1.175825119018441
quartic,correct,128,19,0.15234375,-1.1795997619628054,-1.1795997619628054
quartic,correct,128,20,0.16015625,-1.1828651428221804,-1.1828651428221804
quartic,correct,128,21,0.16796875,-1.1856327056883913,-1.1856327056883913
quartic,correct,128,22,0.17578125,-1.1879138946532919,-1.1879138946532919
quartic,correct,128,23,0.18359375,-1.1897201538085653,-1.1897201538085653
quartic,correct,128,24,0.19140625,-1.1910629272460653,-1.1910629272460653
quartic,correct,128,25,0.19921875,-1.1919536590575888,-1.1919536590575888
quartic,correct,128,26,0.20703125,-1.1924037933349325,-1.1924037933349325
quartic,correct,128,27,0.21484375,-1.192424774169865,-1.192424774169865
quartic,correct,128,28,0.22265625,-1.1920280456542685,-1.1920280456542685
quartic,correct,128,29,0.23046875,-1.1912250518798544,-1.1912250518798544
quartic,correct,128,30,0.23828125,-1.1900272369384481,-1.1900272369384481
quartic,correct,128,31,0.24609375,-1.188446044921875,-1.188446044921875
quartic,correct,128,32,0.25390625,-1.1864929199219034,-1.1864929199219034
quartic,correct,128,33,0.26171875,-1.1841793060302734,-1.1841793060302734
quartic,correct,128,34,0.26953125,-1.1815166473388672,-1.1815166473388672
quartic,correct,128,35,0.27734375,-1.1785163879394531,-1.1785163879394531
quartic,correct,128,36,0.28515625,-1.1751899719238281,-1.1751899719238281
quartic,correct,128,37,0.29296875,-1.1715488433837606,-1.1715488433837606
quartic,correct,128,38,0.30078125,-1.1676044464111328,-1.1676044464111328
quartic,correct,128,39,0.30859375,-1.1633682250976562,-1.1633682250976562
quartic,correct,128,40,0.31640625,-1.1588516235351562,-1.1588516235351562
quartic,correct,128,41,0.32421875,-1.1540660858154865,-1.1540660858154865
quartic,correct,128,42,0.33203125,-1.1490230560302734,-1.1490230560302734
quartic,correct,128,43,0.33984375,-1.1437339782715412,-1.1437339782715412
quartic,correct,128,44,0.34765625,-1.1382102966309162,-1.1382102966309162
quartic,correct,128,45,0.35546875,-1.1324634552002237,-1.1324634552002237
quartic,correct,128,46,0.36328125,-1.1265048980713175,-1.1265048980713175
quartic,correct,128,47,0.37109375,-1.1203460693359091,-1.1203460693359091
quartic,correct,128,48,0.37890625,-1.1139984130859659,-1.1139984130859659
quartic,correct,128,49,0.38671875,-1.1074733734131144,-1.1074733734131144
quartic,correct,128,50,0.39453125,-1.1007823944092081,-1.1007823944092081
quartic,correct,128,51,0.40234375,-1.0939369201660725,-1.0939369201660725
quartic,correct,128,52,0.41015625,-1.0869483947754475,-1.0869483947754475
quartic,correct,128,53,0.41796875,-1.07982826232913,-1.07982826232913
quartic,correct,128,54,0.42578125,-1.0725879669189453,-1.0725879669189453
quartic,correct,128,55,0.43359375,-1.0652389526367188,-1.0652389526367188
quartic,correct,128,56,0.44140625,-1.0577926635742472,-1.0577926635742472
quartic,correct,128,57,0.44921875,-1.0502605438232422,-1.0502605438232422
quartic,correct,128,58,0.45703125,-1.0426540374755859,-1.0426540374755859
quartic,correct,128,59,0.46484375,-1.0349845886230469,-1.0349845886230469
quartic,correct,128,60,0.47265625,-1.0272636413574219,-1.0272636413574219
quartic,correct,128,61,0.48046875,-1.019502639770451,-1.019502639770451
quartic,correct,128,62,0.48828125,-1.0117130279540447,-1.0117130279540447
quartic,correct,128,63,0.49609375,-1.0039062499999147,-1.0039062499999147
quartic,correct,128,64,0.50390625,-0.99609374999994316,-0.99609374999994316
quartic,correct,128,65,0.51171875,-0.98828697204587002,-0.98828697204587002
quartic,correct,128,66,0.51953125,-0.98049736022949219,-0.98049736022949219
quartic,correct,128,67,0.52734375,-0.97273635864252128,-0.97273635864252128
quartic,correct,128,68,0.53515625,-0.9650154113769247,-0.9650154113769247
quartic,correct,128,69,0.54296875,-0.95734596252441406,-0.95734596252441406
quartic,correct,128,70,0.55078125,-0.94973945617672939,-0.94973945617672939
quartic,correct,128,71,0.55859375,-0.94220733642578125,-0.94220733642578125
quartic,correct,128,72,0.56640625,-0.93476104736325283,-0.93476104736325283
quartic,correct,128,73,0.57421875,-0.92741203308105469,-0.92741203308105469
quartic,correct,128,74,0.58203125,-0.92017173767089844,-0.92017173767089844
quartic,correct,128,75,0.58984375,-0.91305160522460938,-0.91305160522460938
quartic,correct,128,76,0.59765625,-0.90606307983395595,-0.90606307983395595
quartic,correct,128,77,0.60546875,-0.89921760559079189,-0.89921760559079189
quartic,correct,128,78,0.61328125,-0.89252662658688564,-0.89252662658688564
quartic,correct,128,79,0.62109375,-0.8860015869140625,-0.8860015869140625
quartic,correct,128,80,0.62890625,-0.8796539306640625,-0.8796539306640625
quartic,correct,128,81,0.63671875,-0.87349510192871094,-0.87349510192871094
quartic,correct,128,82,0.64453125,-0.86753654479980469,-0.86753654479980469
quartic,correct,128,83,0.65234375,-0.86178970336914062,-0.86178970336914062
quartic,correct,128,84,0.66015625,-0.85626602172851562,-0.85626602172851562
quartic,correct,128,85,0.66796875,-0.85097694396972656,-0.85097694396972656
quartic,correct,128,86,0.67578125,-0.84593391418457031,-0.84593391418457031
quartic,correct,128,87,0.68359375,-0.84114837646484375,-0.84114837646484375
quartic,correct,128,88,0.69140625,-0.83663177490234375,-0.83663177490234375
quartic,correct,128,89,0.69921875,-0.83239555358892403,-0.83239555358892403
quartic,correct,128,90,0.70703125,-0.82845115661626778,-0.82845115661626778
quartic,correct,128,91,0.71484375,-0.82481002807622872,-0.82481002807622872
quartic,correct,128,92,0.72265625,-0.82148361206060372,-0.82148361206060372
quartic,correct,128,93,0.73046875,-0.81848335266118966,-0.81848335266118966
quartic,correct,128,94,0.73828125,-0.81582069396978341,-0.81582069396978341
quartic,correct,128,95,0.74609375,-0.81350708007818184,-0.81350708007818184
quartic,correct,128,96,0.75390625,-0.81155395507818184,-0.81155395507818184
quartic,correct,128,97,0.76171875,-0.8099727630616087,-0.8099727630616087
quartic,correct,128,98,0.76953125,-0.80877494812017403,-0.80877494812017403
quartic,correct,128,99,0.77734375,-0.80797195434575997,-0.80797195434575997
quartic,correct,128,100,0.78515625,-0.80757522583013497,-0.80757522583013497
quartic,correct,128,101,0.79296875,-0.80759620666509591,-0.80759620666509591
quartic,correct,128,102,0.80078125,-0.80804634094241123,-0.80804634094241123
quartic,correct,128,103,0.80859375,-0.80893707275396309,-0.80893707275396309
quartic,correct,128,104,0.81640625,-0.81027984619143467,-0.81027984619143467
quartic,correct,128,105,0.82421875,-0.81208610534673653,-0.81208610534673653
quartic,correct,128,106,0.83203125,-0.81436729431155186,-0.81436729431155186
quartic,correct,128,107,0.83984375,-0.8171348571777628,-0.8171348571777628
quartic,correct,128,108,0.84765625,-0.82040023803716622,-0.82040023803716622
quartic,correct,128,109,0.85546875,-0.82417488098147373,-0.82417488098147373
quartic,correct,128,110,0.86328125,-0.82847023010256748,-0.82847023010256748
quartic,correct,128,111,0.87109375,-0.83329772949221592,-0.83329772949221592
quartic,correct,128,112,0.87890625,-0.83866882324224434,-0.83866882324224434
quartic,correct,128,113,0.88671875,-0.84459495544439278,-0.84459495544439278
quartic,correct,128,114,0.89453125,-0.85108757019051495,-0.85108757019051495
quartic,correct,128,115,0.90234375,-0.85815811157235089,-0.85815811157235089
quartic,correct,128,116,0.91015625,-0.86581802368175431,-0.86581802368175431
quartic,correct,128,117,0.91796875,-0.87407875061046525,-0.87407875061046525
quartic,correct,128,118,0.92578125,-0.882951736450309,-0.882951736450309
quartic,correct,128,119,0.93359375,-0.89244842529308244,-0.89244842529308244
quartic,correct,128,120,0.94140625,-0.90258026123061086,-0.90258026123061086
quartic,correct,128,121,0.94921875,-0.9133586883546343,-0.9133586883546343
quartic,correct,128,122,0.95703125,-0.9247951507569212,-0.9247951507569212
quartic,correct,128,123,0.96484375,-0.93690109252941056,-0.93690109252941056
quartic,correct,128,124,0.97265625,-0.94968795776375714,-0.94968795776375714
quartic,correct,128,125,0.98046875,-0.96316719055184308,-0.96316719055184308
quartic,correct,128,126,0.98828125,-0.97735023498540841,-0.97735023498540841
quartic,correct,128,127,0.99609375,-0.99224853515630684,-0.99224853515630684
quartic,biased_source,4,0,0.125,-1.2249999999999996,-1.2249999999999996
quartic,biased_source,4,1,0.375,-1.1375000000000002,-1.1375000000000002
quartic,biased_source,4,2,0.625,-0.86249999999999893,-0.86249999999999893
quartic,biased_source,4,3,0.875,-0.77500000000000124,-0.77500000000000124
quartic,biased_source,8,0,0.0625,-1.1531250000000011,-1.1531250000000011
quartic,biased_source,8,1,0.1875,-1.2265625,-1.2265625
quartic,biased_source,8,2,0.3125,-1.1828124999999989,-1.1828124999999989
quartic,biased_source,8,3,0.4375,-1.0687500000000014,-1.0687500000000014
quartic,biased_source,8,4,0.5625,-0.93125000000000036,-0.93125000000000036
quartic,biased_source,8,5,0.6875,-0.81718750000000107,-0.81718750000000107
quartic,biased_source,8,6,0.8125,-0.77343749999999822,-0.77343749999999822
quartic,biased_source,8,7,0.9375,-0.84687499999999893,-0.84687499999999893
quartic,biased_source,16,0,0.03125,-1.10546875,-1.10546875
quartic,biased_source,16,1,0.09375,-1.1802734374999986,-1.1802734374999986
quartic,biased_source,16,2,0.15625,-1.2169921875000007,-1.2169921875000007
quartic,biased_source,16,3,0.21875,-1.2214843750000064,-1.2214843750000064
quartic,biased_source,16,4,0.28125,-1.1996093750000014,-1.1996093750000014
quartic,biased_source,16,5,0.34375,-1.1572265625,-1.1572265625
quartic,biased_source,16,6,0.40625,-1.1001953124999986,-1.1001953124999986
quartic,biased_source,16,7,0.46875,-1.0343749999999972,-1.0343749999999972
quartic,biased_source,16,8,0.53125,-0.96562499999999929,-0.96562499999999929
quartic,biased_source,16,9,0.59375,-0.89980468750000142,-0.89980468750000142
quartic,biased_source,16,10,0.65625,-0.84277343750000355,-0.84277343750000355
quartic,biased_source,16,11,0.71875,-0.80039062499999858,-0.80039062499999858
quartic,biased_source,16,12,0.78125,-0.77851562499999716,-0.77851562499999716
quartic,biased_source,16,13,0.84375,-0.78300781249999929,-0.78300781249999929
quartic,biased_source,16,14,0.90625,-0.81972656249999787,-0.81972656249999787
quartic,biased_source,16,15,0.96875,-0.89453125,-0.89453125
quartic,biased_source,32,0,0.015625,-1.0787109374999915,-1.0787109374999915
quartic,biased_source,32,1,0.046875,-1.1267333984374872,-1.1267333984374872
quartic,biased_source,32,2,0.078125,-1.1641357421874901,-1.1641357421874901
quartic,biased_source,32,3,0.109375,-1.1916503906249929,-1.1916503906249929
quartic,biased_source,32,4,0.140625,-1.2100097656249886,-1.2100097656249886
quartic,biased_source,32,5,0.171875,-1.2199462890624915,-1.2199462890624915
quartic,biased_source,32,6,0.203125,-1.2221923828124872,-1.2221923828124872
quartic,biased_source,32,7,0.234375,-1.2174804687499901,-1.2174804687499901
quartic,biased_source,32,8,0.265625,-1.2065429687499858,-1.2065429687499858
quartic,biased_source,32,9,0.296875,-1.1901123046874886,-1.1901123046874886
quartic,biased_source,32,10,0.328125,-1.1689208984374915,-1.1689208984374915
quartic,biased_source,32,11,0.359375,-1.1437011718749872,-1.1437011718749872
quartic,biased_source,32,12,0.390625,-1.1151855468749829,-1.1151855468749829
quartic,biased_source,32,13,0.421875,-1.0841064453124858,-1.0841064453124858
quartic,biased_source,32,14,0.453125,-1.0511962890624886,-1.0511962890624886
quartic,biased_source,32,15,0.484375,-1.0171874999999915,-1.0171874999999915
quartic,biased_source,32,16,0.515625,-0.98281249999999432,-0.98281249999999432
quartic,biased_source,32,17,0.546875,-0.94880371093749716,-0.94880371093749716
quartic,biased_source,32,18,0.578125,-0.91589355468748579,-0.91589355468748579
quartic,biased_source,32,19,0.609375,-0.88481445312500284,-0.88481445312500284
quartic,biased_source,32,20,0.640625,-0.85629882812500568,-0.85629882812500568
quartic,biased_source,32,21,0.671875,-0.83107910156250853,-0.83107910156250853
quartic,biased_source,32,22,0.703125,-0.80988769531251847,-0.80988769531251847
quartic,biased_source,32,23,0.734375,-0.79345703125001421,-0.79345703125001421
quartic,biased_source,32,24,0.765625,-0.78251953125001705,-0.78251953125001705
quartic,biased_source,32,25,0.796875,-0.77780761718751279,-0.77780761718751279
quartic,biased_source,32,26,0.828125,-0.78005371093751563,-0.78005371093751563
quartic,biased_source,32,27,0.859375,-0.78999023437501137,-0.78999023437501137
quartic,biased_source,32,28,0.890625,-0.80834960937502132,-0.80834960937502132
quartic,biased_source,32,29,0.921875,-0.83586425781251705,-0.83586425781251705
quartic,biased_source,32,30,0.953125,-0.873266601562527,-0.873266601562527
quartic,biased_source,32,31,0.984375,-0.92128906250002984,-0.92128906250002984
quartic,biased_source,64,0,0.0078125,-1.0645996093749517,-1.0645996093749517
quartic,biased_source,64,1,0.0234375,-1.0914031982421477,-1.0914031982421477
quartic,biased_source,64,2,0.0390625,-1.115414428710892,-1.115414428710892
quartic,biased_source,64,3,0.0546875,-1.1367248535156023,-1.1367248535156023
quartic,biased_source,64,4,0.0703125,-1.1554260253905824,-1.1554260253905824
quartic,biased_source,64,5,0.0859375,-1.1716094970702642,-1.1716094970702642
quartic,biased_source,64,6,0.1015625,-1.1853668212890085,-1.1853668212890085
quartic,biased_source,64,7,0.1171875,-1.1967895507811903,-1.1967895507811903
quartic,biased_source,64,8,0.1328125,-1.2059692382812131,-1.2059692382812131
quartic,biased_source,64,9,0.1484375,-1.2129974365233949,-1.2129974365233949
quartic,biased_source,64,10,0.1640625,-1.2179656982421534,-1.2179656982421534
quartic,biased_source,64,11,0.1796875,-1.220965576171821,-1.220965576171821
quartic,biased_source,64,12,0.1953125,-1.2220886230468153,-1.2220886230468153
quartic,biased_source,64,13,0.2109375,-1.2214263916015256,-1.2214263916015256
quartic,biased_source,64,14,0.2265625,-1.2190704345702699,-1.2190704345702699
quartic,biased_source,64,15,0.2421875,-1.2151123046874517,-1.2151123046874517
quartic,biased_source,64,16,0.2578125,-1.209643554687446,-1.209643554687446
quartic,biased_source,64,17,0.2734375,-1.202755737304642,-1.202755737304642
quartic,biased_source,64,18,0.2890625,-1.1945404052734006,-1.1945404052734006
quartic,biased_source,64,19,0.3046875,-1.1850891113280966,-1.1850891113280966
quartic,biased_source,64,20,0.3203125,-1.1744934082031051,-1.1744934082031051
quartic,biased_source,64,21,0.3359375,-1.1628448486328011,-1.1628448486328011
quartic,biased_source,64,22,0.3515625,-1.1502349853515597,-1.1502349853515597
quartic,biased_source,64,23,0.3671875,-1.1367553710937557,-1.1367553710937557
quartic,biased_source,64,24,0.3828125,-1.12249755859375,-1.12249755859375
quartic,biased_source,64,25,0.3984375,-1.1075531005859318,-1.1075531005859318
quartic,biased_source,64,26,0.4140625,-1.0920135498046903,-1.0920135498046903
quartic,biased_source,64,27,0.4296875,-1.0759704589843722,-1.0759704589843722
quartic,biased_source,64,28,0.4453125,-1.0595153808593807,-1.0595153808593807
quartic,biased_source,64,29,0.4609375,-1.0427398681640625,-1.0427398681640625
quartic,biased_source,64,30,0.4765625,-1.025735473632821,-1.025735473632821
quartic,biased_source,64,31,0.4921875,-1.0085937500000171,-1.0085937500000171
quartic,biased_source,64,32,0.5078125,-0.99140625000002558,-0.99140625000002558
quartic,biased_source,64,33,0.5234375,-0.9742645263672074,-0.9742645263672074
quartic,biased_source,64,34,0.5390625,-0.95726013183595171,-0.95726013183595171
quartic,biased_source,64,35,0.5546875,-0.94048461914063353,-0.94048461914063353
quartic,biased_source,64,36,0.5703125,-0.92402954101565626,-0.92402954101565626
quartic,biased_source,64,37,0.5859375,-0.90798645019532387,-0.90798645019532387
quartic,biased_source,64,38,0.6015625,-0.8924468994140824,-0.8924468994140824
quartic,biased_source,64,39,0.6171875,-0.87750244140627842,-0.87750244140627842
quartic,biased_source,64,40,0.6328125,-0.86324462890628695,-0.86324462890628695
quartic,biased_source,64,41,0.6484375,-0.84976501464848297,-0.84976501464848297
quartic,biased_source,64,42,0.6640625,-0.83715515136722729,-0.83715515136722729
quartic,biased_source,64,43,0.6796875,-0.82550659179692332,-0.82550659179692332
quartic,biased_source,64,44,0.6953125,-0.81491088867193184,-0.81491088867193184
quartic,biased_source,64,45,0.7109375,-0.80545959472661366,-0.80545959472661366
quartic,biased_source,64,46,0.7265625,-0.79724426269535797,-0.79724426269535797
quartic,biased_source,64,47,0.7421875,-0.79035644531252558,-0.79035644531252558
quartic,biased_source,64,48,0.7578125,-0.78488769531253411,-0.78488769531253411
quartic,biased_source,64,49,0.7734375,-0.78092956542971592,-0.78092956542971592
quartic,biased_source,64,50,0.7890625,-0.77857360839847445,-0.77857360839847445
quartic,biased_source,64,51,0.8046875,-0.77791137695317047,-0.77791137695317047
quartic,biased_source,64,52,0.8203125,-0.779034423828179,-0.779034423828179
quartic,biased_source,64,53,0.8359375,-0.78203430175784661,-0.78203430175784661
quartic,biased_source,64,54,0.8515625,-0.78700256347659092,-0.78700256347659092
quartic,biased_source,64,55,0.8671875,-0.79403076171878695,-0.79403076171878695
quartic,biased_source,64,56,0.8828125,-0.80321044921878126,-0.80321044921878126
quartic,biased_source,64,57,0.8984375,-0.81463317871096308,-0.81463317871096308
quartic,biased_source,64,58,0.9140625,-0.82839050292969318,-0.82839050292969318
quartic,biased_source,64,59,0.9296875,-0.84457397460938921,-0.84457397460938921
quartic,biased_source,64,60,0.9453125,-0.86327514648438353,-0.86327514648438353
quartic,biased_source,64,61,0.9609375,-0.88458557128906534,-0.88458557128906534
quartic,biased_source,64,62,0.9765625,-0.90859680175780966,-0.90859680175780966
quartic,biased_source,64,63,0.9921875,-0.93540039062499147,-0.93540039062499147
quartic,biased_source,128,0,0.00390625,-1.0573608398436534,-1.0573608398436534
quartic,biased_source,128,1,0.01171875,-1.0714778900145348,-1.0714778900145348
quartic,biased_source,128,2,0.01953125,-1.0848796844481399,-1.0848796844481399
quartic,biased_source,128,3,0.02734375,-1.0975776672362372,-1.0975776672362372
quartic,biased_source,128,4,0.03515625,-1.1095832824705951,-1.1095832824705951
quartic,biased_source,128,5,0.04296875,-1.1209079742430674,-1.1209079742430674
quartic,biased_source,128,6,0.05078125,-1.1315631866453941,-1.1315631866453941
quartic,biased_source,128,7,0.05859375,-1.1415603637694005,-1.1415603637694005
quartic,biased_source,128,8,0.06640625,-1.1509109497069119,-1.1509109497069119
quartic,biased_source,128,9,0.07421875,-1.1596263885496967,-1.1596263885496967
quartic,biased_source,128,10,0.08203125,-1.1677181243895518,-1.1677181243895518
quartic,biased_source,128,11,0.08984375,-1.1751976013182457,-1.1751976013182457
quartic,biased_source,128,12,0.09765625,-1.1820762634276036,-1.1820762634276036
quartic,biased_source,128,13,0.10546875,-1.1883655548094509,-1.1883655548094509
quartic,biased_source,128,14,0.11328125,-1.1940769195555561,-1.1940769195555561
quartic,biased_source,128,15,0.12109375,-1.1992218017577159,-1.1992218017577159
quartic,biased_source,128,16,0.12890625,-1.2038116455077272,-1.2038116455077272
quartic,biased_source,128,17,0.13671875,-1.2078578948973586,-1.2078578948973586
quartic,biased_source,128,18,0.14453125,-1.2113719940184353,-1.2113719940184353
quartic,biased_source,128,19,0.15234375,-1.214365386962811,-1.214365386962811
quartic,biased_source,128,20,0.16015625,-1.2168495178221974,-1.2168495178221974
quartic,biased_source,128,21,0.16796875,-1.2188358306884197,-1.2188358306884197
quartic,biased_source,128,22,0.17578125,-1.2203357696532748,-1.2203357696532748
quartic,biased_source,128,23,0.18359375,-1.2213607788085596,-1.2213607788085596
quartic,biased_source,128,24,0.19140625,-1.221922302246071,-1.221922302246071
quartic,biased_source,128,25,0.19921875,-1.2220317840575774,-1.2220317840575774
quartic,biased_source,128,26,0.20703125,-1.2217006683349041,-1.2217006683349041
quartic,biased_source,128,27,0.21484375,-1.2209403991698764,-1.2209403991698764
quartic,biased_source,128,28,0.22265625,-1.2197624206542628,-1.2197624206542628
quartic,biased_source,128,29,0.23046875,-1.2181781768798601,-1.2181781768798601
quartic,biased_source,128,30,0.23828125,-1.2161991119384652,-1.2161991119384652
quartic,biased_source,128,31,0.24609375,-1.213836669921875,-1.213836669921875
quartic,biased_source,128,32,0.25390625,-1.2111022949218864,-1.2111022949218864
quartic,biased_source,128,33,0.26171875,-1.2080074310302962,-1.2080074310302962
quartic,biased_source,128,34,0.26953125,-1.2045635223388729,-1.2045635223388729
quartic,biased_source,128,35,0.27734375,-1.2007820129394702,-1.2007820129394702
quartic,biased_source,128,36,0.28515625,-1.1966743469238281,-1.1966743469238281
quartic,biased_source,128,37,0.29296875,-1.192251968383772,-1.192251968383772
quartic,biased_source,128,38,0.30078125,-1.1875263214111271,-1.1875263214111271
quartic,biased_source,128,39,0.30859375,-1.1825088500976619,-1.1825088500976619
quartic,biased_source,128,40,0.31640625,-1.1772109985351733,-1.1772109985351733
quartic,biased_source,128,41,0.32421875,-1.1716442108154581,-1.1716442108154581
quartic,biased_source,128,42,0.33203125,-1.1658199310303132,-1.1658199310303132
quartic,biased_source,128,43,0.33984375,-1.1597496032715355,-1.1597496032715355
quartic,biased_source,128,44,0.34765625,-1.1534446716309219,-1.1534446716309219
quartic,biased_source,128,45,0.35546875,-1.1469165802002124,-1.1469165802002124
quartic,biased_source,128,46,0.36328125,-1.1401767730713175,-1.1401767730713175
quartic,biased_source,128,47,0.37109375,-1.1332366943359489,-1.1332366943359489
quartic,biased_source,128,48,0.37890625,-1.1261077880859602,-1.1261077880859602
quartic,biased_source,128,49,0.38671875,-1.11880149841312,-1.11880149841312
quartic,biased_source,128,50,0.39453125,-1.1113292694092252,-1.1113292694092252
quartic,biased_source,128,51,0.40234375,-1.1037025451660725,-1.1037025451660725
quartic,biased_source,128,52,0.41015625,-1.0959327697754588,-1.0959327697754588
quartic,biased_source,128,53,0.41796875,-1.0880313873291243,-1.0880313873291243
quartic,biased_source,128,54,0.42578125,-1.080009841918951,-1.080009841918951
quartic,biased_source,128,55,0.43359375,-1.0718795776367358,-1.0718795776367358
quartic,biased_source,128,56,0.44140625,-1.0636520385742472,-1.0636520385742472
quartic,biased_source,128,57,0.44921875,-1.0553386688232251,-1.0553386688232251
quartic,biased_source,128,58,0.45703125,-1.0469509124755803,-1.0469509124755803
quartic,biased_source,128,59,0.46484375,-1.0385002136229957,-1.0385002136229957
quartic,biased_source,128,60,0.47265625,-1.0299980163573821,-1.0299980163573821
quartic,biased_source,128,61,0.48046875,-1.021455764770451,-1.021455764770451
quartic,biased_source,128,62,0.48828125,-1.0128849029540277,-1.0128849029540277
quartic,biased_source,128,63,0.49609375,-1.0042968749999375,-1.0042968749999375
quartic,biased_source,128,64,0.50390625,-0.99570312499994884,-0.99570312499994884
quartic,biased_source,128,65,0.51171875,-0.98711509704585865,-0.98711509704585865
quartic,biased_source,128,66,0.51953125,-0.97854423522946377,-0.97854423522946377
quartic,biased_source,128,67,0.52734375,-0.97000198364250423,-0.97000198364250423
quartic,biased_source,128,68,0.53515625,-0.96149978637691902,-0.96149978637691902
quartic,biased_source,128,69,0.54296875,-0.95304908752441975,-0.95304908752441975
quartic,biased_source,128,70,0.55078125,-0.94466133117671802,-0.94466133117671802
quartic,biased_source,128,71,0.55859375,-0.93634796142575283,-0.93634796142575283
quartic,biased_source,128,72,0.56640625,-0.9281204223632642,-0.9281204223632642
quartic,biased_source,128,73,0.57421875,-0.919990158081049,-0.919990158081049
quartic,biased_source,128,74,0.58203125,-0.91196861267090412,-0.91196861267090412
quartic,biased_source,128,75,0.58984375,-0.90406723022462643,-0.90406723022462643
quartic,biased_source,128,76,0.59765625,-0.89629745483395595,-0.89629745483395595
quartic,biased_source,128,77,0.60546875,-0.88867073059077484,-0.88867073059077484
quartic,biased_source,128,78,0.61328125,-0.88119850158687996,-0.88119850158687996
quartic,biased_source,128,79,0.62109375,-0.87389221191406818,-0.87389221191406818
quartic,biased_source,128,80,0.62890625,-0.86676330566407955,-0.86676330566407955
quartic,biased_source,128,81,0.63671875,-0.85982322692868252,-0.85982322692868252
quartic,biased_source,128,82,0.64453125,-0.85308341979978763,-0.85308341979978763
quartic,biased_source,128,83,0.65234375,-0.84655532836913494,-0.84655532836913494
quartic,biased_source,128,84,0.66015625,-0.84025039672852131,-0.84025039672852131
quartic,biased_source,128,85,0.66796875,-0.83418006896974362,-0.83418006896974362
quartic,biased_source,128,86,0.67578125,-0.82835578918454189,-0.82835578918454189
quartic,biased_source,128,87,0.68359375,-0.8227890014648267,-0.8227890014648267
quartic,biased_source,128,88,0.69140625,-0.81749114990233807,-0.81749114990233807
quartic,biased_source,128,89,0.69921875,-0.81247367858892972,-0.81247367858892972
quartic,biased_source,128,90,0.70703125,-0.80774803161628483,-0.80774803161628483
quartic,biased_source,128,91,0.71484375,-0.80332565307625714,-0.80332565307625714
quartic,biased_source,128,92,0.72265625,-0.79921798706058667,-0.79921798706058667
quartic,biased_source,128,93,0.73046875,-0.79543647766118397,-0.79543647766118397
quartic,biased_source,128,94,0.73828125,-0.79199256896978909,-0.79199256896978909
quartic,biased_source,128,95,0.74609375,-0.78889770507817047,-0.78889770507817047
quartic,biased_source,128,96,0.75390625,-0.78616333007818184,-0.78616333007818184
quartic,biased_source,128,97,0.76171875,-0.78380088806162007,-0.78380088806162007
quartic,biased_source,128,98,0.76953125,-0.78182182312016835,-0.78182182312016835
quartic,biased_source,128,99,0.77734375,-0.78023757934576565,-0.78023757934576565
quartic,biased_source,128,100,0.78515625,-0.7790596008301236,-0.7790596008301236
quartic,biased_source,128,101,0.79296875,-0.77829933166509591,-0.77829933166509591
quartic,biased_source,128,102,0.80078125,-0.7779682159424226,-0.7779682159424226
quartic,biased_source,128,103,0.80859375,-0.77807769775395741,-0.77807769775395741
quartic,biased_source,128,104,0.81640625,-0.77863922119144036,-0.77863922119144036
quartic,biased_source,128,105,0.82421875,-0.77966423034672516,-0.77966423034672516
quartic,biased_source,128,106,0.83203125,-0.78116416931155186,-0.78116416931155186
quartic,biased_source,128,107,0.83984375,-0.78315048217777417,-0.78315048217777417
quartic,biased_source,128,108,0.84765625,-0.78563461303716053,-0.78563461303716053
quartic,biased_source,128,109,0.85546875,-0.78862800598147942,-0.78862800598147942
quartic,biased_source,128,110,0.86328125,-0.79214210510258454,-0.79214210510258454
quartic,biased_source,128,111,0.87109375,-0.79618835449221592,-0.79618835449221592
quartic,biased_source,128,112,0.87890625,-0.80077819824222729,-0.80077819824222729
quartic,biased_source,128,113,0.88671875,-0.8059230804443871,-0.8059230804443871
quartic,biased_source,128,114,0.89453125,-0.81163444519049222,-0.81163444519049222
quartic,biased_source,128,115,0.90234375,-0.81792373657236794,-0.81792373657236794
quartic,biased_source,128,116,0.91015625,-0.82480239868175431,-0.82480239868175431
quartic,biased_source,128,117,0.91796875,-0.83228187561047662,-0.83228187561047662
quartic,biased_source,128,118,0.92578125,-0.84037361145030331,-0.84037361145030331
quartic,biased_source,128,119,0.93359375,-0.84908905029308812,-0.84908905029308812
quartic,biased_source,128,120,0.94140625,-0.85843963623057107,-0.85843963623057107
quartic,biased_source,128,121,0.94921875,-0.86843681335460587,-0.86843681335460587
quartic,biased_source,128,122,0.95703125,-0.87909202575696099,-0.87909202575696099
quartic,biased_source,128,123,0.96484375,-0.89041671752940488,-0.89041671752940488
quartic,biased_source,128,124,0.97265625,-0.90242233276376282,-0.90242233276376282
quartic,biased_source,128,125,0.98046875,-0.91512031555186013,-0.91512031555186013
quartic,biased_source,128,126,0.98828125,-0.92852210998543683,-0.92852210998543683
quartic,biased_source,128,127,0.99609375,-0.94263916015634663,-0.94263916015634663
quartic,omit_right,4,0,0.125,0.8125,0.8125
quartic,omit_right,4,1,0.375,0.875,0.875
quartic,omit_right,4,2,0.625,1.1250000000000002,1.1250000000000002
quartic,omit_right,4,3,0.875,-6.8125,1.1874999999999998
quartic,omit_right,8,0,0.0625,0.890625,0.890625
quartic,omit_right,8,1,0.1875,0.8046875,0.8046875
quartic,omit_right,8,2,0.3125,0.83593750000000089,0.83593750000000089
quartic,omit_right,8,3,0.4375,0.93749999999999911,0.93749999999999911
quartic,omit_right,8,4,0.5625,1.0625,1.0625
quartic,omit_right,8,5,0.6875,1.1640625,1.1640625
quartic,omit_right,8,6,0.8125,1.1953125,1.1953125
quartic,omit_right,8,7,0.9375,-14.890625,1.109375
quartic,omit_right,16,0,0.03125,0.94140625,0.94140625
quartic,omit_right,16,1,0.09375,0.8603515625,0.8603515625
quartic,omit_right,16,2,0.15625,0.81738281250000178,0.81738281250000178
quartic,omit_right,16,3,0.21875,0.80664062499999822,0.80664062499999822
quartic,omit_right,16,4,0.28125,0.822265625,0.822265625
quartic,omit_right,16,5,0.34375,0.8583984375,0.8583984375
quartic,omit_right,16,6,0.40625,0.9091796875,0.9091796875
quartic,omit_right,16,7,0.46875,0.96875,0.96875
quartic,omit_right,16,8,0.53125,1.03125,1.03125
quartic,omit_right,16,9,0.59375,1.0908203125,1.0908203125
quartic,omit_right,16,10,0.65625,1.1416015624999991,1.1416015624999991
quartic,omit_right,16,11,0.71875,1.177734375,1.177734375
quartic,omit_right,16,12,0.78125,1.1933593750000004,1.1933593750000004
quartic,omit_right,16,13,0.84375,1.1826171875000004,1.1826171875000004
quartic,omit_right,16,14,0.90625,1.1396484375,1.1396484375
quartic,omit_right,16,15,0.96875,-30.94140625,1.05859375
quartic,omit_right,32,0,0.015625,0.96972656250000711,0.96972656250000711
quartic,omit_right,32,1,0.046875,0.91857910156250355,0.91857910156250355
quartic,omit_right,32,2,0.078125,0.8780517578125,0.8780517578125
quartic,omit_right,32,3,0.109375,0.847412109375,0.847412109375
quartic,omit_right,32,4,0.140625,0.825927734375,0.825927734375
quartic,omit_right,32,5,0.171875,0.81286621093750355,0.81286621093750355
quartic,omit_right,32,6,0.203125,0.80749511718750355,0.80749511718750355
quartic,omit_right,32,7,0.234375,0.80908203125000355,0.80908203125000355
quartic,omit_right,32,8,0.265625,0.81689453125000355,0.81689453125000355
quartic,omit_right,32,9,0.296875,0.83020019531250355,0.83020019531250355
quartic,omit_right,32,10,0.328125,0.8482666015625,0.8482666015625
quartic,omit_right,32,11,0.359375,0.870361328125,0.870361328125
quartic,omit_right,32,12,0.390625,0.89575195312500355,0.89575195312500355
quartic,omit_right,32,13,0.421875,0.9237060546875,0.9237060546875
quartic,omit_right,32,14,0.453125,0.9534912109375,0.9534912109375
quartic,omit_right,32,15,0.484375,0.98437500000000355,0.98437500000000355
quartic,omit_right,32,16,0.515625,1.0156250000000036,1.0156250000000036
quartic,omit_right,32,17,0.546875,1.0465087890625036,1.0465087890625036
quartic,omit_right,32,18,0.578125,1.0762939453125018,1.0762939453125018
quartic,omit_right,32,19,0.609375,1.104248046875,1.104248046875
quartic,omit_right,32,20,0.640625,1.1296386718749982,1.1296386718749982
quartic,omit_right,32,21,0.671875,1.1517333984374982,1.1517333984374982
quartic,omit_right,32,22,0.703125,1.1697998046874964,1.1697998046874964
quartic,omit_right,32,23,0.734375,1.1831054687499947,1.1831054687499947
quartic,omit_right,32,24,0.765625,1.1909179687499964,1.1909179687499964
quartic,omit_right,32,25,0.796875,1.1925048828124964,1.1925048828124964
quartic,omit_right,32,26,0.828125,1.1871337890624956,1.1871337890624956
quartic,omit_right,32,27,0.859375,1.1740722656249964,1.1740722656249964
quartic,omit_right,32,28,0.890625,1.1525878906249956,1.1525878906249956
quartic,omit_right,32,29,0.921875,1.121948242187496,1.121948242187496
quartic,omit_right,32,30,0.953125,1.081420898437496,1.081420898437496
quartic,omit_right,32,31,0.984375,-62.969726562500007,1.0302734374999956
quartic,omit_right,64,0,0.0078125,0.98461914062502842,0.98461914062502842
quartic,omit_right,64,1,0.0234375,0.95625305175783382,0.95625305175783382
quartic,omit_right,64,2,0.0390625,0.93067932128908382,0.93067932128908382
quartic,omit_right,64,3,0.0546875,0.90780639648439632,0.90780639648439632
quartic,omit_right,64,4,0.0703125,0.88754272460938921,0.88754272460938921
quartic,omit_right,64,5,0.0859375,0.86979675292971592,0.86979675292971592
quartic,omit_right,64,6,0.1015625,0.85447692871096592,0.85447692871096592
quartic,omit_right,64,7,0.1171875,0.84149169921877132,0.84149169921877132
quartic,omit_right,64,8,0.1328125,0.83074951171877132,0.83074951171877132
quartic,omit_right,64,9,0.1484375,0.82215881347657671,0.82215881347657671
quartic,omit_right,64,10,0.1640625,0.81562805175782671,0.81562805175782671
quartic,omit_right,64,11,0.1796875,0.81106567382815342,0.81106567382815342
quartic,omit_right,64,12,0.1953125,0.80838012695315342,0.80838012695315342
quartic,omit_right,64,13,0.2109375,0.80747985839845882,0.80747985839845882
quartic,omit_right,64,14,0.2265625,0.80827331542970882,0.80827331542970882
quartic,omit_right,64,15,0.2421875,0.81066894531252132,0.81066894531252132
quartic,omit_right,64,16,0.2578125,0.81457519531252132,0.81457519531252132
quartic,omit_right,64,17,0.2734375,0.81990051269533382,0.81990051269533382
quartic,omit_right,64,18,0.2890625,0.82655334472658382,0.82655334472658382
quartic,omit_right,64,19,0.3046875,0.83444213867188211,0.83444213867188211
quartic,omit_right,64,20,0.3203125,0.84347534179688921,0.84347534179688921
quartic,omit_right,64,21,0.3359375,0.85356140136719461,0.85356140136719461
quartic,omit_right,64,22,0.3515625,0.8646087646484375,0.8646087646484375
quartic,omit_right,64,23,0.3671875,0.87652587890625,0.87652587890625
quartic,omit_right,64,24,0.3828125,0.88922119140625,0.88922119140625
quartic,omit_right,64,25,0.3984375,0.9026031494140625,0.9026031494140625
quartic,omit_right,64,26,0.4140625,0.9165802001953125,0.9165802001953125
quartic,omit_right,64,27,0.4296875,0.93106079101563211,0.93106079101563211
quartic,omit_right,64,28,0.4453125,0.94595336914061789,0.94595336914061789
quartic,omit_right,64,29,0.4609375,0.96116638183593039,0.96116638183593039
quartic,omit_right,64,30,0.4765625,0.97660827636718039,0.97660827636718039
quartic,omit_right,64,31,0.4921875,0.99218749999999289,0.99218749999999289
quartic,omit_right,64,32,0.5078125,1.0078124999999929,1.0078124999999929
quartic,omit_right,64,33,0.5234375,1.0233917236328054,1.0233917236328054
quartic,omit_right,64,34,0.5390625,1.0388336181640554,1.0388336181640554
quartic,omit_right,64,35,0.5546875,1.0540466308593608,1.0540466308593608
quartic,omit_right,64,36,0.5703125,1.0689392089843608,1.0689392089843608
quartic,omit_right,64,37,0.5859375,1.0834197998046804,1.0834197998046804
quartic,omit_right,64,38,0.6015625,1.0973968505859268,1.0973968505859268
quartic,omit_right,64,39,0.6171875,1.1107788085937358,1.1107788085937358
quartic,omit_right,64,40,0.6328125,1.1234741210937358,1.1234741210937358
quartic,omit_right,64,41,0.6484375,1.1353912353515447,1.1353912353515447
quartic,omit_right,64,42,0.6640625,1.1464385986327983,1.1464385986327983
quartic,omit_right,64,43,0.6796875,1.1565246582031072,1.1565246582031072
quartic,omit_right,64,44,0.6953125,1.1655578613281108,1.1655578613281108
quartic,omit_right,64,45,0.7109375,1.1734466552734233,1.1734466552734233
quartic,omit_right,64,46,0.7265625,1.1800994873046697,1.1800994873046697
quartic,omit_right,64,47,0.7421875,1.1854248046874858,1.1854248046874858
quartic,omit_right,64,48,0.7578125,1.1893310546874858,1.1893310546874858
quartic,omit_right,64,49,0.7734375,1.1917266845702965,1.1917266845702965
quartic,omit_right,64,50,0.7890625,1.1925201416015501,1.1925201416015501
quartic,omit_right,64,51,0.8046875,1.1916198730468572,1.1916198730468572
quartic,omit_right,64,52,0.8203125,1.1889343261718572,1.1889343261718572
quartic,omit_right,64,53,0.8359375,1.1843719482421733,1.1843719482421733
quartic,omit_right,64,54,0.8515625,1.1778411865234251,1.1778411865234251
quartic,omit_right,64,55,0.8671875,1.1692504882812376,1.1692504882812376
quartic,omit_right,64,56,0.8828125,1.1585083007812367,1.1585083007812367
quartic,omit_right,64,57,0.8984375,1.1455230712890483,1.1455230712890483
quartic,omit_right,64,58,0.9140625,1.1302032470703001,1.1302032470703001
quartic,omit_right,64,59,0.9296875,1.1124572753906117,1.1124572753906117
quartic,omit_right,64,60,0.9453125,1.0921936035156121,1.0921936035156121
quartic,omit_right,64,61,0.9609375,1.0693206787109251,1.0693206787109251
quartic,omit_right,64,62,0.9765625,1.0437469482421753,1.0437469482421753
quartic,omit_right,64,63,0.9921875,-126.98461914062501,1.0153808593749878
quartic,omit_right,128,0,0.00390625,0.99224853515633527,0.99224853515633527
quartic,omit_right,128,1,0.01171875,0.97735023498542262,0.97735023498542262
quartic,omit_right,128,2,0.01953125,0.96316719055181466,0.96316719055181466
quartic,omit_right,128,3,0.02734375,0.94968795776371451,0.94968795776371451
quartic,omit_right,128,4,0.03515625,0.93690109252935372,0.93690109252935372
quartic,omit_right,128,5,0.04296875,0.92479515075690699,0.92479515075690699
quartic,omit_right,128,6,0.05078125,0.91335868835457745,0.91335868835457745
quartic,omit_right,128,7,0.05859375,0.90258026123055402,0.90258026123055402
quartic,omit_right,128,8,0.06640625,0.89244842529302559,0.89244842529302559
quartic,omit_right,128,9,0.07421875,0.88295173645025216,0.88295173645025216
quartic,omit_right,128,10,0.08203125,0.8740787506103942,0.8740787506103942
quartic,omit_right,128,11,0.08984375,0.86581802368169747,0.86581802368169747
quartic,omit_right,128,12,0.09765625,0.85815811157233668,0.85815811157233668
quartic,omit_right,128,13,0.10546875,0.85108757019048653,0.85108757019048653
quartic,omit_right,128,14,0.11328125,0.84459495544440699,0.84459495544440699
quartic,omit_right,128,15,0.12109375,0.83866882324224434,0.83866882324224434
quartic,omit_right,128,16,0.12890625,0.83329772949225855,0.83329772949225855
quartic,omit_right,128,17,0.13671875,0.82847023010261012,0.82847023010261012
quartic,omit_right,128,18,0.14453125,0.82417488098151637,0.82417488098151637
quartic,omit_right,128,19,0.15234375,0.82040023803716622,0.82040023803716622
quartic,omit_right,128,20,0.16015625,0.8171348571777628,0.8171348571777628
quartic,omit_right,128,21,0.16796875,0.81436729431155186,0.81436729431155186
quartic,omit_right,128,22,0.17578125,0.8120861053466939,0.8120861053466939
quartic,omit_right,128,23,0.18359375,0.81027984619142046,0.81027984619142046
quartic,omit_right,128,24,0.19140625,0.80893707275393467,0.80893707275393467
quartic,omit_right,128,25,0.19921875,0.80804634094239702,0.80804634094239702
quartic,omit_right,128,26,0.20703125,0.80759620666503906,0.80759620666503906
quartic,omit_right,128,27,0.21484375,0.80757522583010655,0.80757522583010655
quartic,omit_right,128,28,0.22265625,0.80797195434570312,0.80797195434570312
quartic,omit_right,128,29,0.23046875,0.80877494812011719,0.80877494812011719
quartic,omit_right,128,30,0.23828125,0.80997276306152344,0.80997276306152344
quartic,omit_right,128,31,0.24609375,0.81155395507811079,0.81155395507811079
quartic,omit_right,128,32,0.25390625,0.81350708007811079,0.81350708007811079
quartic,omit_right,128,33,0.26171875,0.81582069396971235,0.81582069396971235
quartic,omit_right,128,34,0.26953125,0.81848335266113281,0.81848335266113281
quartic,omit_right,128,35,0.27734375,0.82148361206054688,0.82148361206054688
quartic,omit_right,128,36,0.28515625,0.82481002807617188,0.82481002807617188
quartic,omit_right,128,37,0.29296875,0.82845115661621094,0.82845115661621094
quartic,omit_right,128,38,0.30078125,0.83239555358885298,0.83239555358885298
quartic,omit_right,128,39,0.30859375,0.83663177490231533,0.83663177490231533
quartic,omit_right,128,40,0.31640625,0.84114837646481533,0.84114837646481533
quartic,omit_right,128,41,0.32421875,0.84593391418452768,0.84593391418452768
quartic,omit_right,128,42,0.33203125,0.85097694396969814,0.85097694396969814
quartic,omit_right,128,43,0.33984375,0.85626602172847299,0.85626602172847299
quartic,omit_right,128,44,0.34765625,0.8617897033691122,0.8617897033691122
quartic,omit_right,128,45,0.35546875,0.86753654479977627,0.86753654479977627
quartic,omit_right,128,46,0.36328125,0.87349510192868252,0.87349510192868252
quartic,omit_right,128,47,0.37109375,0.87965393066404829,0.87965393066404829
quartic,omit_right,128,48,0.37890625,0.88600158691404829,0.88600158691404829
quartic,omit_right,128,49,0.38671875,0.89252662658688564,0.89252662658688564
quartic,omit_right,128,50,0.39453125,0.89921760559079189,0.89921760559079189
quartic,omit_right,128,51,0.40234375,0.90606307983395595,0.90606307983395595
quartic,omit_right,128,52,0.41015625,0.91305160522458095,0.91305160522458095
quartic,omit_right,128,53,0.41796875,0.92017173767087002,0.92017173767087002
quartic,omit_right,128,54,0.42578125,0.92741203308105469,0.92741203308105469
quartic,omit_right,128,55,0.43359375,0.93476104736326704,0.93476104736326704
quartic,omit_right,128,56,0.44140625,0.94220733642576704,0.94220733642576704
quartic,omit_right,128,57,0.44921875,0.9497394561767436,0.9497394561767436
quartic,omit_right,128,58,0.45703125,0.95734596252441406,0.95734596252441406
quartic,omit_right,128,59,0.46484375,0.96501541137695312,0.96501541137695312
quartic,omit_right,128,60,0.47265625,0.97273635864257812,0.97273635864257812
quartic,omit_right,128,61,0.48046875,0.98049736022949219,0.98049736022949219
quartic,omit_right,128,62,0.48828125,0.98828697204591265,0.98828697204591265
quartic,omit_right,128,63,0.49609375,0.99609375000001421,0.99609375000001421
quartic,omit_right,128,64,0.50390625,1.0039062500000142,1.0039062500000142
quartic,omit_right,128,65,0.51171875,1.0117130279541016,1.0117130279541016
quartic,omit_right,128,66,0.51953125,1.0195026397705078,1.0195026397705078
quartic,omit_right,128,67,0.52734375,1.0272636413574219,1.0272636413574219
quartic,omit_right,128,68,0.53515625,1.0349845886230469,1.0349845886230469
quartic,omit_right,128,69,0.54296875,1.0426540374755717,1.0426540374755717
quartic,omit_right,128,70,0.55078125,1.0502605438232422,1.0502605438232422
quartic,omit_right,128,71,0.55859375,1.0577926635742116,1.0577926635742116
quartic,omit_right,128,72,0.56640625,1.0652389526367188,1.0652389526367188
quartic,omit_right,128,73,0.57421875,1.0725879669189382,1.0725879669189382
quartic,omit_right,128,74,0.58203125,1.0798282623290945,1.0798282623290945
quartic,omit_right,128,75,0.58984375,1.0869483947753835,1.0869483947753835
quartic,omit_right,128,76,0.59765625,1.0939369201660156,1.0939369201660156
quartic,omit_right,128,77,0.60546875,1.1007823944091868,1.1007823944091868
quartic,omit_right,128,78,0.61328125,1.1074733734130859,1.1074733734130859
quartic,omit_right,128,79,0.62109375,1.1139984130859304,1.1139984130859304
quartic,omit_right,128,80,0.62890625,1.1203460693359233,1.1203460693359233
quartic,omit_right,128,81,0.63671875,1.126504898071282,1.126504898071282
quartic,omit_right,128,82,0.64453125,1.1324634552001953,1.1324634552001953
quartic,omit_right,128,83,0.65234375,1.1382102966308452,1.1382102966308452
quartic,omit_right,128,84,0.66015625,1.1437339782714702,1.1437339782714702
quartic,omit_right,128,85,0.66796875,1.1490230560302592,1.1490230560302592
quartic,omit_right,128,86,0.67578125,1.1540660858154226,1.1540660858154226
quartic,omit_right,128,87,0.68359375,1.158851623535142,1.158851623535142
quartic,omit_right,128,88,0.69140625,1.1633682250976491,1.1633682250976491
quartic,omit_right,128,89,0.69921875,1.1676044464111115,1.1676044464111115
quartic,omit_right,128,90,0.70703125,1.1715488433837606,1.1715488433837606
quartic,omit_right,128,91,0.71484375,1.1751899719237997,1.1751899719237997
quartic,omit_right,128,92,0.72265625,1.1785163879394318,1.1785163879394318
quartic,omit_right,128,93,0.73046875,1.181516647338853,1.181516647338853
quartic,omit_right,128,94,0.73828125,1.1841793060302521,1.1841793060302521
quartic,omit_right,128,95,0.74609375,1.1864929199218537,1.1864929199218537
quartic,omit_right,128,96,0.75390625,1.1884460449218537,1.1884460449218537
quartic,omit_right,128,97,0.76171875,1.1900272369384481,1.1900272369384481
quartic,omit_right,128,98,0.76953125,1.1912250518798544,1.1912250518798544
quartic,omit_right,128,99,0.77734375,1.1920280456542756,1.1920280456542756
quartic,omit_right,128,100,0.78515625,1.1924247741699006,1.1924247741699006
quartic,omit_right,128,101,0.79296875,1.1924037933349432,1.1924037933349432
quartic,omit_right,128,102,0.80078125,1.1919536590575994,1.1919536590575994
quartic,omit_right,128,103,0.80859375,1.191062927246076,1.191062927246076
quartic,omit_right,128,104,0.81640625,1.189720153808576,1.189720153808576
quartic,omit_right,128,105,0.82421875,1.1879138946533025,1.1879138946533025
quartic,omit_right,128,106,0.83203125,1.1856327056884588,1.1856327056884588
quartic,omit_right,128,107,0.83984375,1.1828651428222479,1.1828651428222479
quartic,omit_right,128,108,0.84765625,1.1795997619628693,1.1795997619628693
quartic,omit_right,128,109,0.85546875,1.1758251190185369,1.1758251190185369
quartic,omit_right,128,110,0.86328125,1.1715297698974396,1.1715297698974396
quartic,omit_right,128,111,0.87109375,1.1667022705077947,1.1667022705077947
quartic,omit_right,128,112,0.87890625,1.1613311767577947,1.1613311767577947
quartic,omit_right,128,113,0.88671875,1.1554050445556445,1.1554050445556445
quartic,omit_right,128,114,0.89453125,1.148912429809549,1.148912429809549
quartic,omit_right,128,115,0.90234375,1.1418418884277131,1.1418418884277131
quartic,omit_right,128,116,0.91015625,1.1341819763183381,1.1341819763183381
quartic,omit_right,128,117,0.91796875,1.1259212493896253,1.1259212493896253
quartic,omit_right,128,118,0.92578125,1.1170482635497816,1.1170482635497816
quartic,omit_right,128,119,0.93359375,1.1075515747070082,1.1075515747070082
quartic,omit_right,128,120,0.94140625,1.097419738769509,1.097419738769509
quartic,omit_right,128,121,0.94921875,1.0866413116454847,1.0866413116454847
quartic,omit_right,128,122,0.95703125,1.075204849243141,1.075204849243141
quartic,omit_right,128,123,0.96484375,1.06309890747068,1.06309890747068
quartic,omit_right,128,124,0.97265625,1.0503120422363059,1.0503120422363059
quartic,omit_right,128,125,0.98046875,1.0368328094482195,1.0368328094482195
quartic,omit_right,128,126,0.98828125,1.022649765014626,1.022649765014626
quartic,omit_right,128,127,0.99609375,-254.99224853515628,1.0077514648437276
quartic,fixed_jacobi,4,0,0.125,-1.18731689453125,-1.18731689453125
quartic,fixed_jacobi,4,1,0.375,-1.1248779296875,-1.1248779296875
quartic,fixed_jacobi,4,2,0.625,-0.8751220703125,-0.8751220703125
quartic,fixed_jacobi,4,3,0.875,-0.81268310546875,-0.81268310546875
quartic,fixed_jacobi,8,0,0.0625,-1.0720696449279785,-1.0720696449279785
quartic,fixed_jacobi,8,1,0.1875,-1.1627943515777588,-1.1627943515777588
quartic,fixed_jacobi,8,2,0.3125,-1.1438229084014893,-1.1438229084014893
quartic,fixed_jacobi,8,3,0.4375,-1.0538177490234375,-1.0538177490234375
quartic,fixed_jacobi,8,4,0.5625,-0.9461822509765625,-0.9461822509765625
quartic,fixed_jacobi,8,5,0.6875,-0.85617709159851074,-0.85617709159851074
quartic,fixed_jacobi,8,6,0.8125,-0.83720564842224121,-0.83720564842224121
quartic,fixed_jacobi,8,7,0.9375,-0.92793035507202148,-0.92793035507202148
quartic,fixed_jacobi,16,0,0.03125,-0.94041498005390167,-0.94041498005390167
quartic,fixed_jacobi,16,1,0.09375,-1.0252030864357948,-1.0252030864357948
quartic,fixed_jacobi,16,2,0.15625,-1.0767036154866219,-1.0767036154866219
quartic,fixed_jacobi,16,3,0.21875,-1.0988135933876038,-1.0988135933876038
quartic,fixed_jacobi,16,4,0.28125,-1.0999429821968079,-1.0999429821968079
quartic,fixed_jacobi,16,5,0.34375,-1.0823799073696136,-1.0823799073696136
quartic,fixed_jacobi,16,6,0.40625,-1.0547818839550018,-1.0547818839550018
quartic,fixed_jacobi,16,7,0.46875,-1.0184136629104614,-1.0184136629104614
quartic,fixed_jacobi,16,8,0.53125,-0.98158633708953857,-0.98158633708953857
quartic,fixed_jacobi,16,9,0.59375,-0.94521811604499817,-0.94521811604499817
quartic,fixed_jacobi,16,10,0.65625,-0.91762009263038635,-0.91762009263038635
quartic,fixed_jacobi,16,11,0.71875,-0.90005701780319214,-0.90005701780319214
quartic,fixed_jacobi,16,12,0.78125,-0.90118640661239624,-0.90118640661239624
quartic,fixed_jacobi,16,13,0.84375,-0.92329638451337814,-0.92329638451337814
quartic,fixed_jacobi,16,14,0.90625,-0.97479691356420517,-0.97479691356420517
quartic,fixed_jacobi,16,15,0.96875,-1.0595850199460983,-1.0595850199460983
quartic,fixed_jacobi,32,0,0.015625,-0.90526319947093725,-0.90526319947093725
quartic,fixed_jacobi,32,1,0.046875,-0.95447155786678195,-0.95447155786678195
quartic,fixed_jacobi,32,2,0.078125,-0.99199276557192206,-0.99199276557192206
quartic,fixed_jacobi,32,3,0.109375,-1.0183128751814365,-1.0183128751814365
quartic,fixed_jacobi,32,4,0.140625,-1.0363034196197987,-1.0363034196197987
quartic,fixed_jacobi,32,5,0.171875,-1.0462451437488198,-1.0462451437488198
quartic,fixed_jacobi,32,6,0.203125,-1.0512186484411359,-1.0512186484411359
quartic,fixed_jacobi,32,7,0.234375,-1.0513625424355268,-1.0513625424355268
quartic,fixed_jacobi,32,8,0.265625,-1.0490715634077787,-1.0490715634077787
quartic,fixed_jacobi,32,9,0.296875,-1.0444030994549394,-1.0444030994549394
quartic,fixed_jacobi,32,10,0.328125,-1.0387736307457089,-1.0387736307457089
quartic,fixed_jacobi,32,11,0.359375,-1.0322026424109936,-1.0322026424109936
quartic,fixed_jacobi,32,12,0.390625,-1.0253341756761074,-1.0253341756761074
quartic,fixed_jacobi,32,13,0.421875,-1.0181735027581453,-1.0181735027581453
quartic,fixed_jacobi,32,14,0.453125,-1.0109444800764322,-1.0109444800764322
quartic,fixed_jacobi,32,15,0.484375,-1.0036482140421867,-1.0036482140421867
quartic,fixed_jacobi,32,16,0.515625,-0.99635178595781326,-0.99635178595781326
quartic,fixed_jacobi,32,17,0.546875,-0.98905551992356777,-0.98905551992356777
quartic,fixed_jacobi,32,18,0.578125,-0.98182649724185467,-0.98182649724185467
quartic,fixed_jacobi,32,19,0.609375,-0.97466582432389259,-0.97466582432389259
quartic,fixed_jacobi,32,20,0.640625,-0.96779735758900642,-0.96779735758900642
quartic,fixed_jacobi,32,21,0.671875,-0.96122636925429106,-0.96122636925429106
quartic,fixed_jacobi,32,22,0.703125,-0.95559690054506063,-0.95559690054506063
quartic,fixed_jacobi,32,23,0.734375,-0.95092843659222126,-0.95092843659222126
quartic,fixed_jacobi,32,24,0.765625,-0.94863745756447315,-0.94863745756447315
quartic,fixed_jacobi,32,25,0.796875,-0.94878135155886412,-0.94878135155886412
quartic,fixed_jacobi,32,26,0.828125,-0.95375485625118017,-0.95375485625118017
quartic,fixed_jacobi,32,27,0.859375,-0.96369658038020134,-0.96369658038020134
quartic,fixed_jacobi,32,28,0.890625,-0.98168712481856346,-0.98168712481856346
quartic,fixed_jacobi,32,29,0.921875,-1.0080072344280779,-1.0080072344280779
quartic,fixed_jacobi,32,30,0.953125,-1.0455284421332181,-1.0455284421332181
quartic,fixed_jacobi,32,31,0.984375,-1.0947368005290627,-1.0947368005290627
quartic,fixed_jacobi,64,0,0.0078125,-0.92986791010480374,-0.92986791010480374
quartic,fixed_jacobi,64,1,0.0234375,-0.95532683649798855,-0.95532683649798855
quartic,fixed_jacobi,64,2,0.0390625,-0.97557067050365731,-0.97557067050365731
quartic,fixed_jacobi,64,3,0.0546875,-0.99066016869619489,-0.99066016869619489
quartic,fixed_jacobi,64,4,0.0703125,-1.0018928223289549,-1.0018928223289549
quartic,fixed_jacobi,64,5,0.0859375,-1.0093037245096639,-1.0093037245096639
quartic,fixed_jacobi,64,6,0.1015625,-1.0143608922371641,-1.0143608922371641
quartic,fixed_jacobi,64,7,0.1171875,-1.017081651603803,-1.017081651603803
quartic,fixed_jacobi,64,8,0.1328125,-1.0186316983308643,-1.0186316983308643
quartic,fixed_jacobi,64,9,0.1484375,-1.0190182059304789,-1.0190182059304789
quartic,fixed_jacobi,64,10,0.1640625,-1.0189380465308204,-1.0189380465308204
quartic,fixed_jacobi,64,11,0.1796875,-1.0183936557732522,-1.0183936557732522
quartic,fixed_jacobi,64,12,0.1953125,-1.0177037785761058,-1.0177037785761058
quartic,fixed_jacobi,64,13,0.2109375,-1.0168690738792066,-1.0168690738792066
quartic,fixed_jacobi,64,14,0.2265625,-1.0160001952026505,-1.0160001952026505
quartic,fixed_jacobi,64,15,0.2421875,-1.0150972789269872,-1.0150972789269872
quartic,fixed_jacobi,64,16,0.2578125,-1.0141886741039343,-1.0141886741039343
quartic,fixed_jacobi,64,17,0.2734375,-1.0132744009897579,-1.0132744009897579
quartic,fixed_jacobi,64,18,0.2890625,-1.0123595296463463,-1.0123595296463463
quartic,fixed_jacobi,64,19,0.3046875,-1.0114440619945526,-1.0114440619945526
quartic,fixed_jacobi,64,20,0.3203125,-1.010528564453125,-1.010528564453125
quartic,fixed_jacobi,64,21,0.3359375,-1.009613037109375,-1.009613037109375
quartic,fixed_jacobi,64,22,0.3515625,-1.008697509765625,-1.008697509765625
quartic,fixed_jacobi,64,23,0.3671875,-1.007781982421875,-1.007781982421875
quartic,fixed_jacobi,64,24,0.3828125,-1.006866455078125,-1.006866455078125
quartic,fixed_jacobi,64,25,0.3984375,-1.005950927734375,-1.005950927734375
quartic,fixed_jacobi,64,26,0.4140625,-1.005035400390625,-1.005035400390625
quartic,fixed_jacobi,64,27,0.4296875,-1.004119873046875,-1.004119873046875
quartic,fixed_jacobi,64,28,0.4453125,-1.003204345703125,-1.003204345703125
quartic,fixed_jacobi,64,29,0.4609375,-1.002288818359375,-1.002288818359375
quartic,fixed_jacobi,64,30,0.4765625,-1.001373291015625,-1.001373291015625
quartic,fixed_jacobi,64,31,0.4921875,-1.000457763671875,-1.000457763671875
quartic,fixed_jacobi,64,32,0.5078125,-0.999542236328125,-0.999542236328125
quartic,fixed_jacobi,64,33,0.5234375,-0.998626708984375,-0.998626708984375
quartic,fixed_jacobi,64,34,0.5390625,-0.997711181640625,-0.997711181640625
quartic,fixed_jacobi,64,35,0.5546875,-0.996795654296875,-0.996795654296875
quartic,fixed_jacobi,64,36,0.5703125,-0.995880126953125,-0.995880126953125
quartic,fixed_jacobi,64,37,0.5859375,-0.994964599609375,-0.994964599609375
quartic,fixed_jacobi,64,38,0.6015625,-0.994049072265625,-0.994049072265625
quartic,fixed_jacobi,64,39,0.6171875,-0.993133544921875,-0.993133544921875
quartic,fixed_jacobi,64,40,0.6328125,-0.992218017578125,-0.992218017578125
quartic,fixed_jacobi,64,41,0.6484375,-0.991302490234375,-0.991302490234375
quartic,fixed_jacobi,64,42,0.6640625,-0.990386962890625,-0.990386962890625
quartic,fixed_jacobi,64,43,0.6796875,-0.989471435546875,-0.989471435546875
quartic,fixed_jacobi,64,44,0.6953125,-0.98855593800544739,-0.98855593800544739
quartic,fixed_jacobi,64,45,0.7109375,-0.98764047035365365,-0.98764047035365365
quartic,fixed_jacobi,64,46,0.7265625,-0.98672559901024215,-0.98672559901024215
quartic,fixed_jacobi,64,47,0.7421875,-0.98581132589606568,-0.98581132589606568
quartic,fixed_jacobi,64,48,0.7578125,-0.9849027210730128,-0.9849027210730128
quartic,fixed_jacobi,64,49,0.7734375,-0.9839998047973495,-0.9839998047973495
quartic,fixed_jacobi,64,50,0.7890625,-0.98313092612079345,-0.98313092612079345
quartic,fixed_jacobi,64,51,0.8046875,-0.98229622142389417,-0.98229622142389417
quartic,fixed_jacobi,64,52,0.8203125,-0.98160634422674775,-0.98160634422674775
quartic,fixed_jacobi,64,53,0.8359375,-0.98106195346917957,-0.98106195346917957
quartic,fixed_jacobi,64,54,0.8515625,-0.98098179406952113,-0.98098179406952113
quartic,fixed_jacobi,64,55,0.8671875,-0.98136830166913569,-0.98136830166913569
quartic,fixed_jacobi,64,56,0.8828125,-0.98291834839619696,-0.98291834839619696
quartic,fixed_jacobi,64,57,0.8984375,-0.98563910776283592,-0.98563910776283592
quartic,fixed_jacobi,64,58,0.9140625,-0.99069627549033612,-0.99069627549033612
quartic,fixed_jacobi,64,59,0.9296875,-0.99810717767104506,-0.99810717767104506
quartic,fixed_jacobi,64,60,0.9453125,-1.0093398313038051,-1.0093398313038051
quartic,fixed_jacobi,64,61,0.9609375,-1.0244293294963427,-1.0244293294963427
quartic,fixed_jacobi,64,62,0.9765625,-1.0446731635020114,-1.0446731635020114
quartic,fixed_jacobi,64,63,0.9921875,-1.0701320898951963,-1.0701320898951963
quartic,fixed_jacobi,128,0,0.00390625,-0.95842638447356876,-0.95842638447356876
quartic,fixed_jacobi,128,1,0.01171875,-0.97126269106956897,-0.97126269106956897
quartic,fixed_jacobi,128,2,0.01953125,-0.98157001184154069,-0.98157001184154069
quartic,fixed_jacobi,128,3,0.02734375,-0.98935594136128202,-0.98935594136128202
quartic,fixed_jacobi,128,4,0.03515625,-0.99525194085435942,-0.99525194085435942
quartic,fixed_jacobi,128,5,0.04296875,-0.99926239695923869,-0.99926239695923869
quartic,fixed_jacobi,128,6,0.05078125,-1.0021122827456566,-1.0021122827456566
quartic,fixed_jacobi,128,7,0.05859375,-1.0038037639751565,-1.0038037639751565
quartic,fixed_jacobi,128,8,0.06640625,-1.004915729368804,-1.004915729368804
quartic,fixed_jacobi,128,9,0.07421875,-1.0054490756156156,-1.0054490756156156
quartic,fixed_jacobi,128,10,0.08203125,-1.005750817785156,-1.005750817785156
quartic,fixed_jacobi,128,11,0.08984375,-1.0058212603325956,-1.0058212603325956
quartic,fixed_jacobi,128,12,0.09765625,-1.0058193699805997,-1.0058193699805997
quartic,fixed_jacobi,128,13,0.10546875,-1.0057452290966467,-1.0057452290966467
quartic,fixed_jacobi,128,14,0.11328125,-1.0056540759724157,-1.0056540759724157
quartic,fixed_jacobi,128,15,0.12109375,-1.0055459276554757,-1.0055459276554757
quartic,fixed_jacobi,128,16,0.12890625,-1.0054349448546418,-1.0054349448546418
quartic,fixed_jacobi,128,17,0.13671875,-1.0053211301019473,-1.0053211301019473
quartic,fixed_jacobi,128,18,0.14453125,-1.0052070170531806,-1.0052070170531806
quartic,fixed_jacobi,128,19,0.15234375,-1.0050926059484482,-1.0050926059484482
quartic,fixed_jacobi,128,20,0.16015625,-1.0049781799316406,-1.0049781799316406
quartic,fixed_jacobi,128,21,0.16796875,-1.0048637390136719,-1.0048637390136719
quartic,fixed_jacobi,128,22,0.17578125,-1.0047492980957031,-1.0047492980957031
quartic,fixed_jacobi,128,23,0.18359375,-1.0046348571777344,-1.0046348571777344
quartic,fixed_jacobi,128,24,0.19140625,-1.0045204162597656,-1.0045204162597656
quartic,fixed_jacobi,128,25,0.19921875,-1.0044059753417969,-1.0044059753417969
quartic,fixed_jacobi,128,26,0.20703125,-1.0042915344238281,-1.0042915344238281
quartic,fixed_jacobi,128,27,0.21484375,-1.0041770935058594,-1.0041770935058594
quartic,fixed_jacobi,128,28,0.22265625,-1.0040626525878906,-1.0040626525878906
quartic,fixed_jacobi,128,29,0.23046875,-1.0039482116699219,-1.0039482116699219
quartic,fixed_jacobi,128,30,0.23828125,-1.0038337707519531,-1.0038337707519531
quartic,fixed_jacobi,128,31,0.24609375,-1.0037193298339844,-1.0037193298339844
quartic,fixed_jacobi,128,32,0.25390625,-1.0036048889160156,-1.0036048889160156
quartic,fixed_jacobi,128,33,0.26171875,-1.0034904479980469,-1.0034904479980469
quartic,fixed_jacobi,128,34,0.26953125,-1.0033760070800781,-1.0033760070800781
quartic,fixed_jacobi,128,35,0.27734375,-1.0032615661621094,-1.0032615661621094
quartic,fixed_jacobi,128,36,0.28515625,-1.0031471252441406,-1.0031471252441406
quartic,fixed_jacobi,128,37,0.29296875,-1.0030326843261719,-1.0030326843261719
quartic,fixed_jacobi,128,38,0.30078125,-1.0029182434082031,-1.0029182434082031
quartic,fixed_jacobi,128,39,0.30859375,-1.0028038024902344,-1.0028038024902344
quartic,fixed_jacobi,128,40,0.31640625,-1.0026893615722656,-1.0026893615722656
quartic,fixed_jacobi,128,41,0.32421875,-1.0025749206542969,-1.0025749206542969
quartic,fixed_jacobi,128,42,0.33203125,-1.0024604797363281,-1.0024604797363281
quartic,fixed_jacobi,128,43,0.33984375,-1.0023460388183594,-1.0023460388183594
quartic,fixed_jacobi,128,44,0.34765625,-1.0022315979003906,-1.0022315979003906
quartic,fixed_jacobi,128,45,0.35546875,-1.0021171569824219,-1.0021171569824219
quartic,fixed_jacobi,128,46,0.36328125,-1.0020027160644531,-1.0020027160644531
quartic,fixed_jacobi,128,47,0.37109375,-1.0018882751464844,-1.0018882751464844
quartic,fixed_jacobi,128,48,0.37890625,-1.0017738342285156,-1.0017738342285156
quartic,fixed_jacobi,128,49,0.38671875,-1.0016593933105469,-1.0016593933105469
quartic,fixed_jacobi,128,50,0.39453125,-1.0015449523925781,-1.0015449523925781
quartic,fixed_jacobi,128,51,0.40234375,-1.0014305114746094,-1.0014305114746094
quartic,fixed_jacobi,128,52,0.41015625,-1.0013160705566406,-1.0013160705566406
quartic,fixed_jacobi,128,53,0.41796875,-1.0012016296386719,-1.0012016296386719
quartic,fixed_jacobi,128,54,0.42578125,-1.0010871887207031,-1.0010871887207031
quartic,fixed_jacobi,128,55,0.43359375,-1.0009727478027344,-1.0009727478027344
quartic,fixed_jacobi,128,56,0.44140625,-1.0008583068847656,-1.0008583068847656
quartic,fixed_jacobi,128,57,0.44921875,-1.0007438659667969,-1.0007438659667969
quartic,fixed_jacobi,128,58,0.45703125,-1.0006294250488281,-1.0006294250488281
quartic,fixed_jacobi,128,59,0.46484375,-1.0005149841308594,-1.0005149841308594
quartic,fixed_jacobi,128,60,0.47265625,-1.0004005432128906,-1.0004005432128906
quartic,fixed_jacobi,128,61,0.48046875,-1.0002861022949219,-1.0002861022949219
quartic,fixed_jacobi,128,62,0.48828125,-1.0001716613769531,-1.0001716613769531
quartic,fixed_jacobi,128,63,0.49609375,-1.0000572204589844,-1.0000572204589844
quartic,fixed_jacobi,128,64,0.50390625,-0.99994277954101562,-0.99994277954101562
quartic,fixed_jacobi,128,65,0.51171875,-0.99982833862304688,-0.99982833862304688
quartic,fixed_jacobi,128,66,0.51953125,-0.99971389770507812,-0.99971389770507812
quartic,fixed_jacobi,128,67,0.52734375,-0.99959945678710938,-0.99959945678710938
quartic,fixed_jacobi,128,68,0.53515625,-0.99948501586914062,-0.99948501586914062
quartic,fixed_jacobi,128,69,0.54296875,-0.99937057495117188,-0.99937057495117188
quartic,fixed_jacobi,128,70,0.55078125,-0.99925613403320312,-0.99925613403320312
quartic,fixed_jacobi,128,71,0.55859375,-0.99914169311523438,-0.99914169311523438
quartic,fixed_jacobi,128,72,0.56640625,-0.99902725219726562,-0.99902725219726562
quartic,fixed_jacobi,128,73,0.57421875,-0.99891281127929688,-0.99891281127929688
quartic,fixed_jacobi,128,74,0.58203125,-0.99879837036132812,-0.99879837036132812
quartic,fixed_jacobi,128,75,0.58984375,-0.99868392944335938,-0.99868392944335938
quartic,fixed_jacobi,128,76,0.59765625,-0.99856948852539062,-0.99856948852539062
quartic,fixed_jacobi,128,77,0.60546875,-0.99845504760742188,-0.99845504760742188
quartic,fixed_jacobi,128,78,0.61328125,-0.99834060668945312,-0.99834060668945312
quartic,fixed_jacobi,128,79,0.62109375,-0.99822616577148438,-0.99822616577148438
quartic,fixed_jacobi,128,80,0.62890625,-0.99811172485351562,-0.99811172485351562
quartic,fixed_jacobi,128,81,0.63671875,-0.99799728393554688,-0.99799728393554688
quartic,fixed_jacobi,128,82,0.64453125,-0.99788284301757812,-0.99788284301757812
quartic,fixed_jacobi,128,83,0.65234375,-0.99776840209960938,-0.99776840209960938
quartic,fixed_jacobi,128,84,0.66015625,-0.99765396118164062,-0.99765396118164062
quartic,fixed_jacobi,128,85,0.66796875,-0.99753952026367188,-0.99753952026367188
quartic,fixed_jacobi,128,86,0.67578125,-0.99742507934570312,-0.99742507934570312
quartic,fixed_jacobi,128,87,0.68359375,-0.99731063842773438,-0.99731063842773438
quartic,fixed_jacobi,128,88,0.69140625,-0.99719619750976562,-0.99719619750976562
quartic,fixed_jacobi,128,89,0.69921875,-0.99708175659179688,-0.99708175659179688
quartic,fixed_jacobi,128,90,0.70703125,-0.99696731567382812,-0.99696731567382812
quartic,fixed_jacobi,128,91,0.71484375,-0.99685287475585938,-0.99685287475585938
quartic,fixed_jacobi,128,92,0.72265625,-0.99673843383789062,-0.99673843383789062
quartic,fixed_jacobi,128,93,0.73046875,-0.99662399291992188,-0.99662399291992188
quartic,fixed_jacobi,128,94,0.73828125,-0.99650955200195312,-0.99650955200195312
quartic,fixed_jacobi,128,95,0.74609375,-0.99639511108398438,-0.99639511108398438
quartic,fixed_jacobi,128,96,0.75390625,-0.99628067016601562,-0.99628067016601562
quartic,fixed_jacobi,128,97,0.76171875,-0.99616622924804688,-0.99616622924804688
quartic,fixed_jacobi,128,98,0.76953125,-0.99605178833007812,-0.99605178833007812
quartic,fixed_jacobi,128,99,0.77734375,-0.99593734741210938,-0.99593734741210938
quartic,fixed_jacobi,128,100,0.78515625,-0.99582290649414062,-0.99582290649414062
quartic,fixed_jacobi,128,101,0.79296875,-0.99570846557617188,-0.99570846557617188
quartic,fixed_jacobi,128,102,0.80078125,-0.99559402465820312,-0.99559402465820312
quartic,fixed_jacobi,128,103,0.80859375,-0.99547958374023438,-0.99547958374023438
quartic,fixed_jacobi,128,104,0.81640625,-0.99536514282226562,-0.99536514282226562
quartic,fixed_jacobi,128,105,0.82421875,-0.99525070190429688,-0.99525070190429688
quartic,fixed_jacobi,128,106,0.83203125,-0.99513626098632812,-0.99513626098632812
quartic,fixed_jacobi,128,107,0.83984375,-0.99502182006835938,-0.99502182006835938
quartic,fixed_jacobi,128,108,0.84765625,-0.99490739405155182,-0.99490739405155182
quartic,fixed_jacobi,128,109,0.85546875,-0.99479298294681939,-0.99479298294681939
quartic,fixed_jacobi,128,110,0.86328125,-0.99467886989805265,-0.99467886989805265
quartic,fixed_jacobi,128,111,0.87109375,-0.9945650551453582,-0.9945650551453582
quartic,fixed_jacobi,128,112,0.87890625,-0.99445407234452432,-0.99445407234452432
quartic,fixed_jacobi,128,113,0.88671875,-0.99434592402758426,-0.99434592402758426
quartic,fixed_jacobi,128,114,0.89453125,-0.99425477090335335,-0.99425477090335335
quartic,fixed_jacobi,128,115,0.90234375,-0.99418063001940027,-0.99418063001940027
quartic,fixed_jacobi,128,116,0.91015625,-0.99417873966740444,-0.99417873966740444
quartic,fixed_jacobi,128,117,0.91796875,-0.99424918221484404,-0.99424918221484404
quartic,fixed_jacobi,128,118,0.92578125,-0.99455092438438442,-0.99455092438438442
quartic,fixed_jacobi,128,119,0.93359375,-0.99508427063119598,-0.99508427063119598
quartic,fixed_jacobi,128,120,0.94140625,-0.99619623602484353,-0.99619623602484353
quartic,fixed_jacobi,128,121,0.94921875,-0.99788771725434344,-0.99788771725434344
quartic,fixed_jacobi,128,122,0.95703125,-1.0007376030407613,-1.0007376030407613
quartic,fixed_jacobi,128,123,0.96484375,-1.0047480591456406,-1.0047480591456406
quartic,fixed_jacobi,128,124,0.97265625,-1.010644058638718,-1.010644058638718
quartic,fixed_jacobi,128,125,0.98046875,-1.0184299881584593,-1.0184299881584593
quartic,fixed_jacobi,128,126,0.98828125,-1.028737308930431,-1.028737308930431
quartic,fixed_jacobi,128,127,0.99609375,-1.0415736155264312,-1.0415736155264312
quartic,balanced_perturbation,4,0,0.125,-1.2675000000000001,-1.2675000000000001
quartic,balanced_perturbation,4,1,0.375,-1.0449999999999999,-1.0449999999999999
quartic,balanced_perturbation,4,2,0.625,-0.79499999999999993,-0.79499999999999993
quartic,balanced_perturbation,4,3,0.875,-0.89250000000000007,-0.89250000000000007
quartic,balanced_perturbation,8,0,0.0625,-1.2225120849898481,-1.2225120849898481
quartic,balanced_perturbation,8,1,0.1875,-1.2421754150101521,-1.2421754150101521
quartic,balanced_perturbation,8,2,0.3125,-1.1171995849898479,-1.1171995849898479
quartic,balanced_perturbation,8,3,0.4375,-0.94936291501015369,-0.94936291501015369
quartic,balanced_perturbation,8,4,0.5625,-0.82436291501015191,-0.82436291501015191
quartic,balanced_perturbation,8,5,0.6875,-0.78907458498984617,-0.78907458498984617
quartic,balanced_perturbation,8,6,0.8125,-0.85155041501015205,-0.85155041501015205
quartic,balanced_perturbation,8,7,0.9375,-1.0037620849898481,-1.0037620849898481
quartic,balanced_perturbation,16,0,0.03125,-1.1810524483568301,-1.1810524483568301
quartic,balanced_perturbation,16,1,0.09375,-1.2434639091228625,-1.2434639091228625
quartic,balanced_perturbation,16,2,0.15625,-1.2519844679239149,-1.2519844679239149
quartic,balanced_perturbation,16,3,0.21875,-1.2177179245963927,-1.2177179245963927
quartic,balanced_perturbation,16,4,0.28125,-1.1533758254036108,-1.1533758254036108
quartic,balanced_perturbation,16,5,0.34375,-1.0722342820760851,-1.0722342820760851
quartic,balanced_perturbation,16,6,0.40625,-0.98700484087713392,-0.98700484087713392
quartic,balanced_perturbation,16,7,0.46875,-0.9087913016431699,-0.9087913016431699
quartic,balanced_perturbation,16,8,0.53125,-0.8462913016431699,-0.8462913016431699
quartic,balanced_perturbation,16,9,0.59375,-0.80536421587713392,-0.80536421587713392
quartic,balanced_perturbation,16,10,0.65625,-0.78903115707608862,-0.78903115707608862
quartic,balanced_perturbation,16,11,0.71875,-0.79790707540361083,-0.79790707540361083
quartic,balanced_perturbation,16,12,0.78125,-0.83099917459638917,-0.83099917459638917
quartic,balanced_perturbation,16,13,0.84375,-0.88675009292391493,-0.88675009292391493
quartic,balanced_perturbation,16,14,0.90625,-0.96416703412286608,-0.96416703412286608
quartic,balanced_perturbation,16,15,0.96875,-1.0638649483568265,-1.0638649483568265
quartic,balanced_perturbation,32,0,0.015625,-1.1551312435903114,-1.1551312435903114
quartic,balanced_perturbation,32,1,0.046875,-1.2014804890608275,-1.2014804890608275
quartic,balanced_perturbation,32,2,0.078125,-1.2325957946063681,-1.2325957946063681
quartic,balanced_perturbation,32,3,0.109375,-1.2495712814518427,-1.2495712814518427
quartic,balanced_perturbation,32,4,0.140625,-1.2536644775392318,-1.2536644775392318
quartic,balanced_perturbation,32,5,0.171875,-1.2462761379960838,-1.2462761379960838
quartic,balanced_perturbation,32,6,0.203125,-1.2289245614633302,-1.2289245614633302
quartic,balanced_perturbation,32,7,0.234375,-1.2032153892919197,-1.2032153892919197
quartic,balanced_perturbation,32,8,0.265625,-1.1708080482080518,-1.1708080482080518
quartic,balanced_perturbation,32,9,0.296875,-1.1333801260366485,-1.1333801260366485
quartic,balanced_perturbation,32,10,0.328125,-1.0925910495039091,-1.0925910495039091
quartic,balanced_perturbation,32,11,0.359375,-1.050046459960754,-1.050046459960754
quartic,balanced_perturbation,32,12,0.390625,-1.007264656048136,-1.007264656048136
quartic,balanced_perturbation,32,13,0.421875,-0.96564639289360343,-0.96564639289360343
quartic,balanced_perturbation,32,14,0.453125,-0.92644919843915119,-0.92644919843915119
quartic,balanced_perturbation,32,15,0.484375,-0.8907671939096673,-0.8907671939096673
quartic,balanced_perturbation,32,16,0.515625,-0.8595171939096673,-0.8595171939096673
quartic,balanced_perturbation,32,17,0.546875,-0.83343162031415829,-0.83343162031415829
quartic,balanced_perturbation,32,18,0.578125,-0.81305850226861054,-0.81305850226861054
quartic,balanced_perturbation,32,19,0.609375,-0.79876856229815019,-0.79876856229815019
quartic,balanced_perturbation,32,20,0.640625,-0.79076911621076107,-0.79076911621076107
quartic,balanced_perturbation,32,21,0.671875,-0.78912425262891617,-0.78912425262891617
quartic,balanced_perturbation,32,22,0.703125,-0.79378051666166982,-0.79378051666166982
quartic,balanced_perturbation,32,23,0.734375,-0.80459711070808027,-0.80459711070808027
quartic,balanced_perturbation,32,24,0.765625,-0.82137945179194816,-0.82137945179194816
quartic,balanced_perturbation,32,25,0.796875,-0.8439147958383586,-0.8439147958383586
quartic,balanced_perturbation,32,26,0.828125,-0.87200855987111225,-0.87200855987111225
quartic,balanced_perturbation,32,27,0.859375,-0.90551994628924604,-0.90551994628924604
quartic,balanced_perturbation,32,28,0.890625,-0.94439550020187113,-0.94439550020187113
quartic,balanced_perturbation,32,29,0.921875,-0.98869931023140367,-0.98869931023140367
quartic,balanced_perturbation,32,30,0.953125,-1.0386386921858559,-1.0386386921858559
quartic,balanced_perturbation,32,31,0.984375,-1.094584368590354,-1.094584368590354
quartic,balanced_perturbation,64,0,0.0078125,-1.1408427989967862,-1.1408427989967862
quartic,balanced_perturbation,64,1,0.0234375,-1.168000620800953,-1.168000620800953
quartic,balanced_perturbation,64,2,0.0390625,-1.1911694534159381,-1.1911694534159381
quartic,balanced_perturbation,64,3,0.0546875,-1.2104640100572084,-1.2104640100572084
quartic,balanced_perturbation,64,4,0.0703125,-1.2260103051005444,-1.2260103051005444
quartic,balanced_perturbation,64,5,0.0859375,-1.2379453221980725,-1.2379453221980725
quartic,balanced_perturbation,64,6,0.1015625,-1.2464165767534041,-1.2464165767534041
quartic,balanced_perturbation,64,7,0.1171875,-1.2515815769705227,-1.2515815769705227
quartic,balanced_perturbation,64,8,0.1328125,-1.2536071886667202,-1.2536071886667202
quartic,balanced_perturbation,64,9,0.1484375,-1.2526689099663599,-1.2526689099663599
quartic,balanced_perturbation,64,10,0.1640625,-1.2489500628607857,-1.2489500628607857
quartic,balanced_perturbation,64,11,0.1796875,-1.2426409094203876,-1.2426409094203876
quartic,balanced_perturbation,64,12,0.1953125,-1.2339377011696087,-1.2339377011696087
quartic,balanced_perturbation,64,13,0.2109375,-1.2230416707804324,-1.2230416707804324
quartic,balanced_perturbation,64,14,0.2265625,-1.2101579757945444,-1.2101579757945444
quartic,balanced_perturbation,64,15,0.2421875,-1.1954946045470507,-1.1954946045470507
quartic,balanced_perturbation,64,16,0.2578125,-1.179261254827864,-1.179261254827864
quartic,balanced_perturbation,64,17,0.2734375,-1.1616681960803703,-1.1616681960803703
quartic,balanced_perturbation,64,18,0.2890625,-1.1429251260944824,-1.1429251260944824
quartic,balanced_perturbation,64,19,0.3046875,-1.1232400332053203,-1.1232400332053203
quartic,balanced_perturbation,64,20,0.3203125,-1.1028180749545555,-1.1028180749545555
quartic,balanced_perturbation,64,21,0.3359375,-1.0818604840141717,-1.0818604840141717
quartic,balanced_perturbation,64,22,0.3515625,-1.0605635119085974,-1.0605635119085974
quartic,balanced_perturbation,64,23,0.3671875,-1.0391174207082372,-1.0391174207082372
quartic,balanced_perturbation,64,24,0.3828125,-1.0177055324044346,-1.0177055324044346
quartic,balanced_perturbation,64,25,0.3984375,-0.99650334512155325,-0.99650334512155325
quartic,balanced_perturbation,64,26,0.4140625,-0.97567772467688485,-0.97567772467688485
quartic,balanced_perturbation,64,27,0.4296875,-0.95538617927439873,-0.95538617927439873
quartic,balanced_perturbation,64,28,0.4453125,-0.93577622431776319,-0.93577622431776319
quartic,balanced_perturbation,64,29,0.4609375,-0.91698484345901932,-0.91698484345901932
quartic,balanced_perturbation,64,30,0.4765625,-0.89913805107401856,-0.89913805107401856
quartic,balanced_perturbation,64,31,0.4921875,-0.88235056037817117,-0.88235056037817117
quartic,balanced_perturbation,64,32,0.5078125,-0.86672556037818538,-0.86672556037818538
quartic,balanced_perturbation,64,33,0.5234375,-0.85235460380840777,-0.85235460380840777
quartic,balanced_perturbation,64,34,0.5390625,-0.83931760713089432,-0.83931760713089432
quartic,balanced_perturbation,64,35,0.5546875,-0.82768296259902741,-0.82768296259902741
quartic,balanced_perturbation,64,36,0.5703125,-0.81750776130567715,-0.81750776130567715
quartic,balanced_perturbation,64,37,0.5859375,-0.80883812506752406,-0.80883812506752406
quartic,balanced_perturbation,64,38,0.6015625,-0.80170964394970667,-0.80170964394970667
quartic,balanced_perturbation,64,39,0.6171875,-0.79614791521696304,-0.79614791521696304
quartic,balanced_perturbation,64,40,0.6328125,-0.79216917852076563,-0.79216917852076563
quartic,balanced_perturbation,64,41,0.6484375,-0.78978104120551507,-0.78978104120551507
quartic,balanced_perturbation,64,42,0.6640625,-0.78898328674860352,-0.78898328674860352
quartic,balanced_perturbation,64,43,0.6796875,-0.78976875854837658,-0.78976875854837658
quartic,balanced_perturbation,64,44,0.6953125,-0.79212431054915555,-0.79212431054915555
quartic,balanced_perturbation,64,45,0.7109375,-0.79603181554770686,-0.79603181554770686
quartic,balanced_perturbation,64,46,0.7265625,-0.80146922147106636,-0.80146922147106636
quartic,balanced_perturbation,64,47,0.7421875,-0.80841164545293509,-0.80841164545293509
quartic,balanced_perturbation,64,48,0.7578125,-0.81683249517212175,-0.81683249517212175
quartic,balanced_perturbation,64,49,0.7734375,-0.82670460665399048,-0.82670460665399048
quartic,balanced_perturbation,64,50,0.7890625,-0.83800138757739262,-0.83800138757739262
quartic,balanced_perturbation,64,51,0.8046875,-0.85069795507595813,-0.85069795507595813
quartic,balanced_perturbation,64,52,0.8203125,-0.86477225707673711,-0.86477225707673711
quartic,balanced_perturbation,64,53,0.8359375,-0.88020616637648175,-0.88020616637648175
quartic,balanced_perturbation,64,54,0.8515625,-0.89698653691954178,-0.89698653691954178
quartic,balanced_perturbation,64,55,0.8671875,-0.91510621210429122,-0.91510621210429122
quartic,balanced_perturbation,64,56,0.8828125,-0.93456497540810801,-0.93456497540810801
quartic,balanced_perturbation,64,57,0.8984375,-0.95537043417533596,-0.95537043417533596
quartic,balanced_perturbation,64,58,0.9140625,-0.97753882805750436,-0.97753882805750436
quartic,balanced_perturbation,64,59,0.9296875,-1.0010957543193513,-1.0010957543193513
quartic,balanced_perturbation,64,60,0.9453125,-1.026076803026001,-1.026076803026001
quartic,balanced_perturbation,64,61,0.9609375,-1.0525280959941057,-1.0525280959941057
quartic,balanced_perturbation,64,62,0.9765625,-1.0805067243165922,-1.0805067243165922
quartic,balanced_perturbation,64,63,0.9921875,-1.1100810802468146,-1.1100810802468146
quartic,balanced_perturbation,128,0,0.00390625,-1.1333647111218283,-1.1333647111218283
quartic,balanced_perturbation,128,1,0.01171875,-1.1479603979800572,-1.1479603979800572
quartic,balanced_perturbation,128,2,0.01953125,-1.161538944810161,-1.161538944810161
quartic,balanced_perturbation,128,3,0.02734375,-1.1741132519918267,-1.1741132519918267
quartic,balanced_perturbation,128,4,0.03515625,-1.185696943661668,-1.185696943661668
quartic,balanced_perturbation,128,5,0.04296875,-1.196304362462115,-1.196304362462115
quartic,balanced_perturbation,128,6,0.05078125,-1.2059505625580869,-1.2059505625580869
quartic,balanced_perturbation,128,7,0.05859375,-1.2146513009399769,-1.2146513009399769
quartic,balanced_perturbation,128,8,0.06640625,-1.2224230270338126,-1.2224230270338126
quartic,balanced_perturbation,128,9,0.07421875,-1.2292828706427201,-1.2292828706427201
quartic,balanced_perturbation,128,10,0.08203125,-1.2352486282496216,-1.2352486282496216
quartic,balanced_perturbation,128,11,0.08984375,-1.2403387477137642,-1.2403387477137642
quartic,balanced_perturbation,128,12,0.09765625,-1.2445723113980875,-1.2445723113980875
quartic,balanced_perturbation,128,13,0.10546875,-1.2479690177677583,-1.2479690177677583
quartic,balanced_perturbation,128,14,0.11328125,-1.2505491615049777,-1.2505491615049777
quartic,balanced_perturbation,128,15,0.12109375,-1.2523336121869022,-1.2523336121869022
quartic,balanced_perturbation,128,16,0.12890625,-1.2533437915788284,-1.2533437915788284
quartic,balanced_perturbation,128,17,0.13671875,-1.2536016495972433,-1.2536016495972433
quartic,balanced_perturbation,128,18,0.14453125,-1.2531296390002922,-1.2531296390002922
quartic,balanced_perturbation,128,19,0.15234375,-1.2519506888668843,-1.2519506888668843
quartic,balanced_perturbation,128,20,0.16015625,-1.2500881769283581,-1.2500881769283581
quartic,balanced_perturbation,128,21,0.16796875,-1.2475659008194668,-1.2475659008194668
quartic,balanced_perturbation,128,22,0.17578125,-1.2444080483175242,-1.2444080483175242
quartic,balanced_perturbation,128,23,0.18359375,-1.2406391666414436,-1.2406391666414436
quartic,balanced_perturbation,128,24,0.19140625,-1.2362841308857071,-1.2362841308857071
quartic,balanced_perturbation,128,25,0.19921875,-1.2313681116634996,-1.2313681116634996
quartic,balanced_perturbation,128,26,0.20703125,-1.225916542038533,-1.225916542038533
quartic,balanced_perturbation,128,27,0.21484375,-1.2199550838240896,-1.2199550838240896
quartic,balanced_perturbation,128,28,0.22265625,-1.2135095933318496,-1.2135095933318496
quartic,balanced_perturbation,128,29,0.23046875,-1.2066060866508224,-1.2066060866508224
quartic,balanced_perturbation,128,30,0.23828125,-1.1992707045428688,-1.1992707045428688
quartic,balanced_perturbation,128,31,0.24609375,-1.191529677036641,-1.191529677036641
quartic,balanced_perturbation,128,32,0.25390625,-1.1834092878071374,-1.1834092878071374
quartic,balanced_perturbation,128,33,0.26171875,-1.1749358384258528,-1.1749358384258528
quartic,balanced_perturbation,128,34,0.26953125,-1.1661356125678992,-1.1661356125678992
quartic,balanced_perturbation,128,35,0.27734375,-1.157034840261872,-1.157034840261872
quartic,balanced_perturbation,128,36,0.28515625,-1.1476596622696036,-1.1476596622696036
quartic,balanced_perturbation,128,37,0.29296875,-1.1380360946801602,-1.1380360946801602
quartic,balanced_perturbation,128,38,0.30078125,-1.128189993805222,-1.128189993805222
quartic,balanced_perturbation,128,39,0.30859375,-1.1181470214580145,-1.1181470214580145
quartic,balanced_perturbation,128,40,0.31640625,-1.107932610702278,-1.107932610702278
quartic,balanced_perturbation,128,41,0.32421875,-1.0975719321512543,-1.0975719321512543
quartic,balanced_perturbation,128,42,0.33203125,-1.0870898608991979,-1.0870898608991979
quartic,balanced_perturbation,128,43,0.33984375,-1.0765109441653635,-1.0765109441653635
quartic,balanced_perturbation,128,44,0.34765625,-1.0658593697268373,-1.0658593697268373
quartic,balanced_perturbation,128,45,0.35546875,-1.0551589352183726,-1.0551589352183726
quartic,balanced_perturbation,128,46,0.36328125,-1.0444330183714214,-1.0444330183714214
quartic,balanced_perturbation,128,47,0.37109375,-1.0337045482647795,-1.0337045482647795
quartic,balanced_perturbation,128,48,0.37890625,-1.0229959776567625,-1.0229959776567625
quartic,balanced_perturbation,128,49,0.38671875,-1.012329256463687,-1.012329256463687
quartic,balanced_perturbation,128,50,0.39453125,-1.0017258064509065,-1.0017258064509065
quartic,balanced_perturbation,128,51,0.40234375,-0.99120649719560561,-0.99120649719560561
quartic,balanced_perturbation,128,52,0.41015625,-0.98079162337992898,-0.98079162337992898
quartic,balanced_perturbation,128,53,0.41796875,-0.97050088346904317,-0.97050088346904317
quartic,balanced_perturbation,128,54,0.42578125,-0.96035335982591619,-0.96035335982591619
quartic,balanced_perturbation,128,55,0.43359375,-0.95036750030982375,-0.95036750030982375
quartic,balanced_perturbation,128,56,0.44140625,-0.94056110140368787,-0.94056110140368787
quartic,balanced_perturbation,128,57,0.44921875,-0.93095129291057788,-0.93095129291057788
quartic,balanced_perturbation,128,58,0.45703125,-0.92155452425652129,-0.92155452425652129
quartic,balanced_perturbation,128,59,0.46484375,-0.91238655243199673,-0.91238655243199673
quartic,balanced_perturbation,128,60,0.47265625,-0.90346243160183803,-0.90346243160183803
quartic,balanced_perturbation,128,61,0.48046875,-0.89479650440841851,-0.89479650440841851
quartic,balanced_perturbation,128,62,0.48828125,-0.88640239498855067,-0.88640239498855067
quartic,balanced_perturbation,128,63,0.49609375,-0.8782930037217227,-0.8782930037217227
quartic,balanced_perturbation,128,64,0.50390625,-0.87048050372175112,-0.87048050372175112
quartic,balanced_perturbation,128,65,0.51171875,-0.86297633908037596,-0.86297633908037596
quartic,balanced_perturbation,128,66,0.51953125,-0.85579122486745973,-0.85579122486745973
quartic,balanced_perturbation,128,67,0.52734375,-0.84893514888693744,-0.84893514888693744
quartic,balanced_perturbation,128,68,0.53515625,-0.84241737518587456,-0.84241737518587456
quartic,balanced_perturbation,128,69,0.54296875,-0.83624644930534942,-0.83624644930534942
quartic,balanced_perturbation,128,70,0.55078125,-0.83043020526406508,-0.83043020526406508
quartic,balanced_perturbation,128,71,0.55859375,-0.82497577425522195,-0.82497577425522195
quartic,balanced_perturbation,128,72,0.56640625,-0.81988959503638625,-0.81988959503638625
quartic,balanced_perturbation,128,73,0.57421875,-0.81517742598799714,-0.81517742598799714
quartic,balanced_perturbation,128,74,0.58203125,-0.81084435881081163,-0.81084435881081163
quartic,balanced_perturbation,128,75,0.58984375,-0.80689483382909089,-0.80689483382909089
quartic,balanced_perturbation,128,76,0.59765625,-0.80333265686348909,-0.80333265686348909
quartic,balanced_perturbation,128,77,0.60546875,-0.80016101763249026,-0.80016101763249026
quartic,balanced_perturbation,128,78,0.61328125,-0.79738250963745827,-0.79738250963745827
quartic,balanced_perturbation,128,79,0.62109375,-0.79499915148485911,-0.79499915148485911
quartic,balanced_perturbation,128,80,0.62890625,-0.79301240959293295,-0.79301240959293295
quartic,balanced_perturbation,128,81,0.63671875,-0.79142322222881489,-0.79142322222881489
quartic,balanced_perturbation,128,82,0.64453125,-0.79023202481795352,-0.79023202481795352
quartic,balanced_perturbation,128,83,0.65234375,-0.78943877646506166,-0.78943877646506166
quartic,balanced_perturbation,128,84,0.66015625,-0.78904298762233793,-0.78904298762233793
quartic,balanced_perturbation,128,85,0.66796875,-0.78904374883865103,-0.78904374883865103
quartic,balanced_perturbation,128,86,0.67578125,-0.78943976052033804,-0.78943976052033804
quartic,balanced_perturbation,128,87,0.68359375,-0.7902293636319655,-0.7902293636319655
quartic,balanced_perturbation,128,88,0.69140625,-0.79141057126270198,-0.79141057126270198
quartic,balanced_perturbation,128,89,0.69921875,-0.79298110098301322,-0.79298110098301322
quartic,balanced_perturbation,128,90,0.70703125,-0.79493840791266734,-0.79493840791266734
quartic,balanced_perturbation,128,91,0.71484375,-0.79727971842200418,-0.79727971842200418
quartic,balanced_perturbation,128,92,0.72265625,-0.80000206438302257,-0.80000206438302257
quartic,balanced_perturbation,128,93,0.73046875,-0.80310231789022168,-0.80310231789022168
quartic,balanced_perturbation,128,94,0.73828125,-0.80657722636536278,-0.80657722636536278
quartic,balanced_perturbation,128,95,0.74609375,-0.81042344796341581,-0.81042344796341581
quartic,balanced_perturbation,128,96,0.75390625,-0.81463758719294788,-0.81463758719294788
quartic,balanced_perturbation,128,97,0.76171875,-0.81921623066602933,-0.81921623066602933
quartic,balanced_perturbation,128,98,0.76953125,-0.824155982891142,-0.824155982891142
quartic,balanced_perturbation,128,99,0.77734375,-0.82945350202334112,-0.82945350202334112
quartic,balanced_perturbation,128,100,0.78515625,-0.83510553548435951,-0.83510553548435951
quartic,balanced_perturbation,128,101,0.79296875,-0.84110895536869634,-0.84110895536869634
quartic,balanced_perturbation,128,102,0.80078125,-0.84746079354832204,-0.84746079354832204
quartic,balanced_perturbation,128,103,0.80859375,-0.85415827639360487,-0.85415827639360487
quartic,balanced_perturbation,128,104,0.81640625,-0.86119885902431292,-0.86119885902431292
quartic,balanced_perturbation,128,105,0.82421875,-0.8685802590109688,-0.8685802590109688
quartic,balanced_perturbation,128,106,0.83203125,-0.87630048944262739,-0.87630048944262739
quartic,balanced_perturbation,128,107,0.83984375,-0.88435789128394049,-0.88435789128394049
quartic,balanced_perturbation,128,108,0.84765625,-0.89275116494124518,-0.89275116494124518
quartic,balanced_perturbation,128,109,0.85546875,-0.90147940096332491,-0.90147940096332491
quartic,balanced_perturbation,128,110,0.86328125,-0.91054210980246353,-0.91054210980246353
quartic,balanced_perturbation,128,111,0.87109375,-0.91993925056334547,-0.91993925056334547
quartic,balanced_perturbation,128,112,0.87890625,-0.92967125867144773,-0.92967125867144773
quartic,balanced_perturbation,128,113,0.88671875,-0.93973907239382015,-0.93973907239382015
quartic,balanced_perturbation,128,114,0.89453125,-0.95014415814881659,-0.95014415814881659
quartic,balanced_perturbation,128,115,0.90234375,-0.96088853454281775,-0.96088853454281775
quartic,balanced_perturbation,128,116,0.91015625,-0.9719747950772728,-0.9719747950772728
quartic,balanced_perturbation,128,117,0.91796875,-0.98340612947055206,-0.98340612947055206
quartic,balanced_perturbation,128,118,0.92578125,-0.99518634354333813,-0.99518634354333813
quartic,balanced_perturbation,128,119,0.93359375,-1.0073198776199774,-1.0073198776199774
quartic,balanced_perturbation,128,120,0.94140625,-1.0198118234011702,-1.0198118234011702
quartic,balanced_perturbation,128,121,0.94921875,-1.0326679392672986,-1.0326679392672986
quartic,balanced_perturbation,128,122,0.95703125,-1.0458946639759858,-1.0458946639759858
quartic,balanced_perturbation,128,123,0.96484375,-1.0594991287204607,-1.0594991287204607
quartic,balanced_perturbation,128,124,0.97265625,-1.073489167519341,-1.073489167519341
quartic,balanced_perturbation,128,125,0.98046875,-1.0878733259138755,-1.0878733259138755
quartic,balanced_perturbation,128,126,0.98828125,-1.1026608679509025,-1.1026608679509025
quartic,balanced_perturbation,128,127,0.99609375,-1.1178617814344989,-1.1178617814344989
