model,variant,N,i,x,exact,discrete_exact,f_target,f_used,b_target,b_used,left_target,right_target,left_used,right_used
sine,correct,4,1,0.25,0.70710678118654746,0.74460415001147229,6.9788641996388785,6.9788641996388785,0.43617901247742991,0.43617901247742991,0,0,0,0
sine,correct,4,2,0.5,1,1.0530292875455147,9.869604401089358,9.869604401089358,0.61685027506808487,0.61685027506808487,0,0,0,0
sine,correct,4,3,0.75,0.70710678118654757,0.7446041500114724,6.9788641996388794,6.9788641996388794,0.43617901247742996,0.43617901247742996,0,0,0,0
sine,correct,8,1,0.125,0.38268343236508978,0.38763946857230946,3.776934088294472,3.776934088294472,0.059014595129601125,0.059014595129601125,0,0,0,0
sine,correct,8,2,0.25,0.70710678118654746,0.71626434201501776,6.9788641996388785,6.9788641996388785,0.10904475311935748,0.10904475311935748,0,0,0,0
sine,correct,8,3,0.375,0.92387953251128674,0.9358444623383686,9.1183255001497745,9.1183255001497745,0.14247383593984023,0.14247383593984023,0,0,0,0
sine,correct,8,4,0.5,1,1.0129507467218792,9.869604401089358,9.869604401089358,0.15421256876702122,0.15421256876702122,0,0,0,0
sine,correct,8,5,0.625,0.92387953251128674,0.9358444623383686,9.1183255001497745,9.1183255001497745,0.14247383593984023,0.14247383593984023,0,0,0,0
sine,correct,8,6,0.75,0.70710678118654757,0.71626434201501787,6.9788641996388794,6.9788641996388794,0.10904475311935749,0.10904475311935749,0,0,0,0
sine,correct,8,7,0.875,0.38268343236508989,0.38763946857230958,3.7769340882944729,3.7769340882944729,0.059014595129601138,0.059014595129601138,0,0,0,0
sine,correct,16,1,0.0625,0.19509032201612825,0.19571831082530183,1.9254643007803194,1.9254643007803194,0.0075213449249231226,0.0075213449249231226,0,0,0,0
sine,correct,16,2,0.125,0.38268343236508978,0.3839152767256806,3.776934088294472,3.776934088294472,0.014753648782400281,0.014753648782400281,0,0,0,0
sine,correct,16,3,0.1875,0.55557023301960218,0.55735859384365893,5.4832584169245058,5.4832584169245058,0.021418978191111351,0.021418978191111351,0,0,0,0
sine,correct,16,4,0.25,0.70710678118654746,0.709382932770526,6.9788641996388785,6.9788641996388785,0.027261188279839369,0.027261188279839369,0,0,0,0
sine,correct,16,5,0.3125,0.83146961230254524,0.83414608341755381,8.2062761449532626,8.2062761449532626,0.032055766191223682,0.032055766191223682,0,0,0,0
sine,correct,16,6,0.375,0.92387953251128674,0.92685346787335787,9.1183255001497745,9.1183255001497745,0.035618458984960057,0.035618458984960057,0,0,0,0
sine,correct,16,7,0.4375,0.98078528040323043,0.98394239334420186,9.6799627199913836,9.6799627199913836,0.037812354374966342,0.037812354374966342,0,0,0,0
sine,correct,16,8,0.5,1,1.0032189644400795,9.869604401089358,9.869604401089358,0.038553142191755305,0.038553142191755305,0,0,0,0
sine,correct,16,9,0.5625,0.98078528040323043,0.98394239334420186,9.6799627199913836,9.6799627199913836,0.037812354374966342,0.037812354374966342,0,0,0,0
sine,correct,16,10,0.625,0.92387953251128674,0.92685346787335787,9.1183255001497745,9.1183255001497745,0.035618458984960057,0.035618458984960057,0,0,0,0
sine,correct,16,11,0.6875,0.83146961230254546,0.83414608341755403,8.2062761449532644,8.2062761449532644,0.032055766191223689,0.032055766191223689,0,0,0,0
sine,correct,16,12,0.75,0.70710678118654757,0.70938293277052611,6.9788641996388794,6.9788641996388794,0.027261188279839373,0.027261188279839373,0,0,0,0
sine,correct,16,13,0.8125,0.55557023301960218,0.55735859384365893,5.4832584169245058,5.4832584169245058,0.021418978191111351,0.021418978191111351,0,0,0,0
sine,correct,16,14,0.875,0.38268343236508989,0.38391527672568071,3.7769340882944729,3.7769340882944729,0.014753648782400285,0.014753648782400285,0,0,0,0
sine,correct,16,15,0.9375,0.19509032201612861,0.19571831082530219,1.9254643007803229,1.9254643007803229,0.0075213449249231365,0.0075213449249231365,0,0,0,0
sine,correct,32,1,0.03125,0.098017140329560604,0.098095904715725338,0.96739039957882456,0.96739039957882456,0.00094471718708869586,0.00094471718708869586,0,0,0,0
sine,correct,32,2,0.0625,0.19509032201612825,0.19524709224436196,1.9254643007803194,1.9254643007803194,0.0018803362312307806,0.0018803362312307806,0,0,0,0
sine,correct,32,3,0.09375,0.29028467725446233,0.2905179435417678,2.8649949281994451,2.8649949281994451,0.0027978466095697706,0.0027978466095697706,0,0,0,0
sine,correct,32,4,0.125,0.38268343236508978,0.38299094822960394,3.776934088294472,3.776934088294472,0.0036884121956000703,0.0036884121956000703,0,0,0,0
sine,correct,32,5,0.15625,0.47139673682599764,0.47177554072183991,4.6524993084370285,4.6524993084370285,0.0045434563558955357,0.0045434563558955357,0,0,0,0
sine,correct,32,6,0.1875,0.55557023301960218,0.55601667685818035,5.4832584169245058,5.4832584169245058,0.0053547445477778377,0.0053547445477778377,0,0,0,0
sine,correct,32,7,0.21875,0.63439328416364549,0.63490306844674305,6.2612107494030473,6.2612107494030473,0.0061144636224639134,0.0061144636224639134,0,0,0,0
sine,correct,32,8,0.25,0.70710678118654746,0.70767499641284171,6.9788641996388785,6.9788641996388785,0.0068152970699598423,0.0068152970699598423,0,0,0,0
sine,correct,32,9,0.28125,0.77301045336273699,0.77363162730898072,7.6293073725969487,7.6293073725969487,0.0074504954810517077,0.0074504954810517077,0,0,0,0
sine,correct,32,10,0.3125,0.83146961230254524,0.83213776272406781,8.2062761449532626,8.2062761449532626,0.0080139415478059205,0.0080139415478059205,0,0,0,0
sine,correct,32,11,0.34375,0.88192126434835494,0.88262995659134902,8.7042139920268156,8.7042139920268156,0.0085002089765886871,0.0085002089765886871,0,0,0,0
sine,correct,32,12,0.375,0.92387953251128674,0.92462194148204169,9.1183255001497745,9.1183255001497745,0.0089046147462400142,0.0089046147462400142,0,0,0,0
sine,correct,32,13,0.40625,0.95694033573220894,0.95770931162649431,9.4446225491225366,9.4446225491225366,0.0092232642081274772,0.0092232642081274772,0,0,0,0
sine,correct,32,14,0.4375,0.98078528040323043,0.98157341756281935,9.6799627199913836,9.6799627199913836,0.0094530885937415855,0.0094530885937415855,0,0,0,0
sine,correct,32,15,0.46875,0.99518472667219682,0.99598443490540278,9.8220795582608229,9.8220795582608229,0.0095918745686140849,0.0095918745686140849,0,0,0,0
sine,correct,32,16,0.5,1,1.0008035776793722,9.869604401089358,9.869604401089358,0.0096382855479388262,0.0096382855479388262,0,0,0,0
sine,correct,32,17,0.53125,0.99518472667219693,0.99598443490540289,9.8220795582608247,9.8220795582608247,0.0095918745686140866,0.0095918745686140866,0,0,0,0
sine,correct,32,18,0.5625,0.98078528040323043,0.98157341756281935,9.6799627199913836,9.6799627199913836,0.0094530885937415855,0.0094530885937415855,0,0,0,0
sine,correct,32,19,0.59375,0.95694033573220894,0.95770931162649431,9.4446225491225366,9.4446225491225366,0.0092232642081274772,0.0092232642081274772,0,0,0,0
sine,correct,32,20,0.625,0.92387953251128674,0.92462194148204169,9.1183255001497745,9.1183255001497745,0.0089046147462400142,0.0089046147462400142,0,0,0,0
sine,correct,32,21,0.65625,0.88192126434835505,0.88262995659134913,8.7042139920268156,8.7042139920268156,0.0085002089765886871,0.0085002089765886871,0,0,0,0
sine,correct,32,22,0.6875,0.83146961230254546,0.83213776272406803,8.2062761449532644,8.2062761449532644,0.0080139415478059223,0.0080139415478059223,0,0,0,0
sine,correct,32,23,0.71875,0.7730104533627371,0.77363162730898083,7.6293073725969505,7.6293073725969505,0.0074504954810517094,0.0074504954810517094,0,0,0,0
sine,correct,32,24,0.75,0.70710678118654757,0.70767499641284182,6.9788641996388794,6.9788641996388794,0.0068152970699598431,0.0068152970699598431,0,0,0,0
sine,correct,32,25,0.78125,0.63439328416364549,0.63490306844674305,6.2612107494030473,6.2612107494030473,0.0061144636224639134,0.0061144636224639134,0,0,0,0
sine,correct,32,26,0.8125,0.55557023301960218,0.55601667685818035,5.4832584169245058,5.4832584169245058,0.0053547445477778377,0.0053547445477778377,0,0,0,0
sine,correct,32,27,0.84375,0.47139673682599786,0.47177554072184014,4.6524993084370303,4.6524993084370303,0.0045434563558955374,0.0045434563558955374,0,0,0,0
sine,correct,32,28,0.875,0.38268343236508989,0.38299094822960406,3.7769340882944729,3.7769340882944729,0.0036884121956000712,0.0036884121956000712,0,0,0,0
sine,correct,32,29,0.90625,0.29028467725446239,0.29051794354176785,2.864994928199446,2.864994928199446,0.0027978466095697715,0.0027978466095697715,0,0,0,0
sine,correct,32,30,0.9375,0.19509032201612861,0.19524709224436232,1.9254643007803229,1.9254643007803229,0.0018803362312307841,0.0018803362312307841,0,0,0,0
sine,correct,32,31,0.96875,0.098017140329560826,0.09809590471572556,0.96739039957882678,0.96739039957882678,0.00094471718708869802,0.00094471718708869802,0,0,0,0
sine,correct,64,1,0.015625,0.049067674327418015,0.049077528186574446,0.48427853449310415,0.48427853449310415,0.00011823206408523051,0.00011823206408523051,0,0,0,0
sine,correct,64,2,0.03125,0.098017140329560604,0.098036824309063672,0.96739039957882456,0.96739039957882456,0.00023617929677217396,0.00023617929677217396,0,0,0,0
sine,correct,64,3,0.046875,0.14673047445536175,0.14675994113478069,1.448171736458568,1.448171736458568,0.00035355755284633008,0.00035355755284633008,0,0,0,0
sine,correct,64,4,0.0625,0.19509032201612825,0.1951295004076514,1.9254643007803194,1.9254643007803194,0.00047008405780769516,0.00047008405780769516,0,0,0,0
sine,correct,64,5,0.078125,0.24298017990326387,0.24302897562271442,2.398118252950737,2.398118252950737,0.00058547808909930102,0.00058547808909930102,0,0,0,0
sine,correct,64,6,0.09375,0.29028467725446233,0.2903429727486781,2.8649949281994451,2.8649949281994451,0.00069946165239244266,0.00069946165239244266,0,0,0,0
sine,correct,64,7,0.109375,0.33688985339222005,0.33695750822224946,3.3249695797222034,3.3249695797222034,0.00081176015129936607,0.00081176015129936607,0,0,0,0
sine,correct,64,8,0.125,0.38268343236508978,0.38276028354452135,3.776934088294472,3.776934088294472,0.00092210304890001757,0.00092210304890001757,0,0,0,0
sine,correct,64,9,0.140625,0.42755509343028208,0.42764095581789324,4.2197996318276836,4.2197996318276836,0.0010302245194891806,0.0010302245194891806,0,0,0,0
sine,correct,64,10,0.15625,0.47139673682599764,0.47149140357177594,4.6524993084370285,4.6524993084370285,0.0011358640889738839,0.0011358640889738839,0,0,0,0
sine,correct,64,11,0.171875,0.51410274419322166,0.51420598723668465,5.0739907067015366,5.0739907067015366,0.0012387672623783048,0.0012387672623783048,0,0,0,0
sine,correct,64,12,0.1875,0.55557023301960218,0.55568180363921527,5.4832584169245058,5.4832584169245058,0.0013386861369444594,0.0013386861369444594,0,0,0,0
sine,correct,64,13,0.203125,0.59569930449243336,0.59581893390480134,5.87931647734439,5.87931647734439,0.0014353799993516577,0.0014353799993516577,0,0,0,0
sine,correct,64,14,0.21875,0.63439328416364549,0.6345206841710358,6.2612107494030473,6.2612107494030473,0.0015286159056159784,0.0015286159056159784,0,0,0,0
sine,correct,64,15,0.234375,0.67155895484701833,0.67169381853165411,6.6280212163491017,6.6280212163491017,0.0016181692422727299,0.0016181692422727299,0,0,0,0
sine,correct,64,16,0.25,0.70710678118654746,0.70724878364999977,6.9788641996388785,6.9788641996388785,0.0017038242674899606,0.0017038242674899606,0,0,0,0
sine,correct,64,17,0.265625,0.74095112535495911,0.7410999245008556,7.3128944877954174,7.3128944877954174,0.0017853746308094281,0.0017853746308094281,0,0,0,0
sine,correct,64,18,0.28125,0.77301045336273699,0.77316569072090191,7.6293073725969487,7.6293073725969487,0.0018626238702629269,0.0018626238702629269,0,0,0,0
sine,correct,64,19,0.296875,0.80320753148064483,0.80336883307068518,7.9273405876894909,7.9273405876894909,0.0019353858856663796,0.0019353858856663796,0,0,0,0
sine,correct,64,20,0.3125,0.83146961230254524,0.83163658953480235,8.2062761449532626,8.2062761449532626,0.0020034853869514801,0.0020034853869514801,0,0,0,0
sine,correct,64,21,0.328125,0.85772861000027212,0.85790086061196791,8.4654420641989425,8.4654420641989425,0.00206675831645482,0.00206675831645482,0,0,0,0
sine,correct,64,22,0.34375,0.88192126434835494,0.88209837337267849,8.7042139920268156,8.7042139920268156,0.0021250522441471718,0.0021250522441471718,0,0,0,0
sine,correct,64,23,0.359375,0.90398929312344334,0.90417083388924202,8.9220167059487938,8.9220167059487938,0.0021782267348507797,0.0021782267348507797,0,0,0,0
sine,correct,64,24,0.375,0.92387953251128674,0.92406506767095475,9.1183255001497745,9.1183255001497745,0.0022261536865600035,0.0022261536865600035,0,0,0,0
sine,correct,64,25,0.390625,0.94154406518302081,0.94173314776610761,9.2926674495499082,9.2926674495499082,0.0022687176390502706,0.0022687176390502706,0,0,0,0
sine,correct,64,26,0.40625,0.95694033573220894,0.95713251022221013,9.4446225491225366,9.4446225491225366,0.0023058160520318693,0.0023058160520318693,0,0,0,0
sine,correct,64,27,0.421875,0.97003125319454397,0.97022605662628059,9.573824725723096,9.573824725723096,0.0023373595521784902,0.0023373595521784902,0,0,0,0
sine,correct,64,28,0.4375,0.98078528040323043,0.98098224347817276,9.6799627199913836,9.6799627199913836,0.0023632721484353964,0.0023632721484353964,0,0,0,0
sine,correct,64,29,0.453125,0.98917650996478101,0.98937515818162958,9.7627808362026141,9.7627808362026141,0.0023834914150885288,0.0023834914150885288,0,0,0,0
sine,correct,64,30,0.46875,0.99518472667219682,0.99538458146999764,9.8220795582608229,9.8220795582608229,0.0023979686421535212,0.0023979686421535212,0,0,0,0
sine,correct,64,31,0.484375,0.99879545620517241,0.99899603611621235,9.8577160303506233,9.8577160303506233,0.0024066689527223201,0.0024066689527223201,0,0,0,0
sine,correct,64,32,0.5,1,1.0002008218097047,9.869604401089358,9.869604401089358,0.0024095713869847065,0.0024095713869847065,0,0,0,0
sine,correct,64,33,0.515625,0.99879545620517241,0.99899603611621235,9.8577160303506233,9.8577160303506233,0.0024066689527223201,0.0024066689527223201,0,0,0,0
sine,correct,64,34,0.53125,0.99518472667219693,0.99538458146999775,9.8220795582608247,9.8220795582608247,0.0023979686421535217,0.0023979686421535217,0,0,0,0
sine,correct,64,35,0.546875,0.98917650996478101,0.98937515818162958,9.7627808362026141,9.7627808362026141,0.0023834914150885288,0.0023834914150885288,0,0,0,0
sine,correct,64,36,0.5625,0.98078528040323043,0.98098224347817276,9.6799627199913836,9.6799627199913836,0.0023632721484353964,0.0023632721484353964,0,0,0,0
sine,correct,64,37,0.578125,0.97003125319454397,0.97022605662628059,9.573824725723096,9.573824725723096,0.0023373595521784902,0.0023373595521784902,0,0,0,0
sine,correct,64,38,0.59375,0.95694033573220894,0.95713251022221013,9.4446225491225366,9.4446225491225366,0.0023058160520318693,0.0023058160520318693,0,0,0,0
sine,correct,64,39,0.609375,0.94154406518302081,0.94173314776610761,9.2926674495499082,9.2926674495499082,0.0022687176390502706,0.0022687176390502706,0,0,0,0
sine,correct,64,40,0.625,0.92387953251128674,0.92406506767095475,9.1183255001497745,9.1183255001497745,0.0022261536865600035,0.0022261536865600035,0,0,0,0
sine,correct,64,41,0.640625,0.90398929312344345,0.90417083388924213,8.9220167059487956,8.9220167059487956,0.0021782267348507802,0.0021782267348507802,0,0,0,0
sine,correct,64,42,0.65625,0.88192126434835505,0.8820983733726786,8.7042139920268156,8.7042139920268156,0.0021250522441471718,0.0021250522441471718,0,0,0,0
sine,correct,64,43,0.671875,0.85772861000027212,0.85790086061196791,8.4654420641989425,8.4654420641989425,0.00206675831645482,0.00206675831645482,0,0,0,0
sine,correct,64,44,0.6875,0.83146961230254546,0.83163658953480257,8.2062761449532644,8.2062761449532644,0.0020034853869514806,0.0020034853869514806,0,0,0,0
sine,correct,64,45,0.703125,0.80320753148064494,0.8033688330706853,7.9273405876894927,7.9273405876894927,0.00193538588566638,0.00193538588566638,0,0,0,0
sine,correct,64,46,0.71875,0.7730104533627371,0.77316569072090202,7.6293073725969505,7.6293073725969505,0.0018626238702629274,0.0018626238702629274,0,0,0,0
sine,correct,64,47,0.734375,0.74095112535495899,0.74109992450085549,7.3128944877954156,7.3128944877954156,0.0017853746308094276,0.0017853746308094276,0,0,0,0
sine,correct,64,48,0.75,0.70710678118654757,0.70724878364999988,6.9788641996388794,6.9788641996388794,0.0017038242674899608,0.0017038242674899608,0,0,0,0
sine,correct,64,49,0.765625,0.67155895484701855,0.67169381853165433,6.6280212163491035,6.6280212163491035,0.0016181692422727303,0.0016181692422727303,0,0,0,0
sine,correct,64,50,0.78125,0.63439328416364549,0.6345206841710358,6.2612107494030473,6.2612107494030473,0.0015286159056159784,0.0015286159056159784,0,0,0,0
sine,correct,64,51,0.796875,0.59569930449243347,0.59581893390480145,5.8793164773443909,5.8793164773443909,0.0014353799993516579,0.0014353799993516579,0,0,0,0
sine,correct,64,52,0.8125,0.55557023301960218,0.55568180363921527,5.4832584169245058,5.4832584169245058,0.0013386861369444594,0.0013386861369444594,0,0,0,0
sine,correct,64,53,0.828125,0.51410274419322177,0.51420598723668476,5.0739907067015384,5.0739907067015384,0.0012387672623783053,0.0012387672623783053,0,0,0,0
sine,correct,64,54,0.84375,0.47139673682599786,0.47149140357177616,4.6524993084370303,4.6524993084370303,0.0011358640889738844,0.0011358640889738844,0,0,0,0
sine,correct,64,55,0.859375,0.42755509343028203,0.42764095581789319,4.2197996318276836,4.2197996318276836,0.0010302245194891806,0.0010302245194891806,0,0,0,0
sine,correct,64,56,0.875,0.38268343236508989,0.38276028354452146,3.7769340882944729,3.7769340882944729,0.00092210304890001779,0.00092210304890001779,0,0,0,0
sine,correct,64,57,0.890625,0.33688985339222033,0.33695750822224974,3.3249695797222065,3.3249695797222065,0.00081176015129936683,0.00081176015129936683,0,0,0,0
sine,correct,64,58,0.90625,0.29028467725446239,0.29034297274867815,2.864994928199446,2.864994928199446,0.00069946165239244287,0.00069946165239244287,0,0,0,0
sine,correct,64,59,0.921875,0.24298017990326407,0.24302897562271461,2.3981182529507392,2.3981182529507392,0.00058547808909930157,0.00058547808909930157,0,0,0,0
sine,correct,64,60,0.9375,0.19509032201612861,0.19512950040765176,1.9254643007803229,1.9254643007803229,0.00047008405780769603,0.00047008405780769603,0,0,0,0
sine,correct,64,61,0.953125,0.1467304744553618,0.14675994113478075,1.4481717364585684,1.4481717364585684,0.00035355755284633019,0.00035355755284633019,0,0,0,0
sine,correct,64,62,0.96875,0.098017140329560826,0.098036824309063894,0.96739039957882678,0.96739039957882678,0.00023617929677217451,0.00023617929677217451,0,0,0,0
sine,correct,64,63,0.984375,0.049067674327417966,0.049077528186574397,0.48427853449310365,0.48427853449310365,0.00011823206408523038,0.00011823206408523038,0,0,0,0
sine,correct,128,1,0.0078125,0.024541228522912288,0.024542460515061936,0.24221221703787479,0.24221221703787479,1.47834605125656e-05,1.47834605125656e-05,0,0,0,0
sine,correct,128,2,0.015625,0.049067674327418015,0.049070137569611302,0.48427853449310415,0.48427853449310415,2.9558016021307626e-05,2.9558016021307626e-05,0,0,0,0
sine,correct,128,3,0.0234375,0.073564563599667426,0.073568256608139371,0.7260531406674956,0.7260531406674956,4.4314766886443823e-05,4.4314766886443823e-05,0,0,0,0
sine,correct,128,4,0.03125,0.098017140329560604,0.098022060879780992,0.96739039957882456,0.96739039957882456,5.9044824193043491e-05,5.9044824193043491e-05,0,0,0,0
sine,correct,128,5,0.0390625,0.1224106751992162,0.12241682032722956,1.2081449386865042,1.2081449386865042,7.3739315105377453e-05,7.3739315105377453e-05,0,0,0,0
sine,correct,128,6,0.046875,0.14673047445536175,0.14673784045957275,1.448171736458568,1.448171736458568,8.838938821158252e-05,8.838938821158252e-05,0,0,0,0
sine,correct,128,7,0.0546875,0.17096188876030122,0.17097047120370437,1.6873262097272181,1.6873262097272181,0.00010298621885542103,0.00010298621885542103,0,0,0,0
sine,correct,128,8,0.0625,0.19509032201612825,0.19510011572898053,1.9254643007803194,1.9254643007803194,0.00011752101445192379,0.00011752101445192379,0,0,0,0
sine,correct,128,9,0.0703125,0.2191012401568698,0.21911223923980483,2.1624425641363785,2.1624425641363785,0.00013198501978371451,0.00013198501978371451,0,0,0,0
sine,correct,128,10,0.078125,0.24298017990326387,0.24299237773084537,2.398118252950737,2.398118252950737,0.00014636952227482526,0.00014636952227482526,0,0,0,0
sine,correct,128,11,0.0859375,0.26671275747489837,0.26672614669961109,2.6323494050009355,2.6323494050009355,0.00016066585723882663,0.00016066585723882663,0,0,0,0
sine,correct,128,12,0.09375,0.29028467725446233,0.29029924981113797,2.8649949281994451,2.8649949281994451,0.00017486541309811066,0.00017486541309811066,0,0,0,0
sine,correct,128,13,0.1015625,0.31368174039889152,0.31369748750956683,3.0959146855822692,3.0959146855822692,0.00018895963657118342,0.00018895963657118342,0,0,0,0
sine,correct,128,14,0.109375,0.33688985339222005,0.3369067655714244,3.3249695797222034,3.3249695797222034,0.00020294003782484152,0.00020294003782484152,0,0,0,0
sine,correct,128,15,0.1171875,0.35989503653498811,0.35991310359545714,3.5520216365159341,3.5520216365159341,0.00021679819558813074,0.00021679819558813074,0,0,0,0
sine,correct,128,16,0.125,0.38268343236508978,0.38270264342390181,3.776934088294472,3.776934088294472,0.00023052576222500439,0.00023052576222500439,0,0,0,0
sine,correct,128,17,0.1328125,0.40524131400498986,0.40526165749012144,3.9995714562068825,3.9995714562068825,0.0002441144687626271,0.0002441144687626271,0,0,0,0
sine,correct,128,18,0.140625,0.42755509343028208,0.42757655708757847,4.2197996318276836,4.2197996318276836,0.00025755612987229514,0.00025755612987229514,0,0,0,0
sine,correct,128,19,0.1484375,0.44961132965460654,0.44963390055516311,4.4374859579387431,4.4374859579387431,0.00027084264879997211,0.00027084264879997211,0,0,0,0
sine,correct,128,20,0.15625,0.47139673682599764,0.47142040137394792,4.6524993084370285,4.6524993084370285,0.00028396602224347098,0.00028396602224347098,0,0,0,0
sine,correct,128,21,0.1640625,0.49289819222978404,0.49292293617048916,4.864710167320065,4.864710167320065,0.00029691834517334381,0.00029691834517334381,0,0,0,0
sine,correct,128,22,0.171875,0.51410274419322166,0.51412855262185708,5.0739907067015366,5.0739907067015366,0.00030969181559457621,0.00030969181559457621,0,0,0,0
sine,correct,128,23,0.1796875,0.53499761988709715,0.53502447725763036,5.2802148638100252,5.2802148638100252,0.00032227873924621736,0.00032227873924621736,0,0,0,0
sine,correct,128,24,0.1875,0.55557023301960218,0.55559812315415757,5.4832584169245058,5.4832584169245058,0.00033467153423611485,0.00033467153423611485,0,0,0,0
sine,correct,128,25,0.1953125,0.57580819141784534,0.57583709751644863,5.6829990602008698,5.6829990602008698,0.00034686273560796324,0.00034686273560796324,0,0,0,0
sine,correct,128,26,0.203125,0.59569930449243336,0.59572920914313165,5.87931647734439,5.87931647734439,0.00035884499983791443,0.00035884499983791443,0,0,0,0
sine,correct,128,27,0.2109375,0.61523159058062682,0.61526247576997672,6.0720924140837607,6.0720924140837607,0.00037061110925804203,0.00037061110925804203,0,0,0,0
sine,correct,128,28,0.21875,0.63439328416364549,0.63442513128756384,6.2612107494030473,6.2612107494030473,0.00038215397640399459,0.00038215397640399459,0,0,0,0
sine,correct,128,29,0.2265625,0.65317284295377676,0.653205632828747,6.4465575654886429,6.4465575654886429,0.00039346664828421893,0.00039346664828421893,0,0,0,0
sine,correct,128,30,0.234375,0.67155895484701833,0.67159266772164583,6.6280212163491017,6.6280212163491017,0.00040454231056818248,0.00040454231056818248,0,0,0,0
sine,correct,128,31,0.2421875,0.68954054473706683,0.68957516030397648,6.8054923950665085,6.8054923950665085,0.00041537429169107108,0.00041537429169107108,0,0,0,0
sine,correct,128,32,0.25,0.70710678118654746,0.70714227859461609,6.9788641996388785,6.9788641996388785,0.00042595606687249014,0.00042595606687249014,0,0,0,0
sine,correct,128,33,0.2578125,0.72424708295146689,0.72428344081838325,7.1480321973739267,7.1480321973739267,0.00043628126204674846,0.00043628126204674846,0,0,0,0
sine,correct,128,34,0.265625,0.74095112535495911,0.74098832178010376,7.3128944877954174,7.3128944877954174,0.00044634365770235702,0.00044634365770235702,0,0,0,0
sine,correct,128,35,0.2734375,0.75720884650648446,0.75724685908412159,7.4733517640241951,7.4733517640241951,0.00045613719262842988,0.00045613719262842988,0,0,0,0
sine,correct,128,36,0.28125,0.77301045336273699,0.77304925919551137,7.6293073725969487,7.6293073725969487,0.00046565596756573173,0.00046565596756573173,0,0,0,0
sine,correct,128,37,0.2890625,0.78834642762660623,0.78838600333933517,7.7806673716866257,7.7806673716866257,0.00047489424876017003,0.00047489424876017003,0,0,0,0
sine,correct,128,38,0.296875,0.80320753148064483,0.80324785323439885,7.9273405876894909,7.9273405876894909,0.0004838464714165949,0.0004838464714165949,0,0,0,0
sine,correct,128,39,0.3046875,0.81758481315158371,0.81762585665804599,8.0692386701446903,8.0692386701446903,0.00049250724305082338,0.00049250724305082338,0,0,0,0
sine,correct,128,40,0.3125,0.83146961230254524,0.8315113528386423,8.2062761449532626,8.2062761449532626,0.00050087134673787003,0.00050087134673787003,0,0,0,0
sine,correct,128,41,0.3203125,0.84485356524970701,0.84489597767250069,8.3383704658645428,8.3383704658645428,0.00050893374425442766,0.00050893374425442766,0,0,0,0
sine,correct,128,42,0.328125,0.85772861000027212,0.85777166876210476,8.4654420641989425,8.4654420641989425,0.00051668957911370499,0.00051668957911370499,0,0,0,0
sine,correct,128,43,0.3359375,0.87008699110871135,0.87013067027259494,8.5874143967771346,8.5874143967771346,0.00052413417949079191,0.00052413417949079191,0,0,0,0
sine,correct,128,44,0.34375,0.88192126434835494,0.88196553760359431,8.7042139920268156,8.7042139920268156,0.00053126306103679294,0.00053126306103679294,0,0,0,0
sine,correct,128,45,0.3515625,0.89322430119551532,0.8932691418735571,8.8157704942392243,8.8157704942392243,0.00053807192958003078,0.00053807192958003078,0,0,0,0
sine,correct,128,46,0.359375,0.90398929312344334,0.90403467421393979,8.9220167059487938,8.9220167059487938,0.00054455668371269493,0.00054455668371269493,0,0,0,0
sine,correct,128,47,0.3671875,0.91420975570353069,0.91425564987060981,9.022888628410394,9.022888628410394,0.00055071341726137658,0.00055071341726137658,0,0,0,0
sine,correct,128,48,0.375,0.92387953251128674,0.9239259121100184,9.1183255001497745,9.1183255001497745,0.00055653842164000088,0.00055653842164000088,0,0,0,0
sine,correct,128,49,0.3828125,0.93299279883473885,0.93303963592778694,9.2082698335640174,9.2082698335640174,0.0005620281880837413,0.0005620281880837413,0,0,0,0
sine,correct,128,50,0.390625,0.94154406518302081,0.94159133155747188,9.2926674495499082,9.2926674495499082,0.00056717940976256764,0.00056717940976256764,0,0,0,0
sine,correct,128,51,0.3984375,0.94952818059303667,0.94957584777739412,9.3714675101394054,9.3714675101394054,0.00057198898377315707,0.00057198898377315707,0,0,0,0
sine,correct,128,52,0.40625,0.95694033573220894,0.95698837501354328,9.4446225491225366,9.4446225491225366,0.00057645401300796732,0.00057645401300796732,0,0,0,0
sine,correct,128,53,0.4140625,0.96377606579543984,0.96382444823668434,9.5120885006392601,9.5120885006392601,0.00058057180790034547,0.00058057180790034547,0,0,0,0
sine,correct,128,54,0.421875,0.97003125319454397,0.97007994965192512,9.573824725723096,9.573824725723096,0.00058433988804462256,0.00058433988804462256,0,0,0,0
sine,correct,128,55,0.4296875,0.97570213003852857,0.97575111117912139,9.6297940367805221,9.6297940367805221,0.00058775598369021742,0.00058775598369021742,0,0,0,0
sine,correct,128,56,0.4375,0.98078528040323043,0.98083451672262734,9.6799627199913836,9.6799627199913836,0.0005908180371088491,0.0005908180371088491,0,0,0,0
sine,correct,128,57,0.4453125,0.98527764238894122,0.98532710422902448,9.7243005556168409,9.7243005556168409,0.0005935242038340357,0.0005935242038340357,0,0,0,0
sine,correct,128,58,0.453125,0.98917650996478101,0.98922616753158754,9.7627808362026141,9.7627808362026141,0.00059587285377213221,0.00059587285377213221,0,0,0,0
sine,correct,128,59,0.4609375,0.99247953459870997,0.99252935798037845,9.7953803826665453,9.7953803826665453,0.00059786257218423738,0.00059786257218423738,0,0,0,0
sine,correct,128,60,0.46875,0.99518472667219682,0.99523468585698516,9.8220795582608229,9.8220795582608229,0.0005994921605383803,0.0005994921605383803,0,0,0,0
sine,correct,128,61,0.4765625,0.99729045667869021,0.99734052157305353,9.842862280400416,9.842862280400416,0.0006007606372314707,0.0006007606372314707,0,0,0,0
sine,correct,128,62,0.484375,0.99879545620517241,0.99884559665189043,9.8577160303506233,9.8577160303506233,0.00060166723818058003,0.00060166723818058003,0,0,0,0
sine,correct,128,63,0.4921875,0.99969881869620425,0.99974900449254678,9.8666318607678889,9.8666318607678889,0.00060221141728319634,0.00060221141728319634,0,0,0,0
sine,correct,128,64,0.5,1,1.0000502009159198,9.869604401089358,9.869604401089358,0.00060239284674617664,0.00060239284674617664,0,0,0,0
sine,correct,128,65,0.5078125,0.99969881869620425,0.99974900449254678,9.8666318607678889,9.8666318607678889,0.00060221141728319634,0.00060221141728319634,0,0,0,0
sine,correct,128,66,0.515625,0.99879545620517241,0.99884559665189043,9.8577160303506233,9.8577160303506233,0.00060166723818058003,0.00060166723818058003,0,0,0,0
sine,correct,128,67,0.5234375,0.99729045667869021,0.99734052157305353,9.842862280400416,9.842862280400416,0.0006007606372314707,0.0006007606372314707,0,0,0,0
sine,correct,128,68,0.53125,0.99518472667219693,0.99523468585698527,9.8220795582608247,9.8220795582608247,0.00059949216053838041,0.00059949216053838041,0,0,0,0
sine,correct,128,69,0.5390625,0.99247953459870997,0.99252935798037845,9.7953803826665453,9.7953803826665453,0.00059786257218423738,0.00059786257218423738,0,0,0,0
sine,correct,128,70,0.546875,0.98917650996478101,0.98922616753158754,9.7627808362026141,9.7627808362026141,0.00059587285377213221,0.00059587285377213221,0,0,0,0
sine,correct,128,71,0.5546875,0.98527764238894122,0.98532710422902448,9.7243005556168409,9.7243005556168409,0.0005935242038340357,0.0005935242038340357,0,0,0,0
sine,correct,128,72,0.5625,0.98078528040323043,0.98083451672262734,9.6799627199913836,9.6799627199913836,0.0005908180371088491,0.0005908180371088491,0,0,0,0
sine,correct,128,73,0.5703125,0.97570213003852857,0.97575111117912139,9.6297940367805221,9.6297940367805221,0.00058775598369021742,0.00058775598369021742,0,0,0,0
sine,correct,128,74,0.578125,0.97003125319454397,0.97007994965192512,9.573824725723096,9.573824725723096,0.00058433988804462256,0.00058433988804462256,0,0,0,0
sine,correct,128,75,0.5859375,0.96377606579543984,0.96382444823668434,9.5120885006392601,9.5120885006392601,0.00058057180790034547,0.00058057180790034547,0,0,0,0
sine,correct,128,76,0.59375,0.95694033573220894,0.95698837501354328,9.4446225491225366,9.4446225491225366,0.00057645401300796732,0.00057645401300796732,0,0,0,0
sine,correct,128,77,0.6015625,0.94952818059303667,0.94957584777739412,9.3714675101394054,9.3714675101394054,0.00057198898377315707,0.00057198898377315707,0,0,0,0
sine,correct,128,78,0.609375,0.94154406518302081,0.94159133155747188,9.2926674495499082,9.2926674495499082,0.00056717940976256764,0.00056717940976256764,0,0,0,0
sine,correct,128,79,0.6171875,0.93299279883473885,0.93303963592778694,9.2082698335640174,9.2082698335640174,0.0005620281880837413,0.0005620281880837413,0,0,0,0
sine,correct,128,80,0.625,0.92387953251128674,0.9239259121100184,9.1183255001497745,9.1183255001497745,0.00055653842164000088,0.00055653842164000088,0,0,0,0
sine,correct,128,81,0.6328125,0.91420975570353069,0.91425564987060981,9.022888628410394,9.022888628410394,0.00055071341726137658,0.00055071341726137658,0,0,0,0
sine,correct,128,82,0.640625,0.90398929312344345,0.9040346742139399,8.9220167059487956,8.9220167059487956,0.00054455668371269504,0.00054455668371269504,0,0,0,0
sine,correct,128,83,0.6484375,0.89322430119551521,0.89326914187355699,8.8157704942392225,8.8157704942392225,0.00053807192958003067,0.00053807192958003067,0,0,0,0
sine,correct,128,84,0.65625,0.88192126434835505,0.88196553760359442,8.7042139920268156,8.7042139920268156,0.00053126306103679294,0.00053126306103679294,0,0,0,0
sine,correct,128,85,0.6640625,0.87008699110871146,0.87013067027259505,8.5874143967771364,8.5874143967771364,0.00052413417949079201,0.00052413417949079201,0,0,0,0
sine,correct,128,86,0.671875,0.85772861000027212,0.85777166876210476,8.4654420641989425,8.4654420641989425,0.00051668957911370499,0.00051668957911370499,0,0,0,0
sine,correct,128,87,0.6796875,0.84485356524970723,0.84489597767250091,8.3383704658645463,8.3383704658645463,0.00050893374425442788,0.00050893374425442788,0,0,0,0
sine,correct,128,88,0.6875,0.83146961230254546,0.83151135283864253,8.2062761449532644,8.2062761449532644,0.00050087134673787014,0.00050087134673787014,0,0,0,0
sine,correct,128,89,0.6953125,0.81758481315158371,0.81762585665804599,8.0692386701446903,8.0692386701446903,0.00049250724305082338,0.00049250724305082338,0,0,0,0
sine,correct,128,90,0.703125,0.80320753148064494,0.80324785323439896,7.9273405876894927,7.9273405876894927,0.00048384647141659501,0.00048384647141659501,0,0,0,0
sine,correct,128,91,0.7109375,0.78834642762660634,0.78838600333933528,7.7806673716866266,7.7806673716866266,0.00047489424876017008,0.00047489424876017008,0,0,0,0
sine,correct,128,92,0.71875,0.7730104533627371,0.77304925919551148,7.6293073725969505,7.6293073725969505,0.00046565596756573184,0.00046565596756573184,0,0,0,0
sine,correct,128,93,0.7265625,0.75720884650648468,0.75724685908412182,7.4733517640241978,7.4733517640241978,0.00045613719262843004,0.00045613719262843004,0,0,0,0
sine,correct,128,94,0.734375,0.74095112535495899,0.74098832178010365,7.3128944877954156,7.3128944877954156,0.00044634365770235691,0.00044634365770235691,0,0,0,0
sine,correct,128,95,0.7421875,0.72424708295146689,0.72428344081838325,7.1480321973739267,7.1480321973739267,0.00043628126204674846,0.00043628126204674846,0,0,0,0
sine,correct,128,96,0.75,0.70710678118654757,0.7071422785946162,6.9788641996388794,6.9788641996388794,0.0004259560668724902,0.0004259560668724902,0,0,0,0
sine,correct,128,97,0.7578125,0.68954054473706705,0.6895751603039767,6.8054923950665103,6.8054923950665103,0.00041537429169107118,0.00041537429169107118,0,0,0,0
sine,correct,128,98,0.765625,0.67155895484701855,0.67159266772164605,6.6280212163491035,6.6280212163491035,0.00040454231056818258,0.00040454231056818258,0,0,0,0
sine,correct,128,99,0.7734375,0.65317284295377664,0.65320563282874688,6.446557565488642,6.446557565488642,0.00039346664828421887,0.00039346664828421887,0,0,0,0
sine,correct,128,100,0.78125,0.63439328416364549,0.63442513128756384,6.2612107494030473,6.2612107494030473,0.00038215397640399459,0.00038215397640399459,0,0,0,0
sine,correct,128,101,0.7890625,0.61523159058062693,0.61526247576997684,6.0720924140837615,6.0720924140837615,0.00037061110925804209,0.00037061110925804209,0,0,0,0
sine,correct,128,102,0.796875,0.59569930449243347,0.59572920914313177,5.8793164773443909,5.8793164773443909,0.00035884499983791448,0.00035884499983791448,0,0,0,0
sine,correct,128,103,0.8046875,0.57580819141784545,0.57583709751644874,5.6829990602008706,5.6829990602008706,0.0003468627356079633,0.0003468627356079633,0,0,0,0
sine,correct,128,104,0.8125,0.55557023301960218,0.55559812315415757,5.4832584169245058,5.4832584169245058,0.00033467153423611485,0.00033467153423611485,0,0,0,0
sine,correct,128,105,0.8203125,0.53499761988709715,0.53502447725763036,5.2802148638100252,5.2802148638100252,0.00032227873924621736,0.00032227873924621736,0,0,0,0
sine,correct,128,106,0.828125,0.51410274419322177,0.51412855262185719,5.0739907067015384,5.0739907067015384,0.00030969181559457632,0.00030969181559457632,0,0,0,0
sine,correct,128,107,0.8359375,0.49289819222978415,0.49292293617048927,4.8647101673200659,4.8647101673200659,0.00029691834517334387,0.00029691834517334387,0,0,0,0
sine,correct,128,108,0.84375,0.47139673682599786,0.47142040137394814,4.6524993084370303,4.6524993084370303,0.00028396602224347109,0.00028396602224347109,0,0,0,0
sine,correct,128,109,0.8515625,0.44961132965460687,0.44963390055516345,4.4374859579387458,4.4374859579387458,0.00027084264879997228,0.00027084264879997228,0,0,0,0
sine,correct,128,110,0.859375,0.42755509343028203,0.42757655708757841,4.2197996318276836,4.2197996318276836,0.00025755612987229514,0.00025755612987229514,0,0,0,0
sine,correct,128,111,0.8671875,0.40524131400498992,0.4052616574901215,3.9995714562068829,3.9995714562068829,0.00024411446876262713,0.00024411446876262713,0,0,0,0
sine,correct,128,112,0.875,0.38268343236508989,0.38270264342390192,3.7769340882944729,3.7769340882944729,0.00023052576222500445,0.00023052576222500445,0,0,0,0
sine,correct,128,113,0.8828125,0.35989503653498833,0.35991310359545736,3.5520216365159363,3.5520216365159363,0.00021679819558813088,0.00021679819558813088,0,0,0,0
sine,correct,128,114,0.890625,0.33688985339222033,0.33690676557142468,3.3249695797222065,3.3249695797222065,0.00020294003782484171,0.00020294003782484171,0,0,0,0
sine,correct,128,115,0.8984375,0.31368174039889141,0.31369748750956672,3.0959146855822679,3.0959146855822679,0.00018895963657118334,0.00018895963657118334,0,0,0,0
sine,correct,128,116,0.90625,0.29028467725446239,0.29029924981113803,2.864994928199446,2.864994928199446,0.00017486541309811072,0.00017486541309811072,0,0,0,0
sine,correct,128,117,0.9140625,0.26671275747489848,0.2667261466996112,2.6323494050009364,2.6323494050009364,0.00016066585723882668,0.00016066585723882668,0,0,0,0
sine,correct,128,118,0.921875,0.24298017990326407,0.24299237773084556,2.3981182529507392,2.3981182529507392,0.00014636952227482539,0.00014636952227482539,0,0,0,0
sine,correct,128,119,0.9296875,0.21910124015687005,0.21911223923980508,2.1624425641363811,2.1624425641363811,0.00013198501978371467,0.00013198501978371467,0,0,0,0
sine,correct,128,120,0.9375,0.19509032201612861,0.19510011572898089,1.9254643007803229,1.9254643007803229,0.00011752101445192401,0.00011752101445192401,0,0,0,0
sine,correct,128,121,0.9453125,0.17096188876030122,0.17097047120370437,1.6873262097272181,1.6873262097272181,0.00010298621885542103,0.00010298621885542103,0,0,0,0
sine,correct,128,122,0.953125,0.1467304744553618,0.1467378404595728,1.4481717364585684,1.4481717364585684,8.8389388211582547e-05,8.8389388211582547e-05,0,0,0,0
sine,correct,128,123,0.9609375,0.12241067519921635,0.12241682032722971,1.2081449386865055,1.2081449386865055,7.3739315105377534e-05,7.3739315105377534e-05,0,0,0,0
sine,correct,128,124,0.96875,0.098017140329560826,0.098022060879781214,0.96739039957882678,0.96739039957882678,5.9044824193043626e-05,5.9044824193043626e-05,0,0,0,0
sine,correct,128,125,0.9765625,0.073564563599667732,0.073568256608139676,0.7260531406674986,0.7260531406674986,4.4314766886444006e-05,4.4314766886444006e-05,0,0,0,0
sine,correct,128,126,0.984375,0.049067674327417966,0.049070137569611254,0.48427853449310365,0.48427853449310365,2.9558016021307596e-05,2.9558016021307596e-05,0,0,0,0
sine,correct,128,127,0.9921875,0.024541228522912326,0.024542460515061974,0.24221221703787518,0.24221221703787518,1.4783460512565624e-05,1.4783460512565624e-05,0,0,0,0
quadratic,correct,4,1,0.25,1.4375,1.4375,2,2,1.125,1.125,1,2,1,2
quadratic,correct,4,2,0.5,1.75,1.75,2,2,0.125,0.125,1,2,1,2
quadratic,correct,4,3,0.75,1.9375,1.9375,2,2,2.125,2.125,1,2,1,2
quadratic,correct,8,1,0.125,1.234375,1.234375,2,2,1.03125,1.03125,1,2,1,2
quadratic,correct,8,2,0.25,1.4375,1.4375,2,2,0.03125,0.03125,1,2,1,2
quadratic,correct,8,3,0.375,1.609375,1.609375,2,2,0.03125,0.03125,1,2,1,2
quadratic,correct,8,4,0.5,1.75,1.75,2,2,0.03125,0.03125,1,2,1,2
quadratic,correct,8,5,0.625,1.859375,1.859375,2,2,0.03125,0.03125,1,2,1,2
quadratic,correct,8,6,0.75,1.9375,1.9375,2,2,0.03125,0.03125,1,2,1,2
quadratic,correct,8,7,0.875,1.984375,1.984375,2,2,2.03125,2.03125,1,2,1,2
quadratic,correct,16,1,0.0625,1.12109375,1.12109375,2,2,1.0078125,1.0078125,1,2,1,2
quadratic,correct,16,2,0.125,1.234375,1.234375,2,2,0.0078125,0.0078125,1,2,1,2
quadratic,correct,16,3,0.1875,1.33984375,1.33984375,2,2,0.0078125,0.0078125,1,2,1,2
quadratic,correct,16,4,0.25,1.4375,1.4375,2,2,0.0078125,0.0078125,1,2,1,2
quadratic,correct,16,5,0.3125,1.52734375,1.52734375,2,2,0.0078125,0.0078125,1,2,1,2
quadratic,correct,16,6,0.375,1.609375,1.609375,2,2,0.0078125,0.0078125,1,2,1,2
quadratic,correct,16,7,0.4375,1.68359375,1.68359375,2,2,0.0078125,0.0078125,1,2,1,2
quadratic,correct,16,8,0.5,1.75,1.75,2,2,0.0078125,0.0078125,1,2,1,2
quadratic,correct,16,9,0.5625,1.80859375,1.80859375,2,2,0.0078125,0.0078125,1,2,1,2
quadratic,correct,16,10,0.625,1.859375,1.859375,2,2,0.0078125,0.0078125,1,2,1,2
quadratic,correct,16,11,0.6875,1.90234375,1.90234375,2,2,0.0078125,0.0078125,1,2,1,2
quadratic,correct,16,12,0.75,1.9375,1.9375,2,2,0.0078125,0.0078125,1,2,1,2
quadratic,correct,16,13,0.8125,1.96484375,1.96484375,2,2,0.0078125,0.0078125,1,2,1,2
quadratic,correct,16,14,0.875,1.984375,1.984375,2,2,0.0078125,0.0078125,1,2,1,2
quadratic,correct,16,15,0.9375,1.99609375,1.99609375,2,2,2.0078125,2.0078125,1,2,1,2
quadratic,correct,32,1,0.03125,1.0615234375,1.0615234375,2,2,1.001953125,1.001953125,1,2,1,2
quadratic,correct,32,2,0.0625,1.12109375,1.12109375,2,2,0.001953125,0.001953125,1,2,1,2
quadratic,correct,32,3,0.09375,1.1787109375,1.1787109375,2,2,0.001953125,0.001953125,1,2,1,2
quadratic,correct,32,4,0.125,1.234375,1.234375,2,2,0.001953125,0.001953125,1,2,1,2
quadratic,correct,32,5,0.15625,1.2880859375,1.2880859375,2,2,0.001953125,0.001953125,1,2,1,2
quadratic,correct,32,6,0.1875,1.33984375,1.33984375,2,2,0.001953125,0.001953125,1,2,1,2
quadratic,correct,32,7,0.21875,1.3896484375,1.3896484375,2,2,0.001953125,0.001953125,1,2,1,2
quadratic,correct,32,8,0.25,1.4375,1.4375,2,2,0.001953125,0.001953125,1,2,1,2
quadratic,correct,32,9,0.28125,1.4833984375,1.4833984375,2,2,0.001953125,0.001953125,1,2,1,2
quadratic,correct,32,10,0.3125,1.52734375,1.52734375,2,2,0.001953125,0.001953125,1,2,1,2
quadratic,correct,32,11,0.34375,1.5693359375,1.5693359375,2,2,0.001953125,0.001953125,1,2,1,2
quadratic,correct,32,12,0.375,1.609375,1.609375,2,2,0.001953125,0.001953125,1,2,1,2
quadratic,correct,32,13,0.40625,1.6474609375,1.6474609375,2,2,0.001953125,0.001953125,1,2,1,2
quadratic,correct,32,14,0.4375,1.68359375,1.68359375,2,2,0.001953125,0.001953125,1,2,1,2
quadratic,correct,32,15,0.46875,1.7177734375,1.7177734375,2,2,0.001953125,0.001953125,1,2,1,2
quadratic,correct,32,16,0.5,1.75,1.75,2,2,0.001953125,0.001953125,1,2,1,2
quadratic,correct,32,17,0.53125,1.7802734375,1.7802734375,2,2,0.001953125,0.001953125,1,2,1,2
quadratic,correct,32,18,0.5625,1.80859375,1.80859375,2,2,0.001953125,0.001953125,1,2,1,2
quadratic,correct,32,19,0.59375,1.8349609375,1.8349609375,2,2,0.001953125,0.001953125,1,2,1,2
quadratic,correct,32,20,0.625,1.859375,1.859375,2,2,0.001953125,0.001953125,1,2,1,2
quadratic,correct,32,21,0.65625,1.8818359375,1.8818359375,2,2,0.001953125,0.001953125,1,2,1,2
quadratic,correct,32,22,0.6875,1.90234375,1.90234375,2,2,0.001953125,0.001953125,1,2,1,2
quadratic,correct,32,23,0.71875,1.9208984375,1.9208984375,2,2,0.001953125,0.001953125,1,2,1,2
quadratic,correct,32,24,0.75,1.9375,1.9375,2,2,0.001953125,0.001953125,1,2,1,2
quadratic,correct,32,25,0.78125,1.9521484375,1.9521484375,2,2,0.001953125,0.001953125,1,2,1,2
quadratic,correct,32,26,0.8125,1.96484375,1.96484375,2,2,0.001953125,0.001953125,1,2,1,2
quadratic,correct,32,27,0.84375,1.9755859375,1.9755859375,2,2,0.001953125,0.001953125,1,2,1,2
quadratic,correct,32,28,0.875,1.984375,1.984375,2,2,0.001953125,0.001953125,1,2,1,2
quadratic,correct,32,29,0.90625,1.9912109375,1.9912109375,2,2,0.001953125,0.001953125,1,2,1,2
quadratic,correct,32,30,0.9375,1.99609375,1.99609375,2,2,0.001953125,0.001953125,1,2,1,2
quadratic,correct,32,31,0.96875,1.9990234375,1.9990234375,2,2,2.001953125,2.001953125,1,2,1,2
quadratic,correct,64,1,0.015625,1.031005859375,1.031005859375,2,2,1.00048828125,1.00048828125,1,2,1,2
quadratic,correct,64,2,0.03125,1.0615234375,1.0615234375,2,2,0.00048828125,0.00048828125,1,2,1,2
quadratic,correct,64,3,0.046875,1.091552734375,1.091552734375,2,2,0.00048828125,0.00048828125,1,2,1,2
quadratic,correct,64,4,0.0625,1.12109375,1.12109375,2,2,0.00048828125,0.00048828125,1,2,1,2
quadratic,correct,64,5,0.078125,1.150146484375,1.150146484375,2,2,0.00048828125,0.00048828125,1,2,1,2
quadratic,correct,64,6,0.09375,1.1787109375,1.1787109375,2,2,0.00048828125,0.00048828125,1,2,1,2
quadratic,correct,64,7,0.109375,1.206787109375,1.206787109375,2,2,0.00048828125,0.00048828125,1,2,1,2
quadratic,correct,64,8,0.125,1.234375,1.234375,2,2,0.00048828125,0.00048828125,1,2,1,2
quadratic,correct,64,9,0.140625,1.261474609375,1.261474609375,2,2,0.00048828125,0.00048828125,1,2,1,2
quadratic,correct,64,10,0.15625,1.2880859375,1.2880859375,2,2,0.00048828125,0.00048828125,1,2,1,2
quadratic,correct,64,11,0.171875,1.314208984375,1.314208984375,2,2,0.00048828125,0.00048828125,1,2,1,2
quadratic,correct,64,12,0.1875,1.33984375,1.33984375,2,2,0.00048828125,0.00048828125,1,2,1,2
quadratic,correct,64,13,0.203125,1.364990234375,1.364990234375,2,2,0.00048828125,0.00048828125,1,2,1,2
quadratic,correct,64,14,0.21875,1.3896484375,1.3896484375,2,2,0.00048828125,0.00048828125,1,2,1,2
quadratic,correct,64,15,0.234375,1.413818359375,1.413818359375,2,2,0.00048828125,0.00048828125,1,2,1,2
quadratic,correct,64,16,0.25,1.4375,1.4375,2,2,0.00048828125,0.00048828125,1,2,1,2
quadratic,correct,64,17,0.265625,1.460693359375,1.460693359375,2,2,0.00048828125,0.00048828125,1,2,1,2
quadratic,correct,64,18,0.28125,1.4833984375,1.4833984375,2,2,0.00048828125,0.00048828125,1,2,1,2
quadratic,correct,64,19,0.296875,1.505615234375,1.505615234375,2,2,0.00048828125,0.00048828125,1,2,1,2
quadratic,correct,64,20,0.3125,1.52734375,1.52734375,2,2,0.00048828125,0.00048828125,1,2,1,2
quadratic,correct,64,21,0.328125,1.548583984375,1.548583984375,2,2,0.00048828125,0.00048828125,1,2,1,2
quadratic,correct,64,22,0.34375,1.5693359375,1.5693359375,2,2,0.00048828125,0.00048828125,1,2,1,2
quadratic,correct,64,23,0.359375,1.589599609375,1.589599609375,2,2,0.00048828125,0.00048828125,1,2,1,2
quadratic,correct,64,24,0.375,1.609375,1.609375,2,2,0.00048828125,0.00048828125,1,2,1,2
quadratic,correct,64,25,0.390625,1.628662109375,1.628662109375,2,2,0.00048828125,0.00048828125,1,2,1,2
quadratic,correct,64,26,0.40625,1.6474609375,1.6474609375,2,2,0.00048828125,0.00048828125,1,2,1,2
quadratic,correct,64,27,0.421875,1.665771484375,1.665771484375,2,2,0.00048828125,0.00048828125,1,2,1,2
quadratic,correct,64,28,0.4375,1.68359375,1.68359375,2,2,0.00048828125,0.00048828125,1,2,1,2
quadratic,correct,64,29,0.453125,1.700927734375,1.700927734375,2,2,0.00048828125,0.00048828125,1,2,1,2
quadratic,correct,64,30,0.46875,1.7177734375,1.7177734375,2,2,0.00048828125,0.00048828125,1,2,1,2
quadratic,correct,64,31,0.484375,1.734130859375,1.734130859375,2,2,0.00048828125,0.00048828125,1,2,1,2
quadratic,correct,64,32,0.5,1.75,1.75,2,2,0.00048828125,0.00048828125,1,2,1,2
quadratic,correct,64,33,0.515625,1.765380859375,1.765380859375,2,2,0.00048828125,0.00048828125,1,2,1,2
quadratic,correct,64,34,0.53125,1.7802734375,1.7802734375,2,2,0.00048828125,0.00048828125,1,2,1,2
quadratic,correct,64,35,0.546875,1.794677734375,1.794677734375,2,2,0.00048828125,0.00048828125,1,2,1,2
quadratic,correct,64,36,0.5625,1.80859375,1.80859375,2,2,0.00048828125,0.00048828125,1,2,1,2
quadratic,correct,64,37,0.578125,1.822021484375,1.822021484375,2,2,0.00048828125,0.00048828125,1,2,1,2
quadratic,correct,64,38,0.59375,1.8349609375,1.8349609375,2,2,0.00048828125,0.00048828125,1,2,1,2
quadratic,correct,64,39,0.609375,1.847412109375,1.847412109375,2,2,0.00048828125,0.00048828125,1,2,1,2
quadratic,correct,64,40,0.625,1.859375,1.859375,2,2,0.00048828125,0.00048828125,1,2,1,2
quadratic,correct,64,41,0.640625,1.870849609375,1.870849609375,2,2,0.00048828125,0.00048828125,1,2,1,2
quadratic,correct,64,42,0.65625,1.8818359375,1.8818359375,2,2,0.00048828125,0.00048828125,1,2,1,2
quadratic,correct,64,43,0.671875,1.892333984375,1.892333984375,2,2,0.00048828125,0.00048828125,1,2,1,2
quadratic,correct,64,44,0.6875,1.90234375,1.90234375,2,2,0.00048828125,0.00048828125,1,2,1,2
quadratic,correct,64,45,0.703125,1.911865234375,1.911865234375,2,2,0.00048828125,0.00048828125,1,2,1,2
quadratic,correct,64,46,0.71875,1.9208984375,1.9208984375,2,2,0.00048828125,0.00048828125,1,2,1,2
quadratic,correct,64,47,0.734375,1.929443359375,1.929443359375,2,2,0.00048828125,0.00048828125,1,2,1,2
quadratic,correct,64,48,0.75,1.9375,1.9375,2,2,0.00048828125,0.00048828125,1,2,1,2
quadratic,correct,64,49,0.765625,1.945068359375,1.945068359375,2,2,0.00048828125,0.00048828125,1,2,1,2
quadratic,correct,64,50,0.78125,1.9521484375,1.9521484375,2,2,0.00048828125,0.00048828125,1,2,1,2
quadratic,correct,64,51,0.796875,1.958740234375,1.958740234375,2,2,0.00048828125,0.00048828125,1,2,1,2
quadratic,correct,64,52,0.8125,1.96484375,1.96484375,2,2,0.00048828125,0.00048828125,1,2,1,2
quadratic,correct,64,53,0.828125,1.970458984375,1.970458984375,2,2,0.00048828125,0.00048828125,1,2,1,2
quadratic,correct,64,54,0.84375,1.9755859375,1.9755859375,2,2,0.00048828125,0.00048828125,1,2,1,2
quadratic,correct,64,55,0.859375,1.980224609375,1.980224609375,2,2,0.00048828125,0.00048828125,1,2,1,2
quadratic,correct,64,56,0.875,1.984375,1.984375,2,2,0.00048828125,0.00048828125,1,2,1,2
quadratic,correct,64,57,0.890625,1.988037109375,1.988037109375,2,2,0.00048828125,0.00048828125,1,2,1,2
quadratic,correct,64,58,0.90625,1.9912109375,1.9912109375,2,2,0.00048828125,0.00048828125,1,2,1,2
quadratic,correct,64,59,0.921875,1.993896484375,1.993896484375,2,2,0.00048828125,0.00048828125,1,2,1,2
quadratic,correct,64,60,0.9375,1.99609375,1.99609375,2,2,0.00048828125,0.00048828125,1,2,1,2
quadratic,correct,64,61,0.953125,1.997802734375,1.997802734375,2,2,0.00048828125,0.00048828125,1,2,1,2
quadratic,correct,64,62,0.96875,1.9990234375,1.9990234375,2,2,0.00048828125,0.00048828125,1,2,1,2
quadratic,correct,64,63,0.984375,1.999755859375,1.999755859375,2,2,2.00048828125,2.00048828125,1,2,1,2
quadratic,correct,128,1,0.0078125,1.01556396484375,1.01556396484375,2,2,1.0001220703125,1.0001220703125,1,2,1,2
quadratic,correct,128,2,0.015625,1.031005859375,1.031005859375,2,2,0.0001220703125,0.0001220703125,1,2,1,2
quadratic,correct,128,3,0.0234375,1.04632568359375,1.04632568359375,2,2,0.0001220703125,0.0001220703125,1,2,1,2
quadratic,correct,128,4,0.03125,1.0615234375,1.0615234375,2,2,0.0001220703125,0.0001220703125,1,2,1,2
quadratic,correct,128,5,0.0390625,1.07659912109375,1.07659912109375,2,2,0.0001220703125,0.0001220703125,1,2,1,2
quadratic,correct,128,6,0.046875,1.091552734375,1.091552734375,2,2,0.0001220703125,0.0001220703125,1,2,1,2
quadratic,correct,128,7,0.0546875,1.10638427734375,1.10638427734375,2,2,0.0001220703125,0.0001220703125,1,2,1,2
quadratic,correct,128,8,0.0625,1.12109375,1.12109375,2,2,0.0001220703125,0.0001220703125,1,2,1,2
quadratic,correct,128,9,0.0703125,1.13568115234375,1.13568115234375,2,2,0.0001220703125,0.0001220703125,1,2,1,2
quadratic,correct,128,10,0.078125,1.150146484375,1.150146484375,2,2,0.0001220703125,0.0001220703125,1,2,1,2
quadratic,correct,128,11,0.0859375,1.16448974609375,1.16448974609375,2,2,0.0001220703125,0.0001220703125,1,2,1,2
quadratic,correct,128,12,0.09375,1.1787109375,1.1787109375,2,2,0.0001220703125,0.0001220703125,1,2,1,2
quadratic,correct,128,13,0.1015625,1.19281005859375,1.19281005859375,2,2,0.0001220703125,0.0001220703125,1,2,1,2
quadratic,correct,128,14,0.109375,1.206787109375,1.206787109375,2,2,0.0001220703125,0.0001220703125,1,2,1,2
quadratic,correct,128,15,0.1171875,1.22064208984375,1.22064208984375,2,2,0.0001220703125,0.0001220703125,1,2,1,2
quadratic,correct,128,16,0.125,1.234375,1.234375,2,2,0.0001220703125,0.0001220703125,1,2,1,2
quadratic,correct,128,17,0.1328125,1.24798583984375,1.24798583984375,2,2,0.0001220703125,0.0001220703125,1,2,1,2
quadratic,correct,128,18,0.140625,1.261474609375,1.261474609375,2,2,0.0001220703125,0.0001220703125,1,2,1,2
quadratic,correct,128,19,0.1484375,1.27484130859375,1.27484130859375,2,2,0.0001220703125,0.0001220703125,1,2,1,2
quadratic,correct,128,20,0.15625,1.2880859375,1.2880859375,2,2,0.0001220703125,0.0001220703125,1,2,1,2
quadratic,correct,128,21,0.1640625,1.30120849609375,1.30120849609375,2,2,0.0001220703125,0.0001220703125,1,2,1,2
quadratic,correct,128,22,0.171875,1.314208984375,1.314208984375,2,2,0.0001220703125,0.0001220703125,1,2,1,2
quadratic,correct,128,23,0.1796875,1.32708740234375,1.32708740234375,2,2,0.0001220703125,0.0001220703125,1,2,1,2
quadratic,correct,128,24,0.1875,1.33984375,1.33984375,2,2,0.0001220703125,0.0001220703125,1,2,1,2
quadratic,correct,128,25,0.1953125,1.35247802734375,1.35247802734375,2,2,0.0001220703125,0.0001220703125,1,2,1,2
quadratic,correct,128,26,0.203125,1.364990234375,1.364990234375,2,2,0.0001220703125,0.0001220703125,1,2,1,2
quadratic,correct,128,27,0.2109375,1.37738037109375,1.37738037109375,2,2,0.0001220703125,0.0001220703125,1,2,1,2
quadratic,correct,128,28,0.21875,1.3896484375,1.3896484375,2,2,0.0001220703125,0.0001220703125,1,2,1,2
quadratic,correct,128,29,0.2265625,1.40179443359375,1.40179443359375,2,2,0.0001220703125,0.0001220703125,1,2,1,2
quadratic,correct,128,30,0.234375,1.413818359375,1.413818359375,2,2,0.0001220703125,0.0001220703125,1,2,1,2
quadratic,correct,128,31,0.2421875,1.42572021484375,1.42572021484375,2,2,0.0001220703125,0.0001220703125,1,2,1,2
quadratic,correct,128,32,0.25,1.4375,1.4375,2,2,0.0001220703125,0.0001220703125,1,2,1,2
quadratic,correct,128,33,0.2578125,1.44915771484375,1.44915771484375,2,2,0.0001220703125,0.0001220703125,1,2,1,2
quadratic,correct,128,34,0.265625,1.460693359375,1.460693359375,2,2,0.0001220703125,0.0001220703125,1,2,1,2
quadratic,correct,128,35,0.2734375,1.47210693359375,1.47210693359375,2,2,0.0001220703125,0.0001220703125,1,2,1,2
quadratic,correct,128,36,0.28125,1.4833984375,1.4833984375,2,2,0.0001220703125,0.0001220703125,1,2,1,2
quadratic,correct,128,37,0.2890625,1.49456787109375,1.49456787109375,2,2,0.0001220703125,0.0001220703125,1,2,1,2
quadratic,correct,128,38,0.296875,1.505615234375,1.505615234375,2,2,0.0001220703125,0.0001220703125,1,2,1,2
quadratic,correct,128,39,0.3046875,1.51654052734375,1.51654052734375,2,2,0.0001220703125,0.0001220703125,1,2,1,2
quadratic,correct,128,40,0.3125,1.52734375,1.52734375,2,2,0.0001220703125,0.0001220703125,1,2,1,2
quadratic,correct,128,41,0.3203125,1.53802490234375,1.53802490234375,2,2,0.0001220703125,0.0001220703125,1,2,1,2
quadratic,correct,128,42,0.328125,1.548583984375,1.548583984375,2,2,0.0001220703125,0.0001220703125,1,2,1,2
quadratic,correct,128,43,0.3359375,1.55902099609375,1.55902099609375,2,2,0.0001220703125,0.0001220703125,1,2,1,2
quadratic,correct,128,44,0.34375,1.5693359375,1.5693359375,2,2,0.0001220703125,0.0001220703125,1,2,1,2
quadratic,correct,128,45,0.3515625,1.57952880859375,1.57952880859375,2,2,0.0001220703125,0.0001220703125,1,2,1,2
quadratic,correct,128,46,0.359375,1.589599609375,1.589599609375,2,2,0.0001220703125,0.0001220703125,1,2,1,2
quadratic,correct,128,47,0.3671875,1.59954833984375,1.59954833984375,2,2,0.0001220703125,0.0001220703125,1,2,1,2
quadratic,correct,128,48,0.375,1.609375,1.609375,2,2,0.0001220703125,0.0001220703125,1,2,1,2
quadratic,correct,128,49,0.3828125,1.61907958984375,1.61907958984375,2,2,0.0001220703125,0.0001220703125,1,2,1,2
quadratic,correct,128,50,0.390625,1.628662109375,1.628662109375,2,2,0.0001220703125,0.0001220703125,1,2,1,2
quadratic,correct,128,51,0.3984375,1.63812255859375,1.63812255859375,2,2,0.0001220703125,0.0001220703125,1,2,1,2
quadratic,correct,128,52,0.40625,1.6474609375,1.6474609375,2,2,0.0001220703125,0.0001220703125,1,2,1,2
quadratic,correct,128,53,0.4140625,1.65667724609375,1.65667724609375,2,2,0.0001220703125,0.0001220703125,1,2,1,2
quadratic,correct,128,54,0.421875,1.665771484375,1.665771484375,2,2,0.0001220703125,0.0001220703125,1,2,1,2
quadratic,correct,128,55,0.4296875,1.67474365234375,1.67474365234375,2,2,0.0001220703125,0.0001220703125,1,2,1,2
quadratic,correct,128,56,0.4375,1.68359375,1.68359375,2,2,0.0001220703125,0.0001220703125,1,2,1,2
quadratic,correct,128,57,0.4453125,1.69232177734375,1.69232177734375,2,2,0.0001220703125,0.0001220703125,1,2,1,2
quadratic,correct,128,58,0.453125,1.700927734375,1.700927734375,2,2,0.0001220703125,0.0001220703125,1,2,1,2
quadratic,correct,128,59,0.4609375,1.70941162109375,1.70941162109375,2,2,0.0001220703125,0.0001220703125,1,2,1,2
quadratic,correct,128,60,0.46875,1.7177734375,1.7177734375,2,2,0.0001220703125,0.0001220703125,1,2,1,2
quadratic,correct,128,61,0.4765625,1.72601318359375,1.72601318359375,2,2,0.0001220703125,0.0001220703125,1,2,1,2
quadratic,correct,128,62,0.484375,1.734130859375,1.734130859375,2,2,0.0001220703125,0.0001220703125,1,2,1,2
quadratic,correct,128,63,0.4921875,1.74212646484375,1.74212646484375,2,2,0.0001220703125,0.0001220703125,1,2,1,2
quadratic,correct,128,64,0.5,1.75,1.75,2,2,0.0001220703125,0.0001220703125,1,2,1,2
quadratic,correct,128,65,0.5078125,1.75775146484375,1.75775146484375,2,2,0.0001220703125,0.0001220703125,1,2,1,2
quadratic,correct,128,66,0.515625,1.765380859375,1.765380859375,2,2,0.0001220703125,0.0001220703125,1,2,1,2
quadratic,correct,128,67,0.5234375,1.77288818359375,1.77288818359375,2,2,0.0001220703125,0.0001220703125,1,2,1,2
quadratic,correct,128,68,0.53125,1.7802734375,1.7802734375,2,2,0.0001220703125,0.0001220703125,1,2,1,2
quadratic,correct,128,69,0.5390625,1.78753662109375,1.78753662109375,2,2,0.0001220703125,0.0001220703125,1,2,1,2
quadratic,correct,128,70,0.546875,1.794677734375,1.794677734375,2,2,0.0001220703125,0.0001220703125,1,2,1,2
quadratic,correct,128,71,0.5546875,1.80169677734375,1.80169677734375,2,2,0.0001220703125,0.0001220703125,1,2,1,2
quadratic,correct,128,72,0.5625,1.80859375,1.80859375,2,2,0.0001220703125,0.0001220703125,1,2,1,2
quadratic,correct,128,73,0.5703125,1.81536865234375,1.81536865234375,2,2,0.0001220703125,0.0001220703125,1,2,1,2
quadratic,correct,128,74,0.578125,1.822021484375,1.822021484375,2,2,0.0001220703125,0.0001220703125,1,2,1,2
quadratic,correct,128,75,0.5859375,1.82855224609375,1.82855224609375,2,2,0.0001220703125,0.0001220703125,1,2,1,2
quadratic,correct,128,76,0.59375,1.8349609375,1.8349609375,2,2,0.0001220703125,0.0001220703125,1,2,1,2
quadratic,correct,128,77,0.6015625,1.84124755859375,1.84124755859375,2,2,0.0001220703125,0.0001220703125,1,2,1,2
quadratic,correct,128,78,0.609375,1.847412109375,1.847412109375,2,2,0.0001220703125,0.0001220703125,1,2,1,2
quadratic,correct,128,79,0.6171875,1.85345458984375,1.85345458984375,2,2,0.0001220703125,0.0001220703125,1,2,1,2
quadratic,correct,128,80,0.625,1.859375,1.859375,2,2,0.0001220703125,0.0001220703125,1,2,1,2
quadratic,correct,128,81,0.6328125,1.86517333984375,1.86517333984375,2,2,0.0001220703125,0.0001220703125,1,2,1,2
quadratic,correct,128,82,0.640625,1.870849609375,1.870849609375,2,2,0.0001220703125,0.0001220703125,1,2,1,2
quadratic,correct,128,83,0.6484375,1.87640380859375,1.87640380859375,2,2,0.0001220703125,0.0001220703125,1,2,1,2
quadratic,correct,128,84,0.65625,1.8818359375,1.8818359375,2,2,0.0001220703125,0.0001220703125,1,2,1,2
quadratic,correct,128,85,0.6640625,1.88714599609375,1.88714599609375,2,2,0.0001220703125,0.0001220703125,1,2,1,2
quadratic,correct,128,86,0.671875,1.892333984375,1.892333984375,2,2,0.0001220703125,0.0001220703125,1,2,1,2
quadratic,correct,128,87,0.6796875,1.89739990234375,1.89739990234375,2,2,0.0001220703125,0.0001220703125,1,2,1,2
quadratic,correct,128,88,0.6875,1.90234375,1.90234375,2,2,0.0001220703125,0.0001220703125,1,2,1,2
quadratic,correct,128,89,0.6953125,1.90716552734375,1.90716552734375,2,2,0.0001220703125,0.0001220703125,1,2,1,2
quadratic,correct,128,90,0.703125,1.911865234375,1.911865234375,2,2,0.0001220703125,0.0001220703125,1,2,1,2
quadratic,correct,128,91,0.7109375,1.91644287109375,1.91644287109375,2,2,0.0001220703125,0.0001220703125,1,2,1,2
quadratic,correct,128,92,0.71875,1.9208984375,1.9208984375,2,2,0.0001220703125,0.0001220703125,1,2,1,2
quadratic,correct,128,93,0.7265625,1.92523193359375,1.92523193359375,2,2,0.0001220703125,0.0001220703125,1,2,1,2
quadratic,correct,128,94,0.734375,1.929443359375,1.929443359375,2,2,0.0001220703125,0.0001220703125,1,2,1,2
quadratic,correct,128,95,0.7421875,1.93353271484375,1.93353271484375,2,2,0.0001220703125,0.0001220703125,1,2,1,2
quadratic,correct,128,96,0.75,1.9375,1.9375,2,2,0.0001220703125,0.0001220703125,1,2,1,2
quadratic,correct,128,97,0.7578125,1.94134521484375,1.94134521484375,2,2,0.0001220703125,0.0001220703125,1,2,1,2
quadratic,correct,128,98,0.765625,1.945068359375,1.945068359375,2,2,0.0001220703125,0.0001220703125,1,2,1,2
quadratic,correct,128,99,0.7734375,1.94866943359375,1.94866943359375,2,2,0.0001220703125,0.0001220703125,1,2,1,2
quadratic,correct,128,100,0.78125,1.9521484375,1.9521484375,2,2,0.0001220703125,0.0001220703125,1,2,1,2
quadratic,correct,128,101,0.7890625,1.95550537109375,1.95550537109375,2,2,0.0001220703125,0.0001220703125,1,2,1,2
quadratic,correct,128,102,0.796875,1.958740234375,1.958740234375,2,2,0.0001220703125,0.0001220703125,1,2,1,2
quadratic,correct,128,103,0.8046875,1.96185302734375,1.96185302734375,2,2,0.0001220703125,0.0001220703125,1,2,1,2
quadratic,correct,128,104,0.8125,1.96484375,1.96484375,2,2,0.0001220703125,0.0001220703125,1,2,1,2
quadratic,correct,128,105,0.8203125,1.96771240234375,1.96771240234375,2,2,0.0001220703125,0.0001220703125,1,2,1,2
quadratic,correct,128,106,0.828125,1.970458984375,1.970458984375,2,2,0.0001220703125,0.0001220703125,1,2,1,2
quadratic,correct,128,107,0.8359375,1.97308349609375,1.97308349609375,2,2,0.0001220703125,0.0001220703125,1,2,1,2
quadratic,correct,128,108,0.84375,1.9755859375,1.9755859375,2,2,0.0001220703125,0.0001220703125,1,2,1,2
quadratic,correct,128,109,0.8515625,1.97796630859375,1.97796630859375,2,2,0.0001220703125,0.0001220703125,1,2,1,2
quadratic,correct,128,110,0.859375,1.980224609375,1.980224609375,2,2,0.0001220703125,0.0001220703125,1,2,1,2
quadratic,correct,128,111,0.8671875,1.98236083984375,1.98236083984375,2,2,0.0001220703125,0.0001220703125,1,2,1,2
quadratic,correct,128,112,0.875,1.984375,1.984375,2,2,0.0001220703125,0.0001220703125,1,2,1,2
quadratic,correct,128,113,0.8828125,1.98626708984375,1.98626708984375,2,2,0.0001220703125,0.0001220703125,1,2,1,2
quadratic,correct,128,114,0.890625,1.988037109375,1.988037109375,2,2,0.0001220703125,0.0001220703125,1,2,1,2
quadratic,correct,128,115,0.8984375,1.98968505859375,1.98968505859375,2,2,0.0001220703125,0.0001220703125,1,2,1,2
quadratic,correct,128,116,0.90625,1.9912109375,1.9912109375,2,2,0.0001220703125,0.0001220703125,1,2,1,2
quadratic,correct,128,117,0.9140625,1.99261474609375,1.99261474609375,2,2,0.0001220703125,0.0001220703125,1,2,1,2
quadratic,correct,128,118,0.921875,1.993896484375,1.993896484375,2,2,0.0001220703125,0.0001220703125,1,2,1,2
quadratic,correct,128,119,0.9296875,1.99505615234375,1.99505615234375,2,2,0.0001220703125,0.0001220703125,1,2,1,2
quadratic,correct,128,120,0.9375,1.99609375,1.99609375,2,2,0.0001220703125,0.0001220703125,1,2,1,2
quadratic,correct,128,121,0.9453125,1.99700927734375,1.99700927734375,2,2,0.0001220703125,0.0001220703125,1,2,1,2
quadratic,correct,128,122,0.953125,1.997802734375,1.997802734375,2,2,0.0001220703125,0.0001220703125,1,2,1,2
quadratic,correct,128,123,0.9609375,1.99847412109375,1.99847412109375,2,2,0.0001220703125,0.0001220703125,1,2,1,2
quadratic,correct,128,124,0.96875,1.9990234375,1.9990234375,2,2,0.0001220703125,0.0001220703125,1,2,1,2
quadratic,correct,128,125,0.9765625,1.99945068359375,1.99945068359375,2,2,0.0001220703125,0.0001220703125,1,2,1,2
quadratic,correct,128,126,0.984375,1.999755859375,1.999755859375,2,2,0.0001220703125,0.0001220703125,1,2,1,2
quadratic,correct,128,127,0.9921875,1.99993896484375,1.99993896484375,2,2,2.0001220703125,2.0001220703125,1,2,1,2
quartic,correct,4,1,0.25,1.28515625,1.296875,0.25,0.25,1.015625,1.015625,1,2,1,2
quartic,correct,4,2,0.5,1.5625,1.578125,1,1,0.0625,0.0625,1,2,1,2
quartic,correct,4,3,0.75,1.78515625,1.796875,0.25,0.25,2.015625,2.015625,1,2,1,2
quartic,correct,8,1,0.125,1.136962890625,1.138671875,-0.6875,-0.6875,0.9892578125,0.9892578125,1,2,1,2
quartic,correct,8,2,0.25,1.28515625,1.2880859375,0.25,0.25,0.00390625,0.00390625,1,2,1,2
quartic,correct,8,3,0.375,1.429931640625,1.43359375,0.8125,0.8125,0.0126953125,0.0126953125,1,2,1,2
quartic,correct,8,4,0.5,1.5625,1.56640625,1,1,0.015625,0.015625,1,2,1,2
quartic,correct,8,5,0.625,1.679931640625,1.68359375,0.8125,0.8125,0.0126953125,0.0126953125,1,2,1,2
quartic,correct,8,6,0.75,1.78515625,1.7880859375,0.25,0.25,0.00390625,0.00390625,1,2,1,2
quartic,correct,8,7,0.875,1.886962890625,1.888671875,-0.6875,-0.6875,1.9892578125,1.9892578125,1,2,1,2
quartic,correct,16,1,0.0625,1.0659332275390625,1.066162109375,-1.296875,-1.296875,0.99493408203125,0.99493408203125,1,2,1,2
quartic,correct,16,2,0.125,1.136962890625,1.13739013671875,-0.6875,-0.6875,-0.002685546875,-0.002685546875,1,2,1,2
quartic,correct,16,3,0.1875,1.2107086181640625,1.2113037109375,-0.171875,-0.171875,-0.00067138671875,-0.00067138671875,1,2,1,2
quartic,correct,16,4,0.25,1.28515625,1.285888671875,0.25,0.25,0.0009765625,0.0009765625,1,2,1,2
quartic,correct,16,5,0.3125,1.3586578369140625,1.3594970703125,0.578125,0.578125,0.00225830078125,0.00225830078125,1,2,1,2
quartic,correct,16,6,0.375,1.429931640625,1.43084716796875,0.8125,0.8125,0.003173828125,0.003173828125,1,2,1,2
quartic,correct,16,7,0.4375,1.4980621337890625,1.4990234375,0.953125,0.953125,0.00372314453125,0.00372314453125,1,2,1,2
quartic,correct,16,8,0.5,1.5625,1.5634765625,1,1,0.00390625,0.00390625,1,2,1,2
quartic,correct,16,9,0.5625,1.6230621337890625,1.6240234375,0.953125,0.953125,0.00372314453125,0.00372314453125,1,2,1,2
quartic,correct,16,10,0.625,1.679931640625,1.68084716796875,0.8125,0.8125,0.003173828125,0.003173828125,1,2,1,2
quartic,correct,16,11,0.6875,1.7336578369140625,1.7344970703125,0.578125,0.578125,0.00225830078125,0.00225830078125,1,2,1,2
quartic,correct,16,12,0.75,1.78515625,1.785888671875,0.25,0.25,0.0009765625,0.0009765625,1,2,1,2
quartic,correct,16,13,0.8125,1.8357086181640625,1.8363037109375,-0.171875,-0.171875,-0.00067138671875,-0.00067138671875,1,2,1,2
quartic,correct,16,14,0.875,1.886962890625,1.88739013671875,-0.6875,-0.6875,-0.002685546875,-0.002685546875,1,2,1,2
quartic,correct,16,15,0.9375,1.9409332275390625,1.941162109375,-1.296875,-1.296875,1.99493408203125,1.99493408203125,1,2,1,2
quartic,correct,32,1,0.03125,1.0321664810180664,1.032196044921875,-1.63671875,-1.63671875,0.99840164184570312,0.99840164184570312,1,2,1,2
quartic,correct,32,2,0.0625,1.0659332275390625,1.0659904479980469,-1.296875,-1.296875,-0.0012664794921875,-0.0012664794921875,1,2,1,2
quartic,correct,32,3,0.09375,1.1009683609008789,1.1010513305664062,-0.98046875,-0.98046875,-0.000957489013671875,-0.000957489013671875,1,2,1,2
quartic,correct,32,4,0.125,1.136962890625,1.1370697021484375,-0.6875,-0.6875,-0.00067138671875,-0.00067138671875,1,2,1,2
quartic,correct,32,5,0.15625,1.1736307144165039,1.1737594604492188,-0.41796875,-0.41796875,-0.000408172607421875,-0.000408172607421875,1,2,1,2
quartic,correct,32,6,0.1875,1.2107086181640625,1.2108573913574219,-0.171875,-0.171875,-0.0001678466796875,-0.0001678466796875,1,2,1,2
quartic,correct,32,7,0.21875,1.2479562759399414,1.2481231689453125,0.05078125,0.05078125,4.9591064453125e-05,4.9591064453125e-05,1,2,1,2
quartic,correct,32,8,0.25,1.28515625,1.28533935546875,0.25,0.25,0.000244140625,0.000244140625,1,2,1,2
quartic,correct,32,9,0.28125,1.3221139907836914,1.3223114013671875,0.42578125,0.42578125,0.000415802001953125,0.000415802001953125,1,2,1,2
quartic,correct,32,10,0.3125,1.3586578369140625,1.3588676452636719,0.578125,0.578125,0.0005645751953125,0.0005645751953125,1,2,1,2
quartic,correct,32,11,0.34375,1.3946390151977539,1.3948593139648438,0.70703125,0.70703125,0.000690460205078125,0.000690460205078125,1,2,1,2
quartic,correct,32,12,0.375,1.429931640625,1.4301605224609375,0.8125,0.8125,0.00079345703125,0.00079345703125,1,2,1,2
quartic,correct,32,13,0.40625,1.4644327163696289,1.4646682739257812,0.89453125,0.89453125,0.000873565673828125,0.000873565673828125,1,2,1,2
quartic,correct,32,14,0.4375,1.4980621337890625,1.4983024597167969,0.953125,0.953125,0.0009307861328125,0.0009307861328125,1,2,1,2
quartic,correct,32,15,0.46875,1.5307626724243164,1.531005859375,0.98828125,0.98828125,0.000965118408203125,0.000965118408203125,1,2,1,2
quartic,correct,32,16,0.5,1.5625,1.562744140625,1,1,0.0009765625,0.0009765625,1,2,1,2
quartic,correct,32,17,0.53125,1.5932626724243164,1.593505859375,0.98828125,0.98828125,0.000965118408203125,0.000965118408203125,1,2,1,2
quartic,correct,32,18,0.5625,1.6230621337890625,1.6233024597167969,0.953125,0.953125,0.0009307861328125,0.0009307861328125,1,2,1,2
quartic,correct,32,19,0.59375,1.6519327163696289,1.6521682739257812,0.89453125,0.89453125,0.000873565673828125,0.000873565673828125,1,2,1,2
quartic,correct,32,20,0.625,1.679931640625,1.6801605224609375,0.8125,0.8125,0.00079345703125,0.00079345703125,1,2,1,2
quartic,correct,32,21,0.65625,1.7071390151977539,1.7073593139648438,0.70703125,0.70703125,0.000690460205078125,0.000690460205078125,1,2,1,2
quartic,correct,32,22,0.6875,1.7336578369140625,1.7338676452636719,0.578125,0.578125,0.0005645751953125,0.0005645751953125,1,2,1,2
quartic,correct,32,23,0.71875,1.7596139907836914,1.7598114013671875,0.42578125,0.42578125,0.000415802001953125,0.000415802001953125,1,2,1,2
quartic,correct,32,24,0.75,1.78515625,1.78533935546875,0.25,0.25,0.000244140625,0.000244140625,1,2,1,2
quartic,correct,32,25,0.78125,1.8104562759399414,1.8106231689453125,0.05078125,0.05078125,4.9591064453125e-05,4.9591064453125e-05,1,2,1,2
quartic,correct,32,26,0.8125,1.8357086181640625,1.8358573913574219,-0.171875,-0.171875,-0.0001678466796875,-0.0001678466796875,1,2,1,2
quartic,correct,32,27,0.84375,1.8611307144165039,1.8612594604492188,-0.41796875,-0.41796875,-0.000408172607421875,-0.000408172607421875,1,2,1,2
quartic,correct,32,28,0.875,1.886962890625,1.8870697021484375,-0.6875,-0.6875,-0.00067138671875,-0.00067138671875,1,2,1,2
quartic,correct,32,29,0.90625,1.9134683609008789,1.9135513305664062,-0.98046875,-0.98046875,-0.000957489013671875,-0.000957489013671875,1,2,1,2
quartic,correct,32,30,0.9375,1.9409332275390625,1.9409904479980469,-1.296875,-1.296875,-0.0012664794921875,-0.0012664794921875,1,2,1,2
quartic,correct,32,31,0.96875,1.9696664810180664,1.969696044921875,-1.63671875,-1.63671875,1.9984016418457031,1.9984016418457031,1,2,1,2
quartic,correct,64,1,0.015625,1.0158615708351135,1.0158653259277344,-1.8154296875,-1.8154296875,0.9995567798614502,0.9995567798614502,1,2,1,2
quartic,correct,64,2,0.03125,1.0321664810180664,1.0321738719940186,-1.63671875,-1.63671875,-0.00039958953857421875,-0.00039958953857421875,1,2,1,2
quartic,correct,64,3,0.046875,1.0488710999488831,1.048882007598877,-1.4638671875,-1.4638671875,-0.00035738945007324219,-0.00035738945007324219,1,2,1,2
quartic,correct,64,4,0.0625,1.0659332275390625,1.0659475326538086,-1.296875,-1.296875,-0.000316619873046875,-0.000316619873046875,1,2,1,2
quartic,correct,64,5,0.078125,1.0833120942115784,1.0833296775817871,-1.1357421875,-1.1357421875,-0.00027728080749511719,-0.00027728080749511719,1,2,1,2
quartic,correct,64,6,0.09375,1.1009683609008789,1.1009891033172607,-0.98046875,-0.98046875,-0.00023937225341796875,-0.00023937225341796875,1,2,1,2
quartic,correct,64,7,0.109375,1.118864119052887,1.1188879013061523,-0.8310546875,-0.8310546875,-0.00020289421081542969,-0.00020289421081542969,1,2,1,2
quartic,correct,64,8,0.125,1.136962890625,1.1369895935058594,-0.6875,-0.6875,-0.0001678466796875,-0.0001678466796875,1,2,1,2
quartic,correct,64,9,0.140625,1.1552296280860901,1.1552591323852539,-0.5498046875,-0.5498046875,-0.00013422966003417969,-0.00013422966003417969,1,2,1,2
quartic,correct,64,10,0.15625,1.1736307144165039,1.1736629009246826,-0.41796875,-0.41796875,-0.00010204315185546875,-0.00010204315185546875,1,2,1,2
quartic,correct,64,11,0.171875,1.1921339631080627,1.1921687126159668,-0.2919921875,-0.2919921875,-7.1287155151367188e-05,-7.1287155151367188e-05,1,2,1,2
quartic,correct,64,12,0.1875,1.2107086181640625,1.2107458114624023,-0.171875,-0.171875,-4.1961669921875e-05,-4.1961669921875e-05,1,2,1,2
quartic,correct,64,13,0.203125,1.2293253540992737,1.2293648719787598,-0.0576171875,-0.0576171875,-1.4066696166992188e-05,-1.4066696166992188e-05,1,2,1,2
quartic,correct,64,14,0.21875,1.2479562759399414,1.2479979991912842,0.05078125,0.05078125,1.239776611328125e-05,1.239776611328125e-05,1,2,1,2
quartic,correct,64,15,0.234375,1.2665749192237854,1.2666187286376953,0.1533203125,0.1533203125,3.7431716918945312e-05,3.7431716918945312e-05,1,2,1,2
quartic,correct,64,16,0.25,1.28515625,1.2852020263671875,0.25,0.25,6.103515625e-05,6.103515625e-05,1,2,1,2
quartic,correct,64,17,0.265625,1.3036766648292542,1.3037242889404297,0.3408203125,0.3408203125,8.3208084106445312e-05,8.3208084106445312e-05,1,2,1,2
quartic,correct,64,18,0.28125,1.3221139907836914,1.3221633434295654,0.42578125,0.42578125,0.00010395050048828125,0.00010395050048828125,1,2,1,2
quartic,correct,64,19,0.296875,1.3404474854469299,1.3404984474182129,0.5048828125,0.5048828125,0.00012326240539550781,0.00012326240539550781,1,2,1,2
quartic,correct,64,20,0.3125,1.3586578369140625,1.3587102890014648,0.578125,0.578125,0.000141143798828125,0.000141143798828125,1,2,1,2
quartic,correct,64,21,0.328125,1.3767271637916565,1.3767809867858887,0.6455078125,0.6455078125,0.00015759468078613281,0.00015759468078613281,1,2,1,2
quartic,correct,64,22,0.34375,1.3946390151977539,1.3946940898895264,0.70703125,0.70703125,0.00017261505126953125,0.00017261505126953125,1,2,1,2
quartic,correct,64,23,0.359375,1.4123783707618713,1.4124345779418945,0.7626953125,0.7626953125,0.00018620491027832031,0.00018620491027832031,1,2,1,2
quartic,correct,64,24,0.375,1.429931640625,1.4299888610839844,0.8125,0.8125,0.0001983642578125,0.0001983642578125,1,2,1,2
quartic,correct,64,25,0.390625,1.4472866654396057,1.4473447799682617,0.8564453125,0.8564453125,0.00020909309387207031,0.00020909309387207031,1,2,1,2
quartic,correct,64,26,0.40625,1.4644327163696289,1.464491605758667,0.89453125,0.89453125,0.00021839141845703125,0.00021839141845703125,1,2,1,2
quartic,correct,64,27,0.421875,1.4813604950904846,1.4814200401306152,0.9267578125,0.9267578125,0.00022625923156738281,0.00022625923156738281,1,2,1,2
quartic,correct,64,28,0.4375,1.4980621337890625,1.4981222152709961,0.953125,0.953125,0.000232696533203125,0.000232696533203125,1,2,1,2
quartic,correct,64,29,0.453125,1.5145311951637268,1.5145916938781738,0.9736328125,0.9736328125,0.00023770332336425781,0.00023770332336425781,1,2,1,2
quartic,correct,64,30,0.46875,1.5307626724243164,1.5308234691619873,0.98828125,0.98828125,0.00024127960205078125,0.00024127960205078125,1,2,1,2
quartic,correct,64,31,0.484375,1.5467529892921448,1.54681396484375,0.9970703125,0.9970703125,0.00024342536926269531,0.00024342536926269531,1,2,1,2
quartic,correct,64,32,0.5,1.5625,1.56256103515625,1,1,0.000244140625,0.000244140625,1,2,1,2
quartic,correct,64,33,0.515625,1.5780029892921448,1.57806396484375,0.9970703125,0.9970703125,0.00024342536926269531,0.00024342536926269531,1,2,1,2
quartic,correct,64,34,0.53125,1.5932626724243164,1.5933234691619873,0.98828125,0.98828125,0.00024127960205078125,0.00024127960205078125,1,2,1,2
quartic,correct,64,35,0.546875,1.6082811951637268,1.6083416938781738,0.9736328125,0.9736328125,0.00023770332336425781,0.00023770332336425781,1,2,1,2
quartic,correct,64,36,0.5625,1.6230621337890625,1.6231222152709961,0.953125,0.953125,0.000232696533203125,0.000232696533203125,1,2,1,2
quartic,correct,64,37,0.578125,1.6376104950904846,1.6376700401306152,0.9267578125,0.9267578125,0.00022625923156738281,0.00022625923156738281,1,2,1,2
quartic,correct,64,38,0.59375,1.6519327163696289,1.651991605758667,0.89453125,0.89453125,0.00021839141845703125,0.00021839141845703125,1,2,1,2
quartic,correct,64,39,0.609375,1.6660366654396057,1.6660947799682617,0.8564453125,0.8564453125,0.00020909309387207031,0.00020909309387207031,1,2,1,2
quartic,correct,64,40,0.625,1.679931640625,1.6799888610839844,0.8125,0.8125,0.0001983642578125,0.0001983642578125,1,2,1,2
quartic,correct,64,41,0.640625,1.6936283707618713,1.6936845779418945,0.7626953125,0.7626953125,0.00018620491027832031,0.00018620491027832031,1,2,1,2
quartic,correct,64,42,0.65625,1.7071390151977539,1.7071940898895264,0.70703125,0.70703125,0.00017261505126953125,0.00017261505126953125,1,2,1,2
quartic,correct,64,43,0.671875,1.7204771637916565,1.7205309867858887,0.6455078125,0.6455078125,0.00015759468078613281,0.00015759468078613281,1,2,1,2
quartic,correct,64,44,0.6875,1.7336578369140625,1.7337102890014648,0.578125,0.578125,0.000141143798828125,0.000141143798828125,1,2,1,2
quartic,correct,64,45,0.703125,1.7466974854469299,1.7467484474182129,0.5048828125,0.5048828125,0.00012326240539550781,0.00012326240539550781,1,2,1,2
quartic,correct,64,46,0.71875,1.7596139907836914,1.7596633434295654,0.42578125,0.42578125,0.00010395050048828125,0.00010395050048828125,1,2,1,2
quartic,correct,64,47,0.734375,1.7724266648292542,1.7724742889404297,0.3408203125,0.3408203125,8.3208084106445312e-05,8.3208084106445312e-05,1,2,1,2
quartic,correct,64,48,0.75,1.78515625,1.7852020263671875,0.25,0.25,6.103515625e-05,6.103515625e-05,1,2,1,2
quartic,correct,64,49,0.765625,1.7978249192237854,1.7978687286376953,0.1533203125,0.1533203125,3.7431716918945312e-05,3.7431716918945312e-05,1,2,1,2
quartic,correct,64,50,0.78125,1.8104562759399414,1.8104979991912842,0.05078125,0.05078125,1.239776611328125e-05,1.239776611328125e-05,1,2,1,2
quartic,correct,64,51,0.796875,1.8230753540992737,1.8231148719787598,-0.0576171875,-0.0576171875,-1.4066696166992188e-05,-1.4066696166992188e-05,1,2,1,2
quartic,correct,64,52,0.8125,1.8357086181640625,1.8357458114624023,-0.171875,-0.171875,-4.1961669921875e-05,-4.1961669921875e-05,1,2,1,2
quartic,correct,64,53,0.828125,1.8483839631080627,1.8484187126159668,-0.2919921875,-0.2919921875,-7.1287155151367188e-05,-7.1287155151367188e-05,1,2,1,2
quartic,correct,64,54,0.84375,1.8611307144165039,1.8611629009246826,-0.41796875,-0.41796875,-0.00010204315185546875,-0.00010204315185546875,1,2,1,2
quartic,correct,64,55,0.859375,1.8739796280860901,1.8740091323852539,-0.5498046875,-0.5498046875,-0.00013422966003417969,-0.00013422966003417969,1,2,1,2
quartic,correct,64,56,0.875,1.886962890625,1.8869895935058594,-0.6875,-0.6875,-0.0001678466796875,-0.0001678466796875,1,2,1,2
quartic,correct,64,57,0.890625,1.900114119052887,1.9001379013061523,-0.8310546875,-0.8310546875,-0.00020289421081542969,-0.00020289421081542969,1,2,1,2
quartic,correct,64,58,0.90625,1.9134683609008789,1.9134891033172607,-0.98046875,-0.98046875,-0.00023937225341796875,-0.00023937225341796875,1,2,1,2
quartic,correct,64,59,0.921875,1.9270620942115784,1.9270796775817871,-1.1357421875,-1.1357421875,-0.00027728080749511719,-0.00027728080749511719,1,2,1,2
quartic,correct,64,60,0.9375,1.9409332275390625,1.9409475326538086,-1.296875,-1.296875,-0.000316619873046875,-0.000316619873046875,1,2,1,2
quartic,correct,64,61,0.953125,1.9551210999488831,1.955132007598877,-1.4638671875,-1.4638671875,-0.00035738945007324219,-0.00035738945007324219,1,2,1,2
quartic,correct,64,62,0.96875,1.9696664810180664,1.9696738719940186,-1.63671875,-1.63671875,-0.00039958953857421875,-0.00039958953857421875,1,2,1,2
quartic,correct,64,63,0.984375,1.9846115708351135,1.9846153259277344,-1.8154296875,-1.8154296875,1.9995567798614502,1.9995567798614502,1,2,1,2
quartic,correct,128,1,0.0078125,1.0078725852072239,1.0078730583190918,-1.906982421875,-1.906982421875,0.99988360702991486,0.99988360702991486,1,2,1,2
quartic,correct,128,2,0.015625,1.0158615708351135,1.0158625096082687,-1.8154296875,-1.8154296875,-0.00011080503463745117,-0.00011080503463745117,1,2,1,2
quartic,correct,128,3,0.0234375,1.0239613689482212,1.0239627659320831,-1.725341796875,-1.725341796875,-0.00010530650615692139,-0.00010530650615692139,1,2,1,2
quartic,correct,128,4,0.03125,1.0321664810180664,1.0321683287620544,-1.63671875,-1.63671875,-9.9897384643554688e-05,-9.9897384643554688e-05,1,2,1,2
quartic,correct,128,5,0.0390625,1.0404714979231358,1.0404737889766693,-1.549560546875,-1.549560546875,-9.4577670097351074e-05,-9.4577670097351074e-05,1,2,1,2
quartic,correct,128,6,0.046875,1.0488710999488831,1.0488738268613815,-1.4638671875,-1.4638671875,-8.9347362518310547e-05,-8.9347362518310547e-05,1,2,1,2
quartic,correct,128,7,0.0546875,1.0573600567877293,1.0573632121086121,-1.379638671875,-1.379638671875,-8.4206461906433105e-05,-8.4206461906433105e-05,1,2,1,2
quartic,correct,128,8,0.0625,1.0659332275390625,1.065936803817749,-1.296875,-1.296875,-7.915496826171875e-05,-7.915496826171875e-05,1,2,1,2
quartic,correct,128,9,0.0703125,1.0745855607092381,1.0745895504951477,-1.215576171875,-1.215576171875,-7.419288158416748e-05,-7.419288158416748e-05,1,2,1,2
quartic,correct,128,10,0.078125,1.0833120942115784,1.0833164900541306,-1.1357421875,-1.1357421875,-6.9320201873779297e-05,-6.9320201873779297e-05,1,2,1,2
quartic,correct,128,11,0.0859375,1.0921079553663731,1.0921127498149872,-1.057373046875,-1.057373046875,-6.4536929130554199e-05,-6.4536929130554199e-05,1,2,1,2
quartic,correct,128,12,0.09375,1.1009683609008789,1.1009735465049744,-0.98046875,-0.98046875,-5.9843063354492188e-05,-5.9843063354492188e-05,1,2,1,2
quartic,correct,128,13,0.1015625,1.1098886169493198,1.109894186258316,-0.905029296875,-0.905029296875,-5.5238604545593262e-05,-5.5238604545593262e-05,1,2,1,2
quartic,correct,128,14,0.109375,1.118864119052887,1.1188700646162033,-0.8310546875,-0.8310546875,-5.0723552703857422e-05,-5.0723552703857422e-05,1,2,1,2
quartic,correct,128,15,0.1171875,1.1278903521597385,1.1278966665267944,-0.758544921875,-0.758544921875,-4.6297907829284668e-05,-4.6297907829284668e-05,1,2,1,2
quartic,correct,128,16,0.125,1.136962890625,1.1369695663452148,-0.6875,-0.6875,-4.1961669921875e-05,-4.1961669921875e-05,1,2,1,2
quartic,correct,128,17,0.1328125,1.1460773982107639,1.1460844278335571,-0.617919921875,-0.617919921875,-3.7714838981628418e-05,-3.7714838981628418e-05,1,2,1,2
quartic,correct,128,18,0.140625,1.1552296280860901,1.155237004160881,-0.5498046875,-0.5498046875,-3.3557415008544922e-05,-3.3557415008544922e-05,1,2,1,2
quartic,correct,128,19,0.1484375,1.1644154228270054,1.1644231379032135,-0.483154296875,-0.483154296875,-2.9489398002624512e-05,-2.9489398002624512e-05,1,2,1,2
quartic,correct,128,20,0.15625,1.1736307144165039,1.1736387610435486,-0.41796875,-0.41796875,-2.5510787963867188e-05,-2.5510787963867188e-05,1,2,1,2
quartic,correct,128,21,0.1640625,1.1828715242445469,1.1828798949718475,-0.354248046875,-0.354248046875,-2.1621584892272949e-05,-2.1621584892272949e-05,1,2,1,2
quartic,correct,128,22,0.171875,1.1921339631080627,1.1921426504850388,-0.2919921875,-0.2919921875,-1.7821788787841797e-05,-1.7821788787841797e-05,1,2,1,2
quartic,correct,128,23,0.1796875,1.201414231210947,1.2014232277870178,-0.231201171875,-0.231201171875,-1.411139965057373e-05,-1.411139965057373e-05,1,2,1,2
quartic,correct,128,24,0.1875,1.2107086181640625,1.2107179164886475,-0.171875,-0.171875,-1.049041748046875e-05,-1.049041748046875e-05,1,2,1,2
quartic,correct,128,25,0.1953125,1.220013502985239,1.2200230956077576,-0.114013671875,-0.114013671875,-6.9588422775268555e-06,-6.9588422775268555e-06,1,2,1,2
quartic,correct,128,26,0.203125,1.2293253540992737,1.2293352335691452,-0.0576171875,-0.0576171875,-3.5166740417480469e-06,-3.5166740417480469e-06,1,2,1,2
quartic,correct,128,27,0.2109375,1.2386407293379307,1.2386508882045746,-0.002685546875,-0.002685546875,-1.6391277313232422e-07,-1.6391277313232422e-07,1,2,1,2
quartic,correct,128,28,0.21875,1.2479562759399414,1.2479667067527771,0.05078125,0.05078125,3.0994415283203125e-06,3.0994415283203125e-06,1,2,1,2
quartic,correct,128,29,0.2265625,1.2572687305510044,1.2572794258594513,0.102783203125,0.102783203125,6.2733888626098633e-06,6.2733888626098633e-06,1,2,1,2
quartic,correct,128,30,0.234375,1.2665749192237854,1.2665858715772629,0.1533203125,0.1533203125,9.3579292297363281e-06,9.3579292297363281e-06,1,2,1,2
quartic,correct,128,31,0.2421875,1.2758717574179173,1.2758829593658447,0.202392578125,0.202392578125,1.2353062629699707e-05,1.2353062629699707e-05,1,2,1,2
quartic,correct,128,32,0.25,1.28515625,1.2851676940917969,0.25,0.25,1.52587890625e-05,1.52587890625e-05,1,2,1,2
quartic,correct,128,33,0.2578125,1.2944254912436008,1.2944371700286865,0.296142578125,0.296142578125,1.8075108528137207e-05,1.8075108528137207e-05,1,2,1,2
quartic,correct,128,34,0.265625,1.3036766648292542,1.303688570857048,0.3408203125,0.3408203125,2.0802021026611328e-05,2.0802021026611328e-05,1,2,1,2
quartic,correct,128,35,0.2734375,1.3129070438444614,1.3129191696643829,0.384033203125,0.384033203125,2.3439526557922363e-05,2.3439526557922363e-05,1,2,1,2
quartic,correct,128,36,0.28125,1.3221139907836914,1.3221263289451599,0.42578125,0.42578125,2.5987625122070312e-05,2.5987625122070312e-05,1,2,1,2
quartic,correct,128,37,0.2890625,1.3312949575483799,1.3313075006008148,0.466064453125,0.466064453125,2.8446316719055176e-05,2.8446316719055176e-05,1,2,1,2
quartic,correct,128,38,0.296875,1.3404474854469299,1.3404602259397507,0.5048828125,0.5048828125,3.0815601348876953e-05,3.0815601348876953e-05,1,2,1,2
quartic,correct,128,39,0.3046875,1.3495692051947117,1.3495821356773376,0.542236328125,0.542236328125,3.3095479011535645e-05,3.3095479011535645e-05,1,2,1,2
quartic,correct,128,40,0.3125,1.3586578369140625,1.3586709499359131,0.578125,0.578125,3.528594970703125e-05,3.528594970703125e-05,1,2,1,2
quartic,correct,128,41,0.3203125,1.3677111901342869,1.3677244782447815,0.612548828125,0.612548828125,3.738701343536377e-05,3.738701343536377e-05,1,2,1,2
quartic,correct,128,42,0.328125,1.3767271637916565,1.3767406195402145,0.6455078125,0.6455078125,3.9398670196533203e-05,3.9398670196533203e-05,1,2,1,2
quartic,correct,128,43,0.3359375,1.3857037462294102,1.385717362165451,0.677001953125,0.677001953125,4.1320919990539551e-05,4.1320919990539551e-05,1,2,1,2
quartic,correct,128,44,0.34375,1.3946390151977539,1.394652783870697,0.70703125,0.70703125,4.3153762817382812e-05,4.3153762817382812e-05,1,2,1,2
quartic,correct,128,45,0.3515625,1.4035311378538609,1.4035450518131256,0.735595703125,0.735595703125,4.4897198677062988e-05,4.4897198677062988e-05,1,2,1,2
quartic,correct,128,46,0.359375,1.4123783707618713,1.4123924225568771,0.7626953125,0.7626953125,4.6551227569580078e-05,4.6551227569580078e-05,1,2,1,2
quartic,correct,128,47,0.3671875,1.4211790598928928,1.4211932420730591,0.788330078125,0.788330078125,4.8115849494934082e-05,4.8115849494934082e-05,1,2,1,2
quartic,correct,128,48,0.375,1.429931640625,1.4299459457397461,0.8125,0.8125,4.9591064453125e-05,4.9591064453125e-05,1,2,1,2
quartic,correct,128,49,0.3828125,1.4386346377432346,1.43864905834198,0.835205078125,0.835205078125,5.0976872444152832e-05,5.0976872444152832e-05,1,2,1,2
quartic,correct,128,50,0.390625,1.4472866654396057,1.4473011940717697,0.8564453125,0.8564453125,5.2273273468017578e-05,5.2273273468017578e-05,1,2,1,2
quartic,correct,128,51,0.3984375,1.4558864273130894,1.4559010565280914,0.876220703125,0.876220703125,5.3480267524719238e-05,5.3480267524719238e-05,1,2,1,2
quartic,correct,128,52,0.40625,1.4644327163696289,1.4644474387168884,0.89453125,0.89453125,5.4597854614257812e-05,5.4597854614257812e-05,1,2,1,2
quartic,correct,128,53,0.4140625,1.4729244150221348,1.4729392230510712,0.911376953125,0.911376953125,5.5626034736633301e-05,5.5626034736633301e-05,1,2,1,2
quartic,correct,128,54,0.421875,1.4813604950904846,1.4813753813505173,0.9267578125,0.9267578125,5.6564807891845703e-05,5.6564807891845703e-05,1,2,1,2
quartic,correct,128,55,0.4296875,1.4897400178015232,1.4897549748420715,0.940673828125,0.940673828125,5.741417407989502e-05,5.741417407989502e-05,1,2,1,2
quartic,correct,128,56,0.4375,1.4980621337890625,1.4980771541595459,0.953125,0.953125,5.817413330078125e-05,5.817413330078125e-05,1,2,1,2
quartic,correct,128,57,0.4453125,1.5063260830938816,1.5063411593437195,0.964111328125,0.964111328125,5.8844685554504395e-05,5.8844685554504395e-05,1,2,1,2
quartic,correct,128,58,0.453125,1.5145311951637268,1.5145463198423386,0.9736328125,0.9736328125,5.9425830841064453e-05,5.9425830841064453e-05,1,2,1,2
quartic,correct,128,59,0.4609375,1.5226768888533115,1.5226920545101166,0.981689453125,0.981689453125,5.9917569160461426e-05,5.9917569160461426e-05,1,2,1,2
quartic,correct,128,60,0.46875,1.5307626724243164,1.5307778716087341,0.98828125,0.98828125,6.0319900512695312e-05,6.0319900512695312e-05,1,2,1,2
quartic,correct,128,61,0.4765625,1.5387881435453892,1.538803368806839,0.993408203125,0.993408203125,6.0632824897766113e-05,6.0632824897766113e-05,1,2,1,2
quartic,correct,128,62,0.484375,1.5467529892921448,1.5467682331800461,0.9970703125,0.9970703125,6.0856342315673828e-05,6.0856342315673828e-05,1,2,1,2
quartic,correct,128,63,0.4921875,1.5546569861471653,1.5546722412109375,0.999267578125,0.999267578125,6.0990452766418457e-05,6.0990452766418457e-05,1,2,1,2
quartic,correct,128,64,0.5,1.5625,1.5625152587890625,1,1,6.103515625e-05,6.103515625e-05,1,2,1,2
quartic,correct,128,65,0.5078125,1.5702819861471653,1.5702972412109375,0.999267578125,0.999267578125,6.0990452766418457e-05,6.0990452766418457e-05,1,2,1,2
quartic,correct,128,66,0.515625,1.5780029892921448,1.5780182331800461,0.9970703125,0.9970703125,6.0856342315673828e-05,6.0856342315673828e-05,1,2,1,2
quartic,correct,128,67,0.5234375,1.5856631435453892,1.585678368806839,0.993408203125,0.993408203125,6.0632824897766113e-05,6.0632824897766113e-05,1,2,1,2
quartic,correct,128,68,0.53125,1.5932626724243164,1.5932778716087341,0.98828125,0.98828125,6.0319900512695312e-05,6.0319900512695312e-05,1,2,1,2
quartic,correct,128,69,0.5390625,1.6008018888533115,1.6008170545101166,0.981689453125,0.981689453125,5.9917569160461426e-05,5.9917569160461426e-05,1,2,1,2
quartic,correct,128,70,0.546875,1.6082811951637268,1.6082963198423386,0.9736328125,0.9736328125,5.9425830841064453e-05,5.9425830841064453e-05,1,2,1,2
quartic,correct,128,71,0.5546875,1.6157010830938816,1.6157161593437195,0.964111328125,0.964111328125,5.8844685554504395e-05,5.8844685554504395e-05,1,2,1,2
quartic,correct,128,72,0.5625,1.6230621337890625,1.6230771541595459,0.953125,0.953125,5.817413330078125e-05,5.817413330078125e-05,1,2,1,2
quartic,correct,128,73,0.5703125,1.6303650178015232,1.6303799748420715,0.940673828125,0.940673828125,5.741417407989502e-05,5.741417407989502e-05,1,2,1,2
quartic,correct,128,74,0.578125,1.6376104950904846,1.6376253813505173,0.9267578125,0.9267578125,5.6564807891845703e-05,5.6564807891845703e-05,1,2,1,2
quartic,correct,128,75,0.5859375,1.6447994150221348,1.6448142230510712,0.911376953125,0.911376953125,5.5626034736633301e-05,5.5626034736633301e-05,1,2,1,2
quartic,correct,128,76,0.59375,1.6519327163696289,1.6519474387168884,0.89453125,0.89453125,5.4597854614257812e-05,5.4597854614257812e-05,1,2,1,2
quartic,correct,128,77,0.6015625,1.6590114273130894,1.6590260565280914,0.876220703125,0.876220703125,5.3480267524719238e-05,5.3480267524719238e-05,1,2,1,2
quartic,correct,128,78,0.609375,1.6660366654396057,1.6660511940717697,0.8564453125,0.8564453125,5.2273273468017578e-05,5.2273273468017578e-05,1,2,1,2
quartic,correct,128,79,0.6171875,1.6730096377432346,1.67302405834198,0.835205078125,0.835205078125,5.0976872444152832e-05,5.0976872444152832e-05,1,2,1,2
quartic,correct,128,80,0.625,1.679931640625,1.6799459457397461,0.8125,0.8125,4.9591064453125e-05,4.9591064453125e-05,1,2,1,2
quartic,correct,128,81,0.6328125,1.6868040598928928,1.6868182420730591,0.788330078125,0.788330078125,4.8115849494934082e-05,4.8115849494934082e-05,1,2,1,2
quartic,correct,128,82,0.640625,1.6936283707618713,1.6936424225568771,0.7626953125,0.7626953125,4.6551227569580078e-05,4.6551227569580078e-05,1,2,1,2
quartic,correct,128,83,0.6484375,1.7004061378538609,1.7004200518131256,0.735595703125,0.735595703125,4.4897198677062988e-05,4.4897198677062988e-05,1,2,1,2
quartic,correct,128,84,0.65625,1.7071390151977539,1.707152783870697,0.70703125,0.70703125,4.3153762817382812e-05,4.3153762817382812e-05,1,2,1,2
quartic,correct,128,85,0.6640625,1.7138287462294102,1.713842362165451,0.677001953125,0.677001953125,4.1320919990539551e-05,4.1320919990539551e-05,1,2,1,2
quartic,correct,128,86,0.671875,1.7204771637916565,1.7204906195402145,0.6455078125,0.6455078125,3.9398670196533203e-05,3.9398670196533203e-05,1,2,1,2
quartic,correct,128,87,0.6796875,1.7270861901342869,1.7270994782447815,0.612548828125,0.612548828125,3.738701343536377e-05,3.738701343536377e-05,1,2,1,2
quartic,correct,128,88,0.6875,1.7336578369140625,1.7336709499359131,0.578125,0.578125,3.528594970703125e-05,3.528594970703125e-05,1,2,1,2
quartic,correct,128,89,0.6953125,1.7401942051947117,1.7402071356773376,0.542236328125,0.542236328125,3.3095479011535645e-05,3.3095479011535645e-05,1,2,1,2
quartic,correct,128,90,0.703125,1.7466974854469299,1.7467102259397507,0.5048828125,0.5048828125,3.0815601348876953e-05,3.0815601348876953e-05,1,2,1,2
quartic,correct,128,91,0.7109375,1.7531699575483799,1.7531825006008148,0.466064453125,0.466064453125,2.8446316719055176e-05,2.8446316719055176e-05,1,2,1,2
quartic,correct,128,92,0.71875,1.7596139907836914,1.7596263289451599,0.42578125,0.42578125,2.5987625122070312e-05,2.5987625122070312e-05,1,2,1,2
quartic,correct,128,93,0.7265625,1.7660320438444614,1.7660441696643829,0.384033203125,0.384033203125,2.3439526557922363e-05,2.3439526557922363e-05,1,2,1,2
quartic,correct,128,94,0.734375,1.7724266648292542,1.772438570857048,0.3408203125,0.3408203125,2.0802021026611328e-05,2.0802021026611328e-05,1,2,1,2
quartic,correct,128,95,0.7421875,1.7788004912436008,1.7788121700286865,0.296142578125,0.296142578125,1.8075108528137207e-05,1.8075108528137207e-05,1,2,1,2
quartic,correct,128,96,0.75,1.78515625,1.7851676940917969,0.25,0.25,1.52587890625e-05,1.52587890625e-05,1,2,1,2
quartic,correct,128,97,0.7578125,1.7914967574179173,1.7915079593658447,0.202392578125,0.202392578125,1.2353062629699707e-05,1.2353062629699707e-05,1,2,1,2
quartic,correct,128,98,0.765625,1.7978249192237854,1.7978358715772629,0.1533203125,0.1533203125,9.3579292297363281e-06,9.3579292297363281e-06,1,2,1,2
quartic,correct,128,99,0.7734375,1.8041437305510044,1.8041544258594513,0.102783203125,0.102783203125,6.2733888626098633e-06,6.2733888626098633e-06,1,2,1,2
quartic,correct,128,100,0.78125,1.8104562759399414,1.8104667067527771,0.05078125,0.05078125,3.0994415283203125e-06,3.0994415283203125e-06,1,2,1,2
quartic,correct,128,101,0.7890625,1.8167657293379307,1.8167758882045746,-0.002685546875,-0.002685546875,-1.6391277313232422e-07,-1.6391277313232422e-07,1,2,1,2
quartic,correct,128,102,0.796875,1.8230753540992737,1.8230852335691452,-0.0576171875,-0.0576171875,-3.5166740417480469e-06,-3.5166740417480469e-06,1,2,1,2
quartic,correct,128,103,0.8046875,1.829388502985239,1.8293980956077576,-0.114013671875,-0.114013671875,-6.9588422775268555e-06,-6.9588422775268555e-06,1,2,1,2
quartic,correct,128,104,0.8125,1.8357086181640625,1.8357179164886475,-0.171875,-0.171875,-1.049041748046875e-05,-1.049041748046875e-05,1,2,1,2
quartic,correct,128,105,0.8203125,1.842039231210947,1.8420482277870178,-0.231201171875,-0.231201171875,-1.411139965057373e-05,-1.411139965057373e-05,1,2,1,2
quartic,correct,128,106,0.828125,1.8483839631080627,1.8483926504850388,-0.2919921875,-0.2919921875,-1.7821788787841797e-05,-1.7821788787841797e-05,1,2,1,2
quartic,correct,128,107,0.8359375,1.8547465242445469,1.8547548949718475,-0.354248046875,-0.354248046875,-2.1621584892272949e-05,-2.1621584892272949e-05,1,2,1,2
quartic,correct,128,108,0.84375,1.8611307144165039,1.8611387610435486,-0.41796875,-0.41796875,-2.5510787963867188e-05,-2.5510787963867188e-05,1,2,1,2
quartic,correct,128,109,0.8515625,1.8675404228270054,1.8675481379032135,-0.483154296875,-0.483154296875,-2.9489398002624512e-05,-2.9489398002624512e-05,1,2,1,2
quartic,correct,128,110,0.859375,1.8739796280860901,1.873987004160881,-0.5498046875,-0.5498046875,-3.3557415008544922e-05,-3.3557415008544922e-05,1,2,1,2
quartic,correct,128,111,0.8671875,1.8804523982107639,1.8804594278335571,-0.617919921875,-0.617919921875,-3.7714838981628418e-05,-3.7714838981628418e-05,1,2,1,2
quartic,correct,128,112,0.875,1.886962890625,1.8869695663452148,-0.6875,-0.6875,-4.1961669921875e-05,-4.1961669921875e-05,1,2,1,2
quartic,correct,128,113,0.8828125,1.8935153521597385,1.8935216665267944,-0.758544921875,-0.758544921875,-4.6297907829284668e-05,-4.6297907829284668e-05,1,2,1,2
quartic,correct,128,114,0.890625,1.900114119052887,1.9001200646162033,-0.8310546875,-0.8310546875,-5.0723552703857422e-05,-5.0723552703857422e-05,1,2,1,2
quartic,correct,128,115,0.8984375,1.9067636169493198,1.906769186258316,-0.905029296875,-0.905029296875,-5.5238604545593262e-05,-5.5238604545593262e-05,1,2,1,2
quartic,correct,128,116,0.90625,1.9134683609008789,1.9134735465049744,-0.98046875,-0.98046875,-5.9843063354492188e-05,-5.9843063354492188e-05,1,2,1,2
quartic,correct,128,117,0.9140625,1.9202329553663731,1.9202377498149872,-1.057373046875,-1.057373046875,-6.4536929130554199e-05,-6.4536929130554199e-05,1,2,1,2
quartic,correct,128,118,0.921875,1.9270620942115784,1.9270664900541306,-1.1357421875,-1.1357421875,-6.9320201873779297e-05,-6.9320201873779297e-05,1,2,1,2
quartic,correct,128,119,0.9296875,1.9339605607092381,1.9339645504951477,-1.215576171875,-1.215576171875,-7.419288158416748e-05,-7.419288158416748e-05,1,2,1,2
quartic,correct,128,120,0.9375,1.9409332275390625,1.940936803817749,-1.296875,-1.296875,-7.915496826171875e-05,-7.915496826171875e-05,1,2,1,2
quartic,correct,128,121,0.9453125,1.9479850567877293,1.9479882121086121,-1.379638671875,-1.379638671875,-8.4206461906433105e-05,-8.4206461906433105e-05,1,2,1,2
quartic,correct,128,122,0.953125,1.9551210999488831,1.9551238268613815,-1.4638671875,-1.4638671875,-8.9347362518310547e-05,-8.9347362518310547e-05,1,2,1,2
quartic,correct,128,123,0.9609375,1.9623464979231358,1.9623487889766693,-1.549560546875,-1.549560546875,-9.4577670097351074e-05,-9.4577670097351074e-05,1,2,1,2
quartic,correct,128,124,0.96875,1.9696664810180664,1.9696683287620544,-1.63671875,-1.63671875,-9.9897384643554688e-05,-9.9897384643554688e-05,1,2,1,2
quartic,correct,128,125,0.9765625,1.9770863689482212,1.9770877659320831,-1.725341796875,-1.725341796875,-0.00010530650615692139,-0.00010530650615692139,1,2,1,2
quartic,correct,128,126,0.984375,1.9846115708351135,1.9846125096082687,-1.8154296875,-1.8154296875,-0.00011080503463745117,-0.00011080503463745117,1,2,1,2
quartic,correct,128,127,0.9921875,1.9922475852072239,1.9922480583190918,-1.906982421875,-1.906982421875,1.9998836070299149,1.9998836070299149,1,2,1,2
quartic,biased_source,4,1,0.25,1.28515625,1.296875,0.25,0.34999999999999998,1.015625,1.0218750000000001,1,2,1,2
quartic,biased_source,4,2,0.5,1.5625,1.578125,1,1.1000000000000001,0.0625,0.068750000000000006,1,2,1,2
quartic,biased_source,4,3,0.75,1.78515625,1.796875,0.25,0.34999999999999998,2.015625,2.0218750000000001,1,2,1,2
quartic,biased_source,8,1,0.125,1.136962890625,1.138671875,-0.6875,-0.58750000000000002,0.9892578125,0.99082031250000002,1,2,1,2
quartic,biased_source,8,2,0.25,1.28515625,1.2880859375,0.25,0.34999999999999998,0.00390625,0.0054687499999999997,1,2,1,2
quartic,biased_source,8,3,0.375,1.429931640625,1.43359375,0.8125,0.91249999999999998,0.0126953125,0.0142578125,1,2,1,2
quartic,biased_source,8,4,0.5,1.5625,1.56640625,1,1.1000000000000001,0.015625,0.017187500000000001,1,2,1,2
quartic,biased_source,8,5,0.625,1.679931640625,1.68359375,0.8125,0.91249999999999998,0.0126953125,0.0142578125,1,2,1,2
quartic,biased_source,8,6,0.75,1.78515625,1.7880859375,0.25,0.34999999999999998,0.00390625,0.0054687499999999997,1,2,1,2
quartic,biased_source,8,7,0.875,1.886962890625,1.888671875,-0.6875,-0.58750000000000002,1.9892578125,1.9908203124999999,1,2,1,2
quartic,biased_source,16,1,0.0625,1.0659332275390625,1.066162109375,-1.296875,-1.1968749999999999,0.99493408203125,0.99532470703124998,1,2,1,2
quartic,biased_source,16,2,0.125,1.136962890625,1.13739013671875,-0.6875,-0.58750000000000002,-0.002685546875,-0.0022949218750000001,1,2,1,2
quartic,biased_source,16,3,0.1875,1.2107086181640625,1.2113037109375,-0.171875,-0.071874999999999994,-0.00067138671875,-0.00028076171874999998,1,2,1,2
quartic,biased_source,16,4,0.25,1.28515625,1.285888671875,0.25,0.34999999999999998,0.0009765625,0.0013671874999999999,1,2,1,2
quartic,biased_source,16,5,0.3125,1.3586578369140625,1.3594970703125,0.578125,0.67812499999999998,0.00225830078125,0.0026489257812499999,1,2,1,2
quartic,biased_source,16,6,0.375,1.429931640625,1.43084716796875,0.8125,0.91249999999999998,0.003173828125,0.0035644531249999999,1,2,1,2
quartic,biased_source,16,7,0.4375,1.4980621337890625,1.4990234375,0.953125,1.0531250000000001,0.00372314453125,0.0041137695312500003,1,2,1,2
quartic,biased_source,16,8,0.5,1.5625,1.5634765625,1,1.1000000000000001,0.00390625,0.0042968750000000003,1,2,1,2
quartic,biased_source,16,9,0.5625,1.6230621337890625,1.6240234375,0.953125,1.0531250000000001,0.00372314453125,0.0041137695312500003,1,2,1,2
quartic,biased_source,16,10,0.625,1.679931640625,1.68084716796875,0.8125,0.91249999999999998,0.003173828125,0.0035644531249999999,1,2,1,2
quartic,biased_source,16,11,0.6875,1.7336578369140625,1.7344970703125,0.578125,0.67812499999999998,0.00225830078125,0.0026489257812499999,1,2,1,2
quartic,biased_source,16,12,0.75,1.78515625,1.785888671875,0.25,0.34999999999999998,0.0009765625,0.0013671874999999999,1,2,1,2
quartic,biased_source,16,13,0.8125,1.8357086181640625,1.8363037109375,-0.171875,-0.071874999999999994,-0.00067138671875,-0.00028076171874999998,1,2,1,2
quartic,biased_source,16,14,0.875,1.886962890625,1.88739013671875,-0.6875,-0.58750000000000002,-0.002685546875,-0.0022949218750000001,1,2,1,2
quartic,biased_source,16,15,0.9375,1.9409332275390625,1.941162109375,-1.296875,-1.1968749999999999,1.99493408203125,1.9953247070312501,1,2,1,2
quartic,biased_source,32,1,0.03125,1.0321664810180664,1.032196044921875,-1.63671875,-1.5367187499999999,0.99840164184570312,0.99849929809570315,1,2,1,2
quartic,biased_source,32,2,0.0625,1.0659332275390625,1.0659904479980469,-1.296875,-1.1968749999999999,-0.0012664794921875,-0.0011688232421874999,1,2,1,2
quartic,biased_source,32,3,0.09375,1.1009683609008789,1.1010513305664062,-0.98046875,-0.88046875000000002,-0.000957489013671875,-0.00085983276367187502,1,2,1,2
quartic,biased_source,32,4,0.125,1.136962890625,1.1370697021484375,-0.6875,-0.58750000000000002,-0.00067138671875,-0.00057373046875000002,1,2,1,2
quartic,biased_source,32,5,0.15625,1.1736307144165039,1.1737594604492188,-0.41796875,-0.31796875000000002,-0.000408172607421875,-0.00031051635742187502,1,2,1,2
quartic,biased_source,32,6,0.1875,1.2107086181640625,1.2108573913574219,-0.171875,-0.071874999999999994,-0.0001678466796875,-7.0190429687499995e-05,1,2,1,2
quartic,biased_source,32,7,0.21875,1.2479562759399414,1.2481231689453125,0.05078125,0.15078125000000001,4.9591064453125e-05,0.00014724731445312501,1,2,1,2
quartic,biased_source,32,8,0.25,1.28515625,1.28533935546875,0.25,0.34999999999999998,0.000244140625,0.00034179687499999998,1,2,1,2
quartic,biased_source,32,9,0.28125,1.3221139907836914,1.3223114013671875,0.42578125,0.52578124999999998,0.000415802001953125,0.00051345825195312498,1,2,1,2
quartic,biased_source,32,10,0.3125,1.3586578369140625,1.3588676452636719,0.578125,0.67812499999999998,0.0005645751953125,0.00066223144531249998,1,2,1,2
quartic,biased_source,32,11,0.34375,1.3946390151977539,1.3948593139648438,0.70703125,0.80703124999999998,0.000690460205078125,0.00078811645507812498,1,2,1,2
quartic,biased_source,32,12,0.375,1.429931640625,1.4301605224609375,0.8125,0.91249999999999998,0.00079345703125,0.00089111328124999998,1,2,1,2
quartic,biased_source,32,13,0.40625,1.4644327163696289,1.4646682739257812,0.89453125,0.99453124999999998,0.000873565673828125,0.00097122192382812498,1,2,1,2
quartic,biased_source,32,14,0.4375,1.4980621337890625,1.4983024597167969,0.953125,1.0531250000000001,0.0009307861328125,0.0010284423828125001,1,2,1,2
quartic,biased_source,32,15,0.46875,1.5307626724243164,1.531005859375,0.98828125,1.0882812500000001,0.000965118408203125,0.0010627746582031251,1,2,1,2
quartic,biased_source,32,16,0.5,1.5625,1.562744140625,1,1.1000000000000001,0.0009765625,0.0010742187500000001,1,2,1,2
quartic,biased_source,32,17,0.53125,1.5932626724243164,1.593505859375,0.98828125,1.0882812500000001,0.000965118408203125,0.0010627746582031251,1,2,1,2
quartic,biased_source,32,18,0.5625,1.6230621337890625,1.6233024597167969,0.953125,1.0531250000000001,0.0009307861328125,0.0010284423828125001,1,2,1,2
quartic,biased_source,32,19,0.59375,1.6519327163696289,1.6521682739257812,0.89453125,0.99453124999999998,0.000873565673828125,0.00097122192382812498,1,2,1,2
quartic,biased_source,32,20,0.625,1.679931640625,1.6801605224609375,0.8125,0.91249999999999998,0.00079345703125,0.00089111328124999998,1,2,1,2
quartic,biased_source,32,21,0.65625,1.7071390151977539,1.7073593139648438,0.70703125,0.80703124999999998,0.000690460205078125,0.00078811645507812498,1,2,1,2
quartic,biased_source,32,22,0.6875,1.7336578369140625,1.7338676452636719,0.578125,0.67812499999999998,0.0005645751953125,0.00066223144531249998,1,2,1,2
quartic,biased_source,32,23,0.71875,1.7596139907836914,1.7598114013671875,0.42578125,0.52578124999999998,0.000415802001953125,0.00051345825195312498,1,2,1,2
quartic,biased_source,32,24,0.75,1.78515625,1.78533935546875,0.25,0.34999999999999998,0.000244140625,0.00034179687499999998,1,2,1,2
quartic,biased_source,32,25,0.78125,1.8104562759399414,1.8106231689453125,0.05078125,0.15078125000000001,4.9591064453125e-05,0.00014724731445312501,1,2,1,2
quartic,biased_source,32,26,0.8125,1.8357086181640625,1.8358573913574219,-0.171875,-0.071874999999999994,-0.0001678466796875,-7.0190429687499995e-05,1,2,1,2
quartic,biased_source,32,27,0.84375,1.8611307144165039,1.8612594604492188,-0.41796875,-0.31796875000000002,-0.000408172607421875,-0.00031051635742187502,1,2,1,2
quartic,biased_source,32,28,0.875,1.886962890625,1.8870697021484375,-0.6875,-0.58750000000000002,-0.00067138671875,-0.00057373046875000002,1,2,1,2
quartic,biased_source,32,29,0.90625,1.9134683609008789,1.9135513305664062,-0.98046875,-0.88046875000000002,-0.000957489013671875,-0.00085983276367187502,1,2,1,2
quartic,biased_source,32,30,0.9375,1.9409332275390625,1.9409904479980469,-1.296875,-1.1968749999999999,-0.0012664794921875,-0.0011688232421874999,1,2,1,2
quartic,biased_source,32,31,0.96875,1.9696664810180664,1.969696044921875,-1.63671875,-1.5367187499999999,1.9984016418457031,1.998499298095703,1,2,1,2
quartic,biased_source,64,1,0.015625,1.0158615708351135,1.0158653259277344,-1.8154296875,-1.7154296874999999,0.9995567798614502,0.99958119392395017,1,2,1,2
quartic,biased_source,64,2,0.03125,1.0321664810180664,1.0321738719940186,-1.63671875,-1.5367187499999999,-0.00039958953857421875,-0.00037517547607421873,1,2,1,2
quartic,biased_source,64,3,0.046875,1.0488710999488831,1.048882007598877,-1.4638671875,-1.3638671874999999,-0.00035738945007324219,-0.00033297538757324217,1,2,1,2
quartic,biased_source,64,4,0.0625,1.0659332275390625,1.0659475326538086,-1.296875,-1.1968749999999999,-0.000316619873046875,-0.00029220581054687498,1,2,1,2
quartic,biased_source,64,5,0.078125,1.0833120942115784,1.0833296775817871,-1.1357421875,-1.0357421874999999,-0.00027728080749511719,-0.00025286674499511717,1,2,1,2
quartic,biased_source,64,6,0.09375,1.1009683609008789,1.1009891033172607,-0.98046875,-0.88046875000000002,-0.00023937225341796875,-0.00021495819091796876,1,2,1,2
quartic,biased_source,64,7,0.109375,1.118864119052887,1.1188879013061523,-0.8310546875,-0.73105468750000002,-0.00020289421081542969,-0.00017848014831542969,1,2,1,2
quartic,biased_source,64,8,0.125,1.136962890625,1.1369895935058594,-0.6875,-0.58750000000000002,-0.0001678466796875,-0.00014343261718750001,1,2,1,2
quartic,biased_source,64,9,0.140625,1.1552296280860901,1.1552591323852539,-0.5498046875,-0.44980468750000002,-0.00013422966003417969,-0.00010981559753417969,1,2,1,2
quartic,biased_source,64,10,0.15625,1.1736307144165039,1.1736629009246826,-0.41796875,-0.31796875000000002,-0.00010204315185546875,-7.7629089355468755e-05,1,2,1,2
quartic,biased_source,64,11,0.171875,1.1921339631080627,1.1921687126159668,-0.2919921875,-0.19199218749999999,-7.1287155151367188e-05,-4.6873092651367186e-05,1,2,1,2
quartic,biased_source,64,12,0.1875,1.2107086181640625,1.2107458114624023,-0.171875,-0.071874999999999994,-4.1961669921875e-05,-1.7547607421874999e-05,1,2,1,2
quartic,biased_source,64,13,0.203125,1.2293253540992737,1.2293648719787598,-0.0576171875,0.042382812500000006,-1.4066696166992188e-05,1.0347366333007814e-05,1,2,1,2
quartic,biased_source,64,14,0.21875,1.2479562759399414,1.2479979991912842,0.05078125,0.15078125000000001,1.239776611328125e-05,3.6811828613281251e-05,1,2,1,2
quartic,biased_source,64,15,0.234375,1.2665749192237854,1.2666187286376953,0.1533203125,0.25332031249999998,3.7431716918945312e-05,6.1845779418945307e-05,1,2,1,2
quartic,biased_source,64,16,0.25,1.28515625,1.2852020263671875,0.25,0.34999999999999998,6.103515625e-05,8.5449218749999995e-05,1,2,1,2
quartic,biased_source,64,17,0.265625,1.3036766648292542,1.3037242889404297,0.3408203125,0.44082031249999998,8.3208084106445312e-05,0.00010762214660644531,1,2,1,2
quartic,biased_source,64,18,0.28125,1.3221139907836914,1.3221633434295654,0.42578125,0.52578124999999998,0.00010395050048828125,0.00012836456298828124,1,2,1,2
quartic,biased_source,64,19,0.296875,1.3404474854469299,1.3404984474182129,0.5048828125,0.60488281249999998,0.00012326240539550781,0.00014767646789550781,1,2,1,2
quartic,biased_source,64,20,0.3125,1.3586578369140625,1.3587102890014648,0.578125,0.67812499999999998,0.000141143798828125,0.00016555786132812499,1,2,1,2
quartic,biased_source,64,21,0.328125,1.3767271637916565,1.3767809867858887,0.6455078125,0.74550781249999998,0.00015759468078613281,0.00018200874328613281,1,2,1,2
quartic,biased_source,64,22,0.34375,1.3946390151977539,1.3946940898895264,0.70703125,0.80703124999999998,0.00017261505126953125,0.00019702911376953124,1,2,1,2
quartic,biased_source,64,23,0.359375,1.4123783707618713,1.4124345779418945,0.7626953125,0.86269531249999998,0.00018620491027832031,0.00021061897277832031,1,2,1,2
quartic,biased_source,64,24,0.375,1.429931640625,1.4299888610839844,0.8125,0.91249999999999998,0.0001983642578125,0.00022277832031249999,1,2,1,2
quartic,biased_source,64,25,0.390625,1.4472866654396057,1.4473447799682617,0.8564453125,0.95644531249999998,0.00020909309387207031,0.00023350715637207031,1,2,1,2
quartic,biased_source,64,26,0.40625,1.4644327163696289,1.464491605758667,0.89453125,0.99453124999999998,0.00021839141845703125,0.00024280548095703124,1,2,1,2
quartic,biased_source,64,27,0.421875,1.4813604950904846,1.4814200401306152,0.9267578125,1.0267578125000001,0.00022625923156738281,0.00025067329406738283,1,2,1,2
quartic,biased_source,64,28,0.4375,1.4980621337890625,1.4981222152709961,0.953125,1.0531250000000001,0.000232696533203125,0.00025711059570312502,1,2,1,2
quartic,biased_source,64,29,0.453125,1.5145311951637268,1.5145916938781738,0.9736328125,1.0736328125000001,0.00023770332336425781,0.00026211738586425783,1,2,1,2
quartic,biased_source,64,30,0.46875,1.5307626724243164,1.5308234691619873,0.98828125,1.0882812500000001,0.00024127960205078125,0.00026569366455078127,1,2,1,2
quartic,biased_source,64,31,0.484375,1.5467529892921448,1.54681396484375,0.9970703125,1.0970703125000001,0.00024342536926269531,0.00026783943176269533,1,2,1,2
quartic,biased_source,64,32,0.5,1.5625,1.56256103515625,1,1.1000000000000001,0.000244140625,0.00026855468750000002,1,2,1,2
quartic,biased_source,64,33,0.515625,1.5780029892921448,1.57806396484375,0.9970703125,1.0970703125000001,0.00024342536926269531,0.00026783943176269533,1,2,1,2
quartic,biased_source,64,34,0.53125,1.5932626724243164,1.5933234691619873,0.98828125,1.0882812500000001,0.00024127960205078125,0.00026569366455078127,1,2,1,2
quartic,biased_source,64,35,0.546875,1.6082811951637268,1.6083416938781738,0.9736328125,1.0736328125000001,0.00023770332336425781,0.00026211738586425783,1,2,1,2
quartic,biased_source,64,36,0.5625,1.6230621337890625,1.6231222152709961,0.953125,1.0531250000000001,0.000232696533203125,0.00025711059570312502,1,2,1,2
quartic,biased_source,64,37,0.578125,1.6376104950904846,1.6376700401306152,0.9267578125,1.0267578125000001,0.00022625923156738281,0.00025067329406738283,1,2,1,2
quartic,biased_source,64,38,0.59375,1.6519327163696289,1.651991605758667,0.89453125,0.99453124999999998,0.00021839141845703125,0.00024280548095703124,1,2,1,2
quartic,biased_source,64,39,0.609375,1.6660366654396057,1.6660947799682617,0.8564453125,0.95644531249999998,0.00020909309387207031,0.00023350715637207031,1,2,1,2
quartic,biased_source,64,40,0.625,1.679931640625,1.6799888610839844,0.8125,0.91249999999999998,0.0001983642578125,0.00022277832031249999,1,2,1,2
quartic,biased_source,64,41,0.640625,1.6936283707618713,1.6936845779418945,0.7626953125,0.86269531249999998,0.00018620491027832031,0.00021061897277832031,1,2,1,2
quartic,biased_source,64,42,0.65625,1.7071390151977539,1.7071940898895264,0.70703125,0.80703124999999998,0.00017261505126953125,0.00019702911376953124,1,2,1,2
quartic,biased_source,64,43,0.671875,1.7204771637916565,1.7205309867858887,0.6455078125,0.74550781249999998,0.00015759468078613281,0.00018200874328613281,1,2,1,2
quartic,biased_source,64,44,0.6875,1.7336578369140625,1.7337102890014648,0.578125,0.67812499999999998,0.000141143798828125,0.00016555786132812499,1,2,1,2
quartic,biased_source,64,45,0.703125,1.7466974854469299,1.7467484474182129,0.5048828125,0.60488281249999998,0.00012326240539550781,0.00014767646789550781,1,2,1,2
quartic,biased_source,64,46,0.71875,1.7596139907836914,1.7596633434295654,0.42578125,0.52578124999999998,0.00010395050048828125,0.00012836456298828124,1,2,1,2
quartic,biased_source,64,47,0.734375,1.7724266648292542,1.7724742889404297,0.3408203125,0.44082031249999998,8.3208084106445312e-05,0.00010762214660644531,1,2,1,2
quartic,biased_source,64,48,0.75,1.78515625,1.7852020263671875,0.25,0.34999999999999998,6.103515625e-05,8.5449218749999995e-05,1,2,1,2
quartic,biased_source,64,49,0.765625,1.7978249192237854,1.7978687286376953,0.1533203125,0.25332031249999998,3.7431716918945312e-05,6.1845779418945307e-05,1,2,1,2
quartic,biased_source,64,50,0.78125,1.8104562759399414,1.8104979991912842,0.05078125,0.15078125000000001,1.239776611328125e-05,3.6811828613281251e-05,1,2,1,2
quartic,biased_source,64,51,0.796875,1.8230753540992737,1.8231148719787598,-0.0576171875,0.042382812500000006,-1.4066696166992188e-05,1.0347366333007814e-05,1,2,1,2
quartic,biased_source,64,52,0.8125,1.8357086181640625,1.8357458114624023,-0.171875,-0.071874999999999994,-4.1961669921875e-05,-1.7547607421874999e-05,1,2,1,2
quartic,biased_source,64,53,0.828125,1.8483839631080627,1.8484187126159668,-0.2919921875,-0.19199218749999999,-7.1287155151367188e-05,-4.6873092651367186e-05,1,2,1,2
quartic,biased_source,64,54,0.84375,1.8611307144165039,1.8611629009246826,-0.41796875,-0.31796875000000002,-0.00010204315185546875,-7.7629089355468755e-05,1,2,1,2
quartic,biased_source,64,55,0.859375,1.8739796280860901,1.8740091323852539,-0.5498046875,-0.44980468750000002,-0.00013422966003417969,-0.00010981559753417969,1,2,1,2
quartic,biased_source,64,56,0.875,1.886962890625,1.8869895935058594,-0.6875,-0.58750000000000002,-0.0001678466796875,-0.00014343261718750001,1,2,1,2
quartic,biased_source,64,57,0.890625,1.900114119052887,1.9001379013061523,-0.8310546875,-0.73105468750000002,-0.00020289421081542969,-0.00017848014831542969,1,2,1,2
quartic,biased_source,64,58,0.90625,1.9134683609008789,1.9134891033172607,-0.98046875,-0.88046875000000002,-0.00023937225341796875,-0.00021495819091796876,1,2,1,2
quartic,biased_source,64,59,0.921875,1.9270620942115784,1.9270796775817871,-1.1357421875,-1.0357421874999999,-0.00027728080749511719,-0.00025286674499511717,1,2,1,2
quartic,biased_source,64,60,0.9375,1.9409332275390625,1.9409475326538086,-1.296875,-1.1968749999999999,-0.000316619873046875,-0.00029220581054687498,1,2,1,2
quartic,biased_source,64,61,0.953125,1.9551210999488831,1.955132007598877,-1.4638671875,-1.3638671874999999,-0.00035738945007324219,-0.00033297538757324217,1,2,1,2
quartic,biased_source,64,62,0.96875,1.9696664810180664,1.9696738719940186,-1.63671875,-1.5367187499999999,-0.00039958953857421875,-0.00037517547607421873,1,2,1,2
quartic,biased_source,64,63,0.984375,1.9846115708351135,1.9846153259277344,-1.8154296875,-1.7154296874999999,1.9995567798614502,1.9995811939239503,1,2,1,2
quartic,biased_source,128,1,0.0078125,1.0078725852072239,1.0078730583190918,-1.906982421875,-1.8069824218749999,0.99988360702991486,0.99988971054553988,1,2,1,2
quartic,biased_source,128,2,0.015625,1.0158615708351135,1.0158625096082687,-1.8154296875,-1.7154296874999999,-0.00011080503463745117,-0.00010470151901245117,1,2,1,2
quartic,biased_source,128,3,0.0234375,1.0239613689482212,1.0239627659320831,-1.725341796875,-1.6253417968749999,-0.00010530650615692139,-9.9202990531921381e-05,1,2,1,2
quartic,biased_source,128,4,0.03125,1.0321664810180664,1.0321683287620544,-1.63671875,-1.5367187499999999,-9.9897384643554688e-05,-9.3793869018554682e-05,1,2,1,2
quartic,biased_source,128,5,0.0390625,1.0404714979231358,1.0404737889766693,-1.549560546875,-1.4495605468749999,-9.4577670097351074e-05,-8.8474154472351069e-05,1,2,1,2
quartic,biased_source,128,6,0.046875,1.0488710999488831,1.0488738268613815,-1.4638671875,-1.3638671874999999,-8.9347362518310547e-05,-8.3243846893310541e-05,1,2,1,2
quartic,biased_source,128,7,0.0546875,1.0573600567877293,1.0573632121086121,-1.379638671875,-1.2796386718749999,-8.4206461906433105e-05,-7.81029462814331e-05,1,2,1,2
quartic,biased_source,128,8,0.0625,1.0659332275390625,1.065936803817749,-1.296875,-1.1968749999999999,-7.915496826171875e-05,-7.3051452636718745e-05,1,2,1,2
quartic,biased_source,128,9,0.0703125,1.0745855607092381,1.0745895504951477,-1.215576171875,-1.1155761718749999,-7.419288158416748e-05,-6.8089365959167475e-05,1,2,1,2
quartic,biased_source,128,10,0.078125,1.0833120942115784,1.0833164900541306,-1.1357421875,-1.0357421874999999,-6.9320201873779297e-05,-6.3216686248779291e-05,1,2,1,2
quartic,biased_source,128,11,0.0859375,1.0921079553663731,1.0921127498149872,-1.057373046875,-0.95737304687500002,-6.4536929130554199e-05,-5.8433413505554201e-05,1,2,1,2
quartic,biased_source,128,12,0.09375,1.1009683609008789,1.1009735465049744,-0.98046875,-0.88046875000000002,-5.9843063354492188e-05,-5.3739547729492189e-05,1,2,1,2
quartic,biased_source,128,13,0.1015625,1.1098886169493198,1.109894186258316,-0.905029296875,-0.80502929687500002,-5.5238604545593262e-05,-4.9135088920593263e-05,1,2,1,2
quartic,biased_source,128,14,0.109375,1.118864119052887,1.1188700646162033,-0.8310546875,-0.73105468750000002,-5.0723552703857422e-05,-4.4620037078857423e-05,1,2,1,2
quartic,biased_source,128,15,0.1171875,1.1278903521597385,1.1278966665267944,-0.758544921875,-0.65854492187500002,-4.6297907829284668e-05,-4.0194392204284669e-05,1,2,1,2
quartic,biased_source,128,16,0.125,1.136962890625,1.1369695663452148,-0.6875,-0.58750000000000002,-4.1961669921875e-05,-3.5858154296875001e-05,1,2,1,2
quartic,biased_source,128,17,0.1328125,1.1460773982107639,1.1460844278335571,-0.617919921875,-0.51791992187500002,-3.7714838981628418e-05,-3.1611323356628419e-05,1,2,1,2
quartic,biased_source,128,18,0.140625,1.1552296280860901,1.155237004160881,-0.5498046875,-0.44980468750000002,-3.3557415008544922e-05,-2.7453899383544923e-05,1,2,1,2
quartic,biased_source,128,19,0.1484375,1.1644154228270054,1.1644231379032135,-0.483154296875,-0.38315429687500002,-2.9489398002624512e-05,-2.3385882377624513e-05,1,2,1,2
quartic,biased_source,128,20,0.15625,1.1736307144165039,1.1736387610435486,-0.41796875,-0.31796875000000002,-2.5510787963867188e-05,-1.9407272338867189e-05,1,2,1,2
quartic,biased_source,128,21,0.1640625,1.1828715242445469,1.1828798949718475,-0.354248046875,-0.25424804687500002,-2.1621584892272949e-05,-1.5518069267272951e-05,1,2,1,2
quartic,biased_source,128,22,0.171875,1.1921339631080627,1.1921426504850388,-0.2919921875,-0.19199218749999999,-1.7821788787841797e-05,-1.1718273162841797e-05,1,2,1,2
quartic,biased_source,128,23,0.1796875,1.201414231210947,1.2014232277870178,-0.231201171875,-0.13120117187499999,-1.411139965057373e-05,-8.0078840255737301e-06,1,2,1,2
quartic,biased_source,128,24,0.1875,1.2107086181640625,1.2107179164886475,-0.171875,-0.071874999999999994,-1.049041748046875e-05,-4.3869018554687497e-06,1,2,1,2
quartic,biased_source,128,25,0.1953125,1.220013502985239,1.2200230956077576,-0.114013671875,-0.014013671874999994,-6.9588422775268555e-06,-8.5532665252685513e-07,1,2,1,2
quartic,biased_source,128,26,0.203125,1.2293253540992737,1.2293352335691452,-0.0576171875,0.042382812500000006,-3.5166740417480469e-06,2.5868415832519535e-06,1,2,1,2
quartic,biased_source,128,27,0.2109375,1.2386407293379307,1.2386508882045746,-0.002685546875,0.097314453125000006,-1.6391277313232422e-07,5.9396028518676761e-06,1,2,1,2
quartic,biased_source,128,28,0.21875,1.2479562759399414,1.2479667067527771,0.05078125,0.15078125000000001,3.0994415283203125e-06,9.2029571533203128e-06,1,2,1,2
quartic,biased_source,128,29,0.2265625,1.2572687305510044,1.2572794258594513,0.102783203125,0.20278320312500001,6.2733888626098633e-06,1.2376904487609864e-05,1,2,1,2
quartic,biased_source,128,30,0.234375,1.2665749192237854,1.2665858715772629,0.1533203125,0.25332031249999998,9.3579292297363281e-06,1.5461444854736327e-05,1,2,1,2
quartic,biased_source,128,31,0.2421875,1.2758717574179173,1.2758829593658447,0.202392578125,0.30239257812499998,1.2353062629699707e-05,1.8456578254699706e-05,1,2,1,2
quartic,biased_source,128,32,0.25,1.28515625,1.2851676940917969,0.25,0.34999999999999998,1.52587890625e-05,2.1362304687499999e-05,1,2,1,2
quartic,biased_source,128,33,0.2578125,1.2944254912436008,1.2944371700286865,0.296142578125,0.39614257812499998,1.8075108528137207e-05,2.4178624153137206e-05,1,2,1,2
quartic,biased_source,128,34,0.265625,1.3036766648292542,1.303688570857048,0.3408203125,0.44082031249999998,2.0802021026611328e-05,2.6905536651611327e-05,1,2,1,2
quartic,biased_source,128,35,0.2734375,1.3129070438444614,1.3129191696643829,0.384033203125,0.48403320312499998,2.3439526557922363e-05,2.9543042182922362e-05,1,2,1,2
quartic,biased_source,128,36,0.28125,1.3221139907836914,1.3221263289451599,0.42578125,0.52578124999999998,2.5987625122070312e-05,3.2091140747070311e-05,1,2,1,2
quartic,biased_source,128,37,0.2890625,1.3312949575483799,1.3313075006008148,0.466064453125,0.56606445312499998,2.8446316719055176e-05,3.4549832344055174e-05,1,2,1,2
quartic,biased_source,128,38,0.296875,1.3404474854469299,1.3404602259397507,0.5048828125,0.60488281249999998,3.0815601348876953e-05,3.6919116973876952e-05,1,2,1,2
quartic,biased_source,128,39,0.3046875,1.3495692051947117,1.3495821356773376,0.542236328125,0.64223632812499998,3.3095479011535645e-05,3.9198994636535643e-05,1,2,1,2
quartic,biased_source,128,40,0.3125,1.3586578369140625,1.3586709499359131,0.578125,0.67812499999999998,3.528594970703125e-05,4.1389465332031249e-05,1,2,1,2
quartic,biased_source,128,41,0.3203125,1.3677111901342869,1.3677244782447815,0.612548828125,0.71254882812499998,3.738701343536377e-05,4.3490529060363768e-05,1,2,1,2
quartic,biased_source,128,42,0.328125,1.3767271637916565,1.3767406195402145,0.6455078125,0.74550781249999998,3.9398670196533203e-05,4.5502185821533202e-05,1,2,1,2
quartic,biased_source,128,43,0.3359375,1.3857037462294102,1.385717362165451,0.677001953125,0.77700195312499998,4.1320919990539551e-05,4.7424435615539549e-05,1,2,1,2
quartic,biased_source,128,44,0.34375,1.3946390151977539,1.394652783870697,0.70703125,0.80703124999999998,4.3153762817382812e-05,4.9257278442382811e-05,1,2,1,2
quartic,biased_source,128,45,0.3515625,1.4035311378538609,1.4035450518131256,0.735595703125,0.83559570312499998,4.4897198677062988e-05,5.1000714302062987e-05,1,2,1,2
quartic,biased_source,128,46,0.359375,1.4123783707618713,1.4123924225568771,0.7626953125,0.86269531249999998,4.6551227569580078e-05,5.2654743194580077e-05,1,2,1,2
quartic,biased_source,128,47,0.3671875,1.4211790598928928,1.4211932420730591,0.788330078125,0.88833007812499998,4.8115849494934082e-05,5.4219365119934081e-05,1,2,1,2
quartic,biased_source,128,48,0.375,1.429931640625,1.4299459457397461,0.8125,0.91249999999999998,4.9591064453125e-05,5.5694580078124999e-05,1,2,1,2
quartic,biased_source,128,49,0.3828125,1.4386346377432346,1.43864905834198,0.835205078125,0.93520507812499998,5.0976872444152832e-05,5.7080388069152831e-05,1,2,1,2
quartic,biased_source,128,50,0.390625,1.4472866654396057,1.4473011940717697,0.8564453125,0.95644531249999998,5.2273273468017578e-05,5.8376789093017577e-05,1,2,1,2
quartic,biased_source,128,51,0.3984375,1.4558864273130894,1.4559010565280914,0.876220703125,0.97622070312499998,5.3480267524719238e-05,5.9583783149719237e-05,1,2,1,2
quartic,biased_source,128,52,0.40625,1.4644327163696289,1.4644474387168884,0.89453125,0.99453124999999998,5.4597854614257812e-05,6.0701370239257811e-05,1,2,1,2
quartic,biased_source,128,53,0.4140625,1.4729244150221348,1.4729392230510712,0.911376953125,1.0113769531250001,5.5626034736633301e-05,6.1729550361633306e-05,1,2,1,2
quartic,biased_source,128,54,0.421875,1.4813604950904846,1.4813753813505173,0.9267578125,1.0267578125000001,5.6564807891845703e-05,6.2668323516845709e-05,1,2,1,2
quartic,biased_source,128,55,0.4296875,1.4897400178015232,1.4897549748420715,0.940673828125,1.0406738281250001,5.741417407989502e-05,6.3517689704895025e-05,1,2,1,2
quartic,biased_source,128,56,0.4375,1.4980621337890625,1.4980771541595459,0.953125,1.0531250000000001,5.817413330078125e-05,6.4277648925781255e-05,1,2,1,2
quartic,biased_source,128,57,0.4453125,1.5063260830938816,1.5063411593437195,0.964111328125,1.0641113281250001,5.8844685554504395e-05,6.49482011795044e-05,1,2,1,2
quartic,biased_source,128,58,0.453125,1.5145311951637268,1.5145463198423386,0.9736328125,1.0736328125000001,5.9425830841064453e-05,6.5529346466064459e-05,1,2,1,2
quartic,biased_source,128,59,0.4609375,1.5226768888533115,1.5226920545101166,0.981689453125,1.0816894531250001,5.9917569160461426e-05,6.6021084785461431e-05,1,2,1,2
quartic,biased_source,128,60,0.46875,1.5307626724243164,1.5307778716087341,0.98828125,1.0882812500000001,6.0319900512695312e-05,6.6423416137695318e-05,1,2,1,2
quartic,biased_source,128,61,0.4765625,1.5387881435453892,1.538803368806839,0.993408203125,1.0934082031250001,6.0632824897766113e-05,6.6736340522766119e-05,1,2,1,2
quartic,biased_source,128,62,0.484375,1.5467529892921448,1.5467682331800461,0.9970703125,1.0970703125000001,6.0856342315673828e-05,6.6959857940673834e-05,1,2,1,2
quartic,biased_source,128,63,0.4921875,1.5546569861471653,1.5546722412109375,0.999267578125,1.0992675781250001,6.0990452766418457e-05,6.7093968391418462e-05,1,2,1,2
quartic,biased_source,128,64,0.5,1.5625,1.5625152587890625,1,1.1000000000000001,6.103515625e-05,6.7138671875000005e-05,1,2,1,2
quartic,biased_source,128,65,0.5078125,1.5702819861471653,1.5702972412109375,0.999267578125,1.0992675781250001,6.0990452766418457e-05,6.7093968391418462e-05,1,2,1,2
quartic,biased_source,128,66,0.515625,1.5780029892921448,1.5780182331800461,0.9970703125,1.0970703125000001,6.0856342315673828e-05,6.6959857940673834e-05,1,2,1,2
quartic,biased_source,128,67,0.5234375,1.5856631435453892,1.585678368806839,0.993408203125,1.0934082031250001,6.0632824897766113e-05,6.6736340522766119e-05,1,2,1,2
quartic,biased_source,128,68,0.53125,1.5932626724243164,1.5932778716087341,0.98828125,1.0882812500000001,6.0319900512695312e-05,6.6423416137695318e-05,1,2,1,2
quartic,biased_source,128,69,0.5390625,1.6008018888533115,1.6008170545101166,0.981689453125,1.0816894531250001,5.9917569160461426e-05,6.6021084785461431e-05,1,2,1,2
quartic,biased_source,128,70,0.546875,1.6082811951637268,1.6082963198423386,0.9736328125,1.0736328125000001,5.9425830841064453e-05,6.5529346466064459e-05,1,2,1,2
quartic,biased_source,128,71,0.5546875,1.6157010830938816,1.6157161593437195,0.964111328125,1.0641113281250001,5.8844685554504395e-05,6.49482011795044e-05,1,2,1,2
quartic,biased_source,128,72,0.5625,1.6230621337890625,1.6230771541595459,0.953125,1.0531250000000001,5.817413330078125e-05,6.4277648925781255e-05,1,2,1,2
quartic,biased_source,128,73,0.5703125,1.6303650178015232,1.6303799748420715,0.940673828125,1.0406738281250001,5.741417407989502e-05,6.3517689704895025e-05,1,2,1,2
quartic,biased_source,128,74,0.578125,1.6376104950904846,1.6376253813505173,0.9267578125,1.0267578125000001,5.6564807891845703e-05,6.2668323516845709e-05,1,2,1,2
quartic,biased_source,128,75,0.5859375,1.6447994150221348,1.6448142230510712,0.911376953125,1.0113769531250001,5.5626034736633301e-05,6.1729550361633306e-05,1,2,1,2
quartic,biased_source,128,76,0.59375,1.6519327163696289,1.6519474387168884,0.89453125,0.99453124999999998,5.4597854614257812e-05,6.0701370239257811e-05,1,2,1,2
quartic,biased_source,128,77,0.6015625,1.6590114273130894,1.6590260565280914,0.876220703125,0.97622070312499998,5.3480267524719238e-05,5.9583783149719237e-05,1,2,1,2
quartic,biased_source,128,78,0.609375,1.6660366654396057,1.6660511940717697,0.8564453125,0.95644531249999998,5.2273273468017578e-05,5.8376789093017577e-05,1,2,1,2
quartic,biased_source,128,79,0.6171875,1.6730096377432346,1.67302405834198,0.835205078125,0.93520507812499998,5.0976872444152832e-05,5.7080388069152831e-05,1,2,1,2
quartic,biased_source,128,80,0.625,1.679931640625,1.6799459457397461,0.8125,0.91249999999999998,4.9591064453125e-05,5.5694580078124999e-05,1,2,1,2
quartic,biased_source,128,81,0.6328125,1.6868040598928928,1.6868182420730591,0.788330078125,0.88833007812499998,4.8115849494934082e-05,5.4219365119934081e-05,1,2,1,2
quartic,biased_source,128,82,0.640625,1.6936283707618713,1.6936424225568771,0.7626953125,0.86269531249999998,4.6551227569580078e-05,5.2654743194580077e-05,1,2,1,2
quartic,biased_source,128,83,0.6484375,1.7004061378538609,1.7004200518131256,0.735595703125,0.83559570312499998,4.4897198677062988e-05,5.1000714302062987e-05,1,2,1,2
quartic,biased_source,128,84,0.65625,1.7071390151977539,1.707152783870697,0.70703125,0.80703124999999998,4.3153762817382812e-05,4.9257278442382811e-05,1,2,1,2
quartic,biased_source,128,85,0.6640625,1.7138287462294102,1.713842362165451,0.677001953125,0.77700195312499998,4.1320919990539551e-05,4.7424435615539549e-05,1,2,1,2
quartic,biased_source,128,86,0.671875,1.7204771637916565,1.7204906195402145,0.6455078125,0.74550781249999998,3.9398670196533203e-05,4.5502185821533202e-05,1,2,1,2
quartic,biased_source,128,87,0.6796875,1.7270861901342869,1.7270994782447815,0.612548828125,0.71254882812499998,3.738701343536377e-05,4.3490529060363768e-05,1,2,1,2
quartic,biased_source,128,88,0.6875,1.7336578369140625,1.7336709499359131,0.578125,0.67812499999999998,3.528594970703125e-05,4.1389465332031249e-05,1,2,1,2
quartic,biased_source,128,89,0.6953125,1.7401942051947117,1.7402071356773376,0.542236328125,0.64223632812499998,3.3095479011535645e-05,3.9198994636535643e-05,1,2,1,2
quartic,biased_source,128,90,0.703125,1.7466974854469299,1.7467102259397507,0.5048828125,0.60488281249999998,3.0815601348876953e-05,3.6919116973876952e-05,1,2,1,2
quartic,biased_source,128,91,0.7109375,1.7531699575483799,1.7531825006008148,0.466064453125,0.56606445312499998,2.8446316719055176e-05,3.4549832344055174e-05,1,2,1,2
quartic,biased_source,128,92,0.71875,1.7596139907836914,1.7596263289451599,0.42578125,0.52578124999999998,2.5987625122070312e-05,3.2091140747070311e-05,1,2,1,2
quartic,biased_source,128,93,0.7265625,1.7660320438444614,1.7660441696643829,0.384033203125,0.48403320312499998,2.3439526557922363e-05,2.9543042182922362e-05,1,2,1,2
quartic,biased_source,128,94,0.734375,1.7724266648292542,1.772438570857048,0.3408203125,0.44082031249999998,2.0802021026611328e-05,2.6905536651611327e-05,1,2,1,2
quartic,biased_source,128,95,0.7421875,1.7788004912436008,1.7788121700286865,0.296142578125,0.39614257812499998,1.8075108528137207e-05,2.4178624153137206e-05,1,2,1,2
quartic,biased_source,128,96,0.75,1.78515625,1.7851676940917969,0.25,0.34999999999999998,1.52587890625e-05,2.1362304687499999e-05,1,2,1,2
quartic,biased_source,128,97,0.7578125,1.7914967574179173,1.7915079593658447,0.202392578125,0.30239257812499998,1.2353062629699707e-05,1.8456578254699706e-05,1,2,1,2
quartic,biased_source,128,98,0.765625,1.7978249192237854,1.7978358715772629,0.1533203125,0.25332031249999998,9.3579292297363281e-06,1.5461444854736327e-05,1,2,1,2
quartic,biased_source,128,99,0.7734375,1.8041437305510044,1.8041544258594513,0.102783203125,0.20278320312500001,6.2733888626098633e-06,1.2376904487609864e-05,1,2,1,2
quartic,biased_source,128,100,0.78125,1.8104562759399414,1.8104667067527771,0.05078125,0.15078125000000001,3.0994415283203125e-06,9.2029571533203128e-06,1,2,1,2
quartic,biased_source,128,101,0.7890625,1.8167657293379307,1.8167758882045746,-0.002685546875,0.097314453125000006,-1.6391277313232422e-07,5.9396028518676761e-06,1,2,1,2
quartic,biased_source,128,102,0.796875,1.8230753540992737,1.8230852335691452,-0.0576171875,0.042382812500000006,-3.5166740417480469e-06,2.5868415832519535e-06,1,2,1,2
quartic,biased_source,128,103,0.8046875,1.829388502985239,1.8293980956077576,-0.114013671875,-0.014013671874999994,-6.9588422775268555e-06,-8.5532665252685513e-07,1,2,1,2
quartic,biased_source,128,104,0.8125,1.8357086181640625,1.8357179164886475,-0.171875,-0.071874999999999994,-1.049041748046875e-05,-4.3869018554687497e-06,1,2,1,2
quartic,biased_source,128,105,0.8203125,1.842039231210947,1.8420482277870178,-0.231201171875,-0.13120117187499999,-1.411139965057373e-05,-8.0078840255737301e-06,1,2,1,2
quartic,biased_source,128,106,0.828125,1.8483839631080627,1.8483926504850388,-0.2919921875,-0.19199218749999999,-1.7821788787841797e-05,-1.1718273162841797e-05,1,2,1,2
quartic,biased_source,128,107,0.8359375,1.8547465242445469,1.8547548949718475,-0.354248046875,-0.25424804687500002,-2.1621584892272949e-05,-1.5518069267272951e-05,1,2,1,2
quartic,biased_source,128,108,0.84375,1.8611307144165039,1.8611387610435486,-0.41796875,-0.31796875000000002,-2.5510787963867188e-05,-1.9407272338867189e-05,1,2,1,2
quartic,biased_source,128,109,0.8515625,1.8675404228270054,1.8675481379032135,-0.483154296875,-0.38315429687500002,-2.9489398002624512e-05,-2.3385882377624513e-05,1,2,1,2
quartic,biased_source,128,110,0.859375,1.8739796280860901,1.873987004160881,-0.5498046875,-0.44980468750000002,-3.3557415008544922e-05,-2.7453899383544923e-05,1,2,1,2
quartic,biased_source,128,111,0.8671875,1.8804523982107639,1.8804594278335571,-0.617919921875,-0.51791992187500002,-3.7714838981628418e-05,-3.1611323356628419e-05,1,2,1,2
quartic,biased_source,128,112,0.875,1.886962890625,1.8869695663452148,-0.6875,-0.58750000000000002,-4.1961669921875e-05,-3.5858154296875001e-05,1,2,1,2
quartic,biased_source,128,113,0.8828125,1.8935153521597385,1.8935216665267944,-0.758544921875,-0.65854492187500002,-4.6297907829284668e-05,-4.0194392204284669e-05,1,2,1,2
quartic,biased_source,128,114,0.890625,1.900114119052887,1.9001200646162033,-0.8310546875,-0.73105468750000002,-5.0723552703857422e-05,-4.4620037078857423e-05,1,2,1,2
quartic,biased_source,128,115,0.8984375,1.9067636169493198,1.906769186258316,-0.905029296875,-0.80502929687500002,-5.5238604545593262e-05,-4.9135088920593263e-05,1,2,1,2
quartic,biased_source,128,116,0.90625,1.9134683609008789,1.9134735465049744,-0.98046875,-0.88046875000000002,-5.9843063354492188e-05,-5.3739547729492189e-05,1,2,1,2
quartic,biased_source,128,117,0.9140625,1.9202329553663731,1.9202377498149872,-1.057373046875,-0.95737304687500002,-6.4536929130554199e-05,-5.8433413505554201e-05,1,2,1,2
quartic,biased_source,128,118,0.921875,1.9270620942115784,1.9270664900541306,-1.1357421875,-1.0357421874999999,-6.9320201873779297e-05,-6.3216686248779291e-05,1,2,1,2
quartic,biased_source,128,119,0.9296875,1.9339605607092381,1.9339645504951477,-1.215576171875,-1.1155761718749999,-7.419288158416748e-05,-6.8089365959167475e-05,1,2,1,2
quartic,biased_source,128,120,0.9375,1.9409332275390625,1.940936803817749,-1.296875,-1.1968749999999999,-7.915496826171875e-05,-7.3051452636718745e-05,1,2,1,2
quartic,biased_source,128,121,0.9453125,1.9479850567877293,1.9479882121086121,-1.379638671875,-1.2796386718749999,-8.4206461906433105e-05,-7.81029462814331e-05,1,2,1,2
quartic,biased_source,128,122,0.953125,1.9551210999488831,1.9551238268613815,-1.4638671875,-1.3638671874999999,-8.9347362518310547e-05,-8.3243846893310541e-05,1,2,1,2
quartic,biased_source,128,123,0.9609375,1.9623464979231358,1.9623487889766693,-1.549560546875,-1.4495605468749999,-9.4577670097351074e-05,-8.8474154472351069e-05,1,2,1,2
quartic,biased_source,128,124,0.96875,1.9696664810180664,1.9696683287620544,-1.63671875,-1.5367187499999999,-9.9897384643554688e-05,-9.3793869018554682e-05,1,2,1,2
quartic,biased_source,128,125,0.9765625,1.9770863689482212,1.9770877659320831,-1.725341796875,-1.6253417968749999,-0.00010530650615692139,-9.9202990531921381e-05,1,2,1,2
quartic,biased_source,128,126,0.984375,1.9846115708351135,1.9846125096082687,-1.8154296875,-1.7154296874999999,-0.00011080503463745117,-0.00010470151901245117,1,2,1,2
quartic,biased_source,128,127,0.9921875,1.9922475852072239,1.9922480583190918,-1.906982421875,-1.8069824218749999,1.9998836070299149,1.9998897105455398,1,2,1,2
quartic,omit_right,4,1,0.25,1.28515625,1.296875,0.25,0.25,1.015625,1.015625,1,2,1,0
quartic,omit_right,4,2,0.5,1.5625,1.578125,1,1,0.0625,0.0625,1,2,1,0
quartic,omit_right,4,3,0.75,1.78515625,1.796875,0.25,0.25,2.015625,0.015625,1,2,1,0
quartic,omit_right,8,1,0.125,1.136962890625,1.138671875,-0.6875,-0.6875,0.9892578125,0.9892578125,1,2,1,0
quartic,omit_right,8,2,0.25,1.28515625,1.2880859375,0.25,0.25,0.00390625,0.00390625,1,2,1,0
quartic,omit_right,8,3,0.375,1.429931640625,1.43359375,0.8125,0.8125,0.0126953125,0.0126953125,1,2,1,0
quartic,omit_right,8,4,0.5,1.5625,1.56640625,1,1,0.015625,0.015625,1,2,1,0
quartic,omit_right,8,5,0.625,1.679931640625,1.68359375,0.8125,0.8125,0.0126953125,0.0126953125,1,2,1,0
quartic,omit_right,8,6,0.75,1.78515625,1.7880859375,0.25,0.25,0.00390625,0.00390625,1,2,1,0
quartic,omit_right,8,7,0.875,1.886962890625,1.888671875,-0.6875,-0.6875,1.9892578125,-0.0107421875,1,2,1,0
quartic,omit_right,16,1,0.0625,1.0659332275390625,1.066162109375,-1.296875,-1.296875,0.99493408203125,0.99493408203125,1,2,1,0
quartic,omit_right,16,2,0.125,1.136962890625,1.13739013671875,-0.6875,-0.6875,-0.002685546875,-0.002685546875,1,2,1,0
quartic,omit_right,16,3,0.1875,1.2107086181640625,1.2113037109375,-0.171875,-0.171875,-0.00067138671875,-0.00067138671875,1,2,1,0
quartic,omit_right,16,4,0.25,1.28515625,1.285888671875,0.25,0.25,0.0009765625,0.0009765625,1,2,1,0
quartic,omit_right,16,5,0.3125,1.3586578369140625,1.3594970703125,0.578125,0.578125,0.00225830078125,0.00225830078125,1,2,1,0
quartic,omit_right,16,6,0.375,1.429931640625,1.43084716796875,0.8125,0.8125,0.003173828125,0.003173828125,1,2,1,0
quartic,omit_right,16,7,0.4375,1.4980621337890625,1.4990234375,0.953125,0.953125,0.00372314453125,0.00372314453125,1,2,1,0
quartic,omit_right,16,8,0.5,1.5625,1.5634765625,1,1,0.00390625,0.00390625,1,2,1,0
quartic,omit_right,16,9,0.5625,1.6230621337890625,1.6240234375,0.953125,0.953125,0.00372314453125,0.00372314453125,1,2,1,0
quartic,omit_right,16,10,0.625,1.679931640625,1.68084716796875,0.8125,0.8125,0.003173828125,0.003173828125,1,2,1,0
quartic,omit_right,16,11,0.6875,1.7336578369140625,1.7344970703125,0.578125,0.578125,0.00225830078125,0.00225830078125,1,2,1,0
quartic,omit_right,16,12,0.75,1.78515625,1.785888671875,0.25,0.25,0.0009765625,0.0009765625,1,2,1,0
quartic,omit_right,16,13,0.8125,1.8357086181640625,1.8363037109375,-0.171875,-0.171875,-0.00067138671875,-0.00067138671875,1,2,1,0
quartic,omit_right,16,14,0.875,1.886962890625,1.88739013671875,-0.6875,-0.6875,-0.002685546875,-0.002685546875,1,2,1,0
quartic,omit_right,16,15,0.9375,1.9409332275390625,1.941162109375,-1.296875,-1.296875,1.99493408203125,-0.00506591796875,1,2,1,0
quartic,omit_right,32,1,0.03125,1.0321664810180664,1.032196044921875,-1.63671875,-1.63671875,0.99840164184570312,0.99840164184570312,1,2,1,0
quartic,omit_right,32,2,0.0625,1.0659332275390625,1.0659904479980469,-1.296875,-1.296875,-0.0012664794921875,-0.0012664794921875,1,2,1,0
quartic,omit_right,32,3,0.09375,1.1009683609008789,1.1010513305664062,-0.98046875,-0.98046875,-0.000957489013671875,-0.000957489013671875,1,2,1,0
quartic,omit_right,32,4,0.125,1.136962890625,1.1370697021484375,-0.6875,-0.6875,-0.00067138671875,-0.00067138671875,1,2,1,0
quartic,omit_right,32,5,0.15625,1.1736307144165039,1.1737594604492188,-0.41796875,-0.41796875,-0.000408172607421875,-0.000408172607421875,1,2,1,0
quartic,omit_right,32,6,0.1875,1.2107086181640625,1.2108573913574219,-0.171875,-0.171875,-0.0001678466796875,-0.0001678466796875,1,2,1,0
quartic,omit_right,32,7,0.21875,1.2479562759399414,1.2481231689453125,0.05078125,0.05078125,4.9591064453125e-05,4.9591064453125e-05,1,2,1,0
quartic,omit_right,32,8,0.25,1.28515625,1.28533935546875,0.25,0.25,0.000244140625,0.000244140625,1,2,1,0
quartic,omit_right,32,9,0.28125,1.3221139907836914,1.3223114013671875,0.42578125,0.42578125,0.000415802001953125,0.000415802001953125,1,2,1,0
quartic,omit_right,32,10,0.3125,1.3586578369140625,1.3588676452636719,0.578125,0.578125,0.0005645751953125,0.0005645751953125,1,2,1,0
quartic,omit_right,32,11,0.34375,1.3946390151977539,1.3948593139648438,0.70703125,0.70703125,0.000690460205078125,0.000690460205078125,1,2,1,0
quartic,omit_right,32,12,0.375,1.429931640625,1.4301605224609375,0.8125,0.8125,0.00079345703125,0.00079345703125,1,2,1,0
quartic,omit_right,32,13,0.40625,1.4644327163696289,1.4646682739257812,0.89453125,0.89453125,0.000873565673828125,0.000873565673828125,1,2,1,0
quartic,omit_right,32,14,0.4375,1.4980621337890625,1.4983024597167969,0.953125,0.953125,0.0009307861328125,0.0009307861328125,1,2,1,0
quartic,omit_right,32,15,0.46875,1.5307626724243164,1.531005859375,0.98828125,0.98828125,0.000965118408203125,0.000965118408203125,1,2,1,0
quartic,omit_right,32,16,0.5,1.5625,1.562744140625,1,1,0.0009765625,0.0009765625,1,2,1,0
quartic,omit_right,32,17,0.53125,1.5932626724243164,1.593505859375,0.98828125,0.98828125,0.000965118408203125,0.000965118408203125,1,2,1,0
quartic,omit_right,32,18,0.5625,1.6230621337890625,1.6233024597167969,0.953125,0.953125,0.0009307861328125,0.0009307861328125,1,2,1,0
quartic,omit_right,32,19,0.59375,1.6519327163696289,1.6521682739257812,0.89453125,0.89453125,0.000873565673828125,0.000873565673828125,1,2,1,0
quartic,omit_right,32,20,0.625,1.679931640625,1.6801605224609375,0.8125,0.8125,0.00079345703125,0.00079345703125,1,2,1,0
quartic,omit_right,32,21,0.65625,1.7071390151977539,1.7073593139648438,0.70703125,0.70703125,0.000690460205078125,0.000690460205078125,1,2,1,0
quartic,omit_right,32,22,0.6875,1.7336578369140625,1.7338676452636719,0.578125,0.578125,0.0005645751953125,0.0005645751953125,1,2,1,0
quartic,omit_right,32,23,0.71875,1.7596139907836914,1.7598114013671875,0.42578125,0.42578125,0.000415802001953125,0.000415802001953125,1,2,1,0
quartic,omit_right,32,24,0.75,1.78515625,1.78533935546875,0.25,0.25,0.000244140625,0.000244140625,1,2,1,0
quartic,omit_right,32,25,0.78125,1.8104562759399414,1.8106231689453125,0.05078125,0.05078125,4.9591064453125e-05,4.9591064453125e-05,1,2,1,0
quartic,omit_right,32,26,0.8125,1.8357086181640625,1.8358573913574219,-0.171875,-0.171875,-0.0001678466796875,-0.0001678466796875,1,2,1,0
quartic,omit_right,32,27,0.84375,1.8611307144165039,1.8612594604492188,-0.41796875,-0.41796875,-0.000408172607421875,-0.000408172607421875,1,2,1,0
quartic,omit_right,32,28,0.875,1.886962890625,1.8870697021484375,-0.6875,-0.6875,-0.00067138671875,-0.00067138671875,1,2,1,0
quartic,omit_right,32,29,0.90625,1.9134683609008789,1.9135513305664062,-0.98046875,-0.98046875,-0.000957489013671875,-0.000957489013671875,1,2,1,0
quartic,omit_right,32,30,0.9375,1.9409332275390625,1.9409904479980469,-1.296875,-1.296875,-0.0012664794921875,-0.0012664794921875,1,2,1,0
quartic,omit_right,32,31,0.96875,1.9696664810180664,1.969696044921875,-1.63671875,-1.63671875,1.9984016418457031,-0.001598358154296875,1,2,1,0
quartic,omit_right,64,1,0.015625,1.0158615708351135,1.0158653259277344,-1.8154296875,-1.8154296875,0.9995567798614502,0.9995567798614502,1,2,1,0
quartic,omit_right,64,2,0.03125,1.0321664810180664,1.0321738719940186,-1.63671875,-1.63671875,-0.00039958953857421875,-0.00039958953857421875,1,2,1,0
quartic,omit_right,64,3,0.046875,1.0488710999488831,1.048882007598877,-1.4638671875,-1.4638671875,-0.00035738945007324219,-0.00035738945007324219,1,2,1,0
quartic,omit_right,64,4,0.0625,1.0659332275390625,1.0659475326538086,-1.296875,-1.296875,-0.000316619873046875,-0.000316619873046875,1,2,1,0
quartic,omit_right,64,5,0.078125,1.0833120942115784,1.0833296775817871,-1.1357421875,-1.1357421875,-0.00027728080749511719,-0.00027728080749511719,1,2,1,0
quartic,omit_right,64,6,0.09375,1.1009683609008789,1.1009891033172607,-0.98046875,-0.98046875,-0.00023937225341796875,-0.00023937225341796875,1,2,1,0
quartic,omit_right,64,7,0.109375,1.118864119052887,1.1188879013061523,-0.8310546875,-0.8310546875,-0.00020289421081542969,-0.00020289421081542969,1,2,1,0
quartic,omit_right,64,8,0.125,1.136962890625,1.1369895935058594,-0.6875,-0.6875,-0.0001678466796875,-0.0001678466796875,1,2,1,0
quartic,omit_right,64,9,0.140625,1.1552296280860901,1.1552591323852539,-0.5498046875,-0.5498046875,-0.00013422966003417969,-0.00013422966003417969,1,2,1,0
quartic,omit_right,64,10,0.15625,1.1736307144165039,1.1736629009246826,-0.41796875,-0.41796875,-0.00010204315185546875,-0.00010204315185546875,1,2,1,0
quartic,omit_right,64,11,0.171875,1.1921339631080627,1.1921687126159668,-0.2919921875,-0.2919921875,-7.1287155151367188e-05,-7.1287155151367188e-05,1,2,1,0
quartic,omit_right,64,12,0.1875,1.2107086181640625,1.2107458114624023,-0.171875,-0.171875,-4.1961669921875e-05,-4.1961669921875e-05,1,2,1,0
quartic,omit_right,64,13,0.203125,1.2293253540992737,1.2293648719787598,-0.0576171875,-0.0576171875,-1.4066696166992188e-05,-1.4066696166992188e-05,1,2,1,0
quartic,omit_right,64,14,0.21875,1.2479562759399414,1.2479979991912842,0.05078125,0.05078125,1.239776611328125e-05,1.239776611328125e-05,1,2,1,0
quartic,omit_right,64,15,0.234375,1.2665749192237854,1.2666187286376953,0.1533203125,0.1533203125,3.7431716918945312e-05,3.7431716918945312e-05,1,2,1,0
quartic,omit_right,64,16,0.25,1.28515625,1.2852020263671875,0.25,0.25,6.103515625e-05,6.103515625e-05,1,2,1,0
quartic,omit_right,64,17,0.265625,1.3036766648292542,1.3037242889404297,0.3408203125,0.3408203125,8.3208084106445312e-05,8.3208084106445312e-05,1,2,1,0
quartic,omit_right,64,18,0.28125,1.3221139907836914,1.3221633434295654,0.42578125,0.42578125,0.00010395050048828125,0.00010395050048828125,1,2,1,0
quartic,omit_right,64,19,0.296875,1.3404474854469299,1.3404984474182129,0.5048828125,0.5048828125,0.00012326240539550781,0.00012326240539550781,1,2,1,0
quartic,omit_right,64,20,0.3125,1.3586578369140625,1.3587102890014648,0.578125,0.578125,0.000141143798828125,0.000141143798828125,1,2,1,0
quartic,omit_right,64,21,0.328125,1.3767271637916565,1.3767809867858887,0.6455078125,0.6455078125,0.00015759468078613281,0.00015759468078613281,1,2,1,0
quartic,omit_right,64,22,0.34375,1.3946390151977539,1.3946940898895264,0.70703125,0.70703125,0.00017261505126953125,0.00017261505126953125,1,2,1,0
quartic,omit_right,64,23,0.359375,1.4123783707618713,1.4124345779418945,0.7626953125,0.7626953125,0.00018620491027832031,0.00018620491027832031,1,2,1,0
quartic,omit_right,64,24,0.375,1.429931640625,1.4299888610839844,0.8125,0.8125,0.0001983642578125,0.0001983642578125,1,2,1,0
quartic,omit_right,64,25,0.390625,1.4472866654396057,1.4473447799682617,0.8564453125,0.8564453125,0.00020909309387207031,0.00020909309387207031,1,2,1,0
quartic,omit_right,64,26,0.40625,1.4644327163696289,1.464491605758667,0.89453125,0.89453125,0.00021839141845703125,0.00021839141845703125,1,2,1,0
quartic,omit_right,64,27,0.421875,1.4813604950904846,1.4814200401306152,0.9267578125,0.9267578125,0.00022625923156738281,0.00022625923156738281,1,2,1,0
quartic,omit_right,64,28,0.4375,1.4980621337890625,1.4981222152709961,0.953125,0.953125,0.000232696533203125,0.000232696533203125,1,2,1,0
quartic,omit_right,64,29,0.453125,1.5145311951637268,1.5145916938781738,0.9736328125,0.9736328125,0.00023770332336425781,0.00023770332336425781,1,2,1,0
quartic,omit_right,64,30,0.46875,1.5307626724243164,1.5308234691619873,0.98828125,0.98828125,0.00024127960205078125,0.00024127960205078125,1,2,1,0
quartic,omit_right,64,31,0.484375,1.5467529892921448,1.54681396484375,0.9970703125,0.9970703125,0.00024342536926269531,0.00024342536926269531,1,2,1,0
quartic,omit_right,64,32,0.5,1.5625,1.56256103515625,1,1,0.000244140625,0.000244140625,1,2,1,0
quartic,omit_right,64,33,0.515625,1.5780029892921448,1.57806396484375,0.9970703125,0.9970703125,0.00024342536926269531,0.00024342536926269531,1,2,1,0
quartic,omit_right,64,34,0.53125,1.5932626724243164,1.5933234691619873,0.98828125,0.98828125,0.00024127960205078125,0.00024127960205078125,1,2,1,0
quartic,omit_right,64,35,0.546875,1.6082811951637268,1.6083416938781738,0.9736328125,0.9736328125,0.00023770332336425781,0.00023770332336425781,1,2,1,0
quartic,omit_right,64,36,0.5625,1.6230621337890625,1.6231222152709961,0.953125,0.953125,0.000232696533203125,0.000232696533203125,1,2,1,0
quartic,omit_right,64,37,0.578125,1.6376104950904846,1.6376700401306152,0.9267578125,0.9267578125,0.00022625923156738281,0.00022625923156738281,1,2,1,0
quartic,omit_right,64,38,0.59375,1.6519327163696289,1.651991605758667,0.89453125,0.89453125,0.00021839141845703125,0.00021839141845703125,1,2,1,0
quartic,omit_right,64,39,0.609375,1.6660366654396057,1.6660947799682617,0.8564453125,0.8564453125,0.00020909309387207031,0.00020909309387207031,1,2,1,0
quartic,omit_right,64,40,0.625,1.679931640625,1.6799888610839844,0.8125,0.8125,0.0001983642578125,0.0001983642578125,1,2,1,0
quartic,omit_right,64,41,0.640625,1.6936283707618713,1.6936845779418945,0.7626953125,0.7626953125,0.00018620491027832031,0.00018620491027832031,1,2,1,0
quartic,omit_right,64,42,0.65625,1.7071390151977539,1.7071940898895264,0.70703125,0.70703125,0.00017261505126953125,0.00017261505126953125,1,2,1,0
quartic,omit_right,64,43,0.671875,1.7204771637916565,1.7205309867858887,0.6455078125,0.6455078125,0.00015759468078613281,0.00015759468078613281,1,2,1,0
quartic,omit_right,64,44,0.6875,1.7336578369140625,1.7337102890014648,0.578125,0.578125,0.000141143798828125,0.000141143798828125,1,2,1,0
quartic,omit_right,64,45,0.703125,1.7466974854469299,1.7467484474182129,0.5048828125,0.5048828125,0.00012326240539550781,0.00012326240539550781,1,2,1,0
quartic,omit_right,64,46,0.71875,1.7596139907836914,1.7596633434295654,0.42578125,0.42578125,0.00010395050048828125,0.00010395050048828125,1,2,1,0
quartic,omit_right,64,47,0.734375,1.7724266648292542,1.7724742889404297,0.3408203125,0.3408203125,8.3208084106445312e-05,8.3208084106445312e-05,1,2,1,0
quartic,omit_right,64,48,0.75,1.78515625,1.7852020263671875,0.25,0.25,6.103515625e-05,6.103515625e-05,1,2,1,0
quartic,omit_right,64,49,0.765625,1.7978249192237854,1.7978687286376953,0.1533203125,0.1533203125,3.7431716918945312e-05,3.7431716918945312e-05,1,2,1,0
quartic,omit_right,64,50,0.78125,1.8104562759399414,1.8104979991912842,0.05078125,0.05078125,1.239776611328125e-05,1.239776611328125e-05,1,2,1,0
quartic,omit_right,64,51,0.796875,1.8230753540992737,1.8231148719787598,-0.0576171875,-0.0576171875,-1.4066696166992188e-05,-1.4066696166992188e-05,1,2,1,0
quartic,omit_right,64,52,0.8125,1.8357086181640625,1.8357458114624023,-0.171875,-0.171875,-4.1961669921875e-05,-4.1961669921875e-05,1,2,1,0
quartic,omit_right,64,53,0.828125,1.8483839631080627,1.8484187126159668,-0.2919921875,-0.2919921875,-7.1287155151367188e-05,-7.1287155151367188e-05,1,2,1,0
quartic,omit_right,64,54,0.84375,1.8611307144165039,1.8611629009246826,-0.41796875,-0.41796875,-0.00010204315185546875,-0.00010204315185546875,1,2,1,0
quartic,omit_right,64,55,0.859375,1.8739796280860901,1.8740091323852539,-0.5498046875,-0.5498046875,-0.00013422966003417969,-0.00013422966003417969,1,2,1,0
quartic,omit_right,64,56,0.875,1.886962890625,1.8869895935058594,-0.6875,-0.6875,-0.0001678466796875,-0.0001678466796875,1,2,1,0
quartic,omit_right,64,57,0.890625,1.900114119052887,1.9001379013061523,-0.8310546875,-0.8310546875,-0.00020289421081542969,-0.00020289421081542969,1,2,1,0
quartic,omit_right,64,58,0.90625,1.9134683609008789,1.9134891033172607,-0.98046875,-0.98046875,-0.00023937225341796875,-0.00023937225341796875,1,2,1,0
quartic,omit_right,64,59,0.921875,1.9270620942115784,1.9270796775817871,-1.1357421875,-1.1357421875,-0.00027728080749511719,-0.00027728080749511719,1,2,1,0
quartic,omit_right,64,60,0.9375,1.9409332275390625,1.9409475326538086,-1.296875,-1.296875,-0.000316619873046875,-0.000316619873046875,1,2,1,0
quartic,omit_right,64,61,0.953125,1.9551210999488831,1.955132007598877,-1.4638671875,-1.4638671875,-0.00035738945007324219,-0.00035738945007324219,1,2,1,0
quartic,omit_right,64,62,0.96875,1.9696664810180664,1.9696738719940186,-1.63671875,-1.63671875,-0.00039958953857421875,-0.00039958953857421875,1,2,1,0
quartic,omit_right,64,63,0.984375,1.9846115708351135,1.9846153259277344,-1.8154296875,-1.8154296875,1.9995567798614502,-0.00044322013854980469,1,2,1,0
quartic,omit_right,128,1,0.0078125,1.0078725852072239,1.0078730583190918,-1.906982421875,-1.906982421875,0.99988360702991486,0.99988360702991486,1,2,1,0
quartic,omit_right,128,2,0.015625,1.0158615708351135,1.0158625096082687,-1.8154296875,-1.8154296875,-0.00011080503463745117,-0.00011080503463745117,1,2,1,0
quartic,omit_right,128,3,0.0234375,1.0239613689482212,1.0239627659320831,-1.725341796875,-1.725341796875,-0.00010530650615692139,-0.00010530650615692139,1,2,1,0
quartic,omit_right,128,4,0.03125,1.0321664810180664,1.0321683287620544,-1.63671875,-1.63671875,-9.9897384643554688e-05,-9.9897384643554688e-05,1,2,1,0
quartic,omit_right,128,5,0.0390625,1.0404714979231358,1.0404737889766693,-1.549560546875,-1.549560546875,-9.4577670097351074e-05,-9.4577670097351074e-05,1,2,1,0
quartic,omit_right,128,6,0.046875,1.0488710999488831,1.0488738268613815,-1.4638671875,-1.4638671875,-8.9347362518310547e-05,-8.9347362518310547e-05,1,2,1,0
quartic,omit_right,128,7,0.0546875,1.0573600567877293,1.0573632121086121,-1.379638671875,-1.379638671875,-8.4206461906433105e-05,-8.4206461906433105e-05,1,2,1,0
quartic,omit_right,128,8,0.0625,1.0659332275390625,1.065936803817749,-1.296875,-1.296875,-7.915496826171875e-05,-7.915496826171875e-05,1,2,1,0
quartic,omit_right,128,9,0.0703125,1.0745855607092381,1.0745895504951477,-1.215576171875,-1.215576171875,-7.419288158416748e-05,-7.419288158416748e-05,1,2,1,0
quartic,omit_right,128,10,0.078125,1.0833120942115784,1.0833164900541306,-1.1357421875,-1.1357421875,-6.9320201873779297e-05,-6.9320201873779297e-05,1,2,1,0
quartic,omit_right,128,11,0.0859375,1.0921079553663731,1.0921127498149872,-1.057373046875,-1.057373046875,-6.4536929130554199e-05,-6.4536929130554199e-05,1,2,1,0
quartic,omit_right,128,12,0.09375,1.1009683609008789,1.1009735465049744,-0.98046875,-0.98046875,-5.9843063354492188e-05,-5.9843063354492188e-05,1,2,1,0
quartic,omit_right,128,13,0.1015625,1.1098886169493198,1.109894186258316,-0.905029296875,-0.905029296875,-5.5238604545593262e-05,-5.5238604545593262e-05,1,2,1,0
quartic,omit_right,128,14,0.109375,1.118864119052887,1.1188700646162033,-0.8310546875,-0.8310546875,-5.0723552703857422e-05,-5.0723552703857422e-05,1,2,1,0
quartic,omit_right,128,15,0.1171875,1.1278903521597385,1.1278966665267944,-0.758544921875,-0.758544921875,-4.6297907829284668e-05,-4.6297907829284668e-05,1,2,1,0
quartic,omit_right,128,16,0.125,1.136962890625,1.1369695663452148,-0.6875,-0.6875,-4.1961669921875e-05,-4.1961669921875e-05,1,2,1,0
quartic,omit_right,128,17,0.1328125,1.1460773982107639,1.1460844278335571,-0.617919921875,-0.617919921875,-3.7714838981628418e-05,-3.7714838981628418e-05,1,2,1,0
quartic,omit_right,128,18,0.140625,1.1552296280860901,1.155237004160881,-0.5498046875,-0.5498046875,-3.3557415008544922e-05,-3.3557415008544922e-05,1,2,1,0
quartic,omit_right,128,19,0.1484375,1.1644154228270054,1.1644231379032135,-0.483154296875,-0.483154296875,-2.9489398002624512e-05,-2.9489398002624512e-05,1,2,1,0
quartic,omit_right,128,20,0.15625,1.1736307144165039,1.1736387610435486,-0.41796875,-0.41796875,-2.5510787963867188e-05,-2.5510787963867188e-05,1,2,1,0
quartic,omit_right,128,21,0.1640625,1.1828715242445469,1.1828798949718475,-0.354248046875,-0.354248046875,-2.1621584892272949e-05,-2.1621584892272949e-05,1,2,1,0
quartic,omit_right,128,22,0.171875,1.1921339631080627,1.1921426504850388,-0.2919921875,-0.2919921875,-1.7821788787841797e-05,-1.7821788787841797e-05,1,2,1,0
quartic,omit_right,128,23,0.1796875,1.201414231210947,1.2014232277870178,-0.231201171875,-0.231201171875,-1.411139965057373e-05,-1.411139965057373e-05,1,2,1,0
quartic,omit_right,128,24,0.1875,1.2107086181640625,1.2107179164886475,-0.171875,-0.171875,-1.049041748046875e-05,-1.049041748046875e-05,1,2,1,0
quartic,omit_right,128,25,0.1953125,1.220013502985239,1.2200230956077576,-0.114013671875,-0.114013671875,-6.9588422775268555e-06,-6.9588422775268555e-06,1,2,1,0
quartic,omit_right,128,26,0.203125,1.2293253540992737,1.2293352335691452,-0.0576171875,-0.0576171875,-3.5166740417480469e-06,-3.5166740417480469e-06,1,2,1,0
quartic,omit_right,128,27,0.2109375,1.2386407293379307,1.2386508882045746,-0.002685546875,-0.002685546875,-1.6391277313232422e-07,-1.6391277313232422e-07,1,2,1,0
quartic,omit_right,128,28,0.21875,1.2479562759399414,1.2479667067527771,0.05078125,0.05078125,3.0994415283203125e-06,3.0994415283203125e-06,1,2,1,0
quartic,omit_right,128,29,0.2265625,1.2572687305510044,1.2572794258594513,0.102783203125,0.102783203125,6.2733888626098633e-06,6.2733888626098633e-06,1,2,1,0
quartic,omit_right,128,30,0.234375,1.2665749192237854,1.2665858715772629,0.1533203125,0.1533203125,9.3579292297363281e-06,9.3579292297363281e-06,1,2,1,0
quartic,omit_right,128,31,0.2421875,1.2758717574179173,1.2758829593658447,0.202392578125,0.202392578125,1.2353062629699707e-05,1.2353062629699707e-05,1,2,1,0
quartic,omit_right,128,32,0.25,1.28515625,1.2851676940917969,0.25,0.25,1.52587890625e-05,1.52587890625e-05,1,2,1,0
quartic,omit_right,128,33,0.2578125,1.2944254912436008,1.2944371700286865,0.296142578125,0.296142578125,1.8075108528137207e-05,1.8075108528137207e-05,1,2,1,0
quartic,omit_right,128,34,0.265625,1.3036766648292542,1.303688570857048,0.3408203125,0.3408203125,2.0802021026611328e-05,2.0802021026611328e-05,1,2,1,0
quartic,omit_right,128,35,0.2734375,1.3129070438444614,1.3129191696643829,0.384033203125,0.384033203125,2.3439526557922363e-05,2.3439526557922363e-05,1,2,1,0
quartic,omit_right,128,36,0.28125,1.3221139907836914,1.3221263289451599,0.42578125,0.42578125,2.5987625122070312e-05,2.5987625122070312e-05,1,2,1,0
quartic,omit_right,128,37,0.2890625,1.3312949575483799,1.3313075006008148,0.466064453125,0.466064453125,2.8446316719055176e-05,2.8446316719055176e-05,1,2,1,0
quartic,omit_right,128,38,0.296875,1.3404474854469299,1.3404602259397507,0.5048828125,0.5048828125,3.0815601348876953e-05,3.0815601348876953e-05,1,2,1,0
quartic,omit_right,128,39,0.3046875,1.3495692051947117,1.3495821356773376,0.542236328125,0.542236328125,3.3095479011535645e-05,3.3095479011535645e-05,1,2,1,0
quartic,omit_right,128,40,0.3125,1.3586578369140625,1.3586709499359131,0.578125,0.578125,3.528594970703125e-05,3.528594970703125e-05,1,2,1,0
quartic,omit_right,128,41,0.3203125,1.3677111901342869,1.3677244782447815,0.612548828125,0.612548828125,3.738701343536377e-05,3.738701343536377e-05,1,2,1,0
quartic,omit_right,128,42,0.328125,1.3767271637916565,1.3767406195402145,0.6455078125,0.6455078125,3.9398670196533203e-05,3.9398670196533203e-05,1,2,1,0
quartic,omit_right,128,43,0.3359375,1.3857037462294102,1.385717362165451,0.677001953125,0.677001953125,4.1320919990539551e-05,4.1320919990539551e-05,1,2,1,0
quartic,omit_right,128,44,0.34375,1.3946390151977539,1.394652783870697,0.70703125,0.70703125,4.3153762817382812e-05,4.3153762817382812e-05,1,2,1,0
quartic,omit_right,128,45,0.3515625,1.4035311378538609,1.4035450518131256,0.735595703125,0.735595703125,4.4897198677062988e-05,4.4897198677062988e-05,1,2,1,0
quartic,omit_right,128,46,0.359375,1.4123783707618713,1.4123924225568771,0.7626953125,0.7626953125,4.6551227569580078e-05,4.6551227569580078e-05,1,2,1,0
quartic,omit_right,128,47,0.3671875,1.4211790598928928,1.4211932420730591,0.788330078125,0.788330078125,4.8115849494934082e-05,4.8115849494934082e-05,1,2,1,0
quartic,omit_right,128,48,0.375,1.429931640625,1.4299459457397461,0.8125,0.8125,4.9591064453125e-05,4.9591064453125e-05,1,2,1,0
quartic,omit_right,128,49,0.3828125,1.4386346377432346,1.43864905834198,0.835205078125,0.835205078125,5.0976872444152832e-05,5.0976872444152832e-05,1,2,1,0
quartic,omit_right,128,50,0.390625,1.4472866654396057,1.4473011940717697,0.8564453125,0.8564453125,5.2273273468017578e-05,5.2273273468017578e-05,1,2,1,0
quartic,omit_right,128,51,0.3984375,1.4558864273130894,1.4559010565280914,0.876220703125,0.876220703125,5.3480267524719238e-05,5.3480267524719238e-05,1,2,1,0
quartic,omit_right,128,52,0.40625,1.4644327163696289,1.4644474387168884,0.89453125,0.89453125,5.4597854614257812e-05,5.4597854614257812e-05,1,2,1,0
quartic,omit_right,128,53,0.4140625,1.4729244150221348,1.4729392230510712,0.911376953125,0.911376953125,5.5626034736633301e-05,5.5626034736633301e-05,1,2,1,0
quartic,omit_right,128,54,0.421875,1.4813604950904846,1.4813753813505173,0.9267578125,0.9267578125,5.6564807891845703e-05,5.6564807891845703e-05,1,2,1,0
quartic,omit_right,128,55,0.4296875,1.4897400178015232,1.4897549748420715,0.940673828125,0.940673828125,5.741417407989502e-05,5.741417407989502e-05,1,2,1,0
quartic,omit_right,128,56,0.4375,1.4980621337890625,1.4980771541595459,0.953125,0.953125,5.817413330078125e-05,5.817413330078125e-05,1,2,1,0
quartic,omit_right,128,57,0.4453125,1.5063260830938816,1.5063411593437195,0.964111328125,0.964111328125,5.8844685554504395e-05,5.8844685554504395e-05,1,2,1,0
quartic,omit_right,128,58,0.453125,1.5145311951637268,1.5145463198423386,0.9736328125,0.9736328125,5.9425830841064453e-05,5.9425830841064453e-05,1,2,1,0
quartic,omit_right,128,59,0.4609375,1.5226768888533115,1.5226920545101166,0.981689453125,0.981689453125,5.9917569160461426e-05,5.9917569160461426e-05,1,2,1,0
quartic,omit_right,128,60,0.46875,1.5307626724243164,1.5307778716087341,0.98828125,0.98828125,6.0319900512695312e-05,6.0319900512695312e-05,1,2,1,0
quartic,omit_right,128,61,0.4765625,1.5387881435453892,1.538803368806839,0.993408203125,0.993408203125,6.0632824897766113e-05,6.0632824897766113e-05,1,2,1,0
quartic,omit_right,128,62,0.484375,1.5467529892921448,1.5467682331800461,0.9970703125,0.9970703125,6.0856342315673828e-05,6.0856342315673828e-05,1,2,1,0
quartic,omit_right,128,63,0.4921875,1.5546569861471653,1.5546722412109375,0.999267578125,0.999267578125,6.0990452766418457e-05,6.0990452766418457e-05,1,2,1,0
quartic,omit_right,128,64,0.5,1.5625,1.5625152587890625,1,1,6.103515625e-05,6.103515625e-05,1,2,1,0
quartic,omit_right,128,65,0.5078125,1.5702819861471653,1.5702972412109375,0.999267578125,0.999267578125,6.0990452766418457e-05,6.0990452766418457e-05,1,2,1,0
quartic,omit_right,128,66,0.515625,1.5780029892921448,1.5780182331800461,0.9970703125,0.9970703125,6.0856342315673828e-05,6.0856342315673828e-05,1,2,1,0
quartic,omit_right,128,67,0.5234375,1.5856631435453892,1.585678368806839,0.993408203125,0.993408203125,6.0632824897766113e-05,6.0632824897766113e-05,1,2,1,0
quartic,omit_right,128,68,0.53125,1.5932626724243164,1.5932778716087341,0.98828125,0.98828125,6.0319900512695312e-05,6.0319900512695312e-05,1,2,1,0
quartic,omit_right,128,69,0.5390625,1.6008018888533115,1.6008170545101166,0.981689453125,0.981689453125,5.9917569160461426e-05,5.9917569160461426e-05,1,2,1,0
quartic,omit_right,128,70,0.546875,1.6082811951637268,1.6082963198423386,0.9736328125,0.9736328125,5.9425830841064453e-05,5.9425830841064453e-05,1,2,1,0
quartic,omit_right,128,71,0.5546875,1.6157010830938816,1.6157161593437195,0.964111328125,0.964111328125,5.8844685554504395e-05,5.8844685554504395e-05,1,2,1,0
quartic,omit_right,128,72,0.5625,1.6230621337890625,1.6230771541595459,0.953125,0.953125,5.817413330078125e-05,5.817413330078125e-05,1,2,1,0
quartic,omit_right,128,73,0.5703125,1.6303650178015232,1.6303799748420715,0.940673828125,0.940673828125,5.741417407989502e-05,5.741417407989502e-05,1,2,1,0
quartic,omit_right,128,74,0.578125,1.6376104950904846,1.6376253813505173,0.9267578125,0.9267578125,5.6564807891845703e-05,5.6564807891845703e-05,1,2,1,0
quartic,omit_right,128,75,0.5859375,1.6447994150221348,1.6448142230510712,0.911376953125,0.911376953125,5.5626034736633301e-05,5.5626034736633301e-05,1,2,1,0
quartic,omit_right,128,76,0.59375,1.6519327163696289,1.6519474387168884,0.89453125,0.89453125,5.4597854614257812e-05,5.4597854614257812e-05,1,2,1,0
quartic,omit_right,128,77,0.6015625,1.6590114273130894,1.6590260565280914,0.876220703125,0.876220703125,5.3480267524719238e-05,5.3480267524719238e-05,1,2,1,0
quartic,omit_right,128,78,0.609375,1.6660366654396057,1.6660511940717697,0.8564453125,0.8564453125,5.2273273468017578e-05,5.2273273468017578e-05,1,2,1,0
quartic,omit_right,128,79,0.6171875,1.6730096377432346,1.67302405834198,0.835205078125,0.835205078125,5.0976872444152832e-05,5.0976872444152832e-05,1,2,1,0
quartic,omit_right,128,80,0.625,1.679931640625,1.6799459457397461,0.8125,0.8125,4.9591064453125e-05,4.9591064453125e-05,1,2,1,0
quartic,omit_right,128,81,0.6328125,1.6868040598928928,1.6868182420730591,0.788330078125,0.788330078125,4.8115849494934082e-05,4.8115849494934082e-05,1,2,1,0
quartic,omit_right,128,82,0.640625,1.6936283707618713,1.6936424225568771,0.7626953125,0.7626953125,4.6551227569580078e-05,4.6551227569580078e-05,1,2,1,0
quartic,omit_right,128,83,0.6484375,1.7004061378538609,1.7004200518131256,0.735595703125,0.735595703125,4.4897198677062988e-05,4.4897198677062988e-05,1,2,1,0
quartic,omit_right,128,84,0.65625,1.7071390151977539,1.707152783870697,0.70703125,0.70703125,4.3153762817382812e-05,4.3153762817382812e-05,1,2,1,0
quartic,omit_right,128,85,0.6640625,1.7138287462294102,1.713842362165451,0.677001953125,0.677001953125,4.1320919990539551e-05,4.1320919990539551e-05,1,2,1,0
quartic,omit_right,128,86,0.671875,1.7204771637916565,1.7204906195402145,0.6455078125,0.6455078125,3.9398670196533203e-05,3.9398670196533203e-05,1,2,1,0
quartic,omit_right,128,87,0.6796875,1.7270861901342869,1.7270994782447815,0.612548828125,0.612548828125,3.738701343536377e-05,3.738701343536377e-05,1,2,1,0
quartic,omit_right,128,88,0.6875,1.7336578369140625,1.7336709499359131,0.578125,0.578125,3.528594970703125e-05,3.528594970703125e-05,1,2,1,0
quartic,omit_right,128,89,0.6953125,1.7401942051947117,1.7402071356773376,0.542236328125,0.542236328125,3.3095479011535645e-05,3.3095479011535645e-05,1,2,1,0
quartic,omit_right,128,90,0.703125,1.7466974854469299,1.7467102259397507,0.5048828125,0.5048828125,3.0815601348876953e-05,3.0815601348876953e-05,1,2,1,0
quartic,omit_right,128,91,0.7109375,1.7531699575483799,1.7531825006008148,0.466064453125,0.466064453125,2.8446316719055176e-05,2.8446316719055176e-05,1,2,1,0
quartic,omit_right,128,92,0.71875,1.7596139907836914,1.7596263289451599,0.42578125,0.42578125,2.5987625122070312e-05,2.5987625122070312e-05,1,2,1,0
quartic,omit_right,128,93,0.7265625,1.7660320438444614,1.7660441696643829,0.384033203125,0.384033203125,2.3439526557922363e-05,2.3439526557922363e-05,1,2,1,0
quartic,omit_right,128,94,0.734375,1.7724266648292542,1.772438570857048,0.3408203125,0.3408203125,2.0802021026611328e-05,2.0802021026611328e-05,1,2,1,0
quartic,omit_right,128,95,0.7421875,1.7788004912436008,1.7788121700286865,0.296142578125,0.296142578125,1.8075108528137207e-05,1.8075108528137207e-05,1,2,1,0
quartic,omit_right,128,96,0.75,1.78515625,1.7851676940917969,0.25,0.25,1.52587890625e-05,1.52587890625e-05,1,2,1,0
quartic,omit_right,128,97,0.7578125,1.7914967574179173,1.7915079593658447,0.202392578125,0.202392578125,1.2353062629699707e-05,1.2353062629699707e-05,1,2,1,0
quartic,omit_right,128,98,0.765625,1.7978249192237854,1.7978358715772629,0.1533203125,0.1533203125,9.3579292297363281e-06,9.3579292297363281e-06,1,2,1,0
quartic,omit_right,128,99,0.7734375,1.8041437305510044,1.8041544258594513,0.102783203125,0.102783203125,6.2733888626098633e-06,6.2733888626098633e-06,1,2,1,0
quartic,omit_right,128,100,0.78125,1.8104562759399414,1.8104667067527771,0.05078125,0.05078125,3.0994415283203125e-06,3.0994415283203125e-06,1,2,1,0
quartic,omit_right,128,101,0.7890625,1.8167657293379307,1.8167758882045746,-0.002685546875,-0.002685546875,-1.6391277313232422e-07,-1.6391277313232422e-07,1,2,1,0
quartic,omit_right,128,102,0.796875,1.8230753540992737,1.8230852335691452,-0.0576171875,-0.0576171875,-3.5166740417480469e-06,-3.5166740417480469e-06,1,2,1,0
quartic,omit_right,128,103,0.8046875,1.829388502985239,1.8293980956077576,-0.114013671875,-0.114013671875,-6.9588422775268555e-06,-6.9588422775268555e-06,1,2,1,0
quartic,omit_right,128,104,0.8125,1.8357086181640625,1.8357179164886475,-0.171875,-0.171875,-1.049041748046875e-05,-1.049041748046875e-05,1,2,1,0
quartic,omit_right,128,105,0.8203125,1.842039231210947,1.8420482277870178,-0.231201171875,-0.231201171875,-1.411139965057373e-05,-1.411139965057373e-05,1,2,1,0
quartic,omit_right,128,106,0.828125,1.8483839631080627,1.8483926504850388,-0.2919921875,-0.2919921875,-1.7821788787841797e-05,-1.7821788787841797e-05,1,2,1,0
quartic,omit_right,128,107,0.8359375,1.8547465242445469,1.8547548949718475,-0.354248046875,-0.354248046875,-2.1621584892272949e-05,-2.1621584892272949e-05,1,2,1,0
quartic,omit_right,128,108,0.84375,1.8611307144165039,1.8611387610435486,-0.41796875,-0.41796875,-2.5510787963867188e-05,-2.5510787963867188e-05,1,2,1,0
quartic,omit_right,128,109,0.8515625,1.8675404228270054,1.8675481379032135,-0.483154296875,-0.483154296875,-2.9489398002624512e-05,-2.9489398002624512e-05,1,2,1,0
quartic,omit_right,128,110,0.859375,1.8739796280860901,1.873987004160881,-0.5498046875,-0.5498046875,-3.3557415008544922e-05,-3.3557415008544922e-05,1,2,1,0
quartic,omit_right,128,111,0.8671875,1.8804523982107639,1.8804594278335571,-0.617919921875,-0.617919921875,-3.7714838981628418e-05,-3.7714838981628418e-05,1,2,1,0
quartic,omit_right,128,112,0.875,1.886962890625,1.8869695663452148,-0.6875,-0.6875,-4.1961669921875e-05,-4.1961669921875e-05,1,2,1,0
quartic,omit_right,128,113,0.8828125,1.8935153521597385,1.8935216665267944,-0.758544921875,-0.758544921875,-4.6297907829284668e-05,-4.6297907829284668e-05,1,2,1,0
quartic,omit_right,128,114,0.890625,1.900114119052887,1.9001200646162033,-0.8310546875,-0.8310546875,-5.0723552703857422e-05,-5.0723552703857422e-05,1,2,1,0
quartic,omit_right,128,115,0.8984375,1.9067636169493198,1.906769186258316,-0.905029296875,-0.905029296875,-5.5238604545593262e-05,-5.5238604545593262e-05,1,2,1,0
quartic,omit_right,128,116,0.90625,1.9134683609008789,1.9134735465049744,-0.98046875,-0.98046875,-5.9843063354492188e-05,-5.9843063354492188e-05,1,2,1,0
quartic,omit_right,128,117,0.9140625,1.9202329553663731,1.9202377498149872,-1.057373046875,-1.057373046875,-6.4536929130554199e-05,-6.4536929130554199e-05,1,2,1,0
quartic,omit_right,128,118,0.921875,1.9270620942115784,1.9270664900541306,-1.1357421875,-1.1357421875,-6.9320201873779297e-05,-6.9320201873779297e-05,1,2,1,0
quartic,omit_right,128,119,0.9296875,1.9339605607092381,1.9339645504951477,-1.215576171875,-1.215576171875,-7.419288158416748e-05,-7.419288158416748e-05,1,2,1,0
quartic,omit_right,128,120,0.9375,1.9409332275390625,1.940936803817749,-1.296875,-1.296875,-7.915496826171875e-05,-7.915496826171875e-05,1,2,1,0
quartic,omit_right,128,121,0.9453125,1.9479850567877293,1.9479882121086121,-1.379638671875,-1.379638671875,-8.4206461906433105e-05,-8.4206461906433105e-05,1,2,1,0
quartic,omit_right,128,122,0.953125,1.9551210999488831,1.9551238268613815,-1.4638671875,-1.4638671875,-8.9347362518310547e-05,-8.9347362518310547e-05,1,2,1,0
quartic,omit_right,128,123,0.9609375,1.9623464979231358,1.9623487889766693,-1.549560546875,-1.549560546875,-9.4577670097351074e-05,-9.4577670097351074e-05,1,2,1,0
quartic,omit_right,128,124,0.96875,1.9696664810180664,1.9696683287620544,-1.63671875,-1.63671875,-9.9897384643554688e-05,-9.9897384643554688e-05,1,2,1,0
quartic,omit_right,128,125,0.9765625,1.9770863689482212,1.9770877659320831,-1.725341796875,-1.725341796875,-0.00010530650615692139,-0.00010530650615692139,1,2,1,0
quartic,omit_right,128,126,0.984375,1.9846115708351135,1.9846125096082687,-1.8154296875,-1.8154296875,-0.00011080503463745117,-0.00011080503463745117,1,2,1,0
quartic,omit_right,128,127,0.9921875,1.9922475852072239,1.9922480583190918,-1.906982421875,-1.906982421875,1.9998836070299149,-0.00011639297008514404,1,2,1,0
quartic,fixed_jacobi,4,1,0.25,1.28515625,1.296875,0.25,0.25,1.015625,1.015625,1,2,1,2
quartic,fixed_jacobi,4,2,0.5,1.5625,1.578125,1,1,0.0625,0.0625,1,2,1,2
quartic,fixed_jacobi,4,3,0.75,1.78515625,1.796875,0.25,0.25,2.015625,2.015625,1,2,1,2
quartic,fixed_jacobi,8,1,0.125,1.136962890625,1.138671875,-0.6875,-0.6875,0.9892578125,0.9892578125,1,2,1,2
quartic,fixed_jacobi,8,2,0.25,1.28515625,1.2880859375,0.25,0.25,0.00390625,0.00390625,1,2,1,2
quartic,fixed_jacobi,8,3,0.375,1.429931640625,1.43359375,0.8125,0.8125,0.0126953125,0.0126953125,1,2,1,2
quartic,fixed_jacobi,8,4,0.5,1.5625,1.56640625,1,1,0.015625,0.015625,1,2,1,2
quartic,fixed_jacobi,8,5,0.625,1.679931640625,1.68359375,0.8125,0.8125,0.0126953125,0.0126953125,1,2,1,2
quartic,fixed_jacobi,8,6,0.75,1.78515625,1.7880859375,0.25,0.25,0.00390625,0.00390625,1,2,1,2
quartic,fixed_jacobi,8,7,0.875,1.886962890625,1.888671875,-0.6875,-0.6875,1.9892578125,1.9892578125,1,2,1,2
quartic,fixed_jacobi,16,1,0.0625,1.0659332275390625,1.066162109375,-1.296875,-1.296875,0.99493408203125,0.99493408203125,1,2,1,2
quartic,fixed_jacobi,16,2,0.125,1.136962890625,1.13739013671875,-0.6875,-0.6875,-0.002685546875,-0.002685546875,1,2,1,2
quartic,fixed_jacobi,16,3,0.1875,1.2107086181640625,1.2113037109375,-0.171875,-0.171875,-0.00067138671875,-0.00067138671875,1,2,1,2
quartic,fixed_jacobi,16,4,0.25,1.28515625,1.285888671875,0.25,0.25,0.0009765625,0.0009765625,1,2,1,2
quartic,fixed_jacobi,16,5,0.3125,1.3586578369140625,1.3594970703125,0.578125,0.578125,0.00225830078125,0.00225830078125,1,2,1,2
quartic,fixed_jacobi,16,6,0.375,1.429931640625,1.43084716796875,0.8125,0.8125,0.003173828125,0.003173828125,1,2,1,2
quartic,fixed_jacobi,16,7,0.4375,1.4980621337890625,1.4990234375,0.953125,0.953125,0.00372314453125,0.00372314453125,1,2,1,2
quartic,fixed_jacobi,16,8,0.5,1.5625,1.5634765625,1,1,0.00390625,0.00390625,1,2,1,2
quartic,fixed_jacobi,16,9,0.5625,1.6230621337890625,1.6240234375,0.953125,0.953125,0.00372314453125,0.00372314453125,1,2,1,2
quartic,fixed_jacobi,16,10,0.625,1.679931640625,1.68084716796875,0.8125,0.8125,0.003173828125,0.003173828125,1,2,1,2
quartic,fixed_jacobi,16,11,0.6875,1.7336578369140625,1.7344970703125,0.578125,0.578125,0.00225830078125,0.00225830078125,1,2,1,2
quartic,fixed_jacobi,16,12,0.75,1.78515625,1.785888671875,0.25,0.25,0.0009765625,0.0009765625,1,2,1,2
quartic,fixed_jacobi,16,13,0.8125,1.8357086181640625,1.8363037109375,-0.171875,-0.171875,-0.00067138671875,-0.00067138671875,1,2,1,2
quartic,fixed_jacobi,16,14,0.875,1.886962890625,1.88739013671875,-0.6875,-0.6875,-0.002685546875,-0.002685546875,1,2,1,2
quartic,fixed_jacobi,16,15,0.9375,1.9409332275390625,1.941162109375,-1.296875,-1.296875,1.99493408203125,1.99493408203125,1,2,1,2
quartic,fixed_jacobi,32,1,0.03125,1.0321664810180664,1.032196044921875,-1.63671875,-1.63671875,0.99840164184570312,0.99840164184570312,1,2,1,2
quartic,fixed_jacobi,32,2,0.0625,1.0659332275390625,1.0659904479980469,-1.296875,-1.296875,-0.0012664794921875,-0.0012664794921875,1,2,1,2
quartic,fixed_jacobi,32,3,0.09375,1.1009683609008789,1.1010513305664062,-0.98046875,-0.98046875,-0.000957489013671875,-0.000957489013671875,1,2,1,2
quartic,fixed_jacobi,32,4,0.125,1.136962890625,1.1370697021484375,-0.6875,-0.6875,-0.00067138671875,-0.00067138671875,1,2,1,2
quartic,fixed_jacobi,32,5,0.15625,1.1736307144165039,1.1737594604492188,-0.41796875,-0.41796875,-0.000408172607421875,-0.000408172607421875,1,2,1,2
quartic,fixed_jacobi,32,6,0.1875,1.2107086181640625,1.2108573913574219,-0.171875,-0.171875,-0.0001678466796875,-0.0001678466796875,1,2,1,2
quartic,fixed_jacobi,32,7,0.21875,1.2479562759399414,1.2481231689453125,0.05078125,0.05078125,4.9591064453125e-05,4.9591064453125e-05,1,2,1,2
quartic,fixed_jacobi,32,8,0.25,1.28515625,1.28533935546875,0.25,0.25,0.000244140625,0.000244140625,1,2,1,2
quartic,fixed_jacobi,32,9,0.28125,1.3221139907836914,1.3223114013671875,0.42578125,0.42578125,0.000415802001953125,0.000415802001953125,1,2,1,2
quartic,fixed_jacobi,32,10,0.3125,1.3586578369140625,1.3588676452636719,0.578125,0.578125,0.0005645751953125,0.0005645751953125,1,2,1,2
quartic,fixed_jacobi,32,11,0.34375,1.3946390151977539,1.3948593139648438,0.70703125,0.70703125,0.000690460205078125,0.000690460205078125,1,2,1,2
quartic,fixed_jacobi,32,12,0.375,1.429931640625,1.4301605224609375,0.8125,0.8125,0.00079345703125,0.00079345703125,1,2,1,2
quartic,fixed_jacobi,32,13,0.40625,1.4644327163696289,1.4646682739257812,0.89453125,0.89453125,0.000873565673828125,0.000873565673828125,1,2,1,2
quartic,fixed_jacobi,32,14,0.4375,1.4980621337890625,1.4983024597167969,0.953125,0.953125,0.0009307861328125,0.0009307861328125,1,2,1,2
quartic,fixed_jacobi,32,15,0.46875,1.5307626724243164,1.531005859375,0.98828125,0.98828125,0.000965118408203125,0.000965118408203125,1,2,1,2
quartic,fixed_jacobi,32,16,0.5,1.5625,1.562744140625,1,1,0.0009765625,0.0009765625,1,2,1,2
quartic,fixed_jacobi,32,17,0.53125,1.5932626724243164,1.593505859375,0.98828125,0.98828125,0.000965118408203125,0.000965118408203125,1,2,1,2
quartic,fixed_jacobi,32,18,0.5625,1.6230621337890625,1.6233024597167969,0.953125,0.953125,0.0009307861328125,0.0009307861328125,1,2,1,2
quartic,fixed_jacobi,32,19,0.59375,1.6519327163696289,1.6521682739257812,0.89453125,0.89453125,0.000873565673828125,0.000873565673828125,1,2,1,2
quartic,fixed_jacobi,32,20,0.625,1.679931640625,1.6801605224609375,0.8125,0.8125,0.00079345703125,0.00079345703125,1,2,1,2
quartic,fixed_jacobi,32,21,0.65625,1.7071390151977539,1.7073593139648438,0.70703125,0.70703125,0.000690460205078125,0.000690460205078125,1,2,1,2
quartic,fixed_jacobi,32,22,0.6875,1.7336578369140625,1.7338676452636719,0.578125,0.578125,0.0005645751953125,0.0005645751953125,1,2,1,2
quartic,fixed_jacobi,32,23,0.71875,1.7596139907836914,1.7598114013671875,0.42578125,0.42578125,0.000415802001953125,0.000415802001953125,1,2,1,2
quartic,fixed_jacobi,32,24,0.75,1.78515625,1.78533935546875,0.25,0.25,0.000244140625,0.000244140625,1,2,1,2
quartic,fixed_jacobi,32,25,0.78125,1.8104562759399414,1.8106231689453125,0.05078125,0.05078125,4.9591064453125e-05,4.9591064453125e-05,1,2,1,2
quartic,fixed_jacobi,32,26,0.8125,1.8357086181640625,1.8358573913574219,-0.171875,-0.171875,-0.0001678466796875,-0.0001678466796875,1,2,1,2
quartic,fixed_jacobi,32,27,0.84375,1.8611307144165039,1.8612594604492188,-0.41796875,-0.41796875,-0.000408172607421875,-0.000408172607421875,1,2,1,2
quartic,fixed_jacobi,32,28,0.875,1.886962890625,1.8870697021484375,-0.6875,-0.6875,-0.00067138671875,-0.00067138671875,1,2,1,2
quartic,fixed_jacobi,32,29,0.90625,1.9134683609008789,1.9135513305664062,-0.98046875,-0.98046875,-0.000957489013671875,-0.000957489013671875,1,2,1,2
quartic,fixed_jacobi,32,30,0.9375,1.9409332275390625,1.9409904479980469,-1.296875,-1.296875,-0.0012664794921875,-0.0012664794921875,1,2,1,2
quartic,fixed_jacobi,32,31,0.96875,1.9696664810180664,1.969696044921875,-1.63671875,-1.63671875,1.9984016418457031,1.9984016418457031,1,2,1,2
quartic,fixed_jacobi,64,1,0.015625,1.0158615708351135,1.0158653259277344,-1.8154296875,-1.8154296875,0.9995567798614502,0.9995567798614502,1,2,1,2
quartic,fixed_jacobi,64,2,0.03125,1.0321664810180664,1.0321738719940186,-1.63671875,-1.63671875,-0.00039958953857421875,-0.00039958953857421875,1,2,1,2
quartic,fixed_jacobi,64,3,0.046875,1.0488710999488831,1.048882007598877,-1.4638671875,-1.4638671875,-0.00035738945007324219,-0.00035738945007324219,1,2,1,2
quartic,fixed_jacobi,64,4,0.0625,1.0659332275390625,1.0659475326538086,-1.296875,-1.296875,-0.000316619873046875,-0.000316619873046875,1,2,1,2
quartic,fixed_jacobi,64,5,0.078125,1.0833120942115784,1.0833296775817871,-1.1357421875,-1.1357421875,-0.00027728080749511719,-0.00027728080749511719,1,2,1,2
quartic,fixed_jacobi,64,6,0.09375,1.1009683609008789,1.1009891033172607,-0.98046875,-0.98046875,-0.00023937225341796875,-0.00023937225341796875,1,2,1,2
quartic,fixed_jacobi,64,7,0.109375,1.118864119052887,1.1188879013061523,-0.8310546875,-0.8310546875,-0.00020289421081542969,-0.00020289421081542969,1,2,1,2
quartic,fixed_jacobi,64,8,0.125,1.136962890625,1.1369895935058594,-0.6875,-0.6875,-0.0001678466796875,-0.0001678466796875,1,2,1,2
quartic,fixed_jacobi,64,9,0.140625,1.1552296280860901,1.1552591323852539,-0.5498046875,-0.5498046875,-0.00013422966003417969,-0.00013422966003417969,1,2,1,2
quartic,fixed_jacobi,64,10,0.15625,1.1736307144165039,1.1736629009246826,-0.41796875,-0.41796875,-0.00010204315185546875,-0.00010204315185546875,1,2,1,2
quartic,fixed_jacobi,64,11,0.171875,1.1921339631080627,1.1921687126159668,-0.2919921875,-0.2919921875,-7.1287155151367188e-05,-7.1287155151367188e-05,1,2,1,2
quartic,fixed_jacobi,64,12,0.1875,1.2107086181640625,1.2107458114624023,-0.171875,-0.171875,-4.1961669921875e-05,-4.1961669921875e-05,1,2,1,2
quartic,fixed_jacobi,64,13,0.203125,1.2293253540992737,1.2293648719787598,-0.0576171875,-0.0576171875,-1.4066696166992188e-05,-1.4066696166992188e-05,1,2,1,2
quartic,fixed_jacobi,64,14,0.21875,1.2479562759399414,1.2479979991912842,0.05078125,0.05078125,1.239776611328125e-05,1.239776611328125e-05,1,2,1,2
quartic,fixed_jacobi,64,15,0.234375,1.2665749192237854,1.2666187286376953,0.1533203125,0.1533203125,3.7431716918945312e-05,3.7431716918945312e-05,1,2,1,2
quartic,fixed_jacobi,64,16,0.25,1.28515625,1.2852020263671875,0.25,0.25,6.103515625e-05,6.103515625e-05,1,2,1,2
quartic,fixed_jacobi,64,17,0.265625,1.3036766648292542,1.3037242889404297,0.3408203125,0.3408203125,8.3208084106445312e-05,8.3208084106445312e-05,1,2,1,2
quartic,fixed_jacobi,64,18,0.28125,1.3221139907836914,1.3221633434295654,0.42578125,0.42578125,0.00010395050048828125,0.00010395050048828125,1,2,1,2
quartic,fixed_jacobi,64,19,0.296875,1.3404474854469299,1.3404984474182129,0.5048828125,0.5048828125,0.00012326240539550781,0.00012326240539550781,1,2,1,2
quartic,fixed_jacobi,64,20,0.3125,1.3586578369140625,1.3587102890014648,0.578125,0.578125,0.000141143798828125,0.000141143798828125,1,2,1,2
quartic,fixed_jacobi,64,21,0.328125,1.3767271637916565,1.3767809867858887,0.6455078125,0.6455078125,0.00015759468078613281,0.00015759468078613281,1,2,1,2
quartic,fixed_jacobi,64,22,0.34375,1.3946390151977539,1.3946940898895264,0.70703125,0.70703125,0.00017261505126953125,0.00017261505126953125,1,2,1,2
quartic,fixed_jacobi,64,23,0.359375,1.4123783707618713,1.4124345779418945,0.7626953125,0.7626953125,0.00018620491027832031,0.00018620491027832031,1,2,1,2
quartic,fixed_jacobi,64,24,0.375,1.429931640625,1.4299888610839844,0.8125,0.8125,0.0001983642578125,0.0001983642578125,1,2,1,2
quartic,fixed_jacobi,64,25,0.390625,1.4472866654396057,1.4473447799682617,0.8564453125,0.8564453125,0.00020909309387207031,0.00020909309387207031,1,2,1,2
quartic,fixed_jacobi,64,26,0.40625,1.4644327163696289,1.464491605758667,0.89453125,0.89453125,0.00021839141845703125,0.00021839141845703125,1,2,1,2
quartic,fixed_jacobi,64,27,0.421875,1.4813604950904846,1.4814200401306152,0.9267578125,0.9267578125,0.00022625923156738281,0.00022625923156738281,1,2,1,2
quartic,fixed_jacobi,64,28,0.4375,1.4980621337890625,1.4981222152709961,0.953125,0.953125,0.000232696533203125,0.000232696533203125,1,2,1,2
quartic,fixed_jacobi,64,29,0.453125,1.5145311951637268,1.5145916938781738,0.9736328125,0.9736328125,0.00023770332336425781,0.00023770332336425781,1,2,1,2
quartic,fixed_jacobi,64,30,0.46875,1.5307626724243164,1.5308234691619873,0.98828125,0.98828125,0.00024127960205078125,0.00024127960205078125,1,2,1,2
quartic,fixed_jacobi,64,31,0.484375,1.5467529892921448,1.54681396484375,0.9970703125,0.9970703125,0.00024342536926269531,0.00024342536926269531,1,2,1,2
quartic,fixed_jacobi,64,32,0.5,1.5625,1.56256103515625,1,1,0.000244140625,0.000244140625,1,2,1,2
quartic,fixed_jacobi,64,33,0.515625,1.5780029892921448,1.57806396484375,0.9970703125,0.9970703125,0.00024342536926269531,0.00024342536926269531,1,2,1,2
quartic,fixed_jacobi,64,34,0.53125,1.5932626724243164,1.5933234691619873,0.98828125,0.98828125,0.00024127960205078125,0.00024127960205078125,1,2,1,2
quartic,fixed_jacobi,64,35,0.546875,1.6082811951637268,1.6083416938781738,0.9736328125,0.9736328125,0.00023770332336425781,0.00023770332336425781,1,2,1,2
quartic,fixed_jacobi,64,36,0.5625,1.6230621337890625,1.6231222152709961,0.953125,0.953125,0.000232696533203125,0.000232696533203125,1,2,1,2
quartic,fixed_jacobi,64,37,0.578125,1.6376104950904846,1.6376700401306152,0.9267578125,0.9267578125,0.00022625923156738281,0.00022625923156738281,1,2,1,2
quartic,fixed_jacobi,64,38,0.59375,1.6519327163696289,1.651991605758667,0.89453125,0.89453125,0.00021839141845703125,0.00021839141845703125,1,2,1,2
quartic,fixed_jacobi,64,39,0.609375,1.6660366654396057,1.6660947799682617,0.8564453125,0.8564453125,0.00020909309387207031,0.00020909309387207031,1,2,1,2
quartic,fixed_jacobi,64,40,0.625,1.679931640625,1.6799888610839844,0.8125,0.8125,0.0001983642578125,0.0001983642578125,1,2,1,2
quartic,fixed_jacobi,64,41,0.640625,1.6936283707618713,1.6936845779418945,0.7626953125,0.7626953125,0.00018620491027832031,0.00018620491027832031,1,2,1,2
quartic,fixed_jacobi,64,42,0.65625,1.7071390151977539,1.7071940898895264,0.70703125,0.70703125,0.00017261505126953125,0.00017261505126953125,1,2,1,2
quartic,fixed_jacobi,64,43,0.671875,1.7204771637916565,1.7205309867858887,0.6455078125,0.6455078125,0.00015759468078613281,0.00015759468078613281,1,2,1,2
quartic,fixed_jacobi,64,44,0.6875,1.7336578369140625,1.7337102890014648,0.578125,0.578125,0.000141143798828125,0.000141143798828125,1,2,1,2
quartic,fixed_jacobi,64,45,0.703125,1.7466974854469299,1.7467484474182129,0.5048828125,0.5048828125,0.00012326240539550781,0.00012326240539550781,1,2,1,2
quartic,fixed_jacobi,64,46,0.71875,1.7596139907836914,1.7596633434295654,0.42578125,0.42578125,0.00010395050048828125,0.00010395050048828125,1,2,1,2
quartic,fixed_jacobi,64,47,0.734375,1.7724266648292542,1.7724742889404297,0.3408203125,0.3408203125,8.3208084106445312e-05,8.3208084106445312e-05,1,2,1,2
quartic,fixed_jacobi,64,48,0.75,1.78515625,1.7852020263671875,0.25,0.25,6.103515625e-05,6.103515625e-05,1,2,1,2
quartic,fixed_jacobi,64,49,0.765625,1.7978249192237854,1.7978687286376953,0.1533203125,0.1533203125,3.7431716918945312e-05,3.7431716918945312e-05,1,2,1,2
quartic,fixed_jacobi,64,50,0.78125,1.8104562759399414,1.8104979991912842,0.05078125,0.05078125,1.239776611328125e-05,1.239776611328125e-05,1,2,1,2
quartic,fixed_jacobi,64,51,0.796875,1.8230753540992737,1.8231148719787598,-0.0576171875,-0.0576171875,-1.4066696166992188e-05,-1.4066696166992188e-05,1,2,1,2
quartic,fixed_jacobi,64,52,0.8125,1.8357086181640625,1.8357458114624023,-0.171875,-0.171875,-4.1961669921875e-05,-4.1961669921875e-05,1,2,1,2
quartic,fixed_jacobi,64,53,0.828125,1.8483839631080627,1.8484187126159668,-0.2919921875,-0.2919921875,-7.1287155151367188e-05,-7.1287155151367188e-05,1,2,1,2
quartic,fixed_jacobi,64,54,0.84375,1.8611307144165039,1.8611629009246826,-0.41796875,-0.41796875,-0.00010204315185546875,-0.00010204315185546875,1,2,1,2
quartic,fixed_jacobi,64,55,0.859375,1.8739796280860901,1.8740091323852539,-0.5498046875,-0.5498046875,-0.00013422966003417969,-0.00013422966003417969,1,2,1,2
quartic,fixed_jacobi,64,56,0.875,1.886962890625,1.8869895935058594,-0.6875,-0.6875,-0.0001678466796875,-0.0001678466796875,1,2,1,2
quartic,fixed_jacobi,64,57,0.890625,1.900114119052887,1.9001379013061523,-0.8310546875,-0.8310546875,-0.00020289421081542969,-0.00020289421081542969,1,2,1,2
quartic,fixed_jacobi,64,58,0.90625,1.9134683609008789,1.9134891033172607,-0.98046875,-0.98046875,-0.00023937225341796875,-0.00023937225341796875,1,2,1,2
quartic,fixed_jacobi,64,59,0.921875,1.9270620942115784,1.9270796775817871,-1.1357421875,-1.1357421875,-0.00027728080749511719,-0.00027728080749511719,1,2,1,2
quartic,fixed_jacobi,64,60,0.9375,1.9409332275390625,1.9409475326538086,-1.296875,-1.296875,-0.000316619873046875,-0.000316619873046875,1,2,1,2
quartic,fixed_jacobi,64,61,0.953125,1.9551210999488831,1.955132007598877,-1.4638671875,-1.4638671875,-0.00035738945007324219,-0.00035738945007324219,1,2,1,2
quartic,fixed_jacobi,64,62,0.96875,1.9696664810180664,1.9696738719940186,-1.63671875,-1.63671875,-0.00039958953857421875,-0.00039958953857421875,1,2,1,2
quartic,fixed_jacobi,64,63,0.984375,1.9846115708351135,1.9846153259277344,-1.8154296875,-1.8154296875,1.9995567798614502,1.9995567798614502,1,2,1,2
quartic,fixed_jacobi,128,1,0.0078125,1.0078725852072239,1.0078730583190918,-1.906982421875,-1.906982421875,0.99988360702991486,0.99988360702991486,1,2,1,2
quartic,fixed_jacobi,128,2,0.015625,1.0158615708351135,1.0158625096082687,-1.8154296875,-1.8154296875,-0.00011080503463745117,-0.00011080503463745117,1,2,1,2
quartic,fixed_jacobi,128,3,0.0234375,1.0239613689482212,1.0239627659320831,-1.725341796875,-1.725341796875,-0.00010530650615692139,-0.00010530650615692139,1,2,1,2
quartic,fixed_jacobi,128,4,0.03125,1.0321664810180664,1.0321683287620544,-1.63671875,-1.63671875,-9.9897384643554688e-05,-9.9897384643554688e-05,1,2,1,2
quartic,fixed_jacobi,128,5,0.0390625,1.0404714979231358,1.0404737889766693,-1.549560546875,-1.549560546875,-9.4577670097351074e-05,-9.4577670097351074e-05,1,2,1,2
quartic,fixed_jacobi,128,6,0.046875,1.0488710999488831,1.0488738268613815,-1.4638671875,-1.4638671875,-8.9347362518310547e-05,-8.9347362518310547e-05,1,2,1,2
quartic,fixed_jacobi,128,7,0.0546875,1.0573600567877293,1.0573632121086121,-1.379638671875,-1.379638671875,-8.4206461906433105e-05,-8.4206461906433105e-05,1,2,1,2
quartic,fixed_jacobi,128,8,0.0625,1.0659332275390625,1.065936803817749,-1.296875,-1.296875,-7.915496826171875e-05,-7.915496826171875e-05,1,2,1,2
quartic,fixed_jacobi,128,9,0.0703125,1.0745855607092381,1.0745895504951477,-1.215576171875,-1.215576171875,-7.419288158416748e-05,-7.419288158416748e-05,1,2,1,2
quartic,fixed_jacobi,128,10,0.078125,1.0833120942115784,1.0833164900541306,-1.1357421875,-1.1357421875,-6.9320201873779297e-05,-6.9320201873779297e-05,1,2,1,2
quartic,fixed_jacobi,128,11,0.0859375,1.0921079553663731,1.0921127498149872,-1.057373046875,-1.057373046875,-6.4536929130554199e-05,-6.4536929130554199e-05,1,2,1,2
quartic,fixed_jacobi,128,12,0.09375,1.1009683609008789,1.1009735465049744,-0.98046875,-0.98046875,-5.9843063354492188e-05,-5.9843063354492188e-05,1,2,1,2
quartic,fixed_jacobi,128,13,0.1015625,1.1098886169493198,1.109894186258316,-0.905029296875,-0.905029296875,-5.5238604545593262e-05,-5.5238604545593262e-05,1,2,1,2
quartic,fixed_jacobi,128,14,0.109375,1.118864119052887,1.1188700646162033,-0.8310546875,-0.8310546875,-5.0723552703857422e-05,-5.0723552703857422e-05,1,2,1,2
quartic,fixed_jacobi,128,15,0.1171875,1.1278903521597385,1.1278966665267944,-0.758544921875,-0.758544921875,-4.6297907829284668e-05,-4.6297907829284668e-05,1,2,1,2
quartic,fixed_jacobi,128,16,0.125,1.136962890625,1.1369695663452148,-0.6875,-0.6875,-4.1961669921875e-05,-4.1961669921875e-05,1,2,1,2
quartic,fixed_jacobi,128,17,0.1328125,1.1460773982107639,1.1460844278335571,-0.617919921875,-0.617919921875,-3.7714838981628418e-05,-3.7714838981628418e-05,1,2,1,2
quartic,fixed_jacobi,128,18,0.140625,1.1552296280860901,1.155237004160881,-0.5498046875,-0.5498046875,-3.3557415008544922e-05,-3.3557415008544922e-05,1,2,1,2
quartic,fixed_jacobi,128,19,0.1484375,1.1644154228270054,1.1644231379032135,-0.483154296875,-0.483154296875,-2.9489398002624512e-05,-2.9489398002624512e-05,1,2,1,2
quartic,fixed_jacobi,128,20,0.15625,1.1736307144165039,1.1736387610435486,-0.41796875,-0.41796875,-2.5510787963867188e-05,-2.5510787963867188e-05,1,2,1,2
quartic,fixed_jacobi,128,21,0.1640625,1.1828715242445469,1.1828798949718475,-0.354248046875,-0.354248046875,-2.1621584892272949e-05,-2.1621584892272949e-05,1,2,1,2
quartic,fixed_jacobi,128,22,0.171875,1.1921339631080627,1.1921426504850388,-0.2919921875,-0.2919921875,-1.7821788787841797e-05,-1.7821788787841797e-05,1,2,1,2
quartic,fixed_jacobi,128,23,0.1796875,1.201414231210947,1.2014232277870178,-0.231201171875,-0.231201171875,-1.411139965057373e-05,-1.411139965057373e-05,1,2,1,2
quartic,fixed_jacobi,128,24,0.1875,1.2107086181640625,1.2107179164886475,-0.171875,-0.171875,-1.049041748046875e-05,-1.049041748046875e-05,1,2,1,2
quartic,fixed_jacobi,128,25,0.1953125,1.220013502985239,1.2200230956077576,-0.114013671875,-0.114013671875,-6.9588422775268555e-06,-6.9588422775268555e-06,1,2,1,2
quartic,fixed_jacobi,128,26,0.203125,1.2293253540992737,1.2293352335691452,-0.0576171875,-0.0576171875,-3.5166740417480469e-06,-3.5166740417480469e-06,1,2,1,2
quartic,fixed_jacobi,128,27,0.2109375,1.2386407293379307,1.2386508882045746,-0.002685546875,-0.002685546875,-1.6391277313232422e-07,-1.6391277313232422e-07,1,2,1,2
quartic,fixed_jacobi,128,28,0.21875,1.2479562759399414,1.2479667067527771,0.05078125,0.05078125,3.0994415283203125e-06,3.0994415283203125e-06,1,2,1,2
quartic,fixed_jacobi,128,29,0.2265625,1.2572687305510044,1.2572794258594513,0.102783203125,0.102783203125,6.2733888626098633e-06,6.2733888626098633e-06,1,2,1,2
quartic,fixed_jacobi,128,30,0.234375,1.2665749192237854,1.2665858715772629,0.1533203125,0.1533203125,9.3579292297363281e-06,9.3579292297363281e-06,1,2,1,2
quartic,fixed_jacobi,128,31,0.2421875,1.2758717574179173,1.2758829593658447,0.202392578125,0.202392578125,1.2353062629699707e-05,1.2353062629699707e-05,1,2,1,2
quartic,fixed_jacobi,128,32,0.25,1.28515625,1.2851676940917969,0.25,0.25,1.52587890625e-05,1.52587890625e-05,1,2,1,2
quartic,fixed_jacobi,128,33,0.2578125,1.2944254912436008,1.2944371700286865,0.296142578125,0.296142578125,1.8075108528137207e-05,1.8075108528137207e-05,1,2,1,2
quartic,fixed_jacobi,128,34,0.265625,1.3036766648292542,1.303688570857048,0.3408203125,0.3408203125,2.0802021026611328e-05,2.0802021026611328e-05,1,2,1,2
quartic,fixed_jacobi,128,35,0.2734375,1.3129070438444614,1.3129191696643829,0.384033203125,0.384033203125,2.3439526557922363e-05,2.3439526557922363e-05,1,2,1,2
quartic,fixed_jacobi,128,36,0.28125,1.3221139907836914,1.3221263289451599,0.42578125,0.42578125,2.5987625122070312e-05,2.5987625122070312e-05,1,2,1,2
quartic,fixed_jacobi,128,37,0.2890625,1.3312949575483799,1.3313075006008148,0.466064453125,0.466064453125,2.8446316719055176e-05,2.8446316719055176e-05,1,2,1,2
quartic,fixed_jacobi,128,38,0.296875,1.3404474854469299,1.3404602259397507,0.5048828125,0.5048828125,3.0815601348876953e-05,3.0815601348876953e-05,1,2,1,2
quartic,fixed_jacobi,128,39,0.3046875,1.3495692051947117,1.3495821356773376,0.542236328125,0.542236328125,3.3095479011535645e-05,3.3095479011535645e-05,1,2,1,2
quartic,fixed_jacobi,128,40,0.3125,1.3586578369140625,1.3586709499359131,0.578125,0.578125,3.528594970703125e-05,3.528594970703125e-05,1,2,1,2
quartic,fixed_jacobi,128,41,0.3203125,1.3677111901342869,1.3677244782447815,0.612548828125,0.612548828125,3.738701343536377e-05,3.738701343536377e-05,1,2,1,2
quartic,fixed_jacobi,128,42,0.328125,1.3767271637916565,1.3767406195402145,0.6455078125,0.6455078125,3.9398670196533203e-05,3.9398670196533203e-05,1,2,1,2
quartic,fixed_jacobi,128,43,0.3359375,1.3857037462294102,1.385717362165451,0.677001953125,0.677001953125,4.1320919990539551e-05,4.1320919990539551e-05,1,2,1,2
quartic,fixed_jacobi,128,44,0.34375,1.3946390151977539,1.394652783870697,0.70703125,0.70703125,4.3153762817382812e-05,4.3153762817382812e-05,1,2,1,2
quartic,fixed_jacobi,128,45,0.3515625,1.4035311378538609,1.4035450518131256,0.735595703125,0.735595703125,4.4897198677062988e-05,4.4897198677062988e-05,1,2,1,2
quartic,fixed_jacobi,128,46,0.359375,1.4123783707618713,1.4123924225568771,0.7626953125,0.7626953125,4.6551227569580078e-05,4.6551227569580078e-05,1,2,1,2
quartic,fixed_jacobi,128,47,0.3671875,1.4211790598928928,1.4211932420730591,0.788330078125,0.788330078125,4.8115849494934082e-05,4.8115849494934082e-05,1,2,1,2
quartic,fixed_jacobi,128,48,0.375,1.429931640625,1.4299459457397461,0.8125,0.8125,4.9591064453125e-05,4.9591064453125e-05,1,2,1,2
quartic,fixed_jacobi,128,49,0.3828125,1.4386346377432346,1.43864905834198,0.835205078125,0.835205078125,5.0976872444152832e-05,5.0976872444152832e-05,1,2,1,2
quartic,fixed_jacobi,128,50,0.390625,1.4472866654396057,1.4473011940717697,0.8564453125,0.8564453125,5.2273273468017578e-05,5.2273273468017578e-05,1,2,1,2
quartic,fixed_jacobi,128,51,0.3984375,1.4558864273130894,1.4559010565280914,0.876220703125,0.876220703125,5.3480267524719238e-05,5.3480267524719238e-05,1,2,1,2
quartic,fixed_jacobi,128,52,0.40625,1.4644327163696289,1.4644474387168884,0.89453125,0.89453125,5.4597854614257812e-05,5.4597854614257812e-05,1,2,1,2
quartic,fixed_jacobi,128,53,0.4140625,1.4729244150221348,1.4729392230510712,0.911376953125,0.911376953125,5.5626034736633301e-05,5.5626034736633301e-05,1,2,1,2
quartic,fixed_jacobi,128,54,0.421875,1.4813604950904846,1.4813753813505173,0.9267578125,0.9267578125,5.6564807891845703e-05,5.6564807891845703e-05,1,2,1,2
quartic,fixed_jacobi,128,55,0.4296875,1.4897400178015232,1.4897549748420715,0.940673828125,0.940673828125,5.741417407989502e-05,5.741417407989502e-05,1,2,1,2
quartic,fixed_jacobi,128,56,0.4375,1.4980621337890625,1.4980771541595459,0.953125,0.953125,5.817413330078125e-05,5.817413330078125e-05,1,2,1,2
quartic,fixed_jacobi,128,57,0.4453125,1.5063260830938816,1.5063411593437195,0.964111328125,0.964111328125,5.8844685554504395e-05,5.8844685554504395e-05,1,2,1,2
quartic,fixed_jacobi,128,58,0.453125,1.5145311951637268,1.5145463198423386,0.9736328125,0.9736328125,5.9425830841064453e-05,5.9425830841064453e-05,1,2,1,2
quartic,fixed_jacobi,128,59,0.4609375,1.5226768888533115,1.5226920545101166,0.981689453125,0.981689453125,5.9917569160461426e-05,5.9917569160461426e-05,1,2,1,2
quartic,fixed_jacobi,128,60,0.46875,1.5307626724243164,1.5307778716087341,0.98828125,0.98828125,6.0319900512695312e-05,6.0319900512695312e-05,1,2,1,2
quartic,fixed_jacobi,128,61,0.4765625,1.5387881435453892,1.538803368806839,0.993408203125,0.993408203125,6.0632824897766113e-05,6.0632824897766113e-05,1,2,1,2
quartic,fixed_jacobi,128,62,0.484375,1.5467529892921448,1.5467682331800461,0.9970703125,0.9970703125,6.0856342315673828e-05,6.0856342315673828e-05,1,2,1,2
quartic,fixed_jacobi,128,63,0.4921875,1.5546569861471653,1.5546722412109375,0.999267578125,0.999267578125,6.0990452766418457e-05,6.0990452766418457e-05,1,2,1,2
quartic,fixed_jacobi,128,64,0.5,1.5625,1.5625152587890625,1,1,6.103515625e-05,6.103515625e-05,1,2,1,2
quartic,fixed_jacobi,128,65,0.5078125,1.5702819861471653,1.5702972412109375,0.999267578125,0.999267578125,6.0990452766418457e-05,6.0990452766418457e-05,1,2,1,2
quartic,fixed_jacobi,128,66,0.515625,1.5780029892921448,1.5780182331800461,0.9970703125,0.9970703125,6.0856342315673828e-05,6.0856342315673828e-05,1,2,1,2
quartic,fixed_jacobi,128,67,0.5234375,1.5856631435453892,1.585678368806839,0.993408203125,0.993408203125,6.0632824897766113e-05,6.0632824897766113e-05,1,2,1,2
quartic,fixed_jacobi,128,68,0.53125,1.5932626724243164,1.5932778716087341,0.98828125,0.98828125,6.0319900512695312e-05,6.0319900512695312e-05,1,2,1,2
quartic,fixed_jacobi,128,69,0.5390625,1.6008018888533115,1.6008170545101166,0.981689453125,0.981689453125,5.9917569160461426e-05,5.9917569160461426e-05,1,2,1,2
quartic,fixed_jacobi,128,70,0.546875,1.6082811951637268,1.6082963198423386,0.9736328125,0.9736328125,5.9425830841064453e-05,5.9425830841064453e-05,1,2,1,2
quartic,fixed_jacobi,128,71,0.5546875,1.6157010830938816,1.6157161593437195,0.964111328125,0.964111328125,5.8844685554504395e-05,5.8844685554504395e-05,1,2,1,2
quartic,fixed_jacobi,128,72,0.5625,1.6230621337890625,1.6230771541595459,0.953125,0.953125,5.817413330078125e-05,5.817413330078125e-05,1,2,1,2
quartic,fixed_jacobi,128,73,0.5703125,1.6303650178015232,1.6303799748420715,0.940673828125,0.940673828125,5.741417407989502e-05,5.741417407989502e-05,1,2,1,2
quartic,fixed_jacobi,128,74,0.578125,1.6376104950904846,1.6376253813505173,0.9267578125,0.9267578125,5.6564807891845703e-05,5.6564807891845703e-05,1,2,1,2
quartic,fixed_jacobi,128,75,0.5859375,1.6447994150221348,1.6448142230510712,0.911376953125,0.911376953125,5.5626034736633301e-05,5.5626034736633301e-05,1,2,1,2
quartic,fixed_jacobi,128,76,0.59375,1.6519327163696289,1.6519474387168884,0.89453125,0.89453125,5.4597854614257812e-05,5.4597854614257812e-05,1,2,1,2
quartic,fixed_jacobi,128,77,0.6015625,1.6590114273130894,1.6590260565280914,0.876220703125,0.876220703125,5.3480267524719238e-05,5.3480267524719238e-05,1,2,1,2
quartic,fixed_jacobi,128,78,0.609375,1.6660366654396057,1.6660511940717697,0.8564453125,0.8564453125,5.2273273468017578e-05,5.2273273468017578e-05,1,2,1,2
quartic,fixed_jacobi,128,79,0.6171875,1.6730096377432346,1.67302405834198,0.835205078125,0.835205078125,5.0976872444152832e-05,5.0976872444152832e-05,1,2,1,2
quartic,fixed_jacobi,128,80,0.625,1.679931640625,1.6799459457397461,0.8125,0.8125,4.9591064453125e-05,4.9591064453125e-05,1,2,1,2
quartic,fixed_jacobi,128,81,0.6328125,1.6868040598928928,1.6868182420730591,0.788330078125,0.788330078125,4.8115849494934082e-05,4.8115849494934082e-05,1,2,1,2
quartic,fixed_jacobi,128,82,0.640625,1.6936283707618713,1.6936424225568771,0.7626953125,0.7626953125,4.6551227569580078e-05,4.6551227569580078e-05,1,2,1,2
quartic,fixed_jacobi,128,83,0.6484375,1.7004061378538609,1.7004200518131256,0.735595703125,0.735595703125,4.4897198677062988e-05,4.4897198677062988e-05,1,2,1,2
quartic,fixed_jacobi,128,84,0.65625,1.7071390151977539,1.707152783870697,0.70703125,0.70703125,4.3153762817382812e-05,4.3153762817382812e-05,1,2,1,2
quartic,fixed_jacobi,128,85,0.6640625,1.7138287462294102,1.713842362165451,0.677001953125,0.677001953125,4.1320919990539551e-05,4.1320919990539551e-05,1,2,1,2
quartic,fixed_jacobi,128,86,0.671875,1.7204771637916565,1.7204906195402145,0.6455078125,0.6455078125,3.9398670196533203e-05,3.9398670196533203e-05,1,2,1,2
quartic,fixed_jacobi,128,87,0.6796875,1.7270861901342869,1.7270994782447815,0.612548828125,0.612548828125,3.738701343536377e-05,3.738701343536377e-05,1,2,1,2
quartic,fixed_jacobi,128,88,0.6875,1.7336578369140625,1.7336709499359131,0.578125,0.578125,3.528594970703125e-05,3.528594970703125e-05,1,2,1,2
quartic,fixed_jacobi,128,89,0.6953125,1.7401942051947117,1.7402071356773376,0.542236328125,0.542236328125,3.3095479011535645e-05,3.3095479011535645e-05,1,2,1,2
quartic,fixed_jacobi,128,90,0.703125,1.7466974854469299,1.7467102259397507,0.5048828125,0.5048828125,3.0815601348876953e-05,3.0815601348876953e-05,1,2,1,2
quartic,fixed_jacobi,128,91,0.7109375,1.7531699575483799,1.7531825006008148,0.466064453125,0.466064453125,2.8446316719055176e-05,2.8446316719055176e-05,1,2,1,2
quartic,fixed_jacobi,128,92,0.71875,1.7596139907836914,1.7596263289451599,0.42578125,0.42578125,2.5987625122070312e-05,2.5987625122070312e-05,1,2,1,2
quartic,fixed_jacobi,128,93,0.7265625,1.7660320438444614,1.7660441696643829,0.384033203125,0.384033203125,2.3439526557922363e-05,2.3439526557922363e-05,1,2,1,2
quartic,fixed_jacobi,128,94,0.734375,1.7724266648292542,1.772438570857048,0.3408203125,0.3408203125,2.0802021026611328e-05,2.0802021026611328e-05,1,2,1,2
quartic,fixed_jacobi,128,95,0.7421875,1.7788004912436008,1.7788121700286865,0.296142578125,0.296142578125,1.8075108528137207e-05,1.8075108528137207e-05,1,2,1,2
quartic,fixed_jacobi,128,96,0.75,1.78515625,1.7851676940917969,0.25,0.25,1.52587890625e-05,1.52587890625e-05,1,2,1,2
quartic,fixed_jacobi,128,97,0.7578125,1.7914967574179173,1.7915079593658447,0.202392578125,0.202392578125,1.2353062629699707e-05,1.2353062629699707e-05,1,2,1,2
quartic,fixed_jacobi,128,98,0.765625,1.7978249192237854,1.7978358715772629,0.1533203125,0.1533203125,9.3579292297363281e-06,9.3579292297363281e-06,1,2,1,2
quartic,fixed_jacobi,128,99,0.7734375,1.8041437305510044,1.8041544258594513,0.102783203125,0.102783203125,6.2733888626098633e-06,6.2733888626098633e-06,1,2,1,2
quartic,fixed_jacobi,128,100,0.78125,1.8104562759399414,1.8104667067527771,0.05078125,0.05078125,3.0994415283203125e-06,3.0994415283203125e-06,1,2,1,2
quartic,fixed_jacobi,128,101,0.7890625,1.8167657293379307,1.8167758882045746,-0.002685546875,-0.002685546875,-1.6391277313232422e-07,-1.6391277313232422e-07,1,2,1,2
quartic,fixed_jacobi,128,102,0.796875,1.8230753540992737,1.8230852335691452,-0.0576171875,-0.0576171875,-3.5166740417480469e-06,-3.5166740417480469e-06,1,2,1,2
quartic,fixed_jacobi,128,103,0.8046875,1.829388502985239,1.8293980956077576,-0.114013671875,-0.114013671875,-6.9588422775268555e-06,-6.9588422775268555e-06,1,2,1,2
quartic,fixed_jacobi,128,104,0.8125,1.8357086181640625,1.8357179164886475,-0.171875,-0.171875,-1.049041748046875e-05,-1.049041748046875e-05,1,2,1,2
quartic,fixed_jacobi,128,105,0.8203125,1.842039231210947,1.8420482277870178,-0.231201171875,-0.231201171875,-1.411139965057373e-05,-1.411139965057373e-05,1,2,1,2
quartic,fixed_jacobi,128,106,0.828125,1.8483839631080627,1.8483926504850388,-0.2919921875,-0.2919921875,-1.7821788787841797e-05,-1.7821788787841797e-05,1,2,1,2
quartic,fixed_jacobi,128,107,0.8359375,1.8547465242445469,1.8547548949718475,-0.354248046875,-0.354248046875,-2.1621584892272949e-05,-2.1621584892272949e-05,1,2,1,2
quartic,fixed_jacobi,128,108,0.84375,1.8611307144165039,1.8611387610435486,-0.41796875,-0.41796875,-2.5510787963867188e-05,-2.5510787963867188e-05,1,2,1,2
quartic,fixed_jacobi,128,109,0.8515625,1.8675404228270054,1.8675481379032135,-0.483154296875,-0.483154296875,-2.9489398002624512e-05,-2.9489398002624512e-05,1,2,1,2
quartic,fixed_jacobi,128,110,0.859375,1.8739796280860901,1.873987004160881,-0.5498046875,-0.5498046875,-3.3557415008544922e-05,-3.3557415008544922e-05,1,2,1,2
quartic,fixed_jacobi,128,111,0.8671875,1.8804523982107639,1.8804594278335571,-0.617919921875,-0.617919921875,-3.7714838981628418e-05,-3.7714838981628418e-05,1,2,1,2
quartic,fixed_jacobi,128,112,0.875,1.886962890625,1.8869695663452148,-0.6875,-0.6875,-4.1961669921875e-05,-4.1961669921875e-05,1,2,1,2
quartic,fixed_jacobi,128,113,0.8828125,1.8935153521597385,1.8935216665267944,-0.758544921875,-0.758544921875,-4.6297907829284668e-05,-4.6297907829284668e-05,1,2,1,2
quartic,fixed_jacobi,128,114,0.890625,1.900114119052887,1.9001200646162033,-0.8310546875,-0.8310546875,-5.0723552703857422e-05,-5.0723552703857422e-05,1,2,1,2
quartic,fixed_jacobi,128,115,0.8984375,1.9067636169493198,1.906769186258316,-0.905029296875,-0.905029296875,-5.5238604545593262e-05,-5.5238604545593262e-05,1,2,1,2
quartic,fixed_jacobi,128,116,0.90625,1.9134683609008789,1.9134735465049744,-0.98046875,-0.98046875,-5.9843063354492188e-05,-5.9843063354492188e-05,1,2,1,2
quartic,fixed_jacobi,128,117,0.9140625,1.9202329553663731,1.9202377498149872,-1.057373046875,-1.057373046875,-6.4536929130554199e-05,-6.4536929130554199e-05,1,2,1,2
quartic,fixed_jacobi,128,118,0.921875,1.9270620942115784,1.9270664900541306,-1.1357421875,-1.1357421875,-6.9320201873779297e-05,-6.9320201873779297e-05,1,2,1,2
quartic,fixed_jacobi,128,119,0.9296875,1.9339605607092381,1.9339645504951477,-1.215576171875,-1.215576171875,-7.419288158416748e-05,-7.419288158416748e-05,1,2,1,2
quartic,fixed_jacobi,128,120,0.9375,1.9409332275390625,1.940936803817749,-1.296875,-1.296875,-7.915496826171875e-05,-7.915496826171875e-05,1,2,1,2
quartic,fixed_jacobi,128,121,0.9453125,1.9479850567877293,1.9479882121086121,-1.379638671875,-1.379638671875,-8.4206461906433105e-05,-8.4206461906433105e-05,1,2,1,2
quartic,fixed_jacobi,128,122,0.953125,1.9551210999488831,1.9551238268613815,-1.4638671875,-1.4638671875,-8.9347362518310547e-05,-8.9347362518310547e-05,1,2,1,2
quartic,fixed_jacobi,128,123,0.9609375,1.9623464979231358,1.9623487889766693,-1.549560546875,-1.549560546875,-9.4577670097351074e-05,-9.4577670097351074e-05,1,2,1,2
quartic,fixed_jacobi,128,124,0.96875,1.9696664810180664,1.9696683287620544,-1.63671875,-1.63671875,-9.9897384643554688e-05,-9.9897384643554688e-05,1,2,1,2
quartic,fixed_jacobi,128,125,0.9765625,1.9770863689482212,1.9770877659320831,-1.725341796875,-1.725341796875,-0.00010530650615692139,-0.00010530650615692139,1,2,1,2
quartic,fixed_jacobi,128,126,0.984375,1.9846115708351135,1.9846125096082687,-1.8154296875,-1.8154296875,-0.00011080503463745117,-0.00011080503463745117,1,2,1,2
quartic,fixed_jacobi,128,127,0.9921875,1.9922475852072239,1.9922480583190918,-1.906982421875,-1.906982421875,1.9998836070299149,1.9998836070299149,1,2,1,2
quartic,balanced_perturbation,4,1,0.25,1.28515625,1.296875,0.25,0.25,1.015625,1.015625,1,2,1,2
quartic,balanced_perturbation,4,2,0.5,1.5625,1.578125,1,1,0.0625,0.0625,1,2,1,2
quartic,balanced_perturbation,4,3,0.75,1.78515625,1.796875,0.25,0.25,2.015625,2.015625,1,2,1,2
quartic,balanced_perturbation,8,1,0.125,1.136962890625,1.138671875,-0.6875,-0.6875,0.9892578125,0.9892578125,1,2,1,2
quartic,balanced_perturbation,8,2,0.25,1.28515625,1.2880859375,0.25,0.25,0.00390625,0.00390625,1,2,1,2
quartic,balanced_perturbation,8,3,0.375,1.429931640625,1.43359375,0.8125,0.8125,0.0126953125,0.0126953125,1,2,1,2
quartic,balanced_perturbation,8,4,0.5,1.5625,1.56640625,1,1,0.015625,0.015625,1,2,1,2
quartic,balanced_perturbation,8,5,0.625,1.679931640625,1.68359375,0.8125,0.8125,0.0126953125,0.0126953125,1,2,1,2
quartic,balanced_perturbation,8,6,0.75,1.78515625,1.7880859375,0.25,0.25,0.00390625,0.00390625,1,2,1,2
quartic,balanced_perturbation,8,7,0.875,1.886962890625,1.888671875,-0.6875,-0.6875,1.9892578125,1.9892578125,1,2,1,2
quartic,balanced_perturbation,16,1,0.0625,1.0659332275390625,1.066162109375,-1.296875,-1.296875,0.99493408203125,0.99493408203125,1,2,1,2
quartic,balanced_perturbation,16,2,0.125,1.136962890625,1.13739013671875,-0.6875,-0.6875,-0.002685546875,-0.002685546875,1,2,1,2
quartic,balanced_perturbation,16,3,0.1875,1.2107086181640625,1.2113037109375,-0.171875,-0.171875,-0.00067138671875,-0.00067138671875,1,2,1,2
quartic,balanced_perturbation,16,4,0.25,1.28515625,1.285888671875,0.25,0.25,0.0009765625,0.0009765625,1,2,1,2
quartic,balanced_perturbation,16,5,0.3125,1.3586578369140625,1.3594970703125,0.578125,0.578125,0.00225830078125,0.00225830078125,1,2,1,2
quartic,balanced_perturbation,16,6,0.375,1.429931640625,1.43084716796875,0.8125,0.8125,0.003173828125,0.003173828125,1,2,1,2
quartic,balanced_perturbation,16,7,0.4375,1.4980621337890625,1.4990234375,0.953125,0.953125,0.00372314453125,0.00372314453125,1,2,1,2
quartic,balanced_perturbation,16,8,0.5,1.5625,1.5634765625,1,1,0.00390625,0.00390625,1,2,1,2
quartic,balanced_perturbation,16,9,0.5625,1.6230621337890625,1.6240234375,0.953125,0.953125,0.00372314453125,0.00372314453125,1,2,1,2
quartic,balanced_perturbation,16,10,0.625,1.679931640625,1.68084716796875,0.8125,0.8125,0.003173828125,0.003173828125,1,2,1,2
quartic,balanced_perturbation,16,11,0.6875,1.7336578369140625,1.7344970703125,0.578125,0.578125,0.00225830078125,0.00225830078125,1,2,1,2
quartic,balanced_perturbation,16,12,0.75,1.78515625,1.785888671875,0.25,0.25,0.0009765625,0.0009765625,1,2,1,2
quartic,balanced_perturbation,16,13,0.8125,1.8357086181640625,1.8363037109375,-0.171875,-0.171875,-0.00067138671875,-0.00067138671875,1,2,1,2
quartic,balanced_perturbation,16,14,0.875,1.886962890625,1.88739013671875,-0.6875,-0.6875,-0.002685546875,-0.002685546875,1,2,1,2
quartic,balanced_perturbation,16,15,0.9375,1.9409332275390625,1.941162109375,-1.296875,-1.296875,1.99493408203125,1.99493408203125,1,2,1,2
quartic,balanced_perturbation,32,1,0.03125,1.0321664810180664,1.032196044921875,-1.63671875,-1.63671875,0.99840164184570312,0.99840164184570312,1,2,1,2
quartic,balanced_perturbation,32,2,0.0625,1.0659332275390625,1.0659904479980469,-1.296875,-1.296875,-0.0012664794921875,-0.0012664794921875,1,2,1,2
quartic,balanced_perturbation,32,3,0.09375,1.1009683609008789,1.1010513305664062,-0.98046875,-0.98046875,-0.000957489013671875,-0.000957489013671875,1,2,1,2
quartic,balanced_perturbation,32,4,0.125,1.136962890625,1.1370697021484375,-0.6875,-0.6875,-0.00067138671875,-0.00067138671875,1,2,1,2
quartic,balanced_perturbation,32,5,0.15625,1.1736307144165039,1.1737594604492188,-0.41796875,-0.41796875,-0.000408172607421875,-0.000408172607421875,1,2,1,2
quartic,balanced_perturbation,32,6,0.1875,1.2107086181640625,1.2108573913574219,-0.171875,-0.171875,-0.0001678466796875,-0.0001678466796875,1,2,1,2
quartic,balanced_perturbation,32,7,0.21875,1.2479562759399414,1.2481231689453125,0.05078125,0.05078125,4.9591064453125e-05,4.9591064453125e-05,1,2,1,2
quartic,balanced_perturbation,32,8,0.25,1.28515625,1.28533935546875,0.25,0.25,0.000244140625,0.000244140625,1,2,1,2
quartic,balanced_perturbation,32,9,0.28125,1.3221139907836914,1.3223114013671875,0.42578125,0.42578125,0.000415802001953125,0.000415802001953125,1,2,1,2
quartic,balanced_perturbation,32,10,0.3125,1.3586578369140625,1.3588676452636719,0.578125,0.578125,0.0005645751953125,0.0005645751953125,1,2,1,2
quartic,balanced_perturbation,32,11,0.34375,1.3946390151977539,1.3948593139648438,0.70703125,0.70703125,0.000690460205078125,0.000690460205078125,1,2,1,2
quartic,balanced_perturbation,32,12,0.375,1.429931640625,1.4301605224609375,0.8125,0.8125,0.00079345703125,0.00079345703125,1,2,1,2
quartic,balanced_perturbation,32,13,0.40625,1.4644327163696289,1.4646682739257812,0.89453125,0.89453125,0.000873565673828125,0.000873565673828125,1,2,1,2
quartic,balanced_perturbation,32,14,0.4375,1.4980621337890625,1.4983024597167969,0.953125,0.953125,0.0009307861328125,0.0009307861328125,1,2,1,2
quartic,balanced_perturbation,32,15,0.46875,1.5307626724243164,1.531005859375,0.98828125,0.98828125,0.000965118408203125,0.000965118408203125,1,2,1,2
quartic,balanced_perturbation,32,16,0.5,1.5625,1.562744140625,1,1,0.0009765625,0.0009765625,1,2,1,2
quartic,balanced_perturbation,32,17,0.53125,1.5932626724243164,1.593505859375,0.98828125,0.98828125,0.000965118408203125,0.000965118408203125,1,2,1,2
quartic,balanced_perturbation,32,18,0.5625,1.6230621337890625,1.6233024597167969,0.953125,0.953125,0.0009307861328125,0.0009307861328125,1,2,1,2
quartic,balanced_perturbation,32,19,0.59375,1.6519327163696289,1.6521682739257812,0.89453125,0.89453125,0.000873565673828125,0.000873565673828125,1,2,1,2
quartic,balanced_perturbation,32,20,0.625,1.679931640625,1.6801605224609375,0.8125,0.8125,0.00079345703125,0.00079345703125,1,2,1,2
quartic,balanced_perturbation,32,21,0.65625,1.7071390151977539,1.7073593139648438,0.70703125,0.70703125,0.000690460205078125,0.000690460205078125,1,2,1,2
quartic,balanced_perturbation,32,22,0.6875,1.7336578369140625,1.7338676452636719,0.578125,0.578125,0.0005645751953125,0.0005645751953125,1,2,1,2
quartic,balanced_perturbation,32,23,0.71875,1.7596139907836914,1.7598114013671875,0.42578125,0.42578125,0.000415802001953125,0.000415802001953125,1,2,1,2
quartic,balanced_perturbation,32,24,0.75,1.78515625,1.78533935546875,0.25,0.25,0.000244140625,0.000244140625,1,2,1,2
quartic,balanced_perturbation,32,25,0.78125,1.8104562759399414,1.8106231689453125,0.05078125,0.05078125,4.9591064453125e-05,4.9591064453125e-05,1,2,1,2
quartic,balanced_perturbation,32,26,0.8125,1.8357086181640625,1.8358573913574219,-0.171875,-0.171875,-0.0001678466796875,-0.0001678466796875,1,2,1,2
quartic,balanced_perturbation,32,27,0.84375,1.8611307144165039,1.8612594604492188,-0.41796875,-0.41796875,-0.000408172607421875,-0.000408172607421875,1,2,1,2
quartic,balanced_perturbation,32,28,0.875,1.886962890625,1.8870697021484375,-0.6875,-0.6875,-0.00067138671875,-0.00067138671875,1,2,1,2
quartic,balanced_perturbation,32,29,0.90625,1.9134683609008789,1.9135513305664062,-0.98046875,-0.98046875,-0.000957489013671875,-0.000957489013671875,1,2,1,2
quartic,balanced_perturbation,32,30,0.9375,1.9409332275390625,1.9409904479980469,-1.296875,-1.296875,-0.0012664794921875,-0.0012664794921875,1,2,1,2
quartic,balanced_perturbation,32,31,0.96875,1.9696664810180664,1.969696044921875,-1.63671875,-1.63671875,1.9984016418457031,1.9984016418457031,1,2,1,2
quartic,balanced_perturbation,64,1,0.015625,1.0158615708351135,1.0158653259277344,-1.8154296875,-1.8154296875,0.9995567798614502,0.9995567798614502,1,2,1,2
quartic,balanced_perturbation,64,2,0.03125,1.0321664810180664,1.0321738719940186,-1.63671875,-1.63671875,-0.00039958953857421875,-0.00039958953857421875,1,2,1,2
quartic,balanced_perturbation,64,3,0.046875,1.0488710999488831,1.048882007598877,-1.4638671875,-1.4638671875,-0.00035738945007324219,-0.00035738945007324219,1,2,1,2
quartic,balanced_perturbation,64,4,0.0625,1.0659332275390625,1.0659475326538086,-1.296875,-1.296875,-0.000316619873046875,-0.000316619873046875,1,2,1,2
quartic,balanced_perturbation,64,5,0.078125,1.0833120942115784,1.0833296775817871,-1.1357421875,-1.1357421875,-0.00027728080749511719,-0.00027728080749511719,1,2,1,2
quartic,balanced_perturbation,64,6,0.09375,1.1009683609008789,1.1009891033172607,-0.98046875,-0.98046875,-0.00023937225341796875,-0.00023937225341796875,1,2,1,2
quartic,balanced_perturbation,64,7,0.109375,1.118864119052887,1.1188879013061523,-0.8310546875,-0.8310546875,-0.00020289421081542969,-0.00020289421081542969,1,2,1,2
quartic,balanced_perturbation,64,8,0.125,1.136962890625,1.1369895935058594,-0.6875,-0.6875,-0.0001678466796875,-0.0001678466796875,1,2,1,2
quartic,balanced_perturbation,64,9,0.140625,1.1552296280860901,1.1552591323852539,-0.5498046875,-0.5498046875,-0.00013422966003417969,-0.00013422966003417969,1,2,1,2
quartic,balanced_perturbation,64,10,0.15625,1.1736307144165039,1.1736629009246826,-0.41796875,-0.41796875,-0.00010204315185546875,-0.00010204315185546875,1,2,1,2
quartic,balanced_perturbation,64,11,0.171875,1.1921339631080627,1.1921687126159668,-0.2919921875,-0.2919921875,-7.1287155151367188e-05,-7.1287155151367188e-05,1,2,1,2
quartic,balanced_perturbation,64,12,0.1875,1.2107086181640625,1.2107458114624023,-0.171875,-0.171875,-4.1961669921875e-05,-4.1961669921875e-05,1,2,1,2
quartic,balanced_perturbation,64,13,0.203125,1.2293253540992737,1.2293648719787598,-0.0576171875,-0.0576171875,-1.4066696166992188e-05,-1.4066696166992188e-05,1,2,1,2
quartic,balanced_perturbation,64,14,0.21875,1.2479562759399414,1.2479979991912842,0.05078125,0.05078125,1.239776611328125e-05,1.239776611328125e-05,1,2,1,2
quartic,balanced_perturbation,64,15,0.234375,1.2665749192237854,1.2666187286376953,0.1533203125,0.1533203125,3.7431716918945312e-05,3.7431716918945312e-05,1,2,1,2
quartic,balanced_perturbation,64,16,0.25,1.28515625,1.2852020263671875,0.25,0.25,6.103515625e-05,6.103515625e-05,1,2,1,2
quartic,balanced_perturbation,64,17,0.265625,1.3036766648292542,1.3037242889404297,0.3408203125,0.3408203125,8.3208084106445312e-05,8.3208084106445312e-05,1,2,1,2
quartic,balanced_perturbation,64,18,0.28125,1.3221139907836914,1.3221633434295654,0.42578125,0.42578125,0.00010395050048828125,0.00010395050048828125,1,2,1,2
quartic,balanced_perturbation,64,19,0.296875,1.3404474854469299,1.3404984474182129,0.5048828125,0.5048828125,0.00012326240539550781,0.00012326240539550781,1,2,1,2
quartic,balanced_perturbation,64,20,0.3125,1.3586578369140625,1.3587102890014648,0.578125,0.578125,0.000141143798828125,0.000141143798828125,1,2,1,2
quartic,balanced_perturbation,64,21,0.328125,1.3767271637916565,1.3767809867858887,0.6455078125,0.6455078125,0.00015759468078613281,0.00015759468078613281,1,2,1,2
quartic,balanced_perturbation,64,22,0.34375,1.3946390151977539,1.3946940898895264,0.70703125,0.70703125,0.00017261505126953125,0.00017261505126953125,1,2,1,2
quartic,balanced_perturbation,64,23,0.359375,1.4123783707618713,1.4124345779418945,0.7626953125,0.7626953125,0.00018620491027832031,0.00018620491027832031,1,2,1,2
quartic,balanced_perturbation,64,24,0.375,1.429931640625,1.4299888610839844,0.8125,0.8125,0.0001983642578125,0.0001983642578125,1,2,1,2
quartic,balanced_perturbation,64,25,0.390625,1.4472866654396057,1.4473447799682617,0.8564453125,0.8564453125,0.00020909309387207031,0.00020909309387207031,1,2,1,2
quartic,balanced_perturbation,64,26,0.40625,1.4644327163696289,1.464491605758667,0.89453125,0.89453125,0.00021839141845703125,0.00021839141845703125,1,2,1,2
quartic,balanced_perturbation,64,27,0.421875,1.4813604950904846,1.4814200401306152,0.9267578125,0.9267578125,0.00022625923156738281,0.00022625923156738281,1,2,1,2
quartic,balanced_perturbation,64,28,0.4375,1.4980621337890625,1.4981222152709961,0.953125,0.953125,0.000232696533203125,0.000232696533203125,1,2,1,2
quartic,balanced_perturbation,64,29,0.453125,1.5145311951637268,1.5145916938781738,0.9736328125,0.9736328125,0.00023770332336425781,0.00023770332336425781,1,2,1,2
quartic,balanced_perturbation,64,30,0.46875,1.5307626724243164,1.5308234691619873,0.98828125,0.98828125,0.00024127960205078125,0.00024127960205078125,1,2,1,2
quartic,balanced_perturbation,64,31,0.484375,1.5467529892921448,1.54681396484375,0.9970703125,0.9970703125,0.00024342536926269531,0.00024342536926269531,1,2,1,2
quartic,balanced_perturbation,64,32,0.5,1.5625,1.56256103515625,1,1,0.000244140625,0.000244140625,1,2,1,2
quartic,balanced_perturbation,64,33,0.515625,1.5780029892921448,1.57806396484375,0.9970703125,0.9970703125,0.00024342536926269531,0.00024342536926269531,1,2,1,2
quartic,balanced_perturbation,64,34,0.53125,1.5932626724243164,1.5933234691619873,0.98828125,0.98828125,0.00024127960205078125,0.00024127960205078125,1,2,1,2
quartic,balanced_perturbation,64,35,0.546875,1.6082811951637268,1.6083416938781738,0.9736328125,0.9736328125,0.00023770332336425781,0.00023770332336425781,1,2,1,2
quartic,balanced_perturbation,64,36,0.5625,1.6230621337890625,1.6231222152709961,0.953125,0.953125,0.000232696533203125,0.000232696533203125,1,2,1,2
quartic,balanced_perturbation,64,37,0.578125,1.6376104950904846,1.6376700401306152,0.9267578125,0.9267578125,0.00022625923156738281,0.00022625923156738281,1,2,1,2
quartic,balanced_perturbation,64,38,0.59375,1.6519327163696289,1.651991605758667,0.89453125,0.89453125,0.00021839141845703125,0.00021839141845703125,1,2,1,2
quartic,balanced_perturbation,64,39,0.609375,1.6660366654396057,1.6660947799682617,0.8564453125,0.8564453125,0.00020909309387207031,0.00020909309387207031,1,2,1,2
quartic,balanced_perturbation,64,40,0.625,1.679931640625,1.6799888610839844,0.8125,0.8125,0.0001983642578125,0.0001983642578125,1,2,1,2
quartic,balanced_perturbation,64,41,0.640625,1.6936283707618713,1.6936845779418945,0.7626953125,0.7626953125,0.00018620491027832031,0.00018620491027832031,1,2,1,2
quartic,balanced_perturbation,64,42,0.65625,1.7071390151977539,1.7071940898895264,0.70703125,0.70703125,0.00017261505126953125,0.00017261505126953125,1,2,1,2
quartic,balanced_perturbation,64,43,0.671875,1.7204771637916565,1.7205309867858887,0.6455078125,0.6455078125,0.00015759468078613281,0.00015759468078613281,1,2,1,2
quartic,balanced_perturbation,64,44,0.6875,1.7336578369140625,1.7337102890014648,0.578125,0.578125,0.000141143798828125,0.000141143798828125,1,2,1,2
quartic,balanced_perturbation,64,45,0.703125,1.7466974854469299,1.7467484474182129,0.5048828125,0.5048828125,0.00012326240539550781,0.00012326240539550781,1,2,1,2
quartic,balanced_perturbation,64,46,0.71875,1.7596139907836914,1.7596633434295654,0.42578125,0.42578125,0.00010395050048828125,0.00010395050048828125,1,2,1,2
quartic,balanced_perturbation,64,47,0.734375,1.7724266648292542,1.7724742889404297,0.3408203125,0.3408203125,8.3208084106445312e-05,8.3208084106445312e-05,1,2,1,2
quartic,balanced_perturbation,64,48,0.75,1.78515625,1.7852020263671875,0.25,0.25,6.103515625e-05,6.103515625e-05,1,2,1,2
quartic,balanced_perturbation,64,49,0.765625,1.7978249192237854,1.7978687286376953,0.1533203125,0.1533203125,3.7431716918945312e-05,3.7431716918945312e-05,1,2,1,2
quartic,balanced_perturbation,64,50,0.78125,1.8104562759399414,1.8104979991912842,0.05078125,0.05078125,1.239776611328125e-05,1.239776611328125e-05,1,2,1,2
quartic,balanced_perturbation,64,51,0.796875,1.8230753540992737,1.8231148719787598,-0.0576171875,-0.0576171875,-1.4066696166992188e-05,-1.4066696166992188e-05,1,2,1,2
quartic,balanced_perturbation,64,52,0.8125,1.8357086181640625,1.8357458114624023,-0.171875,-0.171875,-4.1961669921875e-05,-4.1961669921875e-05,1,2,1,2
quartic,balanced_perturbation,64,53,0.828125,1.8483839631080627,1.8484187126159668,-0.2919921875,-0.2919921875,-7.1287155151367188e-05,-7.1287155151367188e-05,1,2,1,2
quartic,balanced_perturbation,64,54,0.84375,1.8611307144165039,1.8611629009246826,-0.41796875,-0.41796875,-0.00010204315185546875,-0.00010204315185546875,1,2,1,2
quartic,balanced_perturbation,64,55,0.859375,1.8739796280860901,1.8740091323852539,-0.5498046875,-0.5498046875,-0.00013422966003417969,-0.00013422966003417969,1,2,1,2
quartic,balanced_perturbation,64,56,0.875,1.886962890625,1.8869895935058594,-0.6875,-0.6875,-0.0001678466796875,-0.0001678466796875,1,2,1,2
quartic,balanced_perturbation,64,57,0.890625,1.900114119052887,1.9001379013061523,-0.8310546875,-0.8310546875,-0.00020289421081542969,-0.00020289421081542969,1,2,1,2
quartic,balanced_perturbation,64,58,0.90625,1.9134683609008789,1.9134891033172607,-0.98046875,-0.98046875,-0.00023937225341796875,-0.00023937225341796875,1,2,1,2
quartic,balanced_perturbation,64,59,0.921875,1.9270620942115784,1.9270796775817871,-1.1357421875,-1.1357421875,-0.00027728080749511719,-0.00027728080749511719,1,2,1,2
quartic,balanced_perturbation,64,60,0.9375,1.9409332275390625,1.9409475326538086,-1.296875,-1.296875,-0.000316619873046875,-0.000316619873046875,1,2,1,2
quartic,balanced_perturbation,64,61,0.953125,1.9551210999488831,1.955132007598877,-1.4638671875,-1.4638671875,-0.00035738945007324219,-0.00035738945007324219,1,2,1,2
quartic,balanced_perturbation,64,62,0.96875,1.9696664810180664,1.9696738719940186,-1.63671875,-1.63671875,-0.00039958953857421875,-0.00039958953857421875,1,2,1,2
quartic,balanced_perturbation,64,63,0.984375,1.9846115708351135,1.9846153259277344,-1.8154296875,-1.8154296875,1.9995567798614502,1.9995567798614502,1,2,1,2
quartic,balanced_perturbation,128,1,0.0078125,1.0078725852072239,1.0078730583190918,-1.906982421875,-1.906982421875,0.99988360702991486,0.99988360702991486,1,2,1,2
quartic,balanced_perturbation,128,2,0.015625,1.0158615708351135,1.0158625096082687,-1.8154296875,-1.8154296875,-0.00011080503463745117,-0.00011080503463745117,1,2,1,2
quartic,balanced_perturbation,128,3,0.0234375,1.0239613689482212,1.0239627659320831,-1.725341796875,-1.725341796875,-0.00010530650615692139,-0.00010530650615692139,1,2,1,2
quartic,balanced_perturbation,128,4,0.03125,1.0321664810180664,1.0321683287620544,-1.63671875,-1.63671875,-9.9897384643554688e-05,-9.9897384643554688e-05,1,2,1,2
quartic,balanced_perturbation,128,5,0.0390625,1.0404714979231358,1.0404737889766693,-1.549560546875,-1.549560546875,-9.4577670097351074e-05,-9.4577670097351074e-05,1,2,1,2
quartic,balanced_perturbation,128,6,0.046875,1.0488710999488831,1.0488738268613815,-1.4638671875,-1.4638671875,-8.9347362518310547e-05,-8.9347362518310547e-05,1,2,1,2
quartic,balanced_perturbation,128,7,0.0546875,1.0573600567877293,1.0573632121086121,-1.379638671875,-1.379638671875,-8.4206461906433105e-05,-8.4206461906433105e-05,1,2,1,2
quartic,balanced_perturbation,128,8,0.0625,1.0659332275390625,1.065936803817749,-1.296875,-1.296875,-7.915496826171875e-05,-7.915496826171875e-05,1,2,1,2
quartic,balanced_perturbation,128,9,0.0703125,1.0745855607092381,1.0745895504951477,-1.215576171875,-1.215576171875,-7.419288158416748e-05,-7.419288158416748e-05,1,2,1,2
quartic,balanced_perturbation,128,10,0.078125,1.0833120942115784,1.0833164900541306,-1.1357421875,-1.1357421875,-6.9320201873779297e-05,-6.9320201873779297e-05,1,2,1,2
quartic,balanced_perturbation,128,11,0.0859375,1.0921079553663731,1.0921127498149872,-1.057373046875,-1.057373046875,-6.4536929130554199e-05,-6.4536929130554199e-05,1,2,1,2
quartic,balanced_perturbation,128,12,0.09375,1.1009683609008789,1.1009735465049744,-0.98046875,-0.98046875,-5.9843063354492188e-05,-5.9843063354492188e-05,1,2,1,2
quartic,balanced_perturbation,128,13,0.1015625,1.1098886169493198,1.109894186258316,-0.905029296875,-0.905029296875,-5.5238604545593262e-05,-5.5238604545593262e-05,1,2,1,2
quartic,balanced_perturbation,128,14,0.109375,1.118864119052887,1.1188700646162033,-0.8310546875,-0.8310546875,-5.0723552703857422e-05,-5.0723552703857422e-05,1,2,1,2
quartic,balanced_perturbation,128,15,0.1171875,1.1278903521597385,1.1278966665267944,-0.758544921875,-0.758544921875,-4.6297907829284668e-05,-4.6297907829284668e-05,1,2,1,2
quartic,balanced_perturbation,128,16,0.125,1.136962890625,1.1369695663452148,-0.6875,-0.6875,-4.1961669921875e-05,-4.1961669921875e-05,1,2,1,2
quartic,balanced_perturbation,128,17,0.1328125,1.1460773982107639,1.1460844278335571,-0.617919921875,-0.617919921875,-3.7714838981628418e-05,-3.7714838981628418e-05,1,2,1,2
quartic,balanced_perturbation,128,18,0.140625,1.1552296280860901,1.155237004160881,-0.5498046875,-0.5498046875,-3.3557415008544922e-05,-3.3557415008544922e-05,1,2,1,2
quartic,balanced_perturbation,128,19,0.1484375,1.1644154228270054,1.1644231379032135,-0.483154296875,-0.483154296875,-2.9489398002624512e-05,-2.9489398002624512e-05,1,2,1,2
quartic,balanced_perturbation,128,20,0.15625,1.1736307144165039,1.1736387610435486,-0.41796875,-0.41796875,-2.5510787963867188e-05,-2.5510787963867188e-05,1,2,1,2
quartic,balanced_perturbation,128,21,0.1640625,1.1828715242445469,1.1828798949718475,-0.354248046875,-0.354248046875,-2.1621584892272949e-05,-2.1621584892272949e-05,1,2,1,2
quartic,balanced_perturbation,128,22,0.171875,1.1921339631080627,1.1921426504850388,-0.2919921875,-0.2919921875,-1.7821788787841797e-05,-1.7821788787841797e-05,1,2,1,2
quartic,balanced_perturbation,128,23,0.1796875,1.201414231210947,1.2014232277870178,-0.231201171875,-0.231201171875,-1.411139965057373e-05,-1.411139965057373e-05,1,2,1,2
quartic,balanced_perturbation,128,24,0.1875,1.2107086181640625,1.2107179164886475,-0.171875,-0.171875,-1.049041748046875e-05,-1.049041748046875e-05,1,2,1,2
quartic,balanced_perturbation,128,25,0.1953125,1.220013502985239,1.2200230956077576,-0.114013671875,-0.114013671875,-6.9588422775268555e-06,-6.9588422775268555e-06,1,2,1,2
quartic,balanced_perturbation,128,26,0.203125,1.2293253540992737,1.2293352335691452,-0.0576171875,-0.0576171875,-3.5166740417480469e-06,-3.5166740417480469e-06,1,2,1,2
quartic,balanced_perturbation,128,27,0.2109375,1.2386407293379307,1.2386508882045746,-0.002685546875,-0.002685546875,-1.6391277313232422e-07,-1.6391277313232422e-07,1,2,1,2
quartic,balanced_perturbation,128,28,0.21875,1.2479562759399414,1.2479667067527771,0.05078125,0.05078125,3.0994415283203125e-06,3.0994415283203125e-06,1,2,1,2
quartic,balanced_perturbation,128,29,0.2265625,1.2572687305510044,1.2572794258594513,0.102783203125,0.102783203125,6.2733888626098633e-06,6.2733888626098633e-06,1,2,1,2
quartic,balanced_perturbation,128,30,0.234375,1.2665749192237854,1.2665858715772629,0.1533203125,0.1533203125,9.3579292297363281e-06,9.3579292297363281e-06,1,2,1,2
quartic,balanced_perturbation,128,31,0.2421875,1.2758717574179173,1.2758829593658447,0.202392578125,0.202392578125,1.2353062629699707e-05,1.2353062629699707e-05,1,2,1,2
quartic,balanced_perturbation,128,32,0.25,1.28515625,1.2851676940917969,0.25,0.25,1.52587890625e-05,1.52587890625e-05,1,2,1,2
quartic,balanced_perturbation,128,33,0.2578125,1.2944254912436008,1.2944371700286865,0.296142578125,0.296142578125,1.8075108528137207e-05,1.8075108528137207e-05,1,2,1,2
quartic,balanced_perturbation,128,34,0.265625,1.3036766648292542,1.303688570857048,0.3408203125,0.3408203125,2.0802021026611328e-05,2.0802021026611328e-05,1,2,1,2
quartic,balanced_perturbation,128,35,0.2734375,1.3129070438444614,1.3129191696643829,0.384033203125,0.384033203125,2.3439526557922363e-05,2.3439526557922363e-05,1,2,1,2
quartic,balanced_perturbation,128,36,0.28125,1.3221139907836914,1.3221263289451599,0.42578125,0.42578125,2.5987625122070312e-05,2.5987625122070312e-05,1,2,1,2
quartic,balanced_perturbation,128,37,0.2890625,1.3312949575483799,1.3313075006008148,0.466064453125,0.466064453125,2.8446316719055176e-05,2.8446316719055176e-05,1,2,1,2
quartic,balanced_perturbation,128,38,0.296875,1.3404474854469299,1.3404602259397507,0.5048828125,0.5048828125,3.0815601348876953e-05,3.0815601348876953e-05,1,2,1,2
quartic,balanced_perturbation,128,39,0.3046875,1.3495692051947117,1.3495821356773376,0.542236328125,0.542236328125,3.3095479011535645e-05,3.3095479011535645e-05,1,2,1,2
quartic,balanced_perturbation,128,40,0.3125,1.3586578369140625,1.3586709499359131,0.578125,0.578125,3.528594970703125e-05,3.528594970703125e-05,1,2,1,2
quartic,balanced_perturbation,128,41,0.3203125,1.3677111901342869,1.3677244782447815,0.612548828125,0.612548828125,3.738701343536377e-05,3.738701343536377e-05,1,2,1,2
quartic,balanced_perturbation,128,42,0.328125,1.3767271637916565,1.3767406195402145,0.6455078125,0.6455078125,3.9398670196533203e-05,3.9398670196533203e-05,1,2,1,2
quartic,balanced_perturbation,128,43,0.3359375,1.3857037462294102,1.385717362165451,0.677001953125,0.677001953125,4.1320919990539551e-05,4.1320919990539551e-05,1,2,1,2
quartic,balanced_perturbation,128,44,0.34375,1.3946390151977539,1.394652783870697,0.70703125,0.70703125,4.3153762817382812e-05,4.3153762817382812e-05,1,2,1,2
quartic,balanced_perturbation,128,45,0.3515625,1.4035311378538609,1.4035450518131256,0.735595703125,0.735595703125,4.4897198677062988e-05,4.4897198677062988e-05,1,2,1,2
quartic,balanced_perturbation,128,46,0.359375,1.4123783707618713,1.4123924225568771,0.7626953125,0.7626953125,4.6551227569580078e-05,4.6551227569580078e-05,1,2,1,2
quartic,balanced_perturbation,128,47,0.3671875,1.4211790598928928,1.4211932420730591,0.788330078125,0.788330078125,4.8115849494934082e-05,4.8115849494934082e-05,1,2,1,2
quartic,balanced_perturbation,128,48,0.375,1.429931640625,1.4299459457397461,0.8125,0.8125,4.9591064453125e-05,4.9591064453125e-05,1,2,1,2
quartic,balanced_perturbation,128,49,0.3828125,1.4386346377432346,1.43864905834198,0.835205078125,0.835205078125,5.0976872444152832e-05,5.0976872444152832e-05,1,2,1,2
quartic,balanced_perturbation,128,50,0.390625,1.4472866654396057,1.4473011940717697,0.8564453125,0.8564453125,5.2273273468017578e-05,5.2273273468017578e-05,1,2,1,2
quartic,balanced_perturbation,128,51,0.3984375,1.4558864273130894,1.4559010565280914,0.876220703125,0.876220703125,5.3480267524719238e-05,5.3480267524719238e-05,1,2,1,2
quartic,balanced_perturbation,128,52,0.40625,1.4644327163696289,1.4644474387168884,0.89453125,0.89453125,5.4597854614257812e-05,5.4597854614257812e-05,1,2,1,2
quartic,balanced_perturbation,128,53,0.4140625,1.4729244150221348,1.4729392230510712,0.911376953125,0.911376953125,5.5626034736633301e-05,5.5626034736633301e-05,1,2,1,2
quartic,balanced_perturbation,128,54,0.421875,1.4813604950904846,1.4813753813505173,0.9267578125,0.9267578125,5.6564807891845703e-05,5.6564807891845703e-05,1,2,1,2
quartic,balanced_perturbation,128,55,0.4296875,1.4897400178015232,1.4897549748420715,0.940673828125,0.940673828125,5.741417407989502e-05,5.741417407989502e-05,1,2,1,2
quartic,balanced_perturbation,128,56,0.4375,1.4980621337890625,1.4980771541595459,0.953125,0.953125,5.817413330078125e-05,5.817413330078125e-05,1,2,1,2
quartic,balanced_perturbation,128,57,0.4453125,1.5063260830938816,1.5063411593437195,0.964111328125,0.964111328125,5.8844685554504395e-05,5.8844685554504395e-05,1,2,1,2
quartic,balanced_perturbation,128,58,0.453125,1.5145311951637268,1.5145463198423386,0.9736328125,0.9736328125,5.9425830841064453e-05,5.9425830841064453e-05,1,2,1,2
quartic,balanced_perturbation,128,59,0.4609375,1.5226768888533115,1.5226920545101166,0.981689453125,0.981689453125,5.9917569160461426e-05,5.9917569160461426e-05,1,2,1,2
quartic,balanced_perturbation,128,60,0.46875,1.5307626724243164,1.5307778716087341,0.98828125,0.98828125,6.0319900512695312e-05,6.0319900512695312e-05,1,2,1,2
quartic,balanced_perturbation,128,61,0.4765625,1.5387881435453892,1.538803368806839,0.993408203125,0.993408203125,6.0632824897766113e-05,6.0632824897766113e-05,1,2,1,2
quartic,balanced_perturbation,128,62,0.484375,1.5467529892921448,1.5467682331800461,0.9970703125,0.9970703125,6.0856342315673828e-05,6.0856342315673828e-05,1,2,1,2
quartic,balanced_perturbation,128,63,0.4921875,1.5546569861471653,1.5546722412109375,0.999267578125,0.999267578125,6.0990452766418457e-05,6.0990452766418457e-05,1,2,1,2
quartic,balanced_perturbation,128,64,0.5,1.5625,1.5625152587890625,1,1,6.103515625e-05,6.103515625e-05,1,2,1,2
quartic,balanced_perturbation,128,65,0.5078125,1.5702819861471653,1.5702972412109375,0.999267578125,0.999267578125,6.0990452766418457e-05,6.0990452766418457e-05,1,2,1,2
quartic,balanced_perturbation,128,66,0.515625,1.5780029892921448,1.5780182331800461,0.9970703125,0.9970703125,6.0856342315673828e-05,6.0856342315673828e-05,1,2,1,2
quartic,balanced_perturbation,128,67,0.5234375,1.5856631435453892,1.585678368806839,0.993408203125,0.993408203125,6.0632824897766113e-05,6.0632824897766113e-05,1,2,1,2
quartic,balanced_perturbation,128,68,0.53125,1.5932626724243164,1.5932778716087341,0.98828125,0.98828125,6.0319900512695312e-05,6.0319900512695312e-05,1,2,1,2
quartic,balanced_perturbation,128,69,0.5390625,1.6008018888533115,1.6008170545101166,0.981689453125,0.981689453125,5.9917569160461426e-05,5.9917569160461426e-05,1,2,1,2
quartic,balanced_perturbation,128,70,0.546875,1.6082811951637268,1.6082963198423386,0.9736328125,0.9736328125,5.9425830841064453e-05,5.9425830841064453e-05,1,2,1,2
quartic,balanced_perturbation,128,71,0.5546875,1.6157010830938816,1.6157161593437195,0.964111328125,0.964111328125,5.8844685554504395e-05,5.8844685554504395e-05,1,2,1,2
quartic,balanced_perturbation,128,72,0.5625,1.6230621337890625,1.6230771541595459,0.953125,0.953125,5.817413330078125e-05,5.817413330078125e-05,1,2,1,2
quartic,balanced_perturbation,128,73,0.5703125,1.6303650178015232,1.6303799748420715,0.940673828125,0.940673828125,5.741417407989502e-05,5.741417407989502e-05,1,2,1,2
quartic,balanced_perturbation,128,74,0.578125,1.6376104950904846,1.6376253813505173,0.9267578125,0.9267578125,5.6564807891845703e-05,5.6564807891845703e-05,1,2,1,2
quartic,balanced_perturbation,128,75,0.5859375,1.6447994150221348,1.6448142230510712,0.911376953125,0.911376953125,5.5626034736633301e-05,5.5626034736633301e-05,1,2,1,2
quartic,balanced_perturbation,128,76,0.59375,1.6519327163696289,1.6519474387168884,0.89453125,0.89453125,5.4597854614257812e-05,5.4597854614257812e-05,1,2,1,2
quartic,balanced_perturbation,128,77,0.6015625,1.6590114273130894,1.6590260565280914,0.876220703125,0.876220703125,5.3480267524719238e-05,5.3480267524719238e-05,1,2,1,2
quartic,balanced_perturbation,128,78,0.609375,1.6660366654396057,1.6660511940717697,0.8564453125,0.8564453125,5.2273273468017578e-05,5.2273273468017578e-05,1,2,1,2
quartic,balanced_perturbation,128,79,0.6171875,1.6730096377432346,1.67302405834198,0.835205078125,0.835205078125,5.0976872444152832e-05,5.0976872444152832e-05,1,2,1,2
quartic,balanced_perturbation,128,80,0.625,1.679931640625,1.6799459457397461,0.8125,0.8125,4.9591064453125e-05,4.9591064453125e-05,1,2,1,2
quartic,balanced_perturbation,128,81,0.6328125,1.6868040598928928,1.6868182420730591,0.788330078125,0.788330078125,4.8115849494934082e-05,4.8115849494934082e-05,1,2,1,2
quartic,balanced_perturbation,128,82,0.640625,1.6936283707618713,1.6936424225568771,0.7626953125,0.7626953125,4.6551227569580078e-05,4.6551227569580078e-05,1,2,1,2
quartic,balanced_perturbation,128,83,0.6484375,1.7004061378538609,1.7004200518131256,0.735595703125,0.735595703125,4.4897198677062988e-05,4.4897198677062988e-05,1,2,1,2
quartic,balanced_perturbation,128,84,0.65625,1.7071390151977539,1.707152783870697,0.70703125,0.70703125,4.3153762817382812e-05,4.3153762817382812e-05,1,2,1,2
quartic,balanced_perturbation,128,85,0.6640625,1.7138287462294102,1.713842362165451,0.677001953125,0.677001953125,4.1320919990539551e-05,4.1320919990539551e-05,1,2,1,2
quartic,balanced_perturbation,128,86,0.671875,1.7204771637916565,1.7204906195402145,0.6455078125,0.6455078125,3.9398670196533203e-05,3.9398670196533203e-05,1,2,1,2
quartic,balanced_perturbation,128,87,0.6796875,1.7270861901342869,1.7270994782447815,0.612548828125,0.612548828125,3.738701343536377e-05,3.738701343536377e-05,1,2,1,2
quartic,balanced_perturbation,128,88,0.6875,1.7336578369140625,1.7336709499359131,0.578125,0.578125,3.528594970703125e-05,3.528594970703125e-05,1,2,1,2
quartic,balanced_perturbation,128,89,0.6953125,1.7401942051947117,1.7402071356773376,0.542236328125,0.542236328125,3.3095479011535645e-05,3.3095479011535645e-05,1,2,1,2
quartic,balanced_perturbation,128,90,0.703125,1.7466974854469299,1.7467102259397507,0.5048828125,0.5048828125,3.0815601348876953e-05,3.0815601348876953e-05,1,2,1,2
quartic,balanced_perturbation,128,91,0.7109375,1.7531699575483799,1.7531825006008148,0.466064453125,0.466064453125,2.8446316719055176e-05,2.8446316719055176e-05,1,2,1,2
quartic,balanced_perturbation,128,92,0.71875,1.7596139907836914,1.7596263289451599,0.42578125,0.42578125,2.5987625122070312e-05,2.5987625122070312e-05,1,2,1,2
quartic,balanced_perturbation,128,93,0.7265625,1.7660320438444614,1.7660441696643829,0.384033203125,0.384033203125,2.3439526557922363e-05,2.3439526557922363e-05,1,2,1,2
quartic,balanced_perturbation,128,94,0.734375,1.7724266648292542,1.772438570857048,0.3408203125,0.3408203125,2.0802021026611328e-05,2.0802021026611328e-05,1,2,1,2
quartic,balanced_perturbation,128,95,0.7421875,1.7788004912436008,1.7788121700286865,0.296142578125,0.296142578125,1.8075108528137207e-05,1.8075108528137207e-05,1,2,1,2
quartic,balanced_perturbation,128,96,0.75,1.78515625,1.7851676940917969,0.25,0.25,1.52587890625e-05,1.52587890625e-05,1,2,1,2
quartic,balanced_perturbation,128,97,0.7578125,1.7914967574179173,1.7915079593658447,0.202392578125,0.202392578125,1.2353062629699707e-05,1.2353062629699707e-05,1,2,1,2
quartic,balanced_perturbation,128,98,0.765625,1.7978249192237854,1.7978358715772629,0.1533203125,0.1533203125,9.3579292297363281e-06,9.3579292297363281e-06,1,2,1,2
quartic,balanced_perturbation,128,99,0.7734375,1.8041437305510044,1.8041544258594513,0.102783203125,0.102783203125,6.2733888626098633e-06,6.2733888626098633e-06,1,2,1,2
quartic,balanced_perturbation,128,100,0.78125,1.8104562759399414,1.8104667067527771,0.05078125,0.05078125,3.0994415283203125e-06,3.0994415283203125e-06,1,2,1,2
quartic,balanced_perturbation,128,101,0.7890625,1.8167657293379307,1.8167758882045746,-0.002685546875,-0.002685546875,-1.6391277313232422e-07,-1.6391277313232422e-07,1,2,1,2
quartic,balanced_perturbation,128,102,0.796875,1.8230753540992737,1.8230852335691452,-0.0576171875,-0.0576171875,-3.5166740417480469e-06,-3.5166740417480469e-06,1,2,1,2
quartic,balanced_perturbation,128,103,0.8046875,1.829388502985239,1.8293980956077576,-0.114013671875,-0.114013671875,-6.9588422775268555e-06,-6.9588422775268555e-06,1,2,1,2
quartic,balanced_perturbation,128,104,0.8125,1.8357086181640625,1.8357179164886475,-0.171875,-0.171875,-1.049041748046875e-05,-1.049041748046875e-05,1,2,1,2
quartic,balanced_perturbation,128,105,0.8203125,1.842039231210947,1.8420482277870178,-0.231201171875,-0.231201171875,-1.411139965057373e-05,-1.411139965057373e-05,1,2,1,2
quartic,balanced_perturbation,128,106,0.828125,1.8483839631080627,1.8483926504850388,-0.2919921875,-0.2919921875,-1.7821788787841797e-05,-1.7821788787841797e-05,1,2,1,2
quartic,balanced_perturbation,128,107,0.8359375,1.8547465242445469,1.8547548949718475,-0.354248046875,-0.354248046875,-2.1621584892272949e-05,-2.1621584892272949e-05,1,2,1,2
quartic,balanced_perturbation,128,108,0.84375,1.8611307144165039,1.8611387610435486,-0.41796875,-0.41796875,-2.5510787963867188e-05,-2.5510787963867188e-05,1,2,1,2
quartic,balanced_perturbation,128,109,0.8515625,1.8675404228270054,1.8675481379032135,-0.483154296875,-0.483154296875,-2.9489398002624512e-05,-2.9489398002624512e-05,1,2,1,2
quartic,balanced_perturbation,128,110,0.859375,1.8739796280860901,1.873987004160881,-0.5498046875,-0.5498046875,-3.3557415008544922e-05,-3.3557415008544922e-05,1,2,1,2
quartic,balanced_perturbation,128,111,0.8671875,1.8804523982107639,1.8804594278335571,-0.617919921875,-0.617919921875,-3.7714838981628418e-05,-3.7714838981628418e-05,1,2,1,2
quartic,balanced_perturbation,128,112,0.875,1.886962890625,1.8869695663452148,-0.6875,-0.6875,-4.1961669921875e-05,-4.1961669921875e-05,1,2,1,2
quartic,balanced_perturbation,128,113,0.8828125,1.8935153521597385,1.8935216665267944,-0.758544921875,-0.758544921875,-4.6297907829284668e-05,-4.6297907829284668e-05,1,2,1,2
quartic,balanced_perturbation,128,114,0.890625,1.900114119052887,1.9001200646162033,-0.8310546875,-0.8310546875,-5.0723552703857422e-05,-5.0723552703857422e-05,1,2,1,2
quartic,balanced_perturbation,128,115,0.8984375,1.9067636169493198,1.906769186258316,-0.905029296875,-0.905029296875,-5.5238604545593262e-05,-5.5238604545593262e-05,1,2,1,2
quartic,balanced_perturbation,128,116,0.90625,1.9134683609008789,1.9134735465049744,-0.98046875,-0.98046875,-5.9843063354492188e-05,-5.9843063354492188e-05,1,2,1,2
quartic,balanced_perturbation,128,117,0.9140625,1.9202329553663731,1.9202377498149872,-1.057373046875,-1.057373046875,-6.4536929130554199e-05,-6.4536929130554199e-05,1,2,1,2
quartic,balanced_perturbation,128,118,0.921875,1.9270620942115784,1.9270664900541306,-1.1357421875,-1.1357421875,-6.9320201873779297e-05,-6.9320201873779297e-05,1,2,1,2
quartic,balanced_perturbation,128,119,0.9296875,1.9339605607092381,1.9339645504951477,-1.215576171875,-1.215576171875,-7.419288158416748e-05,-7.419288158416748e-05,1,2,1,2
quartic,balanced_perturbation,128,120,0.9375,1.9409332275390625,1.940936803817749,-1.296875,-1.296875,-7.915496826171875e-05,-7.915496826171875e-05,1,2,1,2
quartic,balanced_perturbation,128,121,0.9453125,1.9479850567877293,1.9479882121086121,-1.379638671875,-1.379638671875,-8.4206461906433105e-05,-8.4206461906433105e-05,1,2,1,2
quartic,balanced_perturbation,128,122,0.953125,1.9551210999488831,1.9551238268613815,-1.4638671875,-1.4638671875,-8.9347362518310547e-05,-8.9347362518310547e-05,1,2,1,2
quartic,balanced_perturbation,128,123,0.9609375,1.9623464979231358,1.9623487889766693,-1.549560546875,-1.549560546875,-9.4577670097351074e-05,-9.4577670097351074e-05,1,2,1,2
quartic,balanced_perturbation,128,124,0.96875,1.9696664810180664,1.9696683287620544,-1.63671875,-1.63671875,-9.9897384643554688e-05,-9.9897384643554688e-05,1,2,1,2
quartic,balanced_perturbation,128,125,0.9765625,1.9770863689482212,1.9770877659320831,-1.725341796875,-1.725341796875,-0.00010530650615692139,-0.00010530650615692139,1,2,1,2
quartic,balanced_perturbation,128,126,0.984375,1.9846115708351135,1.9846125096082687,-1.8154296875,-1.8154296875,-0.00011080503463745117,-0.00011080503463745117,1,2,1,2
quartic,balanced_perturbation,128,127,0.9921875,1.9922475852072239,1.9922480583190918,-1.906982421875,-1.906982421875,1.9998836070299149,1.9998836070299149,1,2,1,2
