node_id,x,y
0,-1.0,-1.0
1,-0.984375,-1.0
2,-0.96875,-1.0
3,-0.953125,-1.0
4,-0.9375,-1.0
5,-0.921875,-1.0
6,-0.90625,-1.0
7,-0.890625,-1.0
8,-0.875,-1.0
9,-0.859375,-1.0
10,-0.84375,-1.0
11,-0.828125,-1.0
12,-0.8125,-1.0
13,-0.796875,-1.0
14,-0.78125,-1.0
15,-0.765625,-1.0
16,-0.75,-1.0
17,-0.734375,-1.0
18,-0.71875,-1.0
19,-0.703125,-1.0
20,-0.6875,-1.0
21,-0.671875,-1.0
22,-0.65625,-1.0
23,-0.640625,-1.0
24,-0.625,-1.0
25,-0.609375,-1.0
26,-0.59375,-1.0
27,-0.578125,-1.0
28,-0.5625,-1.0
29,-0.546875,-1.0
30,-0.53125,-1.0
31,-0.515625,-1.0
32,-0.5,-1.0
33,-0.484375,-1.0
34,-0.46875,-1.0
35,-0.453125,-1.0
36,-0.4375,-1.0
37,-0.421875,-1.0
38,-0.40625,-1.0
39,-0.390625,-1.0
40,-0.375,-1.0
41,-0.359375,-1.0
42,-0.34375,-1.0
43,-0.328125,-1.0
44,-0.3125,-1.0
45,-0.296875,-1.0
46,-0.28125,-1.0
47,-0.265625,-1.0
48,-0.25,-1.0
49,-0.234375,-1.0
50,-0.21875,-1.0
51,-0.203125,-1.0
52,-0.1875,-1.0
53,-0.171875,-1.0
54,-0.15625,-1.0
55,-0.140625,-1.0
56,-0.125,-1.0
57,-0.109375,-1.0
58,-0.09375,-1.0
59,-0.078125,-1.0
60,-0.0625,-1.0
61,-0.046875,-1.0
62,-0.03125,-1.0
63,-0.015625,-1.0
64,0.0,-1.0
65,-1.0,-0.984375
66,-0.984375,-0.984375
67,-0.96875,-0.984375
68,-0.953125,-0.984375
69,-0.9375,-0.984375
70,-0.921875,-0.984375
71,-0.90625,-0.984375
72,-0.890625,-0.984375
73,-0.875,-0.984375
74,-0.859375,-0.984375
75,-0.84375,-0.984375
76,-0.828125,-0.984375
77,-0.8125,-0.984375
78,-0.796875,-0.984375
79,-0.78125,-0.984375
80,-0.765625,-0.984375
81,-0.75,-0.984375
82,-0.734375,-0.984375
83,-0.71875,-0.984375
84,-0.703125,-0.984375
85,-0.6875,-0.984375
86,-0.671875,-0.984375
87,-0.65625,-0.984375
88,-0.640625,-0.984375
89,-0.625,-0.984375
90,-0.609375,-0.984375
91,-0.59375,-0.984375
92,-0.578125,-0.984375
93,-0.5625,-0.984375
94,-0.546875,-0.984375
95,-0.53125,-0.984375
96,-0.515625,-0.984375
97,-0.5,-0.984375
98,-0.484375,-0.984375
99,-0.46875,-0.984375
100,-0.453125,-0.984375
101,-0.4375,-0.984375
102,-0.421875,-0.984375
103,-0.40625,-0.984375
104,-0.390625,-0.984375
105,-0.375,-0.984375
106,-0.359375,-0.984375
107,-0.34375,-0.984375
108,-0.328125,-0.984375
109,-0.3125,-0.984375
110,-0.296875,-0.984375
111,-0.28125,-0.984375
112,-0.265625,-0.984375
113,-0.25,-0.984375
114,-0.234375,-0.984375
115,-0.21875,-0.984375
116,-0.203125,-0.984375
117,-0.1875,-0.984375
118,-0.171875,-0.984375
119,-0.15625,-0.984375
120,-0.140625,-0.984375
121,-0.125,-0.984375
122,-0.109375,-0.984375
123,-0.09375,-0.984375
124,-0.078125,-0.984375
125,-0.0625,-0.984375
126,-0.046875,-0.984375
127,-0.03125,-0.984375
128,-0.015625,-0.984375
129,0.0,-0.984375
130,-1.0,-0.96875
131,-0.984375,-0.96875
132,-0.96875,-0.96875
133,-0.953125,-0.96875
134,-0.9375,-0.96875
135,-0.921875,-0.96875
136,-0.90625,-0.96875
137,-0.890625,-0.96875
138,-0.875,-0.96875
139,-0.859375,-0.96875
140,-0.84375,-0.96875
141,-0.828125,-0.96875
142,-0.8125,-0.96875
143,-0.796875,-0.96875
144,-0.78125,-0.96875
145,-0.765625,-0.96875
146,-0.75,-0.96875
147,-0.734375,-0.96875
148,-0.71875,-0.96875
149,-0.703125,-0.96875
150,-0.6875,-0.96875
151,-0.671875,-0.96875
152,-0.65625,-0.96875
153,-0.640625,-0.96875
154,-0.625,-0.96875
155,-0.609375,-0.96875
156,-0.59375,-0.96875
157,-0.578125,-0.96875
158,-0.5625,-0.96875
159,-0.546875,-0.96875
160,-0.53125,-0.96875
161,-0.515625,-0.96875
162,-0.5,-0.96875
163,-0.484375,-0.96875
164,-0.46875,-0.96875
165,-0.453125,-0.96875
166,-0.4375,-0.96875
167,-0.421875,-0.96875
168,-0.40625,-0.96875
169,-0.390625,-0.96875
170,-0.375,-0.96875
171,-0.359375,-0.96875
172,-0.34375,-0.96875
173,-0.328125,-0.96875
174,-0.3125,-0.96875
175,-0.296875,-0.96875
176,-0.28125,-0.96875
177,-0.265625,-0.96875
178,-0.25,-0.96875
179,-0.234375,-0.96875
180,-0.21875,-0.96875
181,-0.203125,-0.96875
182,-0.1875,-0.96875
183,-0.171875,-0.96875
184,-0.15625,-0.96875
185,-0.140625,-0.96875
186,-0.125,-0.96875
187,-0.109375,-0.96875
188,-0.09375,-0.96875
189,-0.078125,-0.96875
190,-0.0625,-0.96875
191,-0.046875,-0.96875
192,-0.03125,-0.96875
193,-0.015625,-0.96875
194,0.0,-0.96875
195,-1.0,-0.953125
196,-0.984375,-0.953125
197,-0.96875,-0.953125
198,-0.953125,-0.953125
199,-0.9375,-0.953125
200,-0.921875,-0.953125
201,-0.90625,-0.953125
202,-0.890625,-0.953125
203,-0.875,-0.953125
204,-0.859375,-0.953125
205,-0.84375,-0.953125
206,-0.828125,-0.953125
207,-0.8125,-0.953125
208,-0.796875,-0.953125
209,-0.78125,-0.953125
210,-0.765625,-0.953125
211,-0.75,-0.953125
212,-0.734375,-0.953125
213,-0.71875,-0.953125
214,-0.703125,-0.953125
215,-0.6875,-0.953125
216,-0.671875,-0.953125
217,-0.65625,-0.953125
218,-0.640625,-0.953125
219,-0.625,-0.953125
220,-0.609375,-0.953125
221,-0.59375,-0.953125
222,-0.578125,-0.953125
223,-0.5625,-0.953125
224,-0.546875,-0.953125
225,-0.53125,-0.953125
226,-0.515625,-0.953125
227,-0.5,-0.953125
228,-0.484375,-0.953125
229,-0.46875,-0.953125
230,-0.453125,-0.953125
231,-0.4375,-0.953125
232,-0.421875,-0.953125
233,-0.40625,-0.953125
234,-0.390625,-0.953125
235,-0.375,-0.953125
236,-0.359375,-0.953125
237,-0.34375,-0.953125
238,-0.328125,-0.953125
239,-0.3125,-0.953125
240,-0.296875,-0.953125
241,-0.28125,-0.953125
242,-0.265625,-0.953125
243,-0.25,-0.953125
244,-0.234375,-0.953125
245,-0.21875,-0.953125
246,-0.203125,-0.953125
247,-0.1875,-0.953125
248,-0.171875,-0.953125
249,-0.15625,-0.953125
250,-0.140625,-0.953125
251,-0.125,-0.953125
252,-0.109375,-0.953125
253,-0.09375,-0.953125
254,-0.078125,-0.953125
255,-0.0625,-0.953125
256,-0.046875,-0.953125
257,-0.03125,-0.953125
258,-0.015625,-0.953125
259,0.0,-0.953125
260,-1.0,-0.9375
261,-0.984375,-0.9375
262,-0.96875,-0.9375
263,-0.953125,-0.9375
264,-0.9375,-0.9375
265,-0.921875,-0.9375
266,-0.90625,-0.9375
267,-0.890625,-0.9375
268,-0.875,-0.9375
269,-0.859375,-0.9375
270,-0.84375,-0.9375
271,-0.828125,-0.9375
272,-0.8125,-0.9375
273,-0.796875,-0.9375
274,-0.78125,-0.9375
275,-0.765625,-0.9375
276,-0.75,-0.9375
277,-0.734375,-0.9375
278,-0.71875,-0.9375
279,-0.703125,-0.9375
280,-0.6875,-0.9375
281,-0.671875,-0.9375
282,-0.65625,-0.9375
283,-0.640625,-0.9375
284,-0.625,-0.9375
285,-0.609375,-0.9375
286,-0.59375,-0.9375
287,-0.578125,-0.9375
288,-0.5625,-0.9375
289,-0.546875,-0.9375
290,-0.53125,-0.9375
291,-0.515625,-0.9375
292,-0.5,-0.9375
293,-0.484375,-0.9375
294,-0.46875,-0.9375
295,-0.453125,-0.9375
296,-0.4375,-0.9375
297,-0.421875,-0.9375
298,-0.40625,-0.9375
299,-0.390625,-0.9375
300,-0.375,-0.9375
301,-0.359375,-0.9375
302,-0.34375,-0.9375
303,-0.328125,-0.9375
304,-0.3125,-0.9375
305,-0.296875,-0.9375
306,-0.28125,-0.9375
307,-0.265625,-0.9375
308,-0.25,-0.9375
309,-0.234375,-0.9375
310,-0.21875,-0.9375
311,-0.203125,-0.9375
312,-0.1875,-0.9375
313,-0.171875,-0.9375
314,-0.15625,-0.9375
315,-0.140625,-0.9375
316,-0.125,-0.9375
317,-0.109375,-0.9375
318,-0.09375,-0.9375
319,-0.078125,-0.9375
320,-0.0625,-0.9375
321,-0.046875,-0.9375
322,-0.03125,-0.9375
323,-0.015625,-0.9375
324,0.0,-0.9375
325,-1.0,-0.921875
326,-0.984375,-0.921875
327,-0.96875,-0.921875
328,-0.953125,-0.921875
329,-0.9375,-0.921875
330,-0.921875,-0.921875
331,-0.90625,-0.921875
332,-0.890625,-0.921875
333,-0.875,-0.921875
334,-0.859375,-0.921875
335,-0.84375,-0.921875
336,-0.828125,-0.921875
337,-0.8125,-0.921875
338,-0.796875,-0.921875
339,-0.78125,-0.921875
340,-0.765625,-0.921875
341,-0.75,-0.921875
342,-0.734375,-0.921875
343,-0.71875,-0.921875
344,-0.703125,-0.921875
345,-0.6875,-0.921875
346,-0.671875,-0.921875
347,-0.65625,-0.921875
348,-0.640625,-0.921875
349,-0.625,-0.921875
350,-0.609375,-0.921875
351,-0.59375,-0.921875
352,-0.578125,-0.921875
353,-0.5625,-0.921875
354,-0.546875,-0.921875
355,-0.53125,-0.921875
356,-0.515625,-0.921875
357,-0.5,-0.921875
358,-0.484375,-0.921875
359,-0.46875,-0.921875
360,-0.453125,-0.921875
361,-0.4375,-0.921875
362,-0.421875,-0.921875
363,-0.40625,-0.921875
364,-0.390625,-0.921875
365,-0.375,-0.921875
366,-0.359375,-0.921875
367,-0.34375,-0.921875
368,-0.328125,-0.921875
369,-0.3125,-0.921875
370,-0.296875,-0.921875
371,-0.28125,-0.921875
372,-0.265625,-0.921875
373,-0.25,-0.921875
374,-0.234375,-0.921875
375,-0.21875,-0.921875
376,-0.203125,-0.921875
377,-0.1875,-0.921875
378,-0.171875,-0.921875
379,-0.15625,-0.921875
380,-0.140625,-0.921875
381,-0.125,-0.921875
382,-0.109375,-0.921875
383,-0.09375,-0.921875
384,-0.078125,-0.921875
385,-0.0625,-0.921875
386,-0.046875,-0.921875
387,-0.03125,-0.921875
388,-0.015625,-0.921875
389,0.0,-0.921875
390,-1.0,-0.90625
391,-0.984375,-0.90625
392,-0.96875,-0.90625
393,-0.953125,-0.90625
394,-0.9375,-0.90625
395,-0.921875,-0.90625
396,-0.90625,-0.90625
397,-0.890625,-0.90625
398,-0.875,-0.90625
399,-0.859375,-0.90625
400,-0.84375,-0.90625
401,-0.828125,-0.90625
402,-0.8125,-0.90625
403,-0.796875,-0.90625
404,-0.78125,-0.90625
405,-0.765625,-0.90625
406,-0.75,-0.90625
407,-0.734375,-0.90625
408,-0.71875,-0.90625
409,-0.703125,-0.90625
410,-0.6875,-0.90625
411,-0.671875,-0.90625
412,-0.65625,-0.90625
413,-0.640625,-0.90625
414,-0.625,-0.90625
415,-0.609375,-0.90625
416,-0.59375,-0.90625
417,-0.578125,-0.90625
418,-0.5625,-0.90625
419,-0.546875,-0.90625
420,-0.53125,-0.90625
421,-0.515625,-0.90625
422,-0.5,-0.90625
423,-0.484375,-0.90625
424,-0.46875,-0.90625
425,-0.453125,-0.90625
426,-0.4375,-0.90625
427,-0.421875,-0.90625
428,-0.40625,-0.90625
429,-0.390625,-0.90625
430,-0.375,-0.90625
431,-0.359375,-0.90625
432,-0.34375,-0.90625
433,-0.328125,-0.90625
434,-0.3125,-0.90625
435,-0.296875,-0.90625
436,-0.28125,-0.90625
437,-0.265625,-0.90625
438,-0.25,-0.90625
439,-0.234375,-0.90625
440,-0.21875,-0.90625
441,-0.203125,-0.90625
442,-0.1875,-0.90625
443,-0.171875,-0.90625
444,-0.15625,-0.90625
445,-0.140625,-0.90625
446,-0.125,-0.90625
447,-0.109375,-0.90625
448,-0.09375,-0.90625
449,-0.078125,-0.90625
450,-0.0625,-0.90625
451,-0.046875,-0.90625
452,-0.03125,-0.90625
453,-0.015625,-0.90625
454,0.0,-0.90625
455,-1.0,-0.890625
456,-0.984375,-0.890625
457,-0.96875,-0.890625
458,-0.953125,-0.890625
459,-0.9375,-0.890625
460,-0.921875,-0.890625
461,-0.90625,-0.890625
462,-0.890625,-0.890625
463,-0.875,-0.890625
464,-0.859375,-0.890625
465,-0.84375,-0.890625
466,-0.828125,-0.890625
467,-0.8125,-0.890625
468,-0.796875,-0.890625
469,-0.78125,-0.890625
470,-0.765625,-0.890625
471,-0.75,-0.890625
472,-0.734375,-0.890625
473,-0.71875,-0.890625
474,-0.703125,-0.890625
475,-0.6875,-0.890625
476,-0.671875,-0.890625
477,-0.65625,-0.890625
478,-0.640625,-0.890625
479,-0.625,-0.890625
480,-0.609375,-0.890625
481,-0.59375,-0.890625
482,-0.578125,-0.890625
483,-0.5625,-0.890625
484,-0.546875,-0.890625
485,-0.53125,-0.890625
486,-0.515625,-0.890625
487,-0.5,-0.890625
488,-0.484375,-0.890625
489,-0.46875,-0.890625
490,-0.453125,-0.890625
491,-0.4375,-0.890625
492,-0.421875,-0.890625
493,-0.40625,-0.890625
494,-0.390625,-0.890625
495,-0.375,-0.890625
496,-0.359375,-0.890625
497,-0.34375,-0.890625
498,-0.328125,-0.890625
499,-0.3125,-0.890625
500,-0.296875,-0.890625
501,-0.28125,-0.890625
502,-0.265625,-0.890625
503,-0.25,-0.890625
504,-0.234375,-0.890625
505,-0.21875,-0.890625
506,-0.203125,-0.890625
507,-0.1875,-0.890625
508,-0.171875,-0.890625
509,-0.15625,-0.890625
510,-0.140625,-0.890625
511,-0.125,-0.890625
512,-0.109375,-0.890625
513,-0.09375,-0.890625
514,-0.078125,-0.890625
515,-0.0625,-0.890625
516,-0.046875,-0.890625
517,-0.03125,-0.890625
518,-0.015625,-0.890625
519,0.0,-0.890625
520,-1.0,-0.875
521,-0.984375,-0.875
522,-0.96875,-0.875
523,-0.953125,-0.875
524,-0.9375,-0.875
525,-0.921875,-0.875
526,-0.90625,-0.875
527,-0.890625,-0.875
528,-0.875,-0.875
529,-0.859375,-0.875
530,-0.84375,-0.875
531,-0.828125,-0.875
532,-0.8125,-0.875
533,-0.796875,-0.875
534,-0.78125,-0.875
535,-0.765625,-0.875
536,-0.75,-0.875
537,-0.734375,-0.875
538,-0.71875,-0.875
539,-0.703125,-0.875
540,-0.6875,-0.875
541,-0.671875,-0.875
542,-0.65625,-0.875
543,-0.640625,-0.875
544,-0.625,-0.875
545,-0.609375,-0.875
546,-0.59375,-0.875
547,-0.578125,-0.875
548,-0.5625,-0.875
549,-0.546875,-0.875
550,-0.53125,-0.875
551,-0.515625,-0.875
552,-0.5,-0.875
553,-0.484375,-0.875
554,-0.46875,-0.875
555,-0.453125,-0.875
556,-0.4375,-0.875
557,-0.421875,-0.875
558,-0.40625,-0.875
559,-0.390625,-0.875
560,-0.375,-0.875
561,-0.359375,-0.875
562,-0.34375,-0.875
563,-0.328125,-0.875
564,-0.3125,-0.875
565,-0.296875,-0.875
566,-0.28125,-0.875
567,-0.265625,-0.875
568,-0.25,-0.875
569,-0.234375,-0.875
570,-0.21875,-0.875
571,-0.203125,-0.875
572,-0.1875,-0.875
573,-0.171875,-0.875
574,-0.15625,-0.875
575,-0.140625,-0.875
576,-0.125,-0.875
577,-0.109375,-0.875
578,-0.09375,-0.875
579,-0.078125,-0.875
580,-0.0625,-0.875
581,-0.046875,-0.875
582,-0.03125,-0.875
583,-0.015625,-0.875
584,0.0,-0.875
585,-1.0,-0.859375
586,-0.984375,-0.859375
587,-0.96875,-0.859375
588,-0.953125,-0.859375
589,-0.9375,-0.859375
590,-0.921875,-0.859375
591,-0.90625,-0.859375
592,-0.890625,-0.859375
593,-0.875,-0.859375
594,-0.859375,-0.859375
595,-0.84375,-0.859375
596,-0.828125,-0.859375
597,-0.8125,-0.859375
598,-0.796875,-0.859375
599,-0.78125,-0.859375
600,-0.765625,-0.859375
601,-0.75,-0.859375
602,-0.734375,-0.859375
603,-0.71875,-0.859375
604,-0.703125,-0.859375
605,-0.6875,-0.859375
606,-0.671875,-0.859375
607,-0.65625,-0.859375
608,-0.640625,-0.859375
609,-0.625,-0.859375
610,-0.609375,-0.859375
611,-0.59375,-0.859375
612,-0.578125,-0.859375
613,-0.5625,-0.859375
614,-0.546875,-0.859375
615,-0.53125,-0.859375
616,-0.515625,-0.859375
617,-0.5,-0.859375
618,-0.484375,-0.859375
619,-0.46875,-0.859375
620,-0.453125,-0.859375
621,-0.4375,-0.859375
622,-0.421875,-0.859375
623,-0.40625,-0.859375
624,-0.390625,-0.859375
625,-0.375,-0.859375
626,-0.359375,-0.859375
627,-0.34375,-0.859375
628,-0.328125,-0.859375
629,-0.3125,-0.859375
630,-0.296875,-0.859375
631,-0.28125,-0.859375
632,-0.265625,-0.859375
633,-0.25,-0.859375
634,-0.234375,-0.859375
635,-0.21875,-0.859375
636,-0.203125,-0.859375
637,-0.1875,-0.859375
638,-0.171875,-0.859375
639,-0.15625,-0.859375
640,-0.140625,-0.859375
641,-0.125,-0.859375
642,-0.109375,-0.859375
643,-0.09375,-0.859375
644,-0.078125,-0.859375
645,-0.0625,-0.859375
646,-0.046875,-0.859375
647,-0.03125,-0.859375
648,-0.015625,-0.859375
649,0.0,-0.859375
650,-1.0,-0.84375
651,-0.984375,-0.84375
652,-0.96875,-0.84375
653,-0.953125,-0.84375
654,-0.9375,-0.84375
655,-0.921875,-0.84375
656,-0.90625,-0.84375
657,-0.890625,-0.84375
658,-0.875,-0.84375
659,-0.859375,-0.84375
660,-0.84375,-0.84375
661,-0.828125,-0.84375
662,-0.8125,-0.84375
663,-0.796875,-0.84375
664,-0.78125,-0.84375
665,-0.765625,-0.84375
666,-0.75,-0.84375
667,-0.734375,-0.84375
668,-0.71875,-0.84375
669,-0.703125,-0.84375
670,-0.6875,-0.84375
671,-0.671875,-0.84375
672,-0.65625,-0.84375
673,-0.640625,-0.84375
674,-0.625,-0.84375
675,-0.609375,-0.84375
676,-0.59375,-0.84375
677,-0.578125,-0.84375
678,-0.5625,-0.84375
679,-0.546875,-0.84375
680,-0.53125,-0.84375
681,-0.515625,-0.84375
682,-0.5,-0.84375
683,-0.484375,-0.84375
684,-0.46875,-0.84375
685,-0.453125,-0.84375
686,-0.4375,-0.84375
687,-0.421875,-0.84375
688,-0.40625,-0.84375
689,-0.390625,-0.84375
690,-0.375,-0.84375
691,-0.359375,-0.84375
692,-0.34375,-0.84375
693,-0.328125,-0.84375
694,-0.3125,-0.84375
695,-0.296875,-0.84375
696,-0.28125,-0.84375
697,-0.265625,-0.84375
698,-0.25,-0.84375
699,-0.234375,-0.84375
700,-0.21875,-0.84375
701,-0.203125,-0.84375
702,-0.1875,-0.84375
703,-0.171875,-0.84375
704,-0.15625,-0.84375
705,-0.140625,-0.84375
706,-0.125,-0.84375
707,-0.109375,-0.84375
708,-0.09375,-0.84375
709,-0.078125,-0.84375
710,-0.0625,-0.84375
711,-0.046875,-0.84375
712,-0.03125,-0.84375
713,-0.015625,-0.84375
714,0.0,-0.84375
715,-1.0,-0.828125
716,-0.984375,-0.828125
717,-0.96875,-0.828125
718,-0.953125,-0.828125
719,-0.9375,-0.828125
720,-0.921875,-0.828125
721,-0.90625,-0.828125
722,-0.890625,-0.828125
723,-0.875,-0.828125
724,-0.859375,-0.828125
725,-0.84375,-0.828125
726,-0.828125,-0.828125
727,-0.8125,-0.828125
728,-0.796875,-0.828125
729,-0.78125,-0.828125
730,-0.765625,-0.828125
731,-0.75,-0.828125
732,-0.734375,-0.828125
733,-0.71875,-0.828125
734,-0.703125,-0.828125
735,-0.6875,-0.828125
736,-0.671875,-0.828125
737,-0.65625,-0.828125
738,-0.640625,-0.828125
739,-0.625,-0.828125
740,-0.609375,-0.828125
741,-0.59375,-0.828125
742,-0.578125,-0.828125
743,-0.5625,-0.828125
744,-0.546875,-0.828125
745,-0.53125,-0.828125
746,-0.515625,-0.828125
747,-0.5,-0.828125
748,-0.484375,-0.828125
749,-0.46875,-0.828125
750,-0.453125,-0.828125
751,-0.4375,-0.828125
752,-0.421875,-0.828125
753,-0.40625,-0.828125
754,-0.390625,-0.828125
755,-0.375,-0.828125
756,-0.359375,-0.828125
757,-0.34375,-0.828125
758,-0.328125,-0.828125
759,-0.3125,-0.828125
760,-0.296875,-0.828125
761,-0.28125,-0.828125
762,-0.265625,-0.828125
763,-0.25,-0.828125
764,-0.234375,-0.828125
765,-0.21875,-0.828125
766,-0.203125,-0.828125
767,-0.1875,-0.828125
768,-0.171875,-0.828125
769,-0.15625,-0.828125
770,-0.140625,-0.828125
771,-0.125,-0.828125
772,-0.109375,-0.828125
773,-0.09375,-0.828125
774,-0.078125,-0.828125
775,-0.0625,-0.828125
776,-0.046875,-0.828125
777,-0.03125,-0.828125
778,-0.015625,-0.828125
779,0.0,-0.828125
780,-1.0,-0.8125
781,-0.984375,-0.8125
782,-0.96875,-0.8125
783,-0.953125,-0.8125
784,-0.9375,-0.8125
785,-0.921875,-0.8125
786,-0.90625,-0.8125
787,-0.890625,-0.8125
788,-0.875,-0.8125
789,-0.859375,-0.8125
790,-0.84375,-0.8125
791,-0.828125,-0.8125
792,-0.8125,-0.8125
793,-0.796875,-0.8125
794,-0.78125,-0.8125
795,-0.765625,-0.8125
796,-0.75,-0.8125
797,-0.734375,-0.8125
798,-0.71875,-0.8125
799,-0.703125,-0.8125
800,-0.6875,-0.8125
801,-0.671875,-0.8125
802,-0.65625,-0.8125
803,-0.640625,-0.8125
804,-0.625,-0.8125
805,-0.609375,-0.8125
806,-0.59375,-0.8125
807,-0.578125,-0.8125
808,-0.5625,-0.8125
809,-0.546875,-0.8125
810,-0.53125,-0.8125
811,-0.515625,-0.8125
812,-0.5,-0.8125
813,-0.484375,-0.8125
814,-0.46875,-0.8125
815,-0.453125,-0.8125
816,-0.4375,-0.8125
817,-0.421875,-0.8125
818,-0.40625,-0.8125
819,-0.390625,-0.8125
820,-0.375,-0.8125
821,-0.359375,-0.8125
822,-0.34375,-0.8125
823,-0.328125,-0.8125
824,-0.3125,-0.8125
825,-0.296875,-0.8125
826,-0.28125,-0.8125
827,-0.265625,-0.8125
828,-0.25,-0.8125
829,-0.234375,-0.8125
830,-0.21875,-0.8125
831,-0.203125,-0.8125
832,-0.1875,-0.8125
833,-0.171875,-0.8125
834,-0.15625,-0.8125
835,-0.140625,-0.8125
836,-0.125,-0.8125
837,-0.109375,-0.8125
838,-0.09375,-0.8125
839,-0.078125,-0.8125
840,-0.0625,-0.8125
841,-0.046875,-0.8125
842,-0.03125,-0.8125
843,-0.015625,-0.8125
844,0.0,-0.8125
845,-1.0,-0.796875
846,-0.984375,-0.796875
847,-0.96875,-0.796875
848,-0.953125,-0.796875
849,-0.9375,-0.796875
850,-0.921875,-0.796875
851,-0.90625,-0.796875
852,-0.890625,-0.796875
853,-0.875,-0.796875
854,-0.859375,-0.796875
855,-0.84375,-0.796875
856,-0.828125,-0.796875
857,-0.8125,-0.796875
858,-0.796875,-0.796875
859,-0.78125,-0.796875
860,-0.765625,-0.796875
861,-0.75,-0.796875
862,-0.734375,-0.796875
863,-0.71875,-0.796875
864,-0.703125,-0.796875
865,-0.6875,-0.796875
866,-0.671875,-0.796875
867,-0.65625,-0.796875
868,-0.640625,-0.796875
869,-0.625,-0.796875
870,-0.609375,-0.796875
871,-0.59375,-0.796875
872,-0.578125,-0.796875
873,-0.5625,-0.796875
874,-0.546875,-0.796875
875,-0.53125,-0.796875
876,-0.515625,-0.796875
877,-0.5,-0.796875
878,-0.484375,-0.796875
879,-0.46875,-0.796875
880,-0.453125,-0.796875
881,-0.4375,-0.796875
882,-0.421875,-0.796875
883,-0.40625,-0.796875
884,-0.390625,-0.796875
885,-0.375,-0.796875
886,-0.359375,-0.796875
887,-0.34375,-0.796875
888,-0.328125,-0.796875
889,-0.3125,-0.796875
890,-0.296875,-0.796875
891,-0.28125,-0.796875
892,-0.265625,-0.796875
893,-0.25,-0.796875
894,-0.234375,-0.796875
895,-0.21875,-0.796875
896,-0.203125,-0.796875
897,-0.1875,-0.796875
898,-0.171875,-0.796875
899,-0.15625,-0.796875
900,-0.140625,-0.796875
901,-0.125,-0.796875
902,-0.109375,-0.796875
903,-0.09375,-0.796875
904,-0.078125,-0.796875
905,-0.0625,-0.796875
906,-0.046875,-0.796875
907,-0.03125,-0.796875
908,-0.015625,-0.796875
909,0.0,-0.796875
910,-1.0,-0.78125
911,-0.984375,-0.78125
912,-0.96875,-0.78125
913,-0.953125,-0.78125
914,-0.9375,-0.78125
915,-0.921875,-0.78125
916,-0.90625,-0.78125
917,-0.890625,-0.78125
918,-0.875,-0.78125
919,-0.859375,-0.78125
920,-0.84375,-0.78125
921,-0.828125,-0.78125
922,-0.8125,-0.78125
923,-0.796875,-0.78125
924,-0.78125,-0.78125
925,-0.765625,-0.78125
926,-0.75,-0.78125
927,-0.734375,-0.78125
928,-0.71875,-0.78125
929,-0.703125,-0.78125
930,-0.6875,-0.78125
931,-0.671875,-0.78125
932,-0.65625,-0.78125
933,-0.640625,-0.78125
934,-0.625,-0.78125
935,-0.609375,-0.78125
936,-0.59375,-0.78125
937,-0.578125,-0.78125
938,-0.5625,-0.78125
939,-0.546875,-0.78125
940,-0.53125,-0.78125
941,-0.515625,-0.78125
942,-0.5,-0.78125
943,-0.484375,-0.78125
944,-0.46875,-0.78125
945,-0.453125,-0.78125
946,-0.4375,-0.78125
947,-0.421875,-0.78125
948,-0.40625,-0.78125
949,-0.390625,-0.78125
950,-0.375,-0.78125
951,-0.359375,-0.78125
952,-0.34375,-0.78125
953,-0.328125,-0.78125
954,-0.3125,-0.78125
955,-0.296875,-0.78125
956,-0.28125,-0.78125
957,-0.265625,-0.78125
958,-0.25,-0.78125
959,-0.234375,-0.78125
960,-0.21875,-0.78125
961,-0.203125,-0.78125
962,-0.1875,-0.78125
963,-0.171875,-0.78125
964,-0.15625,-0.78125
965,-0.140625,-0.78125
966,-0.125,-0.78125
967,-0.109375,-0.78125
968,-0.09375,-0.78125
969,-0.078125,-0.78125
970,-0.0625,-0.78125
971,-0.046875,-0.78125
972,-0.03125,-0.78125
973,-0.015625,-0.78125
974,0.0,-0.78125
975,-1.0,-0.765625
976,-0.984375,-0.765625
977,-0.96875,-0.765625
978,-0.953125,-0.765625
979,-0.9375,-0.765625
980,-0.921875,-0.765625
981,-0.90625,-0.765625
982,-0.890625,-0.765625
983,-0.875,-0.765625
984,-0.859375,-0.765625
985,-0.84375,-0.765625
986,-0.828125,-0.765625
987,-0.8125,-0.765625
988,-0.796875,-0.765625
989,-0.78125,-0.765625
990,-0.765625,-0.765625
991,-0.75,-0.765625
992,-0.734375,-0.765625
993,-0.71875,-0.765625
994,-0.703125,-0.765625
995,-0.6875,-0.765625
996,-0.671875,-0.765625
997,-0.65625,-0.765625
998,-0.640625,-0.765625
999,-0.625,-0.765625
1000,-0.609375,-0.765625
1001,-0.59375,-0.765625
1002,-0.578125,-0.765625
1003,-0.5625,-0.765625
1004,-0.546875,-0.765625
1005,-0.53125,-0.765625
1006,-0.515625,-0.765625
1007,-0.5,-0.765625
1008,-0.484375,-0.765625
1009,-0.46875,-0.765625
1010,-0.453125,-0.765625
1011,-0.4375,-0.765625
1012,-0.421875,-0.765625
1013,-0.40625,-0.765625
1014,-0.390625,-0.765625
1015,-0.375,-0.765625
1016,-0.359375,-0.765625
1017,-0.34375,-0.765625
1018,-0.328125,-0.765625
1019,-0.3125,-0.765625
1020,-0.296875,-0.765625
1021,-0.28125,-0.765625
1022,-0.265625,-0.765625
1023,-0.25,-0.765625
1024,-0.234375,-0.765625
1025,-0.21875,-0.765625
1026,-0.203125,-0.765625
1027,-0.1875,-0.765625
1028,-0.171875,-0.765625
1029,-0.15625,-0.765625
1030,-0.140625,-0.765625
1031,-0.125,-0.765625
1032,-0.109375,-0.765625
1033,-0.09375,-0.765625
1034,-0.078125,-0.765625
1035,-0.0625,-0.765625
1036,-0.046875,-0.765625
1037,-0.03125,-0.765625
1038,-0.015625,-0.765625
1039,0.0,-0.765625
1040,-1.0,-0.75
1041,-0.984375,-0.75
1042,-0.96875,-0.75
1043,-0.953125,-0.75
1044,-0.9375,-0.75
1045,-0.921875,-0.75
1046,-0.90625,-0.75
1047,-0.890625,-0.75
1048,-0.875,-0.75
1049,-0.859375,-0.75
1050,-0.84375,-0.75
1051,-0.828125,-0.75
1052,-0.8125,-0.75
1053,-0.796875,-0.75
1054,-0.78125,-0.75
1055,-0.765625,-0.75
1056,-0.75,-0.75
1057,-0.734375,-0.75
1058,-0.71875,-0.75
1059,-0.703125,-0.75
1060,-0.6875,-0.75
1061,-0.671875,-0.75
1062,-0.65625,-0.75
1063,-0.640625,-0.75
1064,-0.625,-0.75
1065,-0.609375,-0.75
1066,-0.59375,-0.75
1067,-0.578125,-0.75
1068,-0.5625,-0.75
1069,-0.546875,-0.75
1070,-0.53125,-0.75
1071,-0.515625,-0.75
1072,-0.5,-0.75
1073,-0.484375,-0.75
1074,-0.46875,-0.75
1075,-0.453125,-0.75
1076,-0.4375,-0.75
1077,-0.421875,-0.75
1078,-0.40625,-0.75
1079,-0.390625,-0.75
1080,-0.375,-0.75
1081,-0.359375,-0.75
1082,-0.34375,-0.75
1083,-0.328125,-0.75
1084,-0.3125,-0.75
1085,-0.296875,-0.75
1086,-0.28125,-0.75
1087,-0.265625,-0.75
1088,-0.25,-0.75
1089,-0.234375,-0.75
1090,-0.21875,-0.75
1091,-0.203125,-0.75
1092,-0.1875,-0.75
1093,-0.171875,-0.75
1094,-0.15625,-0.75
1095,-0.140625,-0.75
1096,-0.125,-0.75
1097,-0.109375,-0.75
1098,-0.09375,-0.75
1099,-0.078125,-0.75
1100,-0.0625,-0.75
1101,-0.046875,-0.75
1102,-0.03125,-0.75
1103,-0.015625,-0.75
1104,0.0,-0.75
1105,-1.0,-0.734375
1106,-0.984375,-0.734375
1107,-0.96875,-0.734375
1108,-0.953125,-0.734375
1109,-0.9375,-0.734375
1110,-0.921875,-0.734375
1111,-0.90625,-0.734375
1112,-0.890625,-0.734375
1113,-0.875,-0.734375
1114,-0.859375,-0.734375
1115,-0.84375,-0.734375
1116,-0.828125,-0.734375
1117,-0.8125,-0.734375
1118,-0.796875,-0.734375
1119,-0.78125,-0.734375
1120,-0.765625,-0.734375
1121,-0.75,-0.734375
1122,-0.734375,-0.734375
1123,-0.71875,-0.734375
1124,-0.703125,-0.734375
1125,-0.6875,-0.734375
1126,-0.671875,-0.734375
1127,-0.65625,-0.734375
1128,-0.640625,-0.734375
1129,-0.625,-0.734375
1130,-0.609375,-0.734375
1131,-0.59375,-0.734375
1132,-0.578125,-0.734375
1133,-0.5625,-0.734375
1134,-0.546875,-0.734375
1135,-0.53125,-0.734375
1136,-0.515625,-0.734375
1137,-0.5,-0.734375
1138,-0.484375,-0.734375
1139,-0.46875,-0.734375
1140,-0.453125,-0.734375
1141,-0.4375,-0.734375
1142,-0.421875,-0.734375
1143,-0.40625,-0.734375
1144,-0.390625,-0.734375
1145,-0.375,-0.734375
1146,-0.359375,-0.734375
1147,-0.34375,-0.734375
1148,-0.328125,-0.734375
1149,-0.3125,-0.734375
1150,-0.296875,-0.734375
1151,-0.28125,-0.734375
1152,-0.265625,-0.734375
1153,-0.25,-0.734375
1154,-0.234375,-0.734375
1155,-0.21875,-0.734375
1156,-0.203125,-0.734375
1157,-0.1875,-0.734375
1158,-0.171875,-0.734375
1159,-0.15625,-0.734375
1160,-0.140625,-0.734375
1161,-0.125,-0.734375
1162,-0.109375,-0.734375
1163,-0.09375,-0.734375
1164,-0.078125,-0.734375
1165,-0.0625,-0.734375
1166,-0.046875,-0.734375
1167,-0.03125,-0.734375
1168,-0.015625,-0.734375
1169,0.0,-0.734375
1170,-1.0,-0.71875
1171,-0.984375,-0.71875
1172,-0.96875,-0.71875
1173,-0.953125,-0.71875
1174,-0.9375,-0.71875
1175,-0.921875,-0.71875
1176,-0.90625,-0.71875
1177,-0.890625,-0.71875
1178,-0.875,-0.71875
1179,-0.859375,-0.71875
1180,-0.84375,-0.71875
1181,-0.828125,-0.71875
1182,-0.8125,-0.71875
1183,-0.796875,-0.71875
1184,-0.78125,-0.71875
1185,-0.765625,-0.71875
1186,-0.75,-0.71875
1187,-0.734375,-0.71875
1188,-0.71875,-0.71875
1189,-0.703125,-0.71875
1190,-0.6875,-0.71875
1191,-0.671875,-0.71875
1192,-0.65625,-0.71875
1193,-0.640625,-0.71875
1194,-0.625,-0.71875
1195,-0.609375,-0.71875
1196,-0.59375,-0.71875
1197,-0.578125,-0.71875
1198,-0.5625,-0.71875
1199,-0.546875,-0.71875
1200,-0.53125,-0.71875
1201,-0.515625,-0.71875
1202,-0.5,-0.71875
1203,-0.484375,-0.71875
1204,-0.46875,-0.71875
1205,-0.453125,-0.71875
1206,-0.4375,-0.71875
1207,-0.421875,-0.71875
1208,-0.40625,-0.71875
1209,-0.390625,-0.71875
1210,-0.375,-0.71875
1211,-0.359375,-0.71875
1212,-0.34375,-0.71875
1213,-0.328125,-0.71875
1214,-0.3125,-0.71875
1215,-0.296875,-0.71875
1216,-0.28125,-0.71875
1217,-0.265625,-0.71875
1218,-0.25,-0.71875
1219,-0.234375,-0.71875
1220,-0.21875,-0.71875
1221,-0.203125,-0.71875
1222,-0.1875,-0.71875
1223,-0.171875,-0.71875
1224,-0.15625,-0.71875
1225,-0.140625,-0.71875
1226,-0.125,-0.71875
1227,-0.109375,-0.71875
1228,-0.09375,-0.71875
1229,-0.078125,-0.71875
1230,-0.0625,-0.71875
1231,-0.046875,-0.71875
1232,-0.03125,-0.71875
1233,-0.015625,-0.71875
1234,0.0,-0.71875
1235,-1.0,-0.703125
1236,-0.984375,-0.703125
1237,-0.96875,-0.703125
1238,-0.953125,-0.703125
1239,-0.9375,-0.703125
1240,-0.921875,-0.703125
1241,-0.90625,-0.703125
1242,-0.890625,-0.703125
1243,-0.875,-0.703125
1244,-0.859375,-0.703125
1245,-0.84375,-0.703125
1246,-0.828125,-0.703125
1247,-0.8125,-0.703125
1248,-0.796875,-0.703125
1249,-0.78125,-0.703125
1250,-0.765625,-0.703125
1251,-0.75,-0.703125
1252,-0.734375,-0.703125
1253,-0.71875,-0.703125
1254,-0.703125,-0.703125
1255,-0.6875,-0.703125
1256,-0.671875,-0.703125
1257,-0.65625,-0.703125
1258,-0.640625,-0.703125
1259,-0.625,-0.703125
1260,-0.609375,-0.703125
1261,-0.59375,-0.703125
1262,-0.578125,-0.703125
1263,-0.5625,-0.703125
1264,-0.546875,-0.703125
1265,-0.53125,-0.703125
1266,-0.515625,-0.703125
1267,-0.5,-0.703125
1268,-0.484375,-0.703125
1269,-0.46875,-0.703125
1270,-0.453125,-0.703125
1271,-0.4375,-0.703125
1272,-0.421875,-0.703125
1273,-0.40625,-0.703125
1274,-0.390625,-0.703125
1275,-0.375,-0.703125
1276,-0.359375,-0.703125
1277,-0.34375,-0.703125
1278,-0.328125,-0.703125
1279,-0.3125,-0.703125
1280,-0.296875,-0.703125
1281,-0.28125,-0.703125
1282,-0.265625,-0.703125
1283,-0.25,-0.703125
1284,-0.234375,-0.703125
1285,-0.21875,-0.703125
1286,-0.203125,-0.703125
1287,-0.1875,-0.703125
1288,-0.171875,-0.703125
1289,-0.15625,-0.703125
1290,-0.140625,-0.703125
1291,-0.125,-0.703125
1292,-0.109375,-0.703125
1293,-0.09375,-0.703125
1294,-0.078125,-0.703125
1295,-0.0625,-0.703125
1296,-0.046875,-0.703125
1297,-0.03125,-0.703125
1298,-0.015625,-0.703125
1299,0.0,-0.703125
1300,-1.0,-0.6875
1301,-0.984375,-0.6875
1302,-0.96875,-0.6875
1303,-0.953125,-0.6875
1304,-0.9375,-0.6875
1305,-0.921875,-0.6875
1306,-0.90625,-0.6875
1307,-0.890625,-0.6875
1308,-0.875,-0.6875
1309,-0.859375,-0.6875
1310,-0.84375,-0.6875
1311,-0.828125,-0.6875
1312,-0.8125,-0.6875
1313,-0.796875,-0.6875
1314,-0.78125,-0.6875
1315,-0.765625,-0.6875
1316,-0.75,-0.6875
1317,-0.734375,-0.6875
1318,-0.71875,-0.6875
1319,-0.703125,-0.6875
1320,-0.6875,-0.6875
1321,-0.671875,-0.6875
1322,-0.65625,-0.6875
1323,-0.640625,-0.6875
1324,-0.625,-0.6875
1325,-0.609375,-0.6875
1326,-0.59375,-0.6875
1327,-0.578125,-0.6875
1328,-0.5625,-0.6875
1329,-0.546875,-0.6875
1330,-0.53125,-0.6875
1331,-0.515625,-0.6875
1332,-0.5,-0.6875
1333,-0.484375,-0.6875
1334,-0.46875,-0.6875
1335,-0.453125,-0.6875
1336,-0.4375,-0.6875
1337,-0.421875,-0.6875
1338,-0.40625,-0.6875
1339,-0.390625,-0.6875
1340,-0.375,-0.6875
1341,-0.359375,-0.6875
1342,-0.34375,-0.6875
1343,-0.328125,-0.6875
1344,-0.3125,-0.6875
1345,-0.296875,-0.6875
1346,-0.28125,-0.6875
1347,-0.265625,-0.6875
1348,-0.25,-0.6875
1349,-0.234375,-0.6875
1350,-0.21875,-0.6875
1351,-0.203125,-0.6875
1352,-0.1875,-0.6875
1353,-0.171875,-0.6875
1354,-0.15625,-0.6875
1355,-0.140625,-0.6875
1356,-0.125,-0.6875
1357,-0.109375,-0.6875
1358,-0.09375,-0.6875
1359,-0.078125,-0.6875
1360,-0.0625,-0.6875
1361,-0.046875,-0.6875
1362,-0.03125,-0.6875
1363,-0.015625,-0.6875
1364,0.0,-0.6875
1365,-1.0,-0.671875
1366,-0.984375,-0.671875
1367,-0.96875,-0.671875
1368,-0.953125,-0.671875
1369,-0.9375,-0.671875
1370,-0.921875,-0.671875
1371,-0.90625,-0.671875
1372,-0.890625,-0.671875
1373,-0.875,-0.671875
1374,-0.859375,-0.671875
1375,-0.84375,-0.671875
1376,-0.828125,-0.671875
1377,-0.8125,-0.671875
1378,-0.796875,-0.671875
1379,-0.78125,-0.671875
1380,-0.765625,-0.671875
1381,-0.75,-0.671875
1382,-0.734375,-0.671875
1383,-0.71875,-0.671875
1384,-0.703125,-0.671875
1385,-0.6875,-0.671875
1386,-0.671875,-0.671875
1387,-0.65625,-0.671875
1388,-0.640625,-0.671875
1389,-0.625,-0.671875
1390,-0.609375,-0.671875
1391,-0.59375,-0.671875
1392,-0.578125,-0.671875
1393,-0.5625,-0.671875
1394,-0.546875,-0.671875
1395,-0.53125,-0.671875
1396,-0.515625,-0.671875
1397,-0.5,-0.671875
1398,-0.484375,-0.671875
1399,-0.46875,-0.671875
1400,-0.453125,-0.671875
1401,-0.4375,-0.671875
1402,-0.421875,-0.671875
1403,-0.40625,-0.671875
1404,-0.390625,-0.671875
1405,-0.375,-0.671875
1406,-0.359375,-0.671875
1407,-0.34375,-0.671875
1408,-0.328125,-0.671875
1409,-0.3125,-0.671875
1410,-0.296875,-0.671875
1411,-0.28125,-0.671875
1412,-0.265625,-0.671875
1413,-0.25,-0.671875
1414,-0.234375,-0.671875
1415,-0.21875,-0.671875
1416,-0.203125,-0.671875
1417,-0.1875,-0.671875
1418,-0.171875,-0.671875
1419,-0.15625,-0.671875
1420,-0.140625,-0.671875
1421,-0.125,-0.671875
1422,-0.109375,-0.671875
1423,-0.09375,-0.671875
1424,-0.078125,-0.671875
1425,-0.0625,-0.671875
1426,-0.046875,-0.671875
1427,-0.03125,-0.671875
1428,-0.015625,-0.671875
1429,0.0,-0.671875
1430,-1.0,-0.65625
1431,-0.984375,-0.65625
1432,-0.96875,-0.65625
1433,-0.953125,-0.65625
1434,-0.9375,-0.65625
1435,-0.921875,-0.65625
1436,-0.90625,-0.65625
1437,-0.890625,-0.65625
1438,-0.875,-0.65625
1439,-0.859375,-0.65625
1440,-0.84375,-0.65625
1441,-0.828125,-0.65625
1442,-0.8125,-0.65625
1443,-0.796875,-0.65625
1444,-0.78125,-0.65625
1445,-0.765625,-0.65625
1446,-0.75,-0.65625
1447,-0.734375,-0.65625
1448,-0.71875,-0.65625
1449,-0.703125,-0.65625
1450,-0.6875,-0.65625
1451,-0.671875,-0.65625
1452,-0.65625,-0.65625
1453,-0.640625,-0.65625
1454,-0.625,-0.65625
1455,-0.609375,-0.65625
1456,-0.59375,-0.65625
1457,-0.578125,-0.65625
1458,-0.5625,-0.65625
1459,-0.546875,-0.65625
1460,-0.53125,-0.65625
1461,-0.515625,-0.65625
1462,-0.5,-0.65625
1463,-0.484375,-0.65625
1464,-0.46875,-0.65625
1465,-0.453125,-0.65625
1466,-0.4375,-0.65625
1467,-0.421875,-0.65625
1468,-0.40625,-0.65625
1469,-0.390625,-0.65625
1470,-0.375,-0.65625
1471,-0.359375,-0.65625
1472,-0.34375,-0.65625
1473,-0.328125,-0.65625
1474,-0.3125,-0.65625
1475,-0.296875,-0.65625
1476,-0.28125,-0.65625
1477,-0.265625,-0.65625
1478,-0.25,-0.65625
1479,-0.234375,-0.65625
1480,-0.21875,-0.65625
1481,-0.203125,-0.65625
1482,-0.1875,-0.65625
1483,-0.171875,-0.65625
1484,-0.15625,-0.65625
1485,-0.140625,-0.65625
1486,-0.125,-0.65625
1487,-0.109375,-0.65625
1488,-0.09375,-0.65625
1489,-0.078125,-0.65625
1490,-0.0625,-0.65625
1491,-0.046875,-0.65625
1492,-0.03125,-0.65625
1493,-0.015625,-0.65625
1494,0.0,-0.65625
1495,-1.0,-0.640625
1496,-0.984375,-0.640625
1497,-0.96875,-0.640625
1498,-0.953125,-0.640625
1499,-0.9375,-0.640625
1500,-0.921875,-0.640625
1501,-0.90625,-0.640625
1502,-0.890625,-0.640625
1503,-0.875,-0.640625
1504,-0.859375,-0.640625
1505,-0.84375,-0.640625
1506,-0.828125,-0.640625
1507,-0.8125,-0.640625
1508,-0.796875,-0.640625
1509,-0.78125,-0.640625
1510,-0.765625,-0.640625
1511,-0.75,-0.640625
1512,-0.734375,-0.640625
1513,-0.71875,-0.640625
1514,-0.703125,-0.640625
1515,-0.6875,-0.640625
1516,-0.671875,-0.640625
1517,-0.65625,-0.640625
1518,-0.640625,-0.640625
1519,-0.625,-0.640625
1520,-0.609375,-0.640625
1521,-0.59375,-0.640625
1522,-0.578125,-0.640625
1523,-0.5625,-0.640625
1524,-0.546875,-0.640625
1525,-0.53125,-0.640625
1526,-0.515625,-0.640625
1527,-0.5,-0.640625
1528,-0.484375,-0.640625
1529,-0.46875,-0.640625
1530,-0.453125,-0.640625
1531,-0.4375,-0.640625
1532,-0.421875,-0.640625
1533,-0.40625,-0.640625
1534,-0.390625,-0.640625
1535,-0.375,-0.640625
1536,-0.359375,-0.640625
1537,-0.34375,-0.640625
1538,-0.328125,-0.640625
1539,-0.3125,-0.640625
1540,-0.296875,-0.640625
1541,-0.28125,-0.640625
1542,-0.265625,-0.640625
1543,-0.25,-0.640625
1544,-0.234375,-0.640625
1545,-0.21875,-0.640625
1546,-0.203125,-0.640625
1547,-0.1875,-0.640625
1548,-0.171875,-0.640625
1549,-0.15625,-0.640625
1550,-0.140625,-0.640625
1551,-0.125,-0.640625
1552,-0.109375,-0.640625
1553,-0.09375,-0.640625
1554,-0.078125,-0.640625
1555,-0.0625,-0.640625
1556,-0.046875,-0.640625
1557,-0.03125,-0.640625
1558,-0.015625,-0.640625
1559,0.0,-0.640625
1560,-1.0,-0.625
1561,-0.984375,-0.625
1562,-0.96875,-0.625
1563,-0.953125,-0.625
1564,-0.9375,-0.625
1565,-0.921875,-0.625
1566,-0.90625,-0.625
1567,-0.890625,-0.625
1568,-0.875,-0.625
1569,-0.859375,-0.625
1570,-0.84375,-0.625
1571,-0.828125,-0.625
1572,-0.8125,-0.625
1573,-0.796875,-0.625
1574,-0.78125,-0.625
1575,-0.765625,-0.625
1576,-0.75,-0.625
1577,-0.734375,-0.625
1578,-0.71875,-0.625
1579,-0.703125,-0.625
1580,-0.6875,-0.625
1581,-0.671875,-0.625
1582,-0.65625,-0.625
1583,-0.640625,-0.625
1584,-0.625,-0.625
1585,-0.609375,-0.625
1586,-0.59375,-0.625
1587,-0.578125,-0.625
1588,-0.5625,-0.625
1589,-0.546875,-0.625
1590,-0.53125,-0.625
1591,-0.515625,-0.625
1592,-0.5,-0.625
1593,-0.484375,-0.625
1594,-0.46875,-0.625
1595,-0.453125,-0.625
1596,-0.4375,-0.625
1597,-0.421875,-0.625
1598,-0.40625,-0.625
1599,-0.390625,-0.625
1600,-0.375,-0.625
1601,-0.359375,-0.625
1602,-0.34375,-0.625
1603,-0.328125,-0.625
1604,-0.3125,-0.625
1605,-0.296875,-0.625
1606,-0.28125,-0.625
1607,-0.265625,-0.625
1608,-0.25,-0.625
1609,-0.234375,-0.625
1610,-0.21875,-0.625
1611,-0.203125,-0.625
1612,-0.1875,-0.625
1613,-0.171875,-0.625
1614,-0.15625,-0.625
1615,-0.140625,-0.625
1616,-0.125,-0.625
1617,-0.109375,-0.625
1618,-0.09375,-0.625
1619,-0.078125,-0.625
1620,-0.0625,-0.625
1621,-0.046875,-0.625
1622,-0.03125,-0.625
1623,-0.015625,-0.625
1624,0.0,-0.625
1625,-1.0,-0.609375
1626,-0.984375,-0.609375
1627,-0.96875,-0.609375
1628,-0.953125,-0.609375
1629,-0.9375,-0.609375
1630,-0.921875,-0.609375
1631,-0.90625,-0.609375
1632,-0.890625,-0.609375
1633,-0.875,-0.609375
1634,-0.859375,-0.609375
1635,-0.84375,-0.609375
1636,-0.828125,-0.609375
1637,-0.8125,-0.609375
1638,-0.796875,-0.609375
1639,-0.78125,-0.609375
1640,-0.765625,-0.609375
1641,-0.75,-0.609375
1642,-0.734375,-0.609375
1643,-0.71875,-0.609375
1644,-0.703125,-0.609375
1645,-0.6875,-0.609375
1646,-0.671875,-0.609375
1647,-0.65625,-0.609375
1648,-0.640625,-0.609375
1649,-0.625,-0.609375
1650,-0.609375,-0.609375
1651,-0.59375,-0.609375
1652,-0.578125,-0.609375
1653,-0.5625,-0.609375
1654,-0.546875,-0.609375
1655,-0.53125,-0.609375
1656,-0.515625,-0.609375
1657,-0.5,-0.609375
1658,-0.484375,-0.609375
1659,-0.46875,-0.609375
1660,-0.453125,-0.609375
1661,-0.4375,-0.609375
1662,-0.421875,-0.609375
1663,-0.40625,-0.609375
1664,-0.390625,-0.609375
1665,-0.375,-0.609375
1666,-0.359375,-0.609375
1667,-0.34375,-0.609375
1668,-0.328125,-0.609375
1669,-0.3125,-0.609375
1670,-0.296875,-0.609375
1671,-0.28125,-0.609375
1672,-0.265625,-0.609375
1673,-0.25,-0.609375
1674,-0.234375,-0.609375
1675,-0.21875,-0.609375
1676,-0.203125,-0.609375
1677,-0.1875,-0.609375
1678,-0.171875,-0.609375
1679,-0.15625,-0.609375
1680,-0.140625,-0.609375
1681,-0.125,-0.609375
1682,-0.109375,-0.609375
1683,-0.09375,-0.609375
1684,-0.078125,-0.609375
1685,-0.0625,-0.609375
1686,-0.046875,-0.609375
1687,-0.03125,-0.609375
1688,-0.015625,-0.609375
1689,0.0,-0.609375
1690,-1.0,-0.59375
1691,-0.984375,-0.59375
1692,-0.96875,-0.59375
1693,-0.953125,-0.59375
1694,-0.9375,-0.59375
1695,-0.921875,-0.59375
1696,-0.90625,-0.59375
1697,-0.890625,-0.59375
1698,-0.875,-0.59375
1699,-0.859375,-0.59375
1700,-0.84375,-0.59375
1701,-0.828125,-0.59375
1702,-0.8125,-0.59375
1703,-0.796875,-0.59375
1704,-0.78125,-0.59375
1705,-0.765625,-0.59375
1706,-0.75,-0.59375
1707,-0.734375,-0.59375
1708,-0.71875,-0.59375
1709,-0.703125,-0.59375
1710,-0.6875,-0.59375
1711,-0.671875,-0.59375
1712,-0.65625,-0.59375
1713,-0.640625,-0.59375
1714,-0.625,-0.59375
1715,-0.609375,-0.59375
1716,-0.59375,-0.59375
1717,-0.578125,-0.59375
1718,-0.5625,-0.59375
1719,-0.546875,-0.59375
1720,-0.53125,-0.59375
1721,-0.515625,-0.59375
1722,-0.5,-0.59375
1723,-0.484375,-0.59375
1724,-0.46875,-0.59375
1725,-0.453125,-0.59375
1726,-0.4375,-0.59375
1727,-0.421875,-0.59375
1728,-0.40625,-0.59375
1729,-0.390625,-0.59375
1730,-0.375,-0.59375
1731,-0.359375,-0.59375
1732,-0.34375,-0.59375
1733,-0.328125,-0.59375
1734,-0.3125,-0.59375
1735,-0.296875,-0.59375
1736,-0.28125,-0.59375
1737,-0.265625,-0.59375
1738,-0.25,-0.59375
1739,-0.234375,-0.59375
1740,-0.21875,-0.59375
1741,-0.203125,-0.59375
1742,-0.1875,-0.59375
1743,-0.171875,-0.59375
1744,-0.15625,-0.59375
1745,-0.140625,-0.59375
1746,-0.125,-0.59375
1747,-0.109375,-0.59375
1748,-0.09375,-0.59375
1749,-0.078125,-0.59375
1750,-0.0625,-0.59375
1751,-0.046875,-0.59375
1752,-0.03125,-0.59375
1753,-0.015625,-0.59375
1754,0.0,-0.59375
1755,-1.0,-0.578125
1756,-0.984375,-0.578125
1757,-0.96875,-0.578125
1758,-0.953125,-0.578125
1759,-0.9375,-0.578125
1760,-0.921875,-0.578125
1761,-0.90625,-0.578125
1762,-0.890625,-0.578125
1763,-0.875,-0.578125
1764,-0.859375,-0.578125
1765,-0.84375,-0.578125
1766,-0.828125,-0.578125
1767,-0.8125,-0.578125
1768,-0.796875,-0.578125
1769,-0.78125,-0.578125
1770,-0.765625,-0.578125
1771,-0.75,-0.578125
1772,-0.734375,-0.578125
1773,-0.71875,-0.578125
1774,-0.703125,-0.578125
1775,-0.6875,-0.578125
1776,-0.671875,-0.578125
1777,-0.65625,-0.578125
1778,-0.640625,-0.578125
1779,-0.625,-0.578125
1780,-0.609375,-0.578125
1781,-0.59375,-0.578125
1782,-0.578125,-0.578125
1783,-0.5625,-0.578125
1784,-0.546875,-0.578125
1785,-0.53125,-0.578125
1786,-0.515625,-0.578125
1787,-0.5,-0.578125
1788,-0.484375,-0.578125
1789,-0.46875,-0.578125
1790,-0.453125,-0.578125
1791,-0.4375,-0.578125
1792,-0.421875,-0.578125
1793,-0.40625,-0.578125
1794,-0.390625,-0.578125
1795,-0.375,-0.578125
1796,-0.359375,-0.578125
1797,-0.34375,-0.578125
1798,-0.328125,-0.578125
1799,-0.3125,-0.578125
1800,-0.296875,-0.578125
1801,-0.28125,-0.578125
1802,-0.265625,-0.578125
1803,-0.25,-0.578125
1804,-0.234375,-0.578125
1805,-0.21875,-0.578125
1806,-0.203125,-0.578125
1807,-0.1875,-0.578125
1808,-0.171875,-0.578125
1809,-0.15625,-0.578125
1810,-0.140625,-0.578125
1811,-0.125,-0.578125
1812,-0.109375,-0.578125
1813,-0.09375,-0.578125
1814,-0.078125,-0.578125
1815,-0.0625,-0.578125
1816,-0.046875,-0.578125
1817,-0.03125,-0.578125
1818,-0.015625,-0.578125
1819,0.0,-0.578125
1820,-1.0,-0.5625
1821,-0.984375,-0.5625
1822,-0.96875,-0.5625
1823,-0.953125,-0.5625
1824,-0.9375,-0.5625
1825,-0.921875,-0.5625
1826,-0.90625,-0.5625
1827,-0.890625,-0.5625
1828,-0.875,-0.5625
1829,-0.859375,-0.5625
1830,-0.84375,-0.5625
1831,-0.828125,-0.5625
1832,-0.8125,-0.5625
1833,-0.796875,-0.5625
1834,-0.78125,-0.5625
1835,-0.765625,-0.5625
1836,-0.75,-0.5625
1837,-0.734375,-0.5625
1838,-0.71875,-0.5625
1839,-0.703125,-0.5625
1840,-0.6875,-0.5625
1841,-0.671875,-0.5625
1842,-0.65625,-0.5625
1843,-0.640625,-0.5625
1844,-0.625,-0.5625
1845,-0.609375,-0.5625
1846,-0.59375,-0.5625
1847,-0.578125,-0.5625
1848,-0.5625,-0.5625
1849,-0.546875,-0.5625
1850,-0.53125,-0.5625
1851,-0.515625,-0.5625
1852,-0.5,-0.5625
1853,-0.484375,-0.5625
1854,-0.46875,-0.5625
1855,-0.453125,-0.5625
1856,-0.4375,-0.5625
1857,-0.421875,-0.5625
1858,-0.40625,-0.5625
1859,-0.390625,-0.5625
1860,-0.375,-0.5625
1861,-0.359375,-0.5625
1862,-0.34375,-0.5625
1863,-0.328125,-0.5625
1864,-0.3125,-0.5625
1865,-0.296875,-0.5625
1866,-0.28125,-0.5625
1867,-0.265625,-0.5625
1868,-0.25,-0.5625
1869,-0.234375,-0.5625
1870,-0.21875,-0.5625
1871,-0.203125,-0.5625
1872,-0.1875,-0.5625
1873,-0.171875,-0.5625
1874,-0.15625,-0.5625
1875,-0.140625,-0.5625
1876,-0.125,-0.5625
1877,-0.109375,-0.5625
1878,-0.09375,-0.5625
1879,-0.078125,-0.5625
1880,-0.0625,-0.5625
1881,-0.046875,-0.5625
1882,-0.03125,-0.5625
1883,-0.015625,-0.5625
1884,0.0,-0.5625
1885,-1.0,-0.546875
1886,-0.984375,-0.546875
1887,-0.96875,-0.546875
1888,-0.953125,-0.546875
1889,-0.9375,-0.546875
1890,-0.921875,-0.546875
1891,-0.90625,-0.546875
1892,-0.890625,-0.546875
1893,-0.875,-0.546875
1894,-0.859375,-0.546875
1895,-0.84375,-0.546875
1896,-0.828125,-0.546875
1897,-0.8125,-0.546875
1898,-0.796875,-0.546875
1899,-0.78125,-0.546875
1900,-0.765625,-0.546875
1901,-0.75,-0.546875
1902,-0.734375,-0.546875
1903,-0.71875,-0.546875
1904,-0.703125,-0.546875
1905,-0.6875,-0.546875
1906,-0.671875,-0.546875
1907,-0.65625,-0.546875
1908,-0.640625,-0.546875
1909,-0.625,-0.546875
1910,-0.609375,-0.546875
1911,-0.59375,-0.546875
1912,-0.578125,-0.546875
1913,-0.5625,-0.546875
1914,-0.546875,-0.546875
1915,-0.53125,-0.546875
1916,-0.515625,-0.546875
1917,-0.5,-0.546875
1918,-0.484375,-0.546875
1919,-0.46875,-0.546875
1920,-0.453125,-0.546875
1921,-0.4375,-0.546875
1922,-0.421875,-0.546875
1923,-0.40625,-0.546875
1924,-0.390625,-0.546875
1925,-0.375,-0.546875
1926,-0.359375,-0.546875
1927,-0.34375,-0.546875
1928,-0.328125,-0.546875
1929,-0.3125,-0.546875
1930,-0.296875,-0.546875
1931,-0.28125,-0.546875
1932,-0.265625,-0.546875
1933,-0.25,-0.546875
1934,-0.234375,-0.546875
1935,-0.21875,-0.546875
1936,-0.203125,-0.546875
1937,-0.1875,-0.546875
1938,-0.171875,-0.546875
1939,-0.15625,-0.546875
1940,-0.140625,-0.546875
1941,-0.125,-0.546875
1942,-0.109375,-0.546875
1943,-0.09375,-0.546875
1944,-0.078125,-0.546875
1945,-0.0625,-0.546875
1946,-0.046875,-0.546875
1947,-0.03125,-0.546875
1948,-0.015625,-0.546875
1949,0.0,-0.546875
1950,-1.0,-0.53125
1951,-0.984375,-0.53125
1952,-0.96875,-0.53125
1953,-0.953125,-0.53125
1954,-0.9375,-0.53125
1955,-0.921875,-0.53125
1956,-0.90625,-0.53125
1957,-0.890625,-0.53125
1958,-0.875,-0.53125
1959,-0.859375,-0.53125
1960,-0.84375,-0.53125
1961,-0.828125,-0.53125
1962,-0.8125,-0.53125
1963,-0.796875,-0.53125
1964,-0.78125,-0.53125
1965,-0.765625,-0.53125
1966,-0.75,-0.53125
1967,-0.734375,-0.53125
1968,-0.71875,-0.53125
1969,-0.703125,-0.53125
1970,-0.6875,-0.53125
1971,-0.671875,-0.53125
1972,-0.65625,-0.53125
1973,-0.640625,-0.53125
1974,-0.625,-0.53125
1975,-0.609375,-0.53125
1976,-0.59375,-0.53125
1977,-0.578125,-0.53125
1978,-0.5625,-0.53125
1979,-0.546875,-0.53125
1980,-0.53125,-0.53125
1981,-0.515625,-0.53125
1982,-0.5,-0.53125
1983,-0.484375,-0.53125
1984,-0.46875,-0.53125
1985,-0.453125,-0.53125
1986,-0.4375,-0.53125
1987,-0.421875,-0.53125
1988,-0.40625,-0.53125
1989,-0.390625,-0.53125
1990,-0.375,-0.53125
1991,-0.359375,-0.53125
1992,-0.34375,-0.53125
1993,-0.328125,-0.53125
1994,-0.3125,-0.53125
1995,-0.296875,-0.53125
1996,-0.28125,-0.53125
1997,-0.265625,-0.53125
1998,-0.25,-0.53125
1999,-0.234375,-0.53125
2000,-0.21875,-0.53125
2001,-0.203125,-0.53125
2002,-0.1875,-0.53125
2003,-0.171875,-0.53125
2004,-0.15625,-0.53125
2005,-0.140625,-0.53125
2006,-0.125,-0.53125
2007,-0.109375,-0.53125
2008,-0.09375,-0.53125
2009,-0.078125,-0.53125
2010,-0.0625,-0.53125
2011,-0.046875,-0.53125
2012,-0.03125,-0.53125
2013,-0.015625,-0.53125
2014,0.0,-0.53125
2015,-1.0,-0.515625
2016,-0.984375,-0.515625
2017,-0.96875,-0.515625
2018,-0.953125,-0.515625
2019,-0.9375,-0.515625
2020,-0.921875,-0.515625
2021,-0.90625,-0.515625
2022,-0.890625,-0.515625
2023,-0.875,-0.515625
2024,-0.859375,-0.515625
2025,-0.84375,-0.515625
2026,-0.828125,-0.515625
2027,-0.8125,-0.515625
2028,-0.796875,-0.515625
2029,-0.78125,-0.515625
2030,-0.765625,-0.515625
2031,-0.75,-0.515625
2032,-0.734375,-0.515625
2033,-0.71875,-0.515625
2034,-0.703125,-0.515625
2035,-0.6875,-0.515625
2036,-0.671875,-0.515625
2037,-0.65625,-0.515625
2038,-0.640625,-0.515625
2039,-0.625,-0.515625
2040,-0.609375,-0.515625
2041,-0.59375,-0.515625
2042,-0.578125,-0.515625
2043,-0.5625,-0.515625
2044,-0.546875,-0.515625
2045,-0.53125,-0.515625
2046,-0.515625,-0.515625
2047,-0.5,-0.515625
2048,-0.484375,-0.515625
2049,-0.46875,-0.515625
2050,-0.453125,-0.515625
2051,-0.4375,-0.515625
2052,-0.421875,-0.515625
2053,-0.40625,-0.515625
2054,-0.390625,-0.515625
2055,-0.375,-0.515625
2056,-0.359375,-0.515625
2057,-0.34375,-0.515625
2058,-0.328125,-0.515625
2059,-0.3125,-0.515625
2060,-0.296875,-0.515625
2061,-0.28125,-0.515625
2062,-0.265625,-0.515625
2063,-0.25,-0.515625
2064,-0.234375,-0.515625
2065,-0.21875,-0.515625
2066,-0.203125,-0.515625
2067,-0.1875,-0.515625
2068,-0.171875,-0.515625
2069,-0.15625,-0.515625
2070,-0.140625,-0.515625
2071,-0.125,-0.515625
2072,-0.109375,-0.515625
2073,-0.09375,-0.515625
2074,-0.078125,-0.515625
2075,-0.0625,-0.515625
2076,-0.046875,-0.515625
2077,-0.03125,-0.515625
2078,-0.015625,-0.515625
2079,0.0,-0.515625
2080,-1.0,-0.5
2081,-0.984375,-0.5
2082,-0.96875,-0.5
2083,-0.953125,-0.5
2084,-0.9375,-0.5
2085,-0.921875,-0.5
2086,-0.90625,-0.5
2087,-0.890625,-0.5
2088,-0.875,-0.5
2089,-0.859375,-0.5
2090,-0.84375,-0.5
2091,-0.828125,-0.5
2092,-0.8125,-0.5
2093,-0.796875,-0.5
2094,-0.78125,-0.5
2095,-0.765625,-0.5
2096,-0.75,-0.5
2097,-0.734375,-0.5
2098,-0.71875,-0.5
2099,-0.703125,-0.5
2100,-0.6875,-0.5
2101,-0.671875,-0.5
2102,-0.65625,-0.5
2103,-0.640625,-0.5
2104,-0.625,-0.5
2105,-0.609375,-0.5
2106,-0.59375,-0.5
2107,-0.578125,-0.5
2108,-0.5625,-0.5
2109,-0.546875,-0.5
2110,-0.53125,-0.5
2111,-0.515625,-0.5
2112,-0.5,-0.5
2113,-0.484375,-0.5
2114,-0.46875,-0.5
2115,-0.453125,-0.5
2116,-0.4375,-0.5
2117,-0.421875,-0.5
2118,-0.40625,-0.5
2119,-0.390625,-0.5
2120,-0.375,-0.5
2121,-0.359375,-0.5
2122,-0.34375,-0.5
2123,-0.328125,-0.5
2124,-0.3125,-0.5
2125,-0.296875,-0.5
2126,-0.28125,-0.5
2127,-0.265625,-0.5
2128,-0.25,-0.5
2129,-0.234375,-0.5
2130,-0.21875,-0.5
2131,-0.203125,-0.5
2132,-0.1875,-0.5
2133,-0.171875,-0.5
2134,-0.15625,-0.5
2135,-0.140625,-0.5
2136,-0.125,-0.5
2137,-0.109375,-0.5
2138,-0.09375,-0.5
2139,-0.078125,-0.5
2140,-0.0625,-0.5
2141,-0.046875,-0.5
2142,-0.03125,-0.5
2143,-0.015625,-0.5
2144,0.0,-0.5
2145,-1.0,-0.484375
2146,-0.984375,-0.484375
2147,-0.96875,-0.484375
2148,-0.953125,-0.484375
2149,-0.9375,-0.484375
2150,-0.921875,-0.484375
2151,-0.90625,-0.484375
2152,-0.890625,-0.484375
2153,-0.875,-0.484375
2154,-0.859375,-0.484375
2155,-0.84375,-0.484375
2156,-0.828125,-0.484375
2157,-0.8125,-0.484375
2158,-0.796875,-0.484375
2159,-0.78125,-0.484375
2160,-0.765625,-0.484375
2161,-0.75,-0.484375
2162,-0.734375,-0.484375
2163,-0.71875,-0.484375
2164,-0.703125,-0.484375
2165,-0.6875,-0.484375
2166,-0.671875,-0.484375
2167,-0.65625,-0.484375
2168,-0.640625,-0.484375
2169,-0.625,-0.484375
2170,-0.609375,-0.484375
2171,-0.59375,-0.484375
2172,-0.578125,-0.484375
2173,-0.5625,-0.484375
2174,-0.546875,-0.484375
2175,-0.53125,-0.484375
2176,-0.515625,-0.484375
2177,-0.5,-0.484375
2178,-0.484375,-0.484375
2179,-0.46875,-0.484375
2180,-0.453125,-0.484375
2181,-0.4375,-0.484375
2182,-0.421875,-0.484375
2183,-0.40625,-0.484375
2184,-0.390625,-0.484375
2185,-0.375,-0.484375
2186,-0.359375,-0.484375
2187,-0.34375,-0.484375
2188,-0.328125,-0.484375
2189,-0.3125,-0.484375
2190,-0.296875,-0.484375
2191,-0.28125,-0.484375
2192,-0.265625,-0.484375
2193,-0.25,-0.484375
2194,-0.234375,-0.484375
2195,-0.21875,-0.484375
2196,-0.203125,-0.484375
2197,-0.1875,-0.484375
2198,-0.171875,-0.484375
2199,-0.15625,-0.484375
2200,-0.140625,-0.484375
2201,-0.125,-0.484375
2202,-0.109375,-0.484375
2203,-0.09375,-0.484375
2204,-0.078125,-0.484375
2205,-0.0625,-0.484375
2206,-0.046875,-0.484375
2207,-0.03125,-0.484375
2208,-0.015625,-0.484375
2209,0.0,-0.484375
2210,-1.0,-0.46875
2211,-0.984375,-0.46875
2212,-0.96875,-0.46875
2213,-0.953125,-0.46875
2214,-0.9375,-0.46875
2215,-0.921875,-0.46875
2216,-0.90625,-0.46875
2217,-0.890625,-0.46875
2218,-0.875,-0.46875
2219,-0.859375,-0.46875
2220,-0.84375,-0.46875
2221,-0.828125,-0.46875
2222,-0.8125,-0.46875
2223,-0.796875,-0.46875
2224,-0.78125,-0.46875
2225,-0.765625,-0.46875
2226,-0.75,-0.46875
2227,-0.734375,-0.46875
2228,-0.71875,-0.46875
2229,-0.703125,-0.46875
2230,-0.6875,-0.46875
2231,-0.671875,-0.46875
2232,-0.65625,-0.46875
2233,-0.640625,-0.46875
2234,-0.625,-0.46875
2235,-0.609375,-0.46875
2236,-0.59375,-0.46875
2237,-0.578125,-0.46875
2238,-0.5625,-0.46875
2239,-0.546875,-0.46875
2240,-0.53125,-0.46875
2241,-0.515625,-0.46875
2242,-0.5,-0.46875
2243,-0.484375,-0.46875
2244,-0.46875,-0.46875
2245,-0.453125,-0.46875
2246,-0.4375,-0.46875
2247,-0.421875,-0.46875
2248,-0.40625,-0.46875
2249,-0.390625,-0.46875
2250,-0.375,-0.46875
2251,-0.359375,-0.46875
2252,-0.34375,-0.46875
2253,-0.328125,-0.46875
2254,-0.3125,-0.46875
2255,-0.296875,-0.46875
2256,-0.28125,-0.46875
2257,-0.265625,-0.46875
2258,-0.25,-0.46875
2259,-0.234375,-0.46875
2260,-0.21875,-0.46875
2261,-0.203125,-0.46875
2262,-0.1875,-0.46875
2263,-0.171875,-0.46875
2264,-0.15625,-0.46875
2265,-0.140625,-0.46875
2266,-0.125,-0.46875
2267,-0.109375,-0.46875
2268,-0.09375,-0.46875
2269,-0.078125,-0.46875
2270,-0.0625,-0.46875
2271,-0.046875,-0.46875
2272,-0.03125,-0.46875
2273,-0.015625,-0.46875
2274,0.0,-0.46875
2275,-1.0,-0.453125
2276,-0.984375,-0.453125
2277,-0.96875,-0.453125
2278,-0.953125,-0.453125
2279,-0.9375,-0.453125
2280,-0.921875,-0.453125
2281,-0.90625,-0.453125
2282,-0.890625,-0.453125
2283,-0.875,-0.453125
2284,-0.859375,-0.453125
2285,-0.84375,-0.453125
2286,-0.828125,-0.453125
2287,-0.8125,-0.453125
2288,-0.796875,-0.453125
2289,-0.78125,-0.453125
2290,-0.765625,-0.453125
2291,-0.75,-0.453125
2292,-0.734375,-0.453125
2293,-0.71875,-0.453125
2294,-0.703125,-0.453125
2295,-0.6875,-0.453125
2296,-0.671875,-0.453125
2297,-0.65625,-0.453125
2298,-0.640625,-0.453125
2299,-0.625,-0.453125
2300,-0.609375,-0.453125
2301,-0.59375,-0.453125
2302,-0.578125,-0.453125
2303,-0.5625,-0.453125
2304,-0.546875,-0.453125
2305,-0.53125,-0.453125
2306,-0.515625,-0.453125
2307,-0.5,-0.453125
2308,-0.484375,-0.453125
2309,-0.46875,-0.453125
2310,-0.453125,-0.453125
2311,-0.4375,-0.453125
2312,-0.421875,-0.453125
2313,-0.40625,-0.453125
2314,-0.390625,-0.453125
2315,-0.375,-0.453125
2316,-0.359375,-0.453125
2317,-0.34375,-0.453125
2318,-0.328125,-0.453125
2319,-0.3125,-0.453125
2320,-0.296875,-0.453125
2321,-0.28125,-0.453125
2322,-0.265625,-0.453125
2323,-0.25,-0.453125
2324,-0.234375,-0.453125
2325,-0.21875,-0.453125
2326,-0.203125,-0.453125
2327,-0.1875,-0.453125
2328,-0.171875,-0.453125
2329,-0.15625,-0.453125
2330,-0.140625,-0.453125
2331,-0.125,-0.453125
2332,-0.109375,-0.453125
2333,-0.09375,-0.453125
2334,-0.078125,-0.453125
2335,-0.0625,-0.453125
2336,-0.046875,-0.453125
2337,-0.03125,-0.453125
2338,-0.015625,-0.453125
2339,0.0,-0.453125
2340,-1.0,-0.4375
2341,-0.984375,-0.4375
2342,-0.96875,-0.4375
2343,-0.953125,-0.4375
2344,-0.9375,-0.4375
2345,-0.921875,-0.4375
2346,-0.90625,-0.4375
2347,-0.890625,-0.4375
2348,-0.875,-0.4375
2349,-0.859375,-0.4375
2350,-0.84375,-0.4375
2351,-0.828125,-0.4375
2352,-0.8125,-0.4375
2353,-0.796875,-0.4375
2354,-0.78125,-0.4375
2355,-0.765625,-0.4375
2356,-0.75,-0.4375
2357,-0.734375,-0.4375
2358,-0.71875,-0.4375
2359,-0.703125,-0.4375
2360,-0.6875,-0.4375
2361,-0.671875,-0.4375
2362,-0.65625,-0.4375
2363,-0.640625,-0.4375
2364,-0.625,-0.4375
2365,-0.609375,-0.4375
2366,-0.59375,-0.4375
2367,-0.578125,-0.4375
2368,-0.5625,-0.4375
2369,-0.546875,-0.4375
2370,-0.53125,-0.4375
2371,-0.515625,-0.4375
2372,-0.5,-0.4375
2373,-0.484375,-0.4375
2374,-0.46875,-0.4375
2375,-0.453125,-0.4375
2376,-0.4375,-0.4375
2377,-0.421875,-0.4375
2378,-0.40625,-0.4375
2379,-0.390625,-0.4375
2380,-0.375,-0.4375
2381,-0.359375,-0.4375
2382,-0.34375,-0.4375
2383,-0.328125,-0.4375
2384,-0.3125,-0.4375
2385,-0.296875,-0.4375
2386,-0.28125,-0.4375
2387,-0.265625,-0.4375
2388,-0.25,-0.4375
2389,-0.234375,-0.4375
2390,-0.21875,-0.4375
2391,-0.203125,-0.4375
2392,-0.1875,-0.4375
2393,-0.171875,-0.4375
2394,-0.15625,-0.4375
2395,-0.140625,-0.4375
2396,-0.125,-0.4375
2397,-0.109375,-0.4375
2398,-0.09375,-0.4375
2399,-0.078125,-0.4375
2400,-0.0625,-0.4375
2401,-0.046875,-0.4375
2402,-0.03125,-0.4375
2403,-0.015625,-0.4375
2404,0.0,-0.4375
2405,-1.0,-0.421875
2406,-0.984375,-0.421875
2407,-0.96875,-0.421875
2408,-0.953125,-0.421875
2409,-0.9375,-0.421875
2410,-0.921875,-0.421875
2411,-0.90625,-0.421875
2412,-0.890625,-0.421875
2413,-0.875,-0.421875
2414,-0.859375,-0.421875
2415,-0.84375,-0.421875
2416,-0.828125,-0.421875
2417,-0.8125,-0.421875
2418,-0.796875,-0.421875
2419,-0.78125,-0.421875
2420,-0.765625,-0.421875
2421,-0.75,-0.421875
2422,-0.734375,-0.421875
2423,-0.71875,-0.421875
2424,-0.703125,-0.421875
2425,-0.6875,-0.421875
2426,-0.671875,-0.421875
2427,-0.65625,-0.421875
2428,-0.640625,-0.421875
2429,-0.625,-0.421875
2430,-0.609375,-0.421875
2431,-0.59375,-0.421875
2432,-0.578125,-0.421875
2433,-0.5625,-0.421875
2434,-0.546875,-0.421875
2435,-0.53125,-0.421875
2436,-0.515625,-0.421875
2437,-0.5,-0.421875
2438,-0.484375,-0.421875
2439,-0.46875,-0.421875
2440,-0.453125,-0.421875
2441,-0.4375,-0.421875
2442,-0.421875,-0.421875
2443,-0.40625,-0.421875
2444,-0.390625,-0.421875
2445,-0.375,-0.421875
2446,-0.359375,-0.421875
2447,-0.34375,-0.421875
2448,-0.328125,-0.421875
2449,-0.3125,-0.421875
2450,-0.296875,-0.421875
2451,-0.28125,-0.421875
2452,-0.265625,-0.421875
2453,-0.25,-0.421875
2454,-0.234375,-0.421875
2455,-0.21875,-0.421875
2456,-0.203125,-0.421875
2457,-0.1875,-0.421875
2458,-0.171875,-0.421875
2459,-0.15625,-0.421875
2460,-0.140625,-0.421875
2461,-0.125,-0.421875
2462,-0.109375,-0.421875
2463,-0.09375,-0.421875
2464,-0.078125,-0.421875
2465,-0.0625,-0.421875
2466,-0.046875,-0.421875
2467,-0.03125,-0.421875
2468,-0.015625,-0.421875
2469,0.0,-0.421875
2470,-1.0,-0.40625
2471,-0.984375,-0.40625
2472,-0.96875,-0.40625
2473,-0.953125,-0.40625
2474,-0.9375,-0.40625
2475,-0.921875,-0.40625
2476,-0.90625,-0.40625
2477,-0.890625,-0.40625
2478,-0.875,-0.40625
2479,-0.859375,-0.40625
2480,-0.84375,-0.40625
2481,-0.828125,-0.40625
2482,-0.8125,-0.40625
2483,-0.796875,-0.40625
2484,-0.78125,-0.40625
2485,-0.765625,-0.40625
2486,-0.75,-0.40625
2487,-0.734375,-0.40625
2488,-0.71875,-0.40625
2489,-0.703125,-0.40625
2490,-0.6875,-0.40625
2491,-0.671875,-0.40625
2492,-0.65625,-0.40625
2493,-0.640625,-0.40625
2494,-0.625,-0.40625
2495,-0.609375,-0.40625
2496,-0.59375,-0.40625
2497,-0.578125,-0.40625
2498,-0.5625,-0.40625
2499,-0.546875,-0.40625
2500,-0.53125,-0.40625
2501,-0.515625,-0.40625
2502,-0.5,-0.40625
2503,-0.484375,-0.40625
2504,-0.46875,-0.40625
2505,-0.453125,-0.40625
2506,-0.4375,-0.40625
2507,-0.421875,-0.40625
2508,-0.40625,-0.40625
2509,-0.390625,-0.40625
2510,-0.375,-0.40625
2511,-0.359375,-0.40625
2512,-0.34375,-0.40625
2513,-0.328125,-0.40625
2514,-0.3125,-0.40625
2515,-0.296875,-0.40625
2516,-0.28125,-0.40625
2517,-0.265625,-0.40625
2518,-0.25,-0.40625
2519,-0.234375,-0.40625
2520,-0.21875,-0.40625
2521,-0.203125,-0.40625
2522,-0.1875,-0.40625
2523,-0.171875,-0.40625
2524,-0.15625,-0.40625
2525,-0.140625,-0.40625
2526,-0.125,-0.40625
2527,-0.109375,-0.40625
2528,-0.09375,-0.40625
2529,-0.078125,-0.40625
2530,-0.0625,-0.40625
2531,-0.046875,-0.40625
2532,-0.03125,-0.40625
2533,-0.015625,-0.40625
2534,0.0,-0.40625
2535,-1.0,-0.390625
2536,-0.984375,-0.390625
2537,-0.96875,-0.390625
2538,-0.953125,-0.390625
2539,-0.9375,-0.390625
2540,-0.921875,-0.390625
2541,-0.90625,-0.390625
2542,-0.890625,-0.390625
2543,-0.875,-0.390625
2544,-0.859375,-0.390625
2545,-0.84375,-0.390625
2546,-0.828125,-0.390625
2547,-0.8125,-0.390625
2548,-0.796875,-0.390625
2549,-0.78125,-0.390625
2550,-0.765625,-0.390625
2551,-0.75,-0.390625
2552,-0.734375,-0.390625
2553,-0.71875,-0.390625
2554,-0.703125,-0.390625
2555,-0.6875,-0.390625
2556,-0.671875,-0.390625
2557,-0.65625,-0.390625
2558,-0.640625,-0.390625
2559,-0.625,-0.390625
2560,-0.609375,-0.390625
2561,-0.59375,-0.390625
2562,-0.578125,-0.390625
2563,-0.5625,-0.390625
2564,-0.546875,-0.390625
2565,-0.53125,-0.390625
2566,-0.515625,-0.390625
2567,-0.5,-0.390625
2568,-0.484375,-0.390625
2569,-0.46875,-0.390625
2570,-0.453125,-0.390625
2571,-0.4375,-0.390625
2572,-0.421875,-0.390625
2573,-0.40625,-0.390625
2574,-0.390625,-0.390625
2575,-0.375,-0.390625
2576,-0.359375,-0.390625
2577,-0.34375,-0.390625
2578,-0.328125,-0.390625
2579,-0.3125,-0.390625
2580,-0.296875,-0.390625
2581,-0.28125,-0.390625
2582,-0.265625,-0.390625
2583,-0.25,-0.390625
2584,-0.234375,-0.390625
2585,-0.21875,-0.390625
2586,-0.203125,-0.390625
2587,-0.1875,-0.390625
2588,-0.171875,-0.390625
2589,-0.15625,-0.390625
2590,-0.140625,-0.390625
2591,-0.125,-0.390625
2592,-0.109375,-0.390625
2593,-0.09375,-0.390625
2594,-0.078125,-0.390625
2595,-0.0625,-0.390625
2596,-0.046875,-0.390625
2597,-0.03125,-0.390625
2598,-0.015625,-0.390625
2599,0.0,-0.390625
2600,-1.0,-0.375
2601,-0.984375,-0.375
2602,-0.96875,-0.375
2603,-0.953125,-0.375
2604,-0.9375,-0.375
2605,-0.921875,-0.375
2606,-0.90625,-0.375
2607,-0.890625,-0.375
2608,-0.875,-0.375
2609,-0.859375,-0.375
2610,-0.84375,-0.375
2611,-0.828125,-0.375
2612,-0.8125,-0.375
2613,-0.796875,-0.375
2614,-0.78125,-0.375
2615,-0.765625,-0.375
2616,-0.75,-0.375
2617,-0.734375,-0.375
2618,-0.71875,-0.375
2619,-0.703125,-0.375
2620,-0.6875,-0.375
2621,-0.671875,-0.375
2622,-0.65625,-0.375
2623,-0.640625,-0.375
2624,-0.625,-0.375
2625,-0.609375,-0.375
2626,-0.59375,-0.375
2627,-0.578125,-0.375
2628,-0.5625,-0.375
2629,-0.546875,-0.375
2630,-0.53125,-0.375
2631,-0.515625,-0.375
2632,-0.5,-0.375
2633,-0.484375,-0.375
2634,-0.46875,-0.375
2635,-0.453125,-0.375
2636,-0.4375,-0.375
2637,-0.421875,-0.375
2638,-0.40625,-0.375
2639,-0.390625,-0.375
2640,-0.375,-0.375
2641,-0.359375,-0.375
2642,-0.34375,-0.375
2643,-0.328125,-0.375
2644,-0.3125,-0.375
2645,-0.296875,-0.375
2646,-0.28125,-0.375
2647,-0.265625,-0.375
2648,-0.25,-0.375
2649,-0.234375,-0.375
2650,-0.21875,-0.375
2651,-0.203125,-0.375
2652,-0.1875,-0.375
2653,-0.171875,-0.375
2654,-0.15625,-0.375
2655,-0.140625,-0.375
2656,-0.125,-0.375
2657,-0.109375,-0.375
2658,-0.09375,-0.375
2659,-0.078125,-0.375
2660,-0.0625,-0.375
2661,-0.046875,-0.375
2662,-0.03125,-0.375
2663,-0.015625,-0.375
2664,0.0,-0.375
2665,-1.0,-0.359375
2666,-0.984375,-0.359375
2667,-0.96875,-0.359375
2668,-0.953125,-0.359375
2669,-0.9375,-0.359375
2670,-0.921875,-0.359375
2671,-0.90625,-0.359375
2672,-0.890625,-0.359375
2673,-0.875,-0.359375
2674,-0.859375,-0.359375
2675,-0.84375,-0.359375
2676,-0.828125,-0.359375
2677,-0.8125,-0.359375
2678,-0.796875,-0.359375
2679,-0.78125,-0.359375
2680,-0.765625,-0.359375
2681,-0.75,-0.359375
2682,-0.734375,-0.359375
2683,-0.71875,-0.359375
2684,-0.703125,-0.359375
2685,-0.6875,-0.359375
2686,-0.671875,-0.359375
2687,-0.65625,-0.359375
2688,-0.640625,-0.359375
2689,-0.625,-0.359375
2690,-0.609375,-0.359375
2691,-0.59375,-0.359375
2692,-0.578125,-0.359375
2693,-0.5625,-0.359375
2694,-0.546875,-0.359375
2695,-0.53125,-0.359375
2696,-0.515625,-0.359375
2697,-0.5,-0.359375
2698,-0.484375,-0.359375
2699,-0.46875,-0.359375
2700,-0.453125,-0.359375
2701,-0.4375,-0.359375
2702,-0.421875,-0.359375
2703,-0.40625,-0.359375
2704,-0.390625,-0.359375
2705,-0.375,-0.359375
2706,-0.359375,-0.359375
2707,-0.34375,-0.359375
2708,-0.328125,-0.359375
2709,-0.3125,-0.359375
2710,-0.296875,-0.359375
2711,-0.28125,-0.359375
2712,-0.265625,-0.359375
2713,-0.25,-0.359375
2714,-0.234375,-0.359375
2715,-0.21875,-0.359375
2716,-0.203125,-0.359375
2717,-0.1875,-0.359375
2718,-0.171875,-0.359375
2719,-0.15625,-0.359375
2720,-0.140625,-0.359375
2721,-0.125,-0.359375
2722,-0.109375,-0.359375
2723,-0.09375,-0.359375
2724,-0.078125,-0.359375
2725,-0.0625,-0.359375
2726,-0.046875,-0.359375
2727,-0.03125,-0.359375
2728,-0.015625,-0.359375
2729,0.0,-0.359375
2730,-1.0,-0.34375
2731,-0.984375,-0.34375
2732,-0.96875,-0.34375
2733,-0.953125,-0.34375
2734,-0.9375,-0.34375
2735,-0.921875,-0.34375
2736,-0.90625,-0.34375
2737,-0.890625,-0.34375
2738,-0.875,-0.34375
2739,-0.859375,-0.34375
2740,-0.84375,-0.34375
2741,-0.828125,-0.34375
2742,-0.8125,-0.34375
2743,-0.796875,-0.34375
2744,-0.78125,-0.34375
2745,-0.765625,-0.34375
2746,-0.75,-0.34375
2747,-0.734375,-0.34375
2748,-0.71875,-0.34375
2749,-0.703125,-0.34375
2750,-0.6875,-0.34375
2751,-0.671875,-0.34375
2752,-0.65625,-0.34375
2753,-0.640625,-0.34375
2754,-0.625,-0.34375
2755,-0.609375,-0.34375
2756,-0.59375,-0.34375
2757,-0.578125,-0.34375
2758,-0.5625,-0.34375
2759,-0.546875,-0.34375
2760,-0.53125,-0.34375
2761,-0.515625,-0.34375
2762,-0.5,-0.34375
2763,-0.484375,-0.34375
2764,-0.46875,-0.34375
2765,-0.453125,-0.34375
2766,-0.4375,-0.34375
2767,-0.421875,-0.34375
2768,-0.40625,-0.34375
2769,-0.390625,-0.34375
2770,-0.375,-0.34375
2771,-0.359375,-0.34375
2772,-0.34375,-0.34375
2773,-0.328125,-0.34375
2774,-0.3125,-0.34375
2775,-0.296875,-0.34375
2776,-0.28125,-0.34375
2777,-0.265625,-0.34375
2778,-0.25,-0.34375
2779,-0.234375,-0.34375
2780,-0.21875,-0.34375
2781,-0.203125,-0.34375
2782,-0.1875,-0.34375
2783,-0.171875,-0.34375
2784,-0.15625,-0.34375
2785,-0.140625,-0.34375
2786,-0.125,-0.34375
2787,-0.109375,-0.34375
2788,-0.09375,-0.34375
2789,-0.078125,-0.34375
2790,-0.0625,-0.34375
2791,-0.046875,-0.34375
2792,-0.03125,-0.34375
2793,-0.015625,-0.34375
2794,0.0,-0.34375
2795,-1.0,-0.328125
2796,-0.984375,-0.328125
2797,-0.96875,-0.328125
2798,-0.953125,-0.328125
2799,-0.9375,-0.328125
2800,-0.921875,-0.328125
2801,-0.90625,-0.328125
2802,-0.890625,-0.328125
2803,-0.875,-0.328125
2804,-0.859375,-0.328125
2805,-0.84375,-0.328125
2806,-0.828125,-0.328125
2807,-0.8125,-0.328125
2808,-0.796875,-0.328125
2809,-0.78125,-0.328125
2810,-0.765625,-0.328125
2811,-0.75,-0.328125
2812,-0.734375,-0.328125
2813,-0.71875,-0.328125
2814,-0.703125,-0.328125
2815,-0.6875,-0.328125
2816,-0.671875,-0.328125
2817,-0.65625,-0.328125
2818,-0.640625,-0.328125
2819,-0.625,-0.328125
2820,-0.609375,-0.328125
2821,-0.59375,-0.328125
2822,-0.578125,-0.328125
2823,-0.5625,-0.328125
2824,-0.546875,-0.328125
2825,-0.53125,-0.328125
2826,-0.515625,-0.328125
2827,-0.5,-0.328125
2828,-0.484375,-0.328125
2829,-0.46875,-0.328125
2830,-0.453125,-0.328125
2831,-0.4375,-0.328125
2832,-0.421875,-0.328125
2833,-0.40625,-0.328125
2834,-0.390625,-0.328125
2835,-0.375,-0.328125
2836,-0.359375,-0.328125
2837,-0.34375,-0.328125
2838,-0.328125,-0.328125
2839,-0.3125,-0.328125
2840,-0.296875,-0.328125
2841,-0.28125,-0.328125
2842,-0.265625,-0.328125
2843,-0.25,-0.328125
2844,-0.234375,-0.328125
2845,-0.21875,-0.328125
2846,-0.203125,-0.328125
2847,-0.1875,-0.328125
2848,-0.171875,-0.328125
2849,-0.15625,-0.328125
2850,-0.140625,-0.328125
2851,-0.125,-0.328125
2852,-0.109375,-0.328125
2853,-0.09375,-0.328125
2854,-0.078125,-0.328125
2855,-0.0625,-0.328125
2856,-0.046875,-0.328125
2857,-0.03125,-0.328125
2858,-0.015625,-0.328125
2859,0.0,-0.328125
2860,-1.0,-0.3125
2861,-0.984375,-0.3125
2862,-0.96875,-0.3125
2863,-0.953125,-0.3125
2864,-0.9375,-0.3125
2865,-0.921875,-0.3125
2866,-0.90625,-0.3125
2867,-0.890625,-0.3125
2868,-0.875,-0.3125
2869,-0.859375,-0.3125
2870,-0.84375,-0.3125
2871,-0.828125,-0.3125
2872,-0.8125,-0.3125
2873,-0.796875,-0.3125
2874,-0.78125,-0.3125
2875,-0.765625,-0.3125
2876,-0.75,-0.3125
2877,-0.734375,-0.3125
2878,-0.71875,-0.3125
2879,-0.703125,-0.3125
2880,-0.6875,-0.3125
2881,-0.671875,-0.3125
2882,-0.65625,-0.3125
2883,-0.640625,-0.3125
2884,-0.625,-0.3125
2885,-0.609375,-0.3125
2886,-0.59375,-0.3125
2887,-0.578125,-0.3125
2888,-0.5625,-0.3125
2889,-0.546875,-0.3125
2890,-0.53125,-0.3125
2891,-0.515625,-0.3125
2892,-0.5,-0.3125
2893,-0.484375,-0.3125
2894,-0.46875,-0.3125
2895,-0.453125,-0.3125
2896,-0.4375,-0.3125
2897,-0.421875,-0.3125
2898,-0.40625,-0.3125
2899,-0.390625,-0.3125
2900,-0.375,-0.3125
2901,-0.359375,-0.3125
2902,-0.34375,-0.3125
2903,-0.328125,-0.3125
2904,-0.3125,-0.3125
2905,-0.296875,-0.3125
2906,-0.28125,-0.3125
2907,-0.265625,-0.3125
2908,-0.25,-0.3125
2909,-0.234375,-0.3125
2910,-0.21875,-0.3125
2911,-0.203125,-0.3125
2912,-0.1875,-0.3125
2913,-0.171875,-0.3125
2914,-0.15625,-0.3125
2915,-0.140625,-0.3125
2916,-0.125,-0.3125
2917,-0.109375,-0.3125
2918,-0.09375,-0.3125
2919,-0.078125,-0.3125
2920,-0.0625,-0.3125
2921,-0.046875,-0.3125
2922,-0.03125,-0.3125
2923,-0.015625,-0.3125
2924,0.0,-0.3125
2925,-1.0,-0.296875
2926,-0.984375,-0.296875
2927,-0.96875,-0.296875
2928,-0.953125,-0.296875
2929,-0.9375,-0.296875
2930,-0.921875,-0.296875
2931,-0.90625,-0.296875
2932,-0.890625,-0.296875
2933,-0.875,-0.296875
2934,-0.859375,-0.296875
2935,-0.84375,-0.296875
2936,-0.828125,-0.296875
2937,-0.8125,-0.296875
2938,-0.796875,-0.296875
2939,-0.78125,-0.296875
2940,-0.765625,-0.296875
2941,-0.75,-0.296875
2942,-0.734375,-0.296875
2943,-0.71875,-0.296875
2944,-0.703125,-0.296875
2945,-0.6875,-0.296875
2946,-0.671875,-0.296875
2947,-0.65625,-0.296875
2948,-0.640625,-0.296875
2949,-0.625,-0.296875
2950,-0.609375,-0.296875
2951,-0.59375,-0.296875
2952,-0.578125,-0.296875
2953,-0.5625,-0.296875
2954,-0.546875,-0.296875
2955,-0.53125,-0.296875
2956,-0.515625,-0.296875
2957,-0.5,-0.296875
2958,-0.484375,-0.296875
2959,-0.46875,-0.296875
2960,-0.453125,-0.296875
2961,-0.4375,-0.296875
2962,-0.421875,-0.296875
2963,-0.40625,-0.296875
2964,-0.390625,-0.296875
2965,-0.375,-0.296875
2966,-0.359375,-0.296875
2967,-0.34375,-0.296875
2968,-0.328125,-0.296875
2969,-0.3125,-0.296875
2970,-0.296875,-0.296875
2971,-0.28125,-0.296875
2972,-0.265625,-0.296875
2973,-0.25,-0.296875
2974,-0.234375,-0.296875
2975,-0.21875,-0.296875
2976,-0.203125,-0.296875
2977,-0.1875,-0.296875
2978,-0.171875,-0.296875
2979,-0.15625,-0.296875
2980,-0.140625,-0.296875
2981,-0.125,-0.296875
2982,-0.109375,-0.296875
2983,-0.09375,-0.296875
2984,-0.078125,-0.296875
2985,-0.0625,-0.296875
2986,-0.046875,-0.296875
2987,-0.03125,-0.296875
2988,-0.015625,-0.296875
2989,0.0,-0.296875
2990,-1.0,-0.28125
2991,-0.984375,-0.28125
2992,-0.96875,-0.28125
2993,-0.953125,-0.28125
2994,-0.9375,-0.28125
2995,-0.921875,-0.28125
2996,-0.90625,-0.28125
2997,-0.890625,-0.28125
2998,-0.875,-0.28125
2999,-0.859375,-0.28125
3000,-0.84375,-0.28125
3001,-0.828125,-0.28125
3002,-0.8125,-0.28125
3003,-0.796875,-0.28125
3004,-0.78125,-0.28125
3005,-0.765625,-0.28125
3006,-0.75,-0.28125
3007,-0.734375,-0.28125
3008,-0.71875,-0.28125
3009,-0.703125,-0.28125
3010,-0.6875,-0.28125
3011,-0.671875,-0.28125
3012,-0.65625,-0.28125
3013,-0.640625,-0.28125
3014,-0.625,-0.28125
3015,-0.609375,-0.28125
3016,-0.59375,-0.28125
3017,-0.578125,-0.28125
3018,-0.5625,-0.28125
3019,-0.546875,-0.28125
3020,-0.53125,-0.28125
3021,-0.515625,-0.28125
3022,-0.5,-0.28125
3023,-0.484375,-0.28125
3024,-0.46875,-0.28125
3025,-0.453125,-0.28125
3026,-0.4375,-0.28125
3027,-0.421875,-0.28125
3028,-0.40625,-0.28125
3029,-0.390625,-0.28125
3030,-0.375,-0.28125
3031,-0.359375,-0.28125
3032,-0.34375,-0.28125
3033,-0.328125,-0.28125
3034,-0.3125,-0.28125
3035,-0.296875,-0.28125
3036,-0.28125,-0.28125
3037,-0.265625,-0.28125
3038,-0.25,-0.28125
3039,-0.234375,-0.28125
3040,-0.21875,-0.28125
3041,-0.203125,-0.28125
3042,-0.1875,-0.28125
3043,-0.171875,-0.28125
3044,-0.15625,-0.28125
3045,-0.140625,-0.28125
3046,-0.125,-0.28125
3047,-0.109375,-0.28125
3048,-0.09375,-0.28125
3049,-0.078125,-0.28125
3050,-0.0625,-0.28125
3051,-0.046875,-0.28125
3052,-0.03125,-0.28125
3053,-0.015625,-0.28125
3054,0.0,-0.28125
3055,-1.0,-0.265625
3056,-0.984375,-0.265625
3057,-0.96875,-0.265625
3058,-0.953125,-0.265625
3059,-0.9375,-0.265625
3060,-0.921875,-0.265625
3061,-0.90625,-0.265625
3062,-0.890625,-0.265625
3063,-0.875,-0.265625
3064,-0.859375,-0.265625
3065,-0.84375,-0.265625
3066,-0.828125,-0.265625
3067,-0.8125,-0.265625
3068,-0.796875,-0.265625
3069,-0.78125,-0.265625
3070,-0.765625,-0.265625
3071,-0.75,-0.265625
3072,-0.734375,-0.265625
3073,-0.71875,-0.265625
3074,-0.703125,-0.265625
3075,-0.6875,-0.265625
3076,-0.671875,-0.265625
3077,-0.65625,-0.265625
3078,-0.640625,-0.265625
3079,-0.625,-0.265625
3080,-0.609375,-0.265625
3081,-0.59375,-0.265625
3082,-0.578125,-0.265625
3083,-0.5625,-0.265625
3084,-0.546875,-0.265625
3085,-0.53125,-0.265625
3086,-0.515625,-0.265625
3087,-0.5,-0.265625
3088,-0.484375,-0.265625
3089,-0.46875,-0.265625
3090,-0.453125,-0.265625
3091,-0.4375,-0.265625
3092,-0.421875,-0.265625
3093,-0.40625,-0.265625
3094,-0.390625,-0.265625
3095,-0.375,-0.265625
3096,-0.359375,-0.265625
3097,-0.34375,-0.265625
3098,-0.328125,-0.265625
3099,-0.3125,-0.265625
3100,-0.296875,-0.265625
3101,-0.28125,-0.265625
3102,-0.265625,-0.265625
3103,-0.25,-0.265625
3104,-0.234375,-0.265625
3105,-0.21875,-0.265625
3106,-0.203125,-0.265625
3107,-0.1875,-0.265625
3108,-0.171875,-0.265625
3109,-0.15625,-0.265625
3110,-0.140625,-0.265625
3111,-0.125,-0.265625
3112,-0.109375,-0.265625
3113,-0.09375,-0.265625
3114,-0.078125,-0.265625
3115,-0.0625,-0.265625
3116,-0.046875,-0.265625
3117,-0.03125,-0.265625
3118,-0.015625,-0.265625
3119,0.0,-0.265625
3120,-1.0,-0.25
3121,-0.984375,-0.25
3122,-0.96875,-0.25
3123,-0.953125,-0.25
3124,-0.9375,-0.25
3125,-0.921875,-0.25
3126,-0.90625,-0.25
3127,-0.890625,-0.25
3128,-0.875,-0.25
3129,-0.859375,-0.25
3130,-0.84375,-0.25
3131,-0.828125,-0.25
3132,-0.8125,-0.25
3133,-0.796875,-0.25
3134,-0.78125,-0.25
3135,-0.765625,-0.25
3136,-0.75,-0.25
3137,-0.734375,-0.25
3138,-0.71875,-0.25
3139,-0.703125,-0.25
3140,-0.6875,-0.25
3141,-0.671875,-0.25
3142,-0.65625,-0.25
3143,-0.640625,-0.25
3144,-0.625,-0.25
3145,-0.609375,-0.25
3146,-0.59375,-0.25
3147,-0.578125,-0.25
3148,-0.5625,-0.25
3149,-0.546875,-0.25
3150,-0.53125,-0.25
3151,-0.515625,-0.25
3152,-0.5,-0.25
3153,-0.484375,-0.25
3154,-0.46875,-0.25
3155,-0.453125,-0.25
3156,-0.4375,-0.25
3157,-0.421875,-0.25
3158,-0.40625,-0.25
3159,-0.390625,-0.25
3160,-0.375,-0.25
3161,-0.359375,-0.25
3162,-0.34375,-0.25
3163,-0.328125,-0.25
3164,-0.3125,-0.25
3165,-0.296875,-0.25
3166,-0.28125,-0.25
3167,-0.265625,-0.25
3168,-0.25,-0.25
3169,-0.234375,-0.25
3170,-0.21875,-0.25
3171,-0.203125,-0.25
3172,-0.1875,-0.25
3173,-0.171875,-0.25
3174,-0.15625,-0.25
3175,-0.140625,-0.25
3176,-0.125,-0.25
3177,-0.109375,-0.25
3178,-0.09375,-0.25
3179,-0.078125,-0.25
3180,-0.0625,-0.25
3181,-0.046875,-0.25
3182,-0.03125,-0.25
3183,-0.015625,-0.25
3184,0.0,-0.25
3185,-1.0,-0.234375
3186,-0.984375,-0.234375
3187,-0.96875,-0.234375
3188,-0.953125,-0.234375
3189,-0.9375,-0.234375
3190,-0.921875,-0.234375
3191,-0.90625,-0.234375
3192,-0.890625,-0.234375
3193,-0.875,-0.234375
3194,-0.859375,-0.234375
3195,-0.84375,-0.234375
3196,-0.828125,-0.234375
3197,-0.8125,-0.234375
3198,-0.796875,-0.234375
3199,-0.78125,-0.234375
3200,-0.765625,-0.234375
3201,-0.75,-0.234375
3202,-0.734375,-0.234375
3203,-0.71875,-0.234375
3204,-0.703125,-0.234375
3205,-0.6875,-0.234375
3206,-0.671875,-0.234375
3207,-0.65625,-0.234375
3208,-0.640625,-0.234375
3209,-0.625,-0.234375
3210,-0.609375,-0.234375
3211,-0.59375,-0.234375
3212,-0.578125,-0.234375
3213,-0.5625,-0.234375
3214,-0.546875,-0.234375
3215,-0.53125,-0.234375
3216,-0.515625,-0.234375
3217,-0.5,-0.234375
3218,-0.484375,-0.234375
3219,-0.46875,-0.234375
3220,-0.453125,-0.234375
3221,-0.4375,-0.234375
3222,-0.421875,-0.234375
3223,-0.40625,-0.234375
3224,-0.390625,-0.234375
3225,-0.375,-0.234375
3226,-0.359375,-0.234375
3227,-0.34375,-0.234375
3228,-0.328125,-0.234375
3229,-0.3125,-0.234375
3230,-0.296875,-0.234375
3231,-0.28125,-0.234375
3232,-0.265625,-0.234375
3233,-0.25,-0.234375
3234,-0.234375,-0.234375
3235,-0.21875,-0.234375
3236,-0.203125,-0.234375
3237,-0.1875,-0.234375
3238,-0.171875,-0.234375
3239,-0.15625,-0.234375
3240,-0.140625,-0.234375
3241,-0.125,-0.234375
3242,-0.109375,-0.234375
3243,-0.09375,-0.234375
3244,-0.078125,-0.234375
3245,-0.0625,-0.234375
3246,-0.046875,-0.234375
3247,-0.03125,-0.234375
3248,-0.015625,-0.234375
3249,0.0,-0.234375
3250,-1.0,-0.21875
3251,-0.984375,-0.21875
3252,-0.96875,-0.21875
3253,-0.953125,-0.21875
3254,-0.9375,-0.21875
3255,-0.921875,-0.21875
3256,-0.90625,-0.21875
3257,-0.890625,-0.21875
3258,-0.875,-0.21875
3259,-0.859375,-0.21875
3260,-0.84375,-0.21875
3261,-0.828125,-0.21875
3262,-0.8125,-0.21875
3263,-0.796875,-0.21875
3264,-0.78125,-0.21875
3265,-0.765625,-0.21875
3266,-0.75,-0.21875
3267,-0.734375,-0.21875
3268,-0.71875,-0.21875
3269,-0.703125,-0.21875
3270,-0.6875,-0.21875
3271,-0.671875,-0.21875
3272,-0.65625,-0.21875
3273,-0.640625,-0.21875
3274,-0.625,-0.21875
3275,-0.609375,-0.21875
3276,-0.59375,-0.21875
3277,-0.578125,-0.21875
3278,-0.5625,-0.21875
3279,-0.546875,-0.21875
3280,-0.53125,-0.21875
3281,-0.515625,-0.21875
3282,-0.5,-0.21875
3283,-0.484375,-0.21875
3284,-0.46875,-0.21875
3285,-0.453125,-0.21875
3286,-0.4375,-0.21875
3287,-0.421875,-0.21875
3288,-0.40625,-0.21875
3289,-0.390625,-0.21875
3290,-0.375,-0.21875
3291,-0.359375,-0.21875
3292,-0.34375,-0.21875
3293,-0.328125,-0.21875
3294,-0.3125,-0.21875
3295,-0.296875,-0.21875
3296,-0.28125,-0.21875
3297,-0.265625,-0.21875
3298,-0.25,-0.21875
3299,-0.234375,-0.21875
3300,-0.21875,-0.21875
3301,-0.203125,-0.21875
3302,-0.1875,-0.21875
3303,-0.171875,-0.21875
3304,-0.15625,-0.21875
3305,-0.140625,-0.21875
3306,-0.125,-0.21875
3307,-0.109375,-0.21875
3308,-0.09375,-0.21875
3309,-0.078125,-0.21875
3310,-0.0625,-0.21875
3311,-0.046875,-0.21875
3312,-0.03125,-0.21875
3313,-0.015625,-0.21875
3314,0.0,-0.21875
3315,-1.0,-0.203125
3316,-0.984375,-0.203125
3317,-0.96875,-0.203125
3318,-0.953125,-0.203125
3319,-0.9375,-0.203125
3320,-0.921875,-0.203125
3321,-0.90625,-0.203125
3322,-0.890625,-0.203125
3323,-0.875,-0.203125
3324,-0.859375,-0.203125
3325,-0.84375,-0.203125
3326,-0.828125,-0.203125
3327,-0.8125,-0.203125
3328,-0.796875,-0.203125
3329,-0.78125,-0.203125
3330,-0.765625,-0.203125
3331,-0.75,-0.203125
3332,-0.734375,-0.203125
3333,-0.71875,-0.203125
3334,-0.703125,-0.203125
3335,-0.6875,-0.203125
3336,-0.671875,-0.203125
3337,-0.65625,-0.203125
3338,-0.640625,-0.203125
3339,-0.625,-0.203125
3340,-0.609375,-0.203125
3341,-0.59375,-0.203125
3342,-0.578125,-0.203125
3343,-0.5625,-0.203125
3344,-0.546875,-0.203125
3345,-0.53125,-0.203125
3346,-0.515625,-0.203125
3347,-0.5,-0.203125
3348,-0.484375,-0.203125
3349,-0.46875,-0.203125
3350,-0.453125,-0.203125
3351,-0.4375,-0.203125
3352,-0.421875,-0.203125
3353,-0.40625,-0.203125
3354,-0.390625,-0.203125
3355,-0.375,-0.203125
3356,-0.359375,-0.203125
3357,-0.34375,-0.203125
3358,-0.328125,-0.203125
3359,-0.3125,-0.203125
3360,-0.296875,-0.203125
3361,-0.28125,-0.203125
3362,-0.265625,-0.203125
3363,-0.25,-0.203125
3364,-0.234375,-0.203125
3365,-0.21875,-0.203125
3366,-0.203125,-0.203125
3367,-0.1875,-0.203125
3368,-0.171875,-0.203125
3369,-0.15625,-0.203125
3370,-0.140625,-0.203125
3371,-0.125,-0.203125
3372,-0.109375,-0.203125
3373,-0.09375,-0.203125
3374,-0.078125,-0.203125
3375,-0.0625,-0.203125
3376,-0.046875,-0.203125
3377,-0.03125,-0.203125
3378,-0.015625,-0.203125
3379,0.0,-0.203125
3380,-1.0,-0.1875
3381,-0.984375,-0.1875
3382,-0.96875,-0.1875
3383,-0.953125,-0.1875
3384,-0.9375,-0.1875
3385,-0.921875,-0.1875
3386,-0.90625,-0.1875
3387,-0.890625,-0.1875
3388,-0.875,-0.1875
3389,-0.859375,-0.1875
3390,-0.84375,-0.1875
3391,-0.828125,-0.1875
3392,-0.8125,-0.1875
3393,-0.796875,-0.1875
3394,-0.78125,-0.1875
3395,-0.765625,-0.1875
3396,-0.75,-0.1875
3397,-0.734375,-0.1875
3398,-0.71875,-0.1875
3399,-0.703125,-0.1875
3400,-0.6875,-0.1875
3401,-0.671875,-0.1875
3402,-0.65625,-0.1875
3403,-0.640625,-0.1875
3404,-0.625,-0.1875
3405,-0.609375,-0.1875
3406,-0.59375,-0.1875
3407,-0.578125,-0.1875
3408,-0.5625,-0.1875
3409,-0.546875,-0.1875
3410,-0.53125,-0.1875
3411,-0.515625,-0.1875
3412,-0.5,-0.1875
3413,-0.484375,-0.1875
3414,-0.46875,-0.1875
3415,-0.453125,-0.1875
3416,-0.4375,-0.1875
3417,-0.421875,-0.1875
3418,-0.40625,-0.1875
3419,-0.390625,-0.1875
3420,-0.375,-0.1875
3421,-0.359375,-0.1875
3422,-0.34375,-0.1875
3423,-0.328125,-0.1875
3424,-0.3125,-0.1875
3425,-0.296875,-0.1875
3426,-0.28125,-0.1875
3427,-0.265625,-0.1875
3428,-0.25,-0.1875
3429,-0.234375,-0.1875
3430,-0.21875,-0.1875
3431,-0.203125,-0.1875
3432,-0.1875,-0.1875
3433,-0.171875,-0.1875
3434,-0.15625,-0.1875
3435,-0.140625,-0.1875
3436,-0.125,-0.1875
3437,-0.109375,-0.1875
3438,-0.09375,-0.1875
3439,-0.078125,-0.1875
3440,-0.0625,-0.1875
3441,-0.046875,-0.1875
3442,-0.03125,-0.1875
3443,-0.015625,-0.1875
3444,0.0,-0.1875
3445,-1.0,-0.171875
3446,-0.984375,-0.171875
3447,-0.96875,-0.171875
3448,-0.953125,-0.171875
3449,-0.9375,-0.171875
3450,-0.921875,-0.171875
3451,-0.90625,-0.171875
3452,-0.890625,-0.171875
3453,-0.875,-0.171875
3454,-0.859375,-0.171875
3455,-0.84375,-0.171875
3456,-0.828125,-0.171875
3457,-0.8125,-0.171875
3458,-0.796875,-0.171875
3459,-0.78125,-0.171875
3460,-0.765625,-0.171875
3461,-0.75,-0.171875
3462,-0.734375,-0.171875
3463,-0.71875,-0.171875
3464,-0.703125,-0.171875
3465,-0.6875,-0.171875
3466,-0.671875,-0.171875
3467,-0.65625,-0.171875
3468,-0.640625,-0.171875
3469,-0.625,-0.171875
3470,-0.609375,-0.171875
3471,-0.59375,-0.171875
3472,-0.578125,-0.171875
3473,-0.5625,-0.171875
3474,-0.546875,-0.171875
3475,-0.53125,-0.171875
3476,-0.515625,-0.171875
3477,-0.5,-0.171875
3478,-0.484375,-0.171875
3479,-0.46875,-0.171875
3480,-0.453125,-0.171875
3481,-0.4375,-0.171875
3482,-0.421875,-0.171875
3483,-0.40625,-0.171875
3484,-0.390625,-0.171875
3485,-0.375,-0.171875
3486,-0.359375,-0.171875
3487,-0.34375,-0.171875
3488,-0.328125,-0.171875
3489,-0.3125,-0.171875
3490,-0.296875,-0.171875
3491,-0.28125,-0.171875
3492,-0.265625,-0.171875
3493,-0.25,-0.171875
3494,-0.234375,-0.171875
3495,-0.21875,-0.171875
3496,-0.203125,-0.171875
3497,-0.1875,-0.171875
3498,-0.171875,-0.171875
3499,-0.15625,-0.171875
3500,-0.140625,-0.171875
3501,-0.125,-0.171875
3502,-0.109375,-0.171875
3503,-0.09375,-0.171875
3504,-0.078125,-0.171875
3505,-0.0625,-0.171875
3506,-0.046875,-0.171875
3507,-0.03125,-0.171875
3508,-0.015625,-0.171875
3509,0.0,-0.171875
3510,-1.0,-0.15625
3511,-0.984375,-0.15625
3512,-0.96875,-0.15625
3513,-0.953125,-0.15625
3514,-0.9375,-0.15625
3515,-0.921875,-0.15625
3516,-0.90625,-0.15625
3517,-0.890625,-0.15625
3518,-0.875,-0.15625
3519,-0.859375,-0.15625
3520,-0.84375,-0.15625
3521,-0.828125,-0.15625
3522,-0.8125,-0.15625
3523,-0.796875,-0.15625
3524,-0.78125,-0.15625
3525,-0.765625,-0.15625
3526,-0.75,-0.15625
3527,-0.734375,-0.15625
3528,-0.71875,-0.15625
3529,-0.703125,-0.15625
3530,-0.6875,-0.15625
3531,-0.671875,-0.15625
3532,-0.65625,-0.15625
3533,-0.640625,-0.15625
3534,-0.625,-0.15625
3535,-0.609375,-0.15625
3536,-0.59375,-0.15625
3537,-0.578125,-0.15625
3538,-0.5625,-0.15625
3539,-0.546875,-0.15625
3540,-0.53125,-0.15625
3541,-0.515625,-0.15625
3542,-0.5,-0.15625
3543,-0.484375,-0.15625
3544,-0.46875,-0.15625
3545,-0.453125,-0.15625
3546,-0.4375,-0.15625
3547,-0.421875,-0.15625
3548,-0.40625,-0.15625
3549,-0.390625,-0.15625
3550,-0.375,-0.15625
3551,-0.359375,-0.15625
3552,-0.34375,-0.15625
3553,-0.328125,-0.15625
3554,-0.3125,-0.15625
3555,-0.296875,-0.15625
3556,-0.28125,-0.15625
3557,-0.265625,-0.15625
3558,-0.25,-0.15625
3559,-0.234375,-0.15625
3560,-0.21875,-0.15625
3561,-0.203125,-0.15625
3562,-0.1875,-0.15625
3563,-0.171875,-0.15625
3564,-0.15625,-0.15625
3565,-0.140625,-0.15625
3566,-0.125,-0.15625
3567,-0.109375,-0.15625
3568,-0.09375,-0.15625
3569,-0.078125,-0.15625
3570,-0.0625,-0.15625
3571,-0.046875,-0.15625
3572,-0.03125,-0.15625
3573,-0.015625,-0.15625
3574,0.0,-0.15625
3575,-1.0,-0.140625
3576,-0.984375,-0.140625
3577,-0.96875,-0.140625
3578,-0.953125,-0.140625
3579,-0.9375,-0.140625
3580,-0.921875,-0.140625
3581,-0.90625,-0.140625
3582,-0.890625,-0.140625
3583,-0.875,-0.140625
3584,-0.859375,-0.140625
3585,-0.84375,-0.140625
3586,-0.828125,-0.140625
3587,-0.8125,-0.140625
3588,-0.796875,-0.140625
3589,-0.78125,-0.140625
3590,-0.765625,-0.140625
3591,-0.75,-0.140625
3592,-0.734375,-0.140625
3593,-0.71875,-0.140625
3594,-0.703125,-0.140625
3595,-0.6875,-0.140625
3596,-0.671875,-0.140625
3597,-0.65625,-0.140625
3598,-0.640625,-0.140625
3599,-0.625,-0.140625
3600,-0.609375,-0.140625
3601,-0.59375,-0.140625
3602,-0.578125,-0.140625
3603,-0.5625,-0.140625
3604,-0.546875,-0.140625
3605,-0.53125,-0.140625
3606,-0.515625,-0.140625
3607,-0.5,-0.140625
3608,-0.484375,-0.140625
3609,-0.46875,-0.140625
3610,-0.453125,-0.140625
3611,-0.4375,-0.140625
3612,-0.421875,-0.140625
3613,-0.40625,-0.140625
3614,-0.390625,-0.140625
3615,-0.375,-0.140625
3616,-0.359375,-0.140625
3617,-0.34375,-0.140625
3618,-0.328125,-0.140625
3619,-0.3125,-0.140625
3620,-0.296875,-0.140625
3621,-0.28125,-0.140625
3622,-0.265625,-0.140625
3623,-0.25,-0.140625
3624,-0.234375,-0.140625
3625,-0.21875,-0.140625
3626,-0.203125,-0.140625
3627,-0.1875,-0.140625
3628,-0.171875,-0.140625
3629,-0.15625,-0.140625
3630,-0.140625,-0.140625
3631,-0.125,-0.140625
3632,-0.109375,-0.140625
3633,-0.09375,-0.140625
3634,-0.078125,-0.140625
3635,-0.0625,-0.140625
3636,-0.046875,-0.140625
3637,-0.03125,-0.140625
3638,-0.015625,-0.140625
3639,0.0,-0.140625
3640,-1.0,-0.125
3641,-0.984375,-0.125
3642,-0.96875,-0.125
3643,-0.953125,-0.125
3644,-0.9375,-0.125
3645,-0.921875,-0.125
3646,-0.90625,-0.125
3647,-0.890625,-0.125
3648,-0.875,-0.125
3649,-0.859375,-0.125
3650,-0.84375,-0.125
3651,-0.828125,-0.125
3652,-0.8125,-0.125
3653,-0.796875,-0.125
3654,-0.78125,-0.125
3655,-0.765625,-0.125
3656,-0.75,-0.125
3657,-0.734375,-0.125
3658,-0.71875,-0.125
3659,-0.703125,-0.125
3660,-0.6875,-0.125
3661,-0.671875,-0.125
3662,-0.65625,-0.125
3663,-0.640625,-0.125
3664,-0.625,-0.125
3665,-0.609375,-0.125
3666,-0.59375,-0.125
3667,-0.578125,-0.125
3668,-0.5625,-0.125
3669,-0.546875,-0.125
3670,-0.53125,-0.125
3671,-0.515625,-0.125
3672,-0.5,-0.125
3673,-0.484375,-0.125
3674,-0.46875,-0.125
3675,-0.453125,-0.125
3676,-0.4375,-0.125
3677,-0.421875,-0.125
3678,-0.40625,-0.125
3679,-0.390625,-0.125
3680,-0.375,-0.125
3681,-0.359375,-0.125
3682,-0.34375,-0.125
3683,-0.328125,-0.125
3684,-0.3125,-0.125
3685,-0.296875,-0.125
3686,-0.28125,-0.125
3687,-0.265625,-0.125
3688,-0.25,-0.125
3689,-0.234375,-0.125
3690,-0.21875,-0.125
3691,-0.203125,-0.125
3692,-0.1875,-0.125
3693,-0.171875,-0.125
3694,-0.15625,-0.125
3695,-0.140625,-0.125
3696,-0.125,-0.125
3697,-0.109375,-0.125
3698,-0.09375,-0.125
3699,-0.078125,-0.125
3700,-0.0625,-0.125
3701,-0.046875,-0.125
3702,-0.03125,-0.125
3703,-0.015625,-0.125
3704,0.0,-0.125
3705,-1.0,-0.109375
3706,-0.984375,-0.109375
3707,-0.96875,-0.109375
3708,-0.953125,-0.109375
3709,-0.9375,-0.109375
3710,-0.921875,-0.109375
3711,-0.90625,-0.109375
3712,-0.890625,-0.109375
3713,-0.875,-0.109375
3714,-0.859375,-0.109375
3715,-0.84375,-0.109375
3716,-0.828125,-0.109375
3717,-0.8125,-0.109375
3718,-0.796875,-0.109375
3719,-0.78125,-0.109375
3720,-0.765625,-0.109375
3721,-0.75,-0.109375
3722,-0.734375,-0.109375
3723,-0.71875,-0.109375
3724,-0.703125,-0.109375
3725,-0.6875,-0.109375
3726,-0.671875,-0.109375
3727,-0.65625,-0.109375
3728,-0.640625,-0.109375
3729,-0.625,-0.109375
3730,-0.609375,-0.109375
3731,-0.59375,-0.109375
3732,-0.578125,-0.109375
3733,-0.5625,-0.109375
3734,-0.546875,-0.109375
3735,-0.53125,-0.109375
3736,-0.515625,-0.109375
3737,-0.5,-0.109375
3738,-0.484375,-0.109375
3739,-0.46875,-0.109375
3740,-0.453125,-0.109375
3741,-0.4375,-0.109375
3742,-0.421875,-0.109375
3743,-0.40625,-0.109375
3744,-0.390625,-0.109375
3745,-0.375,-0.109375
3746,-0.359375,-0.109375
3747,-0.34375,-0.109375
3748,-0.328125,-0.109375
3749,-0.3125,-0.109375
3750,-0.296875,-0.109375
3751,-0.28125,-0.109375
3752,-0.265625,-0.109375
3753,-0.25,-0.109375
3754,-0.234375,-0.109375
3755,-0.21875,-0.109375
3756,-0.203125,-0.109375
3757,-0.1875,-0.109375
3758,-0.171875,-0.109375
3759,-0.15625,-0.109375
3760,-0.140625,-0.109375
3761,-0.125,-0.109375
3762,-0.109375,-0.109375
3763,-0.09375,-0.109375
3764,-0.078125,-0.109375
3765,-0.0625,-0.109375
3766,-0.046875,-0.109375
3767,-0.03125,-0.109375
3768,-0.015625,-0.109375
3769,0.0,-0.109375
3770,-1.0,-0.09375
3771,-0.984375,-0.09375
3772,-0.96875,-0.09375
3773,-0.953125,-0.09375
3774,-0.9375,-0.09375
3775,-0.921875,-0.09375
3776,-0.90625,-0.09375
3777,-0.890625,-0.09375
3778,-0.875,-0.09375
3779,-0.859375,-0.09375
3780,-0.84375,-0.09375
3781,-0.828125,-0.09375
3782,-0.8125,-0.09375
3783,-0.796875,-0.09375
3784,-0.78125,-0.09375
3785,-0.765625,-0.09375
3786,-0.75,-0.09375
3787,-0.734375,-0.09375
3788,-0.71875,-0.09375
3789,-0.703125,-0.09375
3790,-0.6875,-0.09375
3791,-0.671875,-0.09375
3792,-0.65625,-0.09375
3793,-0.640625,-0.09375
3794,-0.625,-0.09375
3795,-0.609375,-0.09375
3796,-0.59375,-0.09375
3797,-0.578125,-0.09375
3798,-0.5625,-0.09375
3799,-0.546875,-0.09375
3800,-0.53125,-0.09375
3801,-0.515625,-0.09375
3802,-0.5,-0.09375
3803,-0.484375,-0.09375
3804,-0.46875,-0.09375
3805,-0.453125,-0.09375
3806,-0.4375,-0.09375
3807,-0.421875,-0.09375
3808,-0.40625,-0.09375
3809,-0.390625,-0.09375
3810,-0.375,-0.09375
3811,-0.359375,-0.09375
3812,-0.34375,-0.09375
3813,-0.328125,-0.09375
3814,-0.3125,-0.09375
3815,-0.296875,-0.09375
3816,-0.28125,-0.09375
3817,-0.265625,-0.09375
3818,-0.25,-0.09375
3819,-0.234375,-0.09375
3820,-0.21875,-0.09375
3821,-0.203125,-0.09375
3822,-0.1875,-0.09375
3823,-0.171875,-0.09375
3824,-0.15625,-0.09375
3825,-0.140625,-0.09375
3826,-0.125,-0.09375
3827,-0.109375,-0.09375
3828,-0.09375,-0.09375
3829,-0.078125,-0.09375
3830,-0.0625,-0.09375
3831,-0.046875,-0.09375
3832,-0.03125,-0.09375
3833,-0.015625,-0.09375
3834,0.0,-0.09375
3835,-1.0,-0.078125
3836,-0.984375,-0.078125
3837,-0.96875,-0.078125
3838,-0.953125,-0.078125
3839,-0.9375,-0.078125
3840,-0.921875,-0.078125
3841,-0.90625,-0.078125
3842,-0.890625,-0.078125
3843,-0.875,-0.078125
3844,-0.859375,-0.078125
3845,-0.84375,-0.078125
3846,-0.828125,-0.078125
3847,-0.8125,-0.078125
3848,-0.796875,-0.078125
3849,-0.78125,-0.078125
3850,-0.765625,-0.078125
3851,-0.75,-0.078125
3852,-0.734375,-0.078125
3853,-0.71875,-0.078125
3854,-0.703125,-0.078125
3855,-0.6875,-0.078125
3856,-0.671875,-0.078125
3857,-0.65625,-0.078125
3858,-0.640625,-0.078125
3859,-0.625,-0.078125
3860,-0.609375,-0.078125
3861,-0.59375,-0.078125
3862,-0.578125,-0.078125
3863,-0.5625,-0.078125
3864,-0.546875,-0.078125
3865,-0.53125,-0.078125
3866,-0.515625,-0.078125
3867,-0.5,-0.078125
3868,-0.484375,-0.078125
3869,-0.46875,-0.078125
3870,-0.453125,-0.078125
3871,-0.4375,-0.078125
3872,-0.421875,-0.078125
3873,-0.40625,-0.078125
3874,-0.390625,-0.078125
3875,-0.375,-0.078125
3876,-0.359375,-0.078125
3877,-0.34375,-0.078125
3878,-0.328125,-0.078125
3879,-0.3125,-0.078125
3880,-0.296875,-0.078125
3881,-0.28125,-0.078125
3882,-0.265625,-0.078125
3883,-0.25,-0.078125
3884,-0.234375,-0.078125
3885,-0.21875,-0.078125
3886,-0.203125,-0.078125
3887,-0.1875,-0.078125
3888,-0.171875,-0.078125
3889,-0.15625,-0.078125
3890,-0.140625,-0.078125
3891,-0.125,-0.078125
3892,-0.109375,-0.078125
3893,-0.09375,-0.078125
3894,-0.078125,-0.078125
3895,-0.0625,-0.078125
3896,-0.046875,-0.078125
3897,-0.03125,-0.078125
3898,-0.015625,-0.078125
3899,0.0,-0.078125
3900,-1.0,-0.0625
3901,-0.984375,-0.0625
3902,-0.96875,-0.0625
3903,-0.953125,-0.0625
3904,-0.9375,-0.0625
3905,-0.921875,-0.0625
3906,-0.90625,-0.0625
3907,-0.890625,-0.0625
3908,-0.875,-0.0625
3909,-0.859375,-0.0625
3910,-0.84375,-0.0625
3911,-0.828125,-0.0625
3912,-0.8125,-0.0625
3913,-0.796875,-0.0625
3914,-0.78125,-0.0625
3915,-0.765625,-0.0625
3916,-0.75,-0.0625
3917,-0.734375,-0.0625
3918,-0.71875,-0.0625
3919,-0.703125,-0.0625
3920,-0.6875,-0.0625
3921,-0.671875,-0.0625
3922,-0.65625,-0.0625
3923,-0.640625,-0.0625
3924,-0.625,-0.0625
3925,-0.609375,-0.0625
3926,-0.59375,-0.0625
3927,-0.578125,-0.0625
3928,-0.5625,-0.0625
3929,-0.546875,-0.0625
3930,-0.53125,-0.0625
3931,-0.515625,-0.0625
3932,-0.5,-0.0625
3933,-0.484375,-0.0625
3934,-0.46875,-0.0625
3935,-0.453125,-0.0625
3936,-0.4375,-0.0625
3937,-0.421875,-0.0625
3938,-0.40625,-0.0625
3939,-0.390625,-0.0625
3940,-0.375,-0.0625
3941,-0.359375,-0.0625
3942,-0.34375,-0.0625
3943,-0.328125,-0.0625
3944,-0.3125,-0.0625
3945,-0.296875,-0.0625
3946,-0.28125,-0.0625
3947,-0.265625,-0.0625
3948,-0.25,-0.0625
3949,-0.234375,-0.0625
3950,-0.21875,-0.0625
3951,-0.203125,-0.0625
3952,-0.1875,-0.0625
3953,-0.171875,-0.0625
3954,-0.15625,-0.0625
3955,-0.140625,-0.0625
3956,-0.125,-0.0625
3957,-0.109375,-0.0625
3958,-0.09375,-0.0625
3959,-0.078125,-0.0625
3960,-0.0625,-0.0625
3961,-0.046875,-0.0625
3962,-0.03125,-0.0625
3963,-0.015625,-0.0625
3964,0.0,-0.0625
3965,-1.0,-0.046875
3966,-0.984375,-0.046875
3967,-0.96875,-0.046875
3968,-0.953125,-0.046875
3969,-0.9375,-0.046875
3970,-0.921875,-0.046875
3971,-0.90625,-0.046875
3972,-0.890625,-0.046875
3973,-0.875,-0.046875
3974,-0.859375,-0.046875
3975,-0.84375,-0.046875
3976,-0.828125,-0.046875
3977,-0.8125,-0.046875
3978,-0.796875,-0.046875
3979,-0.78125,-0.046875
3980,-0.765625,-0.046875
3981,-0.75,-0.046875
3982,-0.734375,-0.046875
3983,-0.71875,-0.046875
3984,-0.703125,-0.046875
3985,-0.6875,-0.046875
3986,-0.671875,-0.046875
3987,-0.65625,-0.046875
3988,-0.640625,-0.046875
3989,-0.625,-0.046875
3990,-0.609375,-0.046875
3991,-0.59375,-0.046875
3992,-0.578125,-0.046875
3993,-0.5625,-0.046875
3994,-0.546875,-0.046875
3995,-0.53125,-0.046875
3996,-0.515625,-0.046875
3997,-0.5,-0.046875
3998,-0.484375,-0.046875
3999,-0.46875,-0.046875
4000,-0.453125,-0.046875
4001,-0.4375,-0.046875
4002,-0.421875,-0.046875
4003,-0.40625,-0.046875
4004,-0.390625,-0.046875
4005,-0.375,-0.046875
4006,-0.359375,-0.046875
4007,-0.34375,-0.046875
4008,-0.328125,-0.046875
4009,-0.3125,-0.046875
4010,-0.296875,-0.046875
4011,-0.28125,-0.046875
4012,-0.265625,-0.046875
4013,-0.25,-0.046875
4014,-0.234375,-0.046875
4015,-0.21875,-0.046875
4016,-0.203125,-0.046875
4017,-0.1875,-0.046875
4018,-0.171875,-0.046875
4019,-0.15625,-0.046875
4020,-0.140625,-0.046875
4021,-0.125,-0.046875
4022,-0.109375,-0.046875
4023,-0.09375,-0.046875
4024,-0.078125,-0.046875
4025,-0.0625,-0.046875
4026,-0.046875,-0.046875
4027,-0.03125,-0.046875
4028,-0.015625,-0.046875
4029,0.0,-0.046875
4030,-1.0,-0.03125
4031,-0.984375,-0.03125
4032,-0.96875,-0.03125
4033,-0.953125,-0.03125
4034,-0.9375,-0.03125
4035,-0.921875,-0.03125
4036,-0.90625,-0.03125
4037,-0.890625,-0.03125
4038,-0.875,-0.03125
4039,-0.859375,-0.03125
4040,-0.84375,-0.03125
4041,-0.828125,-0.03125
4042,-0.8125,-0.03125
4043,-0.796875,-0.03125
4044,-0.78125,-0.03125
4045,-0.765625,-0.03125
4046,-0.75,-0.03125
4047,-0.734375,-0.03125
4048,-0.71875,-0.03125
4049,-0.703125,-0.03125
4050,-0.6875,-0.03125
4051,-0.671875,-0.03125
4052,-0.65625,-0.03125
4053,-0.640625,-0.03125
4054,-0.625,-0.03125
4055,-0.609375,-0.03125
4056,-0.59375,-0.03125
4057,-0.578125,-0.03125
4058,-0.5625,-0.03125
4059,-0.546875,-0.03125
4060,-0.53125,-0.03125
4061,-0.515625,-0.03125
4062,-0.5,-0.03125
4063,-0.484375,-0.03125
4064,-0.46875,-0.03125
4065,-0.453125,-0.03125
4066,-0.4375,-0.03125
4067,-0.421875,-0.03125
4068,-0.40625,-0.03125
4069,-0.390625,-0.03125
4070,-0.375,-0.03125
4071,-0.359375,-0.03125
4072,-0.34375,-0.03125
4073,-0.328125,-0.03125
4074,-0.3125,-0.03125
4075,-0.296875,-0.03125
4076,-0.28125,-0.03125
4077,-0.265625,-0.03125
4078,-0.25,-0.03125
4079,-0.234375,-0.03125
4080,-0.21875,-0.03125
4081,-0.203125,-0.03125
4082,-0.1875,-0.03125
4083,-0.171875,-0.03125
4084,-0.15625,-0.03125
4085,-0.140625,-0.03125
4086,-0.125,-0.03125
4087,-0.109375,-0.03125
4088,-0.09375,-0.03125
4089,-0.078125,-0.03125
4090,-0.0625,-0.03125
4091,-0.046875,-0.03125
4092,-0.03125,-0.03125
4093,-0.015625,-0.03125
4094,0.0,-0.03125
4095,-1.0,-0.015625
4096,-0.984375,-0.015625
4097,-0.96875,-0.015625
4098,-0.953125,-0.015625
4099,-0.9375,-0.015625
4100,-0.921875,-0.015625
4101,-0.90625,-0.015625
4102,-0.890625,-0.015625
4103,-0.875,-0.015625
4104,-0.859375,-0.015625
4105,-0.84375,-0.015625
4106,-0.828125,-0.015625
4107,-0.8125,-0.015625
4108,-0.796875,-0.015625
4109,-0.78125,-0.015625
4110,-0.765625,-0.015625
4111,-0.75,-0.015625
4112,-0.734375,-0.015625
4113,-0.71875,-0.015625
4114,-0.703125,-0.015625
4115,-0.6875,-0.015625
4116,-0.671875,-0.015625
4117,-0.65625,-0.015625
4118,-0.640625,-0.015625
4119,-0.625,-0.015625
4120,-0.609375,-0.015625
4121,-0.59375,-0.015625
4122,-0.578125,-0.015625
4123,-0.5625,-0.015625
4124,-0.546875,-0.015625
4125,-0.53125,-0.015625
4126,-0.515625,-0.015625
4127,-0.5,-0.015625
4128,-0.484375,-0.015625
4129,-0.46875,-0.015625
4130,-0.453125,-0.015625
4131,-0.4375,-0.015625
4132,-0.421875,-0.015625
4133,-0.40625,-0.015625
4134,-0.390625,-0.015625
4135,-0.375,-0.015625
4136,-0.359375,-0.015625
4137,-0.34375,-0.015625
4138,-0.328125,-0.015625
4139,-0.3125,-0.015625
4140,-0.296875,-0.015625
4141,-0.28125,-0.015625
4142,-0.265625,-0.015625
4143,-0.25,-0.015625
4144,-0.234375,-0.015625
4145,-0.21875,-0.015625
4146,-0.203125,-0.015625
4147,-0.1875,-0.015625
4148,-0.171875,-0.015625
4149,-0.15625,-0.015625
4150,-0.140625,-0.015625
4151,-0.125,-0.015625
4152,-0.109375,-0.015625
4153,-0.09375,-0.015625
4154,-0.078125,-0.015625
4155,-0.0625,-0.015625
4156,-0.046875,-0.015625
4157,-0.03125,-0.015625
4158,-0.015625,-0.015625
4159,0.0,-0.015625
4160,-1.0,0.0
4161,-0.984375,0.0
4162,-0.96875,0.0
4163,-0.953125,0.0
4164,-0.9375,0.0
4165,-0.921875,0.0
4166,-0.90625,0.0
4167,-0.890625,0.0
4168,-0.875,0.0
4169,-0.859375,0.0
4170,-0.84375,0.0
4171,-0.828125,0.0
4172,-0.8125,0.0
4173,-0.796875,0.0
4174,-0.78125,0.0
4175,-0.765625,0.0
4176,-0.75,0.0
4177,-0.734375,0.0
4178,-0.71875,0.0
4179,-0.703125,0.0
4180,-0.6875,0.0
4181,-0.671875,0.0
4182,-0.65625,0.0
4183,-0.640625,0.0
4184,-0.625,0.0
4185,-0.609375,0.0
4186,-0.59375,0.0
4187,-0.578125,0.0
4188,-0.5625,0.0
4189,-0.546875,0.0
4190,-0.53125,0.0
4191,-0.515625,0.0
4192,-0.5,0.0
4193,-0.484375,0.0
4194,-0.46875,0.0
4195,-0.453125,0.0
4196,-0.4375,0.0
4197,-0.421875,0.0
4198,-0.40625,0.0
4199,-0.390625,0.0
4200,-0.375,0.0
4201,-0.359375,0.0
4202,-0.34375,0.0
4203,-0.328125,0.0
4204,-0.3125,0.0
4205,-0.296875,0.0
4206,-0.28125,0.0
4207,-0.265625,0.0
4208,-0.25,0.0
4209,-0.234375,0.0
4210,-0.21875,0.0
4211,-0.203125,0.0
4212,-0.1875,0.0
4213,-0.171875,0.0
4214,-0.15625,0.0
4215,-0.140625,0.0
4216,-0.125,0.0
4217,-0.109375,0.0
4218,-0.09375,0.0
4219,-0.078125,0.0
4220,-0.0625,0.0
4221,-0.046875,0.0
4222,-0.03125,0.0
4223,-0.015625,0.0
4224,0.0,0.0
4225,0.015625,0.0
4226,0.03125,0.0
4227,0.046875,0.0
4228,0.0625,0.0
4229,0.078125,0.0
4230,0.09375,0.0
4231,0.109375,0.0
4232,0.125,0.0
4233,0.140625,0.0
4234,0.15625,0.0
4235,0.171875,0.0
4236,0.1875,0.0
4237,0.203125,0.0
4238,0.21875,0.0
4239,0.234375,0.0
4240,0.25,0.0
4241,0.265625,0.0
4242,0.28125,0.0
4243,0.296875,0.0
4244,0.3125,0.0
4245,0.328125,0.0
4246,0.34375,0.0
4247,0.359375,0.0
4248,0.375,0.0
4249,0.390625,0.0
4250,0.40625,0.0
4251,0.421875,0.0
4252,0.4375,0.0
4253,0.453125,0.0
4254,0.46875,0.0
4255,0.484375,0.0
4256,0.5,0.0
4257,0.515625,0.0
4258,0.53125,0.0
4259,0.546875,0.0
4260,0.5625,0.0
4261,0.578125,0.0
4262,0.59375,0.0
4263,0.609375,0.0
4264,0.625,0.0
4265,0.640625,0.0
4266,0.65625,0.0
4267,0.671875,0.0
4268,0.6875,0.0
4269,0.703125,0.0
4270,0.71875,0.0
4271,0.734375,0.0
4272,0.75,0.0
4273,0.765625,0.0
4274,0.78125,0.0
4275,0.796875,0.0
4276,0.8125,0.0
4277,0.828125,0.0
4278,0.84375,0.0
4279,0.859375,0.0
4280,0.875,0.0
4281,0.890625,0.0
4282,0.90625,0.0
4283,0.921875,0.0
4284,0.9375,0.0
4285,0.953125,0.0
4286,0.96875,0.0
4287,0.984375,0.0
4288,1.0,0.0
4289,-1.0,0.015625
4290,-0.984375,0.015625
4291,-0.96875,0.015625
4292,-0.953125,0.015625
4293,-0.9375,0.015625
4294,-0.921875,0.015625
4295,-0.90625,0.015625
4296,-0.890625,0.015625
4297,-0.875,0.015625
4298,-0.859375,0.015625
4299,-0.84375,0.015625
4300,-0.828125,0.015625
4301,-0.8125,0.015625
4302,-0.796875,0.015625
4303,-0.78125,0.015625
4304,-0.765625,0.015625
4305,-0.75,0.015625
4306,-0.734375,0.015625
4307,-0.71875,0.015625
4308,-0.703125,0.015625
4309,-0.6875,0.015625
4310,-0.671875,0.015625
4311,-0.65625,0.015625
4312,-0.640625,0.015625
4313,-0.625,0.015625
4314,-0.609375,0.015625
4315,-0.59375,0.015625
4316,-0.578125,0.015625
4317,-0.5625,0.015625
4318,-0.546875,0.015625
4319,-0.53125,0.015625
4320,-0.515625,0.015625
4321,-0.5,0.015625
4322,-0.484375,0.015625
4323,-0.46875,0.015625
4324,-0.453125,0.015625
4325,-0.4375,0.015625
4326,-0.421875,0.015625
4327,-0.40625,0.015625
4328,-0.390625,0.015625
4329,-0.375,0.015625
4330,-0.359375,0.015625
4331,-0.34375,0.015625
4332,-0.328125,0.015625
4333,-0.3125,0.015625
4334,-0.296875,0.015625
4335,-0.28125,0.015625
4336,-0.265625,0.015625
4337,-0.25,0.015625
4338,-0.234375,0.015625
4339,-0.21875,0.015625
4340,-0.203125,0.015625
4341,-0.1875,0.015625
4342,-0.171875,0.015625
4343,-0.15625,0.015625
4344,-0.140625,0.015625
4345,-0.125,0.015625
4346,-0.109375,0.015625
4347,-0.09375,0.015625
4348,-0.078125,0.015625
4349,-0.0625,0.015625
4350,-0.046875,0.015625
4351,-0.03125,0.015625
4352,-0.015625,0.015625
4353,0.0,0.015625
4354,0.015625,0.015625
4355,0.03125,0.015625
4356,0.046875,0.015625
4357,0.0625,0.015625
4358,0.078125,0.015625
4359,0.09375,0.015625
4360,0.109375,0.015625
4361,0.125,0.015625
4362,0.140625,0.015625
4363,0.15625,0.015625
4364,0.171875,0.015625
4365,0.1875,0.015625
4366,0.203125,0.015625
4367,0.21875,0.015625
4368,0.234375,0.015625
4369,0.25,0.015625
4370,0.265625,0.015625
4371,0.28125,0.015625
4372,0.296875,0.015625
4373,0.3125,0.015625
4374,0.328125,0.015625
4375,0.34375,0.015625
4376,0.359375,0.015625
4377,0.375,0.015625
4378,0.390625,0.015625
4379,0.40625,0.015625
4380,0.421875,0.015625
4381,0.4375,0.015625
4382,0.453125,0.015625
4383,0.46875,0.015625
4384,0.484375,0.015625
4385,0.5,0.015625
4386,0.515625,0.015625
4387,0.53125,0.015625
4388,0.546875,0.015625
4389,0.5625,0.015625
4390,0.578125,0.015625
4391,0.59375,0.015625
4392,0.609375,0.015625
4393,0.625,0.015625
4394,0.640625,0.015625
4395,0.65625,0.015625
4396,0.671875,0.015625
4397,0.6875,0.015625
4398,0.703125,0.015625
4399,0.71875,0.015625
4400,0.734375,0.015625
4401,0.75,0.015625
4402,0.765625,0.015625
4403,0.78125,0.015625
4404,0.796875,0.015625
4405,0.8125,0.015625
4406,0.828125,0.015625
4407,0.84375,0.015625
4408,0.859375,0.015625
4409,0.875,0.015625
4410,0.890625,0.015625
4411,0.90625,0.015625
4412,0.921875,0.015625
4413,0.9375,0.015625
4414,0.953125,0.015625
4415,0.96875,0.015625
4416,0.984375,0.015625
4417,1.0,0.015625
4418,-1.0,0.03125
4419,-0.984375,0.03125
4420,-0.96875,0.03125
4421,-0.953125,0.03125
4422,-0.9375,0.03125
4423,-0.921875,0.03125
4424,-0.90625,0.03125
4425,-0.890625,0.03125
4426,-0.875,0.03125
4427,-0.859375,0.03125
4428,-0.84375,0.03125
4429,-0.828125,0.03125
4430,-0.8125,0.03125
4431,-0.796875,0.03125
4432,-0.78125,0.03125
4433,-0.765625,0.03125
4434,-0.75,0.03125
4435,-0.734375,0.03125
4436,-0.71875,0.03125
4437,-0.703125,0.03125
4438,-0.6875,0.03125
4439,-0.671875,0.03125
4440,-0.65625,0.03125
4441,-0.640625,0.03125
4442,-0.625,0.03125
4443,-0.609375,0.03125
4444,-0.59375,0.03125
4445,-0.578125,0.03125
4446,-0.5625,0.03125
4447,-0.546875,0.03125
4448,-0.53125,0.03125
4449,-0.515625,0.03125
4450,-0.5,0.03125
4451,-0.484375,0.03125
4452,-0.46875,0.03125
4453,-0.453125,0.03125
4454,-0.4375,0.03125
4455,-0.421875,0.03125
4456,-0.40625,0.03125
4457,-0.390625,0.03125
4458,-0.375,0.03125
4459,-0.359375,0.03125
4460,-0.34375,0.03125
4461,-0.328125,0.03125
4462,-0.3125,0.03125
4463,-0.296875,0.03125
4464,-0.28125,0.03125
4465,-0.265625,0.03125
4466,-0.25,0.03125
4467,-0.234375,0.03125
4468,-0.21875,0.03125
4469,-0.203125,0.03125
4470,-0.1875,0.03125
4471,-0.171875,0.03125
4472,-0.15625,0.03125
4473,-0.140625,0.03125
4474,-0.125,0.03125
4475,-0.109375,0.03125
4476,-0.09375,0.03125
4477,-0.078125,0.03125
4478,-0.0625,0.03125
4479,-0.046875,0.03125
4480,-0.03125,0.03125
4481,-0.015625,0.03125
4482,0.0,0.03125
4483,0.015625,0.03125
4484,0.03125,0.03125
4485,0.046875,0.03125
4486,0.0625,0.03125
4487,0.078125,0.03125
4488,0.09375,0.03125
4489,0.109375,0.03125
4490,0.125,0.03125
4491,0.140625,0.03125
4492,0.15625,0.03125
4493,0.171875,0.03125
4494,0.1875,0.03125
4495,0.203125,0.03125
4496,0.21875,0.03125
4497,0.234375,0.03125
4498,0.25,0.03125
4499,0.265625,0.03125
4500,0.28125,0.03125
4501,0.296875,0.03125
4502,0.3125,0.03125
4503,0.328125,0.03125
4504,0.34375,0.03125
4505,0.359375,0.03125
4506,0.375,0.03125
4507,0.390625,0.03125
4508,0.40625,0.03125
4509,0.421875,0.03125
4510,0.4375,0.03125
4511,0.453125,0.03125
4512,0.46875,0.03125
4513,0.484375,0.03125
4514,0.5,0.03125
4515,0.515625,0.03125
4516,0.53125,0.03125
4517,0.546875,0.03125
4518,0.5625,0.03125
4519,0.578125,0.03125
4520,0.59375,0.03125
4521,0.609375,0.03125
4522,0.625,0.03125
4523,0.640625,0.03125
4524,0.65625,0.03125
4525,0.671875,0.03125
4526,0.6875,0.03125
4527,0.703125,0.03125
4528,0.71875,0.03125
4529,0.734375,0.03125
4530,0.75,0.03125
4531,0.765625,0.03125
4532,0.78125,0.03125
4533,0.796875,0.03125
4534,0.8125,0.03125
4535,0.828125,0.03125
4536,0.84375,0.03125
4537,0.859375,0.03125
4538,0.875,0.03125
4539,0.890625,0.03125
4540,0.90625,0.03125
4541,0.921875,0.03125
4542,0.9375,0.03125
4543,0.953125,0.03125
4544,0.96875,0.03125
4545,0.984375,0.03125
4546,1.0,0.03125
4547,-1.0,0.046875
4548,-0.984375,0.046875
4549,-0.96875,0.046875
4550,-0.953125,0.046875
4551,-0.9375,0.046875
4552,-0.921875,0.046875
4553,-0.90625,0.046875
4554,-0.890625,0.046875
4555,-0.875,0.046875
4556,-0.859375,0.046875
4557,-0.84375,0.046875
4558,-0.828125,0.046875
4559,-0.8125,0.046875
4560,-0.796875,0.046875
4561,-0.78125,0.046875
4562,-0.765625,0.046875
4563,-0.75,0.046875
4564,-0.734375,0.046875
4565,-0.71875,0.046875
4566,-0.703125,0.046875
4567,-0.6875,0.046875
4568,-0.671875,0.046875
4569,-0.65625,0.046875
4570,-0.640625,0.046875
4571,-0.625,0.046875
4572,-0.609375,0.046875
4573,-0.59375,0.046875
4574,-0.578125,0.046875
4575,-0.5625,0.046875
4576,-0.546875,0.046875
4577,-0.53125,0.046875
4578,-0.515625,0.046875
4579,-0.5,0.046875
4580,-0.484375,0.046875
4581,-0.46875,0.046875
4582,-0.453125,0.046875
4583,-0.4375,0.046875
4584,-0.421875,0.046875
4585,-0.40625,0.046875
4586,-0.390625,0.046875
4587,-0.375,0.046875
4588,-0.359375,0.046875
4589,-0.34375,0.046875
4590,-0.328125,0.046875
4591,-0.3125,0.046875
4592,-0.296875,0.046875
4593,-0.28125,0.046875
4594,-0.265625,0.046875
4595,-0.25,0.046875
4596,-0.234375,0.046875
4597,-0.21875,0.046875
4598,-0.203125,0.046875
4599,-0.1875,0.046875
4600,-0.171875,0.046875
4601,-0.15625,0.046875
4602,-0.140625,0.046875
4603,-0.125,0.046875
4604,-0.109375,0.046875
4605,-0.09375,0.046875
4606,-0.078125,0.046875
4607,-0.0625,0.046875
4608,-0.046875,0.046875
4609,-0.03125,0.046875
4610,-0.015625,0.046875
4611,0.0,0.046875
4612,0.015625,0.046875
4613,0.03125,0.046875
4614,0.046875,0.046875
4615,0.0625,0.046875
4616,0.078125,0.046875
4617,0.09375,0.046875
4618,0.109375,0.046875
4619,0.125,0.046875
4620,0.140625,0.046875
4621,0.15625,0.046875
4622,0.171875,0.046875
4623,0.1875,0.046875
4624,0.203125,0.046875
4625,0.21875,0.046875
4626,0.234375,0.046875
4627,0.25,0.046875
4628,0.265625,0.046875
4629,0.28125,0.046875
4630,0.296875,0.046875
4631,0.3125,0.046875
4632,0.328125,0.046875
4633,0.34375,0.046875
4634,0.359375,0.046875
4635,0.375,0.046875
4636,0.390625,0.046875
4637,0.40625,0.046875
4638,0.421875,0.046875
4639,0.4375,0.046875
4640,0.453125,0.046875
4641,0.46875,0.046875
4642,0.484375,0.046875
4643,0.5,0.046875
4644,0.515625,0.046875
4645,0.53125,0.046875
4646,0.546875,0.046875
4647,0.5625,0.046875
4648,0.578125,0.046875
4649,0.59375,0.046875
4650,0.609375,0.046875
4651,0.625,0.046875
4652,0.640625,0.046875
4653,0.65625,0.046875
4654,0.671875,0.046875
4655,0.6875,0.046875
4656,0.703125,0.046875
4657,0.71875,0.046875
4658,0.734375,0.046875
4659,0.75,0.046875
4660,0.765625,0.046875
4661,0.78125,0.046875
4662,0.796875,0.046875
4663,0.8125,0.046875
4664,0.828125,0.046875
4665,0.84375,0.046875
4666,0.859375,0.046875
4667,0.875,0.046875
4668,0.890625,0.046875
4669,0.90625,0.046875
4670,0.921875,0.046875
4671,0.9375,0.046875
4672,0.953125,0.046875
4673,0.96875,0.046875
4674,0.984375,0.046875
4675,1.0,0.046875
4676,-1.0,0.0625
4677,-0.984375,0.0625
4678,-0.96875,0.0625
4679,-0.953125,0.0625
4680,-0.9375,0.0625
4681,-0.921875,0.0625
4682,-0.90625,0.0625
4683,-0.890625,0.0625
4684,-0.875,0.0625
4685,-0.859375,0.0625
4686,-0.84375,0.0625
4687,-0.828125,0.0625
4688,-0.8125,0.0625
4689,-0.796875,0.0625
4690,-0.78125,0.0625
4691,-0.765625,0.0625
4692,-0.75,0.0625
4693,-0.734375,0.0625
4694,-0.71875,0.0625
4695,-0.703125,0.0625
4696,-0.6875,0.0625
4697,-0.671875,0.0625
4698,-0.65625,0.0625
4699,-0.640625,0.0625
4700,-0.625,0.0625
4701,-0.609375,0.0625
4702,-0.59375,0.0625
4703,-0.578125,0.0625
4704,-0.5625,0.0625
4705,-0.546875,0.0625
4706,-0.53125,0.0625
4707,-0.515625,0.0625
4708,-0.5,0.0625
4709,-0.484375,0.0625
4710,-0.46875,0.0625
4711,-0.453125,0.0625
4712,-0.4375,0.0625
4713,-0.421875,0.0625
4714,-0.40625,0.0625
4715,-0.390625,0.0625
4716,-0.375,0.0625
4717,-0.359375,0.0625
4718,-0.34375,0.0625
4719,-0.328125,0.0625
4720,-0.3125,0.0625
4721,-0.296875,0.0625
4722,-0.28125,0.0625
4723,-0.265625,0.0625
4724,-0.25,0.0625
4725,-0.234375,0.0625
4726,-0.21875,0.0625
4727,-0.203125,0.0625
4728,-0.1875,0.0625
4729,-0.171875,0.0625
4730,-0.15625,0.0625
4731,-0.140625,0.0625
4732,-0.125,0.0625
4733,-0.109375,0.0625
4734,-0.09375,0.0625
4735,-0.078125,0.0625
4736,-0.0625,0.0625
4737,-0.046875,0.0625
4738,-0.03125,0.0625
4739,-0.015625,0.0625
4740,0.0,0.0625
4741,0.015625,0.0625
4742,0.03125,0.0625
4743,0.046875,0.0625
4744,0.0625,0.0625
4745,0.078125,0.0625
4746,0.09375,0.0625
4747,0.109375,0.0625
4748,0.125,0.0625
4749,0.140625,0.0625
4750,0.15625,0.0625
4751,0.171875,0.0625
4752,0.1875,0.0625
4753,0.203125,0.0625
4754,0.21875,0.0625
4755,0.234375,0.0625
4756,0.25,0.0625
4757,0.265625,0.0625
4758,0.28125,0.0625
4759,0.296875,0.0625
4760,0.3125,0.0625
4761,0.328125,0.0625
4762,0.34375,0.0625
4763,0.359375,0.0625
4764,0.375,0.0625
4765,0.390625,0.0625
4766,0.40625,0.0625
4767,0.421875,0.0625
4768,0.4375,0.0625
4769,0.453125,0.0625
4770,0.46875,0.0625
4771,0.484375,0.0625
4772,0.5,0.0625
4773,0.515625,0.0625
4774,0.53125,0.0625
4775,0.546875,0.0625
4776,0.5625,0.0625
4777,0.578125,0.0625
4778,0.59375,0.0625
4779,0.609375,0.0625
4780,0.625,0.0625
4781,0.640625,0.0625
4782,0.65625,0.0625
4783,0.671875,0.0625
4784,0.6875,0.0625
4785,0.703125,0.0625
4786,0.71875,0.0625
4787,0.734375,0.0625
4788,0.75,0.0625
4789,0.765625,0.0625
4790,0.78125,0.0625
4791,0.796875,0.0625
4792,0.8125,0.0625
4793,0.828125,0.0625
4794,0.84375,0.0625
4795,0.859375,0.0625
4796,0.875,0.0625
4797,0.890625,0.0625
4798,0.90625,0.0625
4799,0.921875,0.0625
4800,0.9375,0.0625
4801,0.953125,0.0625
4802,0.96875,0.0625
4803,0.984375,0.0625
4804,1.0,0.0625
4805,-1.0,0.078125
4806,-0.984375,0.078125
4807,-0.96875,0.078125
4808,-0.953125,0.078125
4809,-0.9375,0.078125
4810,-0.921875,0.078125
4811,-0.90625,0.078125
4812,-0.890625,0.078125
4813,-0.875,0.078125
4814,-0.859375,0.078125
4815,-0.84375,0.078125
4816,-0.828125,0.078125
4817,-0.8125,0.078125
4818,-0.796875,0.078125
4819,-0.78125,0.078125
4820,-0.765625,0.078125
4821,-0.75,0.078125
4822,-0.734375,0.078125
4823,-0.71875,0.078125
4824,-0.703125,0.078125
4825,-0.6875,0.078125
4826,-0.671875,0.078125
4827,-0.65625,0.078125
4828,-0.640625,0.078125
4829,-0.625,0.078125
4830,-0.609375,0.078125
4831,-0.59375,0.078125
4832,-0.578125,0.078125
4833,-0.5625,0.078125
4834,-0.546875,0.078125
4835,-0.53125,0.078125
4836,-0.515625,0.078125
4837,-0.5,0.078125
4838,-0.484375,0.078125
4839,-0.46875,0.078125
4840,-0.453125,0.078125
4841,-0.4375,0.078125
4842,-0.421875,0.078125
4843,-0.40625,0.078125
4844,-0.390625,0.078125
4845,-0.375,0.078125
4846,-0.359375,0.078125
4847,-0.34375,0.078125
4848,-0.328125,0.078125
4849,-0.3125,0.078125
4850,-0.296875,0.078125
4851,-0.28125,0.078125
4852,-0.265625,0.078125
4853,-0.25,0.078125
4854,-0.234375,0.078125
4855,-0.21875,0.078125
4856,-0.203125,0.078125
4857,-0.1875,0.078125
4858,-0.171875,0.078125
4859,-0.15625,0.078125
4860,-0.140625,0.078125
4861,-0.125,0.078125
4862,-0.109375,0.078125
4863,-0.09375,0.078125
4864,-0.078125,0.078125
4865,-0.0625,0.078125
4866,-0.046875,0.078125
4867,-0.03125,0.078125
4868,-0.015625,0.078125
4869,0.0,0.078125
4870,0.015625,0.078125
4871,0.03125,0.078125
4872,0.046875,0.078125
4873,0.0625,0.078125
4874,0.078125,0.078125
4875,0.09375,0.078125
4876,0.109375,0.078125
4877,0.125,0.078125
4878,0.140625,0.078125
4879,0.15625,0.078125
4880,0.171875,0.078125
4881,0.1875,0.078125
4882,0.203125,0.078125
4883,0.21875,0.078125
4884,0.234375,0.078125
4885,0.25,0.078125
4886,0.265625,0.078125
4887,0.28125,0.078125
4888,0.296875,0.078125
4889,0.3125,0.078125
4890,0.328125,0.078125
4891,0.34375,0.078125
4892,0.359375,0.078125
4893,0.375,0.078125
4894,0.390625,0.078125
4895,0.40625,0.078125
4896,0.421875,0.078125
4897,0.4375,0.078125
4898,0.453125,0.078125
4899,0.46875,0.078125
4900,0.484375,0.078125
4901,0.5,0.078125
4902,0.515625,0.078125
4903,0.53125,0.078125
4904,0.546875,0.078125
4905,0.5625,0.078125
4906,0.578125,0.078125
4907,0.59375,0.078125
4908,0.609375,0.078125
4909,0.625,0.078125
4910,0.640625,0.078125
4911,0.65625,0.078125
4912,0.671875,0.078125
4913,0.6875,0.078125
4914,0.703125,0.078125
4915,0.71875,0.078125
4916,0.734375,0.078125
4917,0.75,0.078125
4918,0.765625,0.078125
4919,0.78125,0.078125
4920,0.796875,0.078125
4921,0.8125,0.078125
4922,0.828125,0.078125
4923,0.84375,0.078125
4924,0.859375,0.078125
4925,0.875,0.078125
4926,0.890625,0.078125
4927,0.90625,0.078125
4928,0.921875,0.078125
4929,0.9375,0.078125
4930,0.953125,0.078125
4931,0.96875,0.078125
4932,0.984375,0.078125
4933,1.0,0.078125
4934,-1.0,0.09375
4935,-0.984375,0.09375
4936,-0.96875,0.09375
4937,-0.953125,0.09375
4938,-0.9375,0.09375
4939,-0.921875,0.09375
4940,-0.90625,0.09375
4941,-0.890625,0.09375
4942,-0.875,0.09375
4943,-0.859375,0.09375
4944,-0.84375,0.09375
4945,-0.828125,0.09375
4946,-0.8125,0.09375
4947,-0.796875,0.09375
4948,-0.78125,0.09375
4949,-0.765625,0.09375
4950,-0.75,0.09375
4951,-0.734375,0.09375
4952,-0.71875,0.09375
4953,-0.703125,0.09375
4954,-0.6875,0.09375
4955,-0.671875,0.09375
4956,-0.65625,0.09375
4957,-0.640625,0.09375
4958,-0.625,0.09375
4959,-0.609375,0.09375
4960,-0.59375,0.09375
4961,-0.578125,0.09375
4962,-0.5625,0.09375
4963,-0.546875,0.09375
4964,-0.53125,0.09375
4965,-0.515625,0.09375
4966,-0.5,0.09375
4967,-0.484375,0.09375
4968,-0.46875,0.09375
4969,-0.453125,0.09375
4970,-0.4375,0.09375
4971,-0.421875,0.09375
4972,-0.40625,0.09375
4973,-0.390625,0.09375
4974,-0.375,0.09375
4975,-0.359375,0.09375
4976,-0.34375,0.09375
4977,-0.328125,0.09375
4978,-0.3125,0.09375
4979,-0.296875,0.09375
4980,-0.28125,0.09375
4981,-0.265625,0.09375
4982,-0.25,0.09375
4983,-0.234375,0.09375
4984,-0.21875,0.09375
4985,-0.203125,0.09375
4986,-0.1875,0.09375
4987,-0.171875,0.09375
4988,-0.15625,0.09375
4989,-0.140625,0.09375
4990,-0.125,0.09375
4991,-0.109375,0.09375
4992,-0.09375,0.09375
4993,-0.078125,0.09375
4994,-0.0625,0.09375
4995,-0.046875,0.09375
4996,-0.03125,0.09375
4997,-0.015625,0.09375
4998,0.0,0.09375
4999,0.015625,0.09375
5000,0.03125,0.09375
5001,0.046875,0.09375
5002,0.0625,0.09375
5003,0.078125,0.09375
5004,0.09375,0.09375
5005,0.109375,0.09375
5006,0.125,0.09375
5007,0.140625,0.09375
5008,0.15625,0.09375
5009,0.171875,0.09375
5010,0.1875,0.09375
5011,0.203125,0.09375
5012,0.21875,0.09375
5013,0.234375,0.09375
5014,0.25,0.09375
5015,0.265625,0.09375
5016,0.28125,0.09375
5017,0.296875,0.09375
5018,0.3125,0.09375
5019,0.328125,0.09375
5020,0.34375,0.09375
5021,0.359375,0.09375
5022,0.375,0.09375
5023,0.390625,0.09375
5024,0.40625,0.09375
5025,0.421875,0.09375
5026,0.4375,0.09375
5027,0.453125,0.09375
5028,0.46875,0.09375
5029,0.484375,0.09375
5030,0.5,0.09375
5031,0.515625,0.09375
5032,0.53125,0.09375
5033,0.546875,0.09375
5034,0.5625,0.09375
5035,0.578125,0.09375
5036,0.59375,0.09375
5037,0.609375,0.09375
5038,0.625,0.09375
5039,0.640625,0.09375
5040,0.65625,0.09375
5041,0.671875,0.09375
5042,0.6875,0.09375
5043,0.703125,0.09375
5044,0.71875,0.09375
5045,0.734375,0.09375
5046,0.75,0.09375
5047,0.765625,0.09375
5048,0.78125,0.09375
5049,0.796875,0.09375
5050,0.8125,0.09375
5051,0.828125,0.09375
5052,0.84375,0.09375
5053,0.859375,0.09375
5054,0.875,0.09375
5055,0.890625,0.09375
5056,0.90625,0.09375
5057,0.921875,0.09375
5058,0.9375,0.09375
5059,0.953125,0.09375
5060,0.96875,0.09375
5061,0.984375,0.09375
5062,1.0,0.09375
5063,-1.0,0.109375
5064,-0.984375,0.109375
5065,-0.96875,0.109375
5066,-0.953125,0.109375
5067,-0.9375,0.109375
5068,-0.921875,0.109375
5069,-0.90625,0.109375
5070,-0.890625,0.109375
5071,-0.875,0.109375
5072,-0.859375,0.109375
5073,-0.84375,0.109375
5074,-0.828125,0.109375
5075,-0.8125,0.109375
5076,-0.796875,0.109375
5077,-0.78125,0.109375
5078,-0.765625,0.109375
5079,-0.75,0.109375
5080,-0.734375,0.109375
5081,-0.71875,0.109375
5082,-0.703125,0.109375
5083,-0.6875,0.109375
5084,-0.671875,0.109375
5085,-0.65625,0.109375
5086,-0.640625,0.109375
5087,-0.625,0.109375
5088,-0.609375,0.109375
5089,-0.59375,0.109375
5090,-0.578125,0.109375
5091,-0.5625,0.109375
5092,-0.546875,0.109375
5093,-0.53125,0.109375
5094,-0.515625,0.109375
5095,-0.5,0.109375
5096,-0.484375,0.109375
5097,-0.46875,0.109375
5098,-0.453125,0.109375
5099,-0.4375,0.109375
5100,-0.421875,0.109375
5101,-0.40625,0.109375
5102,-0.390625,0.109375
5103,-0.375,0.109375
5104,-0.359375,0.109375
5105,-0.34375,0.109375
5106,-0.328125,0.109375
5107,-0.3125,0.109375
5108,-0.296875,0.109375
5109,-0.28125,0.109375
5110,-0.265625,0.109375
5111,-0.25,0.109375
5112,-0.234375,0.109375
5113,-0.21875,0.109375
5114,-0.203125,0.109375
5115,-0.1875,0.109375
5116,-0.171875,0.109375
5117,-0.15625,0.109375
5118,-0.140625,0.109375
5119,-0.125,0.109375
5120,-0.109375,0.109375
5121,-0.09375,0.109375
5122,-0.078125,0.109375
5123,-0.0625,0.109375
5124,-0.046875,0.109375
5125,-0.03125,0.109375
5126,-0.015625,0.109375
5127,0.0,0.109375
5128,0.015625,0.109375
5129,0.03125,0.109375
5130,0.046875,0.109375
5131,0.0625,0.109375
5132,0.078125,0.109375
5133,0.09375,0.109375
5134,0.109375,0.109375
5135,0.125,0.109375
5136,0.140625,0.109375
5137,0.15625,0.109375
5138,0.171875,0.109375
5139,0.1875,0.109375
5140,0.203125,0.109375
5141,0.21875,0.109375
5142,0.234375,0.109375
5143,0.25,0.109375
5144,0.265625,0.109375
5145,0.28125,0.109375
5146,0.296875,0.109375
5147,0.3125,0.109375
5148,0.328125,0.109375
5149,0.34375,0.109375
5150,0.359375,0.109375
5151,0.375,0.109375
5152,0.390625,0.109375
5153,0.40625,0.109375
5154,0.421875,0.109375
5155,0.4375,0.109375
5156,0.453125,0.109375
5157,0.46875,0.109375
5158,0.484375,0.109375
5159,0.5,0.109375
5160,0.515625,0.109375
5161,0.53125,0.109375
5162,0.546875,0.109375
5163,0.5625,0.109375
5164,0.578125,0.109375
5165,0.59375,0.109375
5166,0.609375,0.109375
5167,0.625,0.109375
5168,0.640625,0.109375
5169,0.65625,0.109375
5170,0.671875,0.109375
5171,0.6875,0.109375
5172,0.703125,0.109375
5173,0.71875,0.109375
5174,0.734375,0.109375
5175,0.75,0.109375
5176,0.765625,0.109375
5177,0.78125,0.109375
5178,0.796875,0.109375
5179,0.8125,0.109375
5180,0.828125,0.109375
5181,0.84375,0.109375
5182,0.859375,0.109375
5183,0.875,0.109375
5184,0.890625,0.109375
5185,0.90625,0.109375
5186,0.921875,0.109375
5187,0.9375,0.109375
5188,0.953125,0.109375
5189,0.96875,0.109375
5190,0.984375,0.109375
5191,1.0,0.109375
5192,-1.0,0.125
5193,-0.984375,0.125
5194,-0.96875,0.125
5195,-0.953125,0.125
5196,-0.9375,0.125
5197,-0.921875,0.125
5198,-0.90625,0.125
5199,-0.890625,0.125
5200,-0.875,0.125
5201,-0.859375,0.125
5202,-0.84375,0.125
5203,-0.828125,0.125
5204,-0.8125,0.125
5205,-0.796875,0.125
5206,-0.78125,0.125
5207,-0.765625,0.125
5208,-0.75,0.125
5209,-0.734375,0.125
5210,-0.71875,0.125
5211,-0.703125,0.125
5212,-0.6875,0.125
5213,-0.671875,0.125
5214,-0.65625,0.125
5215,-0.640625,0.125
5216,-0.625,0.125
5217,-0.609375,0.125
5218,-0.59375,0.125
5219,-0.578125,0.125
5220,-0.5625,0.125
5221,-0.546875,0.125
5222,-0.53125,0.125
5223,-0.515625,0.125
5224,-0.5,0.125
5225,-0.484375,0.125
5226,-0.46875,0.125
5227,-0.453125,0.125
5228,-0.4375,0.125
5229,-0.421875,0.125
5230,-0.40625,0.125
5231,-0.390625,0.125
5232,-0.375,0.125
5233,-0.359375,0.125
5234,-0.34375,0.125
5235,-0.328125,0.125
5236,-0.3125,0.125
5237,-0.296875,0.125
5238,-0.28125,0.125
5239,-0.265625,0.125
5240,-0.25,0.125
5241,-0.234375,0.125
5242,-0.21875,0.125
5243,-0.203125,0.125
5244,-0.1875,0.125
5245,-0.171875,0.125
5246,-0.15625,0.125
5247,-0.140625,0.125
5248,-0.125,0.125
5249,-0.109375,0.125
5250,-0.09375,0.125
5251,-0.078125,0.125
5252,-0.0625,0.125
5253,-0.046875,0.125
5254,-0.03125,0.125
5255,-0.015625,0.125
5256,0.0,0.125
5257,0.015625,0.125
5258,0.03125,0.125
5259,0.046875,0.125
5260,0.0625,0.125
5261,0.078125,0.125
5262,0.09375,0.125
5263,0.109375,0.125
5264,0.125,0.125
5265,0.140625,0.125
5266,0.15625,0.125
5267,0.171875,0.125
5268,0.1875,0.125
5269,0.203125,0.125
5270,0.21875,0.125
5271,0.234375,0.125
5272,0.25,0.125
5273,0.265625,0.125
5274,0.28125,0.125
5275,0.296875,0.125
5276,0.3125,0.125
5277,0.328125,0.125
5278,0.34375,0.125
5279,0.359375,0.125
5280,0.375,0.125
5281,0.390625,0.125
5282,0.40625,0.125
5283,0.421875,0.125
5284,0.4375,0.125
5285,0.453125,0.125
5286,0.46875,0.125
5287,0.484375,0.125
5288,0.5,0.125
5289,0.515625,0.125
5290,0.53125,0.125
5291,0.546875,0.125
5292,0.5625,0.125
5293,0.578125,0.125
5294,0.59375,0.125
5295,0.609375,0.125
5296,0.625,0.125
5297,0.640625,0.125
5298,0.65625,0.125
5299,0.671875,0.125
5300,0.6875,0.125
5301,0.703125,0.125
5302,0.71875,0.125
5303,0.734375,0.125
5304,0.75,0.125
5305,0.765625,0.125
5306,0.78125,0.125
5307,0.796875,0.125
5308,0.8125,0.125
5309,0.828125,0.125
5310,0.84375,0.125
5311,0.859375,0.125
5312,0.875,0.125
5313,0.890625,0.125
5314,0.90625,0.125
5315,0.921875,0.125
5316,0.9375,0.125
5317,0.953125,0.125
5318,0.96875,0.125
5319,0.984375,0.125
5320,1.0,0.125
5321,-1.0,0.140625
5322,-0.984375,0.140625
5323,-0.96875,0.140625
5324,-0.953125,0.140625
5325,-0.9375,0.140625
5326,-0.921875,0.140625
5327,-0.90625,0.140625
5328,-0.890625,0.140625
5329,-0.875,0.140625
5330,-0.859375,0.140625
5331,-0.84375,0.140625
5332,-0.828125,0.140625
5333,-0.8125,0.140625
5334,-0.796875,0.140625
5335,-0.78125,0.140625
5336,-0.765625,0.140625
5337,-0.75,0.140625
5338,-0.734375,0.140625
5339,-0.71875,0.140625
5340,-0.703125,0.140625
5341,-0.6875,0.140625
5342,-0.671875,0.140625
5343,-0.65625,0.140625
5344,-0.640625,0.140625
5345,-0.625,0.140625
5346,-0.609375,0.140625
5347,-0.59375,0.140625
5348,-0.578125,0.140625
5349,-0.5625,0.140625
5350,-0.546875,0.140625
5351,-0.53125,0.140625
5352,-0.515625,0.140625
5353,-0.5,0.140625
5354,-0.484375,0.140625
5355,-0.46875,0.140625
5356,-0.453125,0.140625
5357,-0.4375,0.140625
5358,-0.421875,0.140625
5359,-0.40625,0.140625
5360,-0.390625,0.140625
5361,-0.375,0.140625
5362,-0.359375,0.140625
5363,-0.34375,0.140625
5364,-0.328125,0.140625
5365,-0.3125,0.140625
5366,-0.296875,0.140625
5367,-0.28125,0.140625
5368,-0.265625,0.140625
5369,-0.25,0.140625
5370,-0.234375,0.140625
5371,-0.21875,0.140625
5372,-0.203125,0.140625
5373,-0.1875,0.140625
5374,-0.171875,0.140625
5375,-0.15625,0.140625
5376,-0.140625,0.140625
5377,-0.125,0.140625
5378,-0.109375,0.140625
5379,-0.09375,0.140625
5380,-0.078125,0.140625
5381,-0.0625,0.140625
5382,-0.046875,0.140625
5383,-0.03125,0.140625
5384,-0.015625,0.140625
5385,0.0,0.140625
5386,0.015625,0.140625
5387,0.03125,0.140625
5388,0.046875,0.140625
5389,0.0625,0.140625
5390,0.078125,0.140625
5391,0.09375,0.140625
5392,0.109375,0.140625
5393,0.125,0.140625
5394,0.140625,0.140625
5395,0.15625,0.140625
5396,0.171875,0.140625
5397,0.1875,0.140625
5398,0.203125,0.140625
5399,0.21875,0.140625
5400,0.234375,0.140625
5401,0.25,0.140625
5402,0.265625,0.140625
5403,0.28125,0.140625
5404,0.296875,0.140625
5405,0.3125,0.140625
5406,0.328125,0.140625
5407,0.34375,0.140625
5408,0.359375,0.140625
5409,0.375,0.140625
5410,0.390625,0.140625
5411,0.40625,0.140625
5412,0.421875,0.140625
5413,0.4375,0.140625
5414,0.453125,0.140625
5415,0.46875,0.140625
5416,0.484375,0.140625
5417,0.5,0.140625
5418,0.515625,0.140625
5419,0.53125,0.140625
5420,0.546875,0.140625
5421,0.5625,0.140625
5422,0.578125,0.140625
5423,0.59375,0.140625
5424,0.609375,0.140625
5425,0.625,0.140625
5426,0.640625,0.140625
5427,0.65625,0.140625
5428,0.671875,0.140625
5429,0.6875,0.140625
5430,0.703125,0.140625
5431,0.71875,0.140625
5432,0.734375,0.140625
5433,0.75,0.140625
5434,0.765625,0.140625
5435,0.78125,0.140625
5436,0.796875,0.140625
5437,0.8125,0.140625
5438,0.828125,0.140625
5439,0.84375,0.140625
5440,0.859375,0.140625
5441,0.875,0.140625
5442,0.890625,0.140625
5443,0.90625,0.140625
5444,0.921875,0.140625
5445,0.9375,0.140625
5446,0.953125,0.140625
5447,0.96875,0.140625
5448,0.984375,0.140625
5449,1.0,0.140625
5450,-1.0,0.15625
5451,-0.984375,0.15625
5452,-0.96875,0.15625
5453,-0.953125,0.15625
5454,-0.9375,0.15625
5455,-0.921875,0.15625
5456,-0.90625,0.15625
5457,-0.890625,0.15625
5458,-0.875,0.15625
5459,-0.859375,0.15625
5460,-0.84375,0.15625
5461,-0.828125,0.15625
5462,-0.8125,0.15625
5463,-0.796875,0.15625
5464,-0.78125,0.15625
5465,-0.765625,0.15625
5466,-0.75,0.15625
5467,-0.734375,0.15625
5468,-0.71875,0.15625
5469,-0.703125,0.15625
5470,-0.6875,0.15625
5471,-0.671875,0.15625
5472,-0.65625,0.15625
5473,-0.640625,0.15625
5474,-0.625,0.15625
5475,-0.609375,0.15625
5476,-0.59375,0.15625
5477,-0.578125,0.15625
5478,-0.5625,0.15625
5479,-0.546875,0.15625
5480,-0.53125,0.15625
5481,-0.515625,0.15625
5482,-0.5,0.15625
5483,-0.484375,0.15625
5484,-0.46875,0.15625
5485,-0.453125,0.15625
5486,-0.4375,0.15625
5487,-0.421875,0.15625
5488,-0.40625,0.15625
5489,-0.390625,0.15625
5490,-0.375,0.15625
5491,-0.359375,0.15625
5492,-0.34375,0.15625
5493,-0.328125,0.15625
5494,-0.3125,0.15625
5495,-0.296875,0.15625
5496,-0.28125,0.15625
5497,-0.265625,0.15625
5498,-0.25,0.15625
5499,-0.234375,0.15625
5500,-0.21875,0.15625
5501,-0.203125,0.15625
5502,-0.1875,0.15625
5503,-0.171875,0.15625
5504,-0.15625,0.15625
5505,-0.140625,0.15625
5506,-0.125,0.15625
5507,-0.109375,0.15625
5508,-0.09375,0.15625
5509,-0.078125,0.15625
5510,-0.0625,0.15625
5511,-0.046875,0.15625
5512,-0.03125,0.15625
5513,-0.015625,0.15625
5514,0.0,0.15625
5515,0.015625,0.15625
5516,0.03125,0.15625
5517,0.046875,0.15625
5518,0.0625,0.15625
5519,0.078125,0.15625
5520,0.09375,0.15625
5521,0.109375,0.15625
5522,0.125,0.15625
5523,0.140625,0.15625
5524,0.15625,0.15625
5525,0.171875,0.15625
5526,0.1875,0.15625
5527,0.203125,0.15625
5528,0.21875,0.15625
5529,0.234375,0.15625
5530,0.25,0.15625
5531,0.265625,0.15625
5532,0.28125,0.15625
5533,0.296875,0.15625
5534,0.3125,0.15625
5535,0.328125,0.15625
5536,0.34375,0.15625
5537,0.359375,0.15625
5538,0.375,0.15625
5539,0.390625,0.15625
5540,0.40625,0.15625
5541,0.421875,0.15625
5542,0.4375,0.15625
5543,0.453125,0.15625
5544,0.46875,0.15625
5545,0.484375,0.15625
5546,0.5,0.15625
5547,0.515625,0.15625
5548,0.53125,0.15625
5549,0.546875,0.15625
5550,0.5625,0.15625
5551,0.578125,0.15625
5552,0.59375,0.15625
5553,0.609375,0.15625
5554,0.625,0.15625
5555,0.640625,0.15625
5556,0.65625,0.15625
5557,0.671875,0.15625
5558,0.6875,0.15625
5559,0.703125,0.15625
5560,0.71875,0.15625
5561,0.734375,0.15625
5562,0.75,0.15625
5563,0.765625,0.15625
5564,0.78125,0.15625
5565,0.796875,0.15625
5566,0.8125,0.15625
5567,0.828125,0.15625
5568,0.84375,0.15625
5569,0.859375,0.15625
5570,0.875,0.15625
5571,0.890625,0.15625
5572,0.90625,0.15625
5573,0.921875,0.15625
5574,0.9375,0.15625
5575,0.953125,0.15625
5576,0.96875,0.15625
5577,0.984375,0.15625
5578,1.0,0.15625
5579,-1.0,0.171875
5580,-0.984375,0.171875
5581,-0.96875,0.171875
5582,-0.953125,0.171875
5583,-0.9375,0.171875
5584,-0.921875,0.171875
5585,-0.90625,0.171875
5586,-0.890625,0.171875
5587,-0.875,0.171875
5588,-0.859375,0.171875
5589,-0.84375,0.171875
5590,-0.828125,0.171875
5591,-0.8125,0.171875
5592,-0.796875,0.171875
5593,-0.78125,0.171875
5594,-0.765625,0.171875
5595,-0.75,0.171875
5596,-0.734375,0.171875
5597,-0.71875,0.171875
5598,-0.703125,0.171875
5599,-0.6875,0.171875
5600,-0.671875,0.171875
5601,-0.65625,0.171875
5602,-0.640625,0.171875
5603,-0.625,0.171875
5604,-0.609375,0.171875
5605,-0.59375,0.171875
5606,-0.578125,0.171875
5607,-0.5625,0.171875
5608,-0.546875,0.171875
5609,-0.53125,0.171875
5610,-0.515625,0.171875
5611,-0.5,0.171875
5612,-0.484375,0.171875
5613,-0.46875,0.171875
5614,-0.453125,0.171875
5615,-0.4375,0.171875
5616,-0.421875,0.171875
5617,-0.40625,0.171875
5618,-0.390625,0.171875
5619,-0.375,0.171875
5620,-0.359375,0.171875
5621,-0.34375,0.171875
5622,-0.328125,0.171875
5623,-0.3125,0.171875
5624,-0.296875,0.171875
5625,-0.28125,0.171875
5626,-0.265625,0.171875
5627,-0.25,0.171875
5628,-0.234375,0.171875
5629,-0.21875,0.171875
5630,-0.203125,0.171875
5631,-0.1875,0.171875
5632,-0.171875,0.171875
5633,-0.15625,0.171875
5634,-0.140625,0.171875
5635,-0.125,0.171875
5636,-0.109375,0.171875
5637,-0.09375,0.171875
5638,-0.078125,0.171875
5639,-0.0625,0.171875
5640,-0.046875,0.171875
5641,-0.03125,0.171875
5642,-0.015625,0.171875
5643,0.0,0.171875
5644,0.015625,0.171875
5645,0.03125,0.171875
5646,0.046875,0.171875
5647,0.0625,0.171875
5648,0.078125,0.171875
5649,0.09375,0.171875
5650,0.109375,0.171875
5651,0.125,0.171875
5652,0.140625,0.171875
5653,0.15625,0.171875
5654,0.171875,0.171875
5655,0.1875,0.171875
5656,0.203125,0.171875
5657,0.21875,0.171875
5658,0.234375,0.171875
5659,0.25,0.171875
5660,0.265625,0.171875
5661,0.28125,0.171875
5662,0.296875,0.171875
5663,0.3125,0.171875
5664,0.328125,0.171875
5665,0.34375,0.171875
5666,0.359375,0.171875
5667,0.375,0.171875
5668,0.390625,0.171875
5669,0.40625,0.171875
5670,0.421875,0.171875
5671,0.4375,0.171875
5672,0.453125,0.171875
5673,0.46875,0.171875
5674,0.484375,0.171875
5675,0.5,0.171875
5676,0.515625,0.171875
5677,0.53125,0.171875
5678,0.546875,0.171875
5679,0.5625,0.171875
5680,0.578125,0.171875
5681,0.59375,0.171875
5682,0.609375,0.171875
5683,0.625,0.171875
5684,0.640625,0.171875
5685,0.65625,0.171875
5686,0.671875,0.171875
5687,0.6875,0.171875
5688,0.703125,0.171875
5689,0.71875,0.171875
5690,0.734375,0.171875
5691,0.75,0.171875
5692,0.765625,0.171875
5693,0.78125,0.171875
5694,0.796875,0.171875
5695,0.8125,0.171875
5696,0.828125,0.171875
5697,0.84375,0.171875
5698,0.859375,0.171875
5699,0.875,0.171875
5700,0.890625,0.171875
5701,0.90625,0.171875
5702,0.921875,0.171875
5703,0.9375,0.171875
5704,0.953125,0.171875
5705,0.96875,0.171875
5706,0.984375,0.171875
5707,1.0,0.171875
5708,-1.0,0.1875
5709,-0.984375,0.1875
5710,-0.96875,0.1875
5711,-0.953125,0.1875
5712,-0.9375,0.1875
5713,-0.921875,0.1875
5714,-0.90625,0.1875
5715,-0.890625,0.1875
5716,-0.875,0.1875
5717,-0.859375,0.1875
5718,-0.84375,0.1875
5719,-0.828125,0.1875
5720,-0.8125,0.1875
5721,-0.796875,0.1875
5722,-0.78125,0.1875
5723,-0.765625,0.1875
5724,-0.75,0.1875
5725,-0.734375,0.1875
5726,-0.71875,0.1875
5727,-0.703125,0.1875
5728,-0.6875,0.1875
5729,-0.671875,0.1875
5730,-0.65625,0.1875
5731,-0.640625,0.1875
5732,-0.625,0.1875
5733,-0.609375,0.1875
5734,-0.59375,0.1875
5735,-0.578125,0.1875
5736,-0.5625,0.1875
5737,-0.546875,0.1875
5738,-0.53125,0.1875
5739,-0.515625,0.1875
5740,-0.5,0.1875
5741,-0.484375,0.1875
5742,-0.46875,0.1875
5743,-0.453125,0.1875
5744,-0.4375,0.1875
5745,-0.421875,0.1875
5746,-0.40625,0.1875
5747,-0.390625,0.1875
5748,-0.375,0.1875
5749,-0.359375,0.1875
5750,-0.34375,0.1875
5751,-0.328125,0.1875
5752,-0.3125,0.1875
5753,-0.296875,0.1875
5754,-0.28125,0.1875
5755,-0.265625,0.1875
5756,-0.25,0.1875
5757,-0.234375,0.1875
5758,-0.21875,0.1875
5759,-0.203125,0.1875
5760,-0.1875,0.1875
5761,-0.171875,0.1875
5762,-0.15625,0.1875
5763,-0.140625,0.1875
5764,-0.125,0.1875
5765,-0.109375,0.1875
5766,-0.09375,0.1875
5767,-0.078125,0.1875
5768,-0.0625,0.1875
5769,-0.046875,0.1875
5770,-0.03125,0.1875
5771,-0.015625,0.1875
5772,0.0,0.1875
5773,0.015625,0.1875
5774,0.03125,0.1875
5775,0.046875,0.1875
5776,0.0625,0.1875
5777,0.078125,0.1875
5778,0.09375,0.1875
5779,0.109375,0.1875
5780,0.125,0.1875
5781,0.140625,0.1875
5782,0.15625,0.1875
5783,0.171875,0.1875
5784,0.1875,0.1875
5785,0.203125,0.1875
5786,0.21875,0.1875
5787,0.234375,0.1875
5788,0.25,0.1875
5789,0.265625,0.1875
5790,0.28125,0.1875
5791,0.296875,0.1875
5792,0.3125,0.1875
5793,0.328125,0.1875
5794,0.34375,0.1875
5795,0.359375,0.1875
5796,0.375,0.1875
5797,0.390625,0.1875
5798,0.40625,0.1875
5799,0.421875,0.1875
5800,0.4375,0.1875
5801,0.453125,0.1875
5802,0.46875,0.1875
5803,0.484375,0.1875
5804,0.5,0.1875
5805,0.515625,0.1875
5806,0.53125,0.1875
5807,0.546875,0.1875
5808,0.5625,0.1875
5809,0.578125,0.1875
5810,0.59375,0.1875
5811,0.609375,0.1875
5812,0.625,0.1875
5813,0.640625,0.1875
5814,0.65625,0.1875
5815,0.671875,0.1875
5816,0.6875,0.1875
5817,0.703125,0.1875
5818,0.71875,0.1875
5819,0.734375,0.1875
5820,0.75,0.1875
5821,0.765625,0.1875
5822,0.78125,0.1875
5823,0.796875,0.1875
5824,0.8125,0.1875
5825,0.828125,0.1875
5826,0.84375,0.1875
5827,0.859375,0.1875
5828,0.875,0.1875
5829,0.890625,0.1875
5830,0.90625,0.1875
5831,0.921875,0.1875
5832,0.9375,0.1875
5833,0.953125,0.1875
5834,0.96875,0.1875
5835,0.984375,0.1875
5836,1.0,0.1875
5837,-1.0,0.203125
5838,-0.984375,0.203125
5839,-0.96875,0.203125
5840,-0.953125,0.203125
5841,-0.9375,0.203125
5842,-0.921875,0.203125
5843,-0.90625,0.203125
5844,-0.890625,0.203125
5845,-0.875,0.203125
5846,-0.859375,0.203125
5847,-0.84375,0.203125
5848,-0.828125,0.203125
5849,-0.8125,0.203125
5850,-0.796875,0.203125
5851,-0.78125,0.203125
5852,-0.765625,0.203125
5853,-0.75,0.203125
5854,-0.734375,0.203125
5855,-0.71875,0.203125
5856,-0.703125,0.203125
5857,-0.6875,0.203125
5858,-0.671875,0.203125
5859,-0.65625,0.203125
5860,-0.640625,0.203125
5861,-0.625,0.203125
5862,-0.609375,0.203125
5863,-0.59375,0.203125
5864,-0.578125,0.203125
5865,-0.5625,0.203125
5866,-0.546875,0.203125
5867,-0.53125,0.203125
5868,-0.515625,0.203125
5869,-0.5,0.203125
5870,-0.484375,0.203125
5871,-0.46875,0.203125
5872,-0.453125,0.203125
5873,-0.4375,0.203125
5874,-0.421875,0.203125
5875,-0.40625,0.203125
5876,-0.390625,0.203125
5877,-0.375,0.203125
5878,-0.359375,0.203125
5879,-0.34375,0.203125
5880,-0.328125,0.203125
5881,-0.3125,0.203125
5882,-0.296875,0.203125
5883,-0.28125,0.203125
5884,-0.265625,0.203125
5885,-0.25,0.203125
5886,-0.234375,0.203125
5887,-0.21875,0.203125
5888,-0.203125,0.203125
5889,-0.1875,0.203125
5890,-0.171875,0.203125
5891,-0.15625,0.203125
5892,-0.140625,0.203125
5893,-0.125,0.203125
5894,-0.109375,0.203125
5895,-0.09375,0.203125
5896,-0.078125,0.203125
5897,-0.0625,0.203125
5898,-0.046875,0.203125
5899,-0.03125,0.203125
5900,-0.015625,0.203125
5901,0.0,0.203125
5902,0.015625,0.203125
5903,0.03125,0.203125
5904,0.046875,0.203125
5905,0.0625,0.203125
5906,0.078125,0.203125
5907,0.09375,0.203125
5908,0.109375,0.203125
5909,0.125,0.203125
5910,0.140625,0.203125
5911,0.15625,0.203125
5912,0.171875,0.203125
5913,0.1875,0.203125
5914,0.203125,0.203125
5915,0.21875,0.203125
5916,0.234375,0.203125
5917,0.25,0.203125
5918,0.265625,0.203125
5919,0.28125,0.203125
5920,0.296875,0.203125
5921,0.3125,0.203125
5922,0.328125,0.203125
5923,0.34375,0.203125
5924,0.359375,0.203125
5925,0.375,0.203125
5926,0.390625,0.203125
5927,0.40625,0.203125
5928,0.421875,0.203125
5929,0.4375,0.203125
5930,0.453125,0.203125
5931,0.46875,0.203125
5932,0.484375,0.203125
5933,0.5,0.203125
5934,0.515625,0.203125
5935,0.53125,0.203125
5936,0.546875,0.203125
5937,0.5625,0.203125
5938,0.578125,0.203125
5939,0.59375,0.203125
5940,0.609375,0.203125
5941,0.625,0.203125
5942,0.640625,0.203125
5943,0.65625,0.203125
5944,0.671875,0.203125
5945,0.6875,0.203125
5946,0.703125,0.203125
5947,0.71875,0.203125
5948,0.734375,0.203125
5949,0.75,0.203125
5950,0.765625,0.203125
5951,0.78125,0.203125
5952,0.796875,0.203125
5953,0.8125,0.203125
5954,0.828125,0.203125
5955,0.84375,0.203125
5956,0.859375,0.203125
5957,0.875,0.203125
5958,0.890625,0.203125
5959,0.90625,0.203125
5960,0.921875,0.203125
5961,0.9375,0.203125
5962,0.953125,0.203125
5963,0.96875,0.203125
5964,0.984375,0.203125
5965,1.0,0.203125
5966,-1.0,0.21875
5967,-0.984375,0.21875
5968,-0.96875,0.21875
5969,-0.953125,0.21875
5970,-0.9375,0.21875
5971,-0.921875,0.21875
5972,-0.90625,0.21875
5973,-0.890625,0.21875
5974,-0.875,0.21875
5975,-0.859375,0.21875
5976,-0.84375,0.21875
5977,-0.828125,0.21875
5978,-0.8125,0.21875
5979,-0.796875,0.21875
5980,-0.78125,0.21875
5981,-0.765625,0.21875
5982,-0.75,0.21875
5983,-0.734375,0.21875
5984,-0.71875,0.21875
5985,-0.703125,0.21875
5986,-0.6875,0.21875
5987,-0.671875,0.21875
5988,-0.65625,0.21875
5989,-0.640625,0.21875
5990,-0.625,0.21875
5991,-0.609375,0.21875
5992,-0.59375,0.21875
5993,-0.578125,0.21875
5994,-0.5625,0.21875
5995,-0.546875,0.21875
5996,-0.53125,0.21875
5997,-0.515625,0.21875
5998,-0.5,0.21875
5999,-0.484375,0.21875
6000,-0.46875,0.21875
6001,-0.453125,0.21875
6002,-0.4375,0.21875
6003,-0.421875,0.21875
6004,-0.40625,0.21875
6005,-0.390625,0.21875
6006,-0.375,0.21875
6007,-0.359375,0.21875
6008,-0.34375,0.21875
6009,-0.328125,0.21875
6010,-0.3125,0.21875
6011,-0.296875,0.21875
6012,-0.28125,0.21875
6013,-0.265625,0.21875
6014,-0.25,0.21875
6015,-0.234375,0.21875
6016,-0.21875,0.21875
6017,-0.203125,0.21875
6018,-0.1875,0.21875
6019,-0.171875,0.21875
6020,-0.15625,0.21875
6021,-0.140625,0.21875
6022,-0.125,0.21875
6023,-0.109375,0.21875
6024,-0.09375,0.21875
6025,-0.078125,0.21875
6026,-0.0625,0.21875
6027,-0.046875,0.21875
6028,-0.03125,0.21875
6029,-0.015625,0.21875
6030,0.0,0.21875
6031,0.015625,0.21875
6032,0.03125,0.21875
6033,0.046875,0.21875
6034,0.0625,0.21875
6035,0.078125,0.21875
6036,0.09375,0.21875
6037,0.109375,0.21875
6038,0.125,0.21875
6039,0.140625,0.21875
6040,0.15625,0.21875
6041,0.171875,0.21875
6042,0.1875,0.21875
6043,0.203125,0.21875
6044,0.21875,0.21875
6045,0.234375,0.21875
6046,0.25,0.21875
6047,0.265625,0.21875
6048,0.28125,0.21875
6049,0.296875,0.21875
6050,0.3125,0.21875
6051,0.328125,0.21875
6052,0.34375,0.21875
6053,0.359375,0.21875
6054,0.375,0.21875
6055,0.390625,0.21875
6056,0.40625,0.21875
6057,0.421875,0.21875
6058,0.4375,0.21875
6059,0.453125,0.21875
6060,0.46875,0.21875
6061,0.484375,0.21875
6062,0.5,0.21875
6063,0.515625,0.21875
6064,0.53125,0.21875
6065,0.546875,0.21875
6066,0.5625,0.21875
6067,0.578125,0.21875
6068,0.59375,0.21875
6069,0.609375,0.21875
6070,0.625,0.21875
6071,0.640625,0.21875
6072,0.65625,0.21875
6073,0.671875,0.21875
6074,0.6875,0.21875
6075,0.703125,0.21875
6076,0.71875,0.21875
6077,0.734375,0.21875
6078,0.75,0.21875
6079,0.765625,0.21875
6080,0.78125,0.21875
6081,0.796875,0.21875
6082,0.8125,0.21875
6083,0.828125,0.21875
6084,0.84375,0.21875
6085,0.859375,0.21875
6086,0.875,0.21875
6087,0.890625,0.21875
6088,0.90625,0.21875
6089,0.921875,0.21875
6090,0.9375,0.21875
6091,0.953125,0.21875
6092,0.96875,0.21875
6093,0.984375,0.21875
6094,1.0,0.21875
6095,-1.0,0.234375
6096,-0.984375,0.234375
6097,-0.96875,0.234375
6098,-0.953125,0.234375
6099,-0.9375,0.234375
6100,-0.921875,0.234375
6101,-0.90625,0.234375
6102,-0.890625,0.234375
6103,-0.875,0.234375
6104,-0.859375,0.234375
6105,-0.84375,0.234375
6106,-0.828125,0.234375
6107,-0.8125,0.234375
6108,-0.796875,0.234375
6109,-0.78125,0.234375
6110,-0.765625,0.234375
6111,-0.75,0.234375
6112,-0.734375,0.234375
6113,-0.71875,0.234375
6114,-0.703125,0.234375
6115,-0.6875,0.234375
6116,-0.671875,0.234375
6117,-0.65625,0.234375
6118,-0.640625,0.234375
6119,-0.625,0.234375
6120,-0.609375,0.234375
6121,-0.59375,0.234375
6122,-0.578125,0.234375
6123,-0.5625,0.234375
6124,-0.546875,0.234375
6125,-0.53125,0.234375
6126,-0.515625,0.234375
6127,-0.5,0.234375
6128,-0.484375,0.234375
6129,-0.46875,0.234375
6130,-0.453125,0.234375
6131,-0.4375,0.234375
6132,-0.421875,0.234375
6133,-0.40625,0.234375
6134,-0.390625,0.234375
6135,-0.375,0.234375
6136,-0.359375,0.234375
6137,-0.34375,0.234375
6138,-0.328125,0.234375
6139,-0.3125,0.234375
6140,-0.296875,0.234375
6141,-0.28125,0.234375
6142,-0.265625,0.234375
6143,-0.25,0.234375
6144,-0.234375,0.234375
6145,-0.21875,0.234375
6146,-0.203125,0.234375
6147,-0.1875,0.234375
6148,-0.171875,0.234375
6149,-0.15625,0.234375
6150,-0.140625,0.234375
6151,-0.125,0.234375
6152,-0.109375,0.234375
6153,-0.09375,0.234375
6154,-0.078125,0.234375
6155,-0.0625,0.234375
6156,-0.046875,0.234375
6157,-0.03125,0.234375
6158,-0.015625,0.234375
6159,0.0,0.234375
6160,0.015625,0.234375
6161,0.03125,0.234375
6162,0.046875,0.234375
6163,0.0625,0.234375
6164,0.078125,0.234375
6165,0.09375,0.234375
6166,0.109375,0.234375
6167,0.125,0.234375
6168,0.140625,0.234375
6169,0.15625,0.234375
6170,0.171875,0.234375
6171,0.1875,0.234375
6172,0.203125,0.234375
6173,0.21875,0.234375
6174,0.234375,0.234375
6175,0.25,0.234375
6176,0.265625,0.234375
6177,0.28125,0.234375
6178,0.296875,0.234375
6179,0.3125,0.234375
6180,0.328125,0.234375
6181,0.34375,0.234375
6182,0.359375,0.234375
6183,0.375,0.234375
6184,0.390625,0.234375
6185,0.40625,0.234375
6186,0.421875,0.234375
6187,0.4375,0.234375
6188,0.453125,0.234375
6189,0.46875,0.234375
6190,0.484375,0.234375
6191,0.5,0.234375
6192,0.515625,0.234375
6193,0.53125,0.234375
6194,0.546875,0.234375
6195,0.5625,0.234375
6196,0.578125,0.234375
6197,0.59375,0.234375
6198,0.609375,0.234375
6199,0.625,0.234375
6200,0.640625,0.234375
6201,0.65625,0.234375
6202,0.671875,0.234375
6203,0.6875,0.234375
6204,0.703125,0.234375
6205,0.71875,0.234375
6206,0.734375,0.234375
6207,0.75,0.234375
6208,0.765625,0.234375
6209,0.78125,0.234375
6210,0.796875,0.234375
6211,0.8125,0.234375
6212,0.828125,0.234375
6213,0.84375,0.234375
6214,0.859375,0.234375
6215,0.875,0.234375
6216,0.890625,0.234375
6217,0.90625,0.234375
6218,0.921875,0.234375
6219,0.9375,0.234375
6220,0.953125,0.234375
6221,0.96875,0.234375
6222,0.984375,0.234375
6223,1.0,0.234375
6224,-1.0,0.25
6225,-0.984375,0.25
6226,-0.96875,0.25
6227,-0.953125,0.25
6228,-0.9375,0.25
6229,-0.921875,0.25
6230,-0.90625,0.25
6231,-0.890625,0.25
6232,-0.875,0.25
6233,-0.859375,0.25
6234,-0.84375,0.25
6235,-0.828125,0.25
6236,-0.8125,0.25
6237,-0.796875,0.25
6238,-0.78125,0.25
6239,-0.765625,0.25
6240,-0.75,0.25
6241,-0.734375,0.25
6242,-0.71875,0.25
6243,-0.703125,0.25
6244,-0.6875,0.25
6245,-0.671875,0.25
6246,-0.65625,0.25
6247,-0.640625,0.25
6248,-0.625,0.25
6249,-0.609375,0.25
6250,-0.59375,0.25
6251,-0.578125,0.25
6252,-0.5625,0.25
6253,-0.546875,0.25
6254,-0.53125,0.25
6255,-0.515625,0.25
6256,-0.5,0.25
6257,-0.484375,0.25
6258,-0.46875,0.25
6259,-0.453125,0.25
6260,-0.4375,0.25
6261,-0.421875,0.25
6262,-0.40625,0.25
6263,-0.390625,0.25
6264,-0.375,0.25
6265,-0.359375,0.25
6266,-0.34375,0.25
6267,-0.328125,0.25
6268,-0.3125,0.25
6269,-0.296875,0.25
6270,-0.28125,0.25
6271,-0.265625,0.25
6272,-0.25,0.25
6273,-0.234375,0.25
6274,-0.21875,0.25
6275,-0.203125,0.25
6276,-0.1875,0.25
6277,-0.171875,0.25
6278,-0.15625,0.25
6279,-0.140625,0.25
6280,-0.125,0.25
6281,-0.109375,0.25
6282,-0.09375,0.25
6283,-0.078125,0.25
6284,-0.0625,0.25
6285,-0.046875,0.25
6286,-0.03125,0.25
6287,-0.015625,0.25
6288,0.0,0.25
6289,0.015625,0.25
6290,0.03125,0.25
6291,0.046875,0.25
6292,0.0625,0.25
6293,0.078125,0.25
6294,0.09375,0.25
6295,0.109375,0.25
6296,0.125,0.25
6297,0.140625,0.25
6298,0.15625,0.25
6299,0.171875,0.25
6300,0.1875,0.25
6301,0.203125,0.25
6302,0.21875,0.25
6303,0.234375,0.25
6304,0.25,0.25
6305,0.265625,0.25
6306,0.28125,0.25
6307,0.296875,0.25
6308,0.3125,0.25
6309,0.328125,0.25
6310,0.34375,0.25
6311,0.359375,0.25
6312,0.375,0.25
6313,0.390625,0.25
6314,0.40625,0.25
6315,0.421875,0.25
6316,0.4375,0.25
6317,0.453125,0.25
6318,0.46875,0.25
6319,0.484375,0.25
6320,0.5,0.25
6321,0.515625,0.25
6322,0.53125,0.25
6323,0.546875,0.25
6324,0.5625,0.25
6325,0.578125,0.25
6326,0.59375,0.25
6327,0.609375,0.25
6328,0.625,0.25
6329,0.640625,0.25
6330,0.65625,0.25
6331,0.671875,0.25
6332,0.6875,0.25
6333,0.703125,0.25
6334,0.71875,0.25
6335,0.734375,0.25
6336,0.75,0.25
6337,0.765625,0.25
6338,0.78125,0.25
6339,0.796875,0.25
6340,0.8125,0.25
6341,0.828125,0.25
6342,0.84375,0.25
6343,0.859375,0.25
6344,0.875,0.25
6345,0.890625,0.25
6346,0.90625,0.25
6347,0.921875,0.25
6348,0.9375,0.25
6349,0.953125,0.25
6350,0.96875,0.25
6351,0.984375,0.25
6352,1.0,0.25
6353,-1.0,0.265625
6354,-0.984375,0.265625
6355,-0.96875,0.265625
6356,-0.953125,0.265625
6357,-0.9375,0.265625
6358,-0.921875,0.265625
6359,-0.90625,0.265625
6360,-0.890625,0.265625
6361,-0.875,0.265625
6362,-0.859375,0.265625
6363,-0.84375,0.265625
6364,-0.828125,0.265625
6365,-0.8125,0.265625
6366,-0.796875,0.265625
6367,-0.78125,0.265625
6368,-0.765625,0.265625
6369,-0.75,0.265625
6370,-0.734375,0.265625
6371,-0.71875,0.265625
6372,-0.703125,0.265625
6373,-0.6875,0.265625
6374,-0.671875,0.265625
6375,-0.65625,0.265625
6376,-0.640625,0.265625
6377,-0.625,0.265625
6378,-0.609375,0.265625
6379,-0.59375,0.265625
6380,-0.578125,0.265625
6381,-0.5625,0.265625
6382,-0.546875,0.265625
6383,-0.53125,0.265625
6384,-0.515625,0.265625
6385,-0.5,0.265625
6386,-0.484375,0.265625
6387,-0.46875,0.265625
6388,-0.453125,0.265625
6389,-0.4375,0.265625
6390,-0.421875,0.265625
6391,-0.40625,0.265625
6392,-0.390625,0.265625
6393,-0.375,0.265625
6394,-0.359375,0.265625
6395,-0.34375,0.265625
6396,-0.328125,0.265625
6397,-0.3125,0.265625
6398,-0.296875,0.265625
6399,-0.28125,0.265625
6400,-0.265625,0.265625
6401,-0.25,0.265625
6402,-0.234375,0.265625
6403,-0.21875,0.265625
6404,-0.203125,0.265625
6405,-0.1875,0.265625
6406,-0.171875,0.265625
6407,-0.15625,0.265625
6408,-0.140625,0.265625
6409,-0.125,0.265625
6410,-0.109375,0.265625
6411,-0.09375,0.265625
6412,-0.078125,0.265625
6413,-0.0625,0.265625
6414,-0.046875,0.265625
6415,-0.03125,0.265625
6416,-0.015625,0.265625
6417,0.0,0.265625
6418,0.015625,0.265625
6419,0.03125,0.265625
6420,0.046875,0.265625
6421,0.0625,0.265625
6422,0.078125,0.265625
6423,0.09375,0.265625
6424,0.109375,0.265625
6425,0.125,0.265625
6426,0.140625,0.265625
6427,0.15625,0.265625
6428,0.171875,0.265625
6429,0.1875,0.265625
6430,0.203125,0.265625
6431,0.21875,0.265625
6432,0.234375,0.265625
6433,0.25,0.265625
6434,0.265625,0.265625
6435,0.28125,0.265625
6436,0.296875,0.265625
6437,0.3125,0.265625
6438,0.328125,0.265625
6439,0.34375,0.265625
6440,0.359375,0.265625
6441,0.375,0.265625
6442,0.390625,0.265625
6443,0.40625,0.265625
6444,0.421875,0.265625
6445,0.4375,0.265625
6446,0.453125,0.265625
6447,0.46875,0.265625
6448,0.484375,0.265625
6449,0.5,0.265625
6450,0.515625,0.265625
6451,0.53125,0.265625
6452,0.546875,0.265625
6453,0.5625,0.265625
6454,0.578125,0.265625
6455,0.59375,0.265625
6456,0.609375,0.265625
6457,0.625,0.265625
6458,0.640625,0.265625
6459,0.65625,0.265625
6460,0.671875,0.265625
6461,0.6875,0.265625
6462,0.703125,0.265625
6463,0.71875,0.265625
6464,0.734375,0.265625
6465,0.75,0.265625
6466,0.765625,0.265625
6467,0.78125,0.265625
6468,0.796875,0.265625
6469,0.8125,0.265625
6470,0.828125,0.265625
6471,0.84375,0.265625
6472,0.859375,0.265625
6473,0.875,0.265625
6474,0.890625,0.265625
6475,0.90625,0.265625
6476,0.921875,0.265625
6477,0.9375,0.265625
6478,0.953125,0.265625
6479,0.96875,0.265625
6480,0.984375,0.265625
6481,1.0,0.265625
6482,-1.0,0.28125
6483,-0.984375,0.28125
6484,-0.96875,0.28125
6485,-0.953125,0.28125
6486,-0.9375,0.28125
6487,-0.921875,0.28125
6488,-0.90625,0.28125
6489,-0.890625,0.28125
6490,-0.875,0.28125
6491,-0.859375,0.28125
6492,-0.84375,0.28125
6493,-0.828125,0.28125
6494,-0.8125,0.28125
6495,-0.796875,0.28125
6496,-0.78125,0.28125
6497,-0.765625,0.28125
6498,-0.75,0.28125
6499,-0.734375,0.28125
6500,-0.71875,0.28125
6501,-0.703125,0.28125
6502,-0.6875,0.28125
6503,-0.671875,0.28125
6504,-0.65625,0.28125
6505,-0.640625,0.28125
6506,-0.625,0.28125
6507,-0.609375,0.28125
6508,-0.59375,0.28125
6509,-0.578125,0.28125
6510,-0.5625,0.28125
6511,-0.546875,0.28125
6512,-0.53125,0.28125
6513,-0.515625,0.28125
6514,-0.5,0.28125
6515,-0.484375,0.28125
6516,-0.46875,0.28125
6517,-0.453125,0.28125
6518,-0.4375,0.28125
6519,-0.421875,0.28125
6520,-0.40625,0.28125
6521,-0.390625,0.28125
6522,-0.375,0.28125
6523,-0.359375,0.28125
6524,-0.34375,0.28125
6525,-0.328125,0.28125
6526,-0.3125,0.28125
6527,-0.296875,0.28125
6528,-0.28125,0.28125
6529,-0.265625,0.28125
6530,-0.25,0.28125
6531,-0.234375,0.28125
6532,-0.21875,0.28125
6533,-0.203125,0.28125
6534,-0.1875,0.28125
6535,-0.171875,0.28125
6536,-0.15625,0.28125
6537,-0.140625,0.28125
6538,-0.125,0.28125
6539,-0.109375,0.28125
6540,-0.09375,0.28125
6541,-0.078125,0.28125
6542,-0.0625,0.28125
6543,-0.046875,0.28125
6544,-0.03125,0.28125
6545,-0.015625,0.28125
6546,0.0,0.28125
6547,0.015625,0.28125
6548,0.03125,0.28125
6549,0.046875,0.28125
6550,0.0625,0.28125
6551,0.078125,0.28125
6552,0.09375,0.28125
6553,0.109375,0.28125
6554,0.125,0.28125
6555,0.140625,0.28125
6556,0.15625,0.28125
6557,0.171875,0.28125
6558,0.1875,0.28125
6559,0.203125,0.28125
6560,0.21875,0.28125
6561,0.234375,0.28125
6562,0.25,0.28125
6563,0.265625,0.28125
6564,0.28125,0.28125
6565,0.296875,0.28125
6566,0.3125,0.28125
6567,0.328125,0.28125
6568,0.34375,0.28125
6569,0.359375,0.28125
6570,0.375,0.28125
6571,0.390625,0.28125
6572,0.40625,0.28125
6573,0.421875,0.28125
6574,0.4375,0.28125
6575,0.453125,0.28125
6576,0.46875,0.28125
6577,0.484375,0.28125
6578,0.5,0.28125
6579,0.515625,0.28125
6580,0.53125,0.28125
6581,0.546875,0.28125
6582,0.5625,0.28125
6583,0.578125,0.28125
6584,0.59375,0.28125
6585,0.609375,0.28125
6586,0.625,0.28125
6587,0.640625,0.28125
6588,0.65625,0.28125
6589,0.671875,0.28125
6590,0.6875,0.28125
6591,0.703125,0.28125
6592,0.71875,0.28125
6593,0.734375,0.28125
6594,0.75,0.28125
6595,0.765625,0.28125
6596,0.78125,0.28125
6597,0.796875,0.28125
6598,0.8125,0.28125
6599,0.828125,0.28125
6600,0.84375,0.28125
6601,0.859375,0.28125
6602,0.875,0.28125
6603,0.890625,0.28125
6604,0.90625,0.28125
6605,0.921875,0.28125
6606,0.9375,0.28125
6607,0.953125,0.28125
6608,0.96875,0.28125
6609,0.984375,0.28125
6610,1.0,0.28125
6611,-1.0,0.296875
6612,-0.984375,0.296875
6613,-0.96875,0.296875
6614,-0.953125,0.296875
6615,-0.9375,0.296875
6616,-0.921875,0.296875
6617,-0.90625,0.296875
6618,-0.890625,0.296875
6619,-0.875,0.296875
6620,-0.859375,0.296875
6621,-0.84375,0.296875
6622,-0.828125,0.296875
6623,-0.8125,0.296875
6624,-0.796875,0.296875
6625,-0.78125,0.296875
6626,-0.765625,0.296875
6627,-0.75,0.296875
6628,-0.734375,0.296875
6629,-0.71875,0.296875
6630,-0.703125,0.296875
6631,-0.6875,0.296875
6632,-0.671875,0.296875
6633,-0.65625,0.296875
6634,-0.640625,0.296875
6635,-0.625,0.296875
6636,-0.609375,0.296875
6637,-0.59375,0.296875
6638,-0.578125,0.296875
6639,-0.5625,0.296875
6640,-0.546875,0.296875
6641,-0.53125,0.296875
6642,-0.515625,0.296875
6643,-0.5,0.296875
6644,-0.484375,0.296875
6645,-0.46875,0.296875
6646,-0.453125,0.296875
6647,-0.4375,0.296875
6648,-0.421875,0.296875
6649,-0.40625,0.296875
6650,-0.390625,0.296875
6651,-0.375,0.296875
6652,-0.359375,0.296875
6653,-0.34375,0.296875
6654,-0.328125,0.296875
6655,-0.3125,0.296875
6656,-0.296875,0.296875
6657,-0.28125,0.296875
6658,-0.265625,0.296875
6659,-0.25,0.296875
6660,-0.234375,0.296875
6661,-0.21875,0.296875
6662,-0.203125,0.296875
6663,-0.1875,0.296875
6664,-0.171875,0.296875
6665,-0.15625,0.296875
6666,-0.140625,0.296875
6667,-0.125,0.296875
6668,-0.109375,0.296875
6669,-0.09375,0.296875
6670,-0.078125,0.296875
6671,-0.0625,0.296875
6672,-0.046875,0.296875
6673,-0.03125,0.296875
6674,-0.015625,0.296875
6675,0.0,0.296875
6676,0.015625,0.296875
6677,0.03125,0.296875
6678,0.046875,0.296875
6679,0.0625,0.296875
6680,0.078125,0.296875
6681,0.09375,0.296875
6682,0.109375,0.296875
6683,0.125,0.296875
6684,0.140625,0.296875
6685,0.15625,0.296875
6686,0.171875,0.296875
6687,0.1875,0.296875
6688,0.203125,0.296875
6689,0.21875,0.296875
6690,0.234375,0.296875
6691,0.25,0.296875
6692,0.265625,0.296875
6693,0.28125,0.296875
6694,0.296875,0.296875
6695,0.3125,0.296875
6696,0.328125,0.296875
6697,0.34375,0.296875
6698,0.359375,0.296875
6699,0.375,0.296875
6700,0.390625,0.296875
6701,0.40625,0.296875
6702,0.421875,0.296875
6703,0.4375,0.296875
6704,0.453125,0.296875
6705,0.46875,0.296875
6706,0.484375,0.296875
6707,0.5,0.296875
6708,0.515625,0.296875
6709,0.53125,0.296875
6710,0.546875,0.296875
6711,0.5625,0.296875
6712,0.578125,0.296875
6713,0.59375,0.296875
6714,0.609375,0.296875
6715,0.625,0.296875
6716,0.640625,0.296875
6717,0.65625,0.296875
6718,0.671875,0.296875
6719,0.6875,0.296875
6720,0.703125,0.296875
6721,0.71875,0.296875
6722,0.734375,0.296875
6723,0.75,0.296875
6724,0.765625,0.296875
6725,0.78125,0.296875
6726,0.796875,0.296875
6727,0.8125,0.296875
6728,0.828125,0.296875
6729,0.84375,0.296875
6730,0.859375,0.296875
6731,0.875,0.296875
6732,0.890625,0.296875
6733,0.90625,0.296875
6734,0.921875,0.296875
6735,0.9375,0.296875
6736,0.953125,0.296875
6737,0.96875,0.296875
6738,0.984375,0.296875
6739,1.0,0.296875
6740,-1.0,0.3125
6741,-0.984375,0.3125
6742,-0.96875,0.3125
6743,-0.953125,0.3125
6744,-0.9375,0.3125
6745,-0.921875,0.3125
6746,-0.90625,0.3125
6747,-0.890625,0.3125
6748,-0.875,0.3125
6749,-0.859375,0.3125
6750,-0.84375,0.3125
6751,-0.828125,0.3125
6752,-0.8125,0.3125
6753,-0.796875,0.3125
6754,-0.78125,0.3125
6755,-0.765625,0.3125
6756,-0.75,0.3125
6757,-0.734375,0.3125
6758,-0.71875,0.3125
6759,-0.703125,0.3125
6760,-0.6875,0.3125
6761,-0.671875,0.3125
6762,-0.65625,0.3125
6763,-0.640625,0.3125
6764,-0.625,0.3125
6765,-0.609375,0.3125
6766,-0.59375,0.3125
6767,-0.578125,0.3125
6768,-0.5625,0.3125
6769,-0.546875,0.3125
6770,-0.53125,0.3125
6771,-0.515625,0.3125
6772,-0.5,0.3125
6773,-0.484375,0.3125
6774,-0.46875,0.3125
6775,-0.453125,0.3125
6776,-0.4375,0.3125
6777,-0.421875,0.3125
6778,-0.40625,0.3125
6779,-0.390625,0.3125
6780,-0.375,0.3125
6781,-0.359375,0.3125
6782,-0.34375,0.3125
6783,-0.328125,0.3125
6784,-0.3125,0.3125
6785,-0.296875,0.3125
6786,-0.28125,0.3125
6787,-0.265625,0.3125
6788,-0.25,0.3125
6789,-0.234375,0.3125
6790,-0.21875,0.3125
6791,-0.203125,0.3125
6792,-0.1875,0.3125
6793,-0.171875,0.3125
6794,-0.15625,0.3125
6795,-0.140625,0.3125
6796,-0.125,0.3125
6797,-0.109375,0.3125
6798,-0.09375,0.3125
6799,-0.078125,0.3125
6800,-0.0625,0.3125
6801,-0.046875,0.3125
6802,-0.03125,0.3125
6803,-0.015625,0.3125
6804,0.0,0.3125
6805,0.015625,0.3125
6806,0.03125,0.3125
6807,0.046875,0.3125
6808,0.0625,0.3125
6809,0.078125,0.3125
6810,0.09375,0.3125
6811,0.109375,0.3125
6812,0.125,0.3125
6813,0.140625,0.3125
6814,0.15625,0.3125
6815,0.171875,0.3125
6816,0.1875,0.3125
6817,0.203125,0.3125
6818,0.21875,0.3125
6819,0.234375,0.3125
6820,0.25,0.3125
6821,0.265625,0.3125
6822,0.28125,0.3125
6823,0.296875,0.3125
6824,0.3125,0.3125
6825,0.328125,0.3125
6826,0.34375,0.3125
6827,0.359375,0.3125
6828,0.375,0.3125
6829,0.390625,0.3125
6830,0.40625,0.3125
6831,0.421875,0.3125
6832,0.4375,0.3125
6833,0.453125,0.3125
6834,0.46875,0.3125
6835,0.484375,0.3125
6836,0.5,0.3125
6837,0.515625,0.3125
6838,0.53125,0.3125
6839,0.546875,0.3125
6840,0.5625,0.3125
6841,0.578125,0.3125
6842,0.59375,0.3125
6843,0.609375,0.3125
6844,0.625,0.3125
6845,0.640625,0.3125
6846,0.65625,0.3125
6847,0.671875,0.3125
6848,0.6875,0.3125
6849,0.703125,0.3125
6850,0.71875,0.3125
6851,0.734375,0.3125
6852,0.75,0.3125
6853,0.765625,0.3125
6854,0.78125,0.3125
6855,0.796875,0.3125
6856,0.8125,0.3125
6857,0.828125,0.3125
6858,0.84375,0.3125
6859,0.859375,0.3125
6860,0.875,0.3125
6861,0.890625,0.3125
6862,0.90625,0.3125
6863,0.921875,0.3125
6864,0.9375,0.3125
6865,0.953125,0.3125
6866,0.96875,0.3125
6867,0.984375,0.3125
6868,1.0,0.3125
6869,-1.0,0.328125
6870,-0.984375,0.328125
6871,-0.96875,0.328125
6872,-0.953125,0.328125
6873,-0.9375,0.328125
6874,-0.921875,0.328125
6875,-0.90625,0.328125
6876,-0.890625,0.328125
6877,-0.875,0.328125
6878,-0.859375,0.328125
6879,-0.84375,0.328125
6880,-0.828125,0.328125
6881,-0.8125,0.328125
6882,-0.796875,0.328125
6883,-0.78125,0.328125
6884,-0.765625,0.328125
6885,-0.75,0.328125
6886,-0.734375,0.328125
6887,-0.71875,0.328125
6888,-0.703125,0.328125
6889,-0.6875,0.328125
6890,-0.671875,0.328125
6891,-0.65625,0.328125
6892,-0.640625,0.328125
6893,-0.625,0.328125
6894,-0.609375,0.328125
6895,-0.59375,0.328125
6896,-0.578125,0.328125
6897,-0.5625,0.328125
6898,-0.546875,0.328125
6899,-0.53125,0.328125
6900,-0.515625,0.328125
6901,-0.5,0.328125
6902,-0.484375,0.328125
6903,-0.46875,0.328125
6904,-0.453125,0.328125
6905,-0.4375,0.328125
6906,-0.421875,0.328125
6907,-0.40625,0.328125
6908,-0.390625,0.328125
6909,-0.375,0.328125
6910,-0.359375,0.328125
6911,-0.34375,0.328125
6912,-0.328125,0.328125
6913,-0.3125,0.328125
6914,-0.296875,0.328125
6915,-0.28125,0.328125
6916,-0.265625,0.328125
6917,-0.25,0.328125
6918,-0.234375,0.328125
6919,-0.21875,0.328125
6920,-0.203125,0.328125
6921,-0.1875,0.328125
6922,-0.171875,0.328125
6923,-0.15625,0.328125
6924,-0.140625,0.328125
6925,-0.125,0.328125
6926,-0.109375,0.328125
6927,-0.09375,0.328125
6928,-0.078125,0.328125
6929,-0.0625,0.328125
6930,-0.046875,0.328125
6931,-0.03125,0.328125
6932,-0.015625,0.328125
6933,0.0,0.328125
6934,0.015625,0.328125
6935,0.03125,0.328125
6936,0.046875,0.328125
6937,0.0625,0.328125
6938,0.078125,0.328125
6939,0.09375,0.328125
6940,0.109375,0.328125
6941,0.125,0.328125
6942,0.140625,0.328125
6943,0.15625,0.328125
6944,0.171875,0.328125
6945,0.1875,0.328125
6946,0.203125,0.328125
6947,0.21875,0.328125
6948,0.234375,0.328125
6949,0.25,0.328125
6950,0.265625,0.328125
6951,0.28125,0.328125
6952,0.296875,0.328125
6953,0.3125,0.328125
6954,0.328125,0.328125
6955,0.34375,0.328125
6956,0.359375,0.328125
6957,0.375,0.328125
6958,0.390625,0.328125
6959,0.40625,0.328125
6960,0.421875,0.328125
6961,0.4375,0.328125
6962,0.453125,0.328125
6963,0.46875,0.328125
6964,0.484375,0.328125
6965,0.5,0.328125
6966,0.515625,0.328125
6967,0.53125,0.328125
6968,0.546875,0.328125
6969,0.5625,0.328125
6970,0.578125,0.328125
6971,0.59375,0.328125
6972,0.609375,0.328125
6973,0.625,0.328125
6974,0.640625,0.328125
6975,0.65625,0.328125
6976,0.671875,0.328125
6977,0.6875,0.328125
6978,0.703125,0.328125
6979,0.71875,0.328125
6980,0.734375,0.328125
6981,0.75,0.328125
6982,0.765625,0.328125
6983,0.78125,0.328125
6984,0.796875,0.328125
6985,0.8125,0.328125
6986,0.828125,0.328125
6987,0.84375,0.328125
6988,0.859375,0.328125
6989,0.875,0.328125
6990,0.890625,0.328125
6991,0.90625,0.328125
6992,0.921875,0.328125
6993,0.9375,0.328125
6994,0.953125,0.328125
6995,0.96875,0.328125
6996,0.984375,0.328125
6997,1.0,0.328125
6998,-1.0,0.34375
6999,-0.984375,0.34375
7000,-0.96875,0.34375
7001,-0.953125,0.34375
7002,-0.9375,0.34375
7003,-0.921875,0.34375
7004,-0.90625,0.34375
7005,-0.890625,0.34375
7006,-0.875,0.34375
7007,-0.859375,0.34375
7008,-0.84375,0.34375
7009,-0.828125,0.34375
7010,-0.8125,0.34375
7011,-0.796875,0.34375
7012,-0.78125,0.34375
7013,-0.765625,0.34375
7014,-0.75,0.34375
7015,-0.734375,0.34375
7016,-0.71875,0.34375
7017,-0.703125,0.34375
7018,-0.6875,0.34375
7019,-0.671875,0.34375
7020,-0.65625,0.34375
7021,-0.640625,0.34375
7022,-0.625,0.34375
7023,-0.609375,0.34375
7024,-0.59375,0.34375
7025,-0.578125,0.34375
7026,-0.5625,0.34375
7027,-0.546875,0.34375
7028,-0.53125,0.34375
7029,-0.515625,0.34375
7030,-0.5,0.34375
7031,-0.484375,0.34375
7032,-0.46875,0.34375
7033,-0.453125,0.34375
7034,-0.4375,0.34375
7035,-0.421875,0.34375
7036,-0.40625,0.34375
7037,-0.390625,0.34375
7038,-0.375,0.34375
7039,-0.359375,0.34375
7040,-0.34375,0.34375
7041,-0.328125,0.34375
7042,-0.3125,0.34375
7043,-0.296875,0.34375
7044,-0.28125,0.34375
7045,-0.265625,0.34375
7046,-0.25,0.34375
7047,-0.234375,0.34375
7048,-0.21875,0.34375
7049,-0.203125,0.34375
7050,-0.1875,0.34375
7051,-0.171875,0.34375
7052,-0.15625,0.34375
7053,-0.140625,0.34375
7054,-0.125,0.34375
7055,-0.109375,0.34375
7056,-0.09375,0.34375
7057,-0.078125,0.34375
7058,-0.0625,0.34375
7059,-0.046875,0.34375
7060,-0.03125,0.34375
7061,-0.015625,0.34375
7062,0.0,0.34375
7063,0.015625,0.34375
7064,0.03125,0.34375
7065,0.046875,0.34375
7066,0.0625,0.34375
7067,0.078125,0.34375
7068,0.09375,0.34375
7069,0.109375,0.34375
7070,0.125,0.34375
7071,0.140625,0.34375
7072,0.15625,0.34375
7073,0.171875,0.34375
7074,0.1875,0.34375
7075,0.203125,0.34375
7076,0.21875,0.34375
7077,0.234375,0.34375
7078,0.25,0.34375
7079,0.265625,0.34375
7080,0.28125,0.34375
7081,0.296875,0.34375
7082,0.3125,0.34375
7083,0.328125,0.34375
7084,0.34375,0.34375
7085,0.359375,0.34375
7086,0.375,0.34375
7087,0.390625,0.34375
7088,0.40625,0.34375
7089,0.421875,0.34375
7090,0.4375,0.34375
7091,0.453125,0.34375
7092,0.46875,0.34375
7093,0.484375,0.34375
7094,0.5,0.34375
7095,0.515625,0.34375
7096,0.53125,0.34375
7097,0.546875,0.34375
7098,0.5625,0.34375
7099,0.578125,0.34375
7100,0.59375,0.34375
7101,0.609375,0.34375
7102,0.625,0.34375
7103,0.640625,0.34375
7104,0.65625,0.34375
7105,0.671875,0.34375
7106,0.6875,0.34375
7107,0.703125,0.34375
7108,0.71875,0.34375
7109,0.734375,0.34375
7110,0.75,0.34375
7111,0.765625,0.34375
7112,0.78125,0.34375
7113,0.796875,0.34375
7114,0.8125,0.34375
7115,0.828125,0.34375
7116,0.84375,0.34375
7117,0.859375,0.34375
7118,0.875,0.34375
7119,0.890625,0.34375
7120,0.90625,0.34375
7121,0.921875,0.34375
7122,0.9375,0.34375
7123,0.953125,0.34375
7124,0.96875,0.34375
7125,0.984375,0.34375
7126,1.0,0.34375
7127,-1.0,0.359375
7128,-0.984375,0.359375
7129,-0.96875,0.359375
7130,-0.953125,0.359375
7131,-0.9375,0.359375
7132,-0.921875,0.359375
7133,-0.90625,0.359375
7134,-0.890625,0.359375
7135,-0.875,0.359375
7136,-0.859375,0.359375
7137,-0.84375,0.359375
7138,-0.828125,0.359375
7139,-0.8125,0.359375
7140,-0.796875,0.359375
7141,-0.78125,0.359375
7142,-0.765625,0.359375
7143,-0.75,0.359375
7144,-0.734375,0.359375
7145,-0.71875,0.359375
7146,-0.703125,0.359375
7147,-0.6875,0.359375
7148,-0.671875,0.359375
7149,-0.65625,0.359375
7150,-0.640625,0.359375
7151,-0.625,0.359375
7152,-0.609375,0.359375
7153,-0.59375,0.359375
7154,-0.578125,0.359375
7155,-0.5625,0.359375
7156,-0.546875,0.359375
7157,-0.53125,0.359375
7158,-0.515625,0.359375
7159,-0.5,0.359375
7160,-0.484375,0.359375
7161,-0.46875,0.359375
7162,-0.453125,0.359375
7163,-0.4375,0.359375
7164,-0.421875,0.359375
7165,-0.40625,0.359375
7166,-0.390625,0.359375
7167,-0.375,0.359375
7168,-0.359375,0.359375
7169,-0.34375,0.359375
7170,-0.328125,0.359375
7171,-0.3125,0.359375
7172,-0.296875,0.359375
7173,-0.28125,0.359375
7174,-0.265625,0.359375
7175,-0.25,0.359375
7176,-0.234375,0.359375
7177,-0.21875,0.359375
7178,-0.203125,0.359375
7179,-0.1875,0.359375
7180,-0.171875,0.359375
7181,-0.15625,0.359375
7182,-0.140625,0.359375
7183,-0.125,0.359375
7184,-0.109375,0.359375
7185,-0.09375,0.359375
7186,-0.078125,0.359375
7187,-0.0625,0.359375
7188,-0.046875,0.359375
7189,-0.03125,0.359375
7190,-0.015625,0.359375
7191,0.0,0.359375
7192,0.015625,0.359375
7193,0.03125,0.359375
7194,0.046875,0.359375
7195,0.0625,0.359375
7196,0.078125,0.359375
7197,0.09375,0.359375
7198,0.109375,0.359375
7199,0.125,0.359375
7200,0.140625,0.359375
7201,0.15625,0.359375
7202,0.171875,0.359375
7203,0.1875,0.359375
7204,0.203125,0.359375
7205,0.21875,0.359375
7206,0.234375,0.359375
7207,0.25,0.359375
7208,0.265625,0.359375
7209,0.28125,0.359375
7210,0.296875,0.359375
7211,0.3125,0.359375
7212,0.328125,0.359375
7213,0.34375,0.359375
7214,0.359375,0.359375
7215,0.375,0.359375
7216,0.390625,0.359375
7217,0.40625,0.359375
7218,0.421875,0.359375
7219,0.4375,0.359375
7220,0.453125,0.359375
7221,0.46875,0.359375
7222,0.484375,0.359375
7223,0.5,0.359375
7224,0.515625,0.359375
7225,0.53125,0.359375
7226,0.546875,0.359375
7227,0.5625,0.359375
7228,0.578125,0.359375
7229,0.59375,0.359375
7230,0.609375,0.359375
7231,0.625,0.359375
7232,0.640625,0.359375
7233,0.65625,0.359375
7234,0.671875,0.359375
7235,0.6875,0.359375
7236,0.703125,0.359375
7237,0.71875,0.359375
7238,0.734375,0.359375
7239,0.75,0.359375
7240,0.765625,0.359375
7241,0.78125,0.359375
7242,0.796875,0.359375
7243,0.8125,0.359375
7244,0.828125,0.359375
7245,0.84375,0.359375
7246,0.859375,0.359375
7247,0.875,0.359375
7248,0.890625,0.359375
7249,0.90625,0.359375
7250,0.921875,0.359375
7251,0.9375,0.359375
7252,0.953125,0.359375
7253,0.96875,0.359375
7254,0.984375,0.359375
7255,1.0,0.359375
7256,-1.0,0.375
7257,-0.984375,0.375
7258,-0.96875,0.375
7259,-0.953125,0.375
7260,-0.9375,0.375
7261,-0.921875,0.375
7262,-0.90625,0.375
7263,-0.890625,0.375
7264,-0.875,0.375
7265,-0.859375,0.375
7266,-0.84375,0.375
7267,-0.828125,0.375
7268,-0.8125,0.375
7269,-0.796875,0.375
7270,-0.78125,0.375
7271,-0.765625,0.375
7272,-0.75,0.375
7273,-0.734375,0.375
7274,-0.71875,0.375
7275,-0.703125,0.375
7276,-0.6875,0.375
7277,-0.671875,0.375
7278,-0.65625,0.375
7279,-0.640625,0.375
7280,-0.625,0.375
7281,-0.609375,0.375
7282,-0.59375,0.375
7283,-0.578125,0.375
7284,-0.5625,0.375
7285,-0.546875,0.375
7286,-0.53125,0.375
7287,-0.515625,0.375
7288,-0.5,0.375
7289,-0.484375,0.375
7290,-0.46875,0.375
7291,-0.453125,0.375
7292,-0.4375,0.375
7293,-0.421875,0.375
7294,-0.40625,0.375
7295,-0.390625,0.375
7296,-0.375,0.375
7297,-0.359375,0.375
7298,-0.34375,0.375
7299,-0.328125,0.375
7300,-0.3125,0.375
7301,-0.296875,0.375
7302,-0.28125,0.375
7303,-0.265625,0.375
7304,-0.25,0.375
7305,-0.234375,0.375
7306,-0.21875,0.375
7307,-0.203125,0.375
7308,-0.1875,0.375
7309,-0.171875,0.375
7310,-0.15625,0.375
7311,-0.140625,0.375
7312,-0.125,0.375
7313,-0.109375,0.375
7314,-0.09375,0.375
7315,-0.078125,0.375
7316,-0.0625,0.375
7317,-0.046875,0.375
7318,-0.03125,0.375
7319,-0.015625,0.375
7320,0.0,0.375
7321,0.015625,0.375
7322,0.03125,0.375
7323,0.046875,0.375
7324,0.0625,0.375
7325,0.078125,0.375
7326,0.09375,0.375
7327,0.109375,0.375
7328,0.125,0.375
7329,0.140625,0.375
7330,0.15625,0.375
7331,0.171875,0.375
7332,0.1875,0.375
7333,0.203125,0.375
7334,0.21875,0.375
7335,0.234375,0.375
7336,0.25,0.375
7337,0.265625,0.375
7338,0.28125,0.375
7339,0.296875,0.375
7340,0.3125,0.375
7341,0.328125,0.375
7342,0.34375,0.375
7343,0.359375,0.375
7344,0.375,0.375
7345,0.390625,0.375
7346,0.40625,0.375
7347,0.421875,0.375
7348,0.4375,0.375
7349,0.453125,0.375
7350,0.46875,0.375
7351,0.484375,0.375
7352,0.5,0.375
7353,0.515625,0.375
7354,0.53125,0.375
7355,0.546875,0.375
7356,0.5625,0.375
7357,0.578125,0.375
7358,0.59375,0.375
7359,0.609375,0.375
7360,0.625,0.375
7361,0.640625,0.375
7362,0.65625,0.375
7363,0.671875,0.375
7364,0.6875,0.375
7365,0.703125,0.375
7366,0.71875,0.375
7367,0.734375,0.375
7368,0.75,0.375
7369,0.765625,0.375
7370,0.78125,0.375
7371,0.796875,0.375
7372,0.8125,0.375
7373,0.828125,0.375
7374,0.84375,0.375
7375,0.859375,0.375
7376,0.875,0.375
7377,0.890625,0.375
7378,0.90625,0.375
7379,0.921875,0.375
7380,0.9375,0.375
7381,0.953125,0.375
7382,0.96875,0.375
7383,0.984375,0.375
7384,1.0,0.375
7385,-1.0,0.390625
7386,-0.984375,0.390625
7387,-0.96875,0.390625
7388,-0.953125,0.390625
7389,-0.9375,0.390625
7390,-0.921875,0.390625
7391,-0.90625,0.390625
7392,-0.890625,0.390625
7393,-0.875,0.390625
7394,-0.859375,0.390625
7395,-0.84375,0.390625
7396,-0.828125,0.390625
7397,-0.8125,0.390625
7398,-0.796875,0.390625
7399,-0.78125,0.390625
7400,-0.765625,0.390625
7401,-0.75,0.390625
7402,-0.734375,0.390625
7403,-0.71875,0.390625
7404,-0.703125,0.390625
7405,-0.6875,0.390625
7406,-0.671875,0.390625
7407,-0.65625,0.390625
7408,-0.640625,0.390625
7409,-0.625,0.390625
7410,-0.609375,0.390625
7411,-0.59375,0.390625
7412,-0.578125,0.390625
7413,-0.5625,0.390625
7414,-0.546875,0.390625
7415,-0.53125,0.390625
7416,-0.515625,0.390625
7417,-0.5,0.390625
7418,-0.484375,0.390625
7419,-0.46875,0.390625
7420,-0.453125,0.390625
7421,-0.4375,0.390625
7422,-0.421875,0.390625
7423,-0.40625,0.390625
7424,-0.390625,0.390625
7425,-0.375,0.390625
7426,-0.359375,0.390625
7427,-0.34375,0.390625
7428,-0.328125,0.390625
7429,-0.3125,0.390625
7430,-0.296875,0.390625
7431,-0.28125,0.390625
7432,-0.265625,0.390625
7433,-0.25,0.390625
7434,-0.234375,0.390625
7435,-0.21875,0.390625
7436,-0.203125,0.390625
7437,-0.1875,0.390625
7438,-0.171875,0.390625
7439,-0.15625,0.390625
7440,-0.140625,0.390625
7441,-0.125,0.390625
7442,-0.109375,0.390625
7443,-0.09375,0.390625
7444,-0.078125,0.390625
7445,-0.0625,0.390625
7446,-0.046875,0.390625
7447,-0.03125,0.390625
7448,-0.015625,0.390625
7449,0.0,0.390625
7450,0.015625,0.390625
7451,0.03125,0.390625
7452,0.046875,0.390625
7453,0.0625,0.390625
7454,0.078125,0.390625
7455,0.09375,0.390625
7456,0.109375,0.390625
7457,0.125,0.390625
7458,0.140625,0.390625
7459,0.15625,0.390625
7460,0.171875,0.390625
7461,0.1875,0.390625
7462,0.203125,0.390625
7463,0.21875,0.390625
7464,0.234375,0.390625
7465,0.25,0.390625
7466,0.265625,0.390625
7467,0.28125,0.390625
7468,0.296875,0.390625
7469,0.3125,0.390625
7470,0.328125,0.390625
7471,0.34375,0.390625
7472,0.359375,0.390625
7473,0.375,0.390625
7474,0.390625,0.390625
7475,0.40625,0.390625
7476,0.421875,0.390625
7477,0.4375,0.390625
7478,0.453125,0.390625
7479,0.46875,0.390625
7480,0.484375,0.390625
7481,0.5,0.390625
7482,0.515625,0.390625
7483,0.53125,0.390625
7484,0.546875,0.390625
7485,0.5625,0.390625
7486,0.578125,0.390625
7487,0.59375,0.390625
7488,0.609375,0.390625
7489,0.625,0.390625
7490,0.640625,0.390625
7491,0.65625,0.390625
7492,0.671875,0.390625
7493,0.6875,0.390625
7494,0.703125,0.390625
7495,0.71875,0.390625
7496,0.734375,0.390625
7497,0.75,0.390625
7498,0.765625,0.390625
7499,0.78125,0.390625
7500,0.796875,0.390625
7501,0.8125,0.390625
7502,0.828125,0.390625
7503,0.84375,0.390625
7504,0.859375,0.390625
7505,0.875,0.390625
7506,0.890625,0.390625
7507,0.90625,0.390625
7508,0.921875,0.390625
7509,0.9375,0.390625
7510,0.953125,0.390625
7511,0.96875,0.390625
7512,0.984375,0.390625
7513,1.0,0.390625
7514,-1.0,0.40625
7515,-0.984375,0.40625
7516,-0.96875,0.40625
7517,-0.953125,0.40625
7518,-0.9375,0.40625
7519,-0.921875,0.40625
7520,-0.90625,0.40625
7521,-0.890625,0.40625
7522,-0.875,0.40625
7523,-0.859375,0.40625
7524,-0.84375,0.40625
7525,-0.828125,0.40625
7526,-0.8125,0.40625
7527,-0.796875,0.40625
7528,-0.78125,0.40625
7529,-0.765625,0.40625
7530,-0.75,0.40625
7531,-0.734375,0.40625
7532,-0.71875,0.40625
7533,-0.703125,0.40625
7534,-0.6875,0.40625
7535,-0.671875,0.40625
7536,-0.65625,0.40625
7537,-0.640625,0.40625
7538,-0.625,0.40625
7539,-0.609375,0.40625
7540,-0.59375,0.40625
7541,-0.578125,0.40625
7542,-0.5625,0.40625
7543,-0.546875,0.40625
7544,-0.53125,0.40625
7545,-0.515625,0.40625
7546,-0.5,0.40625
7547,-0.484375,0.40625
7548,-0.46875,0.40625
7549,-0.453125,0.40625
7550,-0.4375,0.40625
7551,-0.421875,0.40625
7552,-0.40625,0.40625
7553,-0.390625,0.40625
7554,-0.375,0.40625
7555,-0.359375,0.40625
7556,-0.34375,0.40625
7557,-0.328125,0.40625
7558,-0.3125,0.40625
7559,-0.296875,0.40625
7560,-0.28125,0.40625
7561,-0.265625,0.40625
7562,-0.25,0.40625
7563,-0.234375,0.40625
7564,-0.21875,0.40625
7565,-0.203125,0.40625
7566,-0.1875,0.40625
7567,-0.171875,0.40625
7568,-0.15625,0.40625
7569,-0.140625,0.40625
7570,-0.125,0.40625
7571,-0.109375,0.40625
7572,-0.09375,0.40625
7573,-0.078125,0.40625
7574,-0.0625,0.40625
7575,-0.046875,0.40625
7576,-0.03125,0.40625
7577,-0.015625,0.40625
7578,0.0,0.40625
7579,0.015625,0.40625
7580,0.03125,0.40625
7581,0.046875,0.40625
7582,0.0625,0.40625
7583,0.078125,0.40625
7584,0.09375,0.40625
7585,0.109375,0.40625
7586,0.125,0.40625
7587,0.140625,0.40625
7588,0.15625,0.40625
7589,0.171875,0.40625
7590,0.1875,0.40625
7591,0.203125,0.40625
7592,0.21875,0.40625
7593,0.234375,0.40625
7594,0.25,0.40625
7595,0.265625,0.40625
7596,0.28125,0.40625
7597,0.296875,0.40625
7598,0.3125,0.40625
7599,0.328125,0.40625
7600,0.34375,0.40625
7601,0.359375,0.40625
7602,0.375,0.40625
7603,0.390625,0.40625
7604,0.40625,0.40625
7605,0.421875,0.40625
7606,0.4375,0.40625
7607,0.453125,0.40625
7608,0.46875,0.40625
7609,0.484375,0.40625
7610,0.5,0.40625
7611,0.515625,0.40625
7612,0.53125,0.40625
7613,0.546875,0.40625
7614,0.5625,0.40625
7615,0.578125,0.40625
7616,0.59375,0.40625
7617,0.609375,0.40625
7618,0.625,0.40625
7619,0.640625,0.40625
7620,0.65625,0.40625
7621,0.671875,0.40625
7622,0.6875,0.40625
7623,0.703125,0.40625
7624,0.71875,0.40625
7625,0.734375,0.40625
7626,0.75,0.40625
7627,0.765625,0.40625
7628,0.78125,0.40625
7629,0.796875,0.40625
7630,0.8125,0.40625
7631,0.828125,0.40625
7632,0.84375,0.40625
7633,0.859375,0.40625
7634,0.875,0.40625
7635,0.890625,0.40625
7636,0.90625,0.40625
7637,0.921875,0.40625
7638,0.9375,0.40625
7639,0.953125,0.40625
7640,0.96875,0.40625
7641,0.984375,0.40625
7642,1.0,0.40625
7643,-1.0,0.421875
7644,-0.984375,0.421875
7645,-0.96875,0.421875
7646,-0.953125,0.421875
7647,-0.9375,0.421875
7648,-0.921875,0.421875
7649,-0.90625,0.421875
7650,-0.890625,0.421875
7651,-0.875,0.421875
7652,-0.859375,0.421875
7653,-0.84375,0.421875
7654,-0.828125,0.421875
7655,-0.8125,0.421875
7656,-0.796875,0.421875
7657,-0.78125,0.421875
7658,-0.765625,0.421875
7659,-0.75,0.421875
7660,-0.734375,0.421875
7661,-0.71875,0.421875
7662,-0.703125,0.421875
7663,-0.6875,0.421875
7664,-0.671875,0.421875
7665,-0.65625,0.421875
7666,-0.640625,0.421875
7667,-0.625,0.421875
7668,-0.609375,0.421875
7669,-0.59375,0.421875
7670,-0.578125,0.421875
7671,-0.5625,0.421875
7672,-0.546875,0.421875
7673,-0.53125,0.421875
7674,-0.515625,0.421875
7675,-0.5,0.421875
7676,-0.484375,0.421875
7677,-0.46875,0.421875
7678,-0.453125,0.421875
7679,-0.4375,0.421875
7680,-0.421875,0.421875
7681,-0.40625,0.421875
7682,-0.390625,0.421875
7683,-0.375,0.421875
7684,-0.359375,0.421875
7685,-0.34375,0.421875
7686,-0.328125,0.421875
7687,-0.3125,0.421875
7688,-0.296875,0.421875
7689,-0.28125,0.421875
7690,-0.265625,0.421875
7691,-0.25,0.421875
7692,-0.234375,0.421875
7693,-0.21875,0.421875
7694,-0.203125,0.421875
7695,-0.1875,0.421875
7696,-0.171875,0.421875
7697,-0.15625,0.421875
7698,-0.140625,0.421875
7699,-0.125,0.421875
7700,-0.109375,0.421875
7701,-0.09375,0.421875
7702,-0.078125,0.421875
7703,-0.0625,0.421875
7704,-0.046875,0.421875
7705,-0.03125,0.421875
7706,-0.015625,0.421875
7707,0.0,0.421875
7708,0.015625,0.421875
7709,0.03125,0.421875
7710,0.046875,0.421875
7711,0.0625,0.421875
7712,0.078125,0.421875
7713,0.09375,0.421875
7714,0.109375,0.421875
7715,0.125,0.421875
7716,0.140625,0.421875
7717,0.15625,0.421875
7718,0.171875,0.421875
7719,0.1875,0.421875
7720,0.203125,0.421875
7721,0.21875,0.421875
7722,0.234375,0.421875
7723,0.25,0.421875
7724,0.265625,0.421875
7725,0.28125,0.421875
7726,0.296875,0.421875
7727,0.3125,0.421875
7728,0.328125,0.421875
7729,0.34375,0.421875
7730,0.359375,0.421875
7731,0.375,0.421875
7732,0.390625,0.421875
7733,0.40625,0.421875
7734,0.421875,0.421875
7735,0.4375,0.421875
7736,0.453125,0.421875
7737,0.46875,0.421875
7738,0.484375,0.421875
7739,0.5,0.421875
7740,0.515625,0.421875
7741,0.53125,0.421875
7742,0.546875,0.421875
7743,0.5625,0.421875
7744,0.578125,0.421875
7745,0.59375,0.421875
7746,0.609375,0.421875
7747,0.625,0.421875
7748,0.640625,0.421875
7749,0.65625,0.421875
7750,0.671875,0.421875
7751,0.6875,0.421875
7752,0.703125,0.421875
7753,0.71875,0.421875
7754,0.734375,0.421875
7755,0.75,0.421875
7756,0.765625,0.421875
7757,0.78125,0.421875
7758,0.796875,0.421875
7759,0.8125,0.421875
7760,0.828125,0.421875
7761,0.84375,0.421875
7762,0.859375,0.421875
7763,0.875,0.421875
7764,0.890625,0.421875
7765,0.90625,0.421875
7766,0.921875,0.421875
7767,0.9375,0.421875
7768,0.953125,0.421875
7769,0.96875,0.421875
7770,0.984375,0.421875
7771,1.0,0.421875
7772,-1.0,0.4375
7773,-0.984375,0.4375
7774,-0.96875,0.4375
7775,-0.953125,0.4375
7776,-0.9375,0.4375
7777,-0.921875,0.4375
7778,-0.90625,0.4375
7779,-0.890625,0.4375
7780,-0.875,0.4375
7781,-0.859375,0.4375
7782,-0.84375,0.4375
7783,-0.828125,0.4375
7784,-0.8125,0.4375
7785,-0.796875,0.4375
7786,-0.78125,0.4375
7787,-0.765625,0.4375
7788,-0.75,0.4375
7789,-0.734375,0.4375
7790,-0.71875,0.4375
7791,-0.703125,0.4375
7792,-0.6875,0.4375
7793,-0.671875,0.4375
7794,-0.65625,0.4375
7795,-0.640625,0.4375
7796,-0.625,0.4375
7797,-0.609375,0.4375
7798,-0.59375,0.4375
7799,-0.578125,0.4375
7800,-0.5625,0.4375
7801,-0.546875,0.4375
7802,-0.53125,0.4375
7803,-0.515625,0.4375
7804,-0.5,0.4375
7805,-0.484375,0.4375
7806,-0.46875,0.4375
7807,-0.453125,0.4375
7808,-0.4375,0.4375
7809,-0.421875,0.4375
7810,-0.40625,0.4375
7811,-0.390625,0.4375
7812,-0.375,0.4375
7813,-0.359375,0.4375
7814,-0.34375,0.4375
7815,-0.328125,0.4375
7816,-0.3125,0.4375
7817,-0.296875,0.4375
7818,-0.28125,0.4375
7819,-0.265625,0.4375
7820,-0.25,0.4375
7821,-0.234375,0.4375
7822,-0.21875,0.4375
7823,-0.203125,0.4375
7824,-0.1875,0.4375
7825,-0.171875,0.4375
7826,-0.15625,0.4375
7827,-0.140625,0.4375
7828,-0.125,0.4375
7829,-0.109375,0.4375
7830,-0.09375,0.4375
7831,-0.078125,0.4375
7832,-0.0625,0.4375
7833,-0.046875,0.4375
7834,-0.03125,0.4375
7835,-0.015625,0.4375
7836,0.0,0.4375
7837,0.015625,0.4375
7838,0.03125,0.4375
7839,0.046875,0.4375
7840,0.0625,0.4375
7841,0.078125,0.4375
7842,0.09375,0.4375
7843,0.109375,0.4375
7844,0.125,0.4375
7845,0.140625,0.4375
7846,0.15625,0.4375
7847,0.171875,0.4375
7848,0.1875,0.4375
7849,0.203125,0.4375
7850,0.21875,0.4375
7851,0.234375,0.4375
7852,0.25,0.4375
7853,0.265625,0.4375
7854,0.28125,0.4375
7855,0.296875,0.4375
7856,0.3125,0.4375
7857,0.328125,0.4375
7858,0.34375,0.4375
7859,0.359375,0.4375
7860,0.375,0.4375
7861,0.390625,0.4375
7862,0.40625,0.4375
7863,0.421875,0.4375
7864,0.4375,0.4375
7865,0.453125,0.4375
7866,0.46875,0.4375
7867,0.484375,0.4375
7868,0.5,0.4375
7869,0.515625,0.4375
7870,0.53125,0.4375
7871,0.546875,0.4375
7872,0.5625,0.4375
7873,0.578125,0.4375
7874,0.59375,0.4375
7875,0.609375,0.4375
7876,0.625,0.4375
7877,0.640625,0.4375
7878,0.65625,0.4375
7879,0.671875,0.4375
7880,0.6875,0.4375
7881,0.703125,0.4375
7882,0.71875,0.4375
7883,0.734375,0.4375
7884,0.75,0.4375
7885,0.765625,0.4375
7886,0.78125,0.4375
7887,0.796875,0.4375
7888,0.8125,0.4375
7889,0.828125,0.4375
7890,0.84375,0.4375
7891,0.859375,0.4375
7892,0.875,0.4375
7893,0.890625,0.4375
7894,0.90625,0.4375
7895,0.921875,0.4375
7896,0.9375,0.4375
7897,0.953125,0.4375
7898,0.96875,0.4375
7899,0.984375,0.4375
7900,1.0,0.4375
7901,-1.0,0.453125
7902,-0.984375,0.453125
7903,-0.96875,0.453125
7904,-0.953125,0.453125
7905,-0.9375,0.453125
7906,-0.921875,0.453125
7907,-0.90625,0.453125
7908,-0.890625,0.453125
7909,-0.875,0.453125
7910,-0.859375,0.453125
7911,-0.84375,0.453125
7912,-0.828125,0.453125
7913,-0.8125,0.453125
7914,-0.796875,0.453125
7915,-0.78125,0.453125
7916,-0.765625,0.453125
7917,-0.75,0.453125
7918,-0.734375,0.453125
7919,-0.71875,0.453125
7920,-0.703125,0.453125
7921,-0.6875,0.453125
7922,-0.671875,0.453125
7923,-0.65625,0.453125
7924,-0.640625,0.453125
7925,-0.625,0.453125
7926,-0.609375,0.453125
7927,-0.59375,0.453125
7928,-0.578125,0.453125
7929,-0.5625,0.453125
7930,-0.546875,0.453125
7931,-0.53125,0.453125
7932,-0.515625,0.453125
7933,-0.5,0.453125
7934,-0.484375,0.453125
7935,-0.46875,0.453125
7936,-0.453125,0.453125
7937,-0.4375,0.453125
7938,-0.421875,0.453125
7939,-0.40625,0.453125
7940,-0.390625,0.453125
7941,-0.375,0.453125
7942,-0.359375,0.453125
7943,-0.34375,0.453125
7944,-0.328125,0.453125
7945,-0.3125,0.453125
7946,-0.296875,0.453125
7947,-0.28125,0.453125
7948,-0.265625,0.453125
7949,-0.25,0.453125
7950,-0.234375,0.453125
7951,-0.21875,0.453125
7952,-0.203125,0.453125
7953,-0.1875,0.453125
7954,-0.171875,0.453125
7955,-0.15625,0.453125
7956,-0.140625,0.453125
7957,-0.125,0.453125
7958,-0.109375,0.453125
7959,-0.09375,0.453125
7960,-0.078125,0.453125
7961,-0.0625,0.453125
7962,-0.046875,0.453125
7963,-0.03125,0.453125
7964,-0.015625,0.453125
7965,0.0,0.453125
7966,0.015625,0.453125
7967,0.03125,0.453125
7968,0.046875,0.453125
7969,0.0625,0.453125
7970,0.078125,0.453125
7971,0.09375,0.453125
7972,0.109375,0.453125
7973,0.125,0.453125
7974,0.140625,0.453125
7975,0.15625,0.453125
7976,0.171875,0.453125
7977,0.1875,0.453125
7978,0.203125,0.453125
7979,0.21875,0.453125
7980,0.234375,0.453125
7981,0.25,0.453125
7982,0.265625,0.453125
7983,0.28125,0.453125
7984,0.296875,0.453125
7985,0.3125,0.453125
7986,0.328125,0.453125
7987,0.34375,0.453125
7988,0.359375,0.453125
7989,0.375,0.453125
7990,0.390625,0.453125
7991,0.40625,0.453125
7992,0.421875,0.453125
7993,0.4375,0.453125
7994,0.453125,0.453125
7995,0.46875,0.453125
7996,0.484375,0.453125
7997,0.5,0.453125
7998,0.515625,0.453125
7999,0.53125,0.453125
8000,0.546875,0.453125
8001,0.5625,0.453125
8002,0.578125,0.453125
8003,0.59375,0.453125
8004,0.609375,0.453125
8005,0.625,0.453125
8006,0.640625,0.453125
8007,0.65625,0.453125
8008,0.671875,0.453125
8009,0.6875,0.453125
8010,0.703125,0.453125
8011,0.71875,0.453125
8012,0.734375,0.453125
8013,0.75,0.453125
8014,0.765625,0.453125
8015,0.78125,0.453125
8016,0.796875,0.453125
8017,0.8125,0.453125
8018,0.828125,0.453125
8019,0.84375,0.453125
8020,0.859375,0.453125
8021,0.875,0.453125
8022,0.890625,0.453125
8023,0.90625,0.453125
8024,0.921875,0.453125
8025,0.9375,0.453125
8026,0.953125,0.453125
8027,0.96875,0.453125
8028,0.984375,0.453125
8029,1.0,0.453125
8030,-1.0,0.46875
8031,-0.984375,0.46875
8032,-0.96875,0.46875
8033,-0.953125,0.46875
8034,-0.9375,0.46875
8035,-0.921875,0.46875
8036,-0.90625,0.46875
8037,-0.890625,0.46875
8038,-0.875,0.46875
8039,-0.859375,0.46875
8040,-0.84375,0.46875
8041,-0.828125,0.46875
8042,-0.8125,0.46875
8043,-0.796875,0.46875
8044,-0.78125,0.46875
8045,-0.765625,0.46875
8046,-0.75,0.46875
8047,-0.734375,0.46875
8048,-0.71875,0.46875
8049,-0.703125,0.46875
8050,-0.6875,0.46875
8051,-0.671875,0.46875
8052,-0.65625,0.46875
8053,-0.640625,0.46875
8054,-0.625,0.46875
8055,-0.609375,0.46875
8056,-0.59375,0.46875
8057,-0.578125,0.46875
8058,-0.5625,0.46875
8059,-0.546875,0.46875
8060,-0.53125,0.46875
8061,-0.515625,0.46875
8062,-0.5,0.46875
8063,-0.484375,0.46875
8064,-0.46875,0.46875
8065,-0.453125,0.46875
8066,-0.4375,0.46875
8067,-0.421875,0.46875
8068,-0.40625,0.46875
8069,-0.390625,0.46875
8070,-0.375,0.46875
8071,-0.359375,0.46875
8072,-0.34375,0.46875
8073,-0.328125,0.46875
8074,-0.3125,0.46875
8075,-0.296875,0.46875
8076,-0.28125,0.46875
8077,-0.265625,0.46875
8078,-0.25,0.46875
8079,-0.234375,0.46875
8080,-0.21875,0.46875
8081,-0.203125,0.46875
8082,-0.1875,0.46875
8083,-0.171875,0.46875
8084,-0.15625,0.46875
8085,-0.140625,0.46875
8086,-0.125,0.46875
8087,-0.109375,0.46875
8088,-0.09375,0.46875
8089,-0.078125,0.46875
8090,-0.0625,0.46875
8091,-0.046875,0.46875
8092,-0.03125,0.46875
8093,-0.015625,0.46875
8094,0.0,0.46875
8095,0.015625,0.46875
8096,0.03125,0.46875
8097,0.046875,0.46875
8098,0.0625,0.46875
8099,0.078125,0.46875
8100,0.09375,0.46875
8101,0.109375,0.46875
8102,0.125,0.46875
8103,0.140625,0.46875
8104,0.15625,0.46875
8105,0.171875,0.46875
8106,0.1875,0.46875
8107,0.203125,0.46875
8108,0.21875,0.46875
8109,0.234375,0.46875
8110,0.25,0.46875
8111,0.265625,0.46875
8112,0.28125,0.46875
8113,0.296875,0.46875
8114,0.3125,0.46875
8115,0.328125,0.46875
8116,0.34375,0.46875
8117,0.359375,0.46875
8118,0.375,0.46875
8119,0.390625,0.46875
8120,0.40625,0.46875
8121,0.421875,0.46875
8122,0.4375,0.46875
8123,0.453125,0.46875
8124,0.46875,0.46875
8125,0.484375,0.46875
8126,0.5,0.46875
8127,0.515625,0.46875
8128,0.53125,0.46875
8129,0.546875,0.46875
8130,0.5625,0.46875
8131,0.578125,0.46875
8132,0.59375,0.46875
8133,0.609375,0.46875
8134,0.625,0.46875
8135,0.640625,0.46875
8136,0.65625,0.46875
8137,0.671875,0.46875
8138,0.6875,0.46875
8139,0.703125,0.46875
8140,0.71875,0.46875
8141,0.734375,0.46875
8142,0.75,0.46875
8143,0.765625,0.46875
8144,0.78125,0.46875
8145,0.796875,0.46875
8146,0.8125,0.46875
8147,0.828125,0.46875
8148,0.84375,0.46875
8149,0.859375,0.46875
8150,0.875,0.46875
8151,0.890625,0.46875
8152,0.90625,0.46875
8153,0.921875,0.46875
8154,0.9375,0.46875
8155,0.953125,0.46875
8156,0.96875,0.46875
8157,0.984375,0.46875
8158,1.0,0.46875
8159,-1.0,0.484375
8160,-0.984375,0.484375
8161,-0.96875,0.484375
8162,-0.953125,0.484375
8163,-0.9375,0.484375
8164,-0.921875,0.484375
8165,-0.90625,0.484375
8166,-0.890625,0.484375
8167,-0.875,0.484375
8168,-0.859375,0.484375
8169,-0.84375,0.484375
8170,-0.828125,0.484375
8171,-0.8125,0.484375
8172,-0.796875,0.484375
8173,-0.78125,0.484375
8174,-0.765625,0.484375
8175,-0.75,0.484375
8176,-0.734375,0.484375
8177,-0.71875,0.484375
8178,-0.703125,0.484375
8179,-0.6875,0.484375
8180,-0.671875,0.484375
8181,-0.65625,0.484375
8182,-0.640625,0.484375
8183,-0.625,0.484375
8184,-0.609375,0.484375
8185,-0.59375,0.484375
8186,-0.578125,0.484375
8187,-0.5625,0.484375
8188,-0.546875,0.484375
8189,-0.53125,0.484375
8190,-0.515625,0.484375
8191,-0.5,0.484375
8192,-0.484375,0.484375
8193,-0.46875,0.484375
8194,-0.453125,0.484375
8195,-0.4375,0.484375
8196,-0.421875,0.484375
8197,-0.40625,0.484375
8198,-0.390625,0.484375
8199,-0.375,0.484375
8200,-0.359375,0.484375
8201,-0.34375,0.484375
8202,-0.328125,0.484375
8203,-0.3125,0.484375
8204,-0.296875,0.484375
8205,-0.28125,0.484375
8206,-0.265625,0.484375
8207,-0.25,0.484375
8208,-0.234375,0.484375
8209,-0.21875,0.484375
8210,-0.203125,0.484375
8211,-0.1875,0.484375
8212,-0.171875,0.484375
8213,-0.15625,0.484375
8214,-0.140625,0.484375
8215,-0.125,0.484375
8216,-0.109375,0.484375
8217,-0.09375,0.484375
8218,-0.078125,0.484375
8219,-0.0625,0.484375
8220,-0.046875,0.484375
8221,-0.03125,0.484375
8222,-0.015625,0.484375
8223,0.0,0.484375
8224,0.015625,0.484375
8225,0.03125,0.484375
8226,0.046875,0.484375
8227,0.0625,0.484375
8228,0.078125,0.484375
8229,0.09375,0.484375
8230,0.109375,0.484375
8231,0.125,0.484375
8232,0.140625,0.484375
8233,0.15625,0.484375
8234,0.171875,0.484375
8235,0.1875,0.484375
8236,0.203125,0.484375
8237,0.21875,0.484375
8238,0.234375,0.484375
8239,0.25,0.484375
8240,0.265625,0.484375
8241,0.28125,0.484375
8242,0.296875,0.484375
8243,0.3125,0.484375
8244,0.328125,0.484375
8245,0.34375,0.484375
8246,0.359375,0.484375
8247,0.375,0.484375
8248,0.390625,0.484375
8249,0.40625,0.484375
8250,0.421875,0.484375
8251,0.4375,0.484375
8252,0.453125,0.484375
8253,0.46875,0.484375
8254,0.484375,0.484375
8255,0.5,0.484375
8256,0.515625,0.484375
8257,0.53125,0.484375
8258,0.546875,0.484375
8259,0.5625,0.484375
8260,0.578125,0.484375
8261,0.59375,0.484375
8262,0.609375,0.484375
8263,0.625,0.484375
8264,0.640625,0.484375
8265,0.65625,0.484375
8266,0.671875,0.484375
8267,0.6875,0.484375
8268,0.703125,0.484375
8269,0.71875,0.484375
8270,0.734375,0.484375
8271,0.75,0.484375
8272,0.765625,0.484375
8273,0.78125,0.484375
8274,0.796875,0.484375
8275,0.8125,0.484375
8276,0.828125,0.484375
8277,0.84375,0.484375
8278,0.859375,0.484375
8279,0.875,0.484375
8280,0.890625,0.484375
8281,0.90625,0.484375
8282,0.921875,0.484375
8283,0.9375,0.484375
8284,0.953125,0.484375
8285,0.96875,0.484375
8286,0.984375,0.484375
8287,1.0,0.484375
8288,-1.0,0.5
8289,-0.984375,0.5
8290,-0.96875,0.5
8291,-0.953125,0.5
8292,-0.9375,0.5
8293,-0.921875,0.5
8294,-0.90625,0.5
8295,-0.890625,0.5
8296,-0.875,0.5
8297,-0.859375,0.5
8298,-0.84375,0.5
8299,-0.828125,0.5
8300,-0.8125,0.5
8301,-0.796875,0.5
8302,-0.78125,0.5
8303,-0.765625,0.5
8304,-0.75,0.5
8305,-0.734375,0.5
8306,-0.71875,0.5
8307,-0.703125,0.5
8308,-0.6875,0.5
8309,-0.671875,0.5
8310,-0.65625,0.5
8311,-0.640625,0.5
8312,-0.625,0.5
8313,-0.609375,0.5
8314,-0.59375,0.5
8315,-0.578125,0.5
8316,-0.5625,0.5
8317,-0.546875,0.5
8318,-0.53125,0.5
8319,-0.515625,0.5
8320,-0.5,0.5
8321,-0.484375,0.5
8322,-0.46875,0.5
8323,-0.453125,0.5
8324,-0.4375,0.5
8325,-0.421875,0.5
8326,-0.40625,0.5
8327,-0.390625,0.5
8328,-0.375,0.5
8329,-0.359375,0.5
8330,-0.34375,0.5
8331,-0.328125,0.5
8332,-0.3125,0.5
8333,-0.296875,0.5
8334,-0.28125,0.5
8335,-0.265625,0.5
8336,-0.25,0.5
8337,-0.234375,0.5
8338,-0.21875,0.5
8339,-0.203125,0.5
8340,-0.1875,0.5
8341,-0.171875,0.5
8342,-0.15625,0.5
8343,-0.140625,0.5
8344,-0.125,0.5
8345,-0.109375,0.5
8346,-0.09375,0.5
8347,-0.078125,0.5
8348,-0.0625,0.5
8349,-0.046875,0.5
8350,-0.03125,0.5
8351,-0.015625,0.5
8352,0.0,0.5
8353,0.015625,0.5
8354,0.03125,0.5
8355,0.046875,0.5
8356,0.0625,0.5
8357,0.078125,0.5
8358,0.09375,0.5
8359,0.109375,0.5
8360,0.125,0.5
8361,0.140625,0.5
8362,0.15625,0.5
8363,0.171875,0.5
8364,0.1875,0.5
8365,0.203125,0.5
8366,0.21875,0.5
8367,0.234375,0.5
8368,0.25,0.5
8369,0.265625,0.5
8370,0.28125,0.5
8371,0.296875,0.5
8372,0.3125,0.5
8373,0.328125,0.5
8374,0.34375,0.5
8375,0.359375,0.5
8376,0.375,0.5
8377,0.390625,0.5
8378,0.40625,0.5
8379,0.421875,0.5
8380,0.4375,0.5
8381,0.453125,0.5
8382,0.46875,0.5
8383,0.484375,0.5
8384,0.5,0.5
8385,0.515625,0.5
8386,0.53125,0.5
8387,0.546875,0.5
8388,0.5625,0.5
8389,0.578125,0.5
8390,0.59375,0.5
8391,0.609375,0.5
8392,0.625,0.5
8393,0.640625,0.5
8394,0.65625,0.5
8395,0.671875,0.5
8396,0.6875,0.5
8397,0.703125,0.5
8398,0.71875,0.5
8399,0.734375,0.5
8400,0.75,0.5
8401,0.765625,0.5
8402,0.78125,0.5
8403,0.796875,0.5
8404,0.8125,0.5
8405,0.828125,0.5
8406,0.84375,0.5
8407,0.859375,0.5
8408,0.875,0.5
8409,0.890625,0.5
8410,0.90625,0.5
8411,0.921875,0.5
8412,0.9375,0.5
8413,0.953125,0.5
8414,0.96875,0.5
8415,0.984375,0.5
8416,1.0,0.5
8417,-1.0,0.515625
8418,-0.984375,0.515625
8419,-0.96875,0.515625
8420,-0.953125,0.515625
8421,-0.9375,0.515625
8422,-0.921875,0.515625
8423,-0.90625,0.515625
8424,-0.890625,0.515625
8425,-0.875,0.515625
8426,-0.859375,0.515625
8427,-0.84375,0.515625
8428,-0.828125,0.515625
8429,-0.8125,0.515625
8430,-0.796875,0.515625
8431,-0.78125,0.515625
8432,-0.765625,0.515625
8433,-0.75,0.515625
8434,-0.734375,0.515625
8435,-0.71875,0.515625
8436,-0.703125,0.515625
8437,-0.6875,0.515625
8438,-0.671875,0.515625
8439,-0.65625,0.515625
8440,-0.640625,0.515625
8441,-0.625,0.515625
8442,-0.609375,0.515625
8443,-0.59375,0.515625
8444,-0.578125,0.515625
8445,-0.5625,0.515625
8446,-0.546875,0.515625
8447,-0.53125,0.515625
8448,-0.515625,0.515625
8449,-0.5,0.515625
8450,-0.484375,0.515625
8451,-0.46875,0.515625
8452,-0.453125,0.515625
8453,-0.4375,0.515625
8454,-0.421875,0.515625
8455,-0.40625,0.515625
8456,-0.390625,0.515625
8457,-0.375,0.515625
8458,-0.359375,0.515625
8459,-0.34375,0.515625
8460,-0.328125,0.515625
8461,-0.3125,0.515625
8462,-0.296875,0.515625
8463,-0.28125,0.515625
8464,-0.265625,0.515625
8465,-0.25,0.515625
8466,-0.234375,0.515625
8467,-0.21875,0.515625
8468,-0.203125,0.515625
8469,-0.1875,0.515625
8470,-0.171875,0.515625
8471,-0.15625,0.515625
8472,-0.140625,0.515625
8473,-0.125,0.515625
8474,-0.109375,0.515625
8475,-0.09375,0.515625
8476,-0.078125,0.515625
8477,-0.0625,0.515625
8478,-0.046875,0.515625
8479,-0.03125,0.515625
8480,-0.015625,0.515625
8481,0.0,0.515625
8482,0.015625,0.515625
8483,0.03125,0.515625
8484,0.046875,0.515625
8485,0.0625,0.515625
8486,0.078125,0.515625
8487,0.09375,0.515625
8488,0.109375,0.515625
8489,0.125,0.515625
8490,0.140625,0.515625
8491,0.15625,0.515625
8492,0.171875,0.515625
8493,0.1875,0.515625
8494,0.203125,0.515625
8495,0.21875,0.515625
8496,0.234375,0.515625
8497,0.25,0.515625
8498,0.265625,0.515625
8499,0.28125,0.515625
8500,0.296875,0.515625
8501,0.3125,0.515625
8502,0.328125,0.515625
8503,0.34375,0.515625
8504,0.359375,0.515625
8505,0.375,0.515625
8506,0.390625,0.515625
8507,0.40625,0.515625
8508,0.421875,0.515625
8509,0.4375,0.515625
8510,0.453125,0.515625
8511,0.46875,0.515625
8512,0.484375,0.515625
8513,0.5,0.515625
8514,0.515625,0.515625
8515,0.53125,0.515625
8516,0.546875,0.515625
8517,0.5625,0.515625
8518,0.578125,0.515625
8519,0.59375,0.515625
8520,0.609375,0.515625
8521,0.625,0.515625
8522,0.640625,0.515625
8523,0.65625,0.515625
8524,0.671875,0.515625
8525,0.6875,0.515625
8526,0.703125,0.515625
8527,0.71875,0.515625
8528,0.734375,0.515625
8529,0.75,0.515625
8530,0.765625,0.515625
8531,0.78125,0.515625
8532,0.796875,0.515625
8533,0.8125,0.515625
8534,0.828125,0.515625
8535,0.84375,0.515625
8536,0.859375,0.515625
8537,0.875,0.515625
8538,0.890625,0.515625
8539,0.90625,0.515625
8540,0.921875,0.515625
8541,0.9375,0.515625
8542,0.953125,0.515625
8543,0.96875,0.515625
8544,0.984375,0.515625
8545,1.0,0.515625
8546,-1.0,0.53125
8547,-0.984375,0.53125
8548,-0.96875,0.53125
8549,-0.953125,0.53125
8550,-0.9375,0.53125
8551,-0.921875,0.53125
8552,-0.90625,0.53125
8553,-0.890625,0.53125
8554,-0.875,0.53125
8555,-0.859375,0.53125
8556,-0.84375,0.53125
8557,-0.828125,0.53125
8558,-0.8125,0.53125
8559,-0.796875,0.53125
8560,-0.78125,0.53125
8561,-0.765625,0.53125
8562,-0.75,0.53125
8563,-0.734375,0.53125
8564,-0.71875,0.53125
8565,-0.703125,0.53125
8566,-0.6875,0.53125
8567,-0.671875,0.53125
8568,-0.65625,0.53125
8569,-0.640625,0.53125
8570,-0.625,0.53125
8571,-0.609375,0.53125
8572,-0.59375,0.53125
8573,-0.578125,0.53125
8574,-0.5625,0.53125
8575,-0.546875,0.53125
8576,-0.53125,0.53125
8577,-0.515625,0.53125
8578,-0.5,0.53125
8579,-0.484375,0.53125
8580,-0.46875,0.53125
8581,-0.453125,0.53125
8582,-0.4375,0.53125
8583,-0.421875,0.53125
8584,-0.40625,0.53125
8585,-0.390625,0.53125
8586,-0.375,0.53125
8587,-0.359375,0.53125
8588,-0.34375,0.53125
8589,-0.328125,0.53125
8590,-0.3125,0.53125
8591,-0.296875,0.53125
8592,-0.28125,0.53125
8593,-0.265625,0.53125
8594,-0.25,0.53125
8595,-0.234375,0.53125
8596,-0.21875,0.53125
8597,-0.203125,0.53125
8598,-0.1875,0.53125
8599,-0.171875,0.53125
8600,-0.15625,0.53125
8601,-0.140625,0.53125
8602,-0.125,0.53125
8603,-0.109375,0.53125
8604,-0.09375,0.53125
8605,-0.078125,0.53125
8606,-0.0625,0.53125
8607,-0.046875,0.53125
8608,-0.03125,0.53125
8609,-0.015625,0.53125
8610,0.0,0.53125
8611,0.015625,0.53125
8612,0.03125,0.53125
8613,0.046875,0.53125
8614,0.0625,0.53125
8615,0.078125,0.53125
8616,0.09375,0.53125
8617,0.109375,0.53125
8618,0.125,0.53125
8619,0.140625,0.53125
8620,0.15625,0.53125
8621,0.171875,0.53125
8622,0.1875,0.53125
8623,0.203125,0.53125
8624,0.21875,0.53125
8625,0.234375,0.53125
8626,0.25,0.53125
8627,0.265625,0.53125
8628,0.28125,0.53125
8629,0.296875,0.53125
8630,0.3125,0.53125
8631,0.328125,0.53125
8632,0.34375,0.53125
8633,0.359375,0.53125
8634,0.375,0.53125
8635,0.390625,0.53125
8636,0.40625,0.53125
8637,0.421875,0.53125
8638,0.4375,0.53125
8639,0.453125,0.53125
8640,0.46875,0.53125
8641,0.484375,0.53125
8642,0.5,0.53125
8643,0.515625,0.53125
8644,0.53125,0.53125
8645,0.546875,0.53125
8646,0.5625,0.53125
8647,0.578125,0.53125
8648,0.59375,0.53125
8649,0.609375,0.53125
8650,0.625,0.53125
8651,0.640625,0.53125
8652,0.65625,0.53125
8653,0.671875,0.53125
8654,0.6875,0.53125
8655,0.703125,0.53125
8656,0.71875,0.53125
8657,0.734375,0.53125
8658,0.75,0.53125
8659,0.765625,0.53125
8660,0.78125,0.53125
8661,0.796875,0.53125
8662,0.8125,0.53125
8663,0.828125,0.53125
8664,0.84375,0.53125
8665,0.859375,0.53125
8666,0.875,0.53125
8667,0.890625,0.53125
8668,0.90625,0.53125
8669,0.921875,0.53125
8670,0.9375,0.53125
8671,0.953125,0.53125
8672,0.96875,0.53125
8673,0.984375,0.53125
8674,1.0,0.53125
8675,-1.0,0.546875
8676,-0.984375,0.546875
8677,-0.96875,0.546875
8678,-0.953125,0.546875
8679,-0.9375,0.546875
8680,-0.921875,0.546875
8681,-0.90625,0.546875
8682,-0.890625,0.546875
8683,-0.875,0.546875
8684,-0.859375,0.546875
8685,-0.84375,0.546875
8686,-0.828125,0.546875
8687,-0.8125,0.546875
8688,-0.796875,0.546875
8689,-0.78125,0.546875
8690,-0.765625,0.546875
8691,-0.75,0.546875
8692,-0.734375,0.546875
8693,-0.71875,0.546875
8694,-0.703125,0.546875
8695,-0.6875,0.546875
8696,-0.671875,0.546875
8697,-0.65625,0.546875
8698,-0.640625,0.546875
8699,-0.625,0.546875
8700,-0.609375,0.546875
8701,-0.59375,0.546875
8702,-0.578125,0.546875
8703,-0.5625,0.546875
8704,-0.546875,0.546875
8705,-0.53125,0.546875
8706,-0.515625,0.546875
8707,-0.5,0.546875
8708,-0.484375,0.546875
8709,-0.46875,0.546875
8710,-0.453125,0.546875
8711,-0.4375,0.546875
8712,-0.421875,0.546875
8713,-0.40625,0.546875
8714,-0.390625,0.546875
8715,-0.375,0.546875
8716,-0.359375,0.546875
8717,-0.34375,0.546875
8718,-0.328125,0.546875
8719,-0.3125,0.546875
8720,-0.296875,0.546875
8721,-0.28125,0.546875
8722,-0.265625,0.546875
8723,-0.25,0.546875
8724,-0.234375,0.546875
8725,-0.21875,0.546875
8726,-0.203125,0.546875
8727,-0.1875,0.546875
8728,-0.171875,0.546875
8729,-0.15625,0.546875
8730,-0.140625,0.546875
8731,-0.125,0.546875
8732,-0.109375,0.546875
8733,-0.09375,0.546875
8734,-0.078125,0.546875
8735,-0.0625,0.546875
8736,-0.046875,0.546875
8737,-0.03125,0.546875
8738,-0.015625,0.546875
8739,0.0,0.546875
8740,0.015625,0.546875
8741,0.03125,0.546875
8742,0.046875,0.546875
8743,0.0625,0.546875
8744,0.078125,0.546875
8745,0.09375,0.546875
8746,0.109375,0.546875
8747,0.125,0.546875
8748,0.140625,0.546875
8749,0.15625,0.546875
8750,0.171875,0.546875
8751,0.1875,0.546875
8752,0.203125,0.546875
8753,0.21875,0.546875
8754,0.234375,0.546875
8755,0.25,0.546875
8756,0.265625,0.546875
8757,0.28125,0.546875
8758,0.296875,0.546875
8759,0.3125,0.546875
8760,0.328125,0.546875
8761,0.34375,0.546875
8762,0.359375,0.546875
8763,0.375,0.546875
8764,0.390625,0.546875
8765,0.40625,0.546875
8766,0.421875,0.546875
8767,0.4375,0.546875
8768,0.453125,0.546875
8769,0.46875,0.546875
8770,0.484375,0.546875
8771,0.5,0.546875
8772,0.515625,0.546875
8773,0.53125,0.546875
8774,0.546875,0.546875
8775,0.5625,0.546875
8776,0.578125,0.546875
8777,0.59375,0.546875
8778,0.609375,0.546875
8779,0.625,0.546875
8780,0.640625,0.546875
8781,0.65625,0.546875
8782,0.671875,0.546875
8783,0.6875,0.546875
8784,0.703125,0.546875
8785,0.71875,0.546875
8786,0.734375,0.546875
8787,0.75,0.546875
8788,0.765625,0.546875
8789,0.78125,0.546875
8790,0.796875,0.546875
8791,0.8125,0.546875
8792,0.828125,0.546875
8793,0.84375,0.546875
8794,0.859375,0.546875
8795,0.875,0.546875
8796,0.890625,0.546875
8797,0.90625,0.546875
8798,0.921875,0.546875
8799,0.9375,0.546875
8800,0.953125,0.546875
8801,0.96875,0.546875
8802,0.984375,0.546875
8803,1.0,0.546875
8804,-1.0,0.5625
8805,-0.984375,0.5625
8806,-0.96875,0.5625
8807,-0.953125,0.5625
8808,-0.9375,0.5625
8809,-0.921875,0.5625
8810,-0.90625,0.5625
8811,-0.890625,0.5625
8812,-0.875,0.5625
8813,-0.859375,0.5625
8814,-0.84375,0.5625
8815,-0.828125,0.5625
8816,-0.8125,0.5625
8817,-0.796875,0.5625
8818,-0.78125,0.5625
8819,-0.765625,0.5625
8820,-0.75,0.5625
8821,-0.734375,0.5625
8822,-0.71875,0.5625
8823,-0.703125,0.5625
8824,-0.6875,0.5625
8825,-0.671875,0.5625
8826,-0.65625,0.5625
8827,-0.640625,0.5625
8828,-0.625,0.5625
8829,-0.609375,0.5625
8830,-0.59375,0.5625
8831,-0.578125,0.5625
8832,-0.5625,0.5625
8833,-0.546875,0.5625
8834,-0.53125,0.5625
8835,-0.515625,0.5625
8836,-0.5,0.5625
8837,-0.484375,0.5625
8838,-0.46875,0.5625
8839,-0.453125,0.5625
8840,-0.4375,0.5625
8841,-0.421875,0.5625
8842,-0.40625,0.5625
8843,-0.390625,0.5625
8844,-0.375,0.5625
8845,-0.359375,0.5625
8846,-0.34375,0.5625
8847,-0.328125,0.5625
8848,-0.3125,0.5625
8849,-0.296875,0.5625
8850,-0.28125,0.5625
8851,-0.265625,0.5625
8852,-0.25,0.5625
8853,-0.234375,0.5625
8854,-0.21875,0.5625
8855,-0.203125,0.5625
8856,-0.1875,0.5625
8857,-0.171875,0.5625
8858,-0.15625,0.5625
8859,-0.140625,0.5625
8860,-0.125,0.5625
8861,-0.109375,0.5625
8862,-0.09375,0.5625
8863,-0.078125,0.5625
8864,-0.0625,0.5625
8865,-0.046875,0.5625
8866,-0.03125,0.5625
8867,-0.015625,0.5625
8868,0.0,0.5625
8869,0.015625,0.5625
8870,0.03125,0.5625
8871,0.046875,0.5625
8872,0.0625,0.5625
8873,0.078125,0.5625
8874,0.09375,0.5625
8875,0.109375,0.5625
8876,0.125,0.5625
8877,0.140625,0.5625
8878,0.15625,0.5625
8879,0.171875,0.5625
8880,0.1875,0.5625
8881,0.203125,0.5625
8882,0.21875,0.5625
8883,0.234375,0.5625
8884,0.25,0.5625
8885,0.265625,0.5625
8886,0.28125,0.5625
8887,0.296875,0.5625
8888,0.3125,0.5625
8889,0.328125,0.5625
8890,0.34375,0.5625
8891,0.359375,0.5625
8892,0.375,0.5625
8893,0.390625,0.5625
8894,0.40625,0.5625
8895,0.421875,0.5625
8896,0.4375,0.5625
8897,0.453125,0.5625
8898,0.46875,0.5625
8899,0.484375,0.5625
8900,0.5,0.5625
8901,0.515625,0.5625
8902,0.53125,0.5625
8903,0.546875,0.5625
8904,0.5625,0.5625
8905,0.578125,0.5625
8906,0.59375,0.5625
8907,0.609375,0.5625
8908,0.625,0.5625
8909,0.640625,0.5625
8910,0.65625,0.5625
8911,0.671875,0.5625
8912,0.6875,0.5625
8913,0.703125,0.5625
8914,0.71875,0.5625
8915,0.734375,0.5625
8916,0.75,0.5625
8917,0.765625,0.5625
8918,0.78125,0.5625
8919,0.796875,0.5625
8920,0.8125,0.5625
8921,0.828125,0.5625
8922,0.84375,0.5625
8923,0.859375,0.5625
8924,0.875,0.5625
8925,0.890625,0.5625
8926,0.90625,0.5625
8927,0.921875,0.5625
8928,0.9375,0.5625
8929,0.953125,0.5625
8930,0.96875,0.5625
8931,0.984375,0.5625
8932,1.0,0.5625
8933,-1.0,0.578125
8934,-0.984375,0.578125
8935,-0.96875,0.578125
8936,-0.953125,0.578125
8937,-0.9375,0.578125
8938,-0.921875,0.578125
8939,-0.90625,0.578125
8940,-0.890625,0.578125
8941,-0.875,0.578125
8942,-0.859375,0.578125
8943,-0.84375,0.578125
8944,-0.828125,0.578125
8945,-0.8125,0.578125
8946,-0.796875,0.578125
8947,-0.78125,0.578125
8948,-0.765625,0.578125
8949,-0.75,0.578125
8950,-0.734375,0.578125
8951,-0.71875,0.578125
8952,-0.703125,0.578125
8953,-0.6875,0.578125
8954,-0.671875,0.578125
8955,-0.65625,0.578125
8956,-0.640625,0.578125
8957,-0.625,0.578125
8958,-0.609375,0.578125
8959,-0.59375,0.578125
8960,-0.578125,0.578125
8961,-0.5625,0.578125
8962,-0.546875,0.578125
8963,-0.53125,0.578125
8964,-0.515625,0.578125
8965,-0.5,0.578125
8966,-0.484375,0.578125
8967,-0.46875,0.578125
8968,-0.453125,0.578125
8969,-0.4375,0.578125
8970,-0.421875,0.578125
8971,-0.40625,0.578125
8972,-0.390625,0.578125
8973,-0.375,0.578125
8974,-0.359375,0.578125
8975,-0.34375,0.578125
8976,-0.328125,0.578125
8977,-0.3125,0.578125
8978,-0.296875,0.578125
8979,-0.28125,0.578125
8980,-0.265625,0.578125
8981,-0.25,0.578125
8982,-0.234375,0.578125
8983,-0.21875,0.578125
8984,-0.203125,0.578125
8985,-0.1875,0.578125
8986,-0.171875,0.578125
8987,-0.15625,0.578125
8988,-0.140625,0.578125
8989,-0.125,0.578125
8990,-0.109375,0.578125
8991,-0.09375,0.578125
8992,-0.078125,0.578125
8993,-0.0625,0.578125
8994,-0.046875,0.578125
8995,-0.03125,0.578125
8996,-0.015625,0.578125
8997,0.0,0.578125
8998,0.015625,0.578125
8999,0.03125,0.578125
9000,0.046875,0.578125
9001,0.0625,0.578125
9002,0.078125,0.578125
9003,0.09375,0.578125
9004,0.109375,0.578125
9005,0.125,0.578125
9006,0.140625,0.578125
9007,0.15625,0.578125
9008,0.171875,0.578125
9009,0.1875,0.578125
9010,0.203125,0.578125
9011,0.21875,0.578125
9012,0.234375,0.578125
9013,0.25,0.578125
9014,0.265625,0.578125
9015,0.28125,0.578125
9016,0.296875,0.578125
9017,0.3125,0.578125
9018,0.328125,0.578125
9019,0.34375,0.578125
9020,0.359375,0.578125
9021,0.375,0.578125
9022,0.390625,0.578125
9023,0.40625,0.578125
9024,0.421875,0.578125
9025,0.4375,0.578125
9026,0.453125,0.578125
9027,0.46875,0.578125
9028,0.484375,0.578125
9029,0.5,0.578125
9030,0.515625,0.578125
9031,0.53125,0.578125
9032,0.546875,0.578125
9033,0.5625,0.578125
9034,0.578125,0.578125
9035,0.59375,0.578125
9036,0.609375,0.578125
9037,0.625,0.578125
9038,0.640625,0.578125
9039,0.65625,0.578125
9040,0.671875,0.578125
9041,0.6875,0.578125
9042,0.703125,0.578125
9043,0.71875,0.578125
9044,0.734375,0.578125
9045,0.75,0.578125
9046,0.765625,0.578125
9047,0.78125,0.578125
9048,0.796875,0.578125
9049,0.8125,0.578125
9050,0.828125,0.578125
9051,0.84375,0.578125
9052,0.859375,0.578125
9053,0.875,0.578125
9054,0.890625,0.578125
9055,0.90625,0.578125
9056,0.921875,0.578125
9057,0.9375,0.578125
9058,0.953125,0.578125
9059,0.96875,0.578125
9060,0.984375,0.578125
9061,1.0,0.578125
9062,-1.0,0.59375
9063,-0.984375,0.59375
9064,-0.96875,0.59375
9065,-0.953125,0.59375
9066,-0.9375,0.59375
9067,-0.921875,0.59375
9068,-0.90625,0.59375
9069,-0.890625,0.59375
9070,-0.875,0.59375
9071,-0.859375,0.59375
9072,-0.84375,0.59375
9073,-0.828125,0.59375
9074,-0.8125,0.59375
9075,-0.796875,0.59375
9076,-0.78125,0.59375
9077,-0.765625,0.59375
9078,-0.75,0.59375
9079,-0.734375,0.59375
9080,-0.71875,0.59375
9081,-0.703125,0.59375
9082,-0.6875,0.59375
9083,-0.671875,0.59375
9084,-0.65625,0.59375
9085,-0.640625,0.59375
9086,-0.625,0.59375
9087,-0.609375,0.59375
9088,-0.59375,0.59375
9089,-0.578125,0.59375
9090,-0.5625,0.59375
9091,-0.546875,0.59375
9092,-0.53125,0.59375
9093,-0.515625,0.59375
9094,-0.5,0.59375
9095,-0.484375,0.59375
9096,-0.46875,0.59375
9097,-0.453125,0.59375
9098,-0.4375,0.59375
9099,-0.421875,0.59375
9100,-0.40625,0.59375
9101,-0.390625,0.59375
9102,-0.375,0.59375
9103,-0.359375,0.59375
9104,-0.34375,0.59375
9105,-0.328125,0.59375
9106,-0.3125,0.59375
9107,-0.296875,0.59375
9108,-0.28125,0.59375
9109,-0.265625,0.59375
9110,-0.25,0.59375
9111,-0.234375,0.59375
9112,-0.21875,0.59375
9113,-0.203125,0.59375
9114,-0.1875,0.59375
9115,-0.171875,0.59375
9116,-0.15625,0.59375
9117,-0.140625,0.59375
9118,-0.125,0.59375
9119,-0.109375,0.59375
9120,-0.09375,0.59375
9121,-0.078125,0.59375
9122,-0.0625,0.59375
9123,-0.046875,0.59375
9124,-0.03125,0.59375
9125,-0.015625,0.59375
9126,0.0,0.59375
9127,0.015625,0.59375
9128,0.03125,0.59375
9129,0.046875,0.59375
9130,0.0625,0.59375
9131,0.078125,0.59375
9132,0.09375,0.59375
9133,0.109375,0.59375
9134,0.125,0.59375
9135,0.140625,0.59375
9136,0.15625,0.59375
9137,0.171875,0.59375
9138,0.1875,0.59375
9139,0.203125,0.59375
9140,0.21875,0.59375
9141,0.234375,0.59375
9142,0.25,0.59375
9143,0.265625,0.59375
9144,0.28125,0.59375
9145,0.296875,0.59375
9146,0.3125,0.59375
9147,0.328125,0.59375
9148,0.34375,0.59375
9149,0.359375,0.59375
9150,0.375,0.59375
9151,0.390625,0.59375
9152,0.40625,0.59375
9153,0.421875,0.59375
9154,0.4375,0.59375
9155,0.453125,0.59375
9156,0.46875,0.59375
9157,0.484375,0.59375
9158,0.5,0.59375
9159,0.515625,0.59375
9160,0.53125,0.59375
9161,0.546875,0.59375
9162,0.5625,0.59375
9163,0.578125,0.59375
9164,0.59375,0.59375
9165,0.609375,0.59375
9166,0.625,0.59375
9167,0.640625,0.59375
9168,0.65625,0.59375
9169,0.671875,0.59375
9170,0.6875,0.59375
9171,0.703125,0.59375
9172,0.71875,0.59375
9173,0.734375,0.59375
9174,0.75,0.59375
9175,0.765625,0.59375
9176,0.78125,0.59375
9177,0.796875,0.59375
9178,0.8125,0.59375
9179,0.828125,0.59375
9180,0.84375,0.59375
9181,0.859375,0.59375
9182,0.875,0.59375
9183,0.890625,0.59375
9184,0.90625,0.59375
9185,0.921875,0.59375
9186,0.9375,0.59375
9187,0.953125,0.59375
9188,0.96875,0.59375
9189,0.984375,0.59375
9190,1.0,0.59375
9191,-1.0,0.609375
9192,-0.984375,0.609375
9193,-0.96875,0.609375
9194,-0.953125,0.609375
9195,-0.9375,0.609375
9196,-0.921875,0.609375
9197,-0.90625,0.609375
9198,-0.890625,0.609375
9199,-0.875,0.609375
9200,-0.859375,0.609375
9201,-0.84375,0.609375
9202,-0.828125,0.609375
9203,-0.8125,0.609375
9204,-0.796875,0.609375
9205,-0.78125,0.609375
9206,-0.765625,0.609375
9207,-0.75,0.609375
9208,-0.734375,0.609375
9209,-0.71875,0.609375
9210,-0.703125,0.609375
9211,-0.6875,0.609375
9212,-0.671875,0.609375
9213,-0.65625,0.609375
9214,-0.640625,0.609375
9215,-0.625,0.609375
9216,-0.609375,0.609375
9217,-0.59375,0.609375
9218,-0.578125,0.609375
9219,-0.5625,0.609375
9220,-0.546875,0.609375
9221,-0.53125,0.609375
9222,-0.515625,0.609375
9223,-0.5,0.609375
9224,-0.484375,0.609375
9225,-0.46875,0.609375
9226,-0.453125,0.609375
9227,-0.4375,0.609375
9228,-0.421875,0.609375
9229,-0.40625,0.609375
9230,-0.390625,0.609375
9231,-0.375,0.609375
9232,-0.359375,0.609375
9233,-0.34375,0.609375
9234,-0.328125,0.609375
9235,-0.3125,0.609375
9236,-0.296875,0.609375
9237,-0.28125,0.609375
9238,-0.265625,0.609375
9239,-0.25,0.609375
9240,-0.234375,0.609375
9241,-0.21875,0.609375
9242,-0.203125,0.609375
9243,-0.1875,0.609375
9244,-0.171875,0.609375
9245,-0.15625,0.609375
9246,-0.140625,0.609375
9247,-0.125,0.609375
9248,-0.109375,0.609375
9249,-0.09375,0.609375
9250,-0.078125,0.609375
9251,-0.0625,0.609375
9252,-0.046875,0.609375
9253,-0.03125,0.609375
9254,-0.015625,0.609375
9255,0.0,0.609375
9256,0.015625,0.609375
9257,0.03125,0.609375
9258,0.046875,0.609375
9259,0.0625,0.609375
9260,0.078125,0.609375
9261,0.09375,0.609375
9262,0.109375,0.609375
9263,0.125,0.609375
9264,0.140625,0.609375
9265,0.15625,0.609375
9266,0.171875,0.609375
9267,0.1875,0.609375
9268,0.203125,0.609375
9269,0.21875,0.609375
9270,0.234375,0.609375
9271,0.25,0.609375
9272,0.265625,0.609375
9273,0.28125,0.609375
9274,0.296875,0.609375
9275,0.3125,0.609375
9276,0.328125,0.609375
9277,0.34375,0.609375
9278,0.359375,0.609375
9279,0.375,0.609375
9280,0.390625,0.609375
9281,0.40625,0.609375
9282,0.421875,0.609375
9283,0.4375,0.609375
9284,0.453125,0.609375
9285,0.46875,0.609375
9286,0.484375,0.609375
9287,0.5,0.609375
9288,0.515625,0.609375
9289,0.53125,0.609375
9290,0.546875,0.609375
9291,0.5625,0.609375
9292,0.578125,0.609375
9293,0.59375,0.609375
9294,0.609375,0.609375
9295,0.625,0.609375
9296,0.640625,0.609375
9297,0.65625,0.609375
9298,0.671875,0.609375
9299,0.6875,0.609375
9300,0.703125,0.609375
9301,0.71875,0.609375
9302,0.734375,0.609375
9303,0.75,0.609375
9304,0.765625,0.609375
9305,0.78125,0.609375
9306,0.796875,0.609375
9307,0.8125,0.609375
9308,0.828125,0.609375
9309,0.84375,0.609375
9310,0.859375,0.609375
9311,0.875,0.609375
9312,0.890625,0.609375
9313,0.90625,0.609375
9314,0.921875,0.609375
9315,0.9375,0.609375
9316,0.953125,0.609375
9317,0.96875,0.609375
9318,0.984375,0.609375
9319,1.0,0.609375
9320,-1.0,0.625
9321,-0.984375,0.625
9322,-0.96875,0.625
9323,-0.953125,0.625
9324,-0.9375,0.625
9325,-0.921875,0.625
9326,-0.90625,0.625
9327,-0.890625,0.625
9328,-0.875,0.625
9329,-0.859375,0.625
9330,-0.84375,0.625
9331,-0.828125,0.625
9332,-0.8125,0.625
9333,-0.796875,0.625
9334,-0.78125,0.625
9335,-0.765625,0.625
9336,-0.75,0.625
9337,-0.734375,0.625
9338,-0.71875,0.625
9339,-0.703125,0.625
9340,-0.6875,0.625
9341,-0.671875,0.625
9342,-0.65625,0.625
9343,-0.640625,0.625
9344,-0.625,0.625
9345,-0.609375,0.625
9346,-0.59375,0.625
9347,-0.578125,0.625
9348,-0.5625,0.625
9349,-0.546875,0.625
9350,-0.53125,0.625
9351,-0.515625,0.625
9352,-0.5,0.625
9353,-0.484375,0.625
9354,-0.46875,0.625
9355,-0.453125,0.625
9356,-0.4375,0.625
9357,-0.421875,0.625
9358,-0.40625,0.625
9359,-0.390625,0.625
9360,-0.375,0.625
9361,-0.359375,0.625
9362,-0.34375,0.625
9363,-0.328125,0.625
9364,-0.3125,0.625
9365,-0.296875,0.625
9366,-0.28125,0.625
9367,-0.265625,0.625
9368,-0.25,0.625
9369,-0.234375,0.625
9370,-0.21875,0.625
9371,-0.203125,0.625
9372,-0.1875,0.625
9373,-0.171875,0.625
9374,-0.15625,0.625
9375,-0.140625,0.625
9376,-0.125,0.625
9377,-0.109375,0.625
9378,-0.09375,0.625
9379,-0.078125,0.625
9380,-0.0625,0.625
9381,-0.046875,0.625
9382,-0.03125,0.625
9383,-0.015625,0.625
9384,0.0,0.625
9385,0.015625,0.625
9386,0.03125,0.625
9387,0.046875,0.625
9388,0.0625,0.625
9389,0.078125,0.625
9390,0.09375,0.625
9391,0.109375,0.625
9392,0.125,0.625
9393,0.140625,0.625
9394,0.15625,0.625
9395,0.171875,0.625
9396,0.1875,0.625
9397,0.203125,0.625
9398,0.21875,0.625
9399,0.234375,0.625
9400,0.25,0.625
9401,0.265625,0.625
9402,0.28125,0.625
9403,0.296875,0.625
9404,0.3125,0.625
9405,0.328125,0.625
9406,0.34375,0.625
9407,0.359375,0.625
9408,0.375,0.625
9409,0.390625,0.625
9410,0.40625,0.625
9411,0.421875,0.625
9412,0.4375,0.625
9413,0.453125,0.625
9414,0.46875,0.625
9415,0.484375,0.625
9416,0.5,0.625
9417,0.515625,0.625
9418,0.53125,0.625
9419,0.546875,0.625
9420,0.5625,0.625
9421,0.578125,0.625
9422,0.59375,0.625
9423,0.609375,0.625
9424,0.625,0.625
9425,0.640625,0.625
9426,0.65625,0.625
9427,0.671875,0.625
9428,0.6875,0.625
9429,0.703125,0.625
9430,0.71875,0.625
9431,0.734375,0.625
9432,0.75,0.625
9433,0.765625,0.625
9434,0.78125,0.625
9435,0.796875,0.625
9436,0.8125,0.625
9437,0.828125,0.625
9438,0.84375,0.625
9439,0.859375,0.625
9440,0.875,0.625
9441,0.890625,0.625
9442,0.90625,0.625
9443,0.921875,0.625
9444,0.9375,0.625
9445,0.953125,0.625
9446,0.96875,0.625
9447,0.984375,0.625
9448,1.0,0.625
9449,-1.0,0.640625
9450,-0.984375,0.640625
9451,-0.96875,0.640625
9452,-0.953125,0.640625
9453,-0.9375,0.640625
9454,-0.921875,0.640625
9455,-0.90625,0.640625
9456,-0.890625,0.640625
9457,-0.875,0.640625
9458,-0.859375,0.640625
9459,-0.84375,0.640625
9460,-0.828125,0.640625
9461,-0.8125,0.640625
9462,-0.796875,0.640625
9463,-0.78125,0.640625
9464,-0.765625,0.640625
9465,-0.75,0.640625
9466,-0.734375,0.640625
9467,-0.71875,0.640625
9468,-0.703125,0.640625
9469,-0.6875,0.640625
9470,-0.671875,0.640625
9471,-0.65625,0.640625
9472,-0.640625,0.640625
9473,-0.625,0.640625
9474,-0.609375,0.640625
9475,-0.59375,0.640625
9476,-0.578125,0.640625
9477,-0.5625,0.640625
9478,-0.546875,0.640625
9479,-0.53125,0.640625
9480,-0.515625,0.640625
9481,-0.5,0.640625
9482,-0.484375,0.640625
9483,-0.46875,0.640625
9484,-0.453125,0.640625
9485,-0.4375,0.640625
9486,-0.421875,0.640625
9487,-0.40625,0.640625
9488,-0.390625,0.640625
9489,-0.375,0.640625
9490,-0.359375,0.640625
9491,-0.34375,0.640625
9492,-0.328125,0.640625
9493,-0.3125,0.640625
9494,-0.296875,0.640625
9495,-0.28125,0.640625
9496,-0.265625,0.640625
9497,-0.25,0.640625
9498,-0.234375,0.640625
9499,-0.21875,0.640625
9500,-0.203125,0.640625
9501,-0.1875,0.640625
9502,-0.171875,0.640625
9503,-0.15625,0.640625
9504,-0.140625,0.640625
9505,-0.125,0.640625
9506,-0.109375,0.640625
9507,-0.09375,0.640625
9508,-0.078125,0.640625
9509,-0.0625,0.640625
9510,-0.046875,0.640625
9511,-0.03125,0.640625
9512,-0.015625,0.640625
9513,0.0,0.640625
9514,0.015625,0.640625
9515,0.03125,0.640625
9516,0.046875,0.640625
9517,0.0625,0.640625
9518,0.078125,0.640625
9519,0.09375,0.640625
9520,0.109375,0.640625
9521,0.125,0.640625
9522,0.140625,0.640625
9523,0.15625,0.640625
9524,0.171875,0.640625
9525,0.1875,0.640625
9526,0.203125,0.640625
9527,0.21875,0.640625
9528,0.234375,0.640625
9529,0.25,0.640625
9530,0.265625,0.640625
9531,0.28125,0.640625
9532,0.296875,0.640625
9533,0.3125,0.640625
9534,0.328125,0.640625
9535,0.34375,0.640625
9536,0.359375,0.640625
9537,0.375,0.640625
9538,0.390625,0.640625
9539,0.40625,0.640625
9540,0.421875,0.640625
9541,0.4375,0.640625
9542,0.453125,0.640625
9543,0.46875,0.640625
9544,0.484375,0.640625
9545,0.5,0.640625
9546,0.515625,0.640625
9547,0.53125,0.640625
9548,0.546875,0.640625
9549,0.5625,0.640625
9550,0.578125,0.640625
9551,0.59375,0.640625
9552,0.609375,0.640625
9553,0.625,0.640625
9554,0.640625,0.640625
9555,0.65625,0.640625
9556,0.671875,0.640625
9557,0.6875,0.640625
9558,0.703125,0.640625
9559,0.71875,0.640625
9560,0.734375,0.640625
9561,0.75,0.640625
9562,0.765625,0.640625
9563,0.78125,0.640625
9564,0.796875,0.640625
9565,0.8125,0.640625
9566,0.828125,0.640625
9567,0.84375,0.640625
9568,0.859375,0.640625
9569,0.875,0.640625
9570,0.890625,0.640625
9571,0.90625,0.640625
9572,0.921875,0.640625
9573,0.9375,0.640625
9574,0.953125,0.640625
9575,0.96875,0.640625
9576,0.984375,0.640625
9577,1.0,0.640625
9578,-1.0,0.65625
9579,-0.984375,0.65625
9580,-0.96875,0.65625
9581,-0.953125,0.65625
9582,-0.9375,0.65625
9583,-0.921875,0.65625
9584,-0.90625,0.65625
9585,-0.890625,0.65625
9586,-0.875,0.65625
9587,-0.859375,0.65625
9588,-0.84375,0.65625
9589,-0.828125,0.65625
9590,-0.8125,0.65625
9591,-0.796875,0.65625
9592,-0.78125,0.65625
9593,-0.765625,0.65625
9594,-0.75,0.65625
9595,-0.734375,0.65625
9596,-0.71875,0.65625
9597,-0.703125,0.65625
9598,-0.6875,0.65625
9599,-0.671875,0.65625
9600,-0.65625,0.65625
9601,-0.640625,0.65625
9602,-0.625,0.65625
9603,-0.609375,0.65625
9604,-0.59375,0.65625
9605,-0.578125,0.65625
9606,-0.5625,0.65625
9607,-0.546875,0.65625
9608,-0.53125,0.65625
9609,-0.515625,0.65625
9610,-0.5,0.65625
9611,-0.484375,0.65625
9612,-0.46875,0.65625
9613,-0.453125,0.65625
9614,-0.4375,0.65625
9615,-0.421875,0.65625
9616,-0.40625,0.65625
9617,-0.390625,0.65625
9618,-0.375,0.65625
9619,-0.359375,0.65625
9620,-0.34375,0.65625
9621,-0.328125,0.65625
9622,-0.3125,0.65625
9623,-0.296875,0.65625
9624,-0.28125,0.65625
9625,-0.265625,0.65625
9626,-0.25,0.65625
9627,-0.234375,0.65625
9628,-0.21875,0.65625
9629,-0.203125,0.65625
9630,-0.1875,0.65625
9631,-0.171875,0.65625
9632,-0.15625,0.65625
9633,-0.140625,0.65625
9634,-0.125,0.65625
9635,-0.109375,0.65625
9636,-0.09375,0.65625
9637,-0.078125,0.65625
9638,-0.0625,0.65625
9639,-0.046875,0.65625
9640,-0.03125,0.65625
9641,-0.015625,0.65625
9642,0.0,0.65625
9643,0.015625,0.65625
9644,0.03125,0.65625
9645,0.046875,0.65625
9646,0.0625,0.65625
9647,0.078125,0.65625
9648,0.09375,0.65625
9649,0.109375,0.65625
9650,0.125,0.65625
9651,0.140625,0.65625
9652,0.15625,0.65625
9653,0.171875,0.65625
9654,0.1875,0.65625
9655,0.203125,0.65625
9656,0.21875,0.65625
9657,0.234375,0.65625
9658,0.25,0.65625
9659,0.265625,0.65625
9660,0.28125,0.65625
9661,0.296875,0.65625
9662,0.3125,0.65625
9663,0.328125,0.65625
9664,0.34375,0.65625
9665,0.359375,0.65625
9666,0.375,0.65625
9667,0.390625,0.65625
9668,0.40625,0.65625
9669,0.421875,0.65625
9670,0.4375,0.65625
9671,0.453125,0.65625
9672,0.46875,0.65625
9673,0.484375,0.65625
9674,0.5,0.65625
9675,0.515625,0.65625
9676,0.53125,0.65625
9677,0.546875,0.65625
9678,0.5625,0.65625
9679,0.578125,0.65625
9680,0.59375,0.65625
9681,0.609375,0.65625
9682,0.625,0.65625
9683,0.640625,0.65625
9684,0.65625,0.65625
9685,0.671875,0.65625
9686,0.6875,0.65625
9687,0.703125,0.65625
9688,0.71875,0.65625
9689,0.734375,0.65625
9690,0.75,0.65625
9691,0.765625,0.65625
9692,0.78125,0.65625
9693,0.796875,0.65625
9694,0.8125,0.65625
9695,0.828125,0.65625
9696,0.84375,0.65625
9697,0.859375,0.65625
9698,0.875,0.65625
9699,0.890625,0.65625
9700,0.90625,0.65625
9701,0.921875,0.65625
9702,0.9375,0.65625
9703,0.953125,0.65625
9704,0.96875,0.65625
9705,0.984375,0.65625
9706,1.0,0.65625
9707,-1.0,0.671875
9708,-0.984375,0.671875
9709,-0.96875,0.671875
9710,-0.953125,0.671875
9711,-0.9375,0.671875
9712,-0.921875,0.671875
9713,-0.90625,0.671875
9714,-0.890625,0.671875
9715,-0.875,0.671875
9716,-0.859375,0.671875
9717,-0.84375,0.671875
9718,-0.828125,0.671875
9719,-0.8125,0.671875
9720,-0.796875,0.671875
9721,-0.78125,0.671875
9722,-0.765625,0.671875
9723,-0.75,0.671875
9724,-0.734375,0.671875
9725,-0.71875,0.671875
9726,-0.703125,0.671875
9727,-0.6875,0.671875
9728,-0.671875,0.671875
9729,-0.65625,0.671875
9730,-0.640625,0.671875
9731,-0.625,0.671875
9732,-0.609375,0.671875
9733,-0.59375,0.671875
9734,-0.578125,0.671875
9735,-0.5625,0.671875
9736,-0.546875,0.671875
9737,-0.53125,0.671875
9738,-0.515625,0.671875
9739,-0.5,0.671875
9740,-0.484375,0.671875
9741,-0.46875,0.671875
9742,-0.453125,0.671875
9743,-0.4375,0.671875
9744,-0.421875,0.671875
9745,-0.40625,0.671875
9746,-0.390625,0.671875
9747,-0.375,0.671875
9748,-0.359375,0.671875
9749,-0.34375,0.671875
9750,-0.328125,0.671875
9751,-0.3125,0.671875
9752,-0.296875,0.671875
9753,-0.28125,0.671875
9754,-0.265625,0.671875
9755,-0.25,0.671875
9756,-0.234375,0.671875
9757,-0.21875,0.671875
9758,-0.203125,0.671875
9759,-0.1875,0.671875
9760,-0.171875,0.671875
9761,-0.15625,0.671875
9762,-0.140625,0.671875
9763,-0.125,0.671875
9764,-0.109375,0.671875
9765,-0.09375,0.671875
9766,-0.078125,0.671875
9767,-0.0625,0.671875
9768,-0.046875,0.671875
9769,-0.03125,0.671875
9770,-0.015625,0.671875
9771,0.0,0.671875
9772,0.015625,0.671875
9773,0.03125,0.671875
9774,0.046875,0.671875
9775,0.0625,0.671875
9776,0.078125,0.671875
9777,0.09375,0.671875
9778,0.109375,0.671875
9779,0.125,0.671875
9780,0.140625,0.671875
9781,0.15625,0.671875
9782,0.171875,0.671875
9783,0.1875,0.671875
9784,0.203125,0.671875
9785,0.21875,0.671875
9786,0.234375,0.671875
9787,0.25,0.671875
9788,0.265625,0.671875
9789,0.28125,0.671875
9790,0.296875,0.671875
9791,0.3125,0.671875
9792,0.328125,0.671875
9793,0.34375,0.671875
9794,0.359375,0.671875
9795,0.375,0.671875
9796,0.390625,0.671875
9797,0.40625,0.671875
9798,0.421875,0.671875
9799,0.4375,0.671875
9800,0.453125,0.671875
9801,0.46875,0.671875
9802,0.484375,0.671875
9803,0.5,0.671875
9804,0.515625,0.671875
9805,0.53125,0.671875
9806,0.546875,0.671875
9807,0.5625,0.671875
9808,0.578125,0.671875
9809,0.59375,0.671875
9810,0.609375,0.671875
9811,0.625,0.671875
9812,0.640625,0.671875
9813,0.65625,0.671875
9814,0.671875,0.671875
9815,0.6875,0.671875
9816,0.703125,0.671875
9817,0.71875,0.671875
9818,0.734375,0.671875
9819,0.75,0.671875
9820,0.765625,0.671875
9821,0.78125,0.671875
9822,0.796875,0.671875
9823,0.8125,0.671875
9824,0.828125,0.671875
9825,0.84375,0.671875
9826,0.859375,0.671875
9827,0.875,0.671875
9828,0.890625,0.671875
9829,0.90625,0.671875
9830,0.921875,0.671875
9831,0.9375,0.671875
9832,0.953125,0.671875
9833,0.96875,0.671875
9834,0.984375,0.671875
9835,1.0,0.671875
9836,-1.0,0.6875
9837,-0.984375,0.6875
9838,-0.96875,0.6875
9839,-0.953125,0.6875
9840,-0.9375,0.6875
9841,-0.921875,0.6875
9842,-0.90625,0.6875
9843,-0.890625,0.6875
9844,-0.875,0.6875
9845,-0.859375,0.6875
9846,-0.84375,0.6875
9847,-0.828125,0.6875
9848,-0.8125,0.6875
9849,-0.796875,0.6875
9850,-0.78125,0.6875
9851,-0.765625,0.6875
9852,-0.75,0.6875
9853,-0.734375,0.6875
9854,-0.71875,0.6875
9855,-0.703125,0.6875
9856,-0.6875,0.6875
9857,-0.671875,0.6875
9858,-0.65625,0.6875
9859,-0.640625,0.6875
9860,-0.625,0.6875
9861,-0.609375,0.6875
9862,-0.59375,0.6875
9863,-0.578125,0.6875
9864,-0.5625,0.6875
9865,-0.546875,0.6875
9866,-0.53125,0.6875
9867,-0.515625,0.6875
9868,-0.5,0.6875
9869,-0.484375,0.6875
9870,-0.46875,0.6875
9871,-0.453125,0.6875
9872,-0.4375,0.6875
9873,-0.421875,0.6875
9874,-0.40625,0.6875
9875,-0.390625,0.6875
9876,-0.375,0.6875
9877,-0.359375,0.6875
9878,-0.34375,0.6875
9879,-0.328125,0.6875
9880,-0.3125,0.6875
9881,-0.296875,0.6875
9882,-0.28125,0.6875
9883,-0.265625,0.6875
9884,-0.25,0.6875
9885,-0.234375,0.6875
9886,-0.21875,0.6875
9887,-0.203125,0.6875
9888,-0.1875,0.6875
9889,-0.171875,0.6875
9890,-0.15625,0.6875
9891,-0.140625,0.6875
9892,-0.125,0.6875
9893,-0.109375,0.6875
9894,-0.09375,0.6875
9895,-0.078125,0.6875
9896,-0.0625,0.6875
9897,-0.046875,0.6875
9898,-0.03125,0.6875
9899,-0.015625,0.6875
9900,0.0,0.6875
9901,0.015625,0.6875
9902,0.03125,0.6875
9903,0.046875,0.6875
9904,0.0625,0.6875
9905,0.078125,0.6875
9906,0.09375,0.6875
9907,0.109375,0.6875
9908,0.125,0.6875
9909,0.140625,0.6875
9910,0.15625,0.6875
9911,0.171875,0.6875
9912,0.1875,0.6875
9913,0.203125,0.6875
9914,0.21875,0.6875
9915,0.234375,0.6875
9916,0.25,0.6875
9917,0.265625,0.6875
9918,0.28125,0.6875
9919,0.296875,0.6875
9920,0.3125,0.6875
9921,0.328125,0.6875
9922,0.34375,0.6875
9923,0.359375,0.6875
9924,0.375,0.6875
9925,0.390625,0.6875
9926,0.40625,0.6875
9927,0.421875,0.6875
9928,0.4375,0.6875
9929,0.453125,0.6875
9930,0.46875,0.6875
9931,0.484375,0.6875
9932,0.5,0.6875
9933,0.515625,0.6875
9934,0.53125,0.6875
9935,0.546875,0.6875
9936,0.5625,0.6875
9937,0.578125,0.6875
9938,0.59375,0.6875
9939,0.609375,0.6875
9940,0.625,0.6875
9941,0.640625,0.6875
9942,0.65625,0.6875
9943,0.671875,0.6875
9944,0.6875,0.6875
9945,0.703125,0.6875
9946,0.71875,0.6875
9947,0.734375,0.6875
9948,0.75,0.6875
9949,0.765625,0.6875
9950,0.78125,0.6875
9951,0.796875,0.6875
9952,0.8125,0.6875
9953,0.828125,0.6875
9954,0.84375,0.6875
9955,0.859375,0.6875
9956,0.875,0.6875
9957,0.890625,0.6875
9958,0.90625,0.6875
9959,0.921875,0.6875
9960,0.9375,0.6875
9961,0.953125,0.6875
9962,0.96875,0.6875
9963,0.984375,0.6875
9964,1.0,0.6875
9965,-1.0,0.703125
9966,-0.984375,0.703125
9967,-0.96875,0.703125
9968,-0.953125,0.703125
9969,-0.9375,0.703125
9970,-0.921875,0.703125
9971,-0.90625,0.703125
9972,-0.890625,0.703125
9973,-0.875,0.703125
9974,-0.859375,0.703125
9975,-0.84375,0.703125
9976,-0.828125,0.703125
9977,-0.8125,0.703125
9978,-0.796875,0.703125
9979,-0.78125,0.703125
9980,-0.765625,0.703125
9981,-0.75,0.703125
9982,-0.734375,0.703125
9983,-0.71875,0.703125
9984,-0.703125,0.703125
9985,-0.6875,0.703125
9986,-0.671875,0.703125
9987,-0.65625,0.703125
9988,-0.640625,0.703125
9989,-0.625,0.703125
9990,-0.609375,0.703125
9991,-0.59375,0.703125
9992,-0.578125,0.703125
9993,-0.5625,0.703125
9994,-0.546875,0.703125
9995,-0.53125,0.703125
9996,-0.515625,0.703125
9997,-0.5,0.703125
9998,-0.484375,0.703125
9999,-0.46875,0.703125
10000,-0.453125,0.703125
10001,-0.4375,0.703125
10002,-0.421875,0.703125
10003,-0.40625,0.703125
10004,-0.390625,0.703125
10005,-0.375,0.703125
10006,-0.359375,0.703125
10007,-0.34375,0.703125
10008,-0.328125,0.703125
10009,-0.3125,0.703125
10010,-0.296875,0.703125
10011,-0.28125,0.703125
10012,-0.265625,0.703125
10013,-0.25,0.703125
10014,-0.234375,0.703125
10015,-0.21875,0.703125
10016,-0.203125,0.703125
10017,-0.1875,0.703125
10018,-0.171875,0.703125
10019,-0.15625,0.703125
10020,-0.140625,0.703125
10021,-0.125,0.703125
10022,-0.109375,0.703125
10023,-0.09375,0.703125
10024,-0.078125,0.703125
10025,-0.0625,0.703125
10026,-0.046875,0.703125
10027,-0.03125,0.703125
10028,-0.015625,0.703125
10029,0.0,0.703125
10030,0.015625,0.703125
10031,0.03125,0.703125
10032,0.046875,0.703125
10033,0.0625,0.703125
10034,0.078125,0.703125
10035,0.09375,0.703125
10036,0.109375,0.703125
10037,0.125,0.703125
10038,0.140625,0.703125
10039,0.15625,0.703125
10040,0.171875,0.703125
10041,0.1875,0.703125
10042,0.203125,0.703125
10043,0.21875,0.703125
10044,0.234375,0.703125
10045,0.25,0.703125
10046,0.265625,0.703125
10047,0.28125,0.703125
10048,0.296875,0.703125
10049,0.3125,0.703125
10050,0.328125,0.703125
10051,0.34375,0.703125
10052,0.359375,0.703125
10053,0.375,0.703125
10054,0.390625,0.703125
10055,0.40625,0.703125
10056,0.421875,0.703125
10057,0.4375,0.703125
10058,0.453125,0.703125
10059,0.46875,0.703125
10060,0.484375,0.703125
10061,0.5,0.703125
10062,0.515625,0.703125
10063,0.53125,0.703125
10064,0.546875,0.703125
10065,0.5625,0.703125
10066,0.578125,0.703125
10067,0.59375,0.703125
10068,0.609375,0.703125
10069,0.625,0.703125
10070,0.640625,0.703125
10071,0.65625,0.703125
10072,0.671875,0.703125
10073,0.6875,0.703125
10074,0.703125,0.703125
10075,0.71875,0.703125
10076,0.734375,0.703125
10077,0.75,0.703125
10078,0.765625,0.703125
10079,0.78125,0.703125
10080,0.796875,0.703125
10081,0.8125,0.703125
10082,0.828125,0.703125
10083,0.84375,0.703125
10084,0.859375,0.703125
10085,0.875,0.703125
10086,0.890625,0.703125
10087,0.90625,0.703125
10088,0.921875,0.703125
10089,0.9375,0.703125
10090,0.953125,0.703125
10091,0.96875,0.703125
10092,0.984375,0.703125
10093,1.0,0.703125
10094,-1.0,0.71875
10095,-0.984375,0.71875
10096,-0.96875,0.71875
10097,-0.953125,0.71875
10098,-0.9375,0.71875
10099,-0.921875,0.71875
10100,-0.90625,0.71875
10101,-0.890625,0.71875
10102,-0.875,0.71875
10103,-0.859375,0.71875
10104,-0.84375,0.71875
10105,-0.828125,0.71875
10106,-0.8125,0.71875
10107,-0.796875,0.71875
10108,-0.78125,0.71875
10109,-0.765625,0.71875
10110,-0.75,0.71875
10111,-0.734375,0.71875
10112,-0.71875,0.71875
10113,-0.703125,0.71875
10114,-0.6875,0.71875
10115,-0.671875,0.71875
10116,-0.65625,0.71875
10117,-0.640625,0.71875
10118,-0.625,0.71875
10119,-0.609375,0.71875
10120,-0.59375,0.71875
10121,-0.578125,0.71875
10122,-0.5625,0.71875
10123,-0.546875,0.71875
10124,-0.53125,0.71875
10125,-0.515625,0.71875
10126,-0.5,0.71875
10127,-0.484375,0.71875
10128,-0.46875,0.71875
10129,-0.453125,0.71875
10130,-0.4375,0.71875
10131,-0.421875,0.71875
10132,-0.40625,0.71875
10133,-0.390625,0.71875
10134,-0.375,0.71875
10135,-0.359375,0.71875
10136,-0.34375,0.71875
10137,-0.328125,0.71875
10138,-0.3125,0.71875
10139,-0.296875,0.71875
10140,-0.28125,0.71875
10141,-0.265625,0.71875
10142,-0.25,0.71875
10143,-0.234375,0.71875
10144,-0.21875,0.71875
10145,-0.203125,0.71875
10146,-0.1875,0.71875
10147,-0.171875,0.71875
10148,-0.15625,0.71875
10149,-0.140625,0.71875
10150,-0.125,0.71875
10151,-0.109375,0.71875
10152,-0.09375,0.71875
10153,-0.078125,0.71875
10154,-0.0625,0.71875
10155,-0.046875,0.71875
10156,-0.03125,0.71875
10157,-0.015625,0.71875
10158,0.0,0.71875
10159,0.015625,0.71875
10160,0.03125,0.71875
10161,0.046875,0.71875
10162,0.0625,0.71875
10163,0.078125,0.71875
10164,0.09375,0.71875
10165,0.109375,0.71875
10166,0.125,0.71875
10167,0.140625,0.71875
10168,0.15625,0.71875
10169,0.171875,0.71875
10170,0.1875,0.71875
10171,0.203125,0.71875
10172,0.21875,0.71875
10173,0.234375,0.71875
10174,0.25,0.71875
10175,0.265625,0.71875
10176,0.28125,0.71875
10177,0.296875,0.71875
10178,0.3125,0.71875
10179,0.328125,0.71875
10180,0.34375,0.71875
10181,0.359375,0.71875
10182,0.375,0.71875
10183,0.390625,0.71875
10184,0.40625,0.71875
10185,0.421875,0.71875
10186,0.4375,0.71875
10187,0.453125,0.71875
10188,0.46875,0.71875
10189,0.484375,0.71875
10190,0.5,0.71875
10191,0.515625,0.71875
10192,0.53125,0.71875
10193,0.546875,0.71875
10194,0.5625,0.71875
10195,0.578125,0.71875
10196,0.59375,0.71875
10197,0.609375,0.71875
10198,0.625,0.71875
10199,0.640625,0.71875
10200,0.65625,0.71875
10201,0.671875,0.71875
10202,0.6875,0.71875
10203,0.703125,0.71875
10204,0.71875,0.71875
10205,0.734375,0.71875
10206,0.75,0.71875
10207,0.765625,0.71875
10208,0.78125,0.71875
10209,0.796875,0.71875
10210,0.8125,0.71875
10211,0.828125,0.71875
10212,0.84375,0.71875
10213,0.859375,0.71875
10214,0.875,0.71875
10215,0.890625,0.71875
10216,0.90625,0.71875
10217,0.921875,0.71875
10218,0.9375,0.71875
10219,0.953125,0.71875
10220,0.96875,0.71875
10221,0.984375,0.71875
10222,1.0,0.71875
10223,-1.0,0.734375
10224,-0.984375,0.734375
10225,-0.96875,0.734375
10226,-0.953125,0.734375
10227,-0.9375,0.734375
10228,-0.921875,0.734375
10229,-0.90625,0.734375
10230,-0.890625,0.734375
10231,-0.875,0.734375
10232,-0.859375,0.734375
10233,-0.84375,0.734375
10234,-0.828125,0.734375
10235,-0.8125,0.734375
10236,-0.796875,0.734375
10237,-0.78125,0.734375
10238,-0.765625,0.734375
10239,-0.75,0.734375
10240,-0.734375,0.734375
10241,-0.71875,0.734375
10242,-0.703125,0.734375
10243,-0.6875,0.734375
10244,-0.671875,0.734375
10245,-0.65625,0.734375
10246,-0.640625,0.734375
10247,-0.625,0.734375
10248,-0.609375,0.734375
10249,-0.59375,0.734375
10250,-0.578125,0.734375
10251,-0.5625,0.734375
10252,-0.546875,0.734375
10253,-0.53125,0.734375
10254,-0.515625,0.734375
10255,-0.5,0.734375
10256,-0.484375,0.734375
10257,-0.46875,0.734375
10258,-0.453125,0.734375
10259,-0.4375,0.734375
10260,-0.421875,0.734375
10261,-0.40625,0.734375
10262,-0.390625,0.734375
10263,-0.375,0.734375
10264,-0.359375,0.734375
10265,-0.34375,0.734375
10266,-0.328125,0.734375
10267,-0.3125,0.734375
10268,-0.296875,0.734375
10269,-0.28125,0.734375
10270,-0.265625,0.734375
10271,-0.25,0.734375
10272,-0.234375,0.734375
10273,-0.21875,0.734375
10274,-0.203125,0.734375
10275,-0.1875,0.734375
10276,-0.171875,0.734375
10277,-0.15625,0.734375
10278,-0.140625,0.734375
10279,-0.125,0.734375
10280,-0.109375,0.734375
10281,-0.09375,0.734375
10282,-0.078125,0.734375
10283,-0.0625,0.734375
10284,-0.046875,0.734375
10285,-0.03125,0.734375
10286,-0.015625,0.734375
10287,0.0,0.734375
10288,0.015625,0.734375
10289,0.03125,0.734375
10290,0.046875,0.734375
10291,0.0625,0.734375
10292,0.078125,0.734375
10293,0.09375,0.734375
10294,0.109375,0.734375
10295,0.125,0.734375
10296,0.140625,0.734375
10297,0.15625,0.734375
10298,0.171875,0.734375
10299,0.1875,0.734375
10300,0.203125,0.734375
10301,0.21875,0.734375
10302,0.234375,0.734375
10303,0.25,0.734375
10304,0.265625,0.734375
10305,0.28125,0.734375
10306,0.296875,0.734375
10307,0.3125,0.734375
10308,0.328125,0.734375
10309,0.34375,0.734375
10310,0.359375,0.734375
10311,0.375,0.734375
10312,0.390625,0.734375
10313,0.40625,0.734375
10314,0.421875,0.734375
10315,0.4375,0.734375
10316,0.453125,0.734375
10317,0.46875,0.734375
10318,0.484375,0.734375
10319,0.5,0.734375
10320,0.515625,0.734375
10321,0.53125,0.734375
10322,0.546875,0.734375
10323,0.5625,0.734375
10324,0.578125,0.734375
10325,0.59375,0.734375
10326,0.609375,0.734375
10327,0.625,0.734375
10328,0.640625,0.734375
10329,0.65625,0.734375
10330,0.671875,0.734375
10331,0.6875,0.734375
10332,0.703125,0.734375
10333,0.71875,0.734375
10334,0.734375,0.734375
10335,0.75,0.734375
10336,0.765625,0.734375
10337,0.78125,0.734375
10338,0.796875,0.734375
10339,0.8125,0.734375
10340,0.828125,0.734375
10341,0.84375,0.734375
10342,0.859375,0.734375
10343,0.875,0.734375
10344,0.890625,0.734375
10345,0.90625,0.734375
10346,0.921875,0.734375
10347,0.9375,0.734375
10348,0.953125,0.734375
10349,0.96875,0.734375
10350,0.984375,0.734375
10351,1.0,0.734375
10352,-1.0,0.75
10353,-0.984375,0.75
10354,-0.96875,0.75
10355,-0.953125,0.75
10356,-0.9375,0.75
10357,-0.921875,0.75
10358,-0.90625,0.75
10359,-0.890625,0.75
10360,-0.875,0.75
10361,-0.859375,0.75
10362,-0.84375,0.75
10363,-0.828125,0.75
10364,-0.8125,0.75
10365,-0.796875,0.75
10366,-0.78125,0.75
10367,-0.765625,0.75
10368,-0.75,0.75
10369,-0.734375,0.75
10370,-0.71875,0.75
10371,-0.703125,0.75
10372,-0.6875,0.75
10373,-0.671875,0.75
10374,-0.65625,0.75
10375,-0.640625,0.75
10376,-0.625,0.75
10377,-0.609375,0.75
10378,-0.59375,0.75
10379,-0.578125,0.75
10380,-0.5625,0.75
10381,-0.546875,0.75
10382,-0.53125,0.75
10383,-0.515625,0.75
10384,-0.5,0.75
10385,-0.484375,0.75
10386,-0.46875,0.75
10387,-0.453125,0.75
10388,-0.4375,0.75
10389,-0.421875,0.75
10390,-0.40625,0.75
10391,-0.390625,0.75
10392,-0.375,0.75
10393,-0.359375,0.75
10394,-0.34375,0.75
10395,-0.328125,0.75
10396,-0.3125,0.75
10397,-0.296875,0.75
10398,-0.28125,0.75
10399,-0.265625,0.75
10400,-0.25,0.75
10401,-0.234375,0.75
10402,-0.21875,0.75
10403,-0.203125,0.75
10404,-0.1875,0.75
10405,-0.171875,0.75
10406,-0.15625,0.75
10407,-0.140625,0.75
10408,-0.125,0.75
10409,-0.109375,0.75
10410,-0.09375,0.75
10411,-0.078125,0.75
10412,-0.0625,0.75
10413,-0.046875,0.75
10414,-0.03125,0.75
10415,-0.015625,0.75
10416,0.0,0.75
10417,0.015625,0.75
10418,0.03125,0.75
10419,0.046875,0.75
10420,0.0625,0.75
10421,0.078125,0.75
10422,0.09375,0.75
10423,0.109375,0.75
10424,0.125,0.75
10425,0.140625,0.75
10426,0.15625,0.75
10427,0.171875,0.75
10428,0.1875,0.75
10429,0.203125,0.75
10430,0.21875,0.75
10431,0.234375,0.75
10432,0.25,0.75
10433,0.265625,0.75
10434,0.28125,0.75
10435,0.296875,0.75
10436,0.3125,0.75
10437,0.328125,0.75
10438,0.34375,0.75
10439,0.359375,0.75
10440,0.375,0.75
10441,0.390625,0.75
10442,0.40625,0.75
10443,0.421875,0.75
10444,0.4375,0.75
10445,0.453125,0.75
10446,0.46875,0.75
10447,0.484375,0.75
10448,0.5,0.75
10449,0.515625,0.75
10450,0.53125,0.75
10451,0.546875,0.75
10452,0.5625,0.75
10453,0.578125,0.75
10454,0.59375,0.75
10455,0.609375,0.75
10456,0.625,0.75
10457,0.640625,0.75
10458,0.65625,0.75
10459,0.671875,0.75
10460,0.6875,0.75
10461,0.703125,0.75
10462,0.71875,0.75
10463,0.734375,0.75
10464,0.75,0.75
10465,0.765625,0.75
10466,0.78125,0.75
10467,0.796875,0.75
10468,0.8125,0.75
10469,0.828125,0.75
10470,0.84375,0.75
10471,0.859375,0.75
10472,0.875,0.75
10473,0.890625,0.75
10474,0.90625,0.75
10475,0.921875,0.75
10476,0.9375,0.75
10477,0.953125,0.75
10478,0.96875,0.75
10479,0.984375,0.75
10480,1.0,0.75
10481,-1.0,0.765625
10482,-0.984375,0.765625
10483,-0.96875,0.765625
10484,-0.953125,0.765625
10485,-0.9375,0.765625
10486,-0.921875,0.765625
10487,-0.90625,0.765625
10488,-0.890625,0.765625
10489,-0.875,0.765625
10490,-0.859375,0.765625
10491,-0.84375,0.765625
10492,-0.828125,0.765625
10493,-0.8125,0.765625
10494,-0.796875,0.765625
10495,-0.78125,0.765625
10496,-0.765625,0.765625
10497,-0.75,0.765625
10498,-0.734375,0.765625
10499,-0.71875,0.765625
10500,-0.703125,0.765625
10501,-0.6875,0.765625
10502,-0.671875,0.765625
10503,-0.65625,0.765625
10504,-0.640625,0.765625
10505,-0.625,0.765625
10506,-0.609375,0.765625
10507,-0.59375,0.765625
10508,-0.578125,0.765625
10509,-0.5625,0.765625
10510,-0.546875,0.765625
10511,-0.53125,0.765625
10512,-0.515625,0.765625
10513,-0.5,0.765625
10514,-0.484375,0.765625
10515,-0.46875,0.765625
10516,-0.453125,0.765625
10517,-0.4375,0.765625
10518,-0.421875,0.765625
10519,-0.40625,0.765625
10520,-0.390625,0.765625
10521,-0.375,0.765625
10522,-0.359375,0.765625
10523,-0.34375,0.765625
10524,-0.328125,0.765625
10525,-0.3125,0.765625
10526,-0.296875,0.765625
10527,-0.28125,0.765625
10528,-0.265625,0.765625
10529,-0.25,0.765625
10530,-0.234375,0.765625
10531,-0.21875,0.765625
10532,-0.203125,0.765625
10533,-0.1875,0.765625
10534,-0.171875,0.765625
10535,-0.15625,0.765625
10536,-0.140625,0.765625
10537,-0.125,0.765625
10538,-0.109375,0.765625
10539,-0.09375,0.765625
10540,-0.078125,0.765625
10541,-0.0625,0.765625
10542,-0.046875,0.765625
10543,-0.03125,0.765625
10544,-0.015625,0.765625
10545,0.0,0.765625
10546,0.015625,0.765625
10547,0.03125,0.765625
10548,0.046875,0.765625
10549,0.0625,0.765625
10550,0.078125,0.765625
10551,0.09375,0.765625
10552,0.109375,0.765625
10553,0.125,0.765625
10554,0.140625,0.765625
10555,0.15625,0.765625
10556,0.171875,0.765625
10557,0.1875,0.765625
10558,0.203125,0.765625
10559,0.21875,0.765625
10560,0.234375,0.765625
10561,0.25,0.765625
10562,0.265625,0.765625
10563,0.28125,0.765625
10564,0.296875,0.765625
10565,0.3125,0.765625
10566,0.328125,0.765625
10567,0.34375,0.765625
10568,0.359375,0.765625
10569,0.375,0.765625
10570,0.390625,0.765625
10571,0.40625,0.765625
10572,0.421875,0.765625
10573,0.4375,0.765625
10574,0.453125,0.765625
10575,0.46875,0.765625
10576,0.484375,0.765625
10577,0.5,0.765625
10578,0.515625,0.765625
10579,0.53125,0.765625
10580,0.546875,0.765625
10581,0.5625,0.765625
10582,0.578125,0.765625
10583,0.59375,0.765625
10584,0.609375,0.765625
10585,0.625,0.765625
10586,0.640625,0.765625
10587,0.65625,0.765625
10588,0.671875,0.765625
10589,0.6875,0.765625
10590,0.703125,0.765625
10591,0.71875,0.765625
10592,0.734375,0.765625
10593,0.75,0.765625
10594,0.765625,0.765625
10595,0.78125,0.765625
10596,0.796875,0.765625
10597,0.8125,0.765625
10598,0.828125,0.765625
10599,0.84375,0.765625
10600,0.859375,0.765625
10601,0.875,0.765625
10602,0.890625,0.765625
10603,0.90625,0.765625
10604,0.921875,0.765625
10605,0.9375,0.765625
10606,0.953125,0.765625
10607,0.96875,0.765625
10608,0.984375,0.765625
10609,1.0,0.765625
10610,-1.0,0.78125
10611,-0.984375,0.78125
10612,-0.96875,0.78125
10613,-0.953125,0.78125
10614,-0.9375,0.78125
10615,-0.921875,0.78125
10616,-0.90625,0.78125
10617,-0.890625,0.78125
10618,-0.875,0.78125
10619,-0.859375,0.78125
10620,-0.84375,0.78125
10621,-0.828125,0.78125
10622,-0.8125,0.78125
10623,-0.796875,0.78125
10624,-0.78125,0.78125
10625,-0.765625,0.78125
10626,-0.75,0.78125
10627,-0.734375,0.78125
10628,-0.71875,0.78125
10629,-0.703125,0.78125
10630,-0.6875,0.78125
10631,-0.671875,0.78125
10632,-0.65625,0.78125
10633,-0.640625,0.78125
10634,-0.625,0.78125
10635,-0.609375,0.78125
10636,-0.59375,0.78125
10637,-0.578125,0.78125
10638,-0.5625,0.78125
10639,-0.546875,0.78125
10640,-0.53125,0.78125
10641,-0.515625,0.78125
10642,-0.5,0.78125
10643,-0.484375,0.78125
10644,-0.46875,0.78125
10645,-0.453125,0.78125
10646,-0.4375,0.78125
10647,-0.421875,0.78125
10648,-0.40625,0.78125
10649,-0.390625,0.78125
10650,-0.375,0.78125
10651,-0.359375,0.78125
10652,-0.34375,0.78125
10653,-0.328125,0.78125
10654,-0.3125,0.78125
10655,-0.296875,0.78125
10656,-0.28125,0.78125
10657,-0.265625,0.78125
10658,-0.25,0.78125
10659,-0.234375,0.78125
10660,-0.21875,0.78125
10661,-0.203125,0.78125
10662,-0.1875,0.78125
10663,-0.171875,0.78125
10664,-0.15625,0.78125
10665,-0.140625,0.78125
10666,-0.125,0.78125
10667,-0.109375,0.78125
10668,-0.09375,0.78125
10669,-0.078125,0.78125
10670,-0.0625,0.78125
10671,-0.046875,0.78125
10672,-0.03125,0.78125
10673,-0.015625,0.78125
10674,0.0,0.78125
10675,0.015625,0.78125
10676,0.03125,0.78125
10677,0.046875,0.78125
10678,0.0625,0.78125
10679,0.078125,0.78125
10680,0.09375,0.78125
10681,0.109375,0.78125
10682,0.125,0.78125
10683,0.140625,0.78125
10684,0.15625,0.78125
10685,0.171875,0.78125
10686,0.1875,0.78125
10687,0.203125,0.78125
10688,0.21875,0.78125
10689,0.234375,0.78125
10690,0.25,0.78125
10691,0.265625,0.78125
10692,0.28125,0.78125
10693,0.296875,0.78125
10694,0.3125,0.78125
10695,0.328125,0.78125
10696,0.34375,0.78125
10697,0.359375,0.78125
10698,0.375,0.78125
10699,0.390625,0.78125
10700,0.40625,0.78125
10701,0.421875,0.78125
10702,0.4375,0.78125
10703,0.453125,0.78125
10704,0.46875,0.78125
10705,0.484375,0.78125
10706,0.5,0.78125
10707,0.515625,0.78125
10708,0.53125,0.78125
10709,0.546875,0.78125
10710,0.5625,0.78125
10711,0.578125,0.78125
10712,0.59375,0.78125
10713,0.609375,0.78125
10714,0.625,0.78125
10715,0.640625,0.78125
10716,0.65625,0.78125
10717,0.671875,0.78125
10718,0.6875,0.78125
10719,0.703125,0.78125
10720,0.71875,0.78125
10721,0.734375,0.78125
10722,0.75,0.78125
10723,0.765625,0.78125
10724,0.78125,0.78125
10725,0.796875,0.78125
10726,0.8125,0.78125
10727,0.828125,0.78125
10728,0.84375,0.78125
10729,0.859375,0.78125
10730,0.875,0.78125
10731,0.890625,0.78125
10732,0.90625,0.78125
10733,0.921875,0.78125
10734,0.9375,0.78125
10735,0.953125,0.78125
10736,0.96875,0.78125
10737,0.984375,0.78125
10738,1.0,0.78125
10739,-1.0,0.796875
10740,-0.984375,0.796875
10741,-0.96875,0.796875
10742,-0.953125,0.796875
10743,-0.9375,0.796875
10744,-0.921875,0.796875
10745,-0.90625,0.796875
10746,-0.890625,0.796875
10747,-0.875,0.796875
10748,-0.859375,0.796875
10749,-0.84375,0.796875
10750,-0.828125,0.796875
10751,-0.8125,0.796875
10752,-0.796875,0.796875
10753,-0.78125,0.796875
10754,-0.765625,0.796875
10755,-0.75,0.796875
10756,-0.734375,0.796875
10757,-0.71875,0.796875
10758,-0.703125,0.796875
10759,-0.6875,0.796875
10760,-0.671875,0.796875
10761,-0.65625,0.796875
10762,-0.640625,0.796875
10763,-0.625,0.796875
10764,-0.609375,0.796875
10765,-0.59375,0.796875
10766,-0.578125,0.796875
10767,-0.5625,0.796875
10768,-0.546875,0.796875
10769,-0.53125,0.796875
10770,-0.515625,0.796875
10771,-0.5,0.796875
10772,-0.484375,0.796875
10773,-0.46875,0.796875
10774,-0.453125,0.796875
10775,-0.4375,0.796875
10776,-0.421875,0.796875
10777,-0.40625,0.796875
10778,-0.390625,0.796875
10779,-0.375,0.796875
10780,-0.359375,0.796875
10781,-0.34375,0.796875
10782,-0.328125,0.796875
10783,-0.3125,0.796875
10784,-0.296875,0.796875
10785,-0.28125,0.796875
10786,-0.265625,0.796875
10787,-0.25,0.796875
10788,-0.234375,0.796875
10789,-0.21875,0.796875
10790,-0.203125,0.796875
10791,-0.1875,0.796875
10792,-0.171875,0.796875
10793,-0.15625,0.796875
10794,-0.140625,0.796875
10795,-0.125,0.796875
10796,-0.109375,0.796875
10797,-0.09375,0.796875
10798,-0.078125,0.796875
10799,-0.0625,0.796875
10800,-0.046875,0.796875
10801,-0.03125,0.796875
10802,-0.015625,0.796875
10803,0.0,0.796875
10804,0.015625,0.796875
10805,0.03125,0.796875
10806,0.046875,0.796875
10807,0.0625,0.796875
10808,0.078125,0.796875
10809,0.09375,0.796875
10810,0.109375,0.796875
10811,0.125,0.796875
10812,0.140625,0.796875
10813,0.15625,0.796875
10814,0.171875,0.796875
10815,0.1875,0.796875
10816,0.203125,0.796875
10817,0.21875,0.796875
10818,0.234375,0.796875
10819,0.25,0.796875
10820,0.265625,0.796875
10821,0.28125,0.796875
10822,0.296875,0.796875
10823,0.3125,0.796875
10824,0.328125,0.796875
10825,0.34375,0.796875
10826,0.359375,0.796875
10827,0.375,0.796875
10828,0.390625,0.796875
10829,0.40625,0.796875
10830,0.421875,0.796875
10831,0.4375,0.796875
10832,0.453125,0.796875
10833,0.46875,0.796875
10834,0.484375,0.796875
10835,0.5,0.796875
10836,0.515625,0.796875
10837,0.53125,0.796875
10838,0.546875,0.796875
10839,0.5625,0.796875
10840,0.578125,0.796875
10841,0.59375,0.796875
10842,0.609375,0.796875
10843,0.625,0.796875
10844,0.640625,0.796875
10845,0.65625,0.796875
10846,0.671875,0.796875
10847,0.6875,0.796875
10848,0.703125,0.796875
10849,0.71875,0.796875
10850,0.734375,0.796875
10851,0.75,0.796875
10852,0.765625,0.796875
10853,0.78125,0.796875
10854,0.796875,0.796875
10855,0.8125,0.796875
10856,0.828125,0.796875
10857,0.84375,0.796875
10858,0.859375,0.796875
10859,0.875,0.796875
10860,0.890625,0.796875
10861,0.90625,0.796875
10862,0.921875,0.796875
10863,0.9375,0.796875
10864,0.953125,0.796875
10865,0.96875,0.796875
10866,0.984375,0.796875
10867,1.0,0.796875
10868,-1.0,0.8125
10869,-0.984375,0.8125
10870,-0.96875,0.8125
10871,-0.953125,0.8125
10872,-0.9375,0.8125
10873,-0.921875,0.8125
10874,-0.90625,0.8125
10875,-0.890625,0.8125
10876,-0.875,0.8125
10877,-0.859375,0.8125
10878,-0.84375,0.8125
10879,-0.828125,0.8125
10880,-0.8125,0.8125
10881,-0.796875,0.8125
10882,-0.78125,0.8125
10883,-0.765625,0.8125
10884,-0.75,0.8125
10885,-0.734375,0.8125
10886,-0.71875,0.8125
10887,-0.703125,0.8125
10888,-0.6875,0.8125
10889,-0.671875,0.8125
10890,-0.65625,0.8125
10891,-0.640625,0.8125
10892,-0.625,0.8125
10893,-0.609375,0.8125
10894,-0.59375,0.8125
10895,-0.578125,0.8125
10896,-0.5625,0.8125
10897,-0.546875,0.8125
10898,-0.53125,0.8125
10899,-0.515625,0.8125
10900,-0.5,0.8125
10901,-0.484375,0.8125
10902,-0.46875,0.8125
10903,-0.453125,0.8125
10904,-0.4375,0.8125
10905,-0.421875,0.8125
10906,-0.40625,0.8125
10907,-0.390625,0.8125
10908,-0.375,0.8125
10909,-0.359375,0.8125
10910,-0.34375,0.8125
10911,-0.328125,0.8125
10912,-0.3125,0.8125
10913,-0.296875,0.8125
10914,-0.28125,0.8125
10915,-0.265625,0.8125
10916,-0.25,0.8125
10917,-0.234375,0.8125
10918,-0.21875,0.8125
10919,-0.203125,0.8125
10920,-0.1875,0.8125
10921,-0.171875,0.8125
10922,-0.15625,0.8125
10923,-0.140625,0.8125
10924,-0.125,0.8125
10925,-0.109375,0.8125
10926,-0.09375,0.8125
10927,-0.078125,0.8125
10928,-0.0625,0.8125
10929,-0.046875,0.8125
10930,-0.03125,0.8125
10931,-0.015625,0.8125
10932,0.0,0.8125
10933,0.015625,0.8125
10934,0.03125,0.8125
10935,0.046875,0.8125
10936,0.0625,0.8125
10937,0.078125,0.8125
10938,0.09375,0.8125
10939,0.109375,0.8125
10940,0.125,0.8125
10941,0.140625,0.8125
10942,0.15625,0.8125
10943,0.171875,0.8125
10944,0.1875,0.8125
10945,0.203125,0.8125
10946,0.21875,0.8125
10947,0.234375,0.8125
10948,0.25,0.8125
10949,0.265625,0.8125
10950,0.28125,0.8125
10951,0.296875,0.8125
10952,0.3125,0.8125
10953,0.328125,0.8125
10954,0.34375,0.8125
10955,0.359375,0.8125
10956,0.375,0.8125
10957,0.390625,0.8125
10958,0.40625,0.8125
10959,0.421875,0.8125
10960,0.4375,0.8125
10961,0.453125,0.8125
10962,0.46875,0.8125
10963,0.484375,0.8125
10964,0.5,0.8125
10965,0.515625,0.8125
10966,0.53125,0.8125
10967,0.546875,0.8125
10968,0.5625,0.8125
10969,0.578125,0.8125
10970,0.59375,0.8125
10971,0.609375,0.8125
10972,0.625,0.8125
10973,0.640625,0.8125
10974,0.65625,0.8125
10975,0.671875,0.8125
10976,0.6875,0.8125
10977,0.703125,0.8125
10978,0.71875,0.8125
10979,0.734375,0.8125
10980,0.75,0.8125
10981,0.765625,0.8125
10982,0.78125,0.8125
10983,0.796875,0.8125
10984,0.8125,0.8125
10985,0.828125,0.8125
10986,0.84375,0.8125
10987,0.859375,0.8125
10988,0.875,0.8125
10989,0.890625,0.8125
10990,0.90625,0.8125
10991,0.921875,0.8125
10992,0.9375,0.8125
10993,0.953125,0.8125
10994,0.96875,0.8125
10995,0.984375,0.8125
10996,1.0,0.8125
10997,-1.0,0.828125
10998,-0.984375,0.828125
10999,-0.96875,0.828125
11000,-0.953125,0.828125
11001,-0.9375,0.828125
11002,-0.921875,0.828125
11003,-0.90625,0.828125
11004,-0.890625,0.828125
11005,-0.875,0.828125
11006,-0.859375,0.828125
11007,-0.84375,0.828125
11008,-0.828125,0.828125
11009,-0.8125,0.828125
11010,-0.796875,0.828125
11011,-0.78125,0.828125
11012,-0.765625,0.828125
11013,-0.75,0.828125
11014,-0.734375,0.828125
11015,-0.71875,0.828125
11016,-0.703125,0.828125
11017,-0.6875,0.828125
11018,-0.671875,0.828125
11019,-0.65625,0.828125
11020,-0.640625,0.828125
11021,-0.625,0.828125
11022,-0.609375,0.828125
11023,-0.59375,0.828125
11024,-0.578125,0.828125
11025,-0.5625,0.828125
11026,-0.546875,0.828125
11027,-0.53125,0.828125
11028,-0.515625,0.828125
11029,-0.5,0.828125
11030,-0.484375,0.828125
11031,-0.46875,0.828125
11032,-0.453125,0.828125
11033,-0.4375,0.828125
11034,-0.421875,0.828125
11035,-0.40625,0.828125
11036,-0.390625,0.828125
11037,-0.375,0.828125
11038,-0.359375,0.828125
11039,-0.34375,0.828125
11040,-0.328125,0.828125
11041,-0.3125,0.828125
11042,-0.296875,0.828125
11043,-0.28125,0.828125
11044,-0.265625,0.828125
11045,-0.25,0.828125
11046,-0.234375,0.828125
11047,-0.21875,0.828125
11048,-0.203125,0.828125
11049,-0.1875,0.828125
11050,-0.171875,0.828125
11051,-0.15625,0.828125
11052,-0.140625,0.828125
11053,-0.125,0.828125
11054,-0.109375,0.828125
11055,-0.09375,0.828125
11056,-0.078125,0.828125
11057,-0.0625,0.828125
11058,-0.046875,0.828125
11059,-0.03125,0.828125
11060,-0.015625,0.828125
11061,0.0,0.828125
11062,0.015625,0.828125
11063,0.03125,0.828125
11064,0.046875,0.828125
11065,0.0625,0.828125
11066,0.078125,0.828125
11067,0.09375,0.828125
11068,0.109375,0.828125
11069,0.125,0.828125
11070,0.140625,0.828125
11071,0.15625,0.828125
11072,0.171875,0.828125
11073,0.1875,0.828125
11074,0.203125,0.828125
11075,0.21875,0.828125
11076,0.234375,0.828125
11077,0.25,0.828125
11078,0.265625,0.828125
11079,0.28125,0.828125
11080,0.296875,0.828125
11081,0.3125,0.828125
11082,0.328125,0.828125
11083,0.34375,0.828125
11084,0.359375,0.828125
11085,0.375,0.828125
11086,0.390625,0.828125
11087,0.40625,0.828125
11088,0.421875,0.828125
11089,0.4375,0.828125
11090,0.453125,0.828125
11091,0.46875,0.828125
11092,0.484375,0.828125
11093,0.5,0.828125
11094,0.515625,0.828125
11095,0.53125,0.828125
11096,0.546875,0.828125
11097,0.5625,0.828125
11098,0.578125,0.828125
11099,0.59375,0.828125
11100,0.609375,0.828125
11101,0.625,0.828125
11102,0.640625,0.828125
11103,0.65625,0.828125
11104,0.671875,0.828125
11105,0.6875,0.828125
11106,0.703125,0.828125
11107,0.71875,0.828125
11108,0.734375,0.828125
11109,0.75,0.828125
11110,0.765625,0.828125
11111,0.78125,0.828125
11112,0.796875,0.828125
11113,0.8125,0.828125
11114,0.828125,0.828125
11115,0.84375,0.828125
11116,0.859375,0.828125
11117,0.875,0.828125
11118,0.890625,0.828125
11119,0.90625,0.828125
11120,0.921875,0.828125
11121,0.9375,0.828125
11122,0.953125,0.828125
11123,0.96875,0.828125
11124,0.984375,0.828125
11125,1.0,0.828125
11126,-1.0,0.84375
11127,-0.984375,0.84375
11128,-0.96875,0.84375
11129,-0.953125,0.84375
11130,-0.9375,0.84375
11131,-0.921875,0.84375
11132,-0.90625,0.84375
11133,-0.890625,0.84375
11134,-0.875,0.84375
11135,-0.859375,0.84375
11136,-0.84375,0.84375
11137,-0.828125,0.84375
11138,-0.8125,0.84375
11139,-0.796875,0.84375
11140,-0.78125,0.84375
11141,-0.765625,0.84375
11142,-0.75,0.84375
11143,-0.734375,0.84375
11144,-0.71875,0.84375
11145,-0.703125,0.84375
11146,-0.6875,0.84375
11147,-0.671875,0.84375
11148,-0.65625,0.84375
11149,-0.640625,0.84375
11150,-0.625,0.84375
11151,-0.609375,0.84375
11152,-0.59375,0.84375
11153,-0.578125,0.84375
11154,-0.5625,0.84375
11155,-0.546875,0.84375
11156,-0.53125,0.84375
11157,-0.515625,0.84375
11158,-0.5,0.84375
11159,-0.484375,0.84375
11160,-0.46875,0.84375
11161,-0.453125,0.84375
11162,-0.4375,0.84375
11163,-0.421875,0.84375
11164,-0.40625,0.84375
11165,-0.390625,0.84375
11166,-0.375,0.84375
11167,-0.359375,0.84375
11168,-0.34375,0.84375
11169,-0.328125,0.84375
11170,-0.3125,0.84375
11171,-0.296875,0.84375
11172,-0.28125,0.84375
11173,-0.265625,0.84375
11174,-0.25,0.84375
11175,-0.234375,0.84375
11176,-0.21875,0.84375
11177,-0.203125,0.84375
11178,-0.1875,0.84375
11179,-0.171875,0.84375
11180,-0.15625,0.84375
11181,-0.140625,0.84375
11182,-0.125,0.84375
11183,-0.109375,0.84375
11184,-0.09375,0.84375
11185,-0.078125,0.84375
11186,-0.0625,0.84375
11187,-0.046875,0.84375
11188,-0.03125,0.84375
11189,-0.015625,0.84375
11190,0.0,0.84375
11191,0.015625,0.84375
11192,0.03125,0.84375
11193,0.046875,0.84375
11194,0.0625,0.84375
11195,0.078125,0.84375
11196,0.09375,0.84375
11197,0.109375,0.84375
11198,0.125,0.84375
11199,0.140625,0.84375
11200,0.15625,0.84375
11201,0.171875,0.84375
11202,0.1875,0.84375
11203,0.203125,0.84375
11204,0.21875,0.84375
11205,0.234375,0.84375
11206,0.25,0.84375
11207,0.265625,0.84375
11208,0.28125,0.84375
11209,0.296875,0.84375
11210,0.3125,0.84375
11211,0.328125,0.84375
11212,0.34375,0.84375
11213,0.359375,0.84375
11214,0.375,0.84375
11215,0.390625,0.84375
11216,0.40625,0.84375
11217,0.421875,0.84375
11218,0.4375,0.84375
11219,0.453125,0.84375
11220,0.46875,0.84375
11221,0.484375,0.84375
11222,0.5,0.84375
11223,0.515625,0.84375
11224,0.53125,0.84375
11225,0.546875,0.84375
11226,0.5625,0.84375
11227,0.578125,0.84375
11228,0.59375,0.84375
11229,0.609375,0.84375
11230,0.625,0.84375
11231,0.640625,0.84375
11232,0.65625,0.84375
11233,0.671875,0.84375
11234,0.6875,0.84375
11235,0.703125,0.84375
11236,0.71875,0.84375
11237,0.734375,0.84375
11238,0.75,0.84375
11239,0.765625,0.84375
11240,0.78125,0.84375
11241,0.796875,0.84375
11242,0.8125,0.84375
11243,0.828125,0.84375
11244,0.84375,0.84375
11245,0.859375,0.84375
11246,0.875,0.84375
11247,0.890625,0.84375
11248,0.90625,0.84375
11249,0.921875,0.84375
11250,0.9375,0.84375
11251,0.953125,0.84375
11252,0.96875,0.84375
11253,0.984375,0.84375
11254,1.0,0.84375
11255,-1.0,0.859375
11256,-0.984375,0.859375
11257,-0.96875,0.859375
11258,-0.953125,0.859375
11259,-0.9375,0.859375
11260,-0.921875,0.859375
11261,-0.90625,0.859375
11262,-0.890625,0.859375
11263,-0.875,0.859375
11264,-0.859375,0.859375
11265,-0.84375,0.859375
11266,-0.828125,0.859375
11267,-0.8125,0.859375
11268,-0.796875,0.859375
11269,-0.78125,0.859375
11270,-0.765625,0.859375
11271,-0.75,0.859375
11272,-0.734375,0.859375
11273,-0.71875,0.859375
11274,-0.703125,0.859375
11275,-0.6875,0.859375
11276,-0.671875,0.859375
11277,-0.65625,0.859375
11278,-0.640625,0.859375
11279,-0.625,0.859375
11280,-0.609375,0.859375
11281,-0.59375,0.859375
11282,-0.578125,0.859375
11283,-0.5625,0.859375
11284,-0.546875,0.859375
11285,-0.53125,0.859375
11286,-0.515625,0.859375
11287,-0.5,0.859375
11288,-0.484375,0.859375
11289,-0.46875,0.859375
11290,-0.453125,0.859375
11291,-0.4375,0.859375
11292,-0.421875,0.859375
11293,-0.40625,0.859375
11294,-0.390625,0.859375
11295,-0.375,0.859375
11296,-0.359375,0.859375
11297,-0.34375,0.859375
11298,-0.328125,0.859375
11299,-0.3125,0.859375
11300,-0.296875,0.859375
11301,-0.28125,0.859375
11302,-0.265625,0.859375
11303,-0.25,0.859375
11304,-0.234375,0.859375
11305,-0.21875,0.859375
11306,-0.203125,0.859375
11307,-0.1875,0.859375
11308,-0.171875,0.859375
11309,-0.15625,0.859375
11310,-0.140625,0.859375
11311,-0.125,0.859375
11312,-0.109375,0.859375
11313,-0.09375,0.859375
11314,-0.078125,0.859375
11315,-0.0625,0.859375
11316,-0.046875,0.859375
11317,-0.03125,0.859375
11318,-0.015625,0.859375
11319,0.0,0.859375
11320,0.015625,0.859375
11321,0.03125,0.859375
11322,0.046875,0.859375
11323,0.0625,0.859375
11324,0.078125,0.859375
11325,0.09375,0.859375
11326,0.109375,0.859375
11327,0.125,0.859375
11328,0.140625,0.859375
11329,0.15625,0.859375
11330,0.171875,0.859375
11331,0.1875,0.859375
11332,0.203125,0.859375
11333,0.21875,0.859375
11334,0.234375,0.859375
11335,0.25,0.859375
11336,0.265625,0.859375
11337,0.28125,0.859375
11338,0.296875,0.859375
11339,0.3125,0.859375
11340,0.328125,0.859375
11341,0.34375,0.859375
11342,0.359375,0.859375
11343,0.375,0.859375
11344,0.390625,0.859375
11345,0.40625,0.859375
11346,0.421875,0.859375
11347,0.4375,0.859375
11348,0.453125,0.859375
11349,0.46875,0.859375
11350,0.484375,0.859375
11351,0.5,0.859375
11352,0.515625,0.859375
11353,0.53125,0.859375
11354,0.546875,0.859375
11355,0.5625,0.859375
11356,0.578125,0.859375
11357,0.59375,0.859375
11358,0.609375,0.859375
11359,0.625,0.859375
11360,0.640625,0.859375
11361,0.65625,0.859375
11362,0.671875,0.859375
11363,0.6875,0.859375
11364,0.703125,0.859375
11365,0.71875,0.859375
11366,0.734375,0.859375
11367,0.75,0.859375
11368,0.765625,0.859375
11369,0.78125,0.859375
11370,0.796875,0.859375
11371,0.8125,0.859375
11372,0.828125,0.859375
11373,0.84375,0.859375
11374,0.859375,0.859375
11375,0.875,0.859375
11376,0.890625,0.859375
11377,0.90625,0.859375
11378,0.921875,0.859375
11379,0.9375,0.859375
11380,0.953125,0.859375
11381,0.96875,0.859375
11382,0.984375,0.859375
11383,1.0,0.859375
11384,-1.0,0.875
11385,-0.984375,0.875
11386,-0.96875,0.875
11387,-0.953125,0.875
11388,-0.9375,0.875
11389,-0.921875,0.875
11390,-0.90625,0.875
11391,-0.890625,0.875
11392,-0.875,0.875
11393,-0.859375,0.875
11394,-0.84375,0.875
11395,-0.828125,0.875
11396,-0.8125,0.875
11397,-0.796875,0.875
11398,-0.78125,0.875
11399,-0.765625,0.875
11400,-0.75,0.875
11401,-0.734375,0.875
11402,-0.71875,0.875
11403,-0.703125,0.875
11404,-0.6875,0.875
11405,-0.671875,0.875
11406,-0.65625,0.875
11407,-0.640625,0.875
11408,-0.625,0.875
11409,-0.609375,0.875
11410,-0.59375,0.875
11411,-0.578125,0.875
11412,-0.5625,0.875
11413,-0.546875,0.875
11414,-0.53125,0.875
11415,-0.515625,0.875
11416,-0.5,0.875
11417,-0.484375,0.875
11418,-0.46875,0.875
11419,-0.453125,0.875
11420,-0.4375,0.875
11421,-0.421875,0.875
11422,-0.40625,0.875
11423,-0.390625,0.875
11424,-0.375,0.875
11425,-0.359375,0.875
11426,-0.34375,0.875
11427,-0.328125,0.875
11428,-0.3125,0.875
11429,-0.296875,0.875
11430,-0.28125,0.875
11431,-0.265625,0.875
11432,-0.25,0.875
11433,-0.234375,0.875
11434,-0.21875,0.875
11435,-0.203125,0.875
11436,-0.1875,0.875
11437,-0.171875,0.875
11438,-0.15625,0.875
11439,-0.140625,0.875
11440,-0.125,0.875
11441,-0.109375,0.875
11442,-0.09375,0.875
11443,-0.078125,0.875
11444,-0.0625,0.875
11445,-0.046875,0.875
11446,-0.03125,0.875
11447,-0.015625,0.875
11448,0.0,0.875
11449,0.015625,0.875
11450,0.03125,0.875
11451,0.046875,0.875
11452,0.0625,0.875
11453,0.078125,0.875
11454,0.09375,0.875
11455,0.109375,0.875
11456,0.125,0.875
11457,0.140625,0.875
11458,0.15625,0.875
11459,0.171875,0.875
11460,0.1875,0.875
11461,0.203125,0.875
11462,0.21875,0.875
11463,0.234375,0.875
11464,0.25,0.875
11465,0.265625,0.875
11466,0.28125,0.875
11467,0.296875,0.875
11468,0.3125,0.875
11469,0.328125,0.875
11470,0.34375,0.875
11471,0.359375,0.875
11472,0.375,0.875
11473,0.390625,0.875
11474,0.40625,0.875
11475,0.421875,0.875
11476,0.4375,0.875
11477,0.453125,0.875
11478,0.46875,0.875
11479,0.484375,0.875
11480,0.5,0.875
11481,0.515625,0.875
11482,0.53125,0.875
11483,0.546875,0.875
11484,0.5625,0.875
11485,0.578125,0.875
11486,0.59375,0.875
11487,0.609375,0.875
11488,0.625,0.875
11489,0.640625,0.875
11490,0.65625,0.875
11491,0.671875,0.875
11492,0.6875,0.875
11493,0.703125,0.875
11494,0.71875,0.875
11495,0.734375,0.875
11496,0.75,0.875
11497,0.765625,0.875
11498,0.78125,0.875
11499,0.796875,0.875
11500,0.8125,0.875
11501,0.828125,0.875
11502,0.84375,0.875
11503,0.859375,0.875
11504,0.875,0.875
11505,0.890625,0.875
11506,0.90625,0.875
11507,0.921875,0.875
11508,0.9375,0.875
11509,0.953125,0.875
11510,0.96875,0.875
11511,0.984375,0.875
11512,1.0,0.875
11513,-1.0,0.890625
11514,-0.984375,0.890625
11515,-0.96875,0.890625
11516,-0.953125,0.890625
11517,-0.9375,0.890625
11518,-0.921875,0.890625
11519,-0.90625,0.890625
11520,-0.890625,0.890625
11521,-0.875,0.890625
11522,-0.859375,0.890625
11523,-0.84375,0.890625
11524,-0.828125,0.890625
11525,-0.8125,0.890625
11526,-0.796875,0.890625
11527,-0.78125,0.890625
11528,-0.765625,0.890625
11529,-0.75,0.890625
11530,-0.734375,0.890625
11531,-0.71875,0.890625
11532,-0.703125,0.890625
11533,-0.6875,0.890625
11534,-0.671875,0.890625
11535,-0.65625,0.890625
11536,-0.640625,0.890625
11537,-0.625,0.890625
11538,-0.609375,0.890625
11539,-0.59375,0.890625
11540,-0.578125,0.890625
11541,-0.5625,0.890625
11542,-0.546875,0.890625
11543,-0.53125,0.890625
11544,-0.515625,0.890625
11545,-0.5,0.890625
11546,-0.484375,0.890625
11547,-0.46875,0.890625
11548,-0.453125,0.890625
11549,-0.4375,0.890625
11550,-0.421875,0.890625
11551,-0.40625,0.890625
11552,-0.390625,0.890625
11553,-0.375,0.890625
11554,-0.359375,0.890625
11555,-0.34375,0.890625
11556,-0.328125,0.890625
11557,-0.3125,0.890625
11558,-0.296875,0.890625
11559,-0.28125,0.890625
11560,-0.265625,0.890625
11561,-0.25,0.890625
11562,-0.234375,0.890625
11563,-0.21875,0.890625
11564,-0.203125,0.890625
11565,-0.1875,0.890625
11566,-0.171875,0.890625
11567,-0.15625,0.890625
11568,-0.140625,0.890625
11569,-0.125,0.890625
11570,-0.109375,0.890625
11571,-0.09375,0.890625
11572,-0.078125,0.890625
11573,-0.0625,0.890625
11574,-0.046875,0.890625
11575,-0.03125,0.890625
11576,-0.015625,0.890625
11577,0.0,0.890625
11578,0.015625,0.890625
11579,0.03125,0.890625
11580,0.046875,0.890625
11581,0.0625,0.890625
11582,0.078125,0.890625
11583,0.09375,0.890625
11584,0.109375,0.890625
11585,0.125,0.890625
11586,0.140625,0.890625
11587,0.15625,0.890625
11588,0.171875,0.890625
11589,0.1875,0.890625
11590,0.203125,0.890625
11591,0.21875,0.890625
11592,0.234375,0.890625
11593,0.25,0.890625
11594,0.265625,0.890625
11595,0.28125,0.890625
11596,0.296875,0.890625
11597,0.3125,0.890625
11598,0.328125,0.890625
11599,0.34375,0.890625
11600,0.359375,0.890625
11601,0.375,0.890625
11602,0.390625,0.890625
11603,0.40625,0.890625
11604,0.421875,0.890625
11605,0.4375,0.890625
11606,0.453125,0.890625
11607,0.46875,0.890625
11608,0.484375,0.890625
11609,0.5,0.890625
11610,0.515625,0.890625
11611,0.53125,0.890625
11612,0.546875,0.890625
11613,0.5625,0.890625
11614,0.578125,0.890625
11615,0.59375,0.890625
11616,0.609375,0.890625
11617,0.625,0.890625
11618,0.640625,0.890625
11619,0.65625,0.890625
11620,0.671875,0.890625
11621,0.6875,0.890625
11622,0.703125,0.890625
11623,0.71875,0.890625
11624,0.734375,0.890625
11625,0.75,0.890625
11626,0.765625,0.890625
11627,0.78125,0.890625
11628,0.796875,0.890625
11629,0.8125,0.890625
11630,0.828125,0.890625
11631,0.84375,0.890625
11632,0.859375,0.890625
11633,0.875,0.890625
11634,0.890625,0.890625
11635,0.90625,0.890625
11636,0.921875,0.890625
11637,0.9375,0.890625
11638,0.953125,0.890625
11639,0.96875,0.890625
11640,0.984375,0.890625
11641,1.0,0.890625
11642,-1.0,0.90625
11643,-0.984375,0.90625
11644,-0.96875,0.90625
11645,-0.953125,0.90625
11646,-0.9375,0.90625
11647,-0.921875,0.90625
11648,-0.90625,0.90625
11649,-0.890625,0.90625
11650,-0.875,0.90625
11651,-0.859375,0.90625
11652,-0.84375,0.90625
11653,-0.828125,0.90625
11654,-0.8125,0.90625
11655,-0.796875,0.90625
11656,-0.78125,0.90625
11657,-0.765625,0.90625
11658,-0.75,0.90625
11659,-0.734375,0.90625
11660,-0.71875,0.90625
11661,-0.703125,0.90625
11662,-0.6875,0.90625
11663,-0.671875,0.90625
11664,-0.65625,0.90625
11665,-0.640625,0.90625
11666,-0.625,0.90625
11667,-0.609375,0.90625
11668,-0.59375,0.90625
11669,-0.578125,0.90625
11670,-0.5625,0.90625
11671,-0.546875,0.90625
11672,-0.53125,0.90625
11673,-0.515625,0.90625
11674,-0.5,0.90625
11675,-0.484375,0.90625
11676,-0.46875,0.90625
11677,-0.453125,0.90625
11678,-0.4375,0.90625
11679,-0.421875,0.90625
11680,-0.40625,0.90625
11681,-0.390625,0.90625
11682,-0.375,0.90625
11683,-0.359375,0.90625
11684,-0.34375,0.90625
11685,-0.328125,0.90625
11686,-0.3125,0.90625
11687,-0.296875,0.90625
11688,-0.28125,0.90625
11689,-0.265625,0.90625
11690,-0.25,0.90625
11691,-0.234375,0.90625
11692,-0.21875,0.90625
11693,-0.203125,0.90625
11694,-0.1875,0.90625
11695,-0.171875,0.90625
11696,-0.15625,0.90625
11697,-0.140625,0.90625
11698,-0.125,0.90625
11699,-0.109375,0.90625
11700,-0.09375,0.90625
11701,-0.078125,0.90625
11702,-0.0625,0.90625
11703,-0.046875,0.90625
11704,-0.03125,0.90625
11705,-0.015625,0.90625
11706,0.0,0.90625
11707,0.015625,0.90625
11708,0.03125,0.90625
11709,0.046875,0.90625
11710,0.0625,0.90625
11711,0.078125,0.90625
11712,0.09375,0.90625
11713,0.109375,0.90625
11714,0.125,0.90625
11715,0.140625,0.90625
11716,0.15625,0.90625
11717,0.171875,0.90625
11718,0.1875,0.90625
11719,0.203125,0.90625
11720,0.21875,0.90625
11721,0.234375,0.90625
11722,0.25,0.90625
11723,0.265625,0.90625
11724,0.28125,0.90625
11725,0.296875,0.90625
11726,0.3125,0.90625
11727,0.328125,0.90625
11728,0.34375,0.90625
11729,0.359375,0.90625
11730,0.375,0.90625
11731,0.390625,0.90625
11732,0.40625,0.90625
11733,0.421875,0.90625
11734,0.4375,0.90625
11735,0.453125,0.90625
11736,0.46875,0.90625
11737,0.484375,0.90625
11738,0.5,0.90625
11739,0.515625,0.90625
11740,0.53125,0.90625
11741,0.546875,0.90625
11742,0.5625,0.90625
11743,0.578125,0.90625
11744,0.59375,0.90625
11745,0.609375,0.90625
11746,0.625,0.90625
11747,0.640625,0.90625
11748,0.65625,0.90625
11749,0.671875,0.90625
11750,0.6875,0.90625
11751,0.703125,0.90625
11752,0.71875,0.90625
11753,0.734375,0.90625
11754,0.75,0.90625
11755,0.765625,0.90625
11756,0.78125,0.90625
11757,0.796875,0.90625
11758,0.8125,0.90625
11759,0.828125,0.90625
11760,0.84375,0.90625
11761,0.859375,0.90625
11762,0.875,0.90625
11763,0.890625,0.90625
11764,0.90625,0.90625
11765,0.921875,0.90625
11766,0.9375,0.90625
11767,0.953125,0.90625
11768,0.96875,0.90625
11769,0.984375,0.90625
11770,1.0,0.90625
11771,-1.0,0.921875
11772,-0.984375,0.921875
11773,-0.96875,0.921875
11774,-0.953125,0.921875
11775,-0.9375,0.921875
11776,-0.921875,0.921875
11777,-0.90625,0.921875
11778,-0.890625,0.921875
11779,-0.875,0.921875
11780,-0.859375,0.921875
11781,-0.84375,0.921875
11782,-0.828125,0.921875
11783,-0.8125,0.921875
11784,-0.796875,0.921875
11785,-0.78125,0.921875
11786,-0.765625,0.921875
11787,-0.75,0.921875
11788,-0.734375,0.921875
11789,-0.71875,0.921875
11790,-0.703125,0.921875
11791,-0.6875,0.921875
11792,-0.671875,0.921875
11793,-0.65625,0.921875
11794,-0.640625,0.921875
11795,-0.625,0.921875
11796,-0.609375,0.921875
11797,-0.59375,0.921875
11798,-0.578125,0.921875
11799,-0.5625,0.921875
11800,-0.546875,0.921875
11801,-0.53125,0.921875
11802,-0.515625,0.921875
11803,-0.5,0.921875
11804,-0.484375,0.921875
11805,-0.46875,0.921875
11806,-0.453125,0.921875
11807,-0.4375,0.921875
11808,-0.421875,0.921875
11809,-0.40625,0.921875
11810,-0.390625,0.921875
11811,-0.375,0.921875
11812,-0.359375,0.921875
11813,-0.34375,0.921875
11814,-0.328125,0.921875
11815,-0.3125,0.921875
11816,-0.296875,0.921875
11817,-0.28125,0.921875
11818,-0.265625,0.921875
11819,-0.25,0.921875
11820,-0.234375,0.921875
11821,-0.21875,0.921875
11822,-0.203125,0.921875
11823,-0.1875,0.921875
11824,-0.171875,0.921875
11825,-0.15625,0.921875
11826,-0.140625,0.921875
11827,-0.125,0.921875
11828,-0.109375,0.921875
11829,-0.09375,0.921875
11830,-0.078125,0.921875
11831,-0.0625,0.921875
11832,-0.046875,0.921875
11833,-0.03125,0.921875
11834,-0.015625,0.921875
11835,0.0,0.921875
11836,0.015625,0.921875
11837,0.03125,0.921875
11838,0.046875,0.921875
11839,0.0625,0.921875
11840,0.078125,0.921875
11841,0.09375,0.921875
11842,0.109375,0.921875
11843,0.125,0.921875
11844,0.140625,0.921875
11845,0.15625,0.921875
11846,0.171875,0.921875
11847,0.1875,0.921875
11848,0.203125,0.921875
11849,0.21875,0.921875
11850,0.234375,0.921875
11851,0.25,0.921875
11852,0.265625,0.921875
11853,0.28125,0.921875
11854,0.296875,0.921875
11855,0.3125,0.921875
11856,0.328125,0.921875
11857,0.34375,0.921875
11858,0.359375,0.921875
11859,0.375,0.921875
11860,0.390625,0.921875
11861,0.40625,0.921875
11862,0.421875,0.921875
11863,0.4375,0.921875
11864,0.453125,0.921875
11865,0.46875,0.921875
11866,0.484375,0.921875
11867,0.5,0.921875
11868,0.515625,0.921875
11869,0.53125,0.921875
11870,0.546875,0.921875
11871,0.5625,0.921875
11872,0.578125,0.921875
11873,0.59375,0.921875
11874,0.609375,0.921875
11875,0.625,0.921875
11876,0.640625,0.921875
11877,0.65625,0.921875
11878,0.671875,0.921875
11879,0.6875,0.921875
11880,0.703125,0.921875
11881,0.71875,0.921875
11882,0.734375,0.921875
11883,0.75,0.921875
11884,0.765625,0.921875
11885,0.78125,0.921875
11886,0.796875,0.921875
11887,0.8125,0.921875
11888,0.828125,0.921875
11889,0.84375,0.921875
11890,0.859375,0.921875
11891,0.875,0.921875
11892,0.890625,0.921875
11893,0.90625,0.921875
11894,0.921875,0.921875
11895,0.9375,0.921875
11896,0.953125,0.921875
11897,0.96875,0.921875
11898,0.984375,0.921875
11899,1.0,0.921875
11900,-1.0,0.9375
11901,-0.984375,0.9375
11902,-0.96875,0.9375
11903,-0.953125,0.9375
11904,-0.9375,0.9375
11905,-0.921875,0.9375
11906,-0.90625,0.9375
11907,-0.890625,0.9375
11908,-0.875,0.9375
11909,-0.859375,0.9375
11910,-0.84375,0.9375
11911,-0.828125,0.9375
11912,-0.8125,0.9375
11913,-0.796875,0.9375
11914,-0.78125,0.9375
11915,-0.765625,0.9375
11916,-0.75,0.9375
11917,-0.734375,0.9375
11918,-0.71875,0.9375
11919,-0.703125,0.9375
11920,-0.6875,0.9375
11921,-0.671875,0.9375
11922,-0.65625,0.9375
11923,-0.640625,0.9375
11924,-0.625,0.9375
11925,-0.609375,0.9375
11926,-0.59375,0.9375
11927,-0.578125,0.9375
11928,-0.5625,0.9375
11929,-0.546875,0.9375
11930,-0.53125,0.9375
11931,-0.515625,0.9375
11932,-0.5,0.9375
11933,-0.484375,0.9375
11934,-0.46875,0.9375
11935,-0.453125,0.9375
11936,-0.4375,0.9375
11937,-0.421875,0.9375
11938,-0.40625,0.9375
11939,-0.390625,0.9375
11940,-0.375,0.9375
11941,-0.359375,0.9375
11942,-0.34375,0.9375
11943,-0.328125,0.9375
11944,-0.3125,0.9375
11945,-0.296875,0.9375
11946,-0.28125,0.9375
11947,-0.265625,0.9375
11948,-0.25,0.9375
11949,-0.234375,0.9375
11950,-0.21875,0.9375
11951,-0.203125,0.9375
11952,-0.1875,0.9375
11953,-0.171875,0.9375
11954,-0.15625,0.9375
11955,-0.140625,0.9375
11956,-0.125,0.9375
11957,-0.109375,0.9375
11958,-0.09375,0.9375
11959,-0.078125,0.9375
11960,-0.0625,0.9375
11961,-0.046875,0.9375
11962,-0.03125,0.9375
11963,-0.015625,0.9375
11964,0.0,0.9375
11965,0.015625,0.9375
11966,0.03125,0.9375
11967,0.046875,0.9375
11968,0.0625,0.9375
11969,0.078125,0.9375
11970,0.09375,0.9375
11971,0.109375,0.9375
11972,0.125,0.9375
11973,0.140625,0.9375
11974,0.15625,0.9375
11975,0.171875,0.9375
11976,0.1875,0.9375
11977,0.203125,0.9375
11978,0.21875,0.9375
11979,0.234375,0.9375
11980,0.25,0.9375
11981,0.265625,0.9375
11982,0.28125,0.9375
11983,0.296875,0.9375
11984,0.3125,0.9375
11985,0.328125,0.9375
11986,0.34375,0.9375
11987,0.359375,0.9375
11988,0.375,0.9375
11989,0.390625,0.9375
11990,0.40625,0.9375
11991,0.421875,0.9375
11992,0.4375,0.9375
11993,0.453125,0.9375
11994,0.46875,0.9375
11995,0.484375,0.9375
11996,0.5,0.9375
11997,0.515625,0.9375
11998,0.53125,0.9375
11999,0.546875,0.9375
12000,0.5625,0.9375
12001,0.578125,0.9375
12002,0.59375,0.9375
12003,0.609375,0.9375
12004,0.625,0.9375
12005,0.640625,0.9375
12006,0.65625,0.9375
12007,0.671875,0.9375
12008,0.6875,0.9375
12009,0.703125,0.9375
12010,0.71875,0.9375
12011,0.734375,0.9375
12012,0.75,0.9375
12013,0.765625,0.9375
12014,0.78125,0.9375
12015,0.796875,0.9375
12016,0.8125,0.9375
12017,0.828125,0.9375
12018,0.84375,0.9375
12019,0.859375,0.9375
12020,0.875,0.9375
12021,0.890625,0.9375
12022,0.90625,0.9375
12023,0.921875,0.9375
12024,0.9375,0.9375
12025,0.953125,0.9375
12026,0.96875,0.9375
12027,0.984375,0.9375
12028,1.0,0.9375
12029,-1.0,0.953125
12030,-0.984375,0.953125
12031,-0.96875,0.953125
12032,-0.953125,0.953125
12033,-0.9375,0.953125
12034,-0.921875,0.953125
12035,-0.90625,0.953125
12036,-0.890625,0.953125
12037,-0.875,0.953125
12038,-0.859375,0.953125
12039,-0.84375,0.953125
12040,-0.828125,0.953125
12041,-0.8125,0.953125
12042,-0.796875,0.953125
12043,-0.78125,0.953125
12044,-0.765625,0.953125
12045,-0.75,0.953125
12046,-0.734375,0.953125
12047,-0.71875,0.953125
12048,-0.703125,0.953125
12049,-0.6875,0.953125
12050,-0.671875,0.953125
12051,-0.65625,0.953125
12052,-0.640625,0.953125
12053,-0.625,0.953125
12054,-0.609375,0.953125
12055,-0.59375,0.953125
12056,-0.578125,0.953125
12057,-0.5625,0.953125
12058,-0.546875,0.953125
12059,-0.53125,0.953125
12060,-0.515625,0.953125
12061,-0.5,0.953125
12062,-0.484375,0.953125
12063,-0.46875,0.953125
12064,-0.453125,0.953125
12065,-0.4375,0.953125
12066,-0.421875,0.953125
12067,-0.40625,0.953125
12068,-0.390625,0.953125
12069,-0.375,0.953125
12070,-0.359375,0.953125
12071,-0.34375,0.953125
12072,-0.328125,0.953125
12073,-0.3125,0.953125
12074,-0.296875,0.953125
12075,-0.28125,0.953125
12076,-0.265625,0.953125
12077,-0.25,0.953125
12078,-0.234375,0.953125
12079,-0.21875,0.953125
12080,-0.203125,0.953125
12081,-0.1875,0.953125
12082,-0.171875,0.953125
12083,-0.15625,0.953125
12084,-0.140625,0.953125
12085,-0.125,0.953125
12086,-0.109375,0.953125
12087,-0.09375,0.953125
12088,-0.078125,0.953125
12089,-0.0625,0.953125
12090,-0.046875,0.953125
12091,-0.03125,0.953125
12092,-0.015625,0.953125
12093,0.0,0.953125
12094,0.015625,0.953125
12095,0.03125,0.953125
12096,0.046875,0.953125
12097,0.0625,0.953125
12098,0.078125,0.953125
12099,0.09375,0.953125
12100,0.109375,0.953125
12101,0.125,0.953125
12102,0.140625,0.953125
12103,0.15625,0.953125
12104,0.171875,0.953125
12105,0.1875,0.953125
12106,0.203125,0.953125
12107,0.21875,0.953125
12108,0.234375,0.953125
12109,0.25,0.953125
12110,0.265625,0.953125
12111,0.28125,0.953125
12112,0.296875,0.953125
12113,0.3125,0.953125
12114,0.328125,0.953125
12115,0.34375,0.953125
12116,0.359375,0.953125
12117,0.375,0.953125
12118,0.390625,0.953125
12119,0.40625,0.953125
12120,0.421875,0.953125
12121,0.4375,0.953125
12122,0.453125,0.953125
12123,0.46875,0.953125
12124,0.484375,0.953125
12125,0.5,0.953125
12126,0.515625,0.953125
12127,0.53125,0.953125
12128,0.546875,0.953125
12129,0.5625,0.953125
12130,0.578125,0.953125
12131,0.59375,0.953125
12132,0.609375,0.953125
12133,0.625,0.953125
12134,0.640625,0.953125
12135,0.65625,0.953125
12136,0.671875,0.953125
12137,0.6875,0.953125
12138,0.703125,0.953125
12139,0.71875,0.953125
12140,0.734375,0.953125
12141,0.75,0.953125
12142,0.765625,0.953125
12143,0.78125,0.953125
12144,0.796875,0.953125
12145,0.8125,0.953125
12146,0.828125,0.953125
12147,0.84375,0.953125
12148,0.859375,0.953125
12149,0.875,0.953125
12150,0.890625,0.953125
12151,0.90625,0.953125
12152,0.921875,0.953125
12153,0.9375,0.953125
12154,0.953125,0.953125
12155,0.96875,0.953125
12156,0.984375,0.953125
12157,1.0,0.953125
12158,-1.0,0.96875
12159,-0.984375,0.96875
12160,-0.96875,0.96875
12161,-0.953125,0.96875
12162,-0.9375,0.96875
12163,-0.921875,0.96875
12164,-0.90625,0.96875
12165,-0.890625,0.96875
12166,-0.875,0.96875
12167,-0.859375,0.96875
12168,-0.84375,0.96875
12169,-0.828125,0.96875
12170,-0.8125,0.96875
12171,-0.796875,0.96875
12172,-0.78125,0.96875
12173,-0.765625,0.96875
12174,-0.75,0.96875
12175,-0.734375,0.96875
12176,-0.71875,0.96875
12177,-0.703125,0.96875
12178,-0.6875,0.96875
12179,-0.671875,0.96875
12180,-0.65625,0.96875
12181,-0.640625,0.96875
12182,-0.625,0.96875
12183,-0.609375,0.96875
12184,-0.59375,0.96875
12185,-0.578125,0.96875
12186,-0.5625,0.96875
12187,-0.546875,0.96875
12188,-0.53125,0.96875
12189,-0.515625,0.96875
12190,-0.5,0.96875
12191,-0.484375,0.96875
12192,-0.46875,0.96875
12193,-0.453125,0.96875
12194,-0.4375,0.96875
12195,-0.421875,0.96875
12196,-0.40625,0.96875
12197,-0.390625,0.96875
12198,-0.375,0.96875
12199,-0.359375,0.96875
12200,-0.34375,0.96875
12201,-0.328125,0.96875
12202,-0.3125,0.96875
12203,-0.296875,0.96875
12204,-0.28125,0.96875
12205,-0.265625,0.96875
12206,-0.25,0.96875
12207,-0.234375,0.96875
12208,-0.21875,0.96875
12209,-0.203125,0.96875
12210,-0.1875,0.96875
12211,-0.171875,0.96875
12212,-0.15625,0.96875
12213,-0.140625,0.96875
12214,-0.125,0.96875
12215,-0.109375,0.96875
12216,-0.09375,0.96875
12217,-0.078125,0.96875
12218,-0.0625,0.96875
12219,-0.046875,0.96875
12220,-0.03125,0.96875
12221,-0.015625,0.96875
12222,0.0,0.96875
12223,0.015625,0.96875
12224,0.03125,0.96875
12225,0.046875,0.96875
12226,0.0625,0.96875
12227,0.078125,0.96875
12228,0.09375,0.96875
12229,0.109375,0.96875
12230,0.125,0.96875
12231,0.140625,0.96875
12232,0.15625,0.96875
12233,0.171875,0.96875
12234,0.1875,0.96875
12235,0.203125,0.96875
12236,0.21875,0.96875
12237,0.234375,0.96875
12238,0.25,0.96875
12239,0.265625,0.96875
12240,0.28125,0.96875
12241,0.296875,0.96875
12242,0.3125,0.96875
12243,0.328125,0.96875
12244,0.34375,0.96875
12245,0.359375,0.96875
12246,0.375,0.96875
12247,0.390625,0.96875
12248,0.40625,0.96875
12249,0.421875,0.96875
12250,0.4375,0.96875
12251,0.453125,0.96875
12252,0.46875,0.96875
12253,0.484375,0.96875
12254,0.5,0.96875
12255,0.515625,0.96875
12256,0.53125,0.96875
12257,0.546875,0.96875
12258,0.5625,0.96875
12259,0.578125,0.96875
12260,0.59375,0.96875
12261,0.609375,0.96875
12262,0.625,0.96875
12263,0.640625,0.96875
12264,0.65625,0.96875
12265,0.671875,0.96875
12266,0.6875,0.96875
12267,0.703125,0.96875
12268,0.71875,0.96875
12269,0.734375,0.96875
12270,0.75,0.96875
12271,0.765625,0.96875
12272,0.78125,0.96875
12273,0.796875,0.96875
12274,0.8125,0.96875
12275,0.828125,0.96875
12276,0.84375,0.96875
12277,0.859375,0.96875
12278,0.875,0.96875
12279,0.890625,0.96875
12280,0.90625,0.96875
12281,0.921875,0.96875
12282,0.9375,0.96875
12283,0.953125,0.96875
12284,0.96875,0.96875
12285,0.984375,0.96875
12286,1.0,0.96875
12287,-1.0,0.984375
12288,-0.984375,0.984375
12289,-0.96875,0.984375
12290,-0.953125,0.984375
12291,-0.9375,0.984375
12292,-0.921875,0.984375
12293,-0.90625,0.984375
12294,-0.890625,0.984375
12295,-0.875,0.984375
12296,-0.859375,0.984375
12297,-0.84375,0.984375
12298,-0.828125,0.984375
12299,-0.8125,0.984375
12300,-0.796875,0.984375
12301,-0.78125,0.984375
12302,-0.765625,0.984375
12303,-0.75,0.984375
12304,-0.734375,0.984375
12305,-0.71875,0.984375
12306,-0.703125,0.984375
12307,-0.6875,0.984375
12308,-0.671875,0.984375
12309,-0.65625,0.984375
12310,-0.640625,0.984375
12311,-0.625,0.984375
12312,-0.609375,0.984375
12313,-0.59375,0.984375
12314,-0.578125,0.984375
12315,-0.5625,0.984375
12316,-0.546875,0.984375
12317,-0.53125,0.984375
12318,-0.515625,0.984375
12319,-0.5,0.984375
12320,-0.484375,0.984375
12321,-0.46875,0.984375
12322,-0.453125,0.984375
12323,-0.4375,0.984375
12324,-0.421875,0.984375
12325,-0.40625,0.984375
12326,-0.390625,0.984375
12327,-0.375,0.984375
12328,-0.359375,0.984375
12329,-0.34375,0.984375
12330,-0.328125,0.984375
12331,-0.3125,0.984375
12332,-0.296875,0.984375
12333,-0.28125,0.984375
12334,-0.265625,0.984375
12335,-0.25,0.984375
12336,-0.234375,0.984375
12337,-0.21875,0.984375
12338,-0.203125,0.984375
12339,-0.1875,0.984375
12340,-0.171875,0.984375
12341,-0.15625,0.984375
12342,-0.140625,0.984375
12343,-0.125,0.984375
12344,-0.109375,0.984375
12345,-0.09375,0.984375
12346,-0.078125,0.984375
12347,-0.0625,0.984375
12348,-0.046875,0.984375
12349,-0.03125,0.984375
12350,-0.015625,0.984375
12351,0.0,0.984375
12352,0.015625,0.984375
12353,0.03125,0.984375
12354,0.046875,0.984375
12355,0.0625,0.984375
12356,0.078125,0.984375
12357,0.09375,0.984375
12358,0.109375,0.984375
12359,0.125,0.984375
12360,0.140625,0.984375
12361,0.15625,0.984375
12362,0.171875,0.984375
12363,0.1875,0.984375
12364,0.203125,0.984375
12365,0.21875,0.984375
12366,0.234375,0.984375
12367,0.25,0.984375
12368,0.265625,0.984375
12369,0.28125,0.984375
12370,0.296875,0.984375
12371,0.3125,0.984375
12372,0.328125,0.984375
12373,0.34375,0.984375
12374,0.359375,0.984375
12375,0.375,0.984375
12376,0.390625,0.984375
12377,0.40625,0.984375
12378,0.421875,0.984375
12379,0.4375,0.984375
12380,0.453125,0.984375
12381,0.46875,0.984375
12382,0.484375,0.984375
12383,0.5,0.984375
12384,0.515625,0.984375
12385,0.53125,0.984375
12386,0.546875,0.984375
12387,0.5625,0.984375
12388,0.578125,0.984375
12389,0.59375,0.984375
12390,0.609375,0.984375
12391,0.625,0.984375
12392,0.640625,0.984375
12393,0.65625,0.984375
12394,0.671875,0.984375
12395,0.6875,0.984375
12396,0.703125,0.984375
12397,0.71875,0.984375
12398,0.734375,0.984375
12399,0.75,0.984375
12400,0.765625,0.984375
12401,0.78125,0.984375
12402,0.796875,0.984375
12403,0.8125,0.984375
12404,0.828125,0.984375
12405,0.84375,0.984375
12406,0.859375,0.984375
12407,0.875,0.984375
12408,0.890625,0.984375
12409,0.90625,0.984375
12410,0.921875,0.984375
12411,0.9375,0.984375
12412,0.953125,0.984375
12413,0.96875,0.984375
12414,0.984375,0.984375
12415,1.0,0.984375
12416,-1.0,1.0
12417,-0.984375,1.0
12418,-0.96875,1.0
12419,-0.953125,1.0
12420,-0.9375,1.0
12421,-0.921875,1.0
12422,-0.90625,1.0
12423,-0.890625,1.0
12424,-0.875,1.0
12425,-0.859375,1.0
12426,-0.84375,1.0
12427,-0.828125,1.0
12428,-0.8125,1.0
12429,-0.796875,1.0
12430,-0.78125,1.0
12431,-0.765625,1.0
12432,-0.75,1.0
12433,-0.734375,1.0
12434,-0.71875,1.0
12435,-0.703125,1.0
12436,-0.6875,1.0
12437,-0.671875,1.0
12438,-0.65625,1.0
12439,-0.640625,1.0
12440,-0.625,1.0
12441,-0.609375,1.0
12442,-0.59375,1.0
12443,-0.578125,1.0
12444,-0.5625,1.0
12445,-0.546875,1.0
12446,-0.53125,1.0
12447,-0.515625,1.0
12448,-0.5,1.0
12449,-0.484375,1.0
12450,-0.46875,1.0
12451,-0.453125,1.0
12452,-0.4375,1.0
12453,-0.421875,1.0
12454,-0.40625,1.0
12455,-0.390625,1.0
12456,-0.375,1.0
12457,-0.359375,1.0
12458,-0.34375,1.0
12459,-0.328125,1.0
12460,-0.3125,1.0
12461,-0.296875,1.0
12462,-0.28125,1.0
12463,-0.265625,1.0
12464,-0.25,1.0
12465,-0.234375,1.0
12466,-0.21875,1.0
12467,-0.203125,1.0
12468,-0.1875,1.0
12469,-0.171875,1.0
12470,-0.15625,1.0
12471,-0.140625,1.0
12472,-0.125,1.0
12473,-0.109375,1.0
12474,-0.09375,1.0
12475,-0.078125,1.0
12476,-0.0625,1.0
12477,-0.046875,1.0
12478,-0.03125,1.0
12479,-0.015625,1.0
12480,0.0,1.0
12481,0.015625,1.0
12482,0.03125,1.0
12483,0.046875,1.0
12484,0.0625,1.0
12485,0.078125,1.0
12486,0.09375,1.0
12487,0.109375,1.0
12488,0.125,1.0
12489,0.140625,1.0
12490,0.15625,1.0
12491,0.171875,1.0
12492,0.1875,1.0
12493,0.203125,1.0
12494,0.21875,1.0
12495,0.234375,1.0
12496,0.25,1.0
12497,0.265625,1.0
12498,0.28125,1.0
12499,0.296875,1.0
12500,0.3125,1.0
12501,0.328125,1.0
12502,0.34375,1.0
12503,0.359375,1.0
12504,0.375,1.0
12505,0.390625,1.0
12506,0.40625,1.0
12507,0.421875,1.0
12508,0.4375,1.0
12509,0.453125,1.0
12510,0.46875,1.0
12511,0.484375,1.0
12512,0.5,1.0
12513,0.515625,1.0
12514,0.53125,1.0
12515,0.546875,1.0
12516,0.5625,1.0
12517,0.578125,1.0
12518,0.59375,1.0
12519,0.609375,1.0
12520,0.625,1.0
12521,0.640625,1.0
12522,0.65625,1.0
12523,0.671875,1.0
12524,0.6875,1.0
12525,0.703125,1.0
12526,0.71875,1.0
12527,0.734375,1.0
12528,0.75,1.0
12529,0.765625,1.0
12530,0.78125,1.0
12531,0.796875,1.0
12532,0.8125,1.0
12533,0.828125,1.0
12534,0.84375,1.0
12535,0.859375,1.0
12536,0.875,1.0
12537,0.890625,1.0
12538,0.90625,1.0
12539,0.921875,1.0
12540,0.9375,1.0
12541,0.953125,1.0
12542,0.96875,1.0
12543,0.984375,1.0
12544,1.0,1.0
