mesh,case,element,i,node,value
fan,constant_zero,0,0,0,0.08333333333333333
fan,constant_zero,0,1,1,0.08333333333333333
fan,constant_zero,0,2,4,0.08333333333333333
fan,constant_zero,1,0,1,0.08333333333333333
fan,constant_zero,1,1,4,0.08333333333333333
fan,constant_zero,1,2,2,0.08333333333333333
fan,constant_zero,2,0,2,0.08333333333333333
fan,constant_zero,2,1,3,0.08333333333333333
fan,constant_zero,2,2,4,0.08333333333333333
fan,constant_zero,3,0,3,0.08333333333333333
fan,constant_zero,3,1,4,0.08333333333333333
fan,constant_zero,3,2,0,0.08333333333333333
fan,constant_lift,0,0,0,0.08333333333333333
fan,constant_lift,0,1,1,0.08333333333333333
fan,constant_lift,0,2,4,0.08333333333333333
fan,constant_lift,1,0,1,0.08333333333333333
fan,constant_lift,1,1,4,0.08333333333333333
fan,constant_lift,1,2,2,0.08333333333333333
fan,constant_lift,2,0,2,0.08333333333333333
fan,constant_lift,2,1,3,0.08333333333333333
fan,constant_lift,2,2,4,0.08333333333333333
fan,constant_lift,3,0,3,0.08333333333333333
fan,constant_lift,3,1,4,0.08333333333333333
fan,constant_lift,3,2,0,0.08333333333333333
fan,affine_patch,0,0,0,0.0
fan,affine_patch,0,1,1,0.0
fan,affine_patch,0,2,4,0.0
fan,affine_patch,1,0,1,0.0
fan,affine_patch,1,1,4,0.0
fan,affine_patch,1,2,2,0.0
fan,affine_patch,2,0,2,0.0
fan,affine_patch,2,1,3,0.0
fan,affine_patch,2,2,4,0.0
fan,affine_patch,3,0,3,0.0
fan,affine_patch,3,1,4,0.0
fan,affine_patch,3,2,0,0.0
fan,linear_source,0,0,0,0.041666666666666664
fan,linear_source,0,1,1,0.0625
fan,linear_source,0,2,4,0.0625
fan,linear_source,1,0,1,0.10416666666666667
fan,linear_source,1,1,4,0.10416666666666667
fan,linear_source,1,2,2,0.125
fan,linear_source,2,0,2,0.125
fan,linear_source,2,1,3,0.10416666666666667
fan,linear_source,2,2,4,0.10416666666666667
fan,linear_source,3,0,3,0.0625
fan,linear_source,3,1,4,0.0625
fan,linear_source,3,2,0,0.041666666666666664
fan,quartic,0,0,0,0.05000000000000002
fan,quartic,0,1,1,0.05000000000000002
fan,quartic,0,2,4,0.06666666666666668
fan,quartic,1,0,1,0.05
fan,quartic,1,1,4,0.06666666666666668
fan,quartic,1,2,2,0.05
fan,quartic,2,0,2,0.05
fan,quartic,2,1,3,0.05
fan,quartic,2,2,4,0.06666666666666668
fan,quartic,3,0,3,0.05000000000000002
fan,quartic,3,1,4,0.06666666666666667
fan,quartic,3,2,0,0.05000000000000002
fan,mixed_affine,0,0,0,0.0
fan,mixed_affine,0,1,1,0.0
fan,mixed_affine,0,2,4,0.0
fan,mixed_affine,1,0,1,0.0
fan,mixed_affine,1,1,4,0.0
fan,mixed_affine,1,2,2,0.0
fan,mixed_affine,2,0,2,0.0
fan,mixed_affine,2,1,3,0.0
fan,mixed_affine,2,2,4,0.0
fan,mixed_affine,3,0,3,0.0
fan,mixed_affine,3,1,4,0.0
fan,mixed_affine,3,2,0,0.0
shifted,constant_zero,0,0,0,0.06666666666666667
shifted,constant_zero,0,1,1,0.06666666666666667
shifted,constant_zero,0,2,4,0.06666666666666667
shifted,constant_zero,1,0,1,0.11111111111111112
shifted,constant_zero,1,1,4,0.11111111111111112
shifted,constant_zero,1,2,2,0.11111111111111112
shifted,constant_zero,2,0,2,0.09999999999999999
shifted,constant_zero,2,1,3,0.09999999999999999
shifted,constant_zero,2,2,4,0.09999999999999999
shifted,constant_zero,3,0,3,0.05555555555555555
shifted,constant_zero,3,1,4,0.05555555555555555
shifted,constant_zero,3,2,0,0.05555555555555555
shifted,constant_lift,0,0,0,0.06666666666666667
shifted,constant_lift,0,1,1,0.06666666666666667
shifted,constant_lift,0,2,4,0.06666666666666667
shifted,constant_lift,1,0,1,0.11111111111111112
shifted,constant_lift,1,1,4,0.11111111111111112
shifted,constant_lift,1,2,2,0.11111111111111112
shifted,constant_lift,2,0,2,0.09999999999999999
shifted,constant_lift,2,1,3,0.09999999999999999
shifted,constant_lift,2,2,4,0.09999999999999999
shifted,constant_lift,3,0,3,0.05555555555555555
shifted,constant_lift,3,1,4,0.05555555555555555
shifted,constant_lift,3,2,0,0.05555555555555555
shifted,affine_patch,0,0,0,0.0
shifted,affine_patch,0,1,1,0.0
shifted,affine_patch,0,2,4,0.0
shifted,affine_patch,1,0,1,0.0
shifted,affine_patch,1,1,4,0.0
shifted,affine_patch,1,2,2,0.0
shifted,affine_patch,2,0,2,0.0
shifted,affine_patch,2,1,3,0.0
shifted,affine_patch,2,2,4,0.0
shifted,affine_patch,3,0,3,0.0
shifted,affine_patch,3,1,4,0.0
shifted,affine_patch,3,2,0,0.0
shifted,linear_source,0,0,0,0.02888888888888889
shifted,linear_source,0,1,1,0.045555555555555564
shifted,linear_source,0,2,4,0.04111111111111112
shifted,linear_source,1,0,1,0.1314814814814815
shifted,linear_source,1,1,4,0.1240740740740741
shifted,linear_source,1,2,2,0.1592592592592593
shifted,linear_source,2,0,2,0.14333333333333334
shifted,linear_source,2,1,3,0.11833333333333333
shifted,linear_source,2,2,4,0.11166666666666668
shifted,linear_source,3,0,3,0.03796296296296296
shifted,linear_source,3,1,4,0.03425925925925926
shifted,linear_source,3,2,0,0.02407407407407407
shifted,quartic,0,0,0,0.036385185185185194
shifted,quartic,0,1,1,0.038607407407407424
shifted,quartic,0,2,4,0.04915555555555556
shifted,quartic,1,0,1,0.07027160493827161
shifted,quartic,1,1,4,0.0937777777777778
shifted,quartic,1,2,2,0.07249382716049385
shifted,quartic,2,0,2,0.06391111111111111
shifted,quartic,2,1,3,0.06057777777777777
shifted,quartic,2,2,4,0.08173333333333332
shifted,quartic,3,0,3,0.030691358024691365
shifted,quartic,3,1,4,0.03948148148148149
shifted,quartic,3,2,0,0.029580246913580258
shifted,mixed_affine,0,0,0,0.0
shifted,mixed_affine,0,1,1,0.0
shifted,mixed_affine,0,2,4,0.0
shifted,mixed_affine,1,0,1,0.0
shifted,mixed_affine,1,1,4,0.0
shifted,mixed_affine,1,2,2,0.0
shifted,mixed_affine,2,0,2,0.0
shifted,mixed_affine,2,1,3,0.0
shifted,mixed_affine,2,2,4,0.0
shifted,mixed_affine,3,0,3,0.0
shifted,mixed_affine,3,1,4,0.0
shifted,mixed_affine,3,2,0,0.0
grid2,constant_zero,0,0,0,0.041666666666666664
grid2,constant_zero,0,1,1,0.041666666666666664
grid2,constant_zero,0,2,4,0.041666666666666664
grid2,constant_zero,1,0,0,0.041666666666666664
grid2,constant_zero,1,1,3,0.041666666666666664
grid2,constant_zero,1,2,4,0.041666666666666664
grid2,constant_zero,2,0,1,0.041666666666666664
grid2,constant_zero,2,1,2,0.041666666666666664
grid2,constant_zero,2,2,5,0.041666666666666664
grid2,constant_zero,3,0,1,0.041666666666666664
grid2,constant_zero,3,1,4,0.041666666666666664
grid2,constant_zero,3,2,5,0.041666666666666664
grid2,constant_zero,4,0,3,0.041666666666666664
grid2,constant_zero,4,1,4,0.041666666666666664
grid2,constant_zero,4,2,7,0.041666666666666664
grid2,constant_zero,5,0,3,0.041666666666666664
grid2,constant_zero,5,1,6,0.041666666666666664
grid2,constant_zero,5,2,7,0.041666666666666664
grid2,constant_zero,6,0,4,0.041666666666666664
grid2,constant_zero,6,1,5,0.041666666666666664
grid2,constant_zero,6,2,8,0.041666666666666664
grid2,constant_zero,7,0,4,0.041666666666666664
grid2,constant_zero,7,1,7,0.041666666666666664
grid2,constant_zero,7,2,8,0.041666666666666664
grid2,constant_lift,0,0,0,0.041666666666666664
grid2,constant_lift,0,1,1,0.041666666666666664
grid2,constant_lift,0,2,4,0.041666666666666664
grid2,constant_lift,1,0,0,0.041666666666666664
grid2,constant_lift,1,1,3,0.041666666666666664
grid2,constant_lift,1,2,4,0.041666666666666664
grid2,constant_lift,2,0,1,0.041666666666666664
grid2,constant_lift,2,1,2,0.041666666666666664
grid2,constant_lift,2,2,5,0.041666666666666664
grid2,constant_lift,3,0,1,0.041666666666666664
grid2,constant_lift,3,1,4,0.041666666666666664
grid2,constant_lift,3,2,5,0.041666666666666664
grid2,constant_lift,4,0,3,0.041666666666666664
grid2,constant_lift,4,1,4,0.041666666666666664
grid2,constant_lift,4,2,7,0.041666666666666664
grid2,constant_lift,5,0,3,0.041666666666666664
grid2,constant_lift,5,1,6,0.041666666666666664
grid2,constant_lift,5,2,7,0.041666666666666664
grid2,constant_lift,6,0,4,0.041666666666666664
grid2,constant_lift,6,1,5,0.041666666666666664
grid2,constant_lift,6,2,8,0.041666666666666664
grid2,constant_lift,7,0,4,0.041666666666666664
grid2,constant_lift,7,1,7,0.041666666666666664
grid2,constant_lift,7,2,8,0.041666666666666664
grid2,affine_patch,0,0,0,0.0
grid2,affine_patch,0,1,1,0.0
grid2,affine_patch,0,2,4,0.0
grid2,affine_patch,1,0,0,0.0
grid2,affine_patch,1,1,3,0.0
grid2,affine_patch,1,2,4,0.0
grid2,affine_patch,2,0,1,0.0
grid2,affine_patch,2,1,2,0.0
grid2,affine_patch,2,2,5,0.0
grid2,affine_patch,3,0,1,0.0
grid2,affine_patch,3,1,4,0.0
grid2,affine_patch,3,2,5,0.0
grid2,affine_patch,4,0,3,0.0
grid2,affine_patch,4,1,4,0.0
grid2,affine_patch,4,2,7,0.0
grid2,affine_patch,5,0,3,0.0
grid2,affine_patch,5,1,6,0.0
grid2,affine_patch,5,2,7,0.0
grid2,affine_patch,6,0,4,0.0
grid2,affine_patch,6,1,5,0.0
grid2,affine_patch,6,2,8,0.0
grid2,affine_patch,7,0,4,0.0
grid2,affine_patch,7,1,7,0.0
grid2,affine_patch,7,2,8,0.0
grid2,linear_source,0,0,0,0.015625
grid2,linear_source,0,1,1,0.020833333333333332
grid2,linear_source,0,2,4,0.026041666666666668
grid2,linear_source,1,0,0,0.015625
grid2,linear_source,1,1,3,0.020833333333333332
grid2,linear_source,1,2,4,0.026041666666666668
grid2,linear_source,2,0,1,0.036458333333333336
grid2,linear_source,2,1,2,0.041666666666666664
grid2,linear_source,2,2,5,0.046875
grid2,linear_source,3,0,1,0.036458333333333336
grid2,linear_source,3,1,4,0.041666666666666664
grid2,linear_source,3,2,5,0.046875
grid2,linear_source,4,0,3,0.036458333333333336
grid2,linear_source,4,1,4,0.041666666666666664
grid2,linear_source,4,2,7,0.046875
grid2,linear_source,5,0,3,0.036458333333333336
grid2,linear_source,5,1,6,0.041666666666666664
grid2,linear_source,5,2,7,0.046875
grid2,linear_source,6,0,4,0.057291666666666664
grid2,linear_source,6,1,5,0.0625
grid2,linear_source,6,2,8,0.06770833333333333
grid2,linear_source,7,0,4,0.057291666666666664
grid2,linear_source,7,1,7,0.0625
grid2,linear_source,7,2,8,0.06770833333333333
grid2,quartic,0,0,0,0.02291666666666667
grid2,quartic,0,1,1,0.027083333333333334
grid2,quartic,0,2,4,0.03333333333333333
grid2,quartic,1,0,0,0.02291666666666667
grid2,quartic,1,1,3,0.027083333333333334
grid2,quartic,1,2,4,0.03333333333333333
grid2,quartic,2,0,1,0.02291666666666667
grid2,quartic,2,1,2,0.016666666666666663
grid2,quartic,2,2,5,0.02291666666666667
grid2,quartic,3,0,1,0.03333333333333334
grid2,quartic,3,1,4,0.037500000000000006
grid2,quartic,3,2,5,0.03333333333333334
grid2,quartic,4,0,3,0.03333333333333334
grid2,quartic,4,1,4,0.037500000000000006
grid2,quartic,4,2,7,0.03333333333333334
grid2,quartic,5,0,3,0.02291666666666667
grid2,quartic,5,1,6,0.016666666666666663
grid2,quartic,5,2,7,0.02291666666666667
grid2,quartic,6,0,4,0.03333333333333333
grid2,quartic,6,1,5,0.027083333333333327
grid2,quartic,6,2,8,0.02291666666666666
grid2,quartic,7,0,4,0.03333333333333333
grid2,quartic,7,1,7,0.027083333333333327
grid2,quartic,7,2,8,0.02291666666666666
grid2,mixed_affine,0,0,0,0.0
grid2,mixed_affine,0,1,1,0.0
grid2,mixed_affine,0,2,4,0.0
grid2,mixed_affine,1,0,0,0.0
grid2,mixed_affine,1,1,3,0.0
grid2,mixed_affine,1,2,4,0.0
grid2,mixed_affine,2,0,1,0.0
grid2,mixed_affine,2,1,2,0.0
grid2,mixed_affine,2,2,5,0.0
grid2,mixed_affine,3,0,1,0.0
grid2,mixed_affine,3,1,4,0.0
grid2,mixed_affine,3,2,5,0.0
grid2,mixed_affine,4,0,3,0.0
grid2,mixed_affine,4,1,4,0.0
grid2,mixed_affine,4,2,7,0.0
grid2,mixed_affine,5,0,3,0.0
grid2,mixed_affine,5,1,6,0.0
grid2,mixed_affine,5,2,7,0.0
grid2,mixed_affine,6,0,4,0.0
grid2,mixed_affine,6,1,5,0.0
grid2,mixed_affine,6,2,8,0.0
grid2,mixed_affine,7,0,4,0.0
grid2,mixed_affine,7,1,7,0.0
grid2,mixed_affine,7,2,8,0.0
grid4,constant_zero,0,0,0,0.010416666666666666
grid4,constant_zero,0,1,1,0.010416666666666666
grid4,constant_zero,0,2,6,0.010416666666666666
grid4,constant_zero,1,0,0,0.010416666666666666
grid4,constant_zero,1,1,5,0.010416666666666666
grid4,constant_zero,1,2,6,0.010416666666666666
grid4,constant_zero,2,0,1,0.010416666666666666
grid4,constant_zero,2,1,2,0.010416666666666666
grid4,constant_zero,2,2,7,0.010416666666666666
grid4,constant_zero,3,0,1,0.010416666666666666
grid4,constant_zero,3,1,6,0.010416666666666666
grid4,constant_zero,3,2,7,0.010416666666666666
grid4,constant_zero,4,0,2,0.010416666666666666
grid4,constant_zero,4,1,3,0.010416666666666666
grid4,constant_zero,4,2,8,0.010416666666666666
grid4,constant_zero,5,0,2,0.010416666666666666
grid4,constant_zero,5,1,7,0.010416666666666666
grid4,constant_zero,5,2,8,0.010416666666666666
grid4,constant_zero,6,0,3,0.010416666666666666
grid4,constant_zero,6,1,4,0.010416666666666666
grid4,constant_zero,6,2,9,0.010416666666666666
grid4,constant_zero,7,0,3,0.010416666666666666
grid4,constant_zero,7,1,8,0.010416666666666666
grid4,constant_zero,7,2,9,0.010416666666666666
grid4,constant_zero,8,0,5,0.010416666666666666
grid4,constant_zero,8,1,6,0.010416666666666666
grid4,constant_zero,8,2,11,0.010416666666666666
grid4,constant_zero,9,0,5,0.010416666666666666
grid4,constant_zero,9,1,10,0.010416666666666666
grid4,constant_zero,9,2,11,0.010416666666666666
grid4,constant_zero,10,0,6,0.010416666666666666
grid4,constant_zero,10,1,7,0.010416666666666666
grid4,constant_zero,10,2,12,0.010416666666666666
grid4,constant_zero,11,0,6,0.010416666666666666
grid4,constant_zero,11,1,11,0.010416666666666666
grid4,constant_zero,11,2,12,0.010416666666666666
grid4,constant_zero,12,0,7,0.010416666666666666
grid4,constant_zero,12,1,8,0.010416666666666666
grid4,constant_zero,12,2,13,0.010416666666666666
grid4,constant_zero,13,0,7,0.010416666666666666
grid4,constant_zero,13,1,12,0.010416666666666666
grid4,constant_zero,13,2,13,0.010416666666666666
grid4,constant_zero,14,0,8,0.010416666666666666
grid4,constant_zero,14,1,9,0.010416666666666666
grid4,constant_zero,14,2,14,0.010416666666666666
grid4,constant_zero,15,0,8,0.010416666666666666
grid4,constant_zero,15,1,13,0.010416666666666666
grid4,constant_zero,15,2,14,0.010416666666666666
grid4,constant_zero,16,0,10,0.010416666666666666
grid4,constant_zero,16,1,11,0.010416666666666666
grid4,constant_zero,16,2,16,0.010416666666666666
grid4,constant_zero,17,0,10,0.010416666666666666
grid4,constant_zero,17,1,15,0.010416666666666666
grid4,constant_zero,17,2,16,0.010416666666666666
grid4,constant_zero,18,0,11,0.010416666666666666
grid4,constant_zero,18,1,12,0.010416666666666666
grid4,constant_zero,18,2,17,0.010416666666666666
grid4,constant_zero,19,0,11,0.010416666666666666
grid4,constant_zero,19,1,16,0.010416666666666666
grid4,constant_zero,19,2,17,0.010416666666666666
grid4,constant_zero,20,0,12,0.010416666666666666
grid4,constant_zero,20,1,13,0.010416666666666666
grid4,constant_zero,20,2,18,0.010416666666666666
grid4,constant_zero,21,0,12,0.010416666666666666
grid4,constant_zero,21,1,17,0.010416666666666666
grid4,constant_zero,21,2,18,0.010416666666666666
grid4,constant_zero,22,0,13,0.010416666666666666
grid4,constant_zero,22,1,14,0.010416666666666666
grid4,constant_zero,22,2,19,0.010416666666666666
grid4,constant_zero,23,0,13,0.010416666666666666
grid4,constant_zero,23,1,18,0.010416666666666666
grid4,constant_zero,23,2,19,0.010416666666666666
grid4,constant_zero,24,0,15,0.010416666666666666
grid4,constant_zero,24,1,16,0.010416666666666666
grid4,constant_zero,24,2,21,0.010416666666666666
grid4,constant_zero,25,0,15,0.010416666666666666
grid4,constant_zero,25,1,20,0.010416666666666666
grid4,constant_zero,25,2,21,0.010416666666666666
grid4,constant_zero,26,0,16,0.010416666666666666
grid4,constant_zero,26,1,17,0.010416666666666666
grid4,constant_zero,26,2,22,0.010416666666666666
grid4,constant_zero,27,0,16,0.010416666666666666
grid4,constant_zero,27,1,21,0.010416666666666666
grid4,constant_zero,27,2,22,0.010416666666666666
grid4,constant_zero,28,0,17,0.010416666666666666
grid4,constant_zero,28,1,18,0.010416666666666666
grid4,constant_zero,28,2,23,0.010416666666666666
grid4,constant_zero,29,0,17,0.010416666666666666
grid4,constant_zero,29,1,22,0.010416666666666666
grid4,constant_zero,29,2,23,0.010416666666666666
grid4,constant_zero,30,0,18,0.010416666666666666
grid4,constant_zero,30,1,19,0.010416666666666666
grid4,constant_zero,30,2,24,0.010416666666666666
grid4,constant_zero,31,0,18,0.010416666666666666
grid4,constant_zero,31,1,23,0.010416666666666666
grid4,constant_zero,31,2,24,0.010416666666666666
grid4,constant_lift,0,0,0,0.010416666666666666
grid4,constant_lift,0,1,1,0.010416666666666666
grid4,constant_lift,0,2,6,0.010416666666666666
grid4,constant_lift,1,0,0,0.010416666666666666
grid4,constant_lift,1,1,5,0.010416666666666666
grid4,constant_lift,1,2,6,0.010416666666666666
grid4,constant_lift,2,0,1,0.010416666666666666
grid4,constant_lift,2,1,2,0.010416666666666666
grid4,constant_lift,2,2,7,0.010416666666666666
grid4,constant_lift,3,0,1,0.010416666666666666
grid4,constant_lift,3,1,6,0.010416666666666666
grid4,constant_lift,3,2,7,0.010416666666666666
grid4,constant_lift,4,0,2,0.010416666666666666
grid4,constant_lift,4,1,3,0.010416666666666666
grid4,constant_lift,4,2,8,0.010416666666666666
grid4,constant_lift,5,0,2,0.010416666666666666
grid4,constant_lift,5,1,7,0.010416666666666666
grid4,constant_lift,5,2,8,0.010416666666666666
grid4,constant_lift,6,0,3,0.010416666666666666
grid4,constant_lift,6,1,4,0.010416666666666666
grid4,constant_lift,6,2,9,0.010416666666666666
grid4,constant_lift,7,0,3,0.010416666666666666
grid4,constant_lift,7,1,8,0.010416666666666666
grid4,constant_lift,7,2,9,0.010416666666666666
grid4,constant_lift,8,0,5,0.010416666666666666
grid4,constant_lift,8,1,6,0.010416666666666666
grid4,constant_lift,8,2,11,0.010416666666666666
grid4,constant_lift,9,0,5,0.010416666666666666
grid4,constant_lift,9,1,10,0.010416666666666666
grid4,constant_lift,9,2,11,0.010416666666666666
grid4,constant_lift,10,0,6,0.010416666666666666
grid4,constant_lift,10,1,7,0.010416666666666666
grid4,constant_lift,10,2,12,0.010416666666666666
grid4,constant_lift,11,0,6,0.010416666666666666
grid4,constant_lift,11,1,11,0.010416666666666666
grid4,constant_lift,11,2,12,0.010416666666666666
grid4,constant_lift,12,0,7,0.010416666666666666
grid4,constant_lift,12,1,8,0.010416666666666666
grid4,constant_lift,12,2,13,0.010416666666666666
grid4,constant_lift,13,0,7,0.010416666666666666
grid4,constant_lift,13,1,12,0.010416666666666666
grid4,constant_lift,13,2,13,0.010416666666666666
grid4,constant_lift,14,0,8,0.010416666666666666
grid4,constant_lift,14,1,9,0.010416666666666666
grid4,constant_lift,14,2,14,0.010416666666666666
grid4,constant_lift,15,0,8,0.010416666666666666
grid4,constant_lift,15,1,13,0.010416666666666666
grid4,constant_lift,15,2,14,0.010416666666666666
grid4,constant_lift,16,0,10,0.010416666666666666
grid4,constant_lift,16,1,11,0.010416666666666666
grid4,constant_lift,16,2,16,0.010416666666666666
grid4,constant_lift,17,0,10,0.010416666666666666
grid4,constant_lift,17,1,15,0.010416666666666666
grid4,constant_lift,17,2,16,0.010416666666666666
grid4,constant_lift,18,0,11,0.010416666666666666
grid4,constant_lift,18,1,12,0.010416666666666666
grid4,constant_lift,18,2,17,0.010416666666666666
grid4,constant_lift,19,0,11,0.010416666666666666
grid4,constant_lift,19,1,16,0.010416666666666666
grid4,constant_lift,19,2,17,0.010416666666666666
grid4,constant_lift,20,0,12,0.010416666666666666
grid4,constant_lift,20,1,13,0.010416666666666666
grid4,constant_lift,20,2,18,0.010416666666666666
grid4,constant_lift,21,0,12,0.010416666666666666
grid4,constant_lift,21,1,17,0.010416666666666666
grid4,constant_lift,21,2,18,0.010416666666666666
grid4,constant_lift,22,0,13,0.010416666666666666
grid4,constant_lift,22,1,14,0.010416666666666666
grid4,constant_lift,22,2,19,0.010416666666666666
grid4,constant_lift,23,0,13,0.010416666666666666
grid4,constant_lift,23,1,18,0.010416666666666666
grid4,constant_lift,23,2,19,0.010416666666666666
grid4,constant_lift,24,0,15,0.010416666666666666
grid4,constant_lift,24,1,16,0.010416666666666666
grid4,constant_lift,24,2,21,0.010416666666666666
grid4,constant_lift,25,0,15,0.010416666666666666
grid4,constant_lift,25,1,20,0.010416666666666666
grid4,constant_lift,25,2,21,0.010416666666666666
grid4,constant_lift,26,0,16,0.010416666666666666
grid4,constant_lift,26,1,17,0.010416666666666666
grid4,constant_lift,26,2,22,0.010416666666666666
grid4,constant_lift,27,0,16,0.010416666666666666
grid4,constant_lift,27,1,21,0.010416666666666666
grid4,constant_lift,27,2,22,0.010416666666666666
grid4,constant_lift,28,0,17,0.010416666666666666
grid4,constant_lift,28,1,18,0.010416666666666666
grid4,constant_lift,28,2,23,0.010416666666666666
grid4,constant_lift,29,0,17,0.010416666666666666
grid4,constant_lift,29,1,22,0.010416666666666666
grid4,constant_lift,29,2,23,0.010416666666666666
grid4,constant_lift,30,0,18,0.010416666666666666
grid4,constant_lift,30,1,19,0.010416666666666666
grid4,constant_lift,30,2,24,0.010416666666666666
grid4,constant_lift,31,0,18,0.010416666666666666
grid4,constant_lift,31,1,23,0.010416666666666666
grid4,constant_lift,31,2,24,0.010416666666666666
grid4,affine_patch,0,0,0,0.0
grid4,affine_patch,0,1,1,0.0
grid4,affine_patch,0,2,6,0.0
grid4,affine_patch,1,0,0,0.0
grid4,affine_patch,1,1,5,0.0
grid4,affine_patch,1,2,6,0.0
grid4,affine_patch,2,0,1,0.0
grid4,affine_patch,2,1,2,0.0
grid4,affine_patch,2,2,7,0.0
grid4,affine_patch,3,0,1,0.0
grid4,affine_patch,3,1,6,0.0
grid4,affine_patch,3,2,7,0.0
grid4,affine_patch,4,0,2,0.0
grid4,affine_patch,4,1,3,0.0
grid4,affine_patch,4,2,8,0.0
grid4,affine_patch,5,0,2,0.0
grid4,affine_patch,5,1,7,0.0
grid4,affine_patch,5,2,8,0.0
grid4,affine_patch,6,0,3,0.0
grid4,affine_patch,6,1,4,0.0
grid4,affine_patch,6,2,9,0.0
grid4,affine_patch,7,0,3,0.0
grid4,affine_patch,7,1,8,0.0
grid4,affine_patch,7,2,9,0.0
grid4,affine_patch,8,0,5,0.0
grid4,affine_patch,8,1,6,0.0
grid4,affine_patch,8,2,11,0.0
grid4,affine_patch,9,0,5,0.0
grid4,affine_patch,9,1,10,0.0
grid4,affine_patch,9,2,11,0.0
grid4,affine_patch,10,0,6,0.0
grid4,affine_patch,10,1,7,0.0
grid4,affine_patch,10,2,12,0.0
grid4,affine_patch,11,0,6,0.0
grid4,affine_patch,11,1,11,0.0
grid4,affine_patch,11,2,12,0.0
grid4,affine_patch,12,0,7,0.0
grid4,affine_patch,12,1,8,0.0
grid4,affine_patch,12,2,13,0.0
grid4,affine_patch,13,0,7,0.0
grid4,affine_patch,13,1,12,0.0
grid4,affine_patch,13,2,13,0.0
grid4,affine_patch,14,0,8,0.0
grid4,affine_patch,14,1,9,0.0
grid4,affine_patch,14,2,14,0.0
grid4,affine_patch,15,0,8,0.0
grid4,affine_patch,15,1,13,0.0
grid4,affine_patch,15,2,14,0.0
grid4,affine_patch,16,0,10,0.0
grid4,affine_patch,16,1,11,0.0
grid4,affine_patch,16,2,16,0.0
grid4,affine_patch,17,0,10,0.0
grid4,affine_patch,17,1,15,0.0
grid4,affine_patch,17,2,16,0.0
grid4,affine_patch,18,0,11,0.0
grid4,affine_patch,18,1,12,0.0
grid4,affine_patch,18,2,17,0.0
grid4,affine_patch,19,0,11,0.0
grid4,affine_patch,19,1,16,0.0
grid4,affine_patch,19,2,17,0.0
grid4,affine_patch,20,0,12,0.0
grid4,affine_patch,20,1,13,0.0
grid4,affine_patch,20,2,18,0.0
grid4,affine_patch,21,0,12,0.0
grid4,affine_patch,21,1,17,0.0
grid4,affine_patch,21,2,18,0.0
grid4,affine_patch,22,0,13,0.0
grid4,affine_patch,22,1,14,0.0
grid4,affine_patch,22,2,19,0.0
grid4,affine_patch,23,0,13,0.0
grid4,affine_patch,23,1,18,0.0
grid4,affine_patch,23,2,19,0.0
grid4,affine_patch,24,0,15,0.0
grid4,affine_patch,24,1,16,0.0
grid4,affine_patch,24,2,21,0.0
grid4,affine_patch,25,0,15,0.0
grid4,affine_patch,25,1,20,0.0
grid4,affine_patch,25,2,21,0.0
grid4,affine_patch,26,0,16,0.0
grid4,affine_patch,26,1,17,0.0
grid4,affine_patch,26,2,22,0.0
grid4,affine_patch,27,0,16,0.0
grid4,affine_patch,27,1,21,0.0
grid4,affine_patch,27,2,22,0.0
grid4,affine_patch,28,0,17,0.0
grid4,affine_patch,28,1,18,0.0
grid4,affine_patch,28,2,23,0.0
grid4,affine_patch,29,0,17,0.0
grid4,affine_patch,29,1,22,0.0
grid4,affine_patch,29,2,23,0.0
grid4,affine_patch,30,0,18,0.0
grid4,affine_patch,30,1,19,0.0
grid4,affine_patch,30,2,24,0.0
grid4,affine_patch,31,0,18,0.0
grid4,affine_patch,31,1,23,0.0
grid4,affine_patch,31,2,24,0.0
grid4,linear_source,0,0,0,0.001953125
grid4,linear_source,0,1,1,0.0026041666666666665
grid4,linear_source,0,2,6,0.0032552083333333335
grid4,linear_source,1,0,0,0.001953125
grid4,linear_source,1,1,5,0.0026041666666666665
grid4,linear_source,1,2,6,0.0032552083333333335
grid4,linear_source,2,0,1,0.004557291666666667
grid4,linear_source,2,1,2,0.005208333333333333
grid4,linear_source,2,2,7,0.005859375
grid4,linear_source,3,0,1,0.004557291666666667
grid4,linear_source,3,1,6,0.005208333333333333
grid4,linear_source,3,2,7,0.005859375
grid4,linear_source,4,0,2,0.007161458333333333
grid4,linear_source,4,1,3,0.0078125
grid4,linear_source,4,2,8,0.008463541666666666
grid4,linear_source,5,0,2,0.007161458333333333
grid4,linear_source,5,1,7,0.0078125
grid4,linear_source,5,2,8,0.008463541666666666
grid4,linear_source,6,0,3,0.009765625
grid4,linear_source,6,1,4,0.010416666666666666
grid4,linear_source,6,2,9,0.011067708333333334
grid4,linear_source,7,0,3,0.009765625
grid4,linear_source,7,1,8,0.010416666666666666
grid4,linear_source,7,2,9,0.011067708333333334
grid4,linear_source,8,0,5,0.004557291666666667
grid4,linear_source,8,1,6,0.005208333333333333
grid4,linear_source,8,2,11,0.005859375
grid4,linear_source,9,0,5,0.004557291666666667
grid4,linear_source,9,1,10,0.005208333333333333
grid4,linear_source,9,2,11,0.005859375
grid4,linear_source,10,0,6,0.007161458333333333
grid4,linear_source,10,1,7,0.0078125
grid4,linear_source,10,2,12,0.008463541666666666
grid4,linear_source,11,0,6,0.007161458333333333
grid4,linear_source,11,1,11,0.0078125
grid4,linear_source,11,2,12,0.008463541666666666
grid4,linear_source,12,0,7,0.009765625
grid4,linear_source,12,1,8,0.010416666666666666
grid4,linear_source,12,2,13,0.011067708333333334
grid4,linear_source,13,0,7,0.009765625
grid4,linear_source,13,1,12,0.010416666666666666
grid4,linear_source,13,2,13,0.011067708333333334
grid4,linear_source,14,0,8,0.012369791666666666
grid4,linear_source,14,1,9,0.013020833333333334
grid4,linear_source,14,2,14,0.013671875
grid4,linear_source,15,0,8,0.012369791666666666
grid4,linear_source,15,1,13,0.013020833333333334
grid4,linear_source,15,2,14,0.013671875
grid4,linear_source,16,0,10,0.007161458333333333
grid4,linear_source,16,1,11,0.0078125
grid4,linear_source,16,2,16,0.008463541666666666
grid4,linear_source,17,0,10,0.007161458333333333
grid4,linear_source,17,1,15,0.0078125
grid4,linear_source,17,2,16,0.008463541666666666
grid4,linear_source,18,0,11,0.009765625
grid4,linear_source,18,1,12,0.010416666666666666
grid4,linear_source,18,2,17,0.011067708333333334
grid4,linear_source,19,0,11,0.009765625
grid4,linear_source,19,1,16,0.010416666666666666
grid4,linear_source,19,2,17,0.011067708333333334
grid4,linear_source,20,0,12,0.012369791666666666
grid4,linear_source,20,1,13,0.013020833333333334
grid4,linear_source,20,2,18,0.013671875
grid4,linear_source,21,0,12,0.012369791666666666
grid4,linear_source,21,1,17,0.013020833333333334
grid4,linear_source,21,2,18,0.013671875
grid4,linear_source,22,0,13,0.014973958333333334
grid4,linear_source,22,1,14,0.015625
grid4,linear_source,22,2,19,0.016276041666666668
grid4,linear_source,23,0,13,0.014973958333333334
grid4,linear_source,23,1,18,0.015625
grid4,linear_source,23,2,19,0.016276041666666668
grid4,linear_source,24,0,15,0.009765625
grid4,linear_source,24,1,16,0.010416666666666666
grid4,linear_source,24,2,21,0.011067708333333334
grid4,linear_source,25,0,15,0.009765625
grid4,linear_source,25,1,20,0.010416666666666666
grid4,linear_source,25,2,21,0.011067708333333334
grid4,linear_source,26,0,16,0.012369791666666666
grid4,linear_source,26,1,17,0.013020833333333334
grid4,linear_source,26,2,22,0.013671875
grid4,linear_source,27,0,16,0.012369791666666666
grid4,linear_source,27,1,21,0.013020833333333334
grid4,linear_source,27,2,22,0.013671875
grid4,linear_source,28,0,17,0.014973958333333334
grid4,linear_source,28,1,18,0.015625
grid4,linear_source,28,2,23,0.016276041666666668
grid4,linear_source,29,0,17,0.014973958333333334
grid4,linear_source,29,1,22,0.015625
grid4,linear_source,29,2,23,0.016276041666666668
grid4,linear_source,30,0,18,0.017578125
grid4,linear_source,30,1,19,0.018229166666666668
grid4,linear_source,30,2,24,0.018880208333333332
grid4,linear_source,31,0,18,0.017578125
grid4,linear_source,31,1,23,0.018229166666666668
grid4,linear_source,31,2,24,0.018880208333333332
grid4,quartic,0,0,0,0.0033854166666666685
grid4,quartic,0,1,1,0.004296875000000001
grid4,quartic,0,2,6,0.0053385416666666685
grid4,quartic,1,0,0,0.0033854166666666685
grid4,quartic,1,1,5,0.004296875000000001
grid4,quartic,1,2,6,0.0053385416666666685
grid4,quartic,2,0,1,0.005989583333333333
grid4,quartic,2,1,2,0.006250000000000001
grid4,quartic,2,2,7,0.007291666666666668
grid4,quartic,3,0,1,0.006640625000000001
grid4,quartic,3,1,6,0.007552083333333334
grid4,quartic,3,2,7,0.007942708333333335
grid4,quartic,4,0,2,0.005989583333333335
grid4,quartic,4,1,3,0.005598958333333334
grid4,quartic,4,2,8,0.0066406250000000016
grid4,quartic,5,0,2,0.0072916666666666685
grid4,quartic,5,1,7,0.008203125
grid4,quartic,5,2,8,0.007942708333333336
grid4,quartic,6,0,3,0.0033854166666666668
grid4,quartic,6,1,4,0.002343750000000001
grid4,quartic,6,2,9,0.003385416666666668
grid4,quartic,7,0,3,0.005338541666666667
grid4,quartic,7,1,8,0.00625
grid4,quartic,7,2,9,0.005338541666666667
grid4,quartic,8,0,5,0.006640625000000001
grid4,quartic,8,1,6,0.007552083333333334
grid4,quartic,8,2,11,0.007942708333333335
grid4,quartic,9,0,5,0.005989583333333333
grid4,quartic,9,1,10,0.006250000000000001
grid4,quartic,9,2,11,0.007291666666666668
grid4,quartic,10,0,6,0.009244791666666669
grid4,quartic,10,1,7,0.009505208333333334
grid4,quartic,10,2,12,0.009895833333333336
grid4,quartic,11,0,6,0.009244791666666669
grid4,quartic,11,1,11,0.009505208333333334
grid4,quartic,11,2,12,0.009895833333333336
grid4,quartic,12,0,7,0.009244791666666669
grid4,quartic,12,1,8,0.008854166666666668
grid4,quartic,12,2,13,0.009244791666666669
grid4,quartic,13,0,7,0.009895833333333335
grid4,quartic,13,1,12,0.010156250000000002
grid4,quartic,13,2,13,0.009895833333333336
grid4,quartic,14,0,8,0.0066406250000000016
grid4,quartic,14,1,9,0.005598958333333335
grid4,quartic,14,2,14,0.005989583333333335
grid4,quartic,15,0,8,0.007942708333333333
grid4,quartic,15,1,13,0.008203125
grid4,quartic,15,2,14,0.007291666666666667
grid4,quartic,16,0,10,0.0072916666666666685
grid4,quartic,16,1,11,0.008203125
grid4,quartic,16,2,16,0.007942708333333336
grid4,quartic,17,0,10,0.005989583333333335
grid4,quartic,17,1,15,0.005598958333333334
grid4,quartic,17,2,16,0.0066406250000000016
grid4,quartic,18,0,11,0.009895833333333335
grid4,quartic,18,1,12,0.010156250000000002
grid4,quartic,18,2,17,0.009895833333333336
grid4,quartic,19,0,11,0.009244791666666669
grid4,quartic,19,1,16,0.008854166666666668
grid4,quartic,19,2,17,0.009244791666666669
grid4,quartic,20,0,12,0.009895833333333335
grid4,quartic,20,1,13,0.009505208333333334
grid4,quartic,20,2,18,0.009244791666666669
grid4,quartic,21,0,12,0.009895833333333335
grid4,quartic,21,1,17,0.009505208333333334
grid4,quartic,21,2,18,0.009244791666666669
grid4,quartic,22,0,13,0.007291666666666667
grid4,quartic,22,1,14,0.00625
grid4,quartic,22,2,19,0.005989583333333335
grid4,quartic,23,0,13,0.007942708333333333
grid4,quartic,23,1,18,0.007552083333333333
grid4,quartic,23,2,19,0.006640625
grid4,quartic,24,0,15,0.005338541666666667
grid4,quartic,24,1,16,0.00625
grid4,quartic,24,2,21,0.005338541666666667
grid4,quartic,25,0,15,0.0033854166666666668
grid4,quartic,25,1,20,0.002343750000000001
grid4,quartic,25,2,21,0.003385416666666668
grid4,quartic,26,0,16,0.007942708333333333
grid4,quartic,26,1,17,0.008203125
grid4,quartic,26,2,22,0.007291666666666667
grid4,quartic,27,0,16,0.0066406250000000016
grid4,quartic,27,1,21,0.005598958333333335
grid4,quartic,27,2,22,0.005989583333333335
grid4,quartic,28,0,17,0.007942708333333333
grid4,quartic,28,1,18,0.007552083333333333
grid4,quartic,28,2,23,0.006640625
grid4,quartic,29,0,17,0.007291666666666667
grid4,quartic,29,1,22,0.00625
grid4,quartic,29,2,23,0.005989583333333335
grid4,quartic,30,0,18,0.005338541666666666
grid4,quartic,30,1,19,0.0042968749999999995
grid4,quartic,30,2,24,0.0033854166666666668
grid4,quartic,31,0,18,0.005338541666666666
grid4,quartic,31,1,23,0.0042968749999999995
grid4,quartic,31,2,24,0.0033854166666666668
grid4,mixed_affine,0,0,0,0.0
grid4,mixed_affine,0,1,1,0.0
grid4,mixed_affine,0,2,6,0.0
grid4,mixed_affine,1,0,0,0.0
grid4,mixed_affine,1,1,5,0.0
grid4,mixed_affine,1,2,6,0.0
grid4,mixed_affine,2,0,1,0.0
grid4,mixed_affine,2,1,2,0.0
grid4,mixed_affine,2,2,7,0.0
grid4,mixed_affine,3,0,1,0.0
grid4,mixed_affine,3,1,6,0.0
grid4,mixed_affine,3,2,7,0.0
grid4,mixed_affine,4,0,2,0.0
grid4,mixed_affine,4,1,3,0.0
grid4,mixed_affine,4,2,8,0.0
grid4,mixed_affine,5,0,2,0.0
grid4,mixed_affine,5,1,7,0.0
grid4,mixed_affine,5,2,8,0.0
grid4,mixed_affine,6,0,3,0.0
grid4,mixed_affine,6,1,4,0.0
grid4,mixed_affine,6,2,9,0.0
grid4,mixed_affine,7,0,3,0.0
grid4,mixed_affine,7,1,8,0.0
grid4,mixed_affine,7,2,9,0.0
grid4,mixed_affine,8,0,5,0.0
grid4,mixed_affine,8,1,6,0.0
grid4,mixed_affine,8,2,11,0.0
grid4,mixed_affine,9,0,5,0.0
grid4,mixed_affine,9,1,10,0.0
grid4,mixed_affine,9,2,11,0.0
grid4,mixed_affine,10,0,6,0.0
grid4,mixed_affine,10,1,7,0.0
grid4,mixed_affine,10,2,12,0.0
grid4,mixed_affine,11,0,6,0.0
grid4,mixed_affine,11,1,11,0.0
grid4,mixed_affine,11,2,12,0.0
grid4,mixed_affine,12,0,7,0.0
grid4,mixed_affine,12,1,8,0.0
grid4,mixed_affine,12,2,13,0.0
grid4,mixed_affine,13,0,7,0.0
grid4,mixed_affine,13,1,12,0.0
grid4,mixed_affine,13,2,13,0.0
grid4,mixed_affine,14,0,8,0.0
grid4,mixed_affine,14,1,9,0.0
grid4,mixed_affine,14,2,14,0.0
grid4,mixed_affine,15,0,8,0.0
grid4,mixed_affine,15,1,13,0.0
grid4,mixed_affine,15,2,14,0.0
grid4,mixed_affine,16,0,10,0.0
grid4,mixed_affine,16,1,11,0.0
grid4,mixed_affine,16,2,16,0.0
grid4,mixed_affine,17,0,10,0.0
grid4,mixed_affine,17,1,15,0.0
grid4,mixed_affine,17,2,16,0.0
grid4,mixed_affine,18,0,11,0.0
grid4,mixed_affine,18,1,12,0.0
grid4,mixed_affine,18,2,17,0.0
grid4,mixed_affine,19,0,11,0.0
grid4,mixed_affine,19,1,16,0.0
grid4,mixed_affine,19,2,17,0.0
grid4,mixed_affine,20,0,12,0.0
grid4,mixed_affine,20,1,13,0.0
grid4,mixed_affine,20,2,18,0.0
grid4,mixed_affine,21,0,12,0.0
grid4,mixed_affine,21,1,17,0.0
grid4,mixed_affine,21,2,18,0.0
grid4,mixed_affine,22,0,13,0.0
grid4,mixed_affine,22,1,14,0.0
grid4,mixed_affine,22,2,19,0.0
grid4,mixed_affine,23,0,13,0.0
grid4,mixed_affine,23,1,18,0.0
grid4,mixed_affine,23,2,19,0.0
grid4,mixed_affine,24,0,15,0.0
grid4,mixed_affine,24,1,16,0.0
grid4,mixed_affine,24,2,21,0.0
grid4,mixed_affine,25,0,15,0.0
grid4,mixed_affine,25,1,20,0.0
grid4,mixed_affine,25,2,21,0.0
grid4,mixed_affine,26,0,16,0.0
grid4,mixed_affine,26,1,17,0.0
grid4,mixed_affine,26,2,22,0.0
grid4,mixed_affine,27,0,16,0.0
grid4,mixed_affine,27,1,21,0.0
grid4,mixed_affine,27,2,22,0.0
grid4,mixed_affine,28,0,17,0.0
grid4,mixed_affine,28,1,18,0.0
grid4,mixed_affine,28,2,23,0.0
grid4,mixed_affine,29,0,17,0.0
grid4,mixed_affine,29,1,22,0.0
grid4,mixed_affine,29,2,23,0.0
grid4,mixed_affine,30,0,18,0.0
grid4,mixed_affine,30,1,19,0.0
grid4,mixed_affine,30,2,24,0.0
grid4,mixed_affine,31,0,18,0.0
grid4,mixed_affine,31,1,23,0.0
grid4,mixed_affine,31,2,24,0.0
grid8,constant_zero,0,0,0,0.0026041666666666665
grid8,constant_zero,0,1,1,0.0026041666666666665
grid8,constant_zero,0,2,10,0.0026041666666666665
grid8,constant_zero,1,0,0,0.0026041666666666665
grid8,constant_zero,1,1,9,0.0026041666666666665
grid8,constant_zero,1,2,10,0.0026041666666666665
grid8,constant_zero,2,0,1,0.0026041666666666665
grid8,constant_zero,2,1,2,0.0026041666666666665
grid8,constant_zero,2,2,11,0.0026041666666666665
grid8,constant_zero,3,0,1,0.0026041666666666665
grid8,constant_zero,3,1,10,0.0026041666666666665
grid8,constant_zero,3,2,11,0.0026041666666666665
grid8,constant_zero,4,0,2,0.0026041666666666665
grid8,constant_zero,4,1,3,0.0026041666666666665
grid8,constant_zero,4,2,12,0.0026041666666666665
grid8,constant_zero,5,0,2,0.0026041666666666665
grid8,constant_zero,5,1,11,0.0026041666666666665
grid8,constant_zero,5,2,12,0.0026041666666666665
grid8,constant_zero,6,0,3,0.0026041666666666665
grid8,constant_zero,6,1,4,0.0026041666666666665
grid8,constant_zero,6,2,13,0.0026041666666666665
grid8,constant_zero,7,0,3,0.0026041666666666665
grid8,constant_zero,7,1,12,0.0026041666666666665
grid8,constant_zero,7,2,13,0.0026041666666666665
grid8,constant_zero,8,0,4,0.0026041666666666665
grid8,constant_zero,8,1,5,0.0026041666666666665
grid8,constant_zero,8,2,14,0.0026041666666666665
grid8,constant_zero,9,0,4,0.0026041666666666665
grid8,constant_zero,9,1,13,0.0026041666666666665
grid8,constant_zero,9,2,14,0.0026041666666666665
grid8,constant_zero,10,0,5,0.0026041666666666665
grid8,constant_zero,10,1,6,0.0026041666666666665
grid8,constant_zero,10,2,15,0.0026041666666666665
grid8,constant_zero,11,0,5,0.0026041666666666665
grid8,constant_zero,11,1,14,0.0026041666666666665
grid8,constant_zero,11,2,15,0.0026041666666666665
grid8,constant_zero,12,0,6,0.0026041666666666665
grid8,constant_zero,12,1,7,0.0026041666666666665
grid8,constant_zero,12,2,16,0.0026041666666666665
grid8,constant_zero,13,0,6,0.0026041666666666665
grid8,constant_zero,13,1,15,0.0026041666666666665
grid8,constant_zero,13,2,16,0.0026041666666666665
grid8,constant_zero,14,0,7,0.0026041666666666665
grid8,constant_zero,14,1,8,0.0026041666666666665
grid8,constant_zero,14,2,17,0.0026041666666666665
grid8,constant_zero,15,0,7,0.0026041666666666665
grid8,constant_zero,15,1,16,0.0026041666666666665
grid8,constant_zero,15,2,17,0.0026041666666666665
grid8,constant_zero,16,0,9,0.0026041666666666665
grid8,constant_zero,16,1,10,0.0026041666666666665
grid8,constant_zero,16,2,19,0.0026041666666666665
grid8,constant_zero,17,0,9,0.0026041666666666665
grid8,constant_zero,17,1,18,0.0026041666666666665
grid8,constant_zero,17,2,19,0.0026041666666666665
grid8,constant_zero,18,0,10,0.0026041666666666665
grid8,constant_zero,18,1,11,0.0026041666666666665
grid8,constant_zero,18,2,20,0.0026041666666666665
grid8,constant_zero,19,0,10,0.0026041666666666665
grid8,constant_zero,19,1,19,0.0026041666666666665
grid8,constant_zero,19,2,20,0.0026041666666666665
grid8,constant_zero,20,0,11,0.0026041666666666665
grid8,constant_zero,20,1,12,0.0026041666666666665
grid8,constant_zero,20,2,21,0.0026041666666666665
grid8,constant_zero,21,0,11,0.0026041666666666665
grid8,constant_zero,21,1,20,0.0026041666666666665
grid8,constant_zero,21,2,21,0.0026041666666666665
grid8,constant_zero,22,0,12,0.0026041666666666665
grid8,constant_zero,22,1,13,0.0026041666666666665
grid8,constant_zero,22,2,22,0.0026041666666666665
grid8,constant_zero,23,0,12,0.0026041666666666665
grid8,constant_zero,23,1,21,0.0026041666666666665
grid8,constant_zero,23,2,22,0.0026041666666666665
grid8,constant_zero,24,0,13,0.0026041666666666665
grid8,constant_zero,24,1,14,0.0026041666666666665
grid8,constant_zero,24,2,23,0.0026041666666666665
grid8,constant_zero,25,0,13,0.0026041666666666665
grid8,constant_zero,25,1,22,0.0026041666666666665
grid8,constant_zero,25,2,23,0.0026041666666666665
grid8,constant_zero,26,0,14,0.0026041666666666665
grid8,constant_zero,26,1,15,0.0026041666666666665
grid8,constant_zero,26,2,24,0.0026041666666666665
grid8,constant_zero,27,0,14,0.0026041666666666665
grid8,constant_zero,27,1,23,0.0026041666666666665
grid8,constant_zero,27,2,24,0.0026041666666666665
grid8,constant_zero,28,0,15,0.0026041666666666665
grid8,constant_zero,28,1,16,0.0026041666666666665
grid8,constant_zero,28,2,25,0.0026041666666666665
grid8,constant_zero,29,0,15,0.0026041666666666665
grid8,constant_zero,29,1,24,0.0026041666666666665
grid8,constant_zero,29,2,25,0.0026041666666666665
grid8,constant_zero,30,0,16,0.0026041666666666665
grid8,constant_zero,30,1,17,0.0026041666666666665
grid8,constant_zero,30,2,26,0.0026041666666666665
grid8,constant_zero,31,0,16,0.0026041666666666665
grid8,constant_zero,31,1,25,0.0026041666666666665
grid8,constant_zero,31,2,26,0.0026041666666666665
grid8,constant_zero,32,0,18,0.0026041666666666665
grid8,constant_zero,32,1,19,0.0026041666666666665
grid8,constant_zero,32,2,28,0.0026041666666666665
grid8,constant_zero,33,0,18,0.0026041666666666665
grid8,constant_zero,33,1,27,0.0026041666666666665
grid8,constant_zero,33,2,28,0.0026041666666666665
grid8,constant_zero,34,0,19,0.0026041666666666665
grid8,constant_zero,34,1,20,0.0026041666666666665
grid8,constant_zero,34,2,29,0.0026041666666666665
grid8,constant_zero,35,0,19,0.0026041666666666665
grid8,constant_zero,35,1,28,0.0026041666666666665
grid8,constant_zero,35,2,29,0.0026041666666666665
grid8,constant_zero,36,0,20,0.0026041666666666665
grid8,constant_zero,36,1,21,0.0026041666666666665
grid8,constant_zero,36,2,30,0.0026041666666666665
grid8,constant_zero,37,0,20,0.0026041666666666665
grid8,constant_zero,37,1,29,0.0026041666666666665
grid8,constant_zero,37,2,30,0.0026041666666666665
grid8,constant_zero,38,0,21,0.0026041666666666665
grid8,constant_zero,38,1,22,0.0026041666666666665
grid8,constant_zero,38,2,31,0.0026041666666666665
grid8,constant_zero,39,0,21,0.0026041666666666665
grid8,constant_zero,39,1,30,0.0026041666666666665
grid8,constant_zero,39,2,31,0.0026041666666666665
grid8,constant_zero,40,0,22,0.0026041666666666665
grid8,constant_zero,40,1,23,0.0026041666666666665
grid8,constant_zero,40,2,32,0.0026041666666666665
grid8,constant_zero,41,0,22,0.0026041666666666665
grid8,constant_zero,41,1,31,0.0026041666666666665
grid8,constant_zero,41,2,32,0.0026041666666666665
grid8,constant_zero,42,0,23,0.0026041666666666665
grid8,constant_zero,42,1,24,0.0026041666666666665
grid8,constant_zero,42,2,33,0.0026041666666666665
grid8,constant_zero,43,0,23,0.0026041666666666665
grid8,constant_zero,43,1,32,0.0026041666666666665
grid8,constant_zero,43,2,33,0.0026041666666666665
grid8,constant_zero,44,0,24,0.0026041666666666665
grid8,constant_zero,44,1,25,0.0026041666666666665
grid8,constant_zero,44,2,34,0.0026041666666666665
grid8,constant_zero,45,0,24,0.0026041666666666665
grid8,constant_zero,45,1,33,0.0026041666666666665
grid8,constant_zero,45,2,34,0.0026041666666666665
grid8,constant_zero,46,0,25,0.0026041666666666665
grid8,constant_zero,46,1,26,0.0026041666666666665
grid8,constant_zero,46,2,35,0.0026041666666666665
grid8,constant_zero,47,0,25,0.0026041666666666665
grid8,constant_zero,47,1,34,0.0026041666666666665
grid8,constant_zero,47,2,35,0.0026041666666666665
grid8,constant_zero,48,0,27,0.0026041666666666665
grid8,constant_zero,48,1,28,0.0026041666666666665
grid8,constant_zero,48,2,37,0.0026041666666666665
grid8,constant_zero,49,0,27,0.0026041666666666665
grid8,constant_zero,49,1,36,0.0026041666666666665
grid8,constant_zero,49,2,37,0.0026041666666666665
grid8,constant_zero,50,0,28,0.0026041666666666665
grid8,constant_zero,50,1,29,0.0026041666666666665
grid8,constant_zero,50,2,38,0.0026041666666666665
grid8,constant_zero,51,0,28,0.0026041666666666665
grid8,constant_zero,51,1,37,0.0026041666666666665
grid8,constant_zero,51,2,38,0.0026041666666666665
grid8,constant_zero,52,0,29,0.0026041666666666665
grid8,constant_zero,52,1,30,0.0026041666666666665
grid8,constant_zero,52,2,39,0.0026041666666666665
grid8,constant_zero,53,0,29,0.0026041666666666665
grid8,constant_zero,53,1,38,0.0026041666666666665
grid8,constant_zero,53,2,39,0.0026041666666666665
grid8,constant_zero,54,0,30,0.0026041666666666665
grid8,constant_zero,54,1,31,0.0026041666666666665
grid8,constant_zero,54,2,40,0.0026041666666666665
grid8,constant_zero,55,0,30,0.0026041666666666665
grid8,constant_zero,55,1,39,0.0026041666666666665
grid8,constant_zero,55,2,40,0.0026041666666666665
grid8,constant_zero,56,0,31,0.0026041666666666665
grid8,constant_zero,56,1,32,0.0026041666666666665
grid8,constant_zero,56,2,41,0.0026041666666666665
grid8,constant_zero,57,0,31,0.0026041666666666665
grid8,constant_zero,57,1,40,0.0026041666666666665
grid8,constant_zero,57,2,41,0.0026041666666666665
grid8,constant_zero,58,0,32,0.0026041666666666665
grid8,constant_zero,58,1,33,0.0026041666666666665
grid8,constant_zero,58,2,42,0.0026041666666666665
grid8,constant_zero,59,0,32,0.0026041666666666665
grid8,constant_zero,59,1,41,0.0026041666666666665
grid8,constant_zero,59,2,42,0.0026041666666666665
grid8,constant_zero,60,0,33,0.0026041666666666665
grid8,constant_zero,60,1,34,0.0026041666666666665
grid8,constant_zero,60,2,43,0.0026041666666666665
grid8,constant_zero,61,0,33,0.0026041666666666665
grid8,constant_zero,61,1,42,0.0026041666666666665
grid8,constant_zero,61,2,43,0.0026041666666666665
grid8,constant_zero,62,0,34,0.0026041666666666665
grid8,constant_zero,62,1,35,0.0026041666666666665
grid8,constant_zero,62,2,44,0.0026041666666666665
grid8,constant_zero,63,0,34,0.0026041666666666665
grid8,constant_zero,63,1,43,0.0026041666666666665
grid8,constant_zero,63,2,44,0.0026041666666666665
grid8,constant_zero,64,0,36,0.0026041666666666665
grid8,constant_zero,64,1,37,0.0026041666666666665
grid8,constant_zero,64,2,46,0.0026041666666666665
grid8,constant_zero,65,0,36,0.0026041666666666665
grid8,constant_zero,65,1,45,0.0026041666666666665
grid8,constant_zero,65,2,46,0.0026041666666666665
grid8,constant_zero,66,0,37,0.0026041666666666665
grid8,constant_zero,66,1,38,0.0026041666666666665
grid8,constant_zero,66,2,47,0.0026041666666666665
grid8,constant_zero,67,0,37,0.0026041666666666665
grid8,constant_zero,67,1,46,0.0026041666666666665
grid8,constant_zero,67,2,47,0.0026041666666666665
grid8,constant_zero,68,0,38,0.0026041666666666665
grid8,constant_zero,68,1,39,0.0026041666666666665
grid8,constant_zero,68,2,48,0.0026041666666666665
grid8,constant_zero,69,0,38,0.0026041666666666665
grid8,constant_zero,69,1,47,0.0026041666666666665
grid8,constant_zero,69,2,48,0.0026041666666666665
grid8,constant_zero,70,0,39,0.0026041666666666665
grid8,constant_zero,70,1,40,0.0026041666666666665
grid8,constant_zero,70,2,49,0.0026041666666666665
grid8,constant_zero,71,0,39,0.0026041666666666665
grid8,constant_zero,71,1,48,0.0026041666666666665
grid8,constant_zero,71,2,49,0.0026041666666666665
grid8,constant_zero,72,0,40,0.0026041666666666665
grid8,constant_zero,72,1,41,0.0026041666666666665
grid8,constant_zero,72,2,50,0.0026041666666666665
grid8,constant_zero,73,0,40,0.0026041666666666665
grid8,constant_zero,73,1,49,0.0026041666666666665
grid8,constant_zero,73,2,50,0.0026041666666666665
grid8,constant_zero,74,0,41,0.0026041666666666665
grid8,constant_zero,74,1,42,0.0026041666666666665
grid8,constant_zero,74,2,51,0.0026041666666666665
grid8,constant_zero,75,0,41,0.0026041666666666665
grid8,constant_zero,75,1,50,0.0026041666666666665
grid8,constant_zero,75,2,51,0.0026041666666666665
grid8,constant_zero,76,0,42,0.0026041666666666665
grid8,constant_zero,76,1,43,0.0026041666666666665
grid8,constant_zero,76,2,52,0.0026041666666666665
grid8,constant_zero,77,0,42,0.0026041666666666665
grid8,constant_zero,77,1,51,0.0026041666666666665
grid8,constant_zero,77,2,52,0.0026041666666666665
grid8,constant_zero,78,0,43,0.0026041666666666665
grid8,constant_zero,78,1,44,0.0026041666666666665
grid8,constant_zero,78,2,53,0.0026041666666666665
grid8,constant_zero,79,0,43,0.0026041666666666665
grid8,constant_zero,79,1,52,0.0026041666666666665
grid8,constant_zero,79,2,53,0.0026041666666666665
grid8,constant_zero,80,0,45,0.0026041666666666665
grid8,constant_zero,80,1,46,0.0026041666666666665
grid8,constant_zero,80,2,55,0.0026041666666666665
grid8,constant_zero,81,0,45,0.0026041666666666665
grid8,constant_zero,81,1,54,0.0026041666666666665
grid8,constant_zero,81,2,55,0.0026041666666666665
grid8,constant_zero,82,0,46,0.0026041666666666665
grid8,constant_zero,82,1,47,0.0026041666666666665
grid8,constant_zero,82,2,56,0.0026041666666666665
grid8,constant_zero,83,0,46,0.0026041666666666665
grid8,constant_zero,83,1,55,0.0026041666666666665
grid8,constant_zero,83,2,56,0.0026041666666666665
grid8,constant_zero,84,0,47,0.0026041666666666665
grid8,constant_zero,84,1,48,0.0026041666666666665
grid8,constant_zero,84,2,57,0.0026041666666666665
grid8,constant_zero,85,0,47,0.0026041666666666665
grid8,constant_zero,85,1,56,0.0026041666666666665
grid8,constant_zero,85,2,57,0.0026041666666666665
grid8,constant_zero,86,0,48,0.0026041666666666665
grid8,constant_zero,86,1,49,0.0026041666666666665
grid8,constant_zero,86,2,58,0.0026041666666666665
grid8,constant_zero,87,0,48,0.0026041666666666665
grid8,constant_zero,87,1,57,0.0026041666666666665
grid8,constant_zero,87,2,58,0.0026041666666666665
grid8,constant_zero,88,0,49,0.0026041666666666665
grid8,constant_zero,88,1,50,0.0026041666666666665
grid8,constant_zero,88,2,59,0.0026041666666666665
grid8,constant_zero,89,0,49,0.0026041666666666665
grid8,constant_zero,89,1,58,0.0026041666666666665
grid8,constant_zero,89,2,59,0.0026041666666666665
grid8,constant_zero,90,0,50,0.0026041666666666665
grid8,constant_zero,90,1,51,0.0026041666666666665
grid8,constant_zero,90,2,60,0.0026041666666666665
grid8,constant_zero,91,0,50,0.0026041666666666665
grid8,constant_zero,91,1,59,0.0026041666666666665
grid8,constant_zero,91,2,60,0.0026041666666666665
grid8,constant_zero,92,0,51,0.0026041666666666665
grid8,constant_zero,92,1,52,0.0026041666666666665
grid8,constant_zero,92,2,61,0.0026041666666666665
grid8,constant_zero,93,0,51,0.0026041666666666665
grid8,constant_zero,93,1,60,0.0026041666666666665
grid8,constant_zero,93,2,61,0.0026041666666666665
grid8,constant_zero,94,0,52,0.0026041666666666665
grid8,constant_zero,94,1,53,0.0026041666666666665
grid8,constant_zero,94,2,62,0.0026041666666666665
grid8,constant_zero,95,0,52,0.0026041666666666665
grid8,constant_zero,95,1,61,0.0026041666666666665
grid8,constant_zero,95,2,62,0.0026041666666666665
grid8,constant_zero,96,0,54,0.0026041666666666665
grid8,constant_zero,96,1,55,0.0026041666666666665
grid8,constant_zero,96,2,64,0.0026041666666666665
grid8,constant_zero,97,0,54,0.0026041666666666665
grid8,constant_zero,97,1,63,0.0026041666666666665
grid8,constant_zero,97,2,64,0.0026041666666666665
grid8,constant_zero,98,0,55,0.0026041666666666665
grid8,constant_zero,98,1,56,0.0026041666666666665
grid8,constant_zero,98,2,65,0.0026041666666666665
grid8,constant_zero,99,0,55,0.0026041666666666665
grid8,constant_zero,99,1,64,0.0026041666666666665
grid8,constant_zero,99,2,65,0.0026041666666666665
grid8,constant_zero,100,0,56,0.0026041666666666665
grid8,constant_zero,100,1,57,0.0026041666666666665
grid8,constant_zero,100,2,66,0.0026041666666666665
grid8,constant_zero,101,0,56,0.0026041666666666665
grid8,constant_zero,101,1,65,0.0026041666666666665
grid8,constant_zero,101,2,66,0.0026041666666666665
grid8,constant_zero,102,0,57,0.0026041666666666665
grid8,constant_zero,102,1,58,0.0026041666666666665
grid8,constant_zero,102,2,67,0.0026041666666666665
grid8,constant_zero,103,0,57,0.0026041666666666665
grid8,constant_zero,103,1,66,0.0026041666666666665
grid8,constant_zero,103,2,67,0.0026041666666666665
grid8,constant_zero,104,0,58,0.0026041666666666665
grid8,constant_zero,104,1,59,0.0026041666666666665
grid8,constant_zero,104,2,68,0.0026041666666666665
grid8,constant_zero,105,0,58,0.0026041666666666665
grid8,constant_zero,105,1,67,0.0026041666666666665
grid8,constant_zero,105,2,68,0.0026041666666666665
grid8,constant_zero,106,0,59,0.0026041666666666665
grid8,constant_zero,106,1,60,0.0026041666666666665
grid8,constant_zero,106,2,69,0.0026041666666666665
grid8,constant_zero,107,0,59,0.0026041666666666665
grid8,constant_zero,107,1,68,0.0026041666666666665
grid8,constant_zero,107,2,69,0.0026041666666666665
grid8,constant_zero,108,0,60,0.0026041666666666665
grid8,constant_zero,108,1,61,0.0026041666666666665
grid8,constant_zero,108,2,70,0.0026041666666666665
grid8,constant_zero,109,0,60,0.0026041666666666665
grid8,constant_zero,109,1,69,0.0026041666666666665
grid8,constant_zero,109,2,70,0.0026041666666666665
grid8,constant_zero,110,0,61,0.0026041666666666665
grid8,constant_zero,110,1,62,0.0026041666666666665
grid8,constant_zero,110,2,71,0.0026041666666666665
grid8,constant_zero,111,0,61,0.0026041666666666665
grid8,constant_zero,111,1,70,0.0026041666666666665
grid8,constant_zero,111,2,71,0.0026041666666666665
grid8,constant_zero,112,0,63,0.0026041666666666665
grid8,constant_zero,112,1,64,0.0026041666666666665
grid8,constant_zero,112,2,73,0.0026041666666666665
grid8,constant_zero,113,0,63,0.0026041666666666665
grid8,constant_zero,113,1,72,0.0026041666666666665
grid8,constant_zero,113,2,73,0.0026041666666666665
grid8,constant_zero,114,0,64,0.0026041666666666665
grid8,constant_zero,114,1,65,0.0026041666666666665
grid8,constant_zero,114,2,74,0.0026041666666666665
grid8,constant_zero,115,0,64,0.0026041666666666665
grid8,constant_zero,115,1,73,0.0026041666666666665
grid8,constant_zero,115,2,74,0.0026041666666666665
grid8,constant_zero,116,0,65,0.0026041666666666665
grid8,constant_zero,116,1,66,0.0026041666666666665
grid8,constant_zero,116,2,75,0.0026041666666666665
grid8,constant_zero,117,0,65,0.0026041666666666665
grid8,constant_zero,117,1,74,0.0026041666666666665
grid8,constant_zero,117,2,75,0.0026041666666666665
grid8,constant_zero,118,0,66,0.0026041666666666665
grid8,constant_zero,118,1,67,0.0026041666666666665
grid8,constant_zero,118,2,76,0.0026041666666666665
grid8,constant_zero,119,0,66,0.0026041666666666665
grid8,constant_zero,119,1,75,0.0026041666666666665
grid8,constant_zero,119,2,76,0.0026041666666666665
grid8,constant_zero,120,0,67,0.0026041666666666665
grid8,constant_zero,120,1,68,0.0026041666666666665
grid8,constant_zero,120,2,77,0.0026041666666666665
grid8,constant_zero,121,0,67,0.0026041666666666665
grid8,constant_zero,121,1,76,0.0026041666666666665
grid8,constant_zero,121,2,77,0.0026041666666666665
grid8,constant_zero,122,0,68,0.0026041666666666665
grid8,constant_zero,122,1,69,0.0026041666666666665
grid8,constant_zero,122,2,78,0.0026041666666666665
grid8,constant_zero,123,0,68,0.0026041666666666665
grid8,constant_zero,123,1,77,0.0026041666666666665
grid8,constant_zero,123,2,78,0.0026041666666666665
grid8,constant_zero,124,0,69,0.0026041666666666665
grid8,constant_zero,124,1,70,0.0026041666666666665
grid8,constant_zero,124,2,79,0.0026041666666666665
grid8,constant_zero,125,0,69,0.0026041666666666665
grid8,constant_zero,125,1,78,0.0026041666666666665
grid8,constant_zero,125,2,79,0.0026041666666666665
grid8,constant_zero,126,0,70,0.0026041666666666665
grid8,constant_zero,126,1,71,0.0026041666666666665
grid8,constant_zero,126,2,80,0.0026041666666666665
grid8,constant_zero,127,0,70,0.0026041666666666665
grid8,constant_zero,127,1,79,0.0026041666666666665
grid8,constant_zero,127,2,80,0.0026041666666666665
grid8,constant_lift,0,0,0,0.0026041666666666665
grid8,constant_lift,0,1,1,0.0026041666666666665
grid8,constant_lift,0,2,10,0.0026041666666666665
grid8,constant_lift,1,0,0,0.0026041666666666665
grid8,constant_lift,1,1,9,0.0026041666666666665
grid8,constant_lift,1,2,10,0.0026041666666666665
grid8,constant_lift,2,0,1,0.0026041666666666665
grid8,constant_lift,2,1,2,0.0026041666666666665
grid8,constant_lift,2,2,11,0.0026041666666666665
grid8,constant_lift,3,0,1,0.0026041666666666665
grid8,constant_lift,3,1,10,0.0026041666666666665
grid8,constant_lift,3,2,11,0.0026041666666666665
grid8,constant_lift,4,0,2,0.0026041666666666665
grid8,constant_lift,4,1,3,0.0026041666666666665
grid8,constant_lift,4,2,12,0.0026041666666666665
grid8,constant_lift,5,0,2,0.0026041666666666665
grid8,constant_lift,5,1,11,0.0026041666666666665
grid8,constant_lift,5,2,12,0.0026041666666666665
grid8,constant_lift,6,0,3,0.0026041666666666665
grid8,constant_lift,6,1,4,0.0026041666666666665
grid8,constant_lift,6,2,13,0.0026041666666666665
grid8,constant_lift,7,0,3,0.0026041666666666665
grid8,constant_lift,7,1,12,0.0026041666666666665
grid8,constant_lift,7,2,13,0.0026041666666666665
grid8,constant_lift,8,0,4,0.0026041666666666665
grid8,constant_lift,8,1,5,0.0026041666666666665
grid8,constant_lift,8,2,14,0.0026041666666666665
grid8,constant_lift,9,0,4,0.0026041666666666665
grid8,constant_lift,9,1,13,0.0026041666666666665
grid8,constant_lift,9,2,14,0.0026041666666666665
grid8,constant_lift,10,0,5,0.0026041666666666665
grid8,constant_lift,10,1,6,0.0026041666666666665
grid8,constant_lift,10,2,15,0.0026041666666666665
grid8,constant_lift,11,0,5,0.0026041666666666665
grid8,constant_lift,11,1,14,0.0026041666666666665
grid8,constant_lift,11,2,15,0.0026041666666666665
grid8,constant_lift,12,0,6,0.0026041666666666665
grid8,constant_lift,12,1,7,0.0026041666666666665
grid8,constant_lift,12,2,16,0.0026041666666666665
grid8,constant_lift,13,0,6,0.0026041666666666665
grid8,constant_lift,13,1,15,0.0026041666666666665
grid8,constant_lift,13,2,16,0.0026041666666666665
grid8,constant_lift,14,0,7,0.0026041666666666665
grid8,constant_lift,14,1,8,0.0026041666666666665
grid8,constant_lift,14,2,17,0.0026041666666666665
grid8,constant_lift,15,0,7,0.0026041666666666665
grid8,constant_lift,15,1,16,0.0026041666666666665
grid8,constant_lift,15,2,17,0.0026041666666666665
grid8,constant_lift,16,0,9,0.0026041666666666665
grid8,constant_lift,16,1,10,0.0026041666666666665
grid8,constant_lift,16,2,19,0.0026041666666666665
grid8,constant_lift,17,0,9,0.0026041666666666665
grid8,constant_lift,17,1,18,0.0026041666666666665
grid8,constant_lift,17,2,19,0.0026041666666666665
grid8,constant_lift,18,0,10,0.0026041666666666665
grid8,constant_lift,18,1,11,0.0026041666666666665
grid8,constant_lift,18,2,20,0.0026041666666666665
grid8,constant_lift,19,0,10,0.0026041666666666665
grid8,constant_lift,19,1,19,0.0026041666666666665
grid8,constant_lift,19,2,20,0.0026041666666666665
grid8,constant_lift,20,0,11,0.0026041666666666665
grid8,constant_lift,20,1,12,0.0026041666666666665
grid8,constant_lift,20,2,21,0.0026041666666666665
grid8,constant_lift,21,0,11,0.0026041666666666665
grid8,constant_lift,21,1,20,0.0026041666666666665
grid8,constant_lift,21,2,21,0.0026041666666666665
grid8,constant_lift,22,0,12,0.0026041666666666665
grid8,constant_lift,22,1,13,0.0026041666666666665
grid8,constant_lift,22,2,22,0.0026041666666666665
grid8,constant_lift,23,0,12,0.0026041666666666665
grid8,constant_lift,23,1,21,0.0026041666666666665
grid8,constant_lift,23,2,22,0.0026041666666666665
grid8,constant_lift,24,0,13,0.0026041666666666665
grid8,constant_lift,24,1,14,0.0026041666666666665
grid8,constant_lift,24,2,23,0.0026041666666666665
grid8,constant_lift,25,0,13,0.0026041666666666665
grid8,constant_lift,25,1,22,0.0026041666666666665
grid8,constant_lift,25,2,23,0.0026041666666666665
grid8,constant_lift,26,0,14,0.0026041666666666665
grid8,constant_lift,26,1,15,0.0026041666666666665
grid8,constant_lift,26,2,24,0.0026041666666666665
grid8,constant_lift,27,0,14,0.0026041666666666665
grid8,constant_lift,27,1,23,0.0026041666666666665
grid8,constant_lift,27,2,24,0.0026041666666666665
grid8,constant_lift,28,0,15,0.0026041666666666665
grid8,constant_lift,28,1,16,0.0026041666666666665
grid8,constant_lift,28,2,25,0.0026041666666666665
grid8,constant_lift,29,0,15,0.0026041666666666665
grid8,constant_lift,29,1,24,0.0026041666666666665
grid8,constant_lift,29,2,25,0.0026041666666666665
grid8,constant_lift,30,0,16,0.0026041666666666665
grid8,constant_lift,30,1,17,0.0026041666666666665
grid8,constant_lift,30,2,26,0.0026041666666666665
grid8,constant_lift,31,0,16,0.0026041666666666665
grid8,constant_lift,31,1,25,0.0026041666666666665
grid8,constant_lift,31,2,26,0.0026041666666666665
grid8,constant_lift,32,0,18,0.0026041666666666665
grid8,constant_lift,32,1,19,0.0026041666666666665
grid8,constant_lift,32,2,28,0.0026041666666666665
grid8,constant_lift,33,0,18,0.0026041666666666665
grid8,constant_lift,33,1,27,0.0026041666666666665
grid8,constant_lift,33,2,28,0.0026041666666666665
grid8,constant_lift,34,0,19,0.0026041666666666665
grid8,constant_lift,34,1,20,0.0026041666666666665
grid8,constant_lift,34,2,29,0.0026041666666666665
grid8,constant_lift,35,0,19,0.0026041666666666665
grid8,constant_lift,35,1,28,0.0026041666666666665
grid8,constant_lift,35,2,29,0.0026041666666666665
grid8,constant_lift,36,0,20,0.0026041666666666665
grid8,constant_lift,36,1,21,0.0026041666666666665
grid8,constant_lift,36,2,30,0.0026041666666666665
grid8,constant_lift,37,0,20,0.0026041666666666665
grid8,constant_lift,37,1,29,0.0026041666666666665
grid8,constant_lift,37,2,30,0.0026041666666666665
grid8,constant_lift,38,0,21,0.0026041666666666665
grid8,constant_lift,38,1,22,0.0026041666666666665
grid8,constant_lift,38,2,31,0.0026041666666666665
grid8,constant_lift,39,0,21,0.0026041666666666665
grid8,constant_lift,39,1,30,0.0026041666666666665
grid8,constant_lift,39,2,31,0.0026041666666666665
grid8,constant_lift,40,0,22,0.0026041666666666665
grid8,constant_lift,40,1,23,0.0026041666666666665
grid8,constant_lift,40,2,32,0.0026041666666666665
grid8,constant_lift,41,0,22,0.0026041666666666665
grid8,constant_lift,41,1,31,0.0026041666666666665
grid8,constant_lift,41,2,32,0.0026041666666666665
grid8,constant_lift,42,0,23,0.0026041666666666665
grid8,constant_lift,42,1,24,0.0026041666666666665
grid8,constant_lift,42,2,33,0.0026041666666666665
grid8,constant_lift,43,0,23,0.0026041666666666665
grid8,constant_lift,43,1,32,0.0026041666666666665
grid8,constant_lift,43,2,33,0.0026041666666666665
grid8,constant_lift,44,0,24,0.0026041666666666665
grid8,constant_lift,44,1,25,0.0026041666666666665
grid8,constant_lift,44,2,34,0.0026041666666666665
grid8,constant_lift,45,0,24,0.0026041666666666665
grid8,constant_lift,45,1,33,0.0026041666666666665
grid8,constant_lift,45,2,34,0.0026041666666666665
grid8,constant_lift,46,0,25,0.0026041666666666665
grid8,constant_lift,46,1,26,0.0026041666666666665
grid8,constant_lift,46,2,35,0.0026041666666666665
grid8,constant_lift,47,0,25,0.0026041666666666665
grid8,constant_lift,47,1,34,0.0026041666666666665
grid8,constant_lift,47,2,35,0.0026041666666666665
grid8,constant_lift,48,0,27,0.0026041666666666665
grid8,constant_lift,48,1,28,0.0026041666666666665
grid8,constant_lift,48,2,37,0.0026041666666666665
grid8,constant_lift,49,0,27,0.0026041666666666665
grid8,constant_lift,49,1,36,0.0026041666666666665
grid8,constant_lift,49,2,37,0.0026041666666666665
grid8,constant_lift,50,0,28,0.0026041666666666665
grid8,constant_lift,50,1,29,0.0026041666666666665
grid8,constant_lift,50,2,38,0.0026041666666666665
grid8,constant_lift,51,0,28,0.0026041666666666665
grid8,constant_lift,51,1,37,0.0026041666666666665
grid8,constant_lift,51,2,38,0.0026041666666666665
grid8,constant_lift,52,0,29,0.0026041666666666665
grid8,constant_lift,52,1,30,0.0026041666666666665
grid8,constant_lift,52,2,39,0.0026041666666666665
grid8,constant_lift,53,0,29,0.0026041666666666665
grid8,constant_lift,53,1,38,0.0026041666666666665
grid8,constant_lift,53,2,39,0.0026041666666666665
grid8,constant_lift,54,0,30,0.0026041666666666665
grid8,constant_lift,54,1,31,0.0026041666666666665
grid8,constant_lift,54,2,40,0.0026041666666666665
grid8,constant_lift,55,0,30,0.0026041666666666665
grid8,constant_lift,55,1,39,0.0026041666666666665
grid8,constant_lift,55,2,40,0.0026041666666666665
grid8,constant_lift,56,0,31,0.0026041666666666665
grid8,constant_lift,56,1,32,0.0026041666666666665
grid8,constant_lift,56,2,41,0.0026041666666666665
grid8,constant_lift,57,0,31,0.0026041666666666665
grid8,constant_lift,57,1,40,0.0026041666666666665
grid8,constant_lift,57,2,41,0.0026041666666666665
grid8,constant_lift,58,0,32,0.0026041666666666665
grid8,constant_lift,58,1,33,0.0026041666666666665
grid8,constant_lift,58,2,42,0.0026041666666666665
grid8,constant_lift,59,0,32,0.0026041666666666665
grid8,constant_lift,59,1,41,0.0026041666666666665
grid8,constant_lift,59,2,42,0.0026041666666666665
grid8,constant_lift,60,0,33,0.0026041666666666665
grid8,constant_lift,60,1,34,0.0026041666666666665
grid8,constant_lift,60,2,43,0.0026041666666666665
grid8,constant_lift,61,0,33,0.0026041666666666665
grid8,constant_lift,61,1,42,0.0026041666666666665
grid8,constant_lift,61,2,43,0.0026041666666666665
grid8,constant_lift,62,0,34,0.0026041666666666665
grid8,constant_lift,62,1,35,0.0026041666666666665
grid8,constant_lift,62,2,44,0.0026041666666666665
grid8,constant_lift,63,0,34,0.0026041666666666665
grid8,constant_lift,63,1,43,0.0026041666666666665
grid8,constant_lift,63,2,44,0.0026041666666666665
grid8,constant_lift,64,0,36,0.0026041666666666665
grid8,constant_lift,64,1,37,0.0026041666666666665
grid8,constant_lift,64,2,46,0.0026041666666666665
grid8,constant_lift,65,0,36,0.0026041666666666665
grid8,constant_lift,65,1,45,0.0026041666666666665
grid8,constant_lift,65,2,46,0.0026041666666666665
grid8,constant_lift,66,0,37,0.0026041666666666665
grid8,constant_lift,66,1,38,0.0026041666666666665
grid8,constant_lift,66,2,47,0.0026041666666666665
grid8,constant_lift,67,0,37,0.0026041666666666665
grid8,constant_lift,67,1,46,0.0026041666666666665
grid8,constant_lift,67,2,47,0.0026041666666666665
grid8,constant_lift,68,0,38,0.0026041666666666665
grid8,constant_lift,68,1,39,0.0026041666666666665
grid8,constant_lift,68,2,48,0.0026041666666666665
grid8,constant_lift,69,0,38,0.0026041666666666665
grid8,constant_lift,69,1,47,0.0026041666666666665
grid8,constant_lift,69,2,48,0.0026041666666666665
grid8,constant_lift,70,0,39,0.0026041666666666665
grid8,constant_lift,70,1,40,0.0026041666666666665
grid8,constant_lift,70,2,49,0.0026041666666666665
grid8,constant_lift,71,0,39,0.0026041666666666665
grid8,constant_lift,71,1,48,0.0026041666666666665
grid8,constant_lift,71,2,49,0.0026041666666666665
grid8,constant_lift,72,0,40,0.0026041666666666665
grid8,constant_lift,72,1,41,0.0026041666666666665
grid8,constant_lift,72,2,50,0.0026041666666666665
grid8,constant_lift,73,0,40,0.0026041666666666665
grid8,constant_lift,73,1,49,0.0026041666666666665
grid8,constant_lift,73,2,50,0.0026041666666666665
grid8,constant_lift,74,0,41,0.0026041666666666665
grid8,constant_lift,74,1,42,0.0026041666666666665
grid8,constant_lift,74,2,51,0.0026041666666666665
grid8,constant_lift,75,0,41,0.0026041666666666665
grid8,constant_lift,75,1,50,0.0026041666666666665
grid8,constant_lift,75,2,51,0.0026041666666666665
grid8,constant_lift,76,0,42,0.0026041666666666665
grid8,constant_lift,76,1,43,0.0026041666666666665
grid8,constant_lift,76,2,52,0.0026041666666666665
grid8,constant_lift,77,0,42,0.0026041666666666665
grid8,constant_lift,77,1,51,0.0026041666666666665
grid8,constant_lift,77,2,52,0.0026041666666666665
grid8,constant_lift,78,0,43,0.0026041666666666665
grid8,constant_lift,78,1,44,0.0026041666666666665
grid8,constant_lift,78,2,53,0.0026041666666666665
grid8,constant_lift,79,0,43,0.0026041666666666665
grid8,constant_lift,79,1,52,0.0026041666666666665
grid8,constant_lift,79,2,53,0.0026041666666666665
grid8,constant_lift,80,0,45,0.0026041666666666665
grid8,constant_lift,80,1,46,0.0026041666666666665
grid8,constant_lift,80,2,55,0.0026041666666666665
grid8,constant_lift,81,0,45,0.0026041666666666665
grid8,constant_lift,81,1,54,0.0026041666666666665
grid8,constant_lift,81,2,55,0.0026041666666666665
grid8,constant_lift,82,0,46,0.0026041666666666665
grid8,constant_lift,82,1,47,0.0026041666666666665
grid8,constant_lift,82,2,56,0.0026041666666666665
grid8,constant_lift,83,0,46,0.0026041666666666665
grid8,constant_lift,83,1,55,0.0026041666666666665
grid8,constant_lift,83,2,56,0.0026041666666666665
grid8,constant_lift,84,0,47,0.0026041666666666665
grid8,constant_lift,84,1,48,0.0026041666666666665
grid8,constant_lift,84,2,57,0.0026041666666666665
grid8,constant_lift,85,0,47,0.0026041666666666665
grid8,constant_lift,85,1,56,0.0026041666666666665
grid8,constant_lift,85,2,57,0.0026041666666666665
grid8,constant_lift,86,0,48,0.0026041666666666665
grid8,constant_lift,86,1,49,0.0026041666666666665
grid8,constant_lift,86,2,58,0.0026041666666666665
grid8,constant_lift,87,0,48,0.0026041666666666665
grid8,constant_lift,87,1,57,0.0026041666666666665
grid8,constant_lift,87,2,58,0.0026041666666666665
grid8,constant_lift,88,0,49,0.0026041666666666665
grid8,constant_lift,88,1,50,0.0026041666666666665
grid8,constant_lift,88,2,59,0.0026041666666666665
grid8,constant_lift,89,0,49,0.0026041666666666665
grid8,constant_lift,89,1,58,0.0026041666666666665
grid8,constant_lift,89,2,59,0.0026041666666666665
grid8,constant_lift,90,0,50,0.0026041666666666665
grid8,constant_lift,90,1,51,0.0026041666666666665
grid8,constant_lift,90,2,60,0.0026041666666666665
grid8,constant_lift,91,0,50,0.0026041666666666665
grid8,constant_lift,91,1,59,0.0026041666666666665
grid8,constant_lift,91,2,60,0.0026041666666666665
grid8,constant_lift,92,0,51,0.0026041666666666665
grid8,constant_lift,92,1,52,0.0026041666666666665
grid8,constant_lift,92,2,61,0.0026041666666666665
grid8,constant_lift,93,0,51,0.0026041666666666665
grid8,constant_lift,93,1,60,0.0026041666666666665
grid8,constant_lift,93,2,61,0.0026041666666666665
grid8,constant_lift,94,0,52,0.0026041666666666665
grid8,constant_lift,94,1,53,0.0026041666666666665
grid8,constant_lift,94,2,62,0.0026041666666666665
grid8,constant_lift,95,0,52,0.0026041666666666665
grid8,constant_lift,95,1,61,0.0026041666666666665
grid8,constant_lift,95,2,62,0.0026041666666666665
grid8,constant_lift,96,0,54,0.0026041666666666665
grid8,constant_lift,96,1,55,0.0026041666666666665
grid8,constant_lift,96,2,64,0.0026041666666666665
grid8,constant_lift,97,0,54,0.0026041666666666665
grid8,constant_lift,97,1,63,0.0026041666666666665
grid8,constant_lift,97,2,64,0.0026041666666666665
grid8,constant_lift,98,0,55,0.0026041666666666665
grid8,constant_lift,98,1,56,0.0026041666666666665
grid8,constant_lift,98,2,65,0.0026041666666666665
grid8,constant_lift,99,0,55,0.0026041666666666665
grid8,constant_lift,99,1,64,0.0026041666666666665
grid8,constant_lift,99,2,65,0.0026041666666666665
grid8,constant_lift,100,0,56,0.0026041666666666665
grid8,constant_lift,100,1,57,0.0026041666666666665
grid8,constant_lift,100,2,66,0.0026041666666666665
grid8,constant_lift,101,0,56,0.0026041666666666665
grid8,constant_lift,101,1,65,0.0026041666666666665
grid8,constant_lift,101,2,66,0.0026041666666666665
grid8,constant_lift,102,0,57,0.0026041666666666665
grid8,constant_lift,102,1,58,0.0026041666666666665
grid8,constant_lift,102,2,67,0.0026041666666666665
grid8,constant_lift,103,0,57,0.0026041666666666665
grid8,constant_lift,103,1,66,0.0026041666666666665
grid8,constant_lift,103,2,67,0.0026041666666666665
grid8,constant_lift,104,0,58,0.0026041666666666665
grid8,constant_lift,104,1,59,0.0026041666666666665
grid8,constant_lift,104,2,68,0.0026041666666666665
grid8,constant_lift,105,0,58,0.0026041666666666665
grid8,constant_lift,105,1,67,0.0026041666666666665
grid8,constant_lift,105,2,68,0.0026041666666666665
grid8,constant_lift,106,0,59,0.0026041666666666665
grid8,constant_lift,106,1,60,0.0026041666666666665
grid8,constant_lift,106,2,69,0.0026041666666666665
grid8,constant_lift,107,0,59,0.0026041666666666665
grid8,constant_lift,107,1,68,0.0026041666666666665
grid8,constant_lift,107,2,69,0.0026041666666666665
grid8,constant_lift,108,0,60,0.0026041666666666665
grid8,constant_lift,108,1,61,0.0026041666666666665
grid8,constant_lift,108,2,70,0.0026041666666666665
grid8,constant_lift,109,0,60,0.0026041666666666665
grid8,constant_lift,109,1,69,0.0026041666666666665
grid8,constant_lift,109,2,70,0.0026041666666666665
grid8,constant_lift,110,0,61,0.0026041666666666665
grid8,constant_lift,110,1,62,0.0026041666666666665
grid8,constant_lift,110,2,71,0.0026041666666666665
grid8,constant_lift,111,0,61,0.0026041666666666665
grid8,constant_lift,111,1,70,0.0026041666666666665
grid8,constant_lift,111,2,71,0.0026041666666666665
grid8,constant_lift,112,0,63,0.0026041666666666665
grid8,constant_lift,112,1,64,0.0026041666666666665
grid8,constant_lift,112,2,73,0.0026041666666666665
grid8,constant_lift,113,0,63,0.0026041666666666665
grid8,constant_lift,113,1,72,0.0026041666666666665
grid8,constant_lift,113,2,73,0.0026041666666666665
grid8,constant_lift,114,0,64,0.0026041666666666665
grid8,constant_lift,114,1,65,0.0026041666666666665
grid8,constant_lift,114,2,74,0.0026041666666666665
grid8,constant_lift,115,0,64,0.0026041666666666665
grid8,constant_lift,115,1,73,0.0026041666666666665
grid8,constant_lift,115,2,74,0.0026041666666666665
grid8,constant_lift,116,0,65,0.0026041666666666665
grid8,constant_lift,116,1,66,0.0026041666666666665
grid8,constant_lift,116,2,75,0.0026041666666666665
grid8,constant_lift,117,0,65,0.0026041666666666665
grid8,constant_lift,117,1,74,0.0026041666666666665
grid8,constant_lift,117,2,75,0.0026041666666666665
grid8,constant_lift,118,0,66,0.0026041666666666665
grid8,constant_lift,118,1,67,0.0026041666666666665
grid8,constant_lift,118,2,76,0.0026041666666666665
grid8,constant_lift,119,0,66,0.0026041666666666665
grid8,constant_lift,119,1,75,0.0026041666666666665
grid8,constant_lift,119,2,76,0.0026041666666666665
grid8,constant_lift,120,0,67,0.0026041666666666665
grid8,constant_lift,120,1,68,0.0026041666666666665
grid8,constant_lift,120,2,77,0.0026041666666666665
grid8,constant_lift,121,0,67,0.0026041666666666665
grid8,constant_lift,121,1,76,0.0026041666666666665
grid8,constant_lift,121,2,77,0.0026041666666666665
grid8,constant_lift,122,0,68,0.0026041666666666665
grid8,constant_lift,122,1,69,0.0026041666666666665
grid8,constant_lift,122,2,78,0.0026041666666666665
grid8,constant_lift,123,0,68,0.0026041666666666665
grid8,constant_lift,123,1,77,0.0026041666666666665
grid8,constant_lift,123,2,78,0.0026041666666666665
grid8,constant_lift,124,0,69,0.0026041666666666665
grid8,constant_lift,124,1,70,0.0026041666666666665
grid8,constant_lift,124,2,79,0.0026041666666666665
grid8,constant_lift,125,0,69,0.0026041666666666665
grid8,constant_lift,125,1,78,0.0026041666666666665
grid8,constant_lift,125,2,79,0.0026041666666666665
grid8,constant_lift,126,0,70,0.0026041666666666665
grid8,constant_lift,126,1,71,0.0026041666666666665
grid8,constant_lift,126,2,80,0.0026041666666666665
grid8,constant_lift,127,0,70,0.0026041666666666665
grid8,constant_lift,127,1,79,0.0026041666666666665
grid8,constant_lift,127,2,80,0.0026041666666666665
grid8,affine_patch,0,0,0,0.0
grid8,affine_patch,0,1,1,0.0
grid8,affine_patch,0,2,10,0.0
grid8,affine_patch,1,0,0,0.0
grid8,affine_patch,1,1,9,0.0
grid8,affine_patch,1,2,10,0.0
grid8,affine_patch,2,0,1,0.0
grid8,affine_patch,2,1,2,0.0
grid8,affine_patch,2,2,11,0.0
grid8,affine_patch,3,0,1,0.0
grid8,affine_patch,3,1,10,0.0
grid8,affine_patch,3,2,11,0.0
grid8,affine_patch,4,0,2,0.0
grid8,affine_patch,4,1,3,0.0
grid8,affine_patch,4,2,12,0.0
grid8,affine_patch,5,0,2,0.0
grid8,affine_patch,5,1,11,0.0
grid8,affine_patch,5,2,12,0.0
grid8,affine_patch,6,0,3,0.0
grid8,affine_patch,6,1,4,0.0
grid8,affine_patch,6,2,13,0.0
grid8,affine_patch,7,0,3,0.0
grid8,affine_patch,7,1,12,0.0
grid8,affine_patch,7,2,13,0.0
grid8,affine_patch,8,0,4,0.0
grid8,affine_patch,8,1,5,0.0
grid8,affine_patch,8,2,14,0.0
grid8,affine_patch,9,0,4,0.0
grid8,affine_patch,9,1,13,0.0
grid8,affine_patch,9,2,14,0.0
grid8,affine_patch,10,0,5,0.0
grid8,affine_patch,10,1,6,0.0
grid8,affine_patch,10,2,15,0.0
grid8,affine_patch,11,0,5,0.0
grid8,affine_patch,11,1,14,0.0
grid8,affine_patch,11,2,15,0.0
grid8,affine_patch,12,0,6,0.0
grid8,affine_patch,12,1,7,0.0
grid8,affine_patch,12,2,16,0.0
grid8,affine_patch,13,0,6,0.0
grid8,affine_patch,13,1,15,0.0
grid8,affine_patch,13,2,16,0.0
grid8,affine_patch,14,0,7,0.0
grid8,affine_patch,14,1,8,0.0
grid8,affine_patch,14,2,17,0.0
grid8,affine_patch,15,0,7,0.0
grid8,affine_patch,15,1,16,0.0
grid8,affine_patch,15,2,17,0.0
grid8,affine_patch,16,0,9,0.0
grid8,affine_patch,16,1,10,0.0
grid8,affine_patch,16,2,19,0.0
grid8,affine_patch,17,0,9,0.0
grid8,affine_patch,17,1,18,0.0
grid8,affine_patch,17,2,19,0.0
grid8,affine_patch,18,0,10,0.0
grid8,affine_patch,18,1,11,0.0
grid8,affine_patch,18,2,20,0.0
grid8,affine_patch,19,0,10,0.0
grid8,affine_patch,19,1,19,0.0
grid8,affine_patch,19,2,20,0.0
grid8,affine_patch,20,0,11,0.0
grid8,affine_patch,20,1,12,0.0
grid8,affine_patch,20,2,21,0.0
grid8,affine_patch,21,0,11,0.0
grid8,affine_patch,21,1,20,0.0
grid8,affine_patch,21,2,21,0.0
grid8,affine_patch,22,0,12,0.0
grid8,affine_patch,22,1,13,0.0
grid8,affine_patch,22,2,22,0.0
grid8,affine_patch,23,0,12,0.0
grid8,affine_patch,23,1,21,0.0
grid8,affine_patch,23,2,22,0.0
grid8,affine_patch,24,0,13,0.0
grid8,affine_patch,24,1,14,0.0
grid8,affine_patch,24,2,23,0.0
grid8,affine_patch,25,0,13,0.0
grid8,affine_patch,25,1,22,0.0
grid8,affine_patch,25,2,23,0.0
grid8,affine_patch,26,0,14,0.0
grid8,affine_patch,26,1,15,0.0
grid8,affine_patch,26,2,24,0.0
grid8,affine_patch,27,0,14,0.0
grid8,affine_patch,27,1,23,0.0
grid8,affine_patch,27,2,24,0.0
grid8,affine_patch,28,0,15,0.0
grid8,affine_patch,28,1,16,0.0
grid8,affine_patch,28,2,25,0.0
grid8,affine_patch,29,0,15,0.0
grid8,affine_patch,29,1,24,0.0
grid8,affine_patch,29,2,25,0.0
grid8,affine_patch,30,0,16,0.0
grid8,affine_patch,30,1,17,0.0
grid8,affine_patch,30,2,26,0.0
grid8,affine_patch,31,0,16,0.0
grid8,affine_patch,31,1,25,0.0
grid8,affine_patch,31,2,26,0.0
grid8,affine_patch,32,0,18,0.0
grid8,affine_patch,32,1,19,0.0
grid8,affine_patch,32,2,28,0.0
grid8,affine_patch,33,0,18,0.0
grid8,affine_patch,33,1,27,0.0
grid8,affine_patch,33,2,28,0.0
grid8,affine_patch,34,0,19,0.0
grid8,affine_patch,34,1,20,0.0
grid8,affine_patch,34,2,29,0.0
grid8,affine_patch,35,0,19,0.0
grid8,affine_patch,35,1,28,0.0
grid8,affine_patch,35,2,29,0.0
grid8,affine_patch,36,0,20,0.0
grid8,affine_patch,36,1,21,0.0
grid8,affine_patch,36,2,30,0.0
grid8,affine_patch,37,0,20,0.0
grid8,affine_patch,37,1,29,0.0
grid8,affine_patch,37,2,30,0.0
grid8,affine_patch,38,0,21,0.0
grid8,affine_patch,38,1,22,0.0
grid8,affine_patch,38,2,31,0.0
grid8,affine_patch,39,0,21,0.0
grid8,affine_patch,39,1,30,0.0
grid8,affine_patch,39,2,31,0.0
grid8,affine_patch,40,0,22,0.0
grid8,affine_patch,40,1,23,0.0
grid8,affine_patch,40,2,32,0.0
grid8,affine_patch,41,0,22,0.0
grid8,affine_patch,41,1,31,0.0
grid8,affine_patch,41,2,32,0.0
grid8,affine_patch,42,0,23,0.0
grid8,affine_patch,42,1,24,0.0
grid8,affine_patch,42,2,33,0.0
grid8,affine_patch,43,0,23,0.0
grid8,affine_patch,43,1,32,0.0
grid8,affine_patch,43,2,33,0.0
grid8,affine_patch,44,0,24,0.0
grid8,affine_patch,44,1,25,0.0
grid8,affine_patch,44,2,34,0.0
grid8,affine_patch,45,0,24,0.0
grid8,affine_patch,45,1,33,0.0
grid8,affine_patch,45,2,34,0.0
grid8,affine_patch,46,0,25,0.0
grid8,affine_patch,46,1,26,0.0
grid8,affine_patch,46,2,35,0.0
grid8,affine_patch,47,0,25,0.0
grid8,affine_patch,47,1,34,0.0
grid8,affine_patch,47,2,35,0.0
grid8,affine_patch,48,0,27,0.0
grid8,affine_patch,48,1,28,0.0
grid8,affine_patch,48,2,37,0.0
grid8,affine_patch,49,0,27,0.0
grid8,affine_patch,49,1,36,0.0
grid8,affine_patch,49,2,37,0.0
grid8,affine_patch,50,0,28,0.0
grid8,affine_patch,50,1,29,0.0
grid8,affine_patch,50,2,38,0.0
grid8,affine_patch,51,0,28,0.0
grid8,affine_patch,51,1,37,0.0
grid8,affine_patch,51,2,38,0.0
grid8,affine_patch,52,0,29,0.0
grid8,affine_patch,52,1,30,0.0
grid8,affine_patch,52,2,39,0.0
grid8,affine_patch,53,0,29,0.0
grid8,affine_patch,53,1,38,0.0
grid8,affine_patch,53,2,39,0.0
grid8,affine_patch,54,0,30,0.0
grid8,affine_patch,54,1,31,0.0
grid8,affine_patch,54,2,40,0.0
grid8,affine_patch,55,0,30,0.0
grid8,affine_patch,55,1,39,0.0
grid8,affine_patch,55,2,40,0.0
grid8,affine_patch,56,0,31,0.0
grid8,affine_patch,56,1,32,0.0
grid8,affine_patch,56,2,41,0.0
grid8,affine_patch,57,0,31,0.0
grid8,affine_patch,57,1,40,0.0
grid8,affine_patch,57,2,41,0.0
grid8,affine_patch,58,0,32,0.0
grid8,affine_patch,58,1,33,0.0
grid8,affine_patch,58,2,42,0.0
grid8,affine_patch,59,0,32,0.0
grid8,affine_patch,59,1,41,0.0
grid8,affine_patch,59,2,42,0.0
grid8,affine_patch,60,0,33,0.0
grid8,affine_patch,60,1,34,0.0
grid8,affine_patch,60,2,43,0.0
grid8,affine_patch,61,0,33,0.0
grid8,affine_patch,61,1,42,0.0
grid8,affine_patch,61,2,43,0.0
grid8,affine_patch,62,0,34,0.0
grid8,affine_patch,62,1,35,0.0
grid8,affine_patch,62,2,44,0.0
grid8,affine_patch,63,0,34,0.0
grid8,affine_patch,63,1,43,0.0
grid8,affine_patch,63,2,44,0.0
grid8,affine_patch,64,0,36,0.0
grid8,affine_patch,64,1,37,0.0
grid8,affine_patch,64,2,46,0.0
grid8,affine_patch,65,0,36,0.0
grid8,affine_patch,65,1,45,0.0
grid8,affine_patch,65,2,46,0.0
grid8,affine_patch,66,0,37,0.0
grid8,affine_patch,66,1,38,0.0
grid8,affine_patch,66,2,47,0.0
grid8,affine_patch,67,0,37,0.0
grid8,affine_patch,67,1,46,0.0
grid8,affine_patch,67,2,47,0.0
grid8,affine_patch,68,0,38,0.0
grid8,affine_patch,68,1,39,0.0
grid8,affine_patch,68,2,48,0.0
grid8,affine_patch,69,0,38,0.0
grid8,affine_patch,69,1,47,0.0
grid8,affine_patch,69,2,48,0.0
grid8,affine_patch,70,0,39,0.0
grid8,affine_patch,70,1,40,0.0
grid8,affine_patch,70,2,49,0.0
grid8,affine_patch,71,0,39,0.0
grid8,affine_patch,71,1,48,0.0
grid8,affine_patch,71,2,49,0.0
grid8,affine_patch,72,0,40,0.0
grid8,affine_patch,72,1,41,0.0
grid8,affine_patch,72,2,50,0.0
grid8,affine_patch,73,0,40,0.0
grid8,affine_patch,73,1,49,0.0
grid8,affine_patch,73,2,50,0.0
grid8,affine_patch,74,0,41,0.0
grid8,affine_patch,74,1,42,0.0
grid8,affine_patch,74,2,51,0.0
grid8,affine_patch,75,0,41,0.0
grid8,affine_patch,75,1,50,0.0
grid8,affine_patch,75,2,51,0.0
grid8,affine_patch,76,0,42,0.0
grid8,affine_patch,76,1,43,0.0
grid8,affine_patch,76,2,52,0.0
grid8,affine_patch,77,0,42,0.0
grid8,affine_patch,77,1,51,0.0
grid8,affine_patch,77,2,52,0.0
grid8,affine_patch,78,0,43,0.0
grid8,affine_patch,78,1,44,0.0
grid8,affine_patch,78,2,53,0.0
grid8,affine_patch,79,0,43,0.0
grid8,affine_patch,79,1,52,0.0
grid8,affine_patch,79,2,53,0.0
grid8,affine_patch,80,0,45,0.0
grid8,affine_patch,80,1,46,0.0
grid8,affine_patch,80,2,55,0.0
grid8,affine_patch,81,0,45,0.0
grid8,affine_patch,81,1,54,0.0
grid8,affine_patch,81,2,55,0.0
grid8,affine_patch,82,0,46,0.0
grid8,affine_patch,82,1,47,0.0
grid8,affine_patch,82,2,56,0.0
grid8,affine_patch,83,0,46,0.0
grid8,affine_patch,83,1,55,0.0
grid8,affine_patch,83,2,56,0.0
grid8,affine_patch,84,0,47,0.0
grid8,affine_patch,84,1,48,0.0
grid8,affine_patch,84,2,57,0.0
grid8,affine_patch,85,0,47,0.0
grid8,affine_patch,85,1,56,0.0
grid8,affine_patch,85,2,57,0.0
grid8,affine_patch,86,0,48,0.0
grid8,affine_patch,86,1,49,0.0
grid8,affine_patch,86,2,58,0.0
grid8,affine_patch,87,0,48,0.0
grid8,affine_patch,87,1,57,0.0
grid8,affine_patch,87,2,58,0.0
grid8,affine_patch,88,0,49,0.0
grid8,affine_patch,88,1,50,0.0
grid8,affine_patch,88,2,59,0.0
grid8,affine_patch,89,0,49,0.0
grid8,affine_patch,89,1,58,0.0
grid8,affine_patch,89,2,59,0.0
grid8,affine_patch,90,0,50,0.0
grid8,affine_patch,90,1,51,0.0
grid8,affine_patch,90,2,60,0.0
grid8,affine_patch,91,0,50,0.0
grid8,affine_patch,91,1,59,0.0
grid8,affine_patch,91,2,60,0.0
grid8,affine_patch,92,0,51,0.0
grid8,affine_patch,92,1,52,0.0
grid8,affine_patch,92,2,61,0.0
grid8,affine_patch,93,0,51,0.0
grid8,affine_patch,93,1,60,0.0
grid8,affine_patch,93,2,61,0.0
grid8,affine_patch,94,0,52,0.0
grid8,affine_patch,94,1,53,0.0
grid8,affine_patch,94,2,62,0.0
grid8,affine_patch,95,0,52,0.0
grid8,affine_patch,95,1,61,0.0
grid8,affine_patch,95,2,62,0.0
grid8,affine_patch,96,0,54,0.0
grid8,affine_patch,96,1,55,0.0
grid8,affine_patch,96,2,64,0.0
grid8,affine_patch,97,0,54,0.0
grid8,affine_patch,97,1,63,0.0
grid8,affine_patch,97,2,64,0.0
grid8,affine_patch,98,0,55,0.0
grid8,affine_patch,98,1,56,0.0
grid8,affine_patch,98,2,65,0.0
grid8,affine_patch,99,0,55,0.0
grid8,affine_patch,99,1,64,0.0
grid8,affine_patch,99,2,65,0.0
grid8,affine_patch,100,0,56,0.0
grid8,affine_patch,100,1,57,0.0
grid8,affine_patch,100,2,66,0.0
grid8,affine_patch,101,0,56,0.0
grid8,affine_patch,101,1,65,0.0
grid8,affine_patch,101,2,66,0.0
grid8,affine_patch,102,0,57,0.0
grid8,affine_patch,102,1,58,0.0
grid8,affine_patch,102,2,67,0.0
grid8,affine_patch,103,0,57,0.0
grid8,affine_patch,103,1,66,0.0
grid8,affine_patch,103,2,67,0.0
grid8,affine_patch,104,0,58,0.0
grid8,affine_patch,104,1,59,0.0
grid8,affine_patch,104,2,68,0.0
grid8,affine_patch,105,0,58,0.0
grid8,affine_patch,105,1,67,0.0
grid8,affine_patch,105,2,68,0.0
grid8,affine_patch,106,0,59,0.0
grid8,affine_patch,106,1,60,0.0
grid8,affine_patch,106,2,69,0.0
grid8,affine_patch,107,0,59,0.0
grid8,affine_patch,107,1,68,0.0
grid8,affine_patch,107,2,69,0.0
grid8,affine_patch,108,0,60,0.0
grid8,affine_patch,108,1,61,0.0
grid8,affine_patch,108,2,70,0.0
grid8,affine_patch,109,0,60,0.0
grid8,affine_patch,109,1,69,0.0
grid8,affine_patch,109,2,70,0.0
grid8,affine_patch,110,0,61,0.0
grid8,affine_patch,110,1,62,0.0
grid8,affine_patch,110,2,71,0.0
grid8,affine_patch,111,0,61,0.0
grid8,affine_patch,111,1,70,0.0
grid8,affine_patch,111,2,71,0.0
grid8,affine_patch,112,0,63,0.0
grid8,affine_patch,112,1,64,0.0
grid8,affine_patch,112,2,73,0.0
grid8,affine_patch,113,0,63,0.0
grid8,affine_patch,113,1,72,0.0
grid8,affine_patch,113,2,73,0.0
grid8,affine_patch,114,0,64,0.0
grid8,affine_patch,114,1,65,0.0
grid8,affine_patch,114,2,74,0.0
grid8,affine_patch,115,0,64,0.0
grid8,affine_patch,115,1,73,0.0
grid8,affine_patch,115,2,74,0.0
grid8,affine_patch,116,0,65,0.0
grid8,affine_patch,116,1,66,0.0
grid8,affine_patch,116,2,75,0.0
grid8,affine_patch,117,0,65,0.0
grid8,affine_patch,117,1,74,0.0
grid8,affine_patch,117,2,75,0.0
grid8,affine_patch,118,0,66,0.0
grid8,affine_patch,118,1,67,0.0
grid8,affine_patch,118,2,76,0.0
grid8,affine_patch,119,0,66,0.0
grid8,affine_patch,119,1,75,0.0
grid8,affine_patch,119,2,76,0.0
grid8,affine_patch,120,0,67,0.0
grid8,affine_patch,120,1,68,0.0
grid8,affine_patch,120,2,77,0.0
grid8,affine_patch,121,0,67,0.0
grid8,affine_patch,121,1,76,0.0
grid8,affine_patch,121,2,77,0.0
grid8,affine_patch,122,0,68,0.0
grid8,affine_patch,122,1,69,0.0
grid8,affine_patch,122,2,78,0.0
grid8,affine_patch,123,0,68,0.0
grid8,affine_patch,123,1,77,0.0
grid8,affine_patch,123,2,78,0.0
grid8,affine_patch,124,0,69,0.0
grid8,affine_patch,124,1,70,0.0
grid8,affine_patch,124,2,79,0.0
grid8,affine_patch,125,0,69,0.0
grid8,affine_patch,125,1,78,0.0
grid8,affine_patch,125,2,79,0.0
grid8,affine_patch,126,0,70,0.0
grid8,affine_patch,126,1,71,0.0
grid8,affine_patch,126,2,80,0.0
grid8,affine_patch,127,0,70,0.0
grid8,affine_patch,127,1,79,0.0
grid8,affine_patch,127,2,80,0.0
grid8,linear_source,0,0,0,0.000244140625
grid8,linear_source,0,1,1,0.0003255208333333333
grid8,linear_source,0,2,10,0.0004069010416666667
grid8,linear_source,1,0,0,0.000244140625
grid8,linear_source,1,1,9,0.0003255208333333333
grid8,linear_source,1,2,10,0.0004069010416666667
grid8,linear_source,2,0,1,0.0005696614583333334
grid8,linear_source,2,1,2,0.0006510416666666666
grid8,linear_source,2,2,11,0.000732421875
grid8,linear_source,3,0,1,0.0005696614583333334
grid8,linear_source,3,1,10,0.0006510416666666666
grid8,linear_source,3,2,11,0.000732421875
grid8,linear_source,4,0,2,0.0008951822916666666
grid8,linear_source,4,1,3,0.0009765625
grid8,linear_source,4,2,12,0.0010579427083333333
grid8,linear_source,5,0,2,0.0008951822916666666
grid8,linear_source,5,1,11,0.0009765625
grid8,linear_source,5,2,12,0.0010579427083333333
grid8,linear_source,6,0,3,0.001220703125
grid8,linear_source,6,1,4,0.0013020833333333333
grid8,linear_source,6,2,13,0.0013834635416666667
grid8,linear_source,7,0,3,0.001220703125
grid8,linear_source,7,1,12,0.0013020833333333333
grid8,linear_source,7,2,13,0.0013834635416666667
grid8,linear_source,8,0,4,0.0015462239583333333
grid8,linear_source,8,1,5,0.0016276041666666667
grid8,linear_source,8,2,14,0.001708984375
grid8,linear_source,9,0,4,0.0015462239583333333
grid8,linear_source,9,1,13,0.0016276041666666667
grid8,linear_source,9,2,14,0.001708984375
grid8,linear_source,10,0,5,0.0018717447916666667
grid8,linear_source,10,1,6,0.001953125
grid8,linear_source,10,2,15,0.0020345052083333335
grid8,linear_source,11,0,5,0.0018717447916666667
grid8,linear_source,11,1,14,0.001953125
grid8,linear_source,11,2,15,0.0020345052083333335
grid8,linear_source,12,0,6,0.002197265625
grid8,linear_source,12,1,7,0.0022786458333333335
grid8,linear_source,12,2,16,0.0023600260416666665
grid8,linear_source,13,0,6,0.002197265625
grid8,linear_source,13,1,15,0.0022786458333333335
grid8,linear_source,13,2,16,0.0023600260416666665
grid8,linear_source,14,0,7,0.0025227864583333335
grid8,linear_source,14,1,8,0.0026041666666666665
grid8,linear_source,14,2,17,0.002685546875
grid8,linear_source,15,0,7,0.0025227864583333335
grid8,linear_source,15,1,16,0.0026041666666666665
grid8,linear_source,15,2,17,0.002685546875
grid8,linear_source,16,0,9,0.0005696614583333334
grid8,linear_source,16,1,10,0.0006510416666666666
grid8,linear_source,16,2,19,0.000732421875
grid8,linear_source,17,0,9,0.0005696614583333334
grid8,linear_source,17,1,18,0.0006510416666666666
grid8,linear_source,17,2,19,0.000732421875
grid8,linear_source,18,0,10,0.0008951822916666666
grid8,linear_source,18,1,11,0.0009765625
grid8,linear_source,18,2,20,0.0010579427083333333
grid8,linear_source,19,0,10,0.0008951822916666666
grid8,linear_source,19,1,19,0.0009765625
grid8,linear_source,19,2,20,0.0010579427083333333
grid8,linear_source,20,0,11,0.001220703125
grid8,linear_source,20,1,12,0.0013020833333333333
grid8,linear_source,20,2,21,0.0013834635416666667
grid8,linear_source,21,0,11,0.001220703125
grid8,linear_source,21,1,20,0.0013020833333333333
grid8,linear_source,21,2,21,0.0013834635416666667
grid8,linear_source,22,0,12,0.0015462239583333333
grid8,linear_source,22,1,13,0.0016276041666666667
grid8,linear_source,22,2,22,0.001708984375
grid8,linear_source,23,0,12,0.0015462239583333333
grid8,linear_source,23,1,21,0.0016276041666666667
grid8,linear_source,23,2,22,0.001708984375
grid8,linear_source,24,0,13,0.0018717447916666667
grid8,linear_source,24,1,14,0.001953125
grid8,linear_source,24,2,23,0.0020345052083333335
grid8,linear_source,25,0,13,0.0018717447916666667
grid8,linear_source,25,1,22,0.001953125
grid8,linear_source,25,2,23,0.0020345052083333335
grid8,linear_source,26,0,14,0.002197265625
grid8,linear_source,26,1,15,0.0022786458333333335
grid8,linear_source,26,2,24,0.0023600260416666665
grid8,linear_source,27,0,14,0.002197265625
grid8,linear_source,27,1,23,0.0022786458333333335
grid8,linear_source,27,2,24,0.0023600260416666665
grid8,linear_source,28,0,15,0.0025227864583333335
grid8,linear_source,28,1,16,0.0026041666666666665
grid8,linear_source,28,2,25,0.002685546875
grid8,linear_source,29,0,15,0.0025227864583333335
grid8,linear_source,29,1,24,0.0026041666666666665
grid8,linear_source,29,2,25,0.002685546875
grid8,linear_source,30,0,16,0.0028483072916666665
grid8,linear_source,30,1,17,0.0029296875
grid8,linear_source,30,2,26,0.0030110677083333335
grid8,linear_source,31,0,16,0.0028483072916666665
grid8,linear_source,31,1,25,0.0029296875
grid8,linear_source,31,2,26,0.0030110677083333335
grid8,linear_source,32,0,18,0.0008951822916666666
grid8,linear_source,32,1,19,0.0009765625
grid8,linear_source,32,2,28,0.0010579427083333333
grid8,linear_source,33,0,18,0.0008951822916666666
grid8,linear_source,33,1,27,0.0009765625
grid8,linear_source,33,2,28,0.0010579427083333333
grid8,linear_source,34,0,19,0.001220703125
grid8,linear_source,34,1,20,0.0013020833333333333
grid8,linear_source,34,2,29,0.0013834635416666667
grid8,linear_source,35,0,19,0.001220703125
grid8,linear_source,35,1,28,0.0013020833333333333
grid8,linear_source,35,2,29,0.0013834635416666667
grid8,linear_source,36,0,20,0.0015462239583333333
grid8,linear_source,36,1,21,0.0016276041666666667
grid8,linear_source,36,2,30,0.001708984375
grid8,linear_source,37,0,20,0.0015462239583333333
grid8,linear_source,37,1,29,0.0016276041666666667
grid8,linear_source,37,2,30,0.001708984375
grid8,linear_source,38,0,21,0.0018717447916666667
grid8,linear_source,38,1,22,0.001953125
grid8,linear_source,38,2,31,0.0020345052083333335
grid8,linear_source,39,0,21,0.0018717447916666667
grid8,linear_source,39,1,30,0.001953125
grid8,linear_source,39,2,31,0.0020345052083333335
grid8,linear_source,40,0,22,0.002197265625
grid8,linear_source,40,1,23,0.0022786458333333335
grid8,linear_source,40,2,32,0.0023600260416666665
grid8,linear_source,41,0,22,0.002197265625
grid8,linear_source,41,1,31,0.0022786458333333335
grid8,linear_source,41,2,32,0.0023600260416666665
grid8,linear_source,42,0,23,0.0025227864583333335
grid8,linear_source,42,1,24,0.0026041666666666665
grid8,linear_source,42,2,33,0.002685546875
grid8,linear_source,43,0,23,0.0025227864583333335
grid8,linear_source,43,1,32,0.0026041666666666665
grid8,linear_source,43,2,33,0.002685546875
grid8,linear_source,44,0,24,0.0028483072916666665
grid8,linear_source,44,1,25,0.0029296875
grid8,linear_source,44,2,34,0.0030110677083333335
grid8,linear_source,45,0,24,0.0028483072916666665
grid8,linear_source,45,1,33,0.0029296875
grid8,linear_source,45,2,34,0.0030110677083333335
grid8,linear_source,46,0,25,0.003173828125
grid8,linear_source,46,1,26,0.0032552083333333335
grid8,linear_source,46,2,35,0.0033365885416666665
grid8,linear_source,47,0,25,0.003173828125
grid8,linear_source,47,1,34,0.0032552083333333335
grid8,linear_source,47,2,35,0.0033365885416666665
grid8,linear_source,48,0,27,0.001220703125
grid8,linear_source,48,1,28,0.0013020833333333333
grid8,linear_source,48,2,37,0.0013834635416666667
grid8,linear_source,49,0,27,0.001220703125
grid8,linear_source,49,1,36,0.0013020833333333333
grid8,linear_source,49,2,37,0.0013834635416666667
grid8,linear_source,50,0,28,0.0015462239583333333
grid8,linear_source,50,1,29,0.0016276041666666667
grid8,linear_source,50,2,38,0.001708984375
grid8,linear_source,51,0,28,0.0015462239583333333
grid8,linear_source,51,1,37,0.0016276041666666667
grid8,linear_source,51,2,38,0.001708984375
grid8,linear_source,52,0,29,0.0018717447916666667
grid8,linear_source,52,1,30,0.001953125
grid8,linear_source,52,2,39,0.0020345052083333335
grid8,linear_source,53,0,29,0.0018717447916666667
grid8,linear_source,53,1,38,0.001953125
grid8,linear_source,53,2,39,0.0020345052083333335
grid8,linear_source,54,0,30,0.002197265625
grid8,linear_source,54,1,31,0.0022786458333333335
grid8,linear_source,54,2,40,0.0023600260416666665
grid8,linear_source,55,0,30,0.002197265625
grid8,linear_source,55,1,39,0.0022786458333333335
grid8,linear_source,55,2,40,0.0023600260416666665
grid8,linear_source,56,0,31,0.0025227864583333335
grid8,linear_source,56,1,32,0.0026041666666666665
grid8,linear_source,56,2,41,0.002685546875
grid8,linear_source,57,0,31,0.0025227864583333335
grid8,linear_source,57,1,40,0.0026041666666666665
grid8,linear_source,57,2,41,0.002685546875
grid8,linear_source,58,0,32,0.0028483072916666665
grid8,linear_source,58,1,33,0.0029296875
grid8,linear_source,58,2,42,0.0030110677083333335
grid8,linear_source,59,0,32,0.0028483072916666665
grid8,linear_source,59,1,41,0.0029296875
grid8,linear_source,59,2,42,0.0030110677083333335
grid8,linear_source,60,0,33,0.003173828125
grid8,linear_source,60,1,34,0.0032552083333333335
grid8,linear_source,60,2,43,0.0033365885416666665
grid8,linear_source,61,0,33,0.003173828125
grid8,linear_source,61,1,42,0.0032552083333333335
grid8,linear_source,61,2,43,0.0033365885416666665
grid8,linear_source,62,0,34,0.0034993489583333335
grid8,linear_source,62,1,35,0.0035807291666666665
grid8,linear_source,62,2,44,0.003662109375
grid8,linear_source,63,0,34,0.0034993489583333335
grid8,linear_source,63,1,43,0.0035807291666666665
grid8,linear_source,63,2,44,0.003662109375
grid8,linear_source,64,0,36,0.0015462239583333333
grid8,linear_source,64,1,37,0.0016276041666666667
grid8,linear_source,64,2,46,0.001708984375
grid8,linear_source,65,0,36,0.0015462239583333333
grid8,linear_source,65,1,45,0.0016276041666666667
grid8,linear_source,65,2,46,0.001708984375
grid8,linear_source,66,0,37,0.0018717447916666667
grid8,linear_source,66,1,38,0.001953125
grid8,linear_source,66,2,47,0.0020345052083333335
grid8,linear_source,67,0,37,0.0018717447916666667
grid8,linear_source,67,1,46,0.001953125
grid8,linear_source,67,2,47,0.0020345052083333335
grid8,linear_source,68,0,38,0.002197265625
grid8,linear_source,68,1,39,0.0022786458333333335
grid8,linear_source,68,2,48,0.0023600260416666665
grid8,linear_source,69,0,38,0.002197265625
grid8,linear_source,69,1,47,0.0022786458333333335
grid8,linear_source,69,2,48,0.0023600260416666665
grid8,linear_source,70,0,39,0.0025227864583333335
grid8,linear_source,70,1,40,0.0026041666666666665
grid8,linear_source,70,2,49,0.002685546875
grid8,linear_source,71,0,39,0.0025227864583333335
grid8,linear_source,71,1,48,0.0026041666666666665
grid8,linear_source,71,2,49,0.002685546875
grid8,linear_source,72,0,40,0.0028483072916666665
grid8,linear_source,72,1,41,0.0029296875
grid8,linear_source,72,2,50,0.0030110677083333335
grid8,linear_source,73,0,40,0.0028483072916666665
grid8,linear_source,73,1,49,0.0029296875
grid8,linear_source,73,2,50,0.0030110677083333335
grid8,linear_source,74,0,41,0.003173828125
grid8,linear_source,74,1,42,0.0032552083333333335
grid8,linear_source,74,2,51,0.0033365885416666665
grid8,linear_source,75,0,41,0.003173828125
grid8,linear_source,75,1,50,0.0032552083333333335
grid8,linear_source,75,2,51,0.0033365885416666665
grid8,linear_source,76,0,42,0.0034993489583333335
grid8,linear_source,76,1,43,0.0035807291666666665
grid8,linear_source,76,2,52,0.003662109375
grid8,linear_source,77,0,42,0.0034993489583333335
grid8,linear_source,77,1,51,0.0035807291666666665
grid8,linear_source,77,2,52,0.003662109375
grid8,linear_source,78,0,43,0.0038248697916666665
grid8,linear_source,78,1,44,0.00390625
grid8,linear_source,78,2,53,0.003987630208333333
grid8,linear_source,79,0,43,0.0038248697916666665
grid8,linear_source,79,1,52,0.00390625
grid8,linear_source,79,2,53,0.003987630208333333
grid8,linear_source,80,0,45,0.0018717447916666667
grid8,linear_source,80,1,46,0.001953125
grid8,linear_source,80,2,55,0.0020345052083333335
grid8,linear_source,81,0,45,0.0018717447916666667
grid8,linear_source,81,1,54,0.001953125
grid8,linear_source,81,2,55,0.0020345052083333335
grid8,linear_source,82,0,46,0.002197265625
grid8,linear_source,82,1,47,0.0022786458333333335
grid8,linear_source,82,2,56,0.0023600260416666665
grid8,linear_source,83,0,46,0.002197265625
grid8,linear_source,83,1,55,0.0022786458333333335
grid8,linear_source,83,2,56,0.0023600260416666665
grid8,linear_source,84,0,47,0.0025227864583333335
grid8,linear_source,84,1,48,0.0026041666666666665
grid8,linear_source,84,2,57,0.002685546875
grid8,linear_source,85,0,47,0.0025227864583333335
grid8,linear_source,85,1,56,0.0026041666666666665
grid8,linear_source,85,2,57,0.002685546875
grid8,linear_source,86,0,48,0.0028483072916666665
grid8,linear_source,86,1,49,0.0029296875
grid8,linear_source,86,2,58,0.0030110677083333335
grid8,linear_source,87,0,48,0.0028483072916666665
grid8,linear_source,87,1,57,0.0029296875
grid8,linear_source,87,2,58,0.0030110677083333335
grid8,linear_source,88,0,49,0.003173828125
grid8,linear_source,88,1,50,0.0032552083333333335
grid8,linear_source,88,2,59,0.0033365885416666665
grid8,linear_source,89,0,49,0.003173828125
grid8,linear_source,89,1,58,0.0032552083333333335
grid8,linear_source,89,2,59,0.0033365885416666665
grid8,linear_source,90,0,50,0.0034993489583333335
grid8,linear_source,90,1,51,0.0035807291666666665
grid8,linear_source,90,2,60,0.003662109375
grid8,linear_source,91,0,50,0.0034993489583333335
grid8,linear_source,91,1,59,0.0035807291666666665
grid8,linear_source,91,2,60,0.003662109375
grid8,linear_source,92,0,51,0.0038248697916666665
grid8,linear_source,92,1,52,0.00390625
grid8,linear_source,92,2,61,0.003987630208333333
grid8,linear_source,93,0,51,0.0038248697916666665
grid8,linear_source,93,1,60,0.00390625
grid8,linear_source,93,2,61,0.003987630208333333
grid8,linear_source,94,0,52,0.004150390625
grid8,linear_source,94,1,53,0.004231770833333333
grid8,linear_source,94,2,62,0.004313151041666667
grid8,linear_source,95,0,52,0.004150390625
grid8,linear_source,95,1,61,0.004231770833333333
grid8,linear_source,95,2,62,0.004313151041666667
grid8,linear_source,96,0,54,0.002197265625
grid8,linear_source,96,1,55,0.0022786458333333335
grid8,linear_source,96,2,64,0.0023600260416666665
grid8,linear_source,97,0,54,0.002197265625
grid8,linear_source,97,1,63,0.0022786458333333335
grid8,linear_source,97,2,64,0.0023600260416666665
grid8,linear_source,98,0,55,0.0025227864583333335
grid8,linear_source,98,1,56,0.0026041666666666665
grid8,linear_source,98,2,65,0.002685546875
grid8,linear_source,99,0,55,0.0025227864583333335
grid8,linear_source,99,1,64,0.0026041666666666665
grid8,linear_source,99,2,65,0.002685546875
grid8,linear_source,100,0,56,0.0028483072916666665
grid8,linear_source,100,1,57,0.0029296875
grid8,linear_source,100,2,66,0.0030110677083333335
grid8,linear_source,101,0,56,0.0028483072916666665
grid8,linear_source,101,1,65,0.0029296875
grid8,linear_source,101,2,66,0.0030110677083333335
grid8,linear_source,102,0,57,0.003173828125
grid8,linear_source,102,1,58,0.0032552083333333335
grid8,linear_source,102,2,67,0.0033365885416666665
grid8,linear_source,103,0,57,0.003173828125
grid8,linear_source,103,1,66,0.0032552083333333335
grid8,linear_source,103,2,67,0.0033365885416666665
grid8,linear_source,104,0,58,0.0034993489583333335
grid8,linear_source,104,1,59,0.0035807291666666665
grid8,linear_source,104,2,68,0.003662109375
grid8,linear_source,105,0,58,0.0034993489583333335
grid8,linear_source,105,1,67,0.0035807291666666665
grid8,linear_source,105,2,68,0.003662109375
grid8,linear_source,106,0,59,0.0038248697916666665
grid8,linear_source,106,1,60,0.00390625
grid8,linear_source,106,2,69,0.003987630208333333
grid8,linear_source,107,0,59,0.0038248697916666665
grid8,linear_source,107,1,68,0.00390625
grid8,linear_source,107,2,69,0.003987630208333333
grid8,linear_source,108,0,60,0.004150390625
grid8,linear_source,108,1,61,0.004231770833333333
grid8,linear_source,108,2,70,0.004313151041666667
grid8,linear_source,109,0,60,0.004150390625
grid8,linear_source,109,1,69,0.004231770833333333
grid8,linear_source,109,2,70,0.004313151041666667
grid8,linear_source,110,0,61,0.004475911458333333
grid8,linear_source,110,1,62,0.004557291666666667
grid8,linear_source,110,2,71,0.004638671875
grid8,linear_source,111,0,61,0.004475911458333333
grid8,linear_source,111,1,70,0.004557291666666667
grid8,linear_source,111,2,71,0.004638671875
grid8,linear_source,112,0,63,0.0025227864583333335
grid8,linear_source,112,1,64,0.0026041666666666665
grid8,linear_source,112,2,73,0.002685546875
grid8,linear_source,113,0,63,0.0025227864583333335
grid8,linear_source,113,1,72,0.0026041666666666665
grid8,linear_source,113,2,73,0.002685546875
grid8,linear_source,114,0,64,0.0028483072916666665
grid8,linear_source,114,1,65,0.0029296875
grid8,linear_source,114,2,74,0.0030110677083333335
grid8,linear_source,115,0,64,0.0028483072916666665
grid8,linear_source,115,1,73,0.0029296875
grid8,linear_source,115,2,74,0.0030110677083333335
grid8,linear_source,116,0,65,0.003173828125
grid8,linear_source,116,1,66,0.0032552083333333335
grid8,linear_source,116,2,75,0.0033365885416666665
grid8,linear_source,117,0,65,0.003173828125
grid8,linear_source,117,1,74,0.0032552083333333335
grid8,linear_source,117,2,75,0.0033365885416666665
grid8,linear_source,118,0,66,0.0034993489583333335
grid8,linear_source,118,1,67,0.0035807291666666665
grid8,linear_source,118,2,76,0.003662109375
grid8,linear_source,119,0,66,0.0034993489583333335
grid8,linear_source,119,1,75,0.0035807291666666665
grid8,linear_source,119,2,76,0.003662109375
grid8,linear_source,120,0,67,0.0038248697916666665
grid8,linear_source,120,1,68,0.00390625
grid8,linear_source,120,2,77,0.003987630208333333
grid8,linear_source,121,0,67,0.0038248697916666665
grid8,linear_source,121,1,76,0.00390625
grid8,linear_source,121,2,77,0.003987630208333333
grid8,linear_source,122,0,68,0.004150390625
grid8,linear_source,122,1,69,0.004231770833333333
grid8,linear_source,122,2,78,0.004313151041666667
grid8,linear_source,123,0,68,0.004150390625
grid8,linear_source,123,1,77,0.004231770833333333
grid8,linear_source,123,2,78,0.004313151041666667
grid8,linear_source,124,0,69,0.004475911458333333
grid8,linear_source,124,1,70,0.004557291666666667
grid8,linear_source,124,2,79,0.004638671875
grid8,linear_source,125,0,69,0.004475911458333333
grid8,linear_source,125,1,78,0.004557291666666667
grid8,linear_source,125,2,79,0.004638671875
grid8,linear_source,126,0,70,0.004801432291666667
grid8,linear_source,126,1,71,0.0048828125
grid8,linear_source,126,2,80,0.004964192708333333
grid8,linear_source,127,0,70,0.004801432291666667
grid8,linear_source,127,1,79,0.0048828125
grid8,linear_source,127,2,80,0.004964192708333333
grid8,quartic,0,0,0,0.0004557291666666668
grid8,quartic,0,1,1,0.0005940755208333334
grid8,quartic,0,2,10,0.0007405598958333335
grid8,quartic,1,0,0,0.0004557291666666668
grid8,quartic,1,1,9,0.0005940755208333334
grid8,quartic,1,2,10,0.0007405598958333335
grid8,quartic,2,0,1,0.0009440104166666669
grid8,quartic,2,1,2,0.0010416666666666669
grid8,quartic,2,2,11,0.001188151041666667
grid8,quartic,3,0,1,0.0009847005208333335
grid8,quartic,3,1,10,0.0011230468750000003
grid8,quartic,3,2,11,0.0012288411458333337
grid8,quartic,4,0,2,0.0012695312500000003
grid8,quartic,4,1,3,0.0013264973958333334
grid8,quartic,4,2,12,0.0014729817708333335
grid8,quartic,5,0,2,0.0013509114583333337
grid8,quartic,5,1,11,0.0014892578125000003
grid8,quartic,5,2,12,0.0015543619791666672
grid8,quartic,6,0,3,0.0014322916666666666
grid8,quartic,6,1,4,0.0014485677083333332
grid8,quartic,6,2,13,0.0015950520833333333
grid8,quartic,7,0,3,0.0015543619791666668
grid8,quartic,7,1,12,0.0016927083333333338
grid8,quartic,7,2,13,0.0017171223958333337
grid8,quartic,8,0,4,0.0014322916666666668
grid8,quartic,8,1,5,0.0014078776041666664
grid8,quartic,8,2,14,0.0015543619791666668
grid8,quartic,9,0,4,0.0015950520833333337
grid8,quartic,9,1,13,0.0017333984375000003
grid8,quartic,9,2,14,0.0017171223958333337
grid8,quartic,10,0,5,0.00126953125
grid8,quartic,10,1,6,0.0012044270833333334
grid8,quartic,10,2,15,0.0013509114583333333
grid8,quartic,11,0,5,0.0014729817708333333
grid8,quartic,11,1,14,0.0016113281250000003
grid8,quartic,11,2,15,0.001554361979166667
grid8,quartic,12,0,6,0.0009440104166666663
grid8,quartic,12,1,7,0.000838216145833333
grid8,quartic,12,2,16,0.0009847005208333329
grid8,quartic,13,0,6,0.0011881510416666666
grid8,quartic,13,1,15,0.0013264973958333332
grid8,quartic,13,2,16,0.001228841145833333
grid8,quartic,14,0,7,0.00045572916666666646
grid8,quartic,14,1,8,0.00030924479166666665
grid8,quartic,14,2,17,0.0004557291666666667
grid8,quartic,15,0,7,0.0007405598958333331
grid8,quartic,15,1,16,0.0008789062499999997
grid8,quartic,15,2,17,0.0007405598958333333
grid8,quartic,16,0,9,0.0009847005208333335
grid8,quartic,16,1,10,0.0011230468750000003
grid8,quartic,16,2,19,0.0012288411458333337
grid8,quartic,17,0,9,0.0009440104166666669
grid8,quartic,17,1,18,0.0010416666666666669
grid8,quartic,17,2,19,0.001188151041666667
grid8,quartic,18,0,10,0.0014729817708333337
grid8,quartic,18,1,11,0.0015706380208333334
grid8,quartic,18,2,20,0.001676432291666667
grid8,quartic,19,0,10,0.0014729817708333337
grid8,quartic,19,1,19,0.0015706380208333334
grid8,quartic,19,2,20,0.001676432291666667
grid8,quartic,20,0,11,0.0017985026041666668
grid8,quartic,20,1,12,0.0018554687500000003
grid8,quartic,20,2,21,0.0019612630208333333
grid8,quartic,21,0,11,0.0018391927083333335
grid8,quartic,21,1,20,0.0019368489583333338
grid8,quartic,21,2,21,0.0020019531250000003
grid8,quartic,22,0,12,0.0019612630208333333
grid8,quartic,22,1,13,0.0019775390625000003
grid8,quartic,22,2,22,0.0020833333333333337
grid8,quartic,23,0,12,0.0020426432291666668
grid8,quartic,23,1,21,0.002140299479166667
grid8,quartic,23,2,22,0.0021647135416666668
grid8,quartic,24,0,13,0.0019612630208333333
grid8,quartic,24,1,14,0.0019368489583333334
grid8,quartic,24,2,23,0.0020426432291666668
grid8,quartic,25,0,13,0.002083333333333333
grid8,quartic,25,1,22,0.0021809895833333334
grid8,quartic,25,2,23,0.0021647135416666668
grid8,quartic,26,0,14,0.0017985026041666668
grid8,quartic,26,1,15,0.0017333984375000003
grid8,quartic,26,2,24,0.0018391927083333335
grid8,quartic,27,0,14,0.0019612630208333333
grid8,quartic,27,1,23,0.0020589192708333334
grid8,quartic,27,2,24,0.0020019531250000003
grid8,quartic,28,0,15,0.001472981770833333
grid8,quartic,28,1,16,0.0013671874999999997
grid8,quartic,28,2,25,0.0014729817708333333
grid8,quartic,29,0,15,0.0016764322916666668
grid8,quartic,29,1,24,0.0017740885416666667
grid8,quartic,29,2,25,0.0016764322916666668
grid8,quartic,30,0,16,0.000984700520833333
grid8,quartic,30,1,17,0.0008382161458333334
grid8,quartic,30,2,26,0.0009440104166666668
grid8,quartic,31,0,16,0.001228841145833333
grid8,quartic,31,1,25,0.0013264973958333332
grid8,quartic,31,2,26,0.0011881510416666668
grid8,quartic,32,0,18,0.0013509114583333337
grid8,quartic,32,1,19,0.0014892578125000003
grid8,quartic,32,2,28,0.0015543619791666672
grid8,quartic,33,0,18,0.0012695312500000003
grid8,quartic,33,1,27,0.0013264973958333334
grid8,quartic,33,2,28,0.0014729817708333335
grid8,quartic,34,0,19,0.0018391927083333335
grid8,quartic,34,1,20,0.0019368489583333338
grid8,quartic,34,2,29,0.0020019531250000003
grid8,quartic,35,0,19,0.0017985026041666668
grid8,quartic,35,1,28,0.0018554687500000003
grid8,quartic,35,2,29,0.0019612630208333333
grid8,quartic,36,0,20,0.0021647135416666676
grid8,quartic,36,1,21,0.0022216796875000003
grid8,quartic,36,2,30,0.0022867838541666668
grid8,quartic,37,0,20,0.0021647135416666676
grid8,quartic,37,1,29,0.0022216796875000003
grid8,quartic,37,2,30,0.0022867838541666668
grid8,quartic,38,0,21,0.0023274739583333337
grid8,quartic,38,1,22,0.0023437500000000003
grid8,quartic,38,2,31,0.0024088541666666668
grid8,quartic,39,0,21,0.0023681640625000003
grid8,quartic,39,1,30,0.0024251302083333334
grid8,quartic,39,2,31,0.0024495442708333337
grid8,quartic,40,0,22,0.0023274739583333337
grid8,quartic,40,1,23,0.0023030598958333334
grid8,quartic,40,2,32,0.0023681640625000003
grid8,quartic,41,0,22,0.0024088541666666668
grid8,quartic,41,1,31,0.0024658203125000003
grid8,quartic,41,2,32,0.0024495442708333333
grid8,quartic,42,0,23,0.002164713541666666
grid8,quartic,42,1,24,0.002099609375
grid8,quartic,42,2,33,0.002164713541666666
grid8,quartic,43,0,23,0.0022867838541666668
grid8,quartic,43,1,32,0.0023437500000000003
grid8,quartic,43,2,33,0.0022867838541666668
grid8,quartic,44,0,24,0.0018391927083333333
grid8,quartic,44,1,25,0.0017333984374999995
grid8,quartic,44,2,34,0.0017985026041666663
grid8,quartic,45,0,24,0.0020019531250000003
grid8,quartic,45,1,33,0.0020589192708333334
grid8,quartic,45,2,34,0.0019612630208333333
grid8,quartic,46,0,25,0.0013509114583333333
grid8,quartic,46,1,26,0.0012044270833333334
grid8,quartic,46,2,35,0.00126953125
grid8,quartic,47,0,25,0.0015543619791666663
grid8,quartic,47,1,34,0.0016113281249999995
grid8,quartic,47,2,35,0.0014729817708333333
grid8,quartic,48,0,27,0.0015543619791666668
grid8,quartic,48,1,28,0.0016927083333333338
grid8,quartic,48,2,37,0.0017171223958333337
grid8,quartic,49,0,27,0.0014322916666666666
grid8,quartic,49,1,36,0.0014485677083333332
grid8,quartic,49,2,37,0.0015950520833333333
grid8,quartic,50,0,28,0.0020426432291666668
grid8,quartic,50,1,29,0.002140299479166667
grid8,quartic,50,2,38,0.0021647135416666668
grid8,quartic,51,0,28,0.0019612630208333333
grid8,quartic,51,1,37,0.0019775390625000003
grid8,quartic,51,2,38,0.0020833333333333337
grid8,quartic,52,0,29,0.0023681640625000003
grid8,quartic,52,1,30,0.0024251302083333334
grid8,quartic,52,2,39,0.0024495442708333337
grid8,quartic,53,0,29,0.0023274739583333337
grid8,quartic,53,1,38,0.0023437500000000003
grid8,quartic,53,2,39,0.0024088541666666668
grid8,quartic,54,0,30,0.002530924479166667
grid8,quartic,54,1,31,0.0025472005208333334
grid8,quartic,54,2,40,0.0025716145833333337
grid8,quartic,55,0,30,0.002530924479166667
grid8,quartic,55,1,39,0.0025472005208333334
grid8,quartic,55,2,40,0.0025716145833333337
grid8,quartic,56,0,31,0.0025309244791666668
grid8,quartic,56,1,32,0.002506510416666667
grid8,quartic,56,2,41,0.002530924479166667
grid8,quartic,57,0,31,0.0025716145833333333
grid8,quartic,57,1,40,0.0025878906250000003
grid8,quartic,57,2,41,0.0025716145833333337
grid8,quartic,58,0,32,0.0023681640625000003
grid8,quartic,58,1,33,0.0023030598958333334
grid8,quartic,58,2,42,0.0023274739583333337
grid8,quartic,59,0,32,0.0024495442708333333
grid8,quartic,59,1,41,0.0024658203125
grid8,quartic,59,2,42,0.0024088541666666668
grid8,quartic,60,0,33,0.0020426432291666663
grid8,quartic,60,1,34,0.001936848958333333
grid8,quartic,60,2,43,0.0019612630208333333
grid8,quartic,61,0,33,0.002164713541666666
grid8,quartic,61,1,42,0.002180989583333333
grid8,quartic,61,2,43,0.002083333333333333
grid8,quartic,62,0,34,0.0015543619791666668
grid8,quartic,62,1,35,0.0014078776041666669
grid8,quartic,62,2,44,0.0014322916666666668
grid8,quartic,63,0,34,0.001717122395833333
grid8,quartic,63,1,43,0.0017333984374999997
grid8,quartic,63,2,44,0.0015950520833333333
grid8,quartic,64,0,36,0.0015950520833333337
grid8,quartic,64,1,37,0.0017333984375000003
grid8,quartic,64,2,46,0.0017171223958333337
grid8,quartic,65,0,36,0.0014322916666666668
grid8,quartic,65,1,45,0.0014078776041666664
grid8,quartic,65,2,46,0.0015543619791666668
grid8,quartic,66,0,37,0.002083333333333333
grid8,quartic,66,1,38,0.0021809895833333334
grid8,quartic,66,2,47,0.0021647135416666668
grid8,quartic,67,0,37,0.0019612630208333333
grid8,quartic,67,1,46,0.0019368489583333334
grid8,quartic,67,2,47,0.0020426432291666668
grid8,quartic,68,0,38,0.0024088541666666668
grid8,quartic,68,1,39,0.0024658203125000003
grid8,quartic,68,2,48,0.0024495442708333333
grid8,quartic,69,0,38,0.0023274739583333337
grid8,quartic,69,1,47,0.0023030598958333334
grid8,quartic,69,2,48,0.0023681640625000003
grid8,quartic,70,0,39,0.0025716145833333333
grid8,quartic,70,1,40,0.0025878906250000003
grid8,quartic,70,2,49,0.0025716145833333337
grid8,quartic,71,0,39,0.0025309244791666668
grid8,quartic,71,1,48,0.002506510416666667
grid8,quartic,71,2,49,0.002530924479166667
grid8,quartic,72,0,40,0.0025716145833333337
grid8,quartic,72,1,41,0.0025472005208333334
grid8,quartic,72,2,50,0.002530924479166667
grid8,quartic,73,0,40,0.0025716145833333337
grid8,quartic,73,1,49,0.0025472005208333334
grid8,quartic,73,2,50,0.002530924479166667
grid8,quartic,74,0,41,0.0024088541666666668
grid8,quartic,74,1,42,0.0023437500000000003
grid8,quartic,74,2,51,0.0023274739583333337
grid8,quartic,75,0,41,0.0024495442708333337
grid8,quartic,75,1,50,0.0024251302083333334
grid8,quartic,75,2,51,0.0023681640625000003
grid8,quartic,76,0,42,0.002083333333333333
grid8,quartic,76,1,43,0.0019775390624999995
grid8,quartic,76,2,52,0.001961263020833333
grid8,quartic,77,0,42,0.0021647135416666663
grid8,quartic,77,1,51,0.002140299479166666
grid8,quartic,77,2,52,0.002042643229166666
grid8,quartic,78,0,43,0.001595052083333333
grid8,quartic,78,1,44,0.0014485677083333332
grid8,quartic,78,2,53,0.0014322916666666668
grid8,quartic,79,0,43,0.001717122395833333
grid8,quartic,79,1,52,0.001692708333333333
grid8,quartic,79,2,53,0.0015543619791666666
grid8,quartic,80,0,45,0.0014729817708333333
grid8,quartic,80,1,46,0.0016113281250000003
grid8,quartic,80,2,55,0.001554361979166667
grid8,quartic,81,0,45,0.00126953125
grid8,quartic,81,1,54,0.0012044270833333334
grid8,quartic,81,2,55,0.0013509114583333333
grid8,quartic,82,0,46,0.0019612630208333333
grid8,quartic,82,1,47,0.0020589192708333334
grid8,quartic,82,2,56,0.0020019531250000003
grid8,quartic,83,0,46,0.0017985026041666668
grid8,quartic,83,1,55,0.0017333984375000003
grid8,quartic,83,2,56,0.0018391927083333335
grid8,quartic,84,0,47,0.0022867838541666668
grid8,quartic,84,1,48,0.0023437500000000003
grid8,quartic,84,2,57,0.0022867838541666668
grid8,quartic,85,0,47,0.002164713541666666
grid8,quartic,85,1,56,0.002099609375
grid8,quartic,85,2,57,0.002164713541666666
grid8,quartic,86,0,48,0.0024495442708333333
grid8,quartic,86,1,49,0.0024658203125
grid8,quartic,86,2,58,0.0024088541666666668
grid8,quartic,87,0,48,0.0023681640625000003
grid8,quartic,87,1,57,0.0023030598958333334
grid8,quartic,87,2,58,0.0023274739583333337
grid8,quartic,88,0,49,0.0024495442708333337
grid8,quartic,88,1,50,0.0024251302083333334
grid8,quartic,88,2,59,0.0023681640625000003
grid8,quartic,89,0,49,0.0024088541666666668
grid8,quartic,89,1,58,0.0023437500000000003
grid8,quartic,89,2,59,0.0023274739583333337
grid8,quartic,90,0,50,0.0022867838541666668
grid8,quartic,90,1,51,0.0022216796875
grid8,quartic,90,2,60,0.002164713541666667
grid8,quartic,91,0,50,0.0022867838541666668
grid8,quartic,91,1,59,0.0022216796875
grid8,quartic,91,2,60,0.002164713541666667
grid8,quartic,92,0,51,0.001961263020833333
grid8,quartic,92,1,52,0.0018554687499999995
grid8,quartic,92,2,61,0.0017985026041666666
grid8,quartic,93,0,51,0.0020019531249999994
grid8,quartic,93,1,60,0.001936848958333333
grid8,quartic,93,2,61,0.001839192708333333
grid8,quartic,94,0,52,0.0014729817708333333
grid8,quartic,94,1,53,0.0013264973958333334
grid8,quartic,94,2,62,0.0012695312500000003
grid8,quartic,95,0,52,0.0015543619791666666
grid8,quartic,95,1,61,0.0014892578125
grid8,quartic,95,2,62,0.0013509114583333333
grid8,quartic,96,0,54,0.0011881510416666666
grid8,quartic,96,1,55,0.0013264973958333332
grid8,quartic,96,2,64,0.001228841145833333
grid8,quartic,97,0,54,0.0009440104166666663
grid8,quartic,97,1,63,0.000838216145833333
grid8,quartic,97,2,64,0.0009847005208333329
grid8,quartic,98,0,55,0.0016764322916666668
grid8,quartic,98,1,56,0.0017740885416666667
grid8,quartic,98,2,65,0.0016764322916666668
grid8,quartic,99,0,55,0.001472981770833333
grid8,quartic,99,1,64,0.0013671874999999997
grid8,quartic,99,2,65,0.0014729817708333333
grid8,quartic,100,0,56,0.0020019531250000003
grid8,quartic,100,1,57,0.0020589192708333334
grid8,quartic,100,2,66,0.0019612630208333333
grid8,quartic,101,0,56,0.0018391927083333333
grid8,quartic,101,1,65,0.0017333984374999995
grid8,quartic,101,2,66,0.0017985026041666663
grid8,quartic,102,0,57,0.002164713541666666
grid8,quartic,102,1,58,0.002180989583333333
grid8,quartic,102,2,67,0.002083333333333333
grid8,quartic,103,0,57,0.0020426432291666663
grid8,quartic,103,1,66,0.001936848958333333
grid8,quartic,103,2,67,0.0019612630208333333
grid8,quartic,104,0,58,0.0021647135416666663
grid8,quartic,104,1,59,0.002140299479166666
grid8,quartic,104,2,68,0.002042643229166666
grid8,quartic,105,0,58,0.002083333333333333
grid8,quartic,105,1,67,0.0019775390624999995
grid8,quartic,105,2,68,0.001961263020833333
grid8,quartic,106,0,59,0.0020019531249999994
grid8,quartic,106,1,60,0.001936848958333333
grid8,quartic,106,2,69,0.001839192708333333
grid8,quartic,107,0,59,0.001961263020833333
grid8,quartic,107,1,68,0.0018554687499999995
grid8,quartic,107,2,69,0.0017985026041666666
grid8,quartic,108,0,60,0.0016764322916666661
grid8,quartic,108,1,61,0.0015706380208333323
grid8,quartic,108,2,70,0.0014729817708333324
grid8,quartic,109,0,60,0.0016764322916666661
grid8,quartic,109,1,69,0.0015706380208333323
grid8,quartic,109,2,70,0.0014729817708333324
grid8,quartic,110,0,61,0.0011881510416666661
grid8,quartic,110,1,62,0.0010416666666666662
grid8,quartic,110,2,71,0.0009440104166666663
grid8,quartic,111,0,61,0.0012288411458333327
grid8,quartic,111,1,70,0.001123046874999999
grid8,quartic,111,2,71,0.0009847005208333327
grid8,quartic,112,0,63,0.0007405598958333331
grid8,quartic,112,1,64,0.0008789062499999997
grid8,quartic,112,2,73,0.0007405598958333333
grid8,quartic,113,0,63,0.00045572916666666646
grid8,quartic,113,1,72,0.00030924479166666665
grid8,quartic,113,2,73,0.0004557291666666667
grid8,quartic,114,0,64,0.001228841145833333
grid8,quartic,114,1,65,0.0013264973958333332
grid8,quartic,114,2,74,0.0011881510416666668
grid8,quartic,115,0,64,0.000984700520833333
grid8,quartic,115,1,73,0.0008382161458333334
grid8,quartic,115,2,74,0.0009440104166666668
grid8,quartic,116,0,65,0.0015543619791666663
grid8,quartic,116,1,66,0.0016113281249999995
grid8,quartic,116,2,75,0.0014729817708333333
grid8,quartic,117,0,65,0.0013509114583333333
grid8,quartic,117,1,74,0.0012044270833333334
grid8,quartic,117,2,75,0.00126953125
grid8,quartic,118,0,66,0.001717122395833333
grid8,quartic,118,1,67,0.0017333984374999997
grid8,quartic,118,2,76,0.0015950520833333333
grid8,quartic,119,0,66,0.0015543619791666668
grid8,quartic,119,1,75,0.0014078776041666669
grid8,quartic,119,2,76,0.0014322916666666668
grid8,quartic,120,0,67,0.001717122395833333
grid8,quartic,120,1,68,0.001692708333333333
grid8,quartic,120,2,77,0.0015543619791666666
grid8,quartic,121,0,67,0.001595052083333333
grid8,quartic,121,1,76,0.0014485677083333332
grid8,quartic,121,2,77,0.0014322916666666668
grid8,quartic,122,0,68,0.0015543619791666666
grid8,quartic,122,1,69,0.0014892578125
grid8,quartic,122,2,78,0.0013509114583333333
grid8,quartic,123,0,68,0.0014729817708333333
grid8,quartic,123,1,77,0.0013264973958333334
grid8,quartic,123,2,78,0.0012695312500000003
grid8,quartic,124,0,69,0.0012288411458333327
grid8,quartic,124,1,70,0.001123046874999999
grid8,quartic,124,2,79,0.0009847005208333327
grid8,quartic,125,0,69,0.0011881510416666661
grid8,quartic,125,1,78,0.0010416666666666662
grid8,quartic,125,2,79,0.0009440104166666663
grid8,quartic,126,0,70,0.0007405598958333327
grid8,quartic,126,1,71,0.000594075520833333
grid8,quartic,126,2,80,0.0004557291666666665
grid8,quartic,127,0,70,0.0007405598958333327
grid8,quartic,127,1,79,0.000594075520833333
grid8,quartic,127,2,80,0.0004557291666666665
grid8,mixed_affine,0,0,0,0.0
grid8,mixed_affine,0,1,1,0.0
grid8,mixed_affine,0,2,10,0.0
grid8,mixed_affine,1,0,0,0.0
grid8,mixed_affine,1,1,9,0.0
grid8,mixed_affine,1,2,10,0.0
grid8,mixed_affine,2,0,1,0.0
grid8,mixed_affine,2,1,2,0.0
grid8,mixed_affine,2,2,11,0.0
grid8,mixed_affine,3,0,1,0.0
grid8,mixed_affine,3,1,10,0.0
grid8,mixed_affine,3,2,11,0.0
grid8,mixed_affine,4,0,2,0.0
grid8,mixed_affine,4,1,3,0.0
grid8,mixed_affine,4,2,12,0.0
grid8,mixed_affine,5,0,2,0.0
grid8,mixed_affine,5,1,11,0.0
grid8,mixed_affine,5,2,12,0.0
grid8,mixed_affine,6,0,3,0.0
grid8,mixed_affine,6,1,4,0.0
grid8,mixed_affine,6,2,13,0.0
grid8,mixed_affine,7,0,3,0.0
grid8,mixed_affine,7,1,12,0.0
grid8,mixed_affine,7,2,13,0.0
grid8,mixed_affine,8,0,4,0.0
grid8,mixed_affine,8,1,5,0.0
grid8,mixed_affine,8,2,14,0.0
grid8,mixed_affine,9,0,4,0.0
grid8,mixed_affine,9,1,13,0.0
grid8,mixed_affine,9,2,14,0.0
grid8,mixed_affine,10,0,5,0.0
grid8,mixed_affine,10,1,6,0.0
grid8,mixed_affine,10,2,15,0.0
grid8,mixed_affine,11,0,5,0.0
grid8,mixed_affine,11,1,14,0.0
grid8,mixed_affine,11,2,15,0.0
grid8,mixed_affine,12,0,6,0.0
grid8,mixed_affine,12,1,7,0.0
grid8,mixed_affine,12,2,16,0.0
grid8,mixed_affine,13,0,6,0.0
grid8,mixed_affine,13,1,15,0.0
grid8,mixed_affine,13,2,16,0.0
grid8,mixed_affine,14,0,7,0.0
grid8,mixed_affine,14,1,8,0.0
grid8,mixed_affine,14,2,17,0.0
grid8,mixed_affine,15,0,7,0.0
grid8,mixed_affine,15,1,16,0.0
grid8,mixed_affine,15,2,17,0.0
grid8,mixed_affine,16,0,9,0.0
grid8,mixed_affine,16,1,10,0.0
grid8,mixed_affine,16,2,19,0.0
grid8,mixed_affine,17,0,9,0.0
grid8,mixed_affine,17,1,18,0.0
grid8,mixed_affine,17,2,19,0.0
grid8,mixed_affine,18,0,10,0.0
grid8,mixed_affine,18,1,11,0.0
grid8,mixed_affine,18,2,20,0.0
grid8,mixed_affine,19,0,10,0.0
grid8,mixed_affine,19,1,19,0.0
grid8,mixed_affine,19,2,20,0.0
grid8,mixed_affine,20,0,11,0.0
grid8,mixed_affine,20,1,12,0.0
grid8,mixed_affine,20,2,21,0.0
grid8,mixed_affine,21,0,11,0.0
grid8,mixed_affine,21,1,20,0.0
grid8,mixed_affine,21,2,21,0.0
grid8,mixed_affine,22,0,12,0.0
grid8,mixed_affine,22,1,13,0.0
grid8,mixed_affine,22,2,22,0.0
grid8,mixed_affine,23,0,12,0.0
grid8,mixed_affine,23,1,21,0.0
grid8,mixed_affine,23,2,22,0.0
grid8,mixed_affine,24,0,13,0.0
grid8,mixed_affine,24,1,14,0.0
grid8,mixed_affine,24,2,23,0.0
grid8,mixed_affine,25,0,13,0.0
grid8,mixed_affine,25,1,22,0.0
grid8,mixed_affine,25,2,23,0.0
grid8,mixed_affine,26,0,14,0.0
grid8,mixed_affine,26,1,15,0.0
grid8,mixed_affine,26,2,24,0.0
grid8,mixed_affine,27,0,14,0.0
grid8,mixed_affine,27,1,23,0.0
grid8,mixed_affine,27,2,24,0.0
grid8,mixed_affine,28,0,15,0.0
grid8,mixed_affine,28,1,16,0.0
grid8,mixed_affine,28,2,25,0.0
grid8,mixed_affine,29,0,15,0.0
grid8,mixed_affine,29,1,24,0.0
grid8,mixed_affine,29,2,25,0.0
grid8,mixed_affine,30,0,16,0.0
grid8,mixed_affine,30,1,17,0.0
grid8,mixed_affine,30,2,26,0.0
grid8,mixed_affine,31,0,16,0.0
grid8,mixed_affine,31,1,25,0.0
grid8,mixed_affine,31,2,26,0.0
grid8,mixed_affine,32,0,18,0.0
grid8,mixed_affine,32,1,19,0.0
grid8,mixed_affine,32,2,28,0.0
grid8,mixed_affine,33,0,18,0.0
grid8,mixed_affine,33,1,27,0.0
grid8,mixed_affine,33,2,28,0.0
grid8,mixed_affine,34,0,19,0.0
grid8,mixed_affine,34,1,20,0.0
grid8,mixed_affine,34,2,29,0.0
grid8,mixed_affine,35,0,19,0.0
grid8,mixed_affine,35,1,28,0.0
grid8,mixed_affine,35,2,29,0.0
grid8,mixed_affine,36,0,20,0.0
grid8,mixed_affine,36,1,21,0.0
grid8,mixed_affine,36,2,30,0.0
grid8,mixed_affine,37,0,20,0.0
grid8,mixed_affine,37,1,29,0.0
grid8,mixed_affine,37,2,30,0.0
grid8,mixed_affine,38,0,21,0.0
grid8,mixed_affine,38,1,22,0.0
grid8,mixed_affine,38,2,31,0.0
grid8,mixed_affine,39,0,21,0.0
grid8,mixed_affine,39,1,30,0.0
grid8,mixed_affine,39,2,31,0.0
grid8,mixed_affine,40,0,22,0.0
grid8,mixed_affine,40,1,23,0.0
grid8,mixed_affine,40,2,32,0.0
grid8,mixed_affine,41,0,22,0.0
grid8,mixed_affine,41,1,31,0.0
grid8,mixed_affine,41,2,32,0.0
grid8,mixed_affine,42,0,23,0.0
grid8,mixed_affine,42,1,24,0.0
grid8,mixed_affine,42,2,33,0.0
grid8,mixed_affine,43,0,23,0.0
grid8,mixed_affine,43,1,32,0.0
grid8,mixed_affine,43,2,33,0.0
grid8,mixed_affine,44,0,24,0.0
grid8,mixed_affine,44,1,25,0.0
grid8,mixed_affine,44,2,34,0.0
grid8,mixed_affine,45,0,24,0.0
grid8,mixed_affine,45,1,33,0.0
grid8,mixed_affine,45,2,34,0.0
grid8,mixed_affine,46,0,25,0.0
grid8,mixed_affine,46,1,26,0.0
grid8,mixed_affine,46,2,35,0.0
grid8,mixed_affine,47,0,25,0.0
grid8,mixed_affine,47,1,34,0.0
grid8,mixed_affine,47,2,35,0.0
grid8,mixed_affine,48,0,27,0.0
grid8,mixed_affine,48,1,28,0.0
grid8,mixed_affine,48,2,37,0.0
grid8,mixed_affine,49,0,27,0.0
grid8,mixed_affine,49,1,36,0.0
grid8,mixed_affine,49,2,37,0.0
grid8,mixed_affine,50,0,28,0.0
grid8,mixed_affine,50,1,29,0.0
grid8,mixed_affine,50,2,38,0.0
grid8,mixed_affine,51,0,28,0.0
grid8,mixed_affine,51,1,37,0.0
grid8,mixed_affine,51,2,38,0.0
grid8,mixed_affine,52,0,29,0.0
grid8,mixed_affine,52,1,30,0.0
grid8,mixed_affine,52,2,39,0.0
grid8,mixed_affine,53,0,29,0.0
grid8,mixed_affine,53,1,38,0.0
grid8,mixed_affine,53,2,39,0.0
grid8,mixed_affine,54,0,30,0.0
grid8,mixed_affine,54,1,31,0.0
grid8,mixed_affine,54,2,40,0.0
grid8,mixed_affine,55,0,30,0.0
grid8,mixed_affine,55,1,39,0.0
grid8,mixed_affine,55,2,40,0.0
grid8,mixed_affine,56,0,31,0.0
grid8,mixed_affine,56,1,32,0.0
grid8,mixed_affine,56,2,41,0.0
grid8,mixed_affine,57,0,31,0.0
grid8,mixed_affine,57,1,40,0.0
grid8,mixed_affine,57,2,41,0.0
grid8,mixed_affine,58,0,32,0.0
grid8,mixed_affine,58,1,33,0.0
grid8,mixed_affine,58,2,42,0.0
grid8,mixed_affine,59,0,32,0.0
grid8,mixed_affine,59,1,41,0.0
grid8,mixed_affine,59,2,42,0.0
grid8,mixed_affine,60,0,33,0.0
grid8,mixed_affine,60,1,34,0.0
grid8,mixed_affine,60,2,43,0.0
grid8,mixed_affine,61,0,33,0.0
grid8,mixed_affine,61,1,42,0.0
grid8,mixed_affine,61,2,43,0.0
grid8,mixed_affine,62,0,34,0.0
grid8,mixed_affine,62,1,35,0.0
grid8,mixed_affine,62,2,44,0.0
grid8,mixed_affine,63,0,34,0.0
grid8,mixed_affine,63,1,43,0.0
grid8,mixed_affine,63,2,44,0.0
grid8,mixed_affine,64,0,36,0.0
grid8,mixed_affine,64,1,37,0.0
grid8,mixed_affine,64,2,46,0.0
grid8,mixed_affine,65,0,36,0.0
grid8,mixed_affine,65,1,45,0.0
grid8,mixed_affine,65,2,46,0.0
grid8,mixed_affine,66,0,37,0.0
grid8,mixed_affine,66,1,38,0.0
grid8,mixed_affine,66,2,47,0.0
grid8,mixed_affine,67,0,37,0.0
grid8,mixed_affine,67,1,46,0.0
grid8,mixed_affine,67,2,47,0.0
grid8,mixed_affine,68,0,38,0.0
grid8,mixed_affine,68,1,39,0.0
grid8,mixed_affine,68,2,48,0.0
grid8,mixed_affine,69,0,38,0.0
grid8,mixed_affine,69,1,47,0.0
grid8,mixed_affine,69,2,48,0.0
grid8,mixed_affine,70,0,39,0.0
grid8,mixed_affine,70,1,40,0.0
grid8,mixed_affine,70,2,49,0.0
grid8,mixed_affine,71,0,39,0.0
grid8,mixed_affine,71,1,48,0.0
grid8,mixed_affine,71,2,49,0.0
grid8,mixed_affine,72,0,40,0.0
grid8,mixed_affine,72,1,41,0.0
grid8,mixed_affine,72,2,50,0.0
grid8,mixed_affine,73,0,40,0.0
grid8,mixed_affine,73,1,49,0.0
grid8,mixed_affine,73,2,50,0.0
grid8,mixed_affine,74,0,41,0.0
grid8,mixed_affine,74,1,42,0.0
grid8,mixed_affine,74,2,51,0.0
grid8,mixed_affine,75,0,41,0.0
grid8,mixed_affine,75,1,50,0.0
grid8,mixed_affine,75,2,51,0.0
grid8,mixed_affine,76,0,42,0.0
grid8,mixed_affine,76,1,43,0.0
grid8,mixed_affine,76,2,52,0.0
grid8,mixed_affine,77,0,42,0.0
grid8,mixed_affine,77,1,51,0.0
grid8,mixed_affine,77,2,52,0.0
grid8,mixed_affine,78,0,43,0.0
grid8,mixed_affine,78,1,44,0.0
grid8,mixed_affine,78,2,53,0.0
grid8,mixed_affine,79,0,43,0.0
grid8,mixed_affine,79,1,52,0.0
grid8,mixed_affine,79,2,53,0.0
grid8,mixed_affine,80,0,45,0.0
grid8,mixed_affine,80,1,46,0.0
grid8,mixed_affine,80,2,55,0.0
grid8,mixed_affine,81,0,45,0.0
grid8,mixed_affine,81,1,54,0.0
grid8,mixed_affine,81,2,55,0.0
grid8,mixed_affine,82,0,46,0.0
grid8,mixed_affine,82,1,47,0.0
grid8,mixed_affine,82,2,56,0.0
grid8,mixed_affine,83,0,46,0.0
grid8,mixed_affine,83,1,55,0.0
grid8,mixed_affine,83,2,56,0.0
grid8,mixed_affine,84,0,47,0.0
grid8,mixed_affine,84,1,48,0.0
grid8,mixed_affine,84,2,57,0.0
grid8,mixed_affine,85,0,47,0.0
grid8,mixed_affine,85,1,56,0.0
grid8,mixed_affine,85,2,57,0.0
grid8,mixed_affine,86,0,48,0.0
grid8,mixed_affine,86,1,49,0.0
grid8,mixed_affine,86,2,58,0.0
grid8,mixed_affine,87,0,48,0.0
grid8,mixed_affine,87,1,57,0.0
grid8,mixed_affine,87,2,58,0.0
grid8,mixed_affine,88,0,49,0.0
grid8,mixed_affine,88,1,50,0.0
grid8,mixed_affine,88,2,59,0.0
grid8,mixed_affine,89,0,49,0.0
grid8,mixed_affine,89,1,58,0.0
grid8,mixed_affine,89,2,59,0.0
grid8,mixed_affine,90,0,50,0.0
grid8,mixed_affine,90,1,51,0.0
grid8,mixed_affine,90,2,60,0.0
grid8,mixed_affine,91,0,50,0.0
grid8,mixed_affine,91,1,59,0.0
grid8,mixed_affine,91,2,60,0.0
grid8,mixed_affine,92,0,51,0.0
grid8,mixed_affine,92,1,52,0.0
grid8,mixed_affine,92,2,61,0.0
grid8,mixed_affine,93,0,51,0.0
grid8,mixed_affine,93,1,60,0.0
grid8,mixed_affine,93,2,61,0.0
grid8,mixed_affine,94,0,52,0.0
grid8,mixed_affine,94,1,53,0.0
grid8,mixed_affine,94,2,62,0.0
grid8,mixed_affine,95,0,52,0.0
grid8,mixed_affine,95,1,61,0.0
grid8,mixed_affine,95,2,62,0.0
grid8,mixed_affine,96,0,54,0.0
grid8,mixed_affine,96,1,55,0.0
grid8,mixed_affine,96,2,64,0.0
grid8,mixed_affine,97,0,54,0.0
grid8,mixed_affine,97,1,63,0.0
grid8,mixed_affine,97,2,64,0.0
grid8,mixed_affine,98,0,55,0.0
grid8,mixed_affine,98,1,56,0.0
grid8,mixed_affine,98,2,65,0.0
grid8,mixed_affine,99,0,55,0.0
grid8,mixed_affine,99,1,64,0.0
grid8,mixed_affine,99,2,65,0.0
grid8,mixed_affine,100,0,56,0.0
grid8,mixed_affine,100,1,57,0.0
grid8,mixed_affine,100,2,66,0.0
grid8,mixed_affine,101,0,56,0.0
grid8,mixed_affine,101,1,65,0.0
grid8,mixed_affine,101,2,66,0.0
grid8,mixed_affine,102,0,57,0.0
grid8,mixed_affine,102,1,58,0.0
grid8,mixed_affine,102,2,67,0.0
grid8,mixed_affine,103,0,57,0.0
grid8,mixed_affine,103,1,66,0.0
grid8,mixed_affine,103,2,67,0.0
grid8,mixed_affine,104,0,58,0.0
grid8,mixed_affine,104,1,59,0.0
grid8,mixed_affine,104,2,68,0.0
grid8,mixed_affine,105,0,58,0.0
grid8,mixed_affine,105,1,67,0.0
grid8,mixed_affine,105,2,68,0.0
grid8,mixed_affine,106,0,59,0.0
grid8,mixed_affine,106,1,60,0.0
grid8,mixed_affine,106,2,69,0.0
grid8,mixed_affine,107,0,59,0.0
grid8,mixed_affine,107,1,68,0.0
grid8,mixed_affine,107,2,69,0.0
grid8,mixed_affine,108,0,60,0.0
grid8,mixed_affine,108,1,61,0.0
grid8,mixed_affine,108,2,70,0.0
grid8,mixed_affine,109,0,60,0.0
grid8,mixed_affine,109,1,69,0.0
grid8,mixed_affine,109,2,70,0.0
grid8,mixed_affine,110,0,61,0.0
grid8,mixed_affine,110,1,62,0.0
grid8,mixed_affine,110,2,71,0.0
grid8,mixed_affine,111,0,61,0.0
grid8,mixed_affine,111,1,70,0.0
grid8,mixed_affine,111,2,71,0.0
grid8,mixed_affine,112,0,63,0.0
grid8,mixed_affine,112,1,64,0.0
grid8,mixed_affine,112,2,73,0.0
grid8,mixed_affine,113,0,63,0.0
grid8,mixed_affine,113,1,72,0.0
grid8,mixed_affine,113,2,73,0.0
grid8,mixed_affine,114,0,64,0.0
grid8,mixed_affine,114,1,65,0.0
grid8,mixed_affine,114,2,74,0.0
grid8,mixed_affine,115,0,64,0.0
grid8,mixed_affine,115,1,73,0.0
grid8,mixed_affine,115,2,74,0.0
grid8,mixed_affine,116,0,65,0.0
grid8,mixed_affine,116,1,66,0.0
grid8,mixed_affine,116,2,75,0.0
grid8,mixed_affine,117,0,65,0.0
grid8,mixed_affine,117,1,74,0.0
grid8,mixed_affine,117,2,75,0.0
grid8,mixed_affine,118,0,66,0.0
grid8,mixed_affine,118,1,67,0.0
grid8,mixed_affine,118,2,76,0.0
grid8,mixed_affine,119,0,66,0.0
grid8,mixed_affine,119,1,75,0.0
grid8,mixed_affine,119,2,76,0.0
grid8,mixed_affine,120,0,67,0.0
grid8,mixed_affine,120,1,68,0.0
grid8,mixed_affine,120,2,77,0.0
grid8,mixed_affine,121,0,67,0.0
grid8,mixed_affine,121,1,76,0.0
grid8,mixed_affine,121,2,77,0.0
grid8,mixed_affine,122,0,68,0.0
grid8,mixed_affine,122,1,69,0.0
grid8,mixed_affine,122,2,78,0.0
grid8,mixed_affine,123,0,68,0.0
grid8,mixed_affine,123,1,77,0.0
grid8,mixed_affine,123,2,78,0.0
grid8,mixed_affine,124,0,69,0.0
grid8,mixed_affine,124,1,70,0.0
grid8,mixed_affine,124,2,79,0.0
grid8,mixed_affine,125,0,69,0.0
grid8,mixed_affine,125,1,78,0.0
grid8,mixed_affine,125,2,79,0.0
grid8,mixed_affine,126,0,70,0.0
grid8,mixed_affine,126,1,71,0.0
grid8,mixed_affine,126,2,80,0.0
grid8,mixed_affine,127,0,70,0.0
grid8,mixed_affine,127,1,79,0.0
grid8,mixed_affine,127,2,80,0.0
grid16,constant_zero,0,0,0,0.0006510416666666666
grid16,constant_zero,0,1,1,0.0006510416666666666
grid16,constant_zero,0,2,18,0.0006510416666666666
grid16,constant_zero,1,0,0,0.0006510416666666666
grid16,constant_zero,1,1,17,0.0006510416666666666
grid16,constant_zero,1,2,18,0.0006510416666666666
grid16,constant_zero,2,0,1,0.0006510416666666666
grid16,constant_zero,2,1,2,0.0006510416666666666
grid16,constant_zero,2,2,19,0.0006510416666666666
grid16,constant_zero,3,0,1,0.0006510416666666666
grid16,constant_zero,3,1,18,0.0006510416666666666
grid16,constant_zero,3,2,19,0.0006510416666666666
grid16,constant_zero,4,0,2,0.0006510416666666666
grid16,constant_zero,4,1,3,0.0006510416666666666
grid16,constant_zero,4,2,20,0.0006510416666666666
grid16,constant_zero,5,0,2,0.0006510416666666666
grid16,constant_zero,5,1,19,0.0006510416666666666
grid16,constant_zero,5,2,20,0.0006510416666666666
grid16,constant_zero,6,0,3,0.0006510416666666666
grid16,constant_zero,6,1,4,0.0006510416666666666
grid16,constant_zero,6,2,21,0.0006510416666666666
grid16,constant_zero,7,0,3,0.0006510416666666666
grid16,constant_zero,7,1,20,0.0006510416666666666
grid16,constant_zero,7,2,21,0.0006510416666666666
grid16,constant_zero,8,0,4,0.0006510416666666666
grid16,constant_zero,8,1,5,0.0006510416666666666
grid16,constant_zero,8,2,22,0.0006510416666666666
grid16,constant_zero,9,0,4,0.0006510416666666666
grid16,constant_zero,9,1,21,0.0006510416666666666
grid16,constant_zero,9,2,22,0.0006510416666666666
grid16,constant_zero,10,0,5,0.0006510416666666666
grid16,constant_zero,10,1,6,0.0006510416666666666
grid16,constant_zero,10,2,23,0.0006510416666666666
grid16,constant_zero,11,0,5,0.0006510416666666666
grid16,constant_zero,11,1,22,0.0006510416666666666
grid16,constant_zero,11,2,23,0.0006510416666666666
grid16,constant_zero,12,0,6,0.0006510416666666666
grid16,constant_zero,12,1,7,0.0006510416666666666
grid16,constant_zero,12,2,24,0.0006510416666666666
grid16,constant_zero,13,0,6,0.0006510416666666666
grid16,constant_zero,13,1,23,0.0006510416666666666
grid16,constant_zero,13,2,24,0.0006510416666666666
grid16,constant_zero,14,0,7,0.0006510416666666666
grid16,constant_zero,14,1,8,0.0006510416666666666
grid16,constant_zero,14,2,25,0.0006510416666666666
grid16,constant_zero,15,0,7,0.0006510416666666666
grid16,constant_zero,15,1,24,0.0006510416666666666
grid16,constant_zero,15,2,25,0.0006510416666666666
grid16,constant_zero,16,0,8,0.0006510416666666666
grid16,constant_zero,16,1,9,0.0006510416666666666
grid16,constant_zero,16,2,26,0.0006510416666666666
grid16,constant_zero,17,0,8,0.0006510416666666666
grid16,constant_zero,17,1,25,0.0006510416666666666
grid16,constant_zero,17,2,26,0.0006510416666666666
grid16,constant_zero,18,0,9,0.0006510416666666666
grid16,constant_zero,18,1,10,0.0006510416666666666
grid16,constant_zero,18,2,27,0.0006510416666666666
grid16,constant_zero,19,0,9,0.0006510416666666666
grid16,constant_zero,19,1,26,0.0006510416666666666
grid16,constant_zero,19,2,27,0.0006510416666666666
grid16,constant_zero,20,0,10,0.0006510416666666666
grid16,constant_zero,20,1,11,0.0006510416666666666
grid16,constant_zero,20,2,28,0.0006510416666666666
grid16,constant_zero,21,0,10,0.0006510416666666666
grid16,constant_zero,21,1,27,0.0006510416666666666
grid16,constant_zero,21,2,28,0.0006510416666666666
grid16,constant_zero,22,0,11,0.0006510416666666666
grid16,constant_zero,22,1,12,0.0006510416666666666
grid16,constant_zero,22,2,29,0.0006510416666666666
grid16,constant_zero,23,0,11,0.0006510416666666666
grid16,constant_zero,23,1,28,0.0006510416666666666
grid16,constant_zero,23,2,29,0.0006510416666666666
grid16,constant_zero,24,0,12,0.0006510416666666666
grid16,constant_zero,24,1,13,0.0006510416666666666
grid16,constant_zero,24,2,30,0.0006510416666666666
grid16,constant_zero,25,0,12,0.0006510416666666666
grid16,constant_zero,25,1,29,0.0006510416666666666
grid16,constant_zero,25,2,30,0.0006510416666666666
grid16,constant_zero,26,0,13,0.0006510416666666666
grid16,constant_zero,26,1,14,0.0006510416666666666
grid16,constant_zero,26,2,31,0.0006510416666666666
grid16,constant_zero,27,0,13,0.0006510416666666666
grid16,constant_zero,27,1,30,0.0006510416666666666
grid16,constant_zero,27,2,31,0.0006510416666666666
grid16,constant_zero,28,0,14,0.0006510416666666666
grid16,constant_zero,28,1,15,0.0006510416666666666
grid16,constant_zero,28,2,32,0.0006510416666666666
grid16,constant_zero,29,0,14,0.0006510416666666666
grid16,constant_zero,29,1,31,0.0006510416666666666
grid16,constant_zero,29,2,32,0.0006510416666666666
grid16,constant_zero,30,0,15,0.0006510416666666666
grid16,constant_zero,30,1,16,0.0006510416666666666
grid16,constant_zero,30,2,33,0.0006510416666666666
grid16,constant_zero,31,0,15,0.0006510416666666666
grid16,constant_zero,31,1,32,0.0006510416666666666
grid16,constant_zero,31,2,33,0.0006510416666666666
grid16,constant_zero,32,0,17,0.0006510416666666666
grid16,constant_zero,32,1,18,0.0006510416666666666
grid16,constant_zero,32,2,35,0.0006510416666666666
grid16,constant_zero,33,0,17,0.0006510416666666666
grid16,constant_zero,33,1,34,0.0006510416666666666
grid16,constant_zero,33,2,35,0.0006510416666666666
grid16,constant_zero,34,0,18,0.0006510416666666666
grid16,constant_zero,34,1,19,0.0006510416666666666
grid16,constant_zero,34,2,36,0.0006510416666666666
grid16,constant_zero,35,0,18,0.0006510416666666666
grid16,constant_zero,35,1,35,0.0006510416666666666
grid16,constant_zero,35,2,36,0.0006510416666666666
grid16,constant_zero,36,0,19,0.0006510416666666666
grid16,constant_zero,36,1,20,0.0006510416666666666
grid16,constant_zero,36,2,37,0.0006510416666666666
grid16,constant_zero,37,0,19,0.0006510416666666666
grid16,constant_zero,37,1,36,0.0006510416666666666
grid16,constant_zero,37,2,37,0.0006510416666666666
grid16,constant_zero,38,0,20,0.0006510416666666666
grid16,constant_zero,38,1,21,0.0006510416666666666
grid16,constant_zero,38,2,38,0.0006510416666666666
grid16,constant_zero,39,0,20,0.0006510416666666666
grid16,constant_zero,39,1,37,0.0006510416666666666
grid16,constant_zero,39,2,38,0.0006510416666666666
grid16,constant_zero,40,0,21,0.0006510416666666666
grid16,constant_zero,40,1,22,0.0006510416666666666
grid16,constant_zero,40,2,39,0.0006510416666666666
grid16,constant_zero,41,0,21,0.0006510416666666666
grid16,constant_zero,41,1,38,0.0006510416666666666
grid16,constant_zero,41,2,39,0.0006510416666666666
grid16,constant_zero,42,0,22,0.0006510416666666666
grid16,constant_zero,42,1,23,0.0006510416666666666
grid16,constant_zero,42,2,40,0.0006510416666666666
grid16,constant_zero,43,0,22,0.0006510416666666666
grid16,constant_zero,43,1,39,0.0006510416666666666
grid16,constant_zero,43,2,40,0.0006510416666666666
grid16,constant_zero,44,0,23,0.0006510416666666666
grid16,constant_zero,44,1,24,0.0006510416666666666
grid16,constant_zero,44,2,41,0.0006510416666666666
grid16,constant_zero,45,0,23,0.0006510416666666666
grid16,constant_zero,45,1,40,0.0006510416666666666
grid16,constant_zero,45,2,41,0.0006510416666666666
grid16,constant_zero,46,0,24,0.0006510416666666666
grid16,constant_zero,46,1,25,0.0006510416666666666
grid16,constant_zero,46,2,42,0.0006510416666666666
grid16,constant_zero,47,0,24,0.0006510416666666666
grid16,constant_zero,47,1,41,0.0006510416666666666
grid16,constant_zero,47,2,42,0.0006510416666666666
grid16,constant_zero,48,0,25,0.0006510416666666666
grid16,constant_zero,48,1,26,0.0006510416666666666
grid16,constant_zero,48,2,43,0.0006510416666666666
grid16,constant_zero,49,0,25,0.0006510416666666666
grid16,constant_zero,49,1,42,0.0006510416666666666
grid16,constant_zero,49,2,43,0.0006510416666666666
grid16,constant_zero,50,0,26,0.0006510416666666666
grid16,constant_zero,50,1,27,0.0006510416666666666
grid16,constant_zero,50,2,44,0.0006510416666666666
grid16,constant_zero,51,0,26,0.0006510416666666666
grid16,constant_zero,51,1,43,0.0006510416666666666
grid16,constant_zero,51,2,44,0.0006510416666666666
grid16,constant_zero,52,0,27,0.0006510416666666666
grid16,constant_zero,52,1,28,0.0006510416666666666
grid16,constant_zero,52,2,45,0.0006510416666666666
grid16,constant_zero,53,0,27,0.0006510416666666666
grid16,constant_zero,53,1,44,0.0006510416666666666
grid16,constant_zero,53,2,45,0.0006510416666666666
grid16,constant_zero,54,0,28,0.0006510416666666666
grid16,constant_zero,54,1,29,0.0006510416666666666
grid16,constant_zero,54,2,46,0.0006510416666666666
grid16,constant_zero,55,0,28,0.0006510416666666666
grid16,constant_zero,55,1,45,0.0006510416666666666
grid16,constant_zero,55,2,46,0.0006510416666666666
grid16,constant_zero,56,0,29,0.0006510416666666666
grid16,constant_zero,56,1,30,0.0006510416666666666
grid16,constant_zero,56,2,47,0.0006510416666666666
grid16,constant_zero,57,0,29,0.0006510416666666666
grid16,constant_zero,57,1,46,0.0006510416666666666
grid16,constant_zero,57,2,47,0.0006510416666666666
grid16,constant_zero,58,0,30,0.0006510416666666666
grid16,constant_zero,58,1,31,0.0006510416666666666
grid16,constant_zero,58,2,48,0.0006510416666666666
grid16,constant_zero,59,0,30,0.0006510416666666666
grid16,constant_zero,59,1,47,0.0006510416666666666
grid16,constant_zero,59,2,48,0.0006510416666666666
grid16,constant_zero,60,0,31,0.0006510416666666666
grid16,constant_zero,60,1,32,0.0006510416666666666
grid16,constant_zero,60,2,49,0.0006510416666666666
grid16,constant_zero,61,0,31,0.0006510416666666666
grid16,constant_zero,61,1,48,0.0006510416666666666
grid16,constant_zero,61,2,49,0.0006510416666666666
grid16,constant_zero,62,0,32,0.0006510416666666666
grid16,constant_zero,62,1,33,0.0006510416666666666
grid16,constant_zero,62,2,50,0.0006510416666666666
grid16,constant_zero,63,0,32,0.0006510416666666666
grid16,constant_zero,63,1,49,0.0006510416666666666
grid16,constant_zero,63,2,50,0.0006510416666666666
grid16,constant_zero,64,0,34,0.0006510416666666666
grid16,constant_zero,64,1,35,0.0006510416666666666
grid16,constant_zero,64,2,52,0.0006510416666666666
grid16,constant_zero,65,0,34,0.0006510416666666666
grid16,constant_zero,65,1,51,0.0006510416666666666
grid16,constant_zero,65,2,52,0.0006510416666666666
grid16,constant_zero,66,0,35,0.0006510416666666666
grid16,constant_zero,66,1,36,0.0006510416666666666
grid16,constant_zero,66,2,53,0.0006510416666666666
grid16,constant_zero,67,0,35,0.0006510416666666666
grid16,constant_zero,67,1,52,0.0006510416666666666
grid16,constant_zero,67,2,53,0.0006510416666666666
grid16,constant_zero,68,0,36,0.0006510416666666666
grid16,constant_zero,68,1,37,0.0006510416666666666
grid16,constant_zero,68,2,54,0.0006510416666666666
grid16,constant_zero,69,0,36,0.0006510416666666666
grid16,constant_zero,69,1,53,0.0006510416666666666
grid16,constant_zero,69,2,54,0.0006510416666666666
grid16,constant_zero,70,0,37,0.0006510416666666666
grid16,constant_zero,70,1,38,0.0006510416666666666
grid16,constant_zero,70,2,55,0.0006510416666666666
grid16,constant_zero,71,0,37,0.0006510416666666666
grid16,constant_zero,71,1,54,0.0006510416666666666
grid16,constant_zero,71,2,55,0.0006510416666666666
grid16,constant_zero,72,0,38,0.0006510416666666666
grid16,constant_zero,72,1,39,0.0006510416666666666
grid16,constant_zero,72,2,56,0.0006510416666666666
grid16,constant_zero,73,0,38,0.0006510416666666666
grid16,constant_zero,73,1,55,0.0006510416666666666
grid16,constant_zero,73,2,56,0.0006510416666666666
grid16,constant_zero,74,0,39,0.0006510416666666666
grid16,constant_zero,74,1,40,0.0006510416666666666
grid16,constant_zero,74,2,57,0.0006510416666666666
grid16,constant_zero,75,0,39,0.0006510416666666666
grid16,constant_zero,75,1,56,0.0006510416666666666
grid16,constant_zero,75,2,57,0.0006510416666666666
grid16,constant_zero,76,0,40,0.0006510416666666666
grid16,constant_zero,76,1,41,0.0006510416666666666
grid16,constant_zero,76,2,58,0.0006510416666666666
grid16,constant_zero,77,0,40,0.0006510416666666666
grid16,constant_zero,77,1,57,0.0006510416666666666
grid16,constant_zero,77,2,58,0.0006510416666666666
grid16,constant_zero,78,0,41,0.0006510416666666666
grid16,constant_zero,78,1,42,0.0006510416666666666
grid16,constant_zero,78,2,59,0.0006510416666666666
grid16,constant_zero,79,0,41,0.0006510416666666666
grid16,constant_zero,79,1,58,0.0006510416666666666
grid16,constant_zero,79,2,59,0.0006510416666666666
grid16,constant_zero,80,0,42,0.0006510416666666666
grid16,constant_zero,80,1,43,0.0006510416666666666
grid16,constant_zero,80,2,60,0.0006510416666666666
grid16,constant_zero,81,0,42,0.0006510416666666666
grid16,constant_zero,81,1,59,0.0006510416666666666
grid16,constant_zero,81,2,60,0.0006510416666666666
grid16,constant_zero,82,0,43,0.0006510416666666666
grid16,constant_zero,82,1,44,0.0006510416666666666
grid16,constant_zero,82,2,61,0.0006510416666666666
grid16,constant_zero,83,0,43,0.0006510416666666666
grid16,constant_zero,83,1,60,0.0006510416666666666
grid16,constant_zero,83,2,61,0.0006510416666666666
grid16,constant_zero,84,0,44,0.0006510416666666666
grid16,constant_zero,84,1,45,0.0006510416666666666
grid16,constant_zero,84,2,62,0.0006510416666666666
grid16,constant_zero,85,0,44,0.0006510416666666666
grid16,constant_zero,85,1,61,0.0006510416666666666
grid16,constant_zero,85,2,62,0.0006510416666666666
grid16,constant_zero,86,0,45,0.0006510416666666666
grid16,constant_zero,86,1,46,0.0006510416666666666
grid16,constant_zero,86,2,63,0.0006510416666666666
grid16,constant_zero,87,0,45,0.0006510416666666666
grid16,constant_zero,87,1,62,0.0006510416666666666
grid16,constant_zero,87,2,63,0.0006510416666666666
grid16,constant_zero,88,0,46,0.0006510416666666666
grid16,constant_zero,88,1,47,0.0006510416666666666
grid16,constant_zero,88,2,64,0.0006510416666666666
grid16,constant_zero,89,0,46,0.0006510416666666666
grid16,constant_zero,89,1,63,0.0006510416666666666
grid16,constant_zero,89,2,64,0.0006510416666666666
grid16,constant_zero,90,0,47,0.0006510416666666666
grid16,constant_zero,90,1,48,0.0006510416666666666
grid16,constant_zero,90,2,65,0.0006510416666666666
grid16,constant_zero,91,0,47,0.0006510416666666666
grid16,constant_zero,91,1,64,0.0006510416666666666
grid16,constant_zero,91,2,65,0.0006510416666666666
grid16,constant_zero,92,0,48,0.0006510416666666666
grid16,constant_zero,92,1,49,0.0006510416666666666
grid16,constant_zero,92,2,66,0.0006510416666666666
grid16,constant_zero,93,0,48,0.0006510416666666666
grid16,constant_zero,93,1,65,0.0006510416666666666
grid16,constant_zero,93,2,66,0.0006510416666666666
grid16,constant_zero,94,0,49,0.0006510416666666666
grid16,constant_zero,94,1,50,0.0006510416666666666
grid16,constant_zero,94,2,67,0.0006510416666666666
grid16,constant_zero,95,0,49,0.0006510416666666666
grid16,constant_zero,95,1,66,0.0006510416666666666
grid16,constant_zero,95,2,67,0.0006510416666666666
grid16,constant_zero,96,0,51,0.0006510416666666666
grid16,constant_zero,96,1,52,0.0006510416666666666
grid16,constant_zero,96,2,69,0.0006510416666666666
grid16,constant_zero,97,0,51,0.0006510416666666666
grid16,constant_zero,97,1,68,0.0006510416666666666
grid16,constant_zero,97,2,69,0.0006510416666666666
grid16,constant_zero,98,0,52,0.0006510416666666666
grid16,constant_zero,98,1,53,0.0006510416666666666
grid16,constant_zero,98,2,70,0.0006510416666666666
grid16,constant_zero,99,0,52,0.0006510416666666666
grid16,constant_zero,99,1,69,0.0006510416666666666
grid16,constant_zero,99,2,70,0.0006510416666666666
grid16,constant_zero,100,0,53,0.0006510416666666666
grid16,constant_zero,100,1,54,0.0006510416666666666
grid16,constant_zero,100,2,71,0.0006510416666666666
grid16,constant_zero,101,0,53,0.0006510416666666666
grid16,constant_zero,101,1,70,0.0006510416666666666
grid16,constant_zero,101,2,71,0.0006510416666666666
grid16,constant_zero,102,0,54,0.0006510416666666666
grid16,constant_zero,102,1,55,0.0006510416666666666
grid16,constant_zero,102,2,72,0.0006510416666666666
grid16,constant_zero,103,0,54,0.0006510416666666666
grid16,constant_zero,103,1,71,0.0006510416666666666
grid16,constant_zero,103,2,72,0.0006510416666666666
grid16,constant_zero,104,0,55,0.0006510416666666666
grid16,constant_zero,104,1,56,0.0006510416666666666
grid16,constant_zero,104,2,73,0.0006510416666666666
grid16,constant_zero,105,0,55,0.0006510416666666666
grid16,constant_zero,105,1,72,0.0006510416666666666
grid16,constant_zero,105,2,73,0.0006510416666666666
grid16,constant_zero,106,0,56,0.0006510416666666666
grid16,constant_zero,106,1,57,0.0006510416666666666
grid16,constant_zero,106,2,74,0.0006510416666666666
grid16,constant_zero,107,0,56,0.0006510416666666666
grid16,constant_zero,107,1,73,0.0006510416666666666
grid16,constant_zero,107,2,74,0.0006510416666666666
grid16,constant_zero,108,0,57,0.0006510416666666666
grid16,constant_zero,108,1,58,0.0006510416666666666
grid16,constant_zero,108,2,75,0.0006510416666666666
grid16,constant_zero,109,0,57,0.0006510416666666666
grid16,constant_zero,109,1,74,0.0006510416666666666
grid16,constant_zero,109,2,75,0.0006510416666666666
grid16,constant_zero,110,0,58,0.0006510416666666666
grid16,constant_zero,110,1,59,0.0006510416666666666
grid16,constant_zero,110,2,76,0.0006510416666666666
grid16,constant_zero,111,0,58,0.0006510416666666666
grid16,constant_zero,111,1,75,0.0006510416666666666
grid16,constant_zero,111,2,76,0.0006510416666666666
grid16,constant_zero,112,0,59,0.0006510416666666666
grid16,constant_zero,112,1,60,0.0006510416666666666
grid16,constant_zero,112,2,77,0.0006510416666666666
grid16,constant_zero,113,0,59,0.0006510416666666666
grid16,constant_zero,113,1,76,0.0006510416666666666
grid16,constant_zero,113,2,77,0.0006510416666666666
grid16,constant_zero,114,0,60,0.0006510416666666666
grid16,constant_zero,114,1,61,0.0006510416666666666
grid16,constant_zero,114,2,78,0.0006510416666666666
grid16,constant_zero,115,0,60,0.0006510416666666666
grid16,constant_zero,115,1,77,0.0006510416666666666
grid16,constant_zero,115,2,78,0.0006510416666666666
grid16,constant_zero,116,0,61,0.0006510416666666666
grid16,constant_zero,116,1,62,0.0006510416666666666
grid16,constant_zero,116,2,79,0.0006510416666666666
grid16,constant_zero,117,0,61,0.0006510416666666666
grid16,constant_zero,117,1,78,0.0006510416666666666
grid16,constant_zero,117,2,79,0.0006510416666666666
grid16,constant_zero,118,0,62,0.0006510416666666666
grid16,constant_zero,118,1,63,0.0006510416666666666
grid16,constant_zero,118,2,80,0.0006510416666666666
grid16,constant_zero,119,0,62,0.0006510416666666666
grid16,constant_zero,119,1,79,0.0006510416666666666
grid16,constant_zero,119,2,80,0.0006510416666666666
grid16,constant_zero,120,0,63,0.0006510416666666666
grid16,constant_zero,120,1,64,0.0006510416666666666
grid16,constant_zero,120,2,81,0.0006510416666666666
grid16,constant_zero,121,0,63,0.0006510416666666666
grid16,constant_zero,121,1,80,0.0006510416666666666
grid16,constant_zero,121,2,81,0.0006510416666666666
grid16,constant_zero,122,0,64,0.0006510416666666666
grid16,constant_zero,122,1,65,0.0006510416666666666
grid16,constant_zero,122,2,82,0.0006510416666666666
grid16,constant_zero,123,0,64,0.0006510416666666666
grid16,constant_zero,123,1,81,0.0006510416666666666
grid16,constant_zero,123,2,82,0.0006510416666666666
grid16,constant_zero,124,0,65,0.0006510416666666666
grid16,constant_zero,124,1,66,0.0006510416666666666
grid16,constant_zero,124,2,83,0.0006510416666666666
grid16,constant_zero,125,0,65,0.0006510416666666666
grid16,constant_zero,125,1,82,0.0006510416666666666
grid16,constant_zero,125,2,83,0.0006510416666666666
grid16,constant_zero,126,0,66,0.0006510416666666666
grid16,constant_zero,126,1,67,0.0006510416666666666
grid16,constant_zero,126,2,84,0.0006510416666666666
grid16,constant_zero,127,0,66,0.0006510416666666666
grid16,constant_zero,127,1,83,0.0006510416666666666
grid16,constant_zero,127,2,84,0.0006510416666666666
grid16,constant_zero,128,0,68,0.0006510416666666666
grid16,constant_zero,128,1,69,0.0006510416666666666
grid16,constant_zero,128,2,86,0.0006510416666666666
grid16,constant_zero,129,0,68,0.0006510416666666666
grid16,constant_zero,129,1,85,0.0006510416666666666
grid16,constant_zero,129,2,86,0.0006510416666666666
grid16,constant_zero,130,0,69,0.0006510416666666666
grid16,constant_zero,130,1,70,0.0006510416666666666
grid16,constant_zero,130,2,87,0.0006510416666666666
grid16,constant_zero,131,0,69,0.0006510416666666666
grid16,constant_zero,131,1,86,0.0006510416666666666
grid16,constant_zero,131,2,87,0.0006510416666666666
grid16,constant_zero,132,0,70,0.0006510416666666666
grid16,constant_zero,132,1,71,0.0006510416666666666
grid16,constant_zero,132,2,88,0.0006510416666666666
grid16,constant_zero,133,0,70,0.0006510416666666666
grid16,constant_zero,133,1,87,0.0006510416666666666
grid16,constant_zero,133,2,88,0.0006510416666666666
grid16,constant_zero,134,0,71,0.0006510416666666666
grid16,constant_zero,134,1,72,0.0006510416666666666
grid16,constant_zero,134,2,89,0.0006510416666666666
grid16,constant_zero,135,0,71,0.0006510416666666666
grid16,constant_zero,135,1,88,0.0006510416666666666
grid16,constant_zero,135,2,89,0.0006510416666666666
grid16,constant_zero,136,0,72,0.0006510416666666666
grid16,constant_zero,136,1,73,0.0006510416666666666
grid16,constant_zero,136,2,90,0.0006510416666666666
grid16,constant_zero,137,0,72,0.0006510416666666666
grid16,constant_zero,137,1,89,0.0006510416666666666
grid16,constant_zero,137,2,90,0.0006510416666666666
grid16,constant_zero,138,0,73,0.0006510416666666666
grid16,constant_zero,138,1,74,0.0006510416666666666
grid16,constant_zero,138,2,91,0.0006510416666666666
grid16,constant_zero,139,0,73,0.0006510416666666666
grid16,constant_zero,139,1,90,0.0006510416666666666
grid16,constant_zero,139,2,91,0.0006510416666666666
grid16,constant_zero,140,0,74,0.0006510416666666666
grid16,constant_zero,140,1,75,0.0006510416666666666
grid16,constant_zero,140,2,92,0.0006510416666666666
grid16,constant_zero,141,0,74,0.0006510416666666666
grid16,constant_zero,141,1,91,0.0006510416666666666
grid16,constant_zero,141,2,92,0.0006510416666666666
grid16,constant_zero,142,0,75,0.0006510416666666666
grid16,constant_zero,142,1,76,0.0006510416666666666
grid16,constant_zero,142,2,93,0.0006510416666666666
grid16,constant_zero,143,0,75,0.0006510416666666666
grid16,constant_zero,143,1,92,0.0006510416666666666
grid16,constant_zero,143,2,93,0.0006510416666666666
grid16,constant_zero,144,0,76,0.0006510416666666666
grid16,constant_zero,144,1,77,0.0006510416666666666
grid16,constant_zero,144,2,94,0.0006510416666666666
grid16,constant_zero,145,0,76,0.0006510416666666666
grid16,constant_zero,145,1,93,0.0006510416666666666
grid16,constant_zero,145,2,94,0.0006510416666666666
grid16,constant_zero,146,0,77,0.0006510416666666666
grid16,constant_zero,146,1,78,0.0006510416666666666
grid16,constant_zero,146,2,95,0.0006510416666666666
grid16,constant_zero,147,0,77,0.0006510416666666666
grid16,constant_zero,147,1,94,0.0006510416666666666
grid16,constant_zero,147,2,95,0.0006510416666666666
grid16,constant_zero,148,0,78,0.0006510416666666666
grid16,constant_zero,148,1,79,0.0006510416666666666
grid16,constant_zero,148,2,96,0.0006510416666666666
grid16,constant_zero,149,0,78,0.0006510416666666666
grid16,constant_zero,149,1,95,0.0006510416666666666
grid16,constant_zero,149,2,96,0.0006510416666666666
grid16,constant_zero,150,0,79,0.0006510416666666666
grid16,constant_zero,150,1,80,0.0006510416666666666
grid16,constant_zero,150,2,97,0.0006510416666666666
grid16,constant_zero,151,0,79,0.0006510416666666666
grid16,constant_zero,151,1,96,0.0006510416666666666
grid16,constant_zero,151,2,97,0.0006510416666666666
grid16,constant_zero,152,0,80,0.0006510416666666666
grid16,constant_zero,152,1,81,0.0006510416666666666
grid16,constant_zero,152,2,98,0.0006510416666666666
grid16,constant_zero,153,0,80,0.0006510416666666666
grid16,constant_zero,153,1,97,0.0006510416666666666
grid16,constant_zero,153,2,98,0.0006510416666666666
grid16,constant_zero,154,0,81,0.0006510416666666666
grid16,constant_zero,154,1,82,0.0006510416666666666
grid16,constant_zero,154,2,99,0.0006510416666666666
grid16,constant_zero,155,0,81,0.0006510416666666666
grid16,constant_zero,155,1,98,0.0006510416666666666
grid16,constant_zero,155,2,99,0.0006510416666666666
grid16,constant_zero,156,0,82,0.0006510416666666666
grid16,constant_zero,156,1,83,0.0006510416666666666
grid16,constant_zero,156,2,100,0.0006510416666666666
grid16,constant_zero,157,0,82,0.0006510416666666666
grid16,constant_zero,157,1,99,0.0006510416666666666
grid16,constant_zero,157,2,100,0.0006510416666666666
grid16,constant_zero,158,0,83,0.0006510416666666666
grid16,constant_zero,158,1,84,0.0006510416666666666
grid16,constant_zero,158,2,101,0.0006510416666666666
grid16,constant_zero,159,0,83,0.0006510416666666666
grid16,constant_zero,159,1,100,0.0006510416666666666
grid16,constant_zero,159,2,101,0.0006510416666666666
grid16,constant_zero,160,0,85,0.0006510416666666666
grid16,constant_zero,160,1,86,0.0006510416666666666
grid16,constant_zero,160,2,103,0.0006510416666666666
grid16,constant_zero,161,0,85,0.0006510416666666666
grid16,constant_zero,161,1,102,0.0006510416666666666
grid16,constant_zero,161,2,103,0.0006510416666666666
grid16,constant_zero,162,0,86,0.0006510416666666666
grid16,constant_zero,162,1,87,0.0006510416666666666
grid16,constant_zero,162,2,104,0.0006510416666666666
grid16,constant_zero,163,0,86,0.0006510416666666666
grid16,constant_zero,163,1,103,0.0006510416666666666
grid16,constant_zero,163,2,104,0.0006510416666666666
grid16,constant_zero,164,0,87,0.0006510416666666666
grid16,constant_zero,164,1,88,0.0006510416666666666
grid16,constant_zero,164,2,105,0.0006510416666666666
grid16,constant_zero,165,0,87,0.0006510416666666666
grid16,constant_zero,165,1,104,0.0006510416666666666
grid16,constant_zero,165,2,105,0.0006510416666666666
grid16,constant_zero,166,0,88,0.0006510416666666666
grid16,constant_zero,166,1,89,0.0006510416666666666
grid16,constant_zero,166,2,106,0.0006510416666666666
grid16,constant_zero,167,0,88,0.0006510416666666666
grid16,constant_zero,167,1,105,0.0006510416666666666
grid16,constant_zero,167,2,106,0.0006510416666666666
grid16,constant_zero,168,0,89,0.0006510416666666666
grid16,constant_zero,168,1,90,0.0006510416666666666
grid16,constant_zero,168,2,107,0.0006510416666666666
grid16,constant_zero,169,0,89,0.0006510416666666666
grid16,constant_zero,169,1,106,0.0006510416666666666
grid16,constant_zero,169,2,107,0.0006510416666666666
grid16,constant_zero,170,0,90,0.0006510416666666666
grid16,constant_zero,170,1,91,0.0006510416666666666
grid16,constant_zero,170,2,108,0.0006510416666666666
grid16,constant_zero,171,0,90,0.0006510416666666666
grid16,constant_zero,171,1,107,0.0006510416666666666
grid16,constant_zero,171,2,108,0.0006510416666666666
grid16,constant_zero,172,0,91,0.0006510416666666666
grid16,constant_zero,172,1,92,0.0006510416666666666
grid16,constant_zero,172,2,109,0.0006510416666666666
grid16,constant_zero,173,0,91,0.0006510416666666666
grid16,constant_zero,173,1,108,0.0006510416666666666
grid16,constant_zero,173,2,109,0.0006510416666666666
grid16,constant_zero,174,0,92,0.0006510416666666666
grid16,constant_zero,174,1,93,0.0006510416666666666
grid16,constant_zero,174,2,110,0.0006510416666666666
grid16,constant_zero,175,0,92,0.0006510416666666666
grid16,constant_zero,175,1,109,0.0006510416666666666
grid16,constant_zero,175,2,110,0.0006510416666666666
grid16,constant_zero,176,0,93,0.0006510416666666666
grid16,constant_zero,176,1,94,0.0006510416666666666
grid16,constant_zero,176,2,111,0.0006510416666666666
grid16,constant_zero,177,0,93,0.0006510416666666666
grid16,constant_zero,177,1,110,0.0006510416666666666
grid16,constant_zero,177,2,111,0.0006510416666666666
grid16,constant_zero,178,0,94,0.0006510416666666666
grid16,constant_zero,178,1,95,0.0006510416666666666
grid16,constant_zero,178,2,112,0.0006510416666666666
grid16,constant_zero,179,0,94,0.0006510416666666666
grid16,constant_zero,179,1,111,0.0006510416666666666
grid16,constant_zero,179,2,112,0.0006510416666666666
grid16,constant_zero,180,0,95,0.0006510416666666666
grid16,constant_zero,180,1,96,0.0006510416666666666
grid16,constant_zero,180,2,113,0.0006510416666666666
grid16,constant_zero,181,0,95,0.0006510416666666666
grid16,constant_zero,181,1,112,0.0006510416666666666
grid16,constant_zero,181,2,113,0.0006510416666666666
grid16,constant_zero,182,0,96,0.0006510416666666666
grid16,constant_zero,182,1,97,0.0006510416666666666
grid16,constant_zero,182,2,114,0.0006510416666666666
grid16,constant_zero,183,0,96,0.0006510416666666666
grid16,constant_zero,183,1,113,0.0006510416666666666
grid16,constant_zero,183,2,114,0.0006510416666666666
grid16,constant_zero,184,0,97,0.0006510416666666666
grid16,constant_zero,184,1,98,0.0006510416666666666
grid16,constant_zero,184,2,115,0.0006510416666666666
grid16,constant_zero,185,0,97,0.0006510416666666666
grid16,constant_zero,185,1,114,0.0006510416666666666
grid16,constant_zero,185,2,115,0.0006510416666666666
grid16,constant_zero,186,0,98,0.0006510416666666666
grid16,constant_zero,186,1,99,0.0006510416666666666
grid16,constant_zero,186,2,116,0.0006510416666666666
grid16,constant_zero,187,0,98,0.0006510416666666666
grid16,constant_zero,187,1,115,0.0006510416666666666
grid16,constant_zero,187,2,116,0.0006510416666666666
grid16,constant_zero,188,0,99,0.0006510416666666666
grid16,constant_zero,188,1,100,0.0006510416666666666
grid16,constant_zero,188,2,117,0.0006510416666666666
grid16,constant_zero,189,0,99,0.0006510416666666666
grid16,constant_zero,189,1,116,0.0006510416666666666
grid16,constant_zero,189,2,117,0.0006510416666666666
grid16,constant_zero,190,0,100,0.0006510416666666666
grid16,constant_zero,190,1,101,0.0006510416666666666
grid16,constant_zero,190,2,118,0.0006510416666666666
grid16,constant_zero,191,0,100,0.0006510416666666666
grid16,constant_zero,191,1,117,0.0006510416666666666
grid16,constant_zero,191,2,118,0.0006510416666666666
grid16,constant_zero,192,0,102,0.0006510416666666666
grid16,constant_zero,192,1,103,0.0006510416666666666
grid16,constant_zero,192,2,120,0.0006510416666666666
grid16,constant_zero,193,0,102,0.0006510416666666666
grid16,constant_zero,193,1,119,0.0006510416666666666
grid16,constant_zero,193,2,120,0.0006510416666666666
grid16,constant_zero,194,0,103,0.0006510416666666666
grid16,constant_zero,194,1,104,0.0006510416666666666
grid16,constant_zero,194,2,121,0.0006510416666666666
grid16,constant_zero,195,0,103,0.0006510416666666666
grid16,constant_zero,195,1,120,0.0006510416666666666
grid16,constant_zero,195,2,121,0.0006510416666666666
grid16,constant_zero,196,0,104,0.0006510416666666666
grid16,constant_zero,196,1,105,0.0006510416666666666
grid16,constant_zero,196,2,122,0.0006510416666666666
grid16,constant_zero,197,0,104,0.0006510416666666666
grid16,constant_zero,197,1,121,0.0006510416666666666
grid16,constant_zero,197,2,122,0.0006510416666666666
grid16,constant_zero,198,0,105,0.0006510416666666666
grid16,constant_zero,198,1,106,0.0006510416666666666
grid16,constant_zero,198,2,123,0.0006510416666666666
grid16,constant_zero,199,0,105,0.0006510416666666666
grid16,constant_zero,199,1,122,0.0006510416666666666
grid16,constant_zero,199,2,123,0.0006510416666666666
grid16,constant_zero,200,0,106,0.0006510416666666666
grid16,constant_zero,200,1,107,0.0006510416666666666
grid16,constant_zero,200,2,124,0.0006510416666666666
grid16,constant_zero,201,0,106,0.0006510416666666666
grid16,constant_zero,201,1,123,0.0006510416666666666
grid16,constant_zero,201,2,124,0.0006510416666666666
grid16,constant_zero,202,0,107,0.0006510416666666666
grid16,constant_zero,202,1,108,0.0006510416666666666
grid16,constant_zero,202,2,125,0.0006510416666666666
grid16,constant_zero,203,0,107,0.0006510416666666666
grid16,constant_zero,203,1,124,0.0006510416666666666
grid16,constant_zero,203,2,125,0.0006510416666666666
grid16,constant_zero,204,0,108,0.0006510416666666666
grid16,constant_zero,204,1,109,0.0006510416666666666
grid16,constant_zero,204,2,126,0.0006510416666666666
grid16,constant_zero,205,0,108,0.0006510416666666666
grid16,constant_zero,205,1,125,0.0006510416666666666
grid16,constant_zero,205,2,126,0.0006510416666666666
grid16,constant_zero,206,0,109,0.0006510416666666666
grid16,constant_zero,206,1,110,0.0006510416666666666
grid16,constant_zero,206,2,127,0.0006510416666666666
grid16,constant_zero,207,0,109,0.0006510416666666666
grid16,constant_zero,207,1,126,0.0006510416666666666
grid16,constant_zero,207,2,127,0.0006510416666666666
grid16,constant_zero,208,0,110,0.0006510416666666666
grid16,constant_zero,208,1,111,0.0006510416666666666
grid16,constant_zero,208,2,128,0.0006510416666666666
grid16,constant_zero,209,0,110,0.0006510416666666666
grid16,constant_zero,209,1,127,0.0006510416666666666
grid16,constant_zero,209,2,128,0.0006510416666666666
grid16,constant_zero,210,0,111,0.0006510416666666666
grid16,constant_zero,210,1,112,0.0006510416666666666
grid16,constant_zero,210,2,129,0.0006510416666666666
grid16,constant_zero,211,0,111,0.0006510416666666666
grid16,constant_zero,211,1,128,0.0006510416666666666
grid16,constant_zero,211,2,129,0.0006510416666666666
grid16,constant_zero,212,0,112,0.0006510416666666666
grid16,constant_zero,212,1,113,0.0006510416666666666
grid16,constant_zero,212,2,130,0.0006510416666666666
grid16,constant_zero,213,0,112,0.0006510416666666666
grid16,constant_zero,213,1,129,0.0006510416666666666
grid16,constant_zero,213,2,130,0.0006510416666666666
grid16,constant_zero,214,0,113,0.0006510416666666666
grid16,constant_zero,214,1,114,0.0006510416666666666
grid16,constant_zero,214,2,131,0.0006510416666666666
grid16,constant_zero,215,0,113,0.0006510416666666666
grid16,constant_zero,215,1,130,0.0006510416666666666
grid16,constant_zero,215,2,131,0.0006510416666666666
grid16,constant_zero,216,0,114,0.0006510416666666666
grid16,constant_zero,216,1,115,0.0006510416666666666
grid16,constant_zero,216,2,132,0.0006510416666666666
grid16,constant_zero,217,0,114,0.0006510416666666666
grid16,constant_zero,217,1,131,0.0006510416666666666
grid16,constant_zero,217,2,132,0.0006510416666666666
grid16,constant_zero,218,0,115,0.0006510416666666666
grid16,constant_zero,218,1,116,0.0006510416666666666
grid16,constant_zero,218,2,133,0.0006510416666666666
grid16,constant_zero,219,0,115,0.0006510416666666666
grid16,constant_zero,219,1,132,0.0006510416666666666
grid16,constant_zero,219,2,133,0.0006510416666666666
grid16,constant_zero,220,0,116,0.0006510416666666666
grid16,constant_zero,220,1,117,0.0006510416666666666
grid16,constant_zero,220,2,134,0.0006510416666666666
grid16,constant_zero,221,0,116,0.0006510416666666666
grid16,constant_zero,221,1,133,0.0006510416666666666
grid16,constant_zero,221,2,134,0.0006510416666666666
grid16,constant_zero,222,0,117,0.0006510416666666666
grid16,constant_zero,222,1,118,0.0006510416666666666
grid16,constant_zero,222,2,135,0.0006510416666666666
grid16,constant_zero,223,0,117,0.0006510416666666666
grid16,constant_zero,223,1,134,0.0006510416666666666
grid16,constant_zero,223,2,135,0.0006510416666666666
grid16,constant_zero,224,0,119,0.0006510416666666666
grid16,constant_zero,224,1,120,0.0006510416666666666
grid16,constant_zero,224,2,137,0.0006510416666666666
grid16,constant_zero,225,0,119,0.0006510416666666666
grid16,constant_zero,225,1,136,0.0006510416666666666
grid16,constant_zero,225,2,137,0.0006510416666666666
grid16,constant_zero,226,0,120,0.0006510416666666666
grid16,constant_zero,226,1,121,0.0006510416666666666
grid16,constant_zero,226,2,138,0.0006510416666666666
grid16,constant_zero,227,0,120,0.0006510416666666666
grid16,constant_zero,227,1,137,0.0006510416666666666
grid16,constant_zero,227,2,138,0.0006510416666666666
grid16,constant_zero,228,0,121,0.0006510416666666666
grid16,constant_zero,228,1,122,0.0006510416666666666
grid16,constant_zero,228,2,139,0.0006510416666666666
grid16,constant_zero,229,0,121,0.0006510416666666666
grid16,constant_zero,229,1,138,0.0006510416666666666
grid16,constant_zero,229,2,139,0.0006510416666666666
grid16,constant_zero,230,0,122,0.0006510416666666666
grid16,constant_zero,230,1,123,0.0006510416666666666
grid16,constant_zero,230,2,140,0.0006510416666666666
grid16,constant_zero,231,0,122,0.0006510416666666666
grid16,constant_zero,231,1,139,0.0006510416666666666
grid16,constant_zero,231,2,140,0.0006510416666666666
grid16,constant_zero,232,0,123,0.0006510416666666666
grid16,constant_zero,232,1,124,0.0006510416666666666
grid16,constant_zero,232,2,141,0.0006510416666666666
grid16,constant_zero,233,0,123,0.0006510416666666666
grid16,constant_zero,233,1,140,0.0006510416666666666
grid16,constant_zero,233,2,141,0.0006510416666666666
grid16,constant_zero,234,0,124,0.0006510416666666666
grid16,constant_zero,234,1,125,0.0006510416666666666
grid16,constant_zero,234,2,142,0.0006510416666666666
grid16,constant_zero,235,0,124,0.0006510416666666666
grid16,constant_zero,235,1,141,0.0006510416666666666
grid16,constant_zero,235,2,142,0.0006510416666666666
grid16,constant_zero,236,0,125,0.0006510416666666666
grid16,constant_zero,236,1,126,0.0006510416666666666
grid16,constant_zero,236,2,143,0.0006510416666666666
grid16,constant_zero,237,0,125,0.0006510416666666666
grid16,constant_zero,237,1,142,0.0006510416666666666
grid16,constant_zero,237,2,143,0.0006510416666666666
grid16,constant_zero,238,0,126,0.0006510416666666666
grid16,constant_zero,238,1,127,0.0006510416666666666
grid16,constant_zero,238,2,144,0.0006510416666666666
grid16,constant_zero,239,0,126,0.0006510416666666666
grid16,constant_zero,239,1,143,0.0006510416666666666
grid16,constant_zero,239,2,144,0.0006510416666666666
grid16,constant_zero,240,0,127,0.0006510416666666666
grid16,constant_zero,240,1,128,0.0006510416666666666
grid16,constant_zero,240,2,145,0.0006510416666666666
grid16,constant_zero,241,0,127,0.0006510416666666666
grid16,constant_zero,241,1,144,0.0006510416666666666
grid16,constant_zero,241,2,145,0.0006510416666666666
grid16,constant_zero,242,0,128,0.0006510416666666666
grid16,constant_zero,242,1,129,0.0006510416666666666
grid16,constant_zero,242,2,146,0.0006510416666666666
grid16,constant_zero,243,0,128,0.0006510416666666666
grid16,constant_zero,243,1,145,0.0006510416666666666
grid16,constant_zero,243,2,146,0.0006510416666666666
grid16,constant_zero,244,0,129,0.0006510416666666666
grid16,constant_zero,244,1,130,0.0006510416666666666
grid16,constant_zero,244,2,147,0.0006510416666666666
grid16,constant_zero,245,0,129,0.0006510416666666666
grid16,constant_zero,245,1,146,0.0006510416666666666
grid16,constant_zero,245,2,147,0.0006510416666666666
grid16,constant_zero,246,0,130,0.0006510416666666666
grid16,constant_zero,246,1,131,0.0006510416666666666
grid16,constant_zero,246,2,148,0.0006510416666666666
grid16,constant_zero,247,0,130,0.0006510416666666666
grid16,constant_zero,247,1,147,0.0006510416666666666
grid16,constant_zero,247,2,148,0.0006510416666666666
grid16,constant_zero,248,0,131,0.0006510416666666666
grid16,constant_zero,248,1,132,0.0006510416666666666
grid16,constant_zero,248,2,149,0.0006510416666666666
grid16,constant_zero,249,0,131,0.0006510416666666666
grid16,constant_zero,249,1,148,0.0006510416666666666
grid16,constant_zero,249,2,149,0.0006510416666666666
grid16,constant_zero,250,0,132,0.0006510416666666666
grid16,constant_zero,250,1,133,0.0006510416666666666
grid16,constant_zero,250,2,150,0.0006510416666666666
grid16,constant_zero,251,0,132,0.0006510416666666666
grid16,constant_zero,251,1,149,0.0006510416666666666
grid16,constant_zero,251,2,150,0.0006510416666666666
grid16,constant_zero,252,0,133,0.0006510416666666666
grid16,constant_zero,252,1,134,0.0006510416666666666
grid16,constant_zero,252,2,151,0.0006510416666666666
grid16,constant_zero,253,0,133,0.0006510416666666666
grid16,constant_zero,253,1,150,0.0006510416666666666
grid16,constant_zero,253,2,151,0.0006510416666666666
grid16,constant_zero,254,0,134,0.0006510416666666666
grid16,constant_zero,254,1,135,0.0006510416666666666
grid16,constant_zero,254,2,152,0.0006510416666666666
grid16,constant_zero,255,0,134,0.0006510416666666666
grid16,constant_zero,255,1,151,0.0006510416666666666
grid16,constant_zero,255,2,152,0.0006510416666666666
grid16,constant_zero,256,0,136,0.0006510416666666666
grid16,constant_zero,256,1,137,0.0006510416666666666
grid16,constant_zero,256,2,154,0.0006510416666666666
grid16,constant_zero,257,0,136,0.0006510416666666666
grid16,constant_zero,257,1,153,0.0006510416666666666
grid16,constant_zero,257,2,154,0.0006510416666666666
grid16,constant_zero,258,0,137,0.0006510416666666666
grid16,constant_zero,258,1,138,0.0006510416666666666
grid16,constant_zero,258,2,155,0.0006510416666666666
grid16,constant_zero,259,0,137,0.0006510416666666666
grid16,constant_zero,259,1,154,0.0006510416666666666
grid16,constant_zero,259,2,155,0.0006510416666666666
grid16,constant_zero,260,0,138,0.0006510416666666666
grid16,constant_zero,260,1,139,0.0006510416666666666
grid16,constant_zero,260,2,156,0.0006510416666666666
grid16,constant_zero,261,0,138,0.0006510416666666666
grid16,constant_zero,261,1,155,0.0006510416666666666
grid16,constant_zero,261,2,156,0.0006510416666666666
grid16,constant_zero,262,0,139,0.0006510416666666666
grid16,constant_zero,262,1,140,0.0006510416666666666
grid16,constant_zero,262,2,157,0.0006510416666666666
grid16,constant_zero,263,0,139,0.0006510416666666666
grid16,constant_zero,263,1,156,0.0006510416666666666
grid16,constant_zero,263,2,157,0.0006510416666666666
grid16,constant_zero,264,0,140,0.0006510416666666666
grid16,constant_zero,264,1,141,0.0006510416666666666
grid16,constant_zero,264,2,158,0.0006510416666666666
grid16,constant_zero,265,0,140,0.0006510416666666666
grid16,constant_zero,265,1,157,0.0006510416666666666
grid16,constant_zero,265,2,158,0.0006510416666666666
grid16,constant_zero,266,0,141,0.0006510416666666666
grid16,constant_zero,266,1,142,0.0006510416666666666
grid16,constant_zero,266,2,159,0.0006510416666666666
grid16,constant_zero,267,0,141,0.0006510416666666666
grid16,constant_zero,267,1,158,0.0006510416666666666
grid16,constant_zero,267,2,159,0.0006510416666666666
grid16,constant_zero,268,0,142,0.0006510416666666666
grid16,constant_zero,268,1,143,0.0006510416666666666
grid16,constant_zero,268,2,160,0.0006510416666666666
grid16,constant_zero,269,0,142,0.0006510416666666666
grid16,constant_zero,269,1,159,0.0006510416666666666
grid16,constant_zero,269,2,160,0.0006510416666666666
grid16,constant_zero,270,0,143,0.0006510416666666666
grid16,constant_zero,270,1,144,0.0006510416666666666
grid16,constant_zero,270,2,161,0.0006510416666666666
grid16,constant_zero,271,0,143,0.0006510416666666666
grid16,constant_zero,271,1,160,0.0006510416666666666
grid16,constant_zero,271,2,161,0.0006510416666666666
grid16,constant_zero,272,0,144,0.0006510416666666666
grid16,constant_zero,272,1,145,0.0006510416666666666
grid16,constant_zero,272,2,162,0.0006510416666666666
grid16,constant_zero,273,0,144,0.0006510416666666666
grid16,constant_zero,273,1,161,0.0006510416666666666
grid16,constant_zero,273,2,162,0.0006510416666666666
grid16,constant_zero,274,0,145,0.0006510416666666666
grid16,constant_zero,274,1,146,0.0006510416666666666
grid16,constant_zero,274,2,163,0.0006510416666666666
grid16,constant_zero,275,0,145,0.0006510416666666666
grid16,constant_zero,275,1,162,0.0006510416666666666
grid16,constant_zero,275,2,163,0.0006510416666666666
grid16,constant_zero,276,0,146,0.0006510416666666666
grid16,constant_zero,276,1,147,0.0006510416666666666
grid16,constant_zero,276,2,164,0.0006510416666666666
grid16,constant_zero,277,0,146,0.0006510416666666666
grid16,constant_zero,277,1,163,0.0006510416666666666
grid16,constant_zero,277,2,164,0.0006510416666666666
grid16,constant_zero,278,0,147,0.0006510416666666666
grid16,constant_zero,278,1,148,0.0006510416666666666
grid16,constant_zero,278,2,165,0.0006510416666666666
grid16,constant_zero,279,0,147,0.0006510416666666666
grid16,constant_zero,279,1,164,0.0006510416666666666
grid16,constant_zero,279,2,165,0.0006510416666666666
grid16,constant_zero,280,0,148,0.0006510416666666666
grid16,constant_zero,280,1,149,0.0006510416666666666
grid16,constant_zero,280,2,166,0.0006510416666666666
grid16,constant_zero,281,0,148,0.0006510416666666666
grid16,constant_zero,281,1,165,0.0006510416666666666
grid16,constant_zero,281,2,166,0.0006510416666666666
grid16,constant_zero,282,0,149,0.0006510416666666666
grid16,constant_zero,282,1,150,0.0006510416666666666
grid16,constant_zero,282,2,167,0.0006510416666666666
grid16,constant_zero,283,0,149,0.0006510416666666666
grid16,constant_zero,283,1,166,0.0006510416666666666
grid16,constant_zero,283,2,167,0.0006510416666666666
grid16,constant_zero,284,0,150,0.0006510416666666666
grid16,constant_zero,284,1,151,0.0006510416666666666
grid16,constant_zero,284,2,168,0.0006510416666666666
grid16,constant_zero,285,0,150,0.0006510416666666666
grid16,constant_zero,285,1,167,0.0006510416666666666
grid16,constant_zero,285,2,168,0.0006510416666666666
grid16,constant_zero,286,0,151,0.0006510416666666666
grid16,constant_zero,286,1,152,0.0006510416666666666
grid16,constant_zero,286,2,169,0.0006510416666666666
grid16,constant_zero,287,0,151,0.0006510416666666666
grid16,constant_zero,287,1,168,0.0006510416666666666
grid16,constant_zero,287,2,169,0.0006510416666666666
grid16,constant_zero,288,0,153,0.0006510416666666666
grid16,constant_zero,288,1,154,0.0006510416666666666
grid16,constant_zero,288,2,171,0.0006510416666666666
grid16,constant_zero,289,0,153,0.0006510416666666666
grid16,constant_zero,289,1,170,0.0006510416666666666
grid16,constant_zero,289,2,171,0.0006510416666666666
grid16,constant_zero,290,0,154,0.0006510416666666666
grid16,constant_zero,290,1,155,0.0006510416666666666
grid16,constant_zero,290,2,172,0.0006510416666666666
grid16,constant_zero,291,0,154,0.0006510416666666666
grid16,constant_zero,291,1,171,0.0006510416666666666
grid16,constant_zero,291,2,172,0.0006510416666666666
grid16,constant_zero,292,0,155,0.0006510416666666666
grid16,constant_zero,292,1,156,0.0006510416666666666
grid16,constant_zero,292,2,173,0.0006510416666666666
grid16,constant_zero,293,0,155,0.0006510416666666666
grid16,constant_zero,293,1,172,0.0006510416666666666
grid16,constant_zero,293,2,173,0.0006510416666666666
grid16,constant_zero,294,0,156,0.0006510416666666666
grid16,constant_zero,294,1,157,0.0006510416666666666
grid16,constant_zero,294,2,174,0.0006510416666666666
grid16,constant_zero,295,0,156,0.0006510416666666666
grid16,constant_zero,295,1,173,0.0006510416666666666
grid16,constant_zero,295,2,174,0.0006510416666666666
grid16,constant_zero,296,0,157,0.0006510416666666666
grid16,constant_zero,296,1,158,0.0006510416666666666
grid16,constant_zero,296,2,175,0.0006510416666666666
grid16,constant_zero,297,0,157,0.0006510416666666666
grid16,constant_zero,297,1,174,0.0006510416666666666
grid16,constant_zero,297,2,175,0.0006510416666666666
grid16,constant_zero,298,0,158,0.0006510416666666666
grid16,constant_zero,298,1,159,0.0006510416666666666
grid16,constant_zero,298,2,176,0.0006510416666666666
grid16,constant_zero,299,0,158,0.0006510416666666666
grid16,constant_zero,299,1,175,0.0006510416666666666
grid16,constant_zero,299,2,176,0.0006510416666666666
grid16,constant_zero,300,0,159,0.0006510416666666666
grid16,constant_zero,300,1,160,0.0006510416666666666
grid16,constant_zero,300,2,177,0.0006510416666666666
grid16,constant_zero,301,0,159,0.0006510416666666666
grid16,constant_zero,301,1,176,0.0006510416666666666
grid16,constant_zero,301,2,177,0.0006510416666666666
grid16,constant_zero,302,0,160,0.0006510416666666666
grid16,constant_zero,302,1,161,0.0006510416666666666
grid16,constant_zero,302,2,178,0.0006510416666666666
grid16,constant_zero,303,0,160,0.0006510416666666666
grid16,constant_zero,303,1,177,0.0006510416666666666
grid16,constant_zero,303,2,178,0.0006510416666666666
grid16,constant_zero,304,0,161,0.0006510416666666666
grid16,constant_zero,304,1,162,0.0006510416666666666
grid16,constant_zero,304,2,179,0.0006510416666666666
grid16,constant_zero,305,0,161,0.0006510416666666666
grid16,constant_zero,305,1,178,0.0006510416666666666
grid16,constant_zero,305,2,179,0.0006510416666666666
grid16,constant_zero,306,0,162,0.0006510416666666666
grid16,constant_zero,306,1,163,0.0006510416666666666
grid16,constant_zero,306,2,180,0.0006510416666666666
grid16,constant_zero,307,0,162,0.0006510416666666666
grid16,constant_zero,307,1,179,0.0006510416666666666
grid16,constant_zero,307,2,180,0.0006510416666666666
grid16,constant_zero,308,0,163,0.0006510416666666666
grid16,constant_zero,308,1,164,0.0006510416666666666
grid16,constant_zero,308,2,181,0.0006510416666666666
grid16,constant_zero,309,0,163,0.0006510416666666666
grid16,constant_zero,309,1,180,0.0006510416666666666
grid16,constant_zero,309,2,181,0.0006510416666666666
grid16,constant_zero,310,0,164,0.0006510416666666666
grid16,constant_zero,310,1,165,0.0006510416666666666
grid16,constant_zero,310,2,182,0.0006510416666666666
grid16,constant_zero,311,0,164,0.0006510416666666666
grid16,constant_zero,311,1,181,0.0006510416666666666
grid16,constant_zero,311,2,182,0.0006510416666666666
grid16,constant_zero,312,0,165,0.0006510416666666666
grid16,constant_zero,312,1,166,0.0006510416666666666
grid16,constant_zero,312,2,183,0.0006510416666666666
grid16,constant_zero,313,0,165,0.0006510416666666666
grid16,constant_zero,313,1,182,0.0006510416666666666
grid16,constant_zero,313,2,183,0.0006510416666666666
grid16,constant_zero,314,0,166,0.0006510416666666666
grid16,constant_zero,314,1,167,0.0006510416666666666
grid16,constant_zero,314,2,184,0.0006510416666666666
grid16,constant_zero,315,0,166,0.0006510416666666666
grid16,constant_zero,315,1,183,0.0006510416666666666
grid16,constant_zero,315,2,184,0.0006510416666666666
grid16,constant_zero,316,0,167,0.0006510416666666666
grid16,constant_zero,316,1,168,0.0006510416666666666
grid16,constant_zero,316,2,185,0.0006510416666666666
grid16,constant_zero,317,0,167,0.0006510416666666666
grid16,constant_zero,317,1,184,0.0006510416666666666
grid16,constant_zero,317,2,185,0.0006510416666666666
grid16,constant_zero,318,0,168,0.0006510416666666666
grid16,constant_zero,318,1,169,0.0006510416666666666
grid16,constant_zero,318,2,186,0.0006510416666666666
grid16,constant_zero,319,0,168,0.0006510416666666666
grid16,constant_zero,319,1,185,0.0006510416666666666
grid16,constant_zero,319,2,186,0.0006510416666666666
grid16,constant_zero,320,0,170,0.0006510416666666666
grid16,constant_zero,320,1,171,0.0006510416666666666
grid16,constant_zero,320,2,188,0.0006510416666666666
grid16,constant_zero,321,0,170,0.0006510416666666666
grid16,constant_zero,321,1,187,0.0006510416666666666
grid16,constant_zero,321,2,188,0.0006510416666666666
grid16,constant_zero,322,0,171,0.0006510416666666666
grid16,constant_zero,322,1,172,0.0006510416666666666
grid16,constant_zero,322,2,189,0.0006510416666666666
grid16,constant_zero,323,0,171,0.0006510416666666666
grid16,constant_zero,323,1,188,0.0006510416666666666
grid16,constant_zero,323,2,189,0.0006510416666666666
grid16,constant_zero,324,0,172,0.0006510416666666666
grid16,constant_zero,324,1,173,0.0006510416666666666
grid16,constant_zero,324,2,190,0.0006510416666666666
grid16,constant_zero,325,0,172,0.0006510416666666666
grid16,constant_zero,325,1,189,0.0006510416666666666
grid16,constant_zero,325,2,190,0.0006510416666666666
grid16,constant_zero,326,0,173,0.0006510416666666666
grid16,constant_zero,326,1,174,0.0006510416666666666
grid16,constant_zero,326,2,191,0.0006510416666666666
grid16,constant_zero,327,0,173,0.0006510416666666666
grid16,constant_zero,327,1,190,0.0006510416666666666
grid16,constant_zero,327,2,191,0.0006510416666666666
grid16,constant_zero,328,0,174,0.0006510416666666666
grid16,constant_zero,328,1,175,0.0006510416666666666
grid16,constant_zero,328,2,192,0.0006510416666666666
grid16,constant_zero,329,0,174,0.0006510416666666666
grid16,constant_zero,329,1,191,0.0006510416666666666
grid16,constant_zero,329,2,192,0.0006510416666666666
grid16,constant_zero,330,0,175,0.0006510416666666666
grid16,constant_zero,330,1,176,0.0006510416666666666
grid16,constant_zero,330,2,193,0.0006510416666666666
grid16,constant_zero,331,0,175,0.0006510416666666666
grid16,constant_zero,331,1,192,0.0006510416666666666
grid16,constant_zero,331,2,193,0.0006510416666666666
grid16,constant_zero,332,0,176,0.0006510416666666666
grid16,constant_zero,332,1,177,0.0006510416666666666
grid16,constant_zero,332,2,194,0.0006510416666666666
grid16,constant_zero,333,0,176,0.0006510416666666666
grid16,constant_zero,333,1,193,0.0006510416666666666
grid16,constant_zero,333,2,194,0.0006510416666666666
grid16,constant_zero,334,0,177,0.0006510416666666666
grid16,constant_zero,334,1,178,0.0006510416666666666
grid16,constant_zero,334,2,195,0.0006510416666666666
grid16,constant_zero,335,0,177,0.0006510416666666666
grid16,constant_zero,335,1,194,0.0006510416666666666
grid16,constant_zero,335,2,195,0.0006510416666666666
grid16,constant_zero,336,0,178,0.0006510416666666666
grid16,constant_zero,336,1,179,0.0006510416666666666
grid16,constant_zero,336,2,196,0.0006510416666666666
grid16,constant_zero,337,0,178,0.0006510416666666666
grid16,constant_zero,337,1,195,0.0006510416666666666
grid16,constant_zero,337,2,196,0.0006510416666666666
grid16,constant_zero,338,0,179,0.0006510416666666666
grid16,constant_zero,338,1,180,0.0006510416666666666
grid16,constant_zero,338,2,197,0.0006510416666666666
grid16,constant_zero,339,0,179,0.0006510416666666666
grid16,constant_zero,339,1,196,0.0006510416666666666
grid16,constant_zero,339,2,197,0.0006510416666666666
grid16,constant_zero,340,0,180,0.0006510416666666666
grid16,constant_zero,340,1,181,0.0006510416666666666
grid16,constant_zero,340,2,198,0.0006510416666666666
grid16,constant_zero,341,0,180,0.0006510416666666666
grid16,constant_zero,341,1,197,0.0006510416666666666
grid16,constant_zero,341,2,198,0.0006510416666666666
grid16,constant_zero,342,0,181,0.0006510416666666666
grid16,constant_zero,342,1,182,0.0006510416666666666
grid16,constant_zero,342,2,199,0.0006510416666666666
grid16,constant_zero,343,0,181,0.0006510416666666666
grid16,constant_zero,343,1,198,0.0006510416666666666
grid16,constant_zero,343,2,199,0.0006510416666666666
grid16,constant_zero,344,0,182,0.0006510416666666666
grid16,constant_zero,344,1,183,0.0006510416666666666
grid16,constant_zero,344,2,200,0.0006510416666666666
grid16,constant_zero,345,0,182,0.0006510416666666666
grid16,constant_zero,345,1,199,0.0006510416666666666
grid16,constant_zero,345,2,200,0.0006510416666666666
grid16,constant_zero,346,0,183,0.0006510416666666666
grid16,constant_zero,346,1,184,0.0006510416666666666
grid16,constant_zero,346,2,201,0.0006510416666666666
grid16,constant_zero,347,0,183,0.0006510416666666666
grid16,constant_zero,347,1,200,0.0006510416666666666
grid16,constant_zero,347,2,201,0.0006510416666666666
grid16,constant_zero,348,0,184,0.0006510416666666666
grid16,constant_zero,348,1,185,0.0006510416666666666
grid16,constant_zero,348,2,202,0.0006510416666666666
grid16,constant_zero,349,0,184,0.0006510416666666666
grid16,constant_zero,349,1,201,0.0006510416666666666
grid16,constant_zero,349,2,202,0.0006510416666666666
grid16,constant_zero,350,0,185,0.0006510416666666666
grid16,constant_zero,350,1,186,0.0006510416666666666
grid16,constant_zero,350,2,203,0.0006510416666666666
grid16,constant_zero,351,0,185,0.0006510416666666666
grid16,constant_zero,351,1,202,0.0006510416666666666
grid16,constant_zero,351,2,203,0.0006510416666666666
grid16,constant_zero,352,0,187,0.0006510416666666666
grid16,constant_zero,352,1,188,0.0006510416666666666
grid16,constant_zero,352,2,205,0.0006510416666666666
grid16,constant_zero,353,0,187,0.0006510416666666666
grid16,constant_zero,353,1,204,0.0006510416666666666
grid16,constant_zero,353,2,205,0.0006510416666666666
grid16,constant_zero,354,0,188,0.0006510416666666666
grid16,constant_zero,354,1,189,0.0006510416666666666
grid16,constant_zero,354,2,206,0.0006510416666666666
grid16,constant_zero,355,0,188,0.0006510416666666666
grid16,constant_zero,355,1,205,0.0006510416666666666
grid16,constant_zero,355,2,206,0.0006510416666666666
grid16,constant_zero,356,0,189,0.0006510416666666666
grid16,constant_zero,356,1,190,0.0006510416666666666
grid16,constant_zero,356,2,207,0.0006510416666666666
grid16,constant_zero,357,0,189,0.0006510416666666666
grid16,constant_zero,357,1,206,0.0006510416666666666
grid16,constant_zero,357,2,207,0.0006510416666666666
grid16,constant_zero,358,0,190,0.0006510416666666666
grid16,constant_zero,358,1,191,0.0006510416666666666
grid16,constant_zero,358,2,208,0.0006510416666666666
grid16,constant_zero,359,0,190,0.0006510416666666666
grid16,constant_zero,359,1,207,0.0006510416666666666
grid16,constant_zero,359,2,208,0.0006510416666666666
grid16,constant_zero,360,0,191,0.0006510416666666666
grid16,constant_zero,360,1,192,0.0006510416666666666
grid16,constant_zero,360,2,209,0.0006510416666666666
grid16,constant_zero,361,0,191,0.0006510416666666666
grid16,constant_zero,361,1,208,0.0006510416666666666
grid16,constant_zero,361,2,209,0.0006510416666666666
grid16,constant_zero,362,0,192,0.0006510416666666666
grid16,constant_zero,362,1,193,0.0006510416666666666
grid16,constant_zero,362,2,210,0.0006510416666666666
grid16,constant_zero,363,0,192,0.0006510416666666666
grid16,constant_zero,363,1,209,0.0006510416666666666
grid16,constant_zero,363,2,210,0.0006510416666666666
grid16,constant_zero,364,0,193,0.0006510416666666666
grid16,constant_zero,364,1,194,0.0006510416666666666
grid16,constant_zero,364,2,211,0.0006510416666666666
grid16,constant_zero,365,0,193,0.0006510416666666666
grid16,constant_zero,365,1,210,0.0006510416666666666
grid16,constant_zero,365,2,211,0.0006510416666666666
grid16,constant_zero,366,0,194,0.0006510416666666666
grid16,constant_zero,366,1,195,0.0006510416666666666
grid16,constant_zero,366,2,212,0.0006510416666666666
grid16,constant_zero,367,0,194,0.0006510416666666666
grid16,constant_zero,367,1,211,0.0006510416666666666
grid16,constant_zero,367,2,212,0.0006510416666666666
grid16,constant_zero,368,0,195,0.0006510416666666666
grid16,constant_zero,368,1,196,0.0006510416666666666
grid16,constant_zero,368,2,213,0.0006510416666666666
grid16,constant_zero,369,0,195,0.0006510416666666666
grid16,constant_zero,369,1,212,0.0006510416666666666
grid16,constant_zero,369,2,213,0.0006510416666666666
grid16,constant_zero,370,0,196,0.0006510416666666666
grid16,constant_zero,370,1,197,0.0006510416666666666
grid16,constant_zero,370,2,214,0.0006510416666666666
grid16,constant_zero,371,0,196,0.0006510416666666666
grid16,constant_zero,371,1,213,0.0006510416666666666
grid16,constant_zero,371,2,214,0.0006510416666666666
grid16,constant_zero,372,0,197,0.0006510416666666666
grid16,constant_zero,372,1,198,0.0006510416666666666
grid16,constant_zero,372,2,215,0.0006510416666666666
grid16,constant_zero,373,0,197,0.0006510416666666666
grid16,constant_zero,373,1,214,0.0006510416666666666
grid16,constant_zero,373,2,215,0.0006510416666666666
grid16,constant_zero,374,0,198,0.0006510416666666666
grid16,constant_zero,374,1,199,0.0006510416666666666
grid16,constant_zero,374,2,216,0.0006510416666666666
grid16,constant_zero,375,0,198,0.0006510416666666666
grid16,constant_zero,375,1,215,0.0006510416666666666
grid16,constant_zero,375,2,216,0.0006510416666666666
grid16,constant_zero,376,0,199,0.0006510416666666666
grid16,constant_zero,376,1,200,0.0006510416666666666
grid16,constant_zero,376,2,217,0.0006510416666666666
grid16,constant_zero,377,0,199,0.0006510416666666666
grid16,constant_zero,377,1,216,0.0006510416666666666
grid16,constant_zero,377,2,217,0.0006510416666666666
grid16,constant_zero,378,0,200,0.0006510416666666666
grid16,constant_zero,378,1,201,0.0006510416666666666
grid16,constant_zero,378,2,218,0.0006510416666666666
grid16,constant_zero,379,0,200,0.0006510416666666666
grid16,constant_zero,379,1,217,0.0006510416666666666
grid16,constant_zero,379,2,218,0.0006510416666666666
grid16,constant_zero,380,0,201,0.0006510416666666666
grid16,constant_zero,380,1,202,0.0006510416666666666
grid16,constant_zero,380,2,219,0.0006510416666666666
grid16,constant_zero,381,0,201,0.0006510416666666666
grid16,constant_zero,381,1,218,0.0006510416666666666
grid16,constant_zero,381,2,219,0.0006510416666666666
grid16,constant_zero,382,0,202,0.0006510416666666666
grid16,constant_zero,382,1,203,0.0006510416666666666
grid16,constant_zero,382,2,220,0.0006510416666666666
grid16,constant_zero,383,0,202,0.0006510416666666666
grid16,constant_zero,383,1,219,0.0006510416666666666
grid16,constant_zero,383,2,220,0.0006510416666666666
grid16,constant_zero,384,0,204,0.0006510416666666666
grid16,constant_zero,384,1,205,0.0006510416666666666
grid16,constant_zero,384,2,222,0.0006510416666666666
grid16,constant_zero,385,0,204,0.0006510416666666666
grid16,constant_zero,385,1,221,0.0006510416666666666
grid16,constant_zero,385,2,222,0.0006510416666666666
grid16,constant_zero,386,0,205,0.0006510416666666666
grid16,constant_zero,386,1,206,0.0006510416666666666
grid16,constant_zero,386,2,223,0.0006510416666666666
grid16,constant_zero,387,0,205,0.0006510416666666666
grid16,constant_zero,387,1,222,0.0006510416666666666
grid16,constant_zero,387,2,223,0.0006510416666666666
grid16,constant_zero,388,0,206,0.0006510416666666666
grid16,constant_zero,388,1,207,0.0006510416666666666
grid16,constant_zero,388,2,224,0.0006510416666666666
grid16,constant_zero,389,0,206,0.0006510416666666666
grid16,constant_zero,389,1,223,0.0006510416666666666
grid16,constant_zero,389,2,224,0.0006510416666666666
grid16,constant_zero,390,0,207,0.0006510416666666666
grid16,constant_zero,390,1,208,0.0006510416666666666
grid16,constant_zero,390,2,225,0.0006510416666666666
grid16,constant_zero,391,0,207,0.0006510416666666666
grid16,constant_zero,391,1,224,0.0006510416666666666
grid16,constant_zero,391,2,225,0.0006510416666666666
grid16,constant_zero,392,0,208,0.0006510416666666666
grid16,constant_zero,392,1,209,0.0006510416666666666
grid16,constant_zero,392,2,226,0.0006510416666666666
grid16,constant_zero,393,0,208,0.0006510416666666666
grid16,constant_zero,393,1,225,0.0006510416666666666
grid16,constant_zero,393,2,226,0.0006510416666666666
grid16,constant_zero,394,0,209,0.0006510416666666666
grid16,constant_zero,394,1,210,0.0006510416666666666
grid16,constant_zero,394,2,227,0.0006510416666666666
grid16,constant_zero,395,0,209,0.0006510416666666666
grid16,constant_zero,395,1,226,0.0006510416666666666
grid16,constant_zero,395,2,227,0.0006510416666666666
grid16,constant_zero,396,0,210,0.0006510416666666666
grid16,constant_zero,396,1,211,0.0006510416666666666
grid16,constant_zero,396,2,228,0.0006510416666666666
grid16,constant_zero,397,0,210,0.0006510416666666666
grid16,constant_zero,397,1,227,0.0006510416666666666
grid16,constant_zero,397,2,228,0.0006510416666666666
grid16,constant_zero,398,0,211,0.0006510416666666666
grid16,constant_zero,398,1,212,0.0006510416666666666
grid16,constant_zero,398,2,229,0.0006510416666666666
grid16,constant_zero,399,0,211,0.0006510416666666666
grid16,constant_zero,399,1,228,0.0006510416666666666
grid16,constant_zero,399,2,229,0.0006510416666666666
grid16,constant_zero,400,0,212,0.0006510416666666666
grid16,constant_zero,400,1,213,0.0006510416666666666
grid16,constant_zero,400,2,230,0.0006510416666666666
grid16,constant_zero,401,0,212,0.0006510416666666666
grid16,constant_zero,401,1,229,0.0006510416666666666
grid16,constant_zero,401,2,230,0.0006510416666666666
grid16,constant_zero,402,0,213,0.0006510416666666666
grid16,constant_zero,402,1,214,0.0006510416666666666
grid16,constant_zero,402,2,231,0.0006510416666666666
grid16,constant_zero,403,0,213,0.0006510416666666666
grid16,constant_zero,403,1,230,0.0006510416666666666
grid16,constant_zero,403,2,231,0.0006510416666666666
grid16,constant_zero,404,0,214,0.0006510416666666666
grid16,constant_zero,404,1,215,0.0006510416666666666
grid16,constant_zero,404,2,232,0.0006510416666666666
grid16,constant_zero,405,0,214,0.0006510416666666666
grid16,constant_zero,405,1,231,0.0006510416666666666
grid16,constant_zero,405,2,232,0.0006510416666666666
grid16,constant_zero,406,0,215,0.0006510416666666666
grid16,constant_zero,406,1,216,0.0006510416666666666
grid16,constant_zero,406,2,233,0.0006510416666666666
grid16,constant_zero,407,0,215,0.0006510416666666666
grid16,constant_zero,407,1,232,0.0006510416666666666
grid16,constant_zero,407,2,233,0.0006510416666666666
grid16,constant_zero,408,0,216,0.0006510416666666666
grid16,constant_zero,408,1,217,0.0006510416666666666
grid16,constant_zero,408,2,234,0.0006510416666666666
grid16,constant_zero,409,0,216,0.0006510416666666666
grid16,constant_zero,409,1,233,0.0006510416666666666
grid16,constant_zero,409,2,234,0.0006510416666666666
grid16,constant_zero,410,0,217,0.0006510416666666666
grid16,constant_zero,410,1,218,0.0006510416666666666
grid16,constant_zero,410,2,235,0.0006510416666666666
grid16,constant_zero,411,0,217,0.0006510416666666666
grid16,constant_zero,411,1,234,0.0006510416666666666
grid16,constant_zero,411,2,235,0.0006510416666666666
grid16,constant_zero,412,0,218,0.0006510416666666666
grid16,constant_zero,412,1,219,0.0006510416666666666
grid16,constant_zero,412,2,236,0.0006510416666666666
grid16,constant_zero,413,0,218,0.0006510416666666666
grid16,constant_zero,413,1,235,0.0006510416666666666
grid16,constant_zero,413,2,236,0.0006510416666666666
grid16,constant_zero,414,0,219,0.0006510416666666666
grid16,constant_zero,414,1,220,0.0006510416666666666
grid16,constant_zero,414,2,237,0.0006510416666666666
grid16,constant_zero,415,0,219,0.0006510416666666666
grid16,constant_zero,415,1,236,0.0006510416666666666
grid16,constant_zero,415,2,237,0.0006510416666666666
grid16,constant_zero,416,0,221,0.0006510416666666666
grid16,constant_zero,416,1,222,0.0006510416666666666
grid16,constant_zero,416,2,239,0.0006510416666666666
grid16,constant_zero,417,0,221,0.0006510416666666666
grid16,constant_zero,417,1,238,0.0006510416666666666
grid16,constant_zero,417,2,239,0.0006510416666666666
grid16,constant_zero,418,0,222,0.0006510416666666666
grid16,constant_zero,418,1,223,0.0006510416666666666
grid16,constant_zero,418,2,240,0.0006510416666666666
grid16,constant_zero,419,0,222,0.0006510416666666666
grid16,constant_zero,419,1,239,0.0006510416666666666
grid16,constant_zero,419,2,240,0.0006510416666666666
grid16,constant_zero,420,0,223,0.0006510416666666666
grid16,constant_zero,420,1,224,0.0006510416666666666
grid16,constant_zero,420,2,241,0.0006510416666666666
grid16,constant_zero,421,0,223,0.0006510416666666666
grid16,constant_zero,421,1,240,0.0006510416666666666
grid16,constant_zero,421,2,241,0.0006510416666666666
grid16,constant_zero,422,0,224,0.0006510416666666666
grid16,constant_zero,422,1,225,0.0006510416666666666
grid16,constant_zero,422,2,242,0.0006510416666666666
grid16,constant_zero,423,0,224,0.0006510416666666666
grid16,constant_zero,423,1,241,0.0006510416666666666
grid16,constant_zero,423,2,242,0.0006510416666666666
grid16,constant_zero,424,0,225,0.0006510416666666666
grid16,constant_zero,424,1,226,0.0006510416666666666
grid16,constant_zero,424,2,243,0.0006510416666666666
grid16,constant_zero,425,0,225,0.0006510416666666666
grid16,constant_zero,425,1,242,0.0006510416666666666
grid16,constant_zero,425,2,243,0.0006510416666666666
grid16,constant_zero,426,0,226,0.0006510416666666666
grid16,constant_zero,426,1,227,0.0006510416666666666
grid16,constant_zero,426,2,244,0.0006510416666666666
grid16,constant_zero,427,0,226,0.0006510416666666666
grid16,constant_zero,427,1,243,0.0006510416666666666
grid16,constant_zero,427,2,244,0.0006510416666666666
grid16,constant_zero,428,0,227,0.0006510416666666666
grid16,constant_zero,428,1,228,0.0006510416666666666
grid16,constant_zero,428,2,245,0.0006510416666666666
grid16,constant_zero,429,0,227,0.0006510416666666666
grid16,constant_zero,429,1,244,0.0006510416666666666
grid16,constant_zero,429,2,245,0.0006510416666666666
grid16,constant_zero,430,0,228,0.0006510416666666666
grid16,constant_zero,430,1,229,0.0006510416666666666
grid16,constant_zero,430,2,246,0.0006510416666666666
grid16,constant_zero,431,0,228,0.0006510416666666666
grid16,constant_zero,431,1,245,0.0006510416666666666
grid16,constant_zero,431,2,246,0.0006510416666666666
grid16,constant_zero,432,0,229,0.0006510416666666666
grid16,constant_zero,432,1,230,0.0006510416666666666
grid16,constant_zero,432,2,247,0.0006510416666666666
grid16,constant_zero,433,0,229,0.0006510416666666666
grid16,constant_zero,433,1,246,0.0006510416666666666
grid16,constant_zero,433,2,247,0.0006510416666666666
grid16,constant_zero,434,0,230,0.0006510416666666666
grid16,constant_zero,434,1,231,0.0006510416666666666
grid16,constant_zero,434,2,248,0.0006510416666666666
grid16,constant_zero,435,0,230,0.0006510416666666666
grid16,constant_zero,435,1,247,0.0006510416666666666
grid16,constant_zero,435,2,248,0.0006510416666666666
grid16,constant_zero,436,0,231,0.0006510416666666666
grid16,constant_zero,436,1,232,0.0006510416666666666
grid16,constant_zero,436,2,249,0.0006510416666666666
grid16,constant_zero,437,0,231,0.0006510416666666666
grid16,constant_zero,437,1,248,0.0006510416666666666
grid16,constant_zero,437,2,249,0.0006510416666666666
grid16,constant_zero,438,0,232,0.0006510416666666666
grid16,constant_zero,438,1,233,0.0006510416666666666
grid16,constant_zero,438,2,250,0.0006510416666666666
grid16,constant_zero,439,0,232,0.0006510416666666666
grid16,constant_zero,439,1,249,0.0006510416666666666
grid16,constant_zero,439,2,250,0.0006510416666666666
grid16,constant_zero,440,0,233,0.0006510416666666666
grid16,constant_zero,440,1,234,0.0006510416666666666
grid16,constant_zero,440,2,251,0.0006510416666666666
grid16,constant_zero,441,0,233,0.0006510416666666666
grid16,constant_zero,441,1,250,0.0006510416666666666
grid16,constant_zero,441,2,251,0.0006510416666666666
grid16,constant_zero,442,0,234,0.0006510416666666666
grid16,constant_zero,442,1,235,0.0006510416666666666
grid16,constant_zero,442,2,252,0.0006510416666666666
grid16,constant_zero,443,0,234,0.0006510416666666666
grid16,constant_zero,443,1,251,0.0006510416666666666
grid16,constant_zero,443,2,252,0.0006510416666666666
grid16,constant_zero,444,0,235,0.0006510416666666666
grid16,constant_zero,444,1,236,0.0006510416666666666
grid16,constant_zero,444,2,253,0.0006510416666666666
grid16,constant_zero,445,0,235,0.0006510416666666666
grid16,constant_zero,445,1,252,0.0006510416666666666
grid16,constant_zero,445,2,253,0.0006510416666666666
grid16,constant_zero,446,0,236,0.0006510416666666666
grid16,constant_zero,446,1,237,0.0006510416666666666
grid16,constant_zero,446,2,254,0.0006510416666666666
grid16,constant_zero,447,0,236,0.0006510416666666666
grid16,constant_zero,447,1,253,0.0006510416666666666
grid16,constant_zero,447,2,254,0.0006510416666666666
grid16,constant_zero,448,0,238,0.0006510416666666666
grid16,constant_zero,448,1,239,0.0006510416666666666
grid16,constant_zero,448,2,256,0.0006510416666666666
grid16,constant_zero,449,0,238,0.0006510416666666666
grid16,constant_zero,449,1,255,0.0006510416666666666
grid16,constant_zero,449,2,256,0.0006510416666666666
grid16,constant_zero,450,0,239,0.0006510416666666666
grid16,constant_zero,450,1,240,0.0006510416666666666
grid16,constant_zero,450,2,257,0.0006510416666666666
grid16,constant_zero,451,0,239,0.0006510416666666666
grid16,constant_zero,451,1,256,0.0006510416666666666
grid16,constant_zero,451,2,257,0.0006510416666666666
grid16,constant_zero,452,0,240,0.0006510416666666666
grid16,constant_zero,452,1,241,0.0006510416666666666
grid16,constant_zero,452,2,258,0.0006510416666666666
grid16,constant_zero,453,0,240,0.0006510416666666666
grid16,constant_zero,453,1,257,0.0006510416666666666
grid16,constant_zero,453,2,258,0.0006510416666666666
grid16,constant_zero,454,0,241,0.0006510416666666666
grid16,constant_zero,454,1,242,0.0006510416666666666
grid16,constant_zero,454,2,259,0.0006510416666666666
grid16,constant_zero,455,0,241,0.0006510416666666666
grid16,constant_zero,455,1,258,0.0006510416666666666
grid16,constant_zero,455,2,259,0.0006510416666666666
grid16,constant_zero,456,0,242,0.0006510416666666666
grid16,constant_zero,456,1,243,0.0006510416666666666
grid16,constant_zero,456,2,260,0.0006510416666666666
grid16,constant_zero,457,0,242,0.0006510416666666666
grid16,constant_zero,457,1,259,0.0006510416666666666
grid16,constant_zero,457,2,260,0.0006510416666666666
grid16,constant_zero,458,0,243,0.0006510416666666666
grid16,constant_zero,458,1,244,0.0006510416666666666
grid16,constant_zero,458,2,261,0.0006510416666666666
grid16,constant_zero,459,0,243,0.0006510416666666666
grid16,constant_zero,459,1,260,0.0006510416666666666
grid16,constant_zero,459,2,261,0.0006510416666666666
grid16,constant_zero,460,0,244,0.0006510416666666666
grid16,constant_zero,460,1,245,0.0006510416666666666
grid16,constant_zero,460,2,262,0.0006510416666666666
grid16,constant_zero,461,0,244,0.0006510416666666666
grid16,constant_zero,461,1,261,0.0006510416666666666
grid16,constant_zero,461,2,262,0.0006510416666666666
grid16,constant_zero,462,0,245,0.0006510416666666666
grid16,constant_zero,462,1,246,0.0006510416666666666
grid16,constant_zero,462,2,263,0.0006510416666666666
grid16,constant_zero,463,0,245,0.0006510416666666666
grid16,constant_zero,463,1,262,0.0006510416666666666
grid16,constant_zero,463,2,263,0.0006510416666666666
grid16,constant_zero,464,0,246,0.0006510416666666666
grid16,constant_zero,464,1,247,0.0006510416666666666
grid16,constant_zero,464,2,264,0.0006510416666666666
grid16,constant_zero,465,0,246,0.0006510416666666666
grid16,constant_zero,465,1,263,0.0006510416666666666
grid16,constant_zero,465,2,264,0.0006510416666666666
grid16,constant_zero,466,0,247,0.0006510416666666666
grid16,constant_zero,466,1,248,0.0006510416666666666
grid16,constant_zero,466,2,265,0.0006510416666666666
grid16,constant_zero,467,0,247,0.0006510416666666666
grid16,constant_zero,467,1,264,0.0006510416666666666
grid16,constant_zero,467,2,265,0.0006510416666666666
grid16,constant_zero,468,0,248,0.0006510416666666666
grid16,constant_zero,468,1,249,0.0006510416666666666
grid16,constant_zero,468,2,266,0.0006510416666666666
grid16,constant_zero,469,0,248,0.0006510416666666666
grid16,constant_zero,469,1,265,0.0006510416666666666
grid16,constant_zero,469,2,266,0.0006510416666666666
grid16,constant_zero,470,0,249,0.0006510416666666666
grid16,constant_zero,470,1,250,0.0006510416666666666
grid16,constant_zero,470,2,267,0.0006510416666666666
grid16,constant_zero,471,0,249,0.0006510416666666666
grid16,constant_zero,471,1,266,0.0006510416666666666
grid16,constant_zero,471,2,267,0.0006510416666666666
grid16,constant_zero,472,0,250,0.0006510416666666666
grid16,constant_zero,472,1,251,0.0006510416666666666
grid16,constant_zero,472,2,268,0.0006510416666666666
grid16,constant_zero,473,0,250,0.0006510416666666666
grid16,constant_zero,473,1,267,0.0006510416666666666
grid16,constant_zero,473,2,268,0.0006510416666666666
grid16,constant_zero,474,0,251,0.0006510416666666666
grid16,constant_zero,474,1,252,0.0006510416666666666
grid16,constant_zero,474,2,269,0.0006510416666666666
grid16,constant_zero,475,0,251,0.0006510416666666666
grid16,constant_zero,475,1,268,0.0006510416666666666
grid16,constant_zero,475,2,269,0.0006510416666666666
grid16,constant_zero,476,0,252,0.0006510416666666666
grid16,constant_zero,476,1,253,0.0006510416666666666
grid16,constant_zero,476,2,270,0.0006510416666666666
grid16,constant_zero,477,0,252,0.0006510416666666666
grid16,constant_zero,477,1,269,0.0006510416666666666
grid16,constant_zero,477,2,270,0.0006510416666666666
grid16,constant_zero,478,0,253,0.0006510416666666666
grid16,constant_zero,478,1,254,0.0006510416666666666
grid16,constant_zero,478,2,271,0.0006510416666666666
grid16,constant_zero,479,0,253,0.0006510416666666666
grid16,constant_zero,479,1,270,0.0006510416666666666
grid16,constant_zero,479,2,271,0.0006510416666666666
grid16,constant_zero,480,0,255,0.0006510416666666666
grid16,constant_zero,480,1,256,0.0006510416666666666
grid16,constant_zero,480,2,273,0.0006510416666666666
grid16,constant_zero,481,0,255,0.0006510416666666666
grid16,constant_zero,481,1,272,0.0006510416666666666
grid16,constant_zero,481,2,273,0.0006510416666666666
grid16,constant_zero,482,0,256,0.0006510416666666666
grid16,constant_zero,482,1,257,0.0006510416666666666
grid16,constant_zero,482,2,274,0.0006510416666666666
grid16,constant_zero,483,0,256,0.0006510416666666666
grid16,constant_zero,483,1,273,0.0006510416666666666
grid16,constant_zero,483,2,274,0.0006510416666666666
grid16,constant_zero,484,0,257,0.0006510416666666666
grid16,constant_zero,484,1,258,0.0006510416666666666
grid16,constant_zero,484,2,275,0.0006510416666666666
grid16,constant_zero,485,0,257,0.0006510416666666666
grid16,constant_zero,485,1,274,0.0006510416666666666
grid16,constant_zero,485,2,275,0.0006510416666666666
grid16,constant_zero,486,0,258,0.0006510416666666666
grid16,constant_zero,486,1,259,0.0006510416666666666
grid16,constant_zero,486,2,276,0.0006510416666666666
grid16,constant_zero,487,0,258,0.0006510416666666666
grid16,constant_zero,487,1,275,0.0006510416666666666
grid16,constant_zero,487,2,276,0.0006510416666666666
grid16,constant_zero,488,0,259,0.0006510416666666666
grid16,constant_zero,488,1,260,0.0006510416666666666
grid16,constant_zero,488,2,277,0.0006510416666666666
grid16,constant_zero,489,0,259,0.0006510416666666666
grid16,constant_zero,489,1,276,0.0006510416666666666
grid16,constant_zero,489,2,277,0.0006510416666666666
grid16,constant_zero,490,0,260,0.0006510416666666666
grid16,constant_zero,490,1,261,0.0006510416666666666
grid16,constant_zero,490,2,278,0.0006510416666666666
grid16,constant_zero,491,0,260,0.0006510416666666666
grid16,constant_zero,491,1,277,0.0006510416666666666
grid16,constant_zero,491,2,278,0.0006510416666666666
grid16,constant_zero,492,0,261,0.0006510416666666666
grid16,constant_zero,492,1,262,0.0006510416666666666
grid16,constant_zero,492,2,279,0.0006510416666666666
grid16,constant_zero,493,0,261,0.0006510416666666666
grid16,constant_zero,493,1,278,0.0006510416666666666
grid16,constant_zero,493,2,279,0.0006510416666666666
grid16,constant_zero,494,0,262,0.0006510416666666666
grid16,constant_zero,494,1,263,0.0006510416666666666
grid16,constant_zero,494,2,280,0.0006510416666666666
grid16,constant_zero,495,0,262,0.0006510416666666666
grid16,constant_zero,495,1,279,0.0006510416666666666
grid16,constant_zero,495,2,280,0.0006510416666666666
grid16,constant_zero,496,0,263,0.0006510416666666666
grid16,constant_zero,496,1,264,0.0006510416666666666
grid16,constant_zero,496,2,281,0.0006510416666666666
grid16,constant_zero,497,0,263,0.0006510416666666666
grid16,constant_zero,497,1,280,0.0006510416666666666
grid16,constant_zero,497,2,281,0.0006510416666666666
grid16,constant_zero,498,0,264,0.0006510416666666666
grid16,constant_zero,498,1,265,0.0006510416666666666
grid16,constant_zero,498,2,282,0.0006510416666666666
grid16,constant_zero,499,0,264,0.0006510416666666666
grid16,constant_zero,499,1,281,0.0006510416666666666
grid16,constant_zero,499,2,282,0.0006510416666666666
grid16,constant_zero,500,0,265,0.0006510416666666666
grid16,constant_zero,500,1,266,0.0006510416666666666
grid16,constant_zero,500,2,283,0.0006510416666666666
grid16,constant_zero,501,0,265,0.0006510416666666666
grid16,constant_zero,501,1,282,0.0006510416666666666
grid16,constant_zero,501,2,283,0.0006510416666666666
grid16,constant_zero,502,0,266,0.0006510416666666666
grid16,constant_zero,502,1,267,0.0006510416666666666
grid16,constant_zero,502,2,284,0.0006510416666666666
grid16,constant_zero,503,0,266,0.0006510416666666666
grid16,constant_zero,503,1,283,0.0006510416666666666
grid16,constant_zero,503,2,284,0.0006510416666666666
grid16,constant_zero,504,0,267,0.0006510416666666666
grid16,constant_zero,504,1,268,0.0006510416666666666
grid16,constant_zero,504,2,285,0.0006510416666666666
grid16,constant_zero,505,0,267,0.0006510416666666666
grid16,constant_zero,505,1,284,0.0006510416666666666
grid16,constant_zero,505,2,285,0.0006510416666666666
grid16,constant_zero,506,0,268,0.0006510416666666666
grid16,constant_zero,506,1,269,0.0006510416666666666
grid16,constant_zero,506,2,286,0.0006510416666666666
grid16,constant_zero,507,0,268,0.0006510416666666666
grid16,constant_zero,507,1,285,0.0006510416666666666
grid16,constant_zero,507,2,286,0.0006510416666666666
grid16,constant_zero,508,0,269,0.0006510416666666666
grid16,constant_zero,508,1,270,0.0006510416666666666
grid16,constant_zero,508,2,287,0.0006510416666666666
grid16,constant_zero,509,0,269,0.0006510416666666666
grid16,constant_zero,509,1,286,0.0006510416666666666
grid16,constant_zero,509,2,287,0.0006510416666666666
grid16,constant_zero,510,0,270,0.0006510416666666666
grid16,constant_zero,510,1,271,0.0006510416666666666
grid16,constant_zero,510,2,288,0.0006510416666666666
grid16,constant_zero,511,0,270,0.0006510416666666666
grid16,constant_zero,511,1,287,0.0006510416666666666
grid16,constant_zero,511,2,288,0.0006510416666666666
grid16,constant_lift,0,0,0,0.0006510416666666666
grid16,constant_lift,0,1,1,0.0006510416666666666
grid16,constant_lift,0,2,18,0.0006510416666666666
grid16,constant_lift,1,0,0,0.0006510416666666666
grid16,constant_lift,1,1,17,0.0006510416666666666
grid16,constant_lift,1,2,18,0.0006510416666666666
grid16,constant_lift,2,0,1,0.0006510416666666666
grid16,constant_lift,2,1,2,0.0006510416666666666
grid16,constant_lift,2,2,19,0.0006510416666666666
grid16,constant_lift,3,0,1,0.0006510416666666666
grid16,constant_lift,3,1,18,0.0006510416666666666
grid16,constant_lift,3,2,19,0.0006510416666666666
grid16,constant_lift,4,0,2,0.0006510416666666666
grid16,constant_lift,4,1,3,0.0006510416666666666
grid16,constant_lift,4,2,20,0.0006510416666666666
grid16,constant_lift,5,0,2,0.0006510416666666666
grid16,constant_lift,5,1,19,0.0006510416666666666
grid16,constant_lift,5,2,20,0.0006510416666666666
grid16,constant_lift,6,0,3,0.0006510416666666666
grid16,constant_lift,6,1,4,0.0006510416666666666
grid16,constant_lift,6,2,21,0.0006510416666666666
grid16,constant_lift,7,0,3,0.0006510416666666666
grid16,constant_lift,7,1,20,0.0006510416666666666
grid16,constant_lift,7,2,21,0.0006510416666666666
grid16,constant_lift,8,0,4,0.0006510416666666666
grid16,constant_lift,8,1,5,0.0006510416666666666
grid16,constant_lift,8,2,22,0.0006510416666666666
grid16,constant_lift,9,0,4,0.0006510416666666666
grid16,constant_lift,9,1,21,0.0006510416666666666
grid16,constant_lift,9,2,22,0.0006510416666666666
grid16,constant_lift,10,0,5,0.0006510416666666666
grid16,constant_lift,10,1,6,0.0006510416666666666
grid16,constant_lift,10,2,23,0.0006510416666666666
grid16,constant_lift,11,0,5,0.0006510416666666666
grid16,constant_lift,11,1,22,0.0006510416666666666
grid16,constant_lift,11,2,23,0.0006510416666666666
grid16,constant_lift,12,0,6,0.0006510416666666666
grid16,constant_lift,12,1,7,0.0006510416666666666
grid16,constant_lift,12,2,24,0.0006510416666666666
grid16,constant_lift,13,0,6,0.0006510416666666666
grid16,constant_lift,13,1,23,0.0006510416666666666
grid16,constant_lift,13,2,24,0.0006510416666666666
grid16,constant_lift,14,0,7,0.0006510416666666666
grid16,constant_lift,14,1,8,0.0006510416666666666
grid16,constant_lift,14,2,25,0.0006510416666666666
grid16,constant_lift,15,0,7,0.0006510416666666666
grid16,constant_lift,15,1,24,0.0006510416666666666
grid16,constant_lift,15,2,25,0.0006510416666666666
grid16,constant_lift,16,0,8,0.0006510416666666666
grid16,constant_lift,16,1,9,0.0006510416666666666
grid16,constant_lift,16,2,26,0.0006510416666666666
grid16,constant_lift,17,0,8,0.0006510416666666666
grid16,constant_lift,17,1,25,0.0006510416666666666
grid16,constant_lift,17,2,26,0.0006510416666666666
grid16,constant_lift,18,0,9,0.0006510416666666666
grid16,constant_lift,18,1,10,0.0006510416666666666
grid16,constant_lift,18,2,27,0.0006510416666666666
grid16,constant_lift,19,0,9,0.0006510416666666666
grid16,constant_lift,19,1,26,0.0006510416666666666
grid16,constant_lift,19,2,27,0.0006510416666666666
grid16,constant_lift,20,0,10,0.0006510416666666666
grid16,constant_lift,20,1,11,0.0006510416666666666
grid16,constant_lift,20,2,28,0.0006510416666666666
grid16,constant_lift,21,0,10,0.0006510416666666666
grid16,constant_lift,21,1,27,0.0006510416666666666
grid16,constant_lift,21,2,28,0.0006510416666666666
grid16,constant_lift,22,0,11,0.0006510416666666666
grid16,constant_lift,22,1,12,0.0006510416666666666
grid16,constant_lift,22,2,29,0.0006510416666666666
grid16,constant_lift,23,0,11,0.0006510416666666666
grid16,constant_lift,23,1,28,0.0006510416666666666
grid16,constant_lift,23,2,29,0.0006510416666666666
grid16,constant_lift,24,0,12,0.0006510416666666666
grid16,constant_lift,24,1,13,0.0006510416666666666
grid16,constant_lift,24,2,30,0.0006510416666666666
grid16,constant_lift,25,0,12,0.0006510416666666666
grid16,constant_lift,25,1,29,0.0006510416666666666
grid16,constant_lift,25,2,30,0.0006510416666666666
grid16,constant_lift,26,0,13,0.0006510416666666666
grid16,constant_lift,26,1,14,0.0006510416666666666
grid16,constant_lift,26,2,31,0.0006510416666666666
grid16,constant_lift,27,0,13,0.0006510416666666666
grid16,constant_lift,27,1,30,0.0006510416666666666
grid16,constant_lift,27,2,31,0.0006510416666666666
grid16,constant_lift,28,0,14,0.0006510416666666666
grid16,constant_lift,28,1,15,0.0006510416666666666
grid16,constant_lift,28,2,32,0.0006510416666666666
grid16,constant_lift,29,0,14,0.0006510416666666666
grid16,constant_lift,29,1,31,0.0006510416666666666
grid16,constant_lift,29,2,32,0.0006510416666666666
grid16,constant_lift,30,0,15,0.0006510416666666666
grid16,constant_lift,30,1,16,0.0006510416666666666
grid16,constant_lift,30,2,33,0.0006510416666666666
grid16,constant_lift,31,0,15,0.0006510416666666666
grid16,constant_lift,31,1,32,0.0006510416666666666
grid16,constant_lift,31,2,33,0.0006510416666666666
grid16,constant_lift,32,0,17,0.0006510416666666666
grid16,constant_lift,32,1,18,0.0006510416666666666
grid16,constant_lift,32,2,35,0.0006510416666666666
grid16,constant_lift,33,0,17,0.0006510416666666666
grid16,constant_lift,33,1,34,0.0006510416666666666
grid16,constant_lift,33,2,35,0.0006510416666666666
grid16,constant_lift,34,0,18,0.0006510416666666666
grid16,constant_lift,34,1,19,0.0006510416666666666
grid16,constant_lift,34,2,36,0.0006510416666666666
grid16,constant_lift,35,0,18,0.0006510416666666666
grid16,constant_lift,35,1,35,0.0006510416666666666
grid16,constant_lift,35,2,36,0.0006510416666666666
grid16,constant_lift,36,0,19,0.0006510416666666666
grid16,constant_lift,36,1,20,0.0006510416666666666
grid16,constant_lift,36,2,37,0.0006510416666666666
grid16,constant_lift,37,0,19,0.0006510416666666666
grid16,constant_lift,37,1,36,0.0006510416666666666
grid16,constant_lift,37,2,37,0.0006510416666666666
grid16,constant_lift,38,0,20,0.0006510416666666666
grid16,constant_lift,38,1,21,0.0006510416666666666
grid16,constant_lift,38,2,38,0.0006510416666666666
grid16,constant_lift,39,0,20,0.0006510416666666666
grid16,constant_lift,39,1,37,0.0006510416666666666
grid16,constant_lift,39,2,38,0.0006510416666666666
grid16,constant_lift,40,0,21,0.0006510416666666666
grid16,constant_lift,40,1,22,0.0006510416666666666
grid16,constant_lift,40,2,39,0.0006510416666666666
grid16,constant_lift,41,0,21,0.0006510416666666666
grid16,constant_lift,41,1,38,0.0006510416666666666
grid16,constant_lift,41,2,39,0.0006510416666666666
grid16,constant_lift,42,0,22,0.0006510416666666666
grid16,constant_lift,42,1,23,0.0006510416666666666
grid16,constant_lift,42,2,40,0.0006510416666666666
grid16,constant_lift,43,0,22,0.0006510416666666666
grid16,constant_lift,43,1,39,0.0006510416666666666
grid16,constant_lift,43,2,40,0.0006510416666666666
grid16,constant_lift,44,0,23,0.0006510416666666666
grid16,constant_lift,44,1,24,0.0006510416666666666
grid16,constant_lift,44,2,41,0.0006510416666666666
grid16,constant_lift,45,0,23,0.0006510416666666666
grid16,constant_lift,45,1,40,0.0006510416666666666
grid16,constant_lift,45,2,41,0.0006510416666666666
grid16,constant_lift,46,0,24,0.0006510416666666666
grid16,constant_lift,46,1,25,0.0006510416666666666
grid16,constant_lift,46,2,42,0.0006510416666666666
grid16,constant_lift,47,0,24,0.0006510416666666666
grid16,constant_lift,47,1,41,0.0006510416666666666
grid16,constant_lift,47,2,42,0.0006510416666666666
grid16,constant_lift,48,0,25,0.0006510416666666666
grid16,constant_lift,48,1,26,0.0006510416666666666
grid16,constant_lift,48,2,43,0.0006510416666666666
grid16,constant_lift,49,0,25,0.0006510416666666666
grid16,constant_lift,49,1,42,0.0006510416666666666
grid16,constant_lift,49,2,43,0.0006510416666666666
grid16,constant_lift,50,0,26,0.0006510416666666666
grid16,constant_lift,50,1,27,0.0006510416666666666
grid16,constant_lift,50,2,44,0.0006510416666666666
grid16,constant_lift,51,0,26,0.0006510416666666666
grid16,constant_lift,51,1,43,0.0006510416666666666
grid16,constant_lift,51,2,44,0.0006510416666666666
grid16,constant_lift,52,0,27,0.0006510416666666666
grid16,constant_lift,52,1,28,0.0006510416666666666
grid16,constant_lift,52,2,45,0.0006510416666666666
grid16,constant_lift,53,0,27,0.0006510416666666666
grid16,constant_lift,53,1,44,0.0006510416666666666
grid16,constant_lift,53,2,45,0.0006510416666666666
grid16,constant_lift,54,0,28,0.0006510416666666666
grid16,constant_lift,54,1,29,0.0006510416666666666
grid16,constant_lift,54,2,46,0.0006510416666666666
grid16,constant_lift,55,0,28,0.0006510416666666666
grid16,constant_lift,55,1,45,0.0006510416666666666
grid16,constant_lift,55,2,46,0.0006510416666666666
grid16,constant_lift,56,0,29,0.0006510416666666666
grid16,constant_lift,56,1,30,0.0006510416666666666
grid16,constant_lift,56,2,47,0.0006510416666666666
grid16,constant_lift,57,0,29,0.0006510416666666666
grid16,constant_lift,57,1,46,0.0006510416666666666
grid16,constant_lift,57,2,47,0.0006510416666666666
grid16,constant_lift,58,0,30,0.0006510416666666666
grid16,constant_lift,58,1,31,0.0006510416666666666
grid16,constant_lift,58,2,48,0.0006510416666666666
grid16,constant_lift,59,0,30,0.0006510416666666666
grid16,constant_lift,59,1,47,0.0006510416666666666
grid16,constant_lift,59,2,48,0.0006510416666666666
grid16,constant_lift,60,0,31,0.0006510416666666666
grid16,constant_lift,60,1,32,0.0006510416666666666
grid16,constant_lift,60,2,49,0.0006510416666666666
grid16,constant_lift,61,0,31,0.0006510416666666666
grid16,constant_lift,61,1,48,0.0006510416666666666
grid16,constant_lift,61,2,49,0.0006510416666666666
grid16,constant_lift,62,0,32,0.0006510416666666666
grid16,constant_lift,62,1,33,0.0006510416666666666
grid16,constant_lift,62,2,50,0.0006510416666666666
grid16,constant_lift,63,0,32,0.0006510416666666666
grid16,constant_lift,63,1,49,0.0006510416666666666
grid16,constant_lift,63,2,50,0.0006510416666666666
grid16,constant_lift,64,0,34,0.0006510416666666666
grid16,constant_lift,64,1,35,0.0006510416666666666
grid16,constant_lift,64,2,52,0.0006510416666666666
grid16,constant_lift,65,0,34,0.0006510416666666666
grid16,constant_lift,65,1,51,0.0006510416666666666
grid16,constant_lift,65,2,52,0.0006510416666666666
grid16,constant_lift,66,0,35,0.0006510416666666666
grid16,constant_lift,66,1,36,0.0006510416666666666
grid16,constant_lift,66,2,53,0.0006510416666666666
grid16,constant_lift,67,0,35,0.0006510416666666666
grid16,constant_lift,67,1,52,0.0006510416666666666
grid16,constant_lift,67,2,53,0.0006510416666666666
grid16,constant_lift,68,0,36,0.0006510416666666666
grid16,constant_lift,68,1,37,0.0006510416666666666
grid16,constant_lift,68,2,54,0.0006510416666666666
grid16,constant_lift,69,0,36,0.0006510416666666666
grid16,constant_lift,69,1,53,0.0006510416666666666
grid16,constant_lift,69,2,54,0.0006510416666666666
grid16,constant_lift,70,0,37,0.0006510416666666666
grid16,constant_lift,70,1,38,0.0006510416666666666
grid16,constant_lift,70,2,55,0.0006510416666666666
grid16,constant_lift,71,0,37,0.0006510416666666666
grid16,constant_lift,71,1,54,0.0006510416666666666
grid16,constant_lift,71,2,55,0.0006510416666666666
grid16,constant_lift,72,0,38,0.0006510416666666666
grid16,constant_lift,72,1,39,0.0006510416666666666
grid16,constant_lift,72,2,56,0.0006510416666666666
grid16,constant_lift,73,0,38,0.0006510416666666666
grid16,constant_lift,73,1,55,0.0006510416666666666
grid16,constant_lift,73,2,56,0.0006510416666666666
grid16,constant_lift,74,0,39,0.0006510416666666666
grid16,constant_lift,74,1,40,0.0006510416666666666
grid16,constant_lift,74,2,57,0.0006510416666666666
grid16,constant_lift,75,0,39,0.0006510416666666666
grid16,constant_lift,75,1,56,0.0006510416666666666
grid16,constant_lift,75,2,57,0.0006510416666666666
grid16,constant_lift,76,0,40,0.0006510416666666666
grid16,constant_lift,76,1,41,0.0006510416666666666
grid16,constant_lift,76,2,58,0.0006510416666666666
grid16,constant_lift,77,0,40,0.0006510416666666666
grid16,constant_lift,77,1,57,0.0006510416666666666
grid16,constant_lift,77,2,58,0.0006510416666666666
grid16,constant_lift,78,0,41,0.0006510416666666666
grid16,constant_lift,78,1,42,0.0006510416666666666
grid16,constant_lift,78,2,59,0.0006510416666666666
grid16,constant_lift,79,0,41,0.0006510416666666666
grid16,constant_lift,79,1,58,0.0006510416666666666
grid16,constant_lift,79,2,59,0.0006510416666666666
grid16,constant_lift,80,0,42,0.0006510416666666666
grid16,constant_lift,80,1,43,0.0006510416666666666
grid16,constant_lift,80,2,60,0.0006510416666666666
grid16,constant_lift,81,0,42,0.0006510416666666666
grid16,constant_lift,81,1,59,0.0006510416666666666
grid16,constant_lift,81,2,60,0.0006510416666666666
grid16,constant_lift,82,0,43,0.0006510416666666666
grid16,constant_lift,82,1,44,0.0006510416666666666
grid16,constant_lift,82,2,61,0.0006510416666666666
grid16,constant_lift,83,0,43,0.0006510416666666666
grid16,constant_lift,83,1,60,0.0006510416666666666
grid16,constant_lift,83,2,61,0.0006510416666666666
grid16,constant_lift,84,0,44,0.0006510416666666666
grid16,constant_lift,84,1,45,0.0006510416666666666
grid16,constant_lift,84,2,62,0.0006510416666666666
grid16,constant_lift,85,0,44,0.0006510416666666666
grid16,constant_lift,85,1,61,0.0006510416666666666
grid16,constant_lift,85,2,62,0.0006510416666666666
grid16,constant_lift,86,0,45,0.0006510416666666666
grid16,constant_lift,86,1,46,0.0006510416666666666
grid16,constant_lift,86,2,63,0.0006510416666666666
grid16,constant_lift,87,0,45,0.0006510416666666666
grid16,constant_lift,87,1,62,0.0006510416666666666
grid16,constant_lift,87,2,63,0.0006510416666666666
grid16,constant_lift,88,0,46,0.0006510416666666666
grid16,constant_lift,88,1,47,0.0006510416666666666
grid16,constant_lift,88,2,64,0.0006510416666666666
grid16,constant_lift,89,0,46,0.0006510416666666666
grid16,constant_lift,89,1,63,0.0006510416666666666
grid16,constant_lift,89,2,64,0.0006510416666666666
grid16,constant_lift,90,0,47,0.0006510416666666666
grid16,constant_lift,90,1,48,0.0006510416666666666
grid16,constant_lift,90,2,65,0.0006510416666666666
grid16,constant_lift,91,0,47,0.0006510416666666666
grid16,constant_lift,91,1,64,0.0006510416666666666
grid16,constant_lift,91,2,65,0.0006510416666666666
grid16,constant_lift,92,0,48,0.0006510416666666666
grid16,constant_lift,92,1,49,0.0006510416666666666
grid16,constant_lift,92,2,66,0.0006510416666666666
grid16,constant_lift,93,0,48,0.0006510416666666666
grid16,constant_lift,93,1,65,0.0006510416666666666
grid16,constant_lift,93,2,66,0.0006510416666666666
grid16,constant_lift,94,0,49,0.0006510416666666666
grid16,constant_lift,94,1,50,0.0006510416666666666
grid16,constant_lift,94,2,67,0.0006510416666666666
grid16,constant_lift,95,0,49,0.0006510416666666666
grid16,constant_lift,95,1,66,0.0006510416666666666
grid16,constant_lift,95,2,67,0.0006510416666666666
grid16,constant_lift,96,0,51,0.0006510416666666666
grid16,constant_lift,96,1,52,0.0006510416666666666
grid16,constant_lift,96,2,69,0.0006510416666666666
grid16,constant_lift,97,0,51,0.0006510416666666666
grid16,constant_lift,97,1,68,0.0006510416666666666
grid16,constant_lift,97,2,69,0.0006510416666666666
grid16,constant_lift,98,0,52,0.0006510416666666666
grid16,constant_lift,98,1,53,0.0006510416666666666
grid16,constant_lift,98,2,70,0.0006510416666666666
grid16,constant_lift,99,0,52,0.0006510416666666666
grid16,constant_lift,99,1,69,0.0006510416666666666
grid16,constant_lift,99,2,70,0.0006510416666666666
grid16,constant_lift,100,0,53,0.0006510416666666666
grid16,constant_lift,100,1,54,0.0006510416666666666
grid16,constant_lift,100,2,71,0.0006510416666666666
grid16,constant_lift,101,0,53,0.0006510416666666666
grid16,constant_lift,101,1,70,0.0006510416666666666
grid16,constant_lift,101,2,71,0.0006510416666666666
grid16,constant_lift,102,0,54,0.0006510416666666666
grid16,constant_lift,102,1,55,0.0006510416666666666
grid16,constant_lift,102,2,72,0.0006510416666666666
grid16,constant_lift,103,0,54,0.0006510416666666666
grid16,constant_lift,103,1,71,0.0006510416666666666
grid16,constant_lift,103,2,72,0.0006510416666666666
grid16,constant_lift,104,0,55,0.0006510416666666666
grid16,constant_lift,104,1,56,0.0006510416666666666
grid16,constant_lift,104,2,73,0.0006510416666666666
grid16,constant_lift,105,0,55,0.0006510416666666666
grid16,constant_lift,105,1,72,0.0006510416666666666
grid16,constant_lift,105,2,73,0.0006510416666666666
grid16,constant_lift,106,0,56,0.0006510416666666666
grid16,constant_lift,106,1,57,0.0006510416666666666
grid16,constant_lift,106,2,74,0.0006510416666666666
grid16,constant_lift,107,0,56,0.0006510416666666666
grid16,constant_lift,107,1,73,0.0006510416666666666
grid16,constant_lift,107,2,74,0.0006510416666666666
grid16,constant_lift,108,0,57,0.0006510416666666666
grid16,constant_lift,108,1,58,0.0006510416666666666
grid16,constant_lift,108,2,75,0.0006510416666666666
grid16,constant_lift,109,0,57,0.0006510416666666666
grid16,constant_lift,109,1,74,0.0006510416666666666
grid16,constant_lift,109,2,75,0.0006510416666666666
grid16,constant_lift,110,0,58,0.0006510416666666666
grid16,constant_lift,110,1,59,0.0006510416666666666
grid16,constant_lift,110,2,76,0.0006510416666666666
grid16,constant_lift,111,0,58,0.0006510416666666666
grid16,constant_lift,111,1,75,0.0006510416666666666
grid16,constant_lift,111,2,76,0.0006510416666666666
grid16,constant_lift,112,0,59,0.0006510416666666666
grid16,constant_lift,112,1,60,0.0006510416666666666
grid16,constant_lift,112,2,77,0.0006510416666666666
grid16,constant_lift,113,0,59,0.0006510416666666666
grid16,constant_lift,113,1,76,0.0006510416666666666
grid16,constant_lift,113,2,77,0.0006510416666666666
grid16,constant_lift,114,0,60,0.0006510416666666666
grid16,constant_lift,114,1,61,0.0006510416666666666
grid16,constant_lift,114,2,78,0.0006510416666666666
grid16,constant_lift,115,0,60,0.0006510416666666666
grid16,constant_lift,115,1,77,0.0006510416666666666
grid16,constant_lift,115,2,78,0.0006510416666666666
grid16,constant_lift,116,0,61,0.0006510416666666666
grid16,constant_lift,116,1,62,0.0006510416666666666
grid16,constant_lift,116,2,79,0.0006510416666666666
grid16,constant_lift,117,0,61,0.0006510416666666666
grid16,constant_lift,117,1,78,0.0006510416666666666
grid16,constant_lift,117,2,79,0.0006510416666666666
grid16,constant_lift,118,0,62,0.0006510416666666666
grid16,constant_lift,118,1,63,0.0006510416666666666
grid16,constant_lift,118,2,80,0.0006510416666666666
grid16,constant_lift,119,0,62,0.0006510416666666666
grid16,constant_lift,119,1,79,0.0006510416666666666
grid16,constant_lift,119,2,80,0.0006510416666666666
grid16,constant_lift,120,0,63,0.0006510416666666666
grid16,constant_lift,120,1,64,0.0006510416666666666
grid16,constant_lift,120,2,81,0.0006510416666666666
grid16,constant_lift,121,0,63,0.0006510416666666666
grid16,constant_lift,121,1,80,0.0006510416666666666
grid16,constant_lift,121,2,81,0.0006510416666666666
grid16,constant_lift,122,0,64,0.0006510416666666666
grid16,constant_lift,122,1,65,0.0006510416666666666
grid16,constant_lift,122,2,82,0.0006510416666666666
grid16,constant_lift,123,0,64,0.0006510416666666666
grid16,constant_lift,123,1,81,0.0006510416666666666
grid16,constant_lift,123,2,82,0.0006510416666666666
grid16,constant_lift,124,0,65,0.0006510416666666666
grid16,constant_lift,124,1,66,0.0006510416666666666
grid16,constant_lift,124,2,83,0.0006510416666666666
grid16,constant_lift,125,0,65,0.0006510416666666666
grid16,constant_lift,125,1,82,0.0006510416666666666
grid16,constant_lift,125,2,83,0.0006510416666666666
grid16,constant_lift,126,0,66,0.0006510416666666666
grid16,constant_lift,126,1,67,0.0006510416666666666
grid16,constant_lift,126,2,84,0.0006510416666666666
grid16,constant_lift,127,0,66,0.0006510416666666666
grid16,constant_lift,127,1,83,0.0006510416666666666
grid16,constant_lift,127,2,84,0.0006510416666666666
grid16,constant_lift,128,0,68,0.0006510416666666666
grid16,constant_lift,128,1,69,0.0006510416666666666
grid16,constant_lift,128,2,86,0.0006510416666666666
grid16,constant_lift,129,0,68,0.0006510416666666666
grid16,constant_lift,129,1,85,0.0006510416666666666
grid16,constant_lift,129,2,86,0.0006510416666666666
grid16,constant_lift,130,0,69,0.0006510416666666666
grid16,constant_lift,130,1,70,0.0006510416666666666
grid16,constant_lift,130,2,87,0.0006510416666666666
grid16,constant_lift,131,0,69,0.0006510416666666666
grid16,constant_lift,131,1,86,0.0006510416666666666
grid16,constant_lift,131,2,87,0.0006510416666666666
grid16,constant_lift,132,0,70,0.0006510416666666666
grid16,constant_lift,132,1,71,0.0006510416666666666
grid16,constant_lift,132,2,88,0.0006510416666666666
grid16,constant_lift,133,0,70,0.0006510416666666666
grid16,constant_lift,133,1,87,0.0006510416666666666
grid16,constant_lift,133,2,88,0.0006510416666666666
grid16,constant_lift,134,0,71,0.0006510416666666666
grid16,constant_lift,134,1,72,0.0006510416666666666
grid16,constant_lift,134,2,89,0.0006510416666666666
grid16,constant_lift,135,0,71,0.0006510416666666666
grid16,constant_lift,135,1,88,0.0006510416666666666
grid16,constant_lift,135,2,89,0.0006510416666666666
grid16,constant_lift,136,0,72,0.0006510416666666666
grid16,constant_lift,136,1,73,0.0006510416666666666
grid16,constant_lift,136,2,90,0.0006510416666666666
grid16,constant_lift,137,0,72,0.0006510416666666666
grid16,constant_lift,137,1,89,0.0006510416666666666
grid16,constant_lift,137,2,90,0.0006510416666666666
grid16,constant_lift,138,0,73,0.0006510416666666666
grid16,constant_lift,138,1,74,0.0006510416666666666
grid16,constant_lift,138,2,91,0.0006510416666666666
grid16,constant_lift,139,0,73,0.0006510416666666666
grid16,constant_lift,139,1,90,0.0006510416666666666
grid16,constant_lift,139,2,91,0.0006510416666666666
grid16,constant_lift,140,0,74,0.0006510416666666666
grid16,constant_lift,140,1,75,0.0006510416666666666
grid16,constant_lift,140,2,92,0.0006510416666666666
grid16,constant_lift,141,0,74,0.0006510416666666666
grid16,constant_lift,141,1,91,0.0006510416666666666
grid16,constant_lift,141,2,92,0.0006510416666666666
grid16,constant_lift,142,0,75,0.0006510416666666666
grid16,constant_lift,142,1,76,0.0006510416666666666
grid16,constant_lift,142,2,93,0.0006510416666666666
grid16,constant_lift,143,0,75,0.0006510416666666666
grid16,constant_lift,143,1,92,0.0006510416666666666
grid16,constant_lift,143,2,93,0.0006510416666666666
grid16,constant_lift,144,0,76,0.0006510416666666666
grid16,constant_lift,144,1,77,0.0006510416666666666
grid16,constant_lift,144,2,94,0.0006510416666666666
grid16,constant_lift,145,0,76,0.0006510416666666666
grid16,constant_lift,145,1,93,0.0006510416666666666
grid16,constant_lift,145,2,94,0.0006510416666666666
grid16,constant_lift,146,0,77,0.0006510416666666666
grid16,constant_lift,146,1,78,0.0006510416666666666
grid16,constant_lift,146,2,95,0.0006510416666666666
grid16,constant_lift,147,0,77,0.0006510416666666666
grid16,constant_lift,147,1,94,0.0006510416666666666
grid16,constant_lift,147,2,95,0.0006510416666666666
grid16,constant_lift,148,0,78,0.0006510416666666666
grid16,constant_lift,148,1,79,0.0006510416666666666
grid16,constant_lift,148,2,96,0.0006510416666666666
grid16,constant_lift,149,0,78,0.0006510416666666666
grid16,constant_lift,149,1,95,0.0006510416666666666
grid16,constant_lift,149,2,96,0.0006510416666666666
grid16,constant_lift,150,0,79,0.0006510416666666666
grid16,constant_lift,150,1,80,0.0006510416666666666
grid16,constant_lift,150,2,97,0.0006510416666666666
grid16,constant_lift,151,0,79,0.0006510416666666666
grid16,constant_lift,151,1,96,0.0006510416666666666
grid16,constant_lift,151,2,97,0.0006510416666666666
grid16,constant_lift,152,0,80,0.0006510416666666666
grid16,constant_lift,152,1,81,0.0006510416666666666
grid16,constant_lift,152,2,98,0.0006510416666666666
grid16,constant_lift,153,0,80,0.0006510416666666666
grid16,constant_lift,153,1,97,0.0006510416666666666
grid16,constant_lift,153,2,98,0.0006510416666666666
grid16,constant_lift,154,0,81,0.0006510416666666666
grid16,constant_lift,154,1,82,0.0006510416666666666
grid16,constant_lift,154,2,99,0.0006510416666666666
grid16,constant_lift,155,0,81,0.0006510416666666666
grid16,constant_lift,155,1,98,0.0006510416666666666
grid16,constant_lift,155,2,99,0.0006510416666666666
grid16,constant_lift,156,0,82,0.0006510416666666666
grid16,constant_lift,156,1,83,0.0006510416666666666
grid16,constant_lift,156,2,100,0.0006510416666666666
grid16,constant_lift,157,0,82,0.0006510416666666666
grid16,constant_lift,157,1,99,0.0006510416666666666
grid16,constant_lift,157,2,100,0.0006510416666666666
grid16,constant_lift,158,0,83,0.0006510416666666666
grid16,constant_lift,158,1,84,0.0006510416666666666
grid16,constant_lift,158,2,101,0.0006510416666666666
grid16,constant_lift,159,0,83,0.0006510416666666666
grid16,constant_lift,159,1,100,0.0006510416666666666
grid16,constant_lift,159,2,101,0.0006510416666666666
grid16,constant_lift,160,0,85,0.0006510416666666666
grid16,constant_lift,160,1,86,0.0006510416666666666
grid16,constant_lift,160,2,103,0.0006510416666666666
grid16,constant_lift,161,0,85,0.0006510416666666666
grid16,constant_lift,161,1,102,0.0006510416666666666
grid16,constant_lift,161,2,103,0.0006510416666666666
grid16,constant_lift,162,0,86,0.0006510416666666666
grid16,constant_lift,162,1,87,0.0006510416666666666
grid16,constant_lift,162,2,104,0.0006510416666666666
grid16,constant_lift,163,0,86,0.0006510416666666666
grid16,constant_lift,163,1,103,0.0006510416666666666
grid16,constant_lift,163,2,104,0.0006510416666666666
grid16,constant_lift,164,0,87,0.0006510416666666666
grid16,constant_lift,164,1,88,0.0006510416666666666
grid16,constant_lift,164,2,105,0.0006510416666666666
grid16,constant_lift,165,0,87,0.0006510416666666666
grid16,constant_lift,165,1,104,0.0006510416666666666
grid16,constant_lift,165,2,105,0.0006510416666666666
grid16,constant_lift,166,0,88,0.0006510416666666666
grid16,constant_lift,166,1,89,0.0006510416666666666
grid16,constant_lift,166,2,106,0.0006510416666666666
grid16,constant_lift,167,0,88,0.0006510416666666666
grid16,constant_lift,167,1,105,0.0006510416666666666
grid16,constant_lift,167,2,106,0.0006510416666666666
grid16,constant_lift,168,0,89,0.0006510416666666666
grid16,constant_lift,168,1,90,0.0006510416666666666
grid16,constant_lift,168,2,107,0.0006510416666666666
grid16,constant_lift,169,0,89,0.0006510416666666666
grid16,constant_lift,169,1,106,0.0006510416666666666
grid16,constant_lift,169,2,107,0.0006510416666666666
grid16,constant_lift,170,0,90,0.0006510416666666666
grid16,constant_lift,170,1,91,0.0006510416666666666
grid16,constant_lift,170,2,108,0.0006510416666666666
grid16,constant_lift,171,0,90,0.0006510416666666666
grid16,constant_lift,171,1,107,0.0006510416666666666
grid16,constant_lift,171,2,108,0.0006510416666666666
grid16,constant_lift,172,0,91,0.0006510416666666666
grid16,constant_lift,172,1,92,0.0006510416666666666
grid16,constant_lift,172,2,109,0.0006510416666666666
grid16,constant_lift,173,0,91,0.0006510416666666666
grid16,constant_lift,173,1,108,0.0006510416666666666
grid16,constant_lift,173,2,109,0.0006510416666666666
grid16,constant_lift,174,0,92,0.0006510416666666666
grid16,constant_lift,174,1,93,0.0006510416666666666
grid16,constant_lift,174,2,110,0.0006510416666666666
grid16,constant_lift,175,0,92,0.0006510416666666666
grid16,constant_lift,175,1,109,0.0006510416666666666
grid16,constant_lift,175,2,110,0.0006510416666666666
grid16,constant_lift,176,0,93,0.0006510416666666666
grid16,constant_lift,176,1,94,0.0006510416666666666
grid16,constant_lift,176,2,111,0.0006510416666666666
grid16,constant_lift,177,0,93,0.0006510416666666666
grid16,constant_lift,177,1,110,0.0006510416666666666
grid16,constant_lift,177,2,111,0.0006510416666666666
grid16,constant_lift,178,0,94,0.0006510416666666666
grid16,constant_lift,178,1,95,0.0006510416666666666
grid16,constant_lift,178,2,112,0.0006510416666666666
grid16,constant_lift,179,0,94,0.0006510416666666666
grid16,constant_lift,179,1,111,0.0006510416666666666
grid16,constant_lift,179,2,112,0.0006510416666666666
grid16,constant_lift,180,0,95,0.0006510416666666666
grid16,constant_lift,180,1,96,0.0006510416666666666
grid16,constant_lift,180,2,113,0.0006510416666666666
grid16,constant_lift,181,0,95,0.0006510416666666666
grid16,constant_lift,181,1,112,0.0006510416666666666
grid16,constant_lift,181,2,113,0.0006510416666666666
grid16,constant_lift,182,0,96,0.0006510416666666666
grid16,constant_lift,182,1,97,0.0006510416666666666
grid16,constant_lift,182,2,114,0.0006510416666666666
grid16,constant_lift,183,0,96,0.0006510416666666666
grid16,constant_lift,183,1,113,0.0006510416666666666
grid16,constant_lift,183,2,114,0.0006510416666666666
grid16,constant_lift,184,0,97,0.0006510416666666666
grid16,constant_lift,184,1,98,0.0006510416666666666
grid16,constant_lift,184,2,115,0.0006510416666666666
grid16,constant_lift,185,0,97,0.0006510416666666666
grid16,constant_lift,185,1,114,0.0006510416666666666
grid16,constant_lift,185,2,115,0.0006510416666666666
grid16,constant_lift,186,0,98,0.0006510416666666666
grid16,constant_lift,186,1,99,0.0006510416666666666
grid16,constant_lift,186,2,116,0.0006510416666666666
grid16,constant_lift,187,0,98,0.0006510416666666666
grid16,constant_lift,187,1,115,0.0006510416666666666
grid16,constant_lift,187,2,116,0.0006510416666666666
grid16,constant_lift,188,0,99,0.0006510416666666666
grid16,constant_lift,188,1,100,0.0006510416666666666
grid16,constant_lift,188,2,117,0.0006510416666666666
grid16,constant_lift,189,0,99,0.0006510416666666666
grid16,constant_lift,189,1,116,0.0006510416666666666
grid16,constant_lift,189,2,117,0.0006510416666666666
grid16,constant_lift,190,0,100,0.0006510416666666666
grid16,constant_lift,190,1,101,0.0006510416666666666
grid16,constant_lift,190,2,118,0.0006510416666666666
grid16,constant_lift,191,0,100,0.0006510416666666666
grid16,constant_lift,191,1,117,0.0006510416666666666
grid16,constant_lift,191,2,118,0.0006510416666666666
grid16,constant_lift,192,0,102,0.0006510416666666666
grid16,constant_lift,192,1,103,0.0006510416666666666
grid16,constant_lift,192,2,120,0.0006510416666666666
grid16,constant_lift,193,0,102,0.0006510416666666666
grid16,constant_lift,193,1,119,0.0006510416666666666
grid16,constant_lift,193,2,120,0.0006510416666666666
grid16,constant_lift,194,0,103,0.0006510416666666666
grid16,constant_lift,194,1,104,0.0006510416666666666
grid16,constant_lift,194,2,121,0.0006510416666666666
grid16,constant_lift,195,0,103,0.0006510416666666666
grid16,constant_lift,195,1,120,0.0006510416666666666
grid16,constant_lift,195,2,121,0.0006510416666666666
grid16,constant_lift,196,0,104,0.0006510416666666666
grid16,constant_lift,196,1,105,0.0006510416666666666
grid16,constant_lift,196,2,122,0.0006510416666666666
grid16,constant_lift,197,0,104,0.0006510416666666666
grid16,constant_lift,197,1,121,0.0006510416666666666
grid16,constant_lift,197,2,122,0.0006510416666666666
grid16,constant_lift,198,0,105,0.0006510416666666666
grid16,constant_lift,198,1,106,0.0006510416666666666
grid16,constant_lift,198,2,123,0.0006510416666666666
grid16,constant_lift,199,0,105,0.0006510416666666666
grid16,constant_lift,199,1,122,0.0006510416666666666
grid16,constant_lift,199,2,123,0.0006510416666666666
grid16,constant_lift,200,0,106,0.0006510416666666666
grid16,constant_lift,200,1,107,0.0006510416666666666
grid16,constant_lift,200,2,124,0.0006510416666666666
grid16,constant_lift,201,0,106,0.0006510416666666666
grid16,constant_lift,201,1,123,0.0006510416666666666
grid16,constant_lift,201,2,124,0.0006510416666666666
grid16,constant_lift,202,0,107,0.0006510416666666666
grid16,constant_lift,202,1,108,0.0006510416666666666
grid16,constant_lift,202,2,125,0.0006510416666666666
grid16,constant_lift,203,0,107,0.0006510416666666666
grid16,constant_lift,203,1,124,0.0006510416666666666
grid16,constant_lift,203,2,125,0.0006510416666666666
grid16,constant_lift,204,0,108,0.0006510416666666666
grid16,constant_lift,204,1,109,0.0006510416666666666
grid16,constant_lift,204,2,126,0.0006510416666666666
grid16,constant_lift,205,0,108,0.0006510416666666666
grid16,constant_lift,205,1,125,0.0006510416666666666
grid16,constant_lift,205,2,126,0.0006510416666666666
grid16,constant_lift,206,0,109,0.0006510416666666666
grid16,constant_lift,206,1,110,0.0006510416666666666
grid16,constant_lift,206,2,127,0.0006510416666666666
grid16,constant_lift,207,0,109,0.0006510416666666666
grid16,constant_lift,207,1,126,0.0006510416666666666
grid16,constant_lift,207,2,127,0.0006510416666666666
grid16,constant_lift,208,0,110,0.0006510416666666666
grid16,constant_lift,208,1,111,0.0006510416666666666
grid16,constant_lift,208,2,128,0.0006510416666666666
grid16,constant_lift,209,0,110,0.0006510416666666666
grid16,constant_lift,209,1,127,0.0006510416666666666
grid16,constant_lift,209,2,128,0.0006510416666666666
grid16,constant_lift,210,0,111,0.0006510416666666666
grid16,constant_lift,210,1,112,0.0006510416666666666
grid16,constant_lift,210,2,129,0.0006510416666666666
grid16,constant_lift,211,0,111,0.0006510416666666666
grid16,constant_lift,211,1,128,0.0006510416666666666
grid16,constant_lift,211,2,129,0.0006510416666666666
grid16,constant_lift,212,0,112,0.0006510416666666666
grid16,constant_lift,212,1,113,0.0006510416666666666
grid16,constant_lift,212,2,130,0.0006510416666666666
grid16,constant_lift,213,0,112,0.0006510416666666666
grid16,constant_lift,213,1,129,0.0006510416666666666
grid16,constant_lift,213,2,130,0.0006510416666666666
grid16,constant_lift,214,0,113,0.0006510416666666666
grid16,constant_lift,214,1,114,0.0006510416666666666
grid16,constant_lift,214,2,131,0.0006510416666666666
grid16,constant_lift,215,0,113,0.0006510416666666666
grid16,constant_lift,215,1,130,0.0006510416666666666
grid16,constant_lift,215,2,131,0.0006510416666666666
grid16,constant_lift,216,0,114,0.0006510416666666666
grid16,constant_lift,216,1,115,0.0006510416666666666
grid16,constant_lift,216,2,132,0.0006510416666666666
grid16,constant_lift,217,0,114,0.0006510416666666666
grid16,constant_lift,217,1,131,0.0006510416666666666
grid16,constant_lift,217,2,132,0.0006510416666666666
grid16,constant_lift,218,0,115,0.0006510416666666666
grid16,constant_lift,218,1,116,0.0006510416666666666
grid16,constant_lift,218,2,133,0.0006510416666666666
grid16,constant_lift,219,0,115,0.0006510416666666666
grid16,constant_lift,219,1,132,0.0006510416666666666
grid16,constant_lift,219,2,133,0.0006510416666666666
grid16,constant_lift,220,0,116,0.0006510416666666666
grid16,constant_lift,220,1,117,0.0006510416666666666
grid16,constant_lift,220,2,134,0.0006510416666666666
grid16,constant_lift,221,0,116,0.0006510416666666666
grid16,constant_lift,221,1,133,0.0006510416666666666
grid16,constant_lift,221,2,134,0.0006510416666666666
grid16,constant_lift,222,0,117,0.0006510416666666666
grid16,constant_lift,222,1,118,0.0006510416666666666
grid16,constant_lift,222,2,135,0.0006510416666666666
grid16,constant_lift,223,0,117,0.0006510416666666666
grid16,constant_lift,223,1,134,0.0006510416666666666
grid16,constant_lift,223,2,135,0.0006510416666666666
grid16,constant_lift,224,0,119,0.0006510416666666666
grid16,constant_lift,224,1,120,0.0006510416666666666
grid16,constant_lift,224,2,137,0.0006510416666666666
grid16,constant_lift,225,0,119,0.0006510416666666666
grid16,constant_lift,225,1,136,0.0006510416666666666
grid16,constant_lift,225,2,137,0.0006510416666666666
grid16,constant_lift,226,0,120,0.0006510416666666666
grid16,constant_lift,226,1,121,0.0006510416666666666
grid16,constant_lift,226,2,138,0.0006510416666666666
grid16,constant_lift,227,0,120,0.0006510416666666666
grid16,constant_lift,227,1,137,0.0006510416666666666
grid16,constant_lift,227,2,138,0.0006510416666666666
grid16,constant_lift,228,0,121,0.0006510416666666666
grid16,constant_lift,228,1,122,0.0006510416666666666
grid16,constant_lift,228,2,139,0.0006510416666666666
grid16,constant_lift,229,0,121,0.0006510416666666666
grid16,constant_lift,229,1,138,0.0006510416666666666
grid16,constant_lift,229,2,139,0.0006510416666666666
grid16,constant_lift,230,0,122,0.0006510416666666666
grid16,constant_lift,230,1,123,0.0006510416666666666
grid16,constant_lift,230,2,140,0.0006510416666666666
grid16,constant_lift,231,0,122,0.0006510416666666666
grid16,constant_lift,231,1,139,0.0006510416666666666
grid16,constant_lift,231,2,140,0.0006510416666666666
grid16,constant_lift,232,0,123,0.0006510416666666666
grid16,constant_lift,232,1,124,0.0006510416666666666
grid16,constant_lift,232,2,141,0.0006510416666666666
grid16,constant_lift,233,0,123,0.0006510416666666666
grid16,constant_lift,233,1,140,0.0006510416666666666
grid16,constant_lift,233,2,141,0.0006510416666666666
grid16,constant_lift,234,0,124,0.0006510416666666666
grid16,constant_lift,234,1,125,0.0006510416666666666
grid16,constant_lift,234,2,142,0.0006510416666666666
grid16,constant_lift,235,0,124,0.0006510416666666666
grid16,constant_lift,235,1,141,0.0006510416666666666
grid16,constant_lift,235,2,142,0.0006510416666666666
grid16,constant_lift,236,0,125,0.0006510416666666666
grid16,constant_lift,236,1,126,0.0006510416666666666
grid16,constant_lift,236,2,143,0.0006510416666666666
grid16,constant_lift,237,0,125,0.0006510416666666666
grid16,constant_lift,237,1,142,0.0006510416666666666
grid16,constant_lift,237,2,143,0.0006510416666666666
grid16,constant_lift,238,0,126,0.0006510416666666666
grid16,constant_lift,238,1,127,0.0006510416666666666
grid16,constant_lift,238,2,144,0.0006510416666666666
grid16,constant_lift,239,0,126,0.0006510416666666666
grid16,constant_lift,239,1,143,0.0006510416666666666
grid16,constant_lift,239,2,144,0.0006510416666666666
grid16,constant_lift,240,0,127,0.0006510416666666666
grid16,constant_lift,240,1,128,0.0006510416666666666
grid16,constant_lift,240,2,145,0.0006510416666666666
grid16,constant_lift,241,0,127,0.0006510416666666666
grid16,constant_lift,241,1,144,0.0006510416666666666
grid16,constant_lift,241,2,145,0.0006510416666666666
grid16,constant_lift,242,0,128,0.0006510416666666666
grid16,constant_lift,242,1,129,0.0006510416666666666
grid16,constant_lift,242,2,146,0.0006510416666666666
grid16,constant_lift,243,0,128,0.0006510416666666666
grid16,constant_lift,243,1,145,0.0006510416666666666
grid16,constant_lift,243,2,146,0.0006510416666666666
grid16,constant_lift,244,0,129,0.0006510416666666666
grid16,constant_lift,244,1,130,0.0006510416666666666
grid16,constant_lift,244,2,147,0.0006510416666666666
grid16,constant_lift,245,0,129,0.0006510416666666666
grid16,constant_lift,245,1,146,0.0006510416666666666
grid16,constant_lift,245,2,147,0.0006510416666666666
grid16,constant_lift,246,0,130,0.0006510416666666666
grid16,constant_lift,246,1,131,0.0006510416666666666
grid16,constant_lift,246,2,148,0.0006510416666666666
grid16,constant_lift,247,0,130,0.0006510416666666666
grid16,constant_lift,247,1,147,0.0006510416666666666
grid16,constant_lift,247,2,148,0.0006510416666666666
grid16,constant_lift,248,0,131,0.0006510416666666666
grid16,constant_lift,248,1,132,0.0006510416666666666
grid16,constant_lift,248,2,149,0.0006510416666666666
grid16,constant_lift,249,0,131,0.0006510416666666666
grid16,constant_lift,249,1,148,0.0006510416666666666
grid16,constant_lift,249,2,149,0.0006510416666666666
grid16,constant_lift,250,0,132,0.0006510416666666666
grid16,constant_lift,250,1,133,0.0006510416666666666
grid16,constant_lift,250,2,150,0.0006510416666666666
grid16,constant_lift,251,0,132,0.0006510416666666666
grid16,constant_lift,251,1,149,0.0006510416666666666
grid16,constant_lift,251,2,150,0.0006510416666666666
grid16,constant_lift,252,0,133,0.0006510416666666666
grid16,constant_lift,252,1,134,0.0006510416666666666
grid16,constant_lift,252,2,151,0.0006510416666666666
grid16,constant_lift,253,0,133,0.0006510416666666666
grid16,constant_lift,253,1,150,0.0006510416666666666
grid16,constant_lift,253,2,151,0.0006510416666666666
grid16,constant_lift,254,0,134,0.0006510416666666666
grid16,constant_lift,254,1,135,0.0006510416666666666
grid16,constant_lift,254,2,152,0.0006510416666666666
grid16,constant_lift,255,0,134,0.0006510416666666666
grid16,constant_lift,255,1,151,0.0006510416666666666
grid16,constant_lift,255,2,152,0.0006510416666666666
grid16,constant_lift,256,0,136,0.0006510416666666666
grid16,constant_lift,256,1,137,0.0006510416666666666
grid16,constant_lift,256,2,154,0.0006510416666666666
grid16,constant_lift,257,0,136,0.0006510416666666666
grid16,constant_lift,257,1,153,0.0006510416666666666
grid16,constant_lift,257,2,154,0.0006510416666666666
grid16,constant_lift,258,0,137,0.0006510416666666666
grid16,constant_lift,258,1,138,0.0006510416666666666
grid16,constant_lift,258,2,155,0.0006510416666666666
grid16,constant_lift,259,0,137,0.0006510416666666666
grid16,constant_lift,259,1,154,0.0006510416666666666
grid16,constant_lift,259,2,155,0.0006510416666666666
grid16,constant_lift,260,0,138,0.0006510416666666666
grid16,constant_lift,260,1,139,0.0006510416666666666
grid16,constant_lift,260,2,156,0.0006510416666666666
grid16,constant_lift,261,0,138,0.0006510416666666666
grid16,constant_lift,261,1,155,0.0006510416666666666
grid16,constant_lift,261,2,156,0.0006510416666666666
grid16,constant_lift,262,0,139,0.0006510416666666666
grid16,constant_lift,262,1,140,0.0006510416666666666
grid16,constant_lift,262,2,157,0.0006510416666666666
grid16,constant_lift,263,0,139,0.0006510416666666666
grid16,constant_lift,263,1,156,0.0006510416666666666
grid16,constant_lift,263,2,157,0.0006510416666666666
grid16,constant_lift,264,0,140,0.0006510416666666666
grid16,constant_lift,264,1,141,0.0006510416666666666
grid16,constant_lift,264,2,158,0.0006510416666666666
grid16,constant_lift,265,0,140,0.0006510416666666666
grid16,constant_lift,265,1,157,0.0006510416666666666
grid16,constant_lift,265,2,158,0.0006510416666666666
grid16,constant_lift,266,0,141,0.0006510416666666666
grid16,constant_lift,266,1,142,0.0006510416666666666
grid16,constant_lift,266,2,159,0.0006510416666666666
grid16,constant_lift,267,0,141,0.0006510416666666666
grid16,constant_lift,267,1,158,0.0006510416666666666
grid16,constant_lift,267,2,159,0.0006510416666666666
grid16,constant_lift,268,0,142,0.0006510416666666666
grid16,constant_lift,268,1,143,0.0006510416666666666
grid16,constant_lift,268,2,160,0.0006510416666666666
grid16,constant_lift,269,0,142,0.0006510416666666666
grid16,constant_lift,269,1,159,0.0006510416666666666
grid16,constant_lift,269,2,160,0.0006510416666666666
grid16,constant_lift,270,0,143,0.0006510416666666666
grid16,constant_lift,270,1,144,0.0006510416666666666
grid16,constant_lift,270,2,161,0.0006510416666666666
grid16,constant_lift,271,0,143,0.0006510416666666666
grid16,constant_lift,271,1,160,0.0006510416666666666
grid16,constant_lift,271,2,161,0.0006510416666666666
grid16,constant_lift,272,0,144,0.0006510416666666666
grid16,constant_lift,272,1,145,0.0006510416666666666
grid16,constant_lift,272,2,162,0.0006510416666666666
grid16,constant_lift,273,0,144,0.0006510416666666666
grid16,constant_lift,273,1,161,0.0006510416666666666
grid16,constant_lift,273,2,162,0.0006510416666666666
grid16,constant_lift,274,0,145,0.0006510416666666666
grid16,constant_lift,274,1,146,0.0006510416666666666
grid16,constant_lift,274,2,163,0.0006510416666666666
grid16,constant_lift,275,0,145,0.0006510416666666666
grid16,constant_lift,275,1,162,0.0006510416666666666
grid16,constant_lift,275,2,163,0.0006510416666666666
grid16,constant_lift,276,0,146,0.0006510416666666666
grid16,constant_lift,276,1,147,0.0006510416666666666
grid16,constant_lift,276,2,164,0.0006510416666666666
grid16,constant_lift,277,0,146,0.0006510416666666666
grid16,constant_lift,277,1,163,0.0006510416666666666
grid16,constant_lift,277,2,164,0.0006510416666666666
grid16,constant_lift,278,0,147,0.0006510416666666666
grid16,constant_lift,278,1,148,0.0006510416666666666
grid16,constant_lift,278,2,165,0.0006510416666666666
grid16,constant_lift,279,0,147,0.0006510416666666666
grid16,constant_lift,279,1,164,0.0006510416666666666
grid16,constant_lift,279,2,165,0.0006510416666666666
grid16,constant_lift,280,0,148,0.0006510416666666666
grid16,constant_lift,280,1,149,0.0006510416666666666
grid16,constant_lift,280,2,166,0.0006510416666666666
grid16,constant_lift,281,0,148,0.0006510416666666666
grid16,constant_lift,281,1,165,0.0006510416666666666
grid16,constant_lift,281,2,166,0.0006510416666666666
grid16,constant_lift,282,0,149,0.0006510416666666666
grid16,constant_lift,282,1,150,0.0006510416666666666
grid16,constant_lift,282,2,167,0.0006510416666666666
grid16,constant_lift,283,0,149,0.0006510416666666666
grid16,constant_lift,283,1,166,0.0006510416666666666
grid16,constant_lift,283,2,167,0.0006510416666666666
grid16,constant_lift,284,0,150,0.0006510416666666666
grid16,constant_lift,284,1,151,0.0006510416666666666
grid16,constant_lift,284,2,168,0.0006510416666666666
grid16,constant_lift,285,0,150,0.0006510416666666666
grid16,constant_lift,285,1,167,0.0006510416666666666
grid16,constant_lift,285,2,168,0.0006510416666666666
grid16,constant_lift,286,0,151,0.0006510416666666666
grid16,constant_lift,286,1,152,0.0006510416666666666
grid16,constant_lift,286,2,169,0.0006510416666666666
grid16,constant_lift,287,0,151,0.0006510416666666666
grid16,constant_lift,287,1,168,0.0006510416666666666
grid16,constant_lift,287,2,169,0.0006510416666666666
grid16,constant_lift,288,0,153,0.0006510416666666666
grid16,constant_lift,288,1,154,0.0006510416666666666
grid16,constant_lift,288,2,171,0.0006510416666666666
grid16,constant_lift,289,0,153,0.0006510416666666666
grid16,constant_lift,289,1,170,0.0006510416666666666
grid16,constant_lift,289,2,171,0.0006510416666666666
grid16,constant_lift,290,0,154,0.0006510416666666666
grid16,constant_lift,290,1,155,0.0006510416666666666
grid16,constant_lift,290,2,172,0.0006510416666666666
grid16,constant_lift,291,0,154,0.0006510416666666666
grid16,constant_lift,291,1,171,0.0006510416666666666
grid16,constant_lift,291,2,172,0.0006510416666666666
grid16,constant_lift,292,0,155,0.0006510416666666666
grid16,constant_lift,292,1,156,0.0006510416666666666
grid16,constant_lift,292,2,173,0.0006510416666666666
grid16,constant_lift,293,0,155,0.0006510416666666666
grid16,constant_lift,293,1,172,0.0006510416666666666
grid16,constant_lift,293,2,173,0.0006510416666666666
grid16,constant_lift,294,0,156,0.0006510416666666666
grid16,constant_lift,294,1,157,0.0006510416666666666
grid16,constant_lift,294,2,174,0.0006510416666666666
grid16,constant_lift,295,0,156,0.0006510416666666666
grid16,constant_lift,295,1,173,0.0006510416666666666
grid16,constant_lift,295,2,174,0.0006510416666666666
grid16,constant_lift,296,0,157,0.0006510416666666666
grid16,constant_lift,296,1,158,0.0006510416666666666
grid16,constant_lift,296,2,175,0.0006510416666666666
grid16,constant_lift,297,0,157,0.0006510416666666666
grid16,constant_lift,297,1,174,0.0006510416666666666
grid16,constant_lift,297,2,175,0.0006510416666666666
grid16,constant_lift,298,0,158,0.0006510416666666666
grid16,constant_lift,298,1,159,0.0006510416666666666
grid16,constant_lift,298,2,176,0.0006510416666666666
grid16,constant_lift,299,0,158,0.0006510416666666666
grid16,constant_lift,299,1,175,0.0006510416666666666
grid16,constant_lift,299,2,176,0.0006510416666666666
grid16,constant_lift,300,0,159,0.0006510416666666666
grid16,constant_lift,300,1,160,0.0006510416666666666
grid16,constant_lift,300,2,177,0.0006510416666666666
grid16,constant_lift,301,0,159,0.0006510416666666666
grid16,constant_lift,301,1,176,0.0006510416666666666
grid16,constant_lift,301,2,177,0.0006510416666666666
grid16,constant_lift,302,0,160,0.0006510416666666666
grid16,constant_lift,302,1,161,0.0006510416666666666
grid16,constant_lift,302,2,178,0.0006510416666666666
grid16,constant_lift,303,0,160,0.0006510416666666666
grid16,constant_lift,303,1,177,0.0006510416666666666
grid16,constant_lift,303,2,178,0.0006510416666666666
grid16,constant_lift,304,0,161,0.0006510416666666666
grid16,constant_lift,304,1,162,0.0006510416666666666
grid16,constant_lift,304,2,179,0.0006510416666666666
grid16,constant_lift,305,0,161,0.0006510416666666666
grid16,constant_lift,305,1,178,0.0006510416666666666
grid16,constant_lift,305,2,179,0.0006510416666666666
grid16,constant_lift,306,0,162,0.0006510416666666666
grid16,constant_lift,306,1,163,0.0006510416666666666
grid16,constant_lift,306,2,180,0.0006510416666666666
grid16,constant_lift,307,0,162,0.0006510416666666666
grid16,constant_lift,307,1,179,0.0006510416666666666
grid16,constant_lift,307,2,180,0.0006510416666666666
grid16,constant_lift,308,0,163,0.0006510416666666666
grid16,constant_lift,308,1,164,0.0006510416666666666
grid16,constant_lift,308,2,181,0.0006510416666666666
grid16,constant_lift,309,0,163,0.0006510416666666666
grid16,constant_lift,309,1,180,0.0006510416666666666
grid16,constant_lift,309,2,181,0.0006510416666666666
grid16,constant_lift,310,0,164,0.0006510416666666666
grid16,constant_lift,310,1,165,0.0006510416666666666
grid16,constant_lift,310,2,182,0.0006510416666666666
grid16,constant_lift,311,0,164,0.0006510416666666666
grid16,constant_lift,311,1,181,0.0006510416666666666
grid16,constant_lift,311,2,182,0.0006510416666666666
grid16,constant_lift,312,0,165,0.0006510416666666666
grid16,constant_lift,312,1,166,0.0006510416666666666
grid16,constant_lift,312,2,183,0.0006510416666666666
grid16,constant_lift,313,0,165,0.0006510416666666666
grid16,constant_lift,313,1,182,0.0006510416666666666
grid16,constant_lift,313,2,183,0.0006510416666666666
grid16,constant_lift,314,0,166,0.0006510416666666666
grid16,constant_lift,314,1,167,0.0006510416666666666
grid16,constant_lift,314,2,184,0.0006510416666666666
grid16,constant_lift,315,0,166,0.0006510416666666666
grid16,constant_lift,315,1,183,0.0006510416666666666
grid16,constant_lift,315,2,184,0.0006510416666666666
grid16,constant_lift,316,0,167,0.0006510416666666666
grid16,constant_lift,316,1,168,0.0006510416666666666
grid16,constant_lift,316,2,185,0.0006510416666666666
grid16,constant_lift,317,0,167,0.0006510416666666666
grid16,constant_lift,317,1,184,0.0006510416666666666
grid16,constant_lift,317,2,185,0.0006510416666666666
grid16,constant_lift,318,0,168,0.0006510416666666666
grid16,constant_lift,318,1,169,0.0006510416666666666
grid16,constant_lift,318,2,186,0.0006510416666666666
grid16,constant_lift,319,0,168,0.0006510416666666666
grid16,constant_lift,319,1,185,0.0006510416666666666
grid16,constant_lift,319,2,186,0.0006510416666666666
grid16,constant_lift,320,0,170,0.0006510416666666666
grid16,constant_lift,320,1,171,0.0006510416666666666
grid16,constant_lift,320,2,188,0.0006510416666666666
grid16,constant_lift,321,0,170,0.0006510416666666666
grid16,constant_lift,321,1,187,0.0006510416666666666
grid16,constant_lift,321,2,188,0.0006510416666666666
grid16,constant_lift,322,0,171,0.0006510416666666666
grid16,constant_lift,322,1,172,0.0006510416666666666
grid16,constant_lift,322,2,189,0.0006510416666666666
grid16,constant_lift,323,0,171,0.0006510416666666666
grid16,constant_lift,323,1,188,0.0006510416666666666
grid16,constant_lift,323,2,189,0.0006510416666666666
grid16,constant_lift,324,0,172,0.0006510416666666666
grid16,constant_lift,324,1,173,0.0006510416666666666
grid16,constant_lift,324,2,190,0.0006510416666666666
grid16,constant_lift,325,0,172,0.0006510416666666666
grid16,constant_lift,325,1,189,0.0006510416666666666
grid16,constant_lift,325,2,190,0.0006510416666666666
grid16,constant_lift,326,0,173,0.0006510416666666666
grid16,constant_lift,326,1,174,0.0006510416666666666
grid16,constant_lift,326,2,191,0.0006510416666666666
grid16,constant_lift,327,0,173,0.0006510416666666666
grid16,constant_lift,327,1,190,0.0006510416666666666
grid16,constant_lift,327,2,191,0.0006510416666666666
grid16,constant_lift,328,0,174,0.0006510416666666666
grid16,constant_lift,328,1,175,0.0006510416666666666
grid16,constant_lift,328,2,192,0.0006510416666666666
grid16,constant_lift,329,0,174,0.0006510416666666666
grid16,constant_lift,329,1,191,0.0006510416666666666
grid16,constant_lift,329,2,192,0.0006510416666666666
grid16,constant_lift,330,0,175,0.0006510416666666666
grid16,constant_lift,330,1,176,0.0006510416666666666
grid16,constant_lift,330,2,193,0.0006510416666666666
grid16,constant_lift,331,0,175,0.0006510416666666666
grid16,constant_lift,331,1,192,0.0006510416666666666
grid16,constant_lift,331,2,193,0.0006510416666666666
grid16,constant_lift,332,0,176,0.0006510416666666666
grid16,constant_lift,332,1,177,0.0006510416666666666
grid16,constant_lift,332,2,194,0.0006510416666666666
grid16,constant_lift,333,0,176,0.0006510416666666666
grid16,constant_lift,333,1,193,0.0006510416666666666
grid16,constant_lift,333,2,194,0.0006510416666666666
grid16,constant_lift,334,0,177,0.0006510416666666666
grid16,constant_lift,334,1,178,0.0006510416666666666
grid16,constant_lift,334,2,195,0.0006510416666666666
grid16,constant_lift,335,0,177,0.0006510416666666666
grid16,constant_lift,335,1,194,0.0006510416666666666
grid16,constant_lift,335,2,195,0.0006510416666666666
grid16,constant_lift,336,0,178,0.0006510416666666666
grid16,constant_lift,336,1,179,0.0006510416666666666
grid16,constant_lift,336,2,196,0.0006510416666666666
grid16,constant_lift,337,0,178,0.0006510416666666666
grid16,constant_lift,337,1,195,0.0006510416666666666
grid16,constant_lift,337,2,196,0.0006510416666666666
grid16,constant_lift,338,0,179,0.0006510416666666666
grid16,constant_lift,338,1,180,0.0006510416666666666
grid16,constant_lift,338,2,197,0.0006510416666666666
grid16,constant_lift,339,0,179,0.0006510416666666666
grid16,constant_lift,339,1,196,0.0006510416666666666
grid16,constant_lift,339,2,197,0.0006510416666666666
grid16,constant_lift,340,0,180,0.0006510416666666666
grid16,constant_lift,340,1,181,0.0006510416666666666
grid16,constant_lift,340,2,198,0.0006510416666666666
grid16,constant_lift,341,0,180,0.0006510416666666666
grid16,constant_lift,341,1,197,0.0006510416666666666
grid16,constant_lift,341,2,198,0.0006510416666666666
grid16,constant_lift,342,0,181,0.0006510416666666666
grid16,constant_lift,342,1,182,0.0006510416666666666
grid16,constant_lift,342,2,199,0.0006510416666666666
grid16,constant_lift,343,0,181,0.0006510416666666666
grid16,constant_lift,343,1,198,0.0006510416666666666
grid16,constant_lift,343,2,199,0.0006510416666666666
grid16,constant_lift,344,0,182,0.0006510416666666666
grid16,constant_lift,344,1,183,0.0006510416666666666
grid16,constant_lift,344,2,200,0.0006510416666666666
grid16,constant_lift,345,0,182,0.0006510416666666666
grid16,constant_lift,345,1,199,0.0006510416666666666
grid16,constant_lift,345,2,200,0.0006510416666666666
grid16,constant_lift,346,0,183,0.0006510416666666666
grid16,constant_lift,346,1,184,0.0006510416666666666
grid16,constant_lift,346,2,201,0.0006510416666666666
grid16,constant_lift,347,0,183,0.0006510416666666666
grid16,constant_lift,347,1,200,0.0006510416666666666
grid16,constant_lift,347,2,201,0.0006510416666666666
grid16,constant_lift,348,0,184,0.0006510416666666666
grid16,constant_lift,348,1,185,0.0006510416666666666
grid16,constant_lift,348,2,202,0.0006510416666666666
grid16,constant_lift,349,0,184,0.0006510416666666666
grid16,constant_lift,349,1,201,0.0006510416666666666
grid16,constant_lift,349,2,202,0.0006510416666666666
grid16,constant_lift,350,0,185,0.0006510416666666666
grid16,constant_lift,350,1,186,0.0006510416666666666
grid16,constant_lift,350,2,203,0.0006510416666666666
grid16,constant_lift,351,0,185,0.0006510416666666666
grid16,constant_lift,351,1,202,0.0006510416666666666
grid16,constant_lift,351,2,203,0.0006510416666666666
grid16,constant_lift,352,0,187,0.0006510416666666666
grid16,constant_lift,352,1,188,0.0006510416666666666
grid16,constant_lift,352,2,205,0.0006510416666666666
grid16,constant_lift,353,0,187,0.0006510416666666666
grid16,constant_lift,353,1,204,0.0006510416666666666
grid16,constant_lift,353,2,205,0.0006510416666666666
grid16,constant_lift,354,0,188,0.0006510416666666666
grid16,constant_lift,354,1,189,0.0006510416666666666
grid16,constant_lift,354,2,206,0.0006510416666666666
grid16,constant_lift,355,0,188,0.0006510416666666666
grid16,constant_lift,355,1,205,0.0006510416666666666
grid16,constant_lift,355,2,206,0.0006510416666666666
grid16,constant_lift,356,0,189,0.0006510416666666666
grid16,constant_lift,356,1,190,0.0006510416666666666
grid16,constant_lift,356,2,207,0.0006510416666666666
grid16,constant_lift,357,0,189,0.0006510416666666666
grid16,constant_lift,357,1,206,0.0006510416666666666
grid16,constant_lift,357,2,207,0.0006510416666666666
grid16,constant_lift,358,0,190,0.0006510416666666666
grid16,constant_lift,358,1,191,0.0006510416666666666
grid16,constant_lift,358,2,208,0.0006510416666666666
grid16,constant_lift,359,0,190,0.0006510416666666666
grid16,constant_lift,359,1,207,0.0006510416666666666
grid16,constant_lift,359,2,208,0.0006510416666666666
grid16,constant_lift,360,0,191,0.0006510416666666666
grid16,constant_lift,360,1,192,0.0006510416666666666
grid16,constant_lift,360,2,209,0.0006510416666666666
grid16,constant_lift,361,0,191,0.0006510416666666666
grid16,constant_lift,361,1,208,0.0006510416666666666
grid16,constant_lift,361,2,209,0.0006510416666666666
grid16,constant_lift,362,0,192,0.0006510416666666666
grid16,constant_lift,362,1,193,0.0006510416666666666
grid16,constant_lift,362,2,210,0.0006510416666666666
grid16,constant_lift,363,0,192,0.0006510416666666666
grid16,constant_lift,363,1,209,0.0006510416666666666
grid16,constant_lift,363,2,210,0.0006510416666666666
grid16,constant_lift,364,0,193,0.0006510416666666666
grid16,constant_lift,364,1,194,0.0006510416666666666
grid16,constant_lift,364,2,211,0.0006510416666666666
grid16,constant_lift,365,0,193,0.0006510416666666666
grid16,constant_lift,365,1,210,0.0006510416666666666
grid16,constant_lift,365,2,211,0.0006510416666666666
grid16,constant_lift,366,0,194,0.0006510416666666666
grid16,constant_lift,366,1,195,0.0006510416666666666
grid16,constant_lift,366,2,212,0.0006510416666666666
grid16,constant_lift,367,0,194,0.0006510416666666666
grid16,constant_lift,367,1,211,0.0006510416666666666
grid16,constant_lift,367,2,212,0.0006510416666666666
grid16,constant_lift,368,0,195,0.0006510416666666666
grid16,constant_lift,368,1,196,0.0006510416666666666
grid16,constant_lift,368,2,213,0.0006510416666666666
grid16,constant_lift,369,0,195,0.0006510416666666666
grid16,constant_lift,369,1,212,0.0006510416666666666
grid16,constant_lift,369,2,213,0.0006510416666666666
grid16,constant_lift,370,0,196,0.0006510416666666666
grid16,constant_lift,370,1,197,0.0006510416666666666
grid16,constant_lift,370,2,214,0.0006510416666666666
grid16,constant_lift,371,0,196,0.0006510416666666666
grid16,constant_lift,371,1,213,0.0006510416666666666
grid16,constant_lift,371,2,214,0.0006510416666666666
grid16,constant_lift,372,0,197,0.0006510416666666666
grid16,constant_lift,372,1,198,0.0006510416666666666
grid16,constant_lift,372,2,215,0.0006510416666666666
grid16,constant_lift,373,0,197,0.0006510416666666666
grid16,constant_lift,373,1,214,0.0006510416666666666
grid16,constant_lift,373,2,215,0.0006510416666666666
grid16,constant_lift,374,0,198,0.0006510416666666666
grid16,constant_lift,374,1,199,0.0006510416666666666
grid16,constant_lift,374,2,216,0.0006510416666666666
grid16,constant_lift,375,0,198,0.0006510416666666666
grid16,constant_lift,375,1,215,0.0006510416666666666
grid16,constant_lift,375,2,216,0.0006510416666666666
grid16,constant_lift,376,0,199,0.0006510416666666666
grid16,constant_lift,376,1,200,0.0006510416666666666
grid16,constant_lift,376,2,217,0.0006510416666666666
grid16,constant_lift,377,0,199,0.0006510416666666666
grid16,constant_lift,377,1,216,0.0006510416666666666
grid16,constant_lift,377,2,217,0.0006510416666666666
grid16,constant_lift,378,0,200,0.0006510416666666666
grid16,constant_lift,378,1,201,0.0006510416666666666
grid16,constant_lift,378,2,218,0.0006510416666666666
grid16,constant_lift,379,0,200,0.0006510416666666666
grid16,constant_lift,379,1,217,0.0006510416666666666
grid16,constant_lift,379,2,218,0.0006510416666666666
grid16,constant_lift,380,0,201,0.0006510416666666666
grid16,constant_lift,380,1,202,0.0006510416666666666
grid16,constant_lift,380,2,219,0.0006510416666666666
grid16,constant_lift,381,0,201,0.0006510416666666666
grid16,constant_lift,381,1,218,0.0006510416666666666
grid16,constant_lift,381,2,219,0.0006510416666666666
grid16,constant_lift,382,0,202,0.0006510416666666666
grid16,constant_lift,382,1,203,0.0006510416666666666
grid16,constant_lift,382,2,220,0.0006510416666666666
grid16,constant_lift,383,0,202,0.0006510416666666666
grid16,constant_lift,383,1,219,0.0006510416666666666
grid16,constant_lift,383,2,220,0.0006510416666666666
grid16,constant_lift,384,0,204,0.0006510416666666666
grid16,constant_lift,384,1,205,0.0006510416666666666
grid16,constant_lift,384,2,222,0.0006510416666666666
grid16,constant_lift,385,0,204,0.0006510416666666666
grid16,constant_lift,385,1,221,0.0006510416666666666
grid16,constant_lift,385,2,222,0.0006510416666666666
grid16,constant_lift,386,0,205,0.0006510416666666666
grid16,constant_lift,386,1,206,0.0006510416666666666
grid16,constant_lift,386,2,223,0.0006510416666666666
grid16,constant_lift,387,0,205,0.0006510416666666666
grid16,constant_lift,387,1,222,0.0006510416666666666
grid16,constant_lift,387,2,223,0.0006510416666666666
grid16,constant_lift,388,0,206,0.0006510416666666666
grid16,constant_lift,388,1,207,0.0006510416666666666
grid16,constant_lift,388,2,224,0.0006510416666666666
grid16,constant_lift,389,0,206,0.0006510416666666666
grid16,constant_lift,389,1,223,0.0006510416666666666
grid16,constant_lift,389,2,224,0.0006510416666666666
grid16,constant_lift,390,0,207,0.0006510416666666666
grid16,constant_lift,390,1,208,0.0006510416666666666
grid16,constant_lift,390,2,225,0.0006510416666666666
grid16,constant_lift,391,0,207,0.0006510416666666666
grid16,constant_lift,391,1,224,0.0006510416666666666
grid16,constant_lift,391,2,225,0.0006510416666666666
grid16,constant_lift,392,0,208,0.0006510416666666666
grid16,constant_lift,392,1,209,0.0006510416666666666
grid16,constant_lift,392,2,226,0.0006510416666666666
grid16,constant_lift,393,0,208,0.0006510416666666666
grid16,constant_lift,393,1,225,0.0006510416666666666
grid16,constant_lift,393,2,226,0.0006510416666666666
grid16,constant_lift,394,0,209,0.0006510416666666666
grid16,constant_lift,394,1,210,0.0006510416666666666
grid16,constant_lift,394,2,227,0.0006510416666666666
grid16,constant_lift,395,0,209,0.0006510416666666666
grid16,constant_lift,395,1,226,0.0006510416666666666
grid16,constant_lift,395,2,227,0.0006510416666666666
grid16,constant_lift,396,0,210,0.0006510416666666666
grid16,constant_lift,396,1,211,0.0006510416666666666
grid16,constant_lift,396,2,228,0.0006510416666666666
grid16,constant_lift,397,0,210,0.0006510416666666666
grid16,constant_lift,397,1,227,0.0006510416666666666
grid16,constant_lift,397,2,228,0.0006510416666666666
grid16,constant_lift,398,0,211,0.0006510416666666666
grid16,constant_lift,398,1,212,0.0006510416666666666
grid16,constant_lift,398,2,229,0.0006510416666666666
grid16,constant_lift,399,0,211,0.0006510416666666666
grid16,constant_lift,399,1,228,0.0006510416666666666
grid16,constant_lift,399,2,229,0.0006510416666666666
grid16,constant_lift,400,0,212,0.0006510416666666666
grid16,constant_lift,400,1,213,0.0006510416666666666
grid16,constant_lift,400,2,230,0.0006510416666666666
grid16,constant_lift,401,0,212,0.0006510416666666666
grid16,constant_lift,401,1,229,0.0006510416666666666
grid16,constant_lift,401,2,230,0.0006510416666666666
grid16,constant_lift,402,0,213,0.0006510416666666666
grid16,constant_lift,402,1,214,0.0006510416666666666
grid16,constant_lift,402,2,231,0.0006510416666666666
grid16,constant_lift,403,0,213,0.0006510416666666666
grid16,constant_lift,403,1,230,0.0006510416666666666
grid16,constant_lift,403,2,231,0.0006510416666666666
grid16,constant_lift,404,0,214,0.0006510416666666666
grid16,constant_lift,404,1,215,0.0006510416666666666
grid16,constant_lift,404,2,232,0.0006510416666666666
grid16,constant_lift,405,0,214,0.0006510416666666666
grid16,constant_lift,405,1,231,0.0006510416666666666
grid16,constant_lift,405,2,232,0.0006510416666666666
grid16,constant_lift,406,0,215,0.0006510416666666666
grid16,constant_lift,406,1,216,0.0006510416666666666
grid16,constant_lift,406,2,233,0.0006510416666666666
grid16,constant_lift,407,0,215,0.0006510416666666666
grid16,constant_lift,407,1,232,0.0006510416666666666
grid16,constant_lift,407,2,233,0.0006510416666666666
grid16,constant_lift,408,0,216,0.0006510416666666666
grid16,constant_lift,408,1,217,0.0006510416666666666
grid16,constant_lift,408,2,234,0.0006510416666666666
grid16,constant_lift,409,0,216,0.0006510416666666666
grid16,constant_lift,409,1,233,0.0006510416666666666
grid16,constant_lift,409,2,234,0.0006510416666666666
grid16,constant_lift,410,0,217,0.0006510416666666666
grid16,constant_lift,410,1,218,0.0006510416666666666
grid16,constant_lift,410,2,235,0.0006510416666666666
grid16,constant_lift,411,0,217,0.0006510416666666666
grid16,constant_lift,411,1,234,0.0006510416666666666
grid16,constant_lift,411,2,235,0.0006510416666666666
grid16,constant_lift,412,0,218,0.0006510416666666666
grid16,constant_lift,412,1,219,0.0006510416666666666
grid16,constant_lift,412,2,236,0.0006510416666666666
grid16,constant_lift,413,0,218,0.0006510416666666666
grid16,constant_lift,413,1,235,0.0006510416666666666
grid16,constant_lift,413,2,236,0.0006510416666666666
grid16,constant_lift,414,0,219,0.0006510416666666666
grid16,constant_lift,414,1,220,0.0006510416666666666
grid16,constant_lift,414,2,237,0.0006510416666666666
grid16,constant_lift,415,0,219,0.0006510416666666666
grid16,constant_lift,415,1,236,0.0006510416666666666
grid16,constant_lift,415,2,237,0.0006510416666666666
grid16,constant_lift,416,0,221,0.0006510416666666666
grid16,constant_lift,416,1,222,0.0006510416666666666
grid16,constant_lift,416,2,239,0.0006510416666666666
grid16,constant_lift,417,0,221,0.0006510416666666666
grid16,constant_lift,417,1,238,0.0006510416666666666
grid16,constant_lift,417,2,239,0.0006510416666666666
grid16,constant_lift,418,0,222,0.0006510416666666666
grid16,constant_lift,418,1,223,0.0006510416666666666
grid16,constant_lift,418,2,240,0.0006510416666666666
grid16,constant_lift,419,0,222,0.0006510416666666666
grid16,constant_lift,419,1,239,0.0006510416666666666
grid16,constant_lift,419,2,240,0.0006510416666666666
grid16,constant_lift,420,0,223,0.0006510416666666666
grid16,constant_lift,420,1,224,0.0006510416666666666
grid16,constant_lift,420,2,241,0.0006510416666666666
grid16,constant_lift,421,0,223,0.0006510416666666666
grid16,constant_lift,421,1,240,0.0006510416666666666
grid16,constant_lift,421,2,241,0.0006510416666666666
grid16,constant_lift,422,0,224,0.0006510416666666666
grid16,constant_lift,422,1,225,0.0006510416666666666
grid16,constant_lift,422,2,242,0.0006510416666666666
grid16,constant_lift,423,0,224,0.0006510416666666666
grid16,constant_lift,423,1,241,0.0006510416666666666
grid16,constant_lift,423,2,242,0.0006510416666666666
grid16,constant_lift,424,0,225,0.0006510416666666666
grid16,constant_lift,424,1,226,0.0006510416666666666
grid16,constant_lift,424,2,243,0.0006510416666666666
grid16,constant_lift,425,0,225,0.0006510416666666666
grid16,constant_lift,425,1,242,0.0006510416666666666
grid16,constant_lift,425,2,243,0.0006510416666666666
grid16,constant_lift,426,0,226,0.0006510416666666666
grid16,constant_lift,426,1,227,0.0006510416666666666
grid16,constant_lift,426,2,244,0.0006510416666666666
grid16,constant_lift,427,0,226,0.0006510416666666666
grid16,constant_lift,427,1,243,0.0006510416666666666
grid16,constant_lift,427,2,244,0.0006510416666666666
grid16,constant_lift,428,0,227,0.0006510416666666666
grid16,constant_lift,428,1,228,0.0006510416666666666
grid16,constant_lift,428,2,245,0.0006510416666666666
grid16,constant_lift,429,0,227,0.0006510416666666666
grid16,constant_lift,429,1,244,0.0006510416666666666
grid16,constant_lift,429,2,245,0.0006510416666666666
grid16,constant_lift,430,0,228,0.0006510416666666666
grid16,constant_lift,430,1,229,0.0006510416666666666
grid16,constant_lift,430,2,246,0.0006510416666666666
grid16,constant_lift,431,0,228,0.0006510416666666666
grid16,constant_lift,431,1,245,0.0006510416666666666
grid16,constant_lift,431,2,246,0.0006510416666666666
grid16,constant_lift,432,0,229,0.0006510416666666666
grid16,constant_lift,432,1,230,0.0006510416666666666
grid16,constant_lift,432,2,247,0.0006510416666666666
grid16,constant_lift,433,0,229,0.0006510416666666666
grid16,constant_lift,433,1,246,0.0006510416666666666
grid16,constant_lift,433,2,247,0.0006510416666666666
grid16,constant_lift,434,0,230,0.0006510416666666666
grid16,constant_lift,434,1,231,0.0006510416666666666
grid16,constant_lift,434,2,248,0.0006510416666666666
grid16,constant_lift,435,0,230,0.0006510416666666666
grid16,constant_lift,435,1,247,0.0006510416666666666
grid16,constant_lift,435,2,248,0.0006510416666666666
grid16,constant_lift,436,0,231,0.0006510416666666666
grid16,constant_lift,436,1,232,0.0006510416666666666
grid16,constant_lift,436,2,249,0.0006510416666666666
grid16,constant_lift,437,0,231,0.0006510416666666666
grid16,constant_lift,437,1,248,0.0006510416666666666
grid16,constant_lift,437,2,249,0.0006510416666666666
grid16,constant_lift,438,0,232,0.0006510416666666666
grid16,constant_lift,438,1,233,0.0006510416666666666
grid16,constant_lift,438,2,250,0.0006510416666666666
grid16,constant_lift,439,0,232,0.0006510416666666666
grid16,constant_lift,439,1,249,0.0006510416666666666
grid16,constant_lift,439,2,250,0.0006510416666666666
grid16,constant_lift,440,0,233,0.0006510416666666666
grid16,constant_lift,440,1,234,0.0006510416666666666
grid16,constant_lift,440,2,251,0.0006510416666666666
grid16,constant_lift,441,0,233,0.0006510416666666666
grid16,constant_lift,441,1,250,0.0006510416666666666
grid16,constant_lift,441,2,251,0.0006510416666666666
grid16,constant_lift,442,0,234,0.0006510416666666666
grid16,constant_lift,442,1,235,0.0006510416666666666
grid16,constant_lift,442,2,252,0.0006510416666666666
grid16,constant_lift,443,0,234,0.0006510416666666666
grid16,constant_lift,443,1,251,0.0006510416666666666
grid16,constant_lift,443,2,252,0.0006510416666666666
grid16,constant_lift,444,0,235,0.0006510416666666666
grid16,constant_lift,444,1,236,0.0006510416666666666
grid16,constant_lift,444,2,253,0.0006510416666666666
grid16,constant_lift,445,0,235,0.0006510416666666666
grid16,constant_lift,445,1,252,0.0006510416666666666
grid16,constant_lift,445,2,253,0.0006510416666666666
grid16,constant_lift,446,0,236,0.0006510416666666666
grid16,constant_lift,446,1,237,0.0006510416666666666
grid16,constant_lift,446,2,254,0.0006510416666666666
grid16,constant_lift,447,0,236,0.0006510416666666666
grid16,constant_lift,447,1,253,0.0006510416666666666
grid16,constant_lift,447,2,254,0.0006510416666666666
grid16,constant_lift,448,0,238,0.0006510416666666666
grid16,constant_lift,448,1,239,0.0006510416666666666
grid16,constant_lift,448,2,256,0.0006510416666666666
grid16,constant_lift,449,0,238,0.0006510416666666666
grid16,constant_lift,449,1,255,0.0006510416666666666
grid16,constant_lift,449,2,256,0.0006510416666666666
grid16,constant_lift,450,0,239,0.0006510416666666666
grid16,constant_lift,450,1,240,0.0006510416666666666
grid16,constant_lift,450,2,257,0.0006510416666666666
grid16,constant_lift,451,0,239,0.0006510416666666666
grid16,constant_lift,451,1,256,0.0006510416666666666
grid16,constant_lift,451,2,257,0.0006510416666666666
grid16,constant_lift,452,0,240,0.0006510416666666666
grid16,constant_lift,452,1,241,0.0006510416666666666
grid16,constant_lift,452,2,258,0.0006510416666666666
grid16,constant_lift,453,0,240,0.0006510416666666666
grid16,constant_lift,453,1,257,0.0006510416666666666
grid16,constant_lift,453,2,258,0.0006510416666666666
grid16,constant_lift,454,0,241,0.0006510416666666666
grid16,constant_lift,454,1,242,0.0006510416666666666
grid16,constant_lift,454,2,259,0.0006510416666666666
grid16,constant_lift,455,0,241,0.0006510416666666666
grid16,constant_lift,455,1,258,0.0006510416666666666
grid16,constant_lift,455,2,259,0.0006510416666666666
grid16,constant_lift,456,0,242,0.0006510416666666666
grid16,constant_lift,456,1,243,0.0006510416666666666
grid16,constant_lift,456,2,260,0.0006510416666666666
grid16,constant_lift,457,0,242,0.0006510416666666666
grid16,constant_lift,457,1,259,0.0006510416666666666
grid16,constant_lift,457,2,260,0.0006510416666666666
grid16,constant_lift,458,0,243,0.0006510416666666666
grid16,constant_lift,458,1,244,0.0006510416666666666
grid16,constant_lift,458,2,261,0.0006510416666666666
grid16,constant_lift,459,0,243,0.0006510416666666666
grid16,constant_lift,459,1,260,0.0006510416666666666
grid16,constant_lift,459,2,261,0.0006510416666666666
grid16,constant_lift,460,0,244,0.0006510416666666666
grid16,constant_lift,460,1,245,0.0006510416666666666
grid16,constant_lift,460,2,262,0.0006510416666666666
grid16,constant_lift,461,0,244,0.0006510416666666666
grid16,constant_lift,461,1,261,0.0006510416666666666
grid16,constant_lift,461,2,262,0.0006510416666666666
grid16,constant_lift,462,0,245,0.0006510416666666666
grid16,constant_lift,462,1,246,0.0006510416666666666
grid16,constant_lift,462,2,263,0.0006510416666666666
grid16,constant_lift,463,0,245,0.0006510416666666666
grid16,constant_lift,463,1,262,0.0006510416666666666
grid16,constant_lift,463,2,263,0.0006510416666666666
grid16,constant_lift,464,0,246,0.0006510416666666666
grid16,constant_lift,464,1,247,0.0006510416666666666
grid16,constant_lift,464,2,264,0.0006510416666666666
grid16,constant_lift,465,0,246,0.0006510416666666666
grid16,constant_lift,465,1,263,0.0006510416666666666
grid16,constant_lift,465,2,264,0.0006510416666666666
grid16,constant_lift,466,0,247,0.0006510416666666666
grid16,constant_lift,466,1,248,0.0006510416666666666
grid16,constant_lift,466,2,265,0.0006510416666666666
grid16,constant_lift,467,0,247,0.0006510416666666666
grid16,constant_lift,467,1,264,0.0006510416666666666
grid16,constant_lift,467,2,265,0.0006510416666666666
grid16,constant_lift,468,0,248,0.0006510416666666666
grid16,constant_lift,468,1,249,0.0006510416666666666
grid16,constant_lift,468,2,266,0.0006510416666666666
grid16,constant_lift,469,0,248,0.0006510416666666666
grid16,constant_lift,469,1,265,0.0006510416666666666
grid16,constant_lift,469,2,266,0.0006510416666666666
grid16,constant_lift,470,0,249,0.0006510416666666666
grid16,constant_lift,470,1,250,0.0006510416666666666
grid16,constant_lift,470,2,267,0.0006510416666666666
grid16,constant_lift,471,0,249,0.0006510416666666666
grid16,constant_lift,471,1,266,0.0006510416666666666
grid16,constant_lift,471,2,267,0.0006510416666666666
grid16,constant_lift,472,0,250,0.0006510416666666666
grid16,constant_lift,472,1,251,0.0006510416666666666
grid16,constant_lift,472,2,268,0.0006510416666666666
grid16,constant_lift,473,0,250,0.0006510416666666666
grid16,constant_lift,473,1,267,0.0006510416666666666
grid16,constant_lift,473,2,268,0.0006510416666666666
grid16,constant_lift,474,0,251,0.0006510416666666666
grid16,constant_lift,474,1,252,0.0006510416666666666
grid16,constant_lift,474,2,269,0.0006510416666666666
grid16,constant_lift,475,0,251,0.0006510416666666666
grid16,constant_lift,475,1,268,0.0006510416666666666
grid16,constant_lift,475,2,269,0.0006510416666666666
grid16,constant_lift,476,0,252,0.0006510416666666666
grid16,constant_lift,476,1,253,0.0006510416666666666
grid16,constant_lift,476,2,270,0.0006510416666666666
grid16,constant_lift,477,0,252,0.0006510416666666666
grid16,constant_lift,477,1,269,0.0006510416666666666
grid16,constant_lift,477,2,270,0.0006510416666666666
grid16,constant_lift,478,0,253,0.0006510416666666666
grid16,constant_lift,478,1,254,0.0006510416666666666
grid16,constant_lift,478,2,271,0.0006510416666666666
grid16,constant_lift,479,0,253,0.0006510416666666666
grid16,constant_lift,479,1,270,0.0006510416666666666
grid16,constant_lift,479,2,271,0.0006510416666666666
grid16,constant_lift,480,0,255,0.0006510416666666666
grid16,constant_lift,480,1,256,0.0006510416666666666
grid16,constant_lift,480,2,273,0.0006510416666666666
grid16,constant_lift,481,0,255,0.0006510416666666666
grid16,constant_lift,481,1,272,0.0006510416666666666
grid16,constant_lift,481,2,273,0.0006510416666666666
grid16,constant_lift,482,0,256,0.0006510416666666666
grid16,constant_lift,482,1,257,0.0006510416666666666
grid16,constant_lift,482,2,274,0.0006510416666666666
grid16,constant_lift,483,0,256,0.0006510416666666666
grid16,constant_lift,483,1,273,0.0006510416666666666
grid16,constant_lift,483,2,274,0.0006510416666666666
grid16,constant_lift,484,0,257,0.0006510416666666666
grid16,constant_lift,484,1,258,0.0006510416666666666
grid16,constant_lift,484,2,275,0.0006510416666666666
grid16,constant_lift,485,0,257,0.0006510416666666666
grid16,constant_lift,485,1,274,0.0006510416666666666
grid16,constant_lift,485,2,275,0.0006510416666666666
grid16,constant_lift,486,0,258,0.0006510416666666666
grid16,constant_lift,486,1,259,0.0006510416666666666
grid16,constant_lift,486,2,276,0.0006510416666666666
grid16,constant_lift,487,0,258,0.0006510416666666666
grid16,constant_lift,487,1,275,0.0006510416666666666
grid16,constant_lift,487,2,276,0.0006510416666666666
grid16,constant_lift,488,0,259,0.0006510416666666666
grid16,constant_lift,488,1,260,0.0006510416666666666
grid16,constant_lift,488,2,277,0.0006510416666666666
grid16,constant_lift,489,0,259,0.0006510416666666666
grid16,constant_lift,489,1,276,0.0006510416666666666
grid16,constant_lift,489,2,277,0.0006510416666666666
grid16,constant_lift,490,0,260,0.0006510416666666666
grid16,constant_lift,490,1,261,0.0006510416666666666
grid16,constant_lift,490,2,278,0.0006510416666666666
grid16,constant_lift,491,0,260,0.0006510416666666666
grid16,constant_lift,491,1,277,0.0006510416666666666
grid16,constant_lift,491,2,278,0.0006510416666666666
grid16,constant_lift,492,0,261,0.0006510416666666666
grid16,constant_lift,492,1,262,0.0006510416666666666
grid16,constant_lift,492,2,279,0.0006510416666666666
grid16,constant_lift,493,0,261,0.0006510416666666666
grid16,constant_lift,493,1,278,0.0006510416666666666
grid16,constant_lift,493,2,279,0.0006510416666666666
grid16,constant_lift,494,0,262,0.0006510416666666666
grid16,constant_lift,494,1,263,0.0006510416666666666
grid16,constant_lift,494,2,280,0.0006510416666666666
grid16,constant_lift,495,0,262,0.0006510416666666666
grid16,constant_lift,495,1,279,0.0006510416666666666
grid16,constant_lift,495,2,280,0.0006510416666666666
grid16,constant_lift,496,0,263,0.0006510416666666666
grid16,constant_lift,496,1,264,0.0006510416666666666
grid16,constant_lift,496,2,281,0.0006510416666666666
grid16,constant_lift,497,0,263,0.0006510416666666666
grid16,constant_lift,497,1,280,0.0006510416666666666
grid16,constant_lift,497,2,281,0.0006510416666666666
grid16,constant_lift,498,0,264,0.0006510416666666666
grid16,constant_lift,498,1,265,0.0006510416666666666
grid16,constant_lift,498,2,282,0.0006510416666666666
grid16,constant_lift,499,0,264,0.0006510416666666666
grid16,constant_lift,499,1,281,0.0006510416666666666
grid16,constant_lift,499,2,282,0.0006510416666666666
grid16,constant_lift,500,0,265,0.0006510416666666666
grid16,constant_lift,500,1,266,0.0006510416666666666
grid16,constant_lift,500,2,283,0.0006510416666666666
grid16,constant_lift,501,0,265,0.0006510416666666666
grid16,constant_lift,501,1,282,0.0006510416666666666
grid16,constant_lift,501,2,283,0.0006510416666666666
grid16,constant_lift,502,0,266,0.0006510416666666666
grid16,constant_lift,502,1,267,0.0006510416666666666
grid16,constant_lift,502,2,284,0.0006510416666666666
grid16,constant_lift,503,0,266,0.0006510416666666666
grid16,constant_lift,503,1,283,0.0006510416666666666
grid16,constant_lift,503,2,284,0.0006510416666666666
grid16,constant_lift,504,0,267,0.0006510416666666666
grid16,constant_lift,504,1,268,0.0006510416666666666
grid16,constant_lift,504,2,285,0.0006510416666666666
grid16,constant_lift,505,0,267,0.0006510416666666666
grid16,constant_lift,505,1,284,0.0006510416666666666
grid16,constant_lift,505,2,285,0.0006510416666666666
grid16,constant_lift,506,0,268,0.0006510416666666666
grid16,constant_lift,506,1,269,0.0006510416666666666
grid16,constant_lift,506,2,286,0.0006510416666666666
grid16,constant_lift,507,0,268,0.0006510416666666666
grid16,constant_lift,507,1,285,0.0006510416666666666
grid16,constant_lift,507,2,286,0.0006510416666666666
grid16,constant_lift,508,0,269,0.0006510416666666666
grid16,constant_lift,508,1,270,0.0006510416666666666
grid16,constant_lift,508,2,287,0.0006510416666666666
grid16,constant_lift,509,0,269,0.0006510416666666666
grid16,constant_lift,509,1,286,0.0006510416666666666
grid16,constant_lift,509,2,287,0.0006510416666666666
grid16,constant_lift,510,0,270,0.0006510416666666666
grid16,constant_lift,510,1,271,0.0006510416666666666
grid16,constant_lift,510,2,288,0.0006510416666666666
grid16,constant_lift,511,0,270,0.0006510416666666666
grid16,constant_lift,511,1,287,0.0006510416666666666
grid16,constant_lift,511,2,288,0.0006510416666666666
grid16,affine_patch,0,0,0,0.0
grid16,affine_patch,0,1,1,0.0
grid16,affine_patch,0,2,18,0.0
grid16,affine_patch,1,0,0,0.0
grid16,affine_patch,1,1,17,0.0
grid16,affine_patch,1,2,18,0.0
grid16,affine_patch,2,0,1,0.0
grid16,affine_patch,2,1,2,0.0
grid16,affine_patch,2,2,19,0.0
grid16,affine_patch,3,0,1,0.0
grid16,affine_patch,3,1,18,0.0
grid16,affine_patch,3,2,19,0.0
grid16,affine_patch,4,0,2,0.0
grid16,affine_patch,4,1,3,0.0
grid16,affine_patch,4,2,20,0.0
grid16,affine_patch,5,0,2,0.0
grid16,affine_patch,5,1,19,0.0
grid16,affine_patch,5,2,20,0.0
grid16,affine_patch,6,0,3,0.0
grid16,affine_patch,6,1,4,0.0
grid16,affine_patch,6,2,21,0.0
grid16,affine_patch,7,0,3,0.0
grid16,affine_patch,7,1,20,0.0
grid16,affine_patch,7,2,21,0.0
grid16,affine_patch,8,0,4,0.0
grid16,affine_patch,8,1,5,0.0
grid16,affine_patch,8,2,22,0.0
grid16,affine_patch,9,0,4,0.0
grid16,affine_patch,9,1,21,0.0
grid16,affine_patch,9,2,22,0.0
grid16,affine_patch,10,0,5,0.0
grid16,affine_patch,10,1,6,0.0
grid16,affine_patch,10,2,23,0.0
grid16,affine_patch,11,0,5,0.0
grid16,affine_patch,11,1,22,0.0
grid16,affine_patch,11,2,23,0.0
grid16,affine_patch,12,0,6,0.0
grid16,affine_patch,12,1,7,0.0
grid16,affine_patch,12,2,24,0.0
grid16,affine_patch,13,0,6,0.0
grid16,affine_patch,13,1,23,0.0
grid16,affine_patch,13,2,24,0.0
grid16,affine_patch,14,0,7,0.0
grid16,affine_patch,14,1,8,0.0
grid16,affine_patch,14,2,25,0.0
grid16,affine_patch,15,0,7,0.0
grid16,affine_patch,15,1,24,0.0
grid16,affine_patch,15,2,25,0.0
grid16,affine_patch,16,0,8,0.0
grid16,affine_patch,16,1,9,0.0
grid16,affine_patch,16,2,26,0.0
grid16,affine_patch,17,0,8,0.0
grid16,affine_patch,17,1,25,0.0
grid16,affine_patch,17,2,26,0.0
grid16,affine_patch,18,0,9,0.0
grid16,affine_patch,18,1,10,0.0
grid16,affine_patch,18,2,27,0.0
grid16,affine_patch,19,0,9,0.0
grid16,affine_patch,19,1,26,0.0
grid16,affine_patch,19,2,27,0.0
grid16,affine_patch,20,0,10,0.0
grid16,affine_patch,20,1,11,0.0
grid16,affine_patch,20,2,28,0.0
grid16,affine_patch,21,0,10,0.0
grid16,affine_patch,21,1,27,0.0
grid16,affine_patch,21,2,28,0.0
grid16,affine_patch,22,0,11,0.0
grid16,affine_patch,22,1,12,0.0
grid16,affine_patch,22,2,29,0.0
grid16,affine_patch,23,0,11,0.0
grid16,affine_patch,23,1,28,0.0
grid16,affine_patch,23,2,29,0.0
grid16,affine_patch,24,0,12,0.0
grid16,affine_patch,24,1,13,0.0
grid16,affine_patch,24,2,30,0.0
grid16,affine_patch,25,0,12,0.0
grid16,affine_patch,25,1,29,0.0
grid16,affine_patch,25,2,30,0.0
grid16,affine_patch,26,0,13,0.0
grid16,affine_patch,26,1,14,0.0
grid16,affine_patch,26,2,31,0.0
grid16,affine_patch,27,0,13,0.0
grid16,affine_patch,27,1,30,0.0
grid16,affine_patch,27,2,31,0.0
grid16,affine_patch,28,0,14,0.0
grid16,affine_patch,28,1,15,0.0
grid16,affine_patch,28,2,32,0.0
grid16,affine_patch,29,0,14,0.0
grid16,affine_patch,29,1,31,0.0
grid16,affine_patch,29,2,32,0.0
grid16,affine_patch,30,0,15,0.0
grid16,affine_patch,30,1,16,0.0
grid16,affine_patch,30,2,33,0.0
grid16,affine_patch,31,0,15,0.0
grid16,affine_patch,31,1,32,0.0
grid16,affine_patch,31,2,33,0.0
grid16,affine_patch,32,0,17,0.0
grid16,affine_patch,32,1,18,0.0
grid16,affine_patch,32,2,35,0.0
grid16,affine_patch,33,0,17,0.0
grid16,affine_patch,33,1,34,0.0
grid16,affine_patch,33,2,35,0.0
grid16,affine_patch,34,0,18,0.0
grid16,affine_patch,34,1,19,0.0
grid16,affine_patch,34,2,36,0.0
grid16,affine_patch,35,0,18,0.0
grid16,affine_patch,35,1,35,0.0
grid16,affine_patch,35,2,36,0.0
grid16,affine_patch,36,0,19,0.0
grid16,affine_patch,36,1,20,0.0
grid16,affine_patch,36,2,37,0.0
grid16,affine_patch,37,0,19,0.0
grid16,affine_patch,37,1,36,0.0
grid16,affine_patch,37,2,37,0.0
grid16,affine_patch,38,0,20,0.0
grid16,affine_patch,38,1,21,0.0
grid16,affine_patch,38,2,38,0.0
grid16,affine_patch,39,0,20,0.0
grid16,affine_patch,39,1,37,0.0
grid16,affine_patch,39,2,38,0.0
grid16,affine_patch,40,0,21,0.0
grid16,affine_patch,40,1,22,0.0
grid16,affine_patch,40,2,39,0.0
grid16,affine_patch,41,0,21,0.0
grid16,affine_patch,41,1,38,0.0
grid16,affine_patch,41,2,39,0.0
grid16,affine_patch,42,0,22,0.0
grid16,affine_patch,42,1,23,0.0
grid16,affine_patch,42,2,40,0.0
grid16,affine_patch,43,0,22,0.0
grid16,affine_patch,43,1,39,0.0
grid16,affine_patch,43,2,40,0.0
grid16,affine_patch,44,0,23,0.0
grid16,affine_patch,44,1,24,0.0
grid16,affine_patch,44,2,41,0.0
grid16,affine_patch,45,0,23,0.0
grid16,affine_patch,45,1,40,0.0
grid16,affine_patch,45,2,41,0.0
grid16,affine_patch,46,0,24,0.0
grid16,affine_patch,46,1,25,0.0
grid16,affine_patch,46,2,42,0.0
grid16,affine_patch,47,0,24,0.0
grid16,affine_patch,47,1,41,0.0
grid16,affine_patch,47,2,42,0.0
grid16,affine_patch,48,0,25,0.0
grid16,affine_patch,48,1,26,0.0
grid16,affine_patch,48,2,43,0.0
grid16,affine_patch,49,0,25,0.0
grid16,affine_patch,49,1,42,0.0
grid16,affine_patch,49,2,43,0.0
grid16,affine_patch,50,0,26,0.0
grid16,affine_patch,50,1,27,0.0
grid16,affine_patch,50,2,44,0.0
grid16,affine_patch,51,0,26,0.0
grid16,affine_patch,51,1,43,0.0
grid16,affine_patch,51,2,44,0.0
grid16,affine_patch,52,0,27,0.0
grid16,affine_patch,52,1,28,0.0
grid16,affine_patch,52,2,45,0.0
grid16,affine_patch,53,0,27,0.0
grid16,affine_patch,53,1,44,0.0
grid16,affine_patch,53,2,45,0.0
grid16,affine_patch,54,0,28,0.0
grid16,affine_patch,54,1,29,0.0
grid16,affine_patch,54,2,46,0.0
grid16,affine_patch,55,0,28,0.0
grid16,affine_patch,55,1,45,0.0
grid16,affine_patch,55,2,46,0.0
grid16,affine_patch,56,0,29,0.0
grid16,affine_patch,56,1,30,0.0
grid16,affine_patch,56,2,47,0.0
grid16,affine_patch,57,0,29,0.0
grid16,affine_patch,57,1,46,0.0
grid16,affine_patch,57,2,47,0.0
grid16,affine_patch,58,0,30,0.0
grid16,affine_patch,58,1,31,0.0
grid16,affine_patch,58,2,48,0.0
grid16,affine_patch,59,0,30,0.0
grid16,affine_patch,59,1,47,0.0
grid16,affine_patch,59,2,48,0.0
grid16,affine_patch,60,0,31,0.0
grid16,affine_patch,60,1,32,0.0
grid16,affine_patch,60,2,49,0.0
grid16,affine_patch,61,0,31,0.0
grid16,affine_patch,61,1,48,0.0
grid16,affine_patch,61,2,49,0.0
grid16,affine_patch,62,0,32,0.0
grid16,affine_patch,62,1,33,0.0
grid16,affine_patch,62,2,50,0.0
grid16,affine_patch,63,0,32,0.0
grid16,affine_patch,63,1,49,0.0
grid16,affine_patch,63,2,50,0.0
grid16,affine_patch,64,0,34,0.0
grid16,affine_patch,64,1,35,0.0
grid16,affine_patch,64,2,52,0.0
grid16,affine_patch,65,0,34,0.0
grid16,affine_patch,65,1,51,0.0
grid16,affine_patch,65,2,52,0.0
grid16,affine_patch,66,0,35,0.0
grid16,affine_patch,66,1,36,0.0
grid16,affine_patch,66,2,53,0.0
grid16,affine_patch,67,0,35,0.0
grid16,affine_patch,67,1,52,0.0
grid16,affine_patch,67,2,53,0.0
grid16,affine_patch,68,0,36,0.0
grid16,affine_patch,68,1,37,0.0
grid16,affine_patch,68,2,54,0.0
grid16,affine_patch,69,0,36,0.0
grid16,affine_patch,69,1,53,0.0
grid16,affine_patch,69,2,54,0.0
grid16,affine_patch,70,0,37,0.0
grid16,affine_patch,70,1,38,0.0
grid16,affine_patch,70,2,55,0.0
grid16,affine_patch,71,0,37,0.0
grid16,affine_patch,71,1,54,0.0
grid16,affine_patch,71,2,55,0.0
grid16,affine_patch,72,0,38,0.0
grid16,affine_patch,72,1,39,0.0
grid16,affine_patch,72,2,56,0.0
grid16,affine_patch,73,0,38,0.0
grid16,affine_patch,73,1,55,0.0
grid16,affine_patch,73,2,56,0.0
grid16,affine_patch,74,0,39,0.0
grid16,affine_patch,74,1,40,0.0
grid16,affine_patch,74,2,57,0.0
grid16,affine_patch,75,0,39,0.0
grid16,affine_patch,75,1,56,0.0
grid16,affine_patch,75,2,57,0.0
grid16,affine_patch,76,0,40,0.0
grid16,affine_patch,76,1,41,0.0
grid16,affine_patch,76,2,58,0.0
grid16,affine_patch,77,0,40,0.0
grid16,affine_patch,77,1,57,0.0
grid16,affine_patch,77,2,58,0.0
grid16,affine_patch,78,0,41,0.0
grid16,affine_patch,78,1,42,0.0
grid16,affine_patch,78,2,59,0.0
grid16,affine_patch,79,0,41,0.0
grid16,affine_patch,79,1,58,0.0
grid16,affine_patch,79,2,59,0.0
grid16,affine_patch,80,0,42,0.0
grid16,affine_patch,80,1,43,0.0
grid16,affine_patch,80,2,60,0.0
grid16,affine_patch,81,0,42,0.0
grid16,affine_patch,81,1,59,0.0
grid16,affine_patch,81,2,60,0.0
grid16,affine_patch,82,0,43,0.0
grid16,affine_patch,82,1,44,0.0
grid16,affine_patch,82,2,61,0.0
grid16,affine_patch,83,0,43,0.0
grid16,affine_patch,83,1,60,0.0
grid16,affine_patch,83,2,61,0.0
grid16,affine_patch,84,0,44,0.0
grid16,affine_patch,84,1,45,0.0
grid16,affine_patch,84,2,62,0.0
grid16,affine_patch,85,0,44,0.0
grid16,affine_patch,85,1,61,0.0
grid16,affine_patch,85,2,62,0.0
grid16,affine_patch,86,0,45,0.0
grid16,affine_patch,86,1,46,0.0
grid16,affine_patch,86,2,63,0.0
grid16,affine_patch,87,0,45,0.0
grid16,affine_patch,87,1,62,0.0
grid16,affine_patch,87,2,63,0.0
grid16,affine_patch,88,0,46,0.0
grid16,affine_patch,88,1,47,0.0
grid16,affine_patch,88,2,64,0.0
grid16,affine_patch,89,0,46,0.0
grid16,affine_patch,89,1,63,0.0
grid16,affine_patch,89,2,64,0.0
grid16,affine_patch,90,0,47,0.0
grid16,affine_patch,90,1,48,0.0
grid16,affine_patch,90,2,65,0.0
grid16,affine_patch,91,0,47,0.0
grid16,affine_patch,91,1,64,0.0
grid16,affine_patch,91,2,65,0.0
grid16,affine_patch,92,0,48,0.0
grid16,affine_patch,92,1,49,0.0
grid16,affine_patch,92,2,66,0.0
grid16,affine_patch,93,0,48,0.0
grid16,affine_patch,93,1,65,0.0
grid16,affine_patch,93,2,66,0.0
grid16,affine_patch,94,0,49,0.0
grid16,affine_patch,94,1,50,0.0
grid16,affine_patch,94,2,67,0.0
grid16,affine_patch,95,0,49,0.0
grid16,affine_patch,95,1,66,0.0
grid16,affine_patch,95,2,67,0.0
grid16,affine_patch,96,0,51,0.0
grid16,affine_patch,96,1,52,0.0
grid16,affine_patch,96,2,69,0.0
grid16,affine_patch,97,0,51,0.0
grid16,affine_patch,97,1,68,0.0
grid16,affine_patch,97,2,69,0.0
grid16,affine_patch,98,0,52,0.0
grid16,affine_patch,98,1,53,0.0
grid16,affine_patch,98,2,70,0.0
grid16,affine_patch,99,0,52,0.0
grid16,affine_patch,99,1,69,0.0
grid16,affine_patch,99,2,70,0.0
grid16,affine_patch,100,0,53,0.0
grid16,affine_patch,100,1,54,0.0
grid16,affine_patch,100,2,71,0.0
grid16,affine_patch,101,0,53,0.0
grid16,affine_patch,101,1,70,0.0
grid16,affine_patch,101,2,71,0.0
grid16,affine_patch,102,0,54,0.0
grid16,affine_patch,102,1,55,0.0
grid16,affine_patch,102,2,72,0.0
grid16,affine_patch,103,0,54,0.0
grid16,affine_patch,103,1,71,0.0
grid16,affine_patch,103,2,72,0.0
grid16,affine_patch,104,0,55,0.0
grid16,affine_patch,104,1,56,0.0
grid16,affine_patch,104,2,73,0.0
grid16,affine_patch,105,0,55,0.0
grid16,affine_patch,105,1,72,0.0
grid16,affine_patch,105,2,73,0.0
grid16,affine_patch,106,0,56,0.0
grid16,affine_patch,106,1,57,0.0
grid16,affine_patch,106,2,74,0.0
grid16,affine_patch,107,0,56,0.0
grid16,affine_patch,107,1,73,0.0
grid16,affine_patch,107,2,74,0.0
grid16,affine_patch,108,0,57,0.0
grid16,affine_patch,108,1,58,0.0
grid16,affine_patch,108,2,75,0.0
grid16,affine_patch,109,0,57,0.0
grid16,affine_patch,109,1,74,0.0
grid16,affine_patch,109,2,75,0.0
grid16,affine_patch,110,0,58,0.0
grid16,affine_patch,110,1,59,0.0
grid16,affine_patch,110,2,76,0.0
grid16,affine_patch,111,0,58,0.0
grid16,affine_patch,111,1,75,0.0
grid16,affine_patch,111,2,76,0.0
grid16,affine_patch,112,0,59,0.0
grid16,affine_patch,112,1,60,0.0
grid16,affine_patch,112,2,77,0.0
grid16,affine_patch,113,0,59,0.0
grid16,affine_patch,113,1,76,0.0
grid16,affine_patch,113,2,77,0.0
grid16,affine_patch,114,0,60,0.0
grid16,affine_patch,114,1,61,0.0
grid16,affine_patch,114,2,78,0.0
grid16,affine_patch,115,0,60,0.0
grid16,affine_patch,115,1,77,0.0
grid16,affine_patch,115,2,78,0.0
grid16,affine_patch,116,0,61,0.0
grid16,affine_patch,116,1,62,0.0
grid16,affine_patch,116,2,79,0.0
grid16,affine_patch,117,0,61,0.0
grid16,affine_patch,117,1,78,0.0
grid16,affine_patch,117,2,79,0.0
grid16,affine_patch,118,0,62,0.0
grid16,affine_patch,118,1,63,0.0
grid16,affine_patch,118,2,80,0.0
grid16,affine_patch,119,0,62,0.0
grid16,affine_patch,119,1,79,0.0
grid16,affine_patch,119,2,80,0.0
grid16,affine_patch,120,0,63,0.0
grid16,affine_patch,120,1,64,0.0
grid16,affine_patch,120,2,81,0.0
grid16,affine_patch,121,0,63,0.0
grid16,affine_patch,121,1,80,0.0
grid16,affine_patch,121,2,81,0.0
grid16,affine_patch,122,0,64,0.0
grid16,affine_patch,122,1,65,0.0
grid16,affine_patch,122,2,82,0.0
grid16,affine_patch,123,0,64,0.0
grid16,affine_patch,123,1,81,0.0
grid16,affine_patch,123,2,82,0.0
grid16,affine_patch,124,0,65,0.0
grid16,affine_patch,124,1,66,0.0
grid16,affine_patch,124,2,83,0.0
grid16,affine_patch,125,0,65,0.0
grid16,affine_patch,125,1,82,0.0
grid16,affine_patch,125,2,83,0.0
grid16,affine_patch,126,0,66,0.0
grid16,affine_patch,126,1,67,0.0
grid16,affine_patch,126,2,84,0.0
grid16,affine_patch,127,0,66,0.0
grid16,affine_patch,127,1,83,0.0
grid16,affine_patch,127,2,84,0.0
grid16,affine_patch,128,0,68,0.0
grid16,affine_patch,128,1,69,0.0
grid16,affine_patch,128,2,86,0.0
grid16,affine_patch,129,0,68,0.0
grid16,affine_patch,129,1,85,0.0
grid16,affine_patch,129,2,86,0.0
grid16,affine_patch,130,0,69,0.0
grid16,affine_patch,130,1,70,0.0
grid16,affine_patch,130,2,87,0.0
grid16,affine_patch,131,0,69,0.0
grid16,affine_patch,131,1,86,0.0
grid16,affine_patch,131,2,87,0.0
grid16,affine_patch,132,0,70,0.0
grid16,affine_patch,132,1,71,0.0
grid16,affine_patch,132,2,88,0.0
grid16,affine_patch,133,0,70,0.0
grid16,affine_patch,133,1,87,0.0
grid16,affine_patch,133,2,88,0.0
grid16,affine_patch,134,0,71,0.0
grid16,affine_patch,134,1,72,0.0
grid16,affine_patch,134,2,89,0.0
grid16,affine_patch,135,0,71,0.0
grid16,affine_patch,135,1,88,0.0
grid16,affine_patch,135,2,89,0.0
grid16,affine_patch,136,0,72,0.0
grid16,affine_patch,136,1,73,0.0
grid16,affine_patch,136,2,90,0.0
grid16,affine_patch,137,0,72,0.0
grid16,affine_patch,137,1,89,0.0
grid16,affine_patch,137,2,90,0.0
grid16,affine_patch,138,0,73,0.0
grid16,affine_patch,138,1,74,0.0
grid16,affine_patch,138,2,91,0.0
grid16,affine_patch,139,0,73,0.0
grid16,affine_patch,139,1,90,0.0
grid16,affine_patch,139,2,91,0.0
grid16,affine_patch,140,0,74,0.0
grid16,affine_patch,140,1,75,0.0
grid16,affine_patch,140,2,92,0.0
grid16,affine_patch,141,0,74,0.0
grid16,affine_patch,141,1,91,0.0
grid16,affine_patch,141,2,92,0.0
grid16,affine_patch,142,0,75,0.0
grid16,affine_patch,142,1,76,0.0
grid16,affine_patch,142,2,93,0.0
grid16,affine_patch,143,0,75,0.0
grid16,affine_patch,143,1,92,0.0
grid16,affine_patch,143,2,93,0.0
grid16,affine_patch,144,0,76,0.0
grid16,affine_patch,144,1,77,0.0
grid16,affine_patch,144,2,94,0.0
grid16,affine_patch,145,0,76,0.0
grid16,affine_patch,145,1,93,0.0
grid16,affine_patch,145,2,94,0.0
grid16,affine_patch,146,0,77,0.0
grid16,affine_patch,146,1,78,0.0
grid16,affine_patch,146,2,95,0.0
grid16,affine_patch,147,0,77,0.0
grid16,affine_patch,147,1,94,0.0
grid16,affine_patch,147,2,95,0.0
grid16,affine_patch,148,0,78,0.0
grid16,affine_patch,148,1,79,0.0
grid16,affine_patch,148,2,96,0.0
grid16,affine_patch,149,0,78,0.0
grid16,affine_patch,149,1,95,0.0
grid16,affine_patch,149,2,96,0.0
grid16,affine_patch,150,0,79,0.0
grid16,affine_patch,150,1,80,0.0
grid16,affine_patch,150,2,97,0.0
grid16,affine_patch,151,0,79,0.0
grid16,affine_patch,151,1,96,0.0
grid16,affine_patch,151,2,97,0.0
grid16,affine_patch,152,0,80,0.0
grid16,affine_patch,152,1,81,0.0
grid16,affine_patch,152,2,98,0.0
grid16,affine_patch,153,0,80,0.0
grid16,affine_patch,153,1,97,0.0
grid16,affine_patch,153,2,98,0.0
grid16,affine_patch,154,0,81,0.0
grid16,affine_patch,154,1,82,0.0
grid16,affine_patch,154,2,99,0.0
grid16,affine_patch,155,0,81,0.0
grid16,affine_patch,155,1,98,0.0
grid16,affine_patch,155,2,99,0.0
grid16,affine_patch,156,0,82,0.0
grid16,affine_patch,156,1,83,0.0
grid16,affine_patch,156,2,100,0.0
grid16,affine_patch,157,0,82,0.0
grid16,affine_patch,157,1,99,0.0
grid16,affine_patch,157,2,100,0.0
grid16,affine_patch,158,0,83,0.0
grid16,affine_patch,158,1,84,0.0
grid16,affine_patch,158,2,101,0.0
grid16,affine_patch,159,0,83,0.0
grid16,affine_patch,159,1,100,0.0
grid16,affine_patch,159,2,101,0.0
grid16,affine_patch,160,0,85,0.0
grid16,affine_patch,160,1,86,0.0
grid16,affine_patch,160,2,103,0.0
grid16,affine_patch,161,0,85,0.0
grid16,affine_patch,161,1,102,0.0
grid16,affine_patch,161,2,103,0.0
grid16,affine_patch,162,0,86,0.0
grid16,affine_patch,162,1,87,0.0
grid16,affine_patch,162,2,104,0.0
grid16,affine_patch,163,0,86,0.0
grid16,affine_patch,163,1,103,0.0
grid16,affine_patch,163,2,104,0.0
grid16,affine_patch,164,0,87,0.0
grid16,affine_patch,164,1,88,0.0
grid16,affine_patch,164,2,105,0.0
grid16,affine_patch,165,0,87,0.0
grid16,affine_patch,165,1,104,0.0
grid16,affine_patch,165,2,105,0.0
grid16,affine_patch,166,0,88,0.0
grid16,affine_patch,166,1,89,0.0
grid16,affine_patch,166,2,106,0.0
grid16,affine_patch,167,0,88,0.0
grid16,affine_patch,167,1,105,0.0
grid16,affine_patch,167,2,106,0.0
grid16,affine_patch,168,0,89,0.0
grid16,affine_patch,168,1,90,0.0
grid16,affine_patch,168,2,107,0.0
grid16,affine_patch,169,0,89,0.0
grid16,affine_patch,169,1,106,0.0
grid16,affine_patch,169,2,107,0.0
grid16,affine_patch,170,0,90,0.0
grid16,affine_patch,170,1,91,0.0
grid16,affine_patch,170,2,108,0.0
grid16,affine_patch,171,0,90,0.0
grid16,affine_patch,171,1,107,0.0
grid16,affine_patch,171,2,108,0.0
grid16,affine_patch,172,0,91,0.0
grid16,affine_patch,172,1,92,0.0
grid16,affine_patch,172,2,109,0.0
grid16,affine_patch,173,0,91,0.0
grid16,affine_patch,173,1,108,0.0
grid16,affine_patch,173,2,109,0.0
grid16,affine_patch,174,0,92,0.0
grid16,affine_patch,174,1,93,0.0
grid16,affine_patch,174,2,110,0.0
grid16,affine_patch,175,0,92,0.0
grid16,affine_patch,175,1,109,0.0
grid16,affine_patch,175,2,110,0.0
grid16,affine_patch,176,0,93,0.0
grid16,affine_patch,176,1,94,0.0
grid16,affine_patch,176,2,111,0.0
grid16,affine_patch,177,0,93,0.0
grid16,affine_patch,177,1,110,0.0
grid16,affine_patch,177,2,111,0.0
grid16,affine_patch,178,0,94,0.0
grid16,affine_patch,178,1,95,0.0
grid16,affine_patch,178,2,112,0.0
grid16,affine_patch,179,0,94,0.0
grid16,affine_patch,179,1,111,0.0
grid16,affine_patch,179,2,112,0.0
grid16,affine_patch,180,0,95,0.0
grid16,affine_patch,180,1,96,0.0
grid16,affine_patch,180,2,113,0.0
grid16,affine_patch,181,0,95,0.0
grid16,affine_patch,181,1,112,0.0
grid16,affine_patch,181,2,113,0.0
grid16,affine_patch,182,0,96,0.0
grid16,affine_patch,182,1,97,0.0
grid16,affine_patch,182,2,114,0.0
grid16,affine_patch,183,0,96,0.0
grid16,affine_patch,183,1,113,0.0
grid16,affine_patch,183,2,114,0.0
grid16,affine_patch,184,0,97,0.0
grid16,affine_patch,184,1,98,0.0
grid16,affine_patch,184,2,115,0.0
grid16,affine_patch,185,0,97,0.0
grid16,affine_patch,185,1,114,0.0
grid16,affine_patch,185,2,115,0.0
grid16,affine_patch,186,0,98,0.0
grid16,affine_patch,186,1,99,0.0
grid16,affine_patch,186,2,116,0.0
grid16,affine_patch,187,0,98,0.0
grid16,affine_patch,187,1,115,0.0
grid16,affine_patch,187,2,116,0.0
grid16,affine_patch,188,0,99,0.0
grid16,affine_patch,188,1,100,0.0
grid16,affine_patch,188,2,117,0.0
grid16,affine_patch,189,0,99,0.0
grid16,affine_patch,189,1,116,0.0
grid16,affine_patch,189,2,117,0.0
grid16,affine_patch,190,0,100,0.0
grid16,affine_patch,190,1,101,0.0
grid16,affine_patch,190,2,118,0.0
grid16,affine_patch,191,0,100,0.0
grid16,affine_patch,191,1,117,0.0
grid16,affine_patch,191,2,118,0.0
grid16,affine_patch,192,0,102,0.0
grid16,affine_patch,192,1,103,0.0
grid16,affine_patch,192,2,120,0.0
grid16,affine_patch,193,0,102,0.0
grid16,affine_patch,193,1,119,0.0
grid16,affine_patch,193,2,120,0.0
grid16,affine_patch,194,0,103,0.0
grid16,affine_patch,194,1,104,0.0
grid16,affine_patch,194,2,121,0.0
grid16,affine_patch,195,0,103,0.0
grid16,affine_patch,195,1,120,0.0
grid16,affine_patch,195,2,121,0.0
grid16,affine_patch,196,0,104,0.0
grid16,affine_patch,196,1,105,0.0
grid16,affine_patch,196,2,122,0.0
grid16,affine_patch,197,0,104,0.0
grid16,affine_patch,197,1,121,0.0
grid16,affine_patch,197,2,122,0.0
grid16,affine_patch,198,0,105,0.0
grid16,affine_patch,198,1,106,0.0
grid16,affine_patch,198,2,123,0.0
grid16,affine_patch,199,0,105,0.0
grid16,affine_patch,199,1,122,0.0
grid16,affine_patch,199,2,123,0.0
grid16,affine_patch,200,0,106,0.0
grid16,affine_patch,200,1,107,0.0
grid16,affine_patch,200,2,124,0.0
grid16,affine_patch,201,0,106,0.0
grid16,affine_patch,201,1,123,0.0
grid16,affine_patch,201,2,124,0.0
grid16,affine_patch,202,0,107,0.0
grid16,affine_patch,202,1,108,0.0
grid16,affine_patch,202,2,125,0.0
grid16,affine_patch,203,0,107,0.0
grid16,affine_patch,203,1,124,0.0
grid16,affine_patch,203,2,125,0.0
grid16,affine_patch,204,0,108,0.0
grid16,affine_patch,204,1,109,0.0
grid16,affine_patch,204,2,126,0.0
grid16,affine_patch,205,0,108,0.0
grid16,affine_patch,205,1,125,0.0
grid16,affine_patch,205,2,126,0.0
grid16,affine_patch,206,0,109,0.0
grid16,affine_patch,206,1,110,0.0
grid16,affine_patch,206,2,127,0.0
grid16,affine_patch,207,0,109,0.0
grid16,affine_patch,207,1,126,0.0
grid16,affine_patch,207,2,127,0.0
grid16,affine_patch,208,0,110,0.0
grid16,affine_patch,208,1,111,0.0
grid16,affine_patch,208,2,128,0.0
grid16,affine_patch,209,0,110,0.0
grid16,affine_patch,209,1,127,0.0
grid16,affine_patch,209,2,128,0.0
grid16,affine_patch,210,0,111,0.0
grid16,affine_patch,210,1,112,0.0
grid16,affine_patch,210,2,129,0.0
grid16,affine_patch,211,0,111,0.0
grid16,affine_patch,211,1,128,0.0
grid16,affine_patch,211,2,129,0.0
grid16,affine_patch,212,0,112,0.0
grid16,affine_patch,212,1,113,0.0
grid16,affine_patch,212,2,130,0.0
grid16,affine_patch,213,0,112,0.0
grid16,affine_patch,213,1,129,0.0
grid16,affine_patch,213,2,130,0.0
grid16,affine_patch,214,0,113,0.0
grid16,affine_patch,214,1,114,0.0
grid16,affine_patch,214,2,131,0.0
grid16,affine_patch,215,0,113,0.0
grid16,affine_patch,215,1,130,0.0
grid16,affine_patch,215,2,131,0.0
grid16,affine_patch,216,0,114,0.0
grid16,affine_patch,216,1,115,0.0
grid16,affine_patch,216,2,132,0.0
grid16,affine_patch,217,0,114,0.0
grid16,affine_patch,217,1,131,0.0
grid16,affine_patch,217,2,132,0.0
grid16,affine_patch,218,0,115,0.0
grid16,affine_patch,218,1,116,0.0
grid16,affine_patch,218,2,133,0.0
grid16,affine_patch,219,0,115,0.0
grid16,affine_patch,219,1,132,0.0
grid16,affine_patch,219,2,133,0.0
grid16,affine_patch,220,0,116,0.0
grid16,affine_patch,220,1,117,0.0
grid16,affine_patch,220,2,134,0.0
grid16,affine_patch,221,0,116,0.0
grid16,affine_patch,221,1,133,0.0
grid16,affine_patch,221,2,134,0.0
grid16,affine_patch,222,0,117,0.0
grid16,affine_patch,222,1,118,0.0
grid16,affine_patch,222,2,135,0.0
grid16,affine_patch,223,0,117,0.0
grid16,affine_patch,223,1,134,0.0
grid16,affine_patch,223,2,135,0.0
grid16,affine_patch,224,0,119,0.0
grid16,affine_patch,224,1,120,0.0
grid16,affine_patch,224,2,137,0.0
grid16,affine_patch,225,0,119,0.0
grid16,affine_patch,225,1,136,0.0
grid16,affine_patch,225,2,137,0.0
grid16,affine_patch,226,0,120,0.0
grid16,affine_patch,226,1,121,0.0
grid16,affine_patch,226,2,138,0.0
grid16,affine_patch,227,0,120,0.0
grid16,affine_patch,227,1,137,0.0
grid16,affine_patch,227,2,138,0.0
grid16,affine_patch,228,0,121,0.0
grid16,affine_patch,228,1,122,0.0
grid16,affine_patch,228,2,139,0.0
grid16,affine_patch,229,0,121,0.0
grid16,affine_patch,229,1,138,0.0
grid16,affine_patch,229,2,139,0.0
grid16,affine_patch,230,0,122,0.0
grid16,affine_patch,230,1,123,0.0
grid16,affine_patch,230,2,140,0.0
grid16,affine_patch,231,0,122,0.0
grid16,affine_patch,231,1,139,0.0
grid16,affine_patch,231,2,140,0.0
grid16,affine_patch,232,0,123,0.0
grid16,affine_patch,232,1,124,0.0
grid16,affine_patch,232,2,141,0.0
grid16,affine_patch,233,0,123,0.0
grid16,affine_patch,233,1,140,0.0
grid16,affine_patch,233,2,141,0.0
grid16,affine_patch,234,0,124,0.0
grid16,affine_patch,234,1,125,0.0
grid16,affine_patch,234,2,142,0.0
grid16,affine_patch,235,0,124,0.0
grid16,affine_patch,235,1,141,0.0
grid16,affine_patch,235,2,142,0.0
grid16,affine_patch,236,0,125,0.0
grid16,affine_patch,236,1,126,0.0
grid16,affine_patch,236,2,143,0.0
grid16,affine_patch,237,0,125,0.0
grid16,affine_patch,237,1,142,0.0
grid16,affine_patch,237,2,143,0.0
grid16,affine_patch,238,0,126,0.0
grid16,affine_patch,238,1,127,0.0
grid16,affine_patch,238,2,144,0.0
grid16,affine_patch,239,0,126,0.0
grid16,affine_patch,239,1,143,0.0
grid16,affine_patch,239,2,144,0.0
grid16,affine_patch,240,0,127,0.0
grid16,affine_patch,240,1,128,0.0
grid16,affine_patch,240,2,145,0.0
grid16,affine_patch,241,0,127,0.0
grid16,affine_patch,241,1,144,0.0
grid16,affine_patch,241,2,145,0.0
grid16,affine_patch,242,0,128,0.0
grid16,affine_patch,242,1,129,0.0
grid16,affine_patch,242,2,146,0.0
grid16,affine_patch,243,0,128,0.0
grid16,affine_patch,243,1,145,0.0
grid16,affine_patch,243,2,146,0.0
grid16,affine_patch,244,0,129,0.0
grid16,affine_patch,244,1,130,0.0
grid16,affine_patch,244,2,147,0.0
grid16,affine_patch,245,0,129,0.0
grid16,affine_patch,245,1,146,0.0
grid16,affine_patch,245,2,147,0.0
grid16,affine_patch,246,0,130,0.0
grid16,affine_patch,246,1,131,0.0
grid16,affine_patch,246,2,148,0.0
grid16,affine_patch,247,0,130,0.0
grid16,affine_patch,247,1,147,0.0
grid16,affine_patch,247,2,148,0.0
grid16,affine_patch,248,0,131,0.0
grid16,affine_patch,248,1,132,0.0
grid16,affine_patch,248,2,149,0.0
grid16,affine_patch,249,0,131,0.0
grid16,affine_patch,249,1,148,0.0
grid16,affine_patch,249,2,149,0.0
grid16,affine_patch,250,0,132,0.0
grid16,affine_patch,250,1,133,0.0
grid16,affine_patch,250,2,150,0.0
grid16,affine_patch,251,0,132,0.0
grid16,affine_patch,251,1,149,0.0
grid16,affine_patch,251,2,150,0.0
grid16,affine_patch,252,0,133,0.0
grid16,affine_patch,252,1,134,0.0
grid16,affine_patch,252,2,151,0.0
grid16,affine_patch,253,0,133,0.0
grid16,affine_patch,253,1,150,0.0
grid16,affine_patch,253,2,151,0.0
grid16,affine_patch,254,0,134,0.0
grid16,affine_patch,254,1,135,0.0
grid16,affine_patch,254,2,152,0.0
grid16,affine_patch,255,0,134,0.0
grid16,affine_patch,255,1,151,0.0
grid16,affine_patch,255,2,152,0.0
grid16,affine_patch,256,0,136,0.0
grid16,affine_patch,256,1,137,0.0
grid16,affine_patch,256,2,154,0.0
grid16,affine_patch,257,0,136,0.0
grid16,affine_patch,257,1,153,0.0
grid16,affine_patch,257,2,154,0.0
grid16,affine_patch,258,0,137,0.0
grid16,affine_patch,258,1,138,0.0
grid16,affine_patch,258,2,155,0.0
grid16,affine_patch,259,0,137,0.0
grid16,affine_patch,259,1,154,0.0
grid16,affine_patch,259,2,155,0.0
grid16,affine_patch,260,0,138,0.0
grid16,affine_patch,260,1,139,0.0
grid16,affine_patch,260,2,156,0.0
grid16,affine_patch,261,0,138,0.0
grid16,affine_patch,261,1,155,0.0
grid16,affine_patch,261,2,156,0.0
grid16,affine_patch,262,0,139,0.0
grid16,affine_patch,262,1,140,0.0
grid16,affine_patch,262,2,157,0.0
grid16,affine_patch,263,0,139,0.0
grid16,affine_patch,263,1,156,0.0
grid16,affine_patch,263,2,157,0.0
grid16,affine_patch,264,0,140,0.0
grid16,affine_patch,264,1,141,0.0
grid16,affine_patch,264,2,158,0.0
grid16,affine_patch,265,0,140,0.0
grid16,affine_patch,265,1,157,0.0
grid16,affine_patch,265,2,158,0.0
grid16,affine_patch,266,0,141,0.0
grid16,affine_patch,266,1,142,0.0
grid16,affine_patch,266,2,159,0.0
grid16,affine_patch,267,0,141,0.0
grid16,affine_patch,267,1,158,0.0
grid16,affine_patch,267,2,159,0.0
grid16,affine_patch,268,0,142,0.0
grid16,affine_patch,268,1,143,0.0
grid16,affine_patch,268,2,160,0.0
grid16,affine_patch,269,0,142,0.0
grid16,affine_patch,269,1,159,0.0
grid16,affine_patch,269,2,160,0.0
grid16,affine_patch,270,0,143,0.0
grid16,affine_patch,270,1,144,0.0
grid16,affine_patch,270,2,161,0.0
grid16,affine_patch,271,0,143,0.0
grid16,affine_patch,271,1,160,0.0
grid16,affine_patch,271,2,161,0.0
grid16,affine_patch,272,0,144,0.0
grid16,affine_patch,272,1,145,0.0
grid16,affine_patch,272,2,162,0.0
grid16,affine_patch,273,0,144,0.0
grid16,affine_patch,273,1,161,0.0
grid16,affine_patch,273,2,162,0.0
grid16,affine_patch,274,0,145,0.0
grid16,affine_patch,274,1,146,0.0
grid16,affine_patch,274,2,163,0.0
grid16,affine_patch,275,0,145,0.0
grid16,affine_patch,275,1,162,0.0
grid16,affine_patch,275,2,163,0.0
grid16,affine_patch,276,0,146,0.0
grid16,affine_patch,276,1,147,0.0
grid16,affine_patch,276,2,164,0.0
grid16,affine_patch,277,0,146,0.0
grid16,affine_patch,277,1,163,0.0
grid16,affine_patch,277,2,164,0.0
grid16,affine_patch,278,0,147,0.0
grid16,affine_patch,278,1,148,0.0
grid16,affine_patch,278,2,165,0.0
grid16,affine_patch,279,0,147,0.0
grid16,affine_patch,279,1,164,0.0
grid16,affine_patch,279,2,165,0.0
grid16,affine_patch,280,0,148,0.0
grid16,affine_patch,280,1,149,0.0
grid16,affine_patch,280,2,166,0.0
grid16,affine_patch,281,0,148,0.0
grid16,affine_patch,281,1,165,0.0
grid16,affine_patch,281,2,166,0.0
grid16,affine_patch,282,0,149,0.0
grid16,affine_patch,282,1,150,0.0
grid16,affine_patch,282,2,167,0.0
grid16,affine_patch,283,0,149,0.0
grid16,affine_patch,283,1,166,0.0
grid16,affine_patch,283,2,167,0.0
grid16,affine_patch,284,0,150,0.0
grid16,affine_patch,284,1,151,0.0
grid16,affine_patch,284,2,168,0.0
grid16,affine_patch,285,0,150,0.0
grid16,affine_patch,285,1,167,0.0
grid16,affine_patch,285,2,168,0.0
grid16,affine_patch,286,0,151,0.0
grid16,affine_patch,286,1,152,0.0
grid16,affine_patch,286,2,169,0.0
grid16,affine_patch,287,0,151,0.0
grid16,affine_patch,287,1,168,0.0
grid16,affine_patch,287,2,169,0.0
grid16,affine_patch,288,0,153,0.0
grid16,affine_patch,288,1,154,0.0
grid16,affine_patch,288,2,171,0.0
grid16,affine_patch,289,0,153,0.0
grid16,affine_patch,289,1,170,0.0
grid16,affine_patch,289,2,171,0.0
grid16,affine_patch,290,0,154,0.0
grid16,affine_patch,290,1,155,0.0
grid16,affine_patch,290,2,172,0.0
grid16,affine_patch,291,0,154,0.0
grid16,affine_patch,291,1,171,0.0
grid16,affine_patch,291,2,172,0.0
grid16,affine_patch,292,0,155,0.0
grid16,affine_patch,292,1,156,0.0
grid16,affine_patch,292,2,173,0.0
grid16,affine_patch,293,0,155,0.0
grid16,affine_patch,293,1,172,0.0
grid16,affine_patch,293,2,173,0.0
grid16,affine_patch,294,0,156,0.0
grid16,affine_patch,294,1,157,0.0
grid16,affine_patch,294,2,174,0.0
grid16,affine_patch,295,0,156,0.0
grid16,affine_patch,295,1,173,0.0
grid16,affine_patch,295,2,174,0.0
grid16,affine_patch,296,0,157,0.0
grid16,affine_patch,296,1,158,0.0
grid16,affine_patch,296,2,175,0.0
grid16,affine_patch,297,0,157,0.0
grid16,affine_patch,297,1,174,0.0
grid16,affine_patch,297,2,175,0.0
grid16,affine_patch,298,0,158,0.0
grid16,affine_patch,298,1,159,0.0
grid16,affine_patch,298,2,176,0.0
grid16,affine_patch,299,0,158,0.0
grid16,affine_patch,299,1,175,0.0
grid16,affine_patch,299,2,176,0.0
grid16,affine_patch,300,0,159,0.0
grid16,affine_patch,300,1,160,0.0
grid16,affine_patch,300,2,177,0.0
grid16,affine_patch,301,0,159,0.0
grid16,affine_patch,301,1,176,0.0
grid16,affine_patch,301,2,177,0.0
grid16,affine_patch,302,0,160,0.0
grid16,affine_patch,302,1,161,0.0
grid16,affine_patch,302,2,178,0.0
grid16,affine_patch,303,0,160,0.0
grid16,affine_patch,303,1,177,0.0
grid16,affine_patch,303,2,178,0.0
grid16,affine_patch,304,0,161,0.0
grid16,affine_patch,304,1,162,0.0
grid16,affine_patch,304,2,179,0.0
grid16,affine_patch,305,0,161,0.0
grid16,affine_patch,305,1,178,0.0
grid16,affine_patch,305,2,179,0.0
grid16,affine_patch,306,0,162,0.0
grid16,affine_patch,306,1,163,0.0
grid16,affine_patch,306,2,180,0.0
grid16,affine_patch,307,0,162,0.0
grid16,affine_patch,307,1,179,0.0
grid16,affine_patch,307,2,180,0.0
grid16,affine_patch,308,0,163,0.0
grid16,affine_patch,308,1,164,0.0
grid16,affine_patch,308,2,181,0.0
grid16,affine_patch,309,0,163,0.0
grid16,affine_patch,309,1,180,0.0
grid16,affine_patch,309,2,181,0.0
grid16,affine_patch,310,0,164,0.0
grid16,affine_patch,310,1,165,0.0
grid16,affine_patch,310,2,182,0.0
grid16,affine_patch,311,0,164,0.0
grid16,affine_patch,311,1,181,0.0
grid16,affine_patch,311,2,182,0.0
grid16,affine_patch,312,0,165,0.0
grid16,affine_patch,312,1,166,0.0
grid16,affine_patch,312,2,183,0.0
grid16,affine_patch,313,0,165,0.0
grid16,affine_patch,313,1,182,0.0
grid16,affine_patch,313,2,183,0.0
grid16,affine_patch,314,0,166,0.0
grid16,affine_patch,314,1,167,0.0
grid16,affine_patch,314,2,184,0.0
grid16,affine_patch,315,0,166,0.0
grid16,affine_patch,315,1,183,0.0
grid16,affine_patch,315,2,184,0.0
grid16,affine_patch,316,0,167,0.0
grid16,affine_patch,316,1,168,0.0
grid16,affine_patch,316,2,185,0.0
grid16,affine_patch,317,0,167,0.0
grid16,affine_patch,317,1,184,0.0
grid16,affine_patch,317,2,185,0.0
grid16,affine_patch,318,0,168,0.0
grid16,affine_patch,318,1,169,0.0
grid16,affine_patch,318,2,186,0.0
grid16,affine_patch,319,0,168,0.0
grid16,affine_patch,319,1,185,0.0
grid16,affine_patch,319,2,186,0.0
grid16,affine_patch,320,0,170,0.0
grid16,affine_patch,320,1,171,0.0
grid16,affine_patch,320,2,188,0.0
grid16,affine_patch,321,0,170,0.0
grid16,affine_patch,321,1,187,0.0
grid16,affine_patch,321,2,188,0.0
grid16,affine_patch,322,0,171,0.0
grid16,affine_patch,322,1,172,0.0
grid16,affine_patch,322,2,189,0.0
grid16,affine_patch,323,0,171,0.0
grid16,affine_patch,323,1,188,0.0
grid16,affine_patch,323,2,189,0.0
grid16,affine_patch,324,0,172,0.0
grid16,affine_patch,324,1,173,0.0
grid16,affine_patch,324,2,190,0.0
grid16,affine_patch,325,0,172,0.0
grid16,affine_patch,325,1,189,0.0
grid16,affine_patch,325,2,190,0.0
grid16,affine_patch,326,0,173,0.0
grid16,affine_patch,326,1,174,0.0
grid16,affine_patch,326,2,191,0.0
grid16,affine_patch,327,0,173,0.0
grid16,affine_patch,327,1,190,0.0
grid16,affine_patch,327,2,191,0.0
grid16,affine_patch,328,0,174,0.0
grid16,affine_patch,328,1,175,0.0
grid16,affine_patch,328,2,192,0.0
grid16,affine_patch,329,0,174,0.0
grid16,affine_patch,329,1,191,0.0
grid16,affine_patch,329,2,192,0.0
grid16,affine_patch,330,0,175,0.0
grid16,affine_patch,330,1,176,0.0
grid16,affine_patch,330,2,193,0.0
grid16,affine_patch,331,0,175,0.0
grid16,affine_patch,331,1,192,0.0
grid16,affine_patch,331,2,193,0.0
grid16,affine_patch,332,0,176,0.0
grid16,affine_patch,332,1,177,0.0
grid16,affine_patch,332,2,194,0.0
grid16,affine_patch,333,0,176,0.0
grid16,affine_patch,333,1,193,0.0
grid16,affine_patch,333,2,194,0.0
grid16,affine_patch,334,0,177,0.0
grid16,affine_patch,334,1,178,0.0
grid16,affine_patch,334,2,195,0.0
grid16,affine_patch,335,0,177,0.0
grid16,affine_patch,335,1,194,0.0
grid16,affine_patch,335,2,195,0.0
grid16,affine_patch,336,0,178,0.0
grid16,affine_patch,336,1,179,0.0
grid16,affine_patch,336,2,196,0.0
grid16,affine_patch,337,0,178,0.0
grid16,affine_patch,337,1,195,0.0
grid16,affine_patch,337,2,196,0.0
grid16,affine_patch,338,0,179,0.0
grid16,affine_patch,338,1,180,0.0
grid16,affine_patch,338,2,197,0.0
grid16,affine_patch,339,0,179,0.0
grid16,affine_patch,339,1,196,0.0
grid16,affine_patch,339,2,197,0.0
grid16,affine_patch,340,0,180,0.0
grid16,affine_patch,340,1,181,0.0
grid16,affine_patch,340,2,198,0.0
grid16,affine_patch,341,0,180,0.0
grid16,affine_patch,341,1,197,0.0
grid16,affine_patch,341,2,198,0.0
grid16,affine_patch,342,0,181,0.0
grid16,affine_patch,342,1,182,0.0
grid16,affine_patch,342,2,199,0.0
grid16,affine_patch,343,0,181,0.0
grid16,affine_patch,343,1,198,0.0
grid16,affine_patch,343,2,199,0.0
grid16,affine_patch,344,0,182,0.0
grid16,affine_patch,344,1,183,0.0
grid16,affine_patch,344,2,200,0.0
grid16,affine_patch,345,0,182,0.0
grid16,affine_patch,345,1,199,0.0
grid16,affine_patch,345,2,200,0.0
grid16,affine_patch,346,0,183,0.0
grid16,affine_patch,346,1,184,0.0
grid16,affine_patch,346,2,201,0.0
grid16,affine_patch,347,0,183,0.0
grid16,affine_patch,347,1,200,0.0
grid16,affine_patch,347,2,201,0.0
grid16,affine_patch,348,0,184,0.0
grid16,affine_patch,348,1,185,0.0
grid16,affine_patch,348,2,202,0.0
grid16,affine_patch,349,0,184,0.0
grid16,affine_patch,349,1,201,0.0
grid16,affine_patch,349,2,202,0.0
grid16,affine_patch,350,0,185,0.0
grid16,affine_patch,350,1,186,0.0
grid16,affine_patch,350,2,203,0.0
grid16,affine_patch,351,0,185,0.0
grid16,affine_patch,351,1,202,0.0
grid16,affine_patch,351,2,203,0.0
grid16,affine_patch,352,0,187,0.0
grid16,affine_patch,352,1,188,0.0
grid16,affine_patch,352,2,205,0.0
grid16,affine_patch,353,0,187,0.0
grid16,affine_patch,353,1,204,0.0
grid16,affine_patch,353,2,205,0.0
grid16,affine_patch,354,0,188,0.0
grid16,affine_patch,354,1,189,0.0
grid16,affine_patch,354,2,206,0.0
grid16,affine_patch,355,0,188,0.0
grid16,affine_patch,355,1,205,0.0
grid16,affine_patch,355,2,206,0.0
grid16,affine_patch,356,0,189,0.0
grid16,affine_patch,356,1,190,0.0
grid16,affine_patch,356,2,207,0.0
grid16,affine_patch,357,0,189,0.0
grid16,affine_patch,357,1,206,0.0
grid16,affine_patch,357,2,207,0.0
grid16,affine_patch,358,0,190,0.0
grid16,affine_patch,358,1,191,0.0
grid16,affine_patch,358,2,208,0.0
grid16,affine_patch,359,0,190,0.0
grid16,affine_patch,359,1,207,0.0
grid16,affine_patch,359,2,208,0.0
grid16,affine_patch,360,0,191,0.0
grid16,affine_patch,360,1,192,0.0
grid16,affine_patch,360,2,209,0.0
grid16,affine_patch,361,0,191,0.0
grid16,affine_patch,361,1,208,0.0
grid16,affine_patch,361,2,209,0.0
grid16,affine_patch,362,0,192,0.0
grid16,affine_patch,362,1,193,0.0
grid16,affine_patch,362,2,210,0.0
grid16,affine_patch,363,0,192,0.0
grid16,affine_patch,363,1,209,0.0
grid16,affine_patch,363,2,210,0.0
grid16,affine_patch,364,0,193,0.0
grid16,affine_patch,364,1,194,0.0
grid16,affine_patch,364,2,211,0.0
grid16,affine_patch,365,0,193,0.0
grid16,affine_patch,365,1,210,0.0
grid16,affine_patch,365,2,211,0.0
grid16,affine_patch,366,0,194,0.0
grid16,affine_patch,366,1,195,0.0
grid16,affine_patch,366,2,212,0.0
grid16,affine_patch,367,0,194,0.0
grid16,affine_patch,367,1,211,0.0
grid16,affine_patch,367,2,212,0.0
grid16,affine_patch,368,0,195,0.0
grid16,affine_patch,368,1,196,0.0
grid16,affine_patch,368,2,213,0.0
grid16,affine_patch,369,0,195,0.0
grid16,affine_patch,369,1,212,0.0
grid16,affine_patch,369,2,213,0.0
grid16,affine_patch,370,0,196,0.0
grid16,affine_patch,370,1,197,0.0
grid16,affine_patch,370,2,214,0.0
grid16,affine_patch,371,0,196,0.0
grid16,affine_patch,371,1,213,0.0
grid16,affine_patch,371,2,214,0.0
grid16,affine_patch,372,0,197,0.0
grid16,affine_patch,372,1,198,0.0
grid16,affine_patch,372,2,215,0.0
grid16,affine_patch,373,0,197,0.0
grid16,affine_patch,373,1,214,0.0
grid16,affine_patch,373,2,215,0.0
grid16,affine_patch,374,0,198,0.0
grid16,affine_patch,374,1,199,0.0
grid16,affine_patch,374,2,216,0.0
grid16,affine_patch,375,0,198,0.0
grid16,affine_patch,375,1,215,0.0
grid16,affine_patch,375,2,216,0.0
grid16,affine_patch,376,0,199,0.0
grid16,affine_patch,376,1,200,0.0
grid16,affine_patch,376,2,217,0.0
grid16,affine_patch,377,0,199,0.0
grid16,affine_patch,377,1,216,0.0
grid16,affine_patch,377,2,217,0.0
grid16,affine_patch,378,0,200,0.0
grid16,affine_patch,378,1,201,0.0
grid16,affine_patch,378,2,218,0.0
grid16,affine_patch,379,0,200,0.0
grid16,affine_patch,379,1,217,0.0
grid16,affine_patch,379,2,218,0.0
grid16,affine_patch,380,0,201,0.0
grid16,affine_patch,380,1,202,0.0
grid16,affine_patch,380,2,219,0.0
grid16,affine_patch,381,0,201,0.0
grid16,affine_patch,381,1,218,0.0
grid16,affine_patch,381,2,219,0.0
grid16,affine_patch,382,0,202,0.0
grid16,affine_patch,382,1,203,0.0
grid16,affine_patch,382,2,220,0.0
grid16,affine_patch,383,0,202,0.0
grid16,affine_patch,383,1,219,0.0
grid16,affine_patch,383,2,220,0.0
grid16,affine_patch,384,0,204,0.0
grid16,affine_patch,384,1,205,0.0
grid16,affine_patch,384,2,222,0.0
grid16,affine_patch,385,0,204,0.0
grid16,affine_patch,385,1,221,0.0
grid16,affine_patch,385,2,222,0.0
grid16,affine_patch,386,0,205,0.0
grid16,affine_patch,386,1,206,0.0
grid16,affine_patch,386,2,223,0.0
grid16,affine_patch,387,0,205,0.0
grid16,affine_patch,387,1,222,0.0
grid16,affine_patch,387,2,223,0.0
grid16,affine_patch,388,0,206,0.0
grid16,affine_patch,388,1,207,0.0
grid16,affine_patch,388,2,224,0.0
grid16,affine_patch,389,0,206,0.0
grid16,affine_patch,389,1,223,0.0
grid16,affine_patch,389,2,224,0.0
grid16,affine_patch,390,0,207,0.0
grid16,affine_patch,390,1,208,0.0
grid16,affine_patch,390,2,225,0.0
grid16,affine_patch,391,0,207,0.0
grid16,affine_patch,391,1,224,0.0
grid16,affine_patch,391,2,225,0.0
grid16,affine_patch,392,0,208,0.0
grid16,affine_patch,392,1,209,0.0
grid16,affine_patch,392,2,226,0.0
grid16,affine_patch,393,0,208,0.0
grid16,affine_patch,393,1,225,0.0
grid16,affine_patch,393,2,226,0.0
grid16,affine_patch,394,0,209,0.0
grid16,affine_patch,394,1,210,0.0
grid16,affine_patch,394,2,227,0.0
grid16,affine_patch,395,0,209,0.0
grid16,affine_patch,395,1,226,0.0
grid16,affine_patch,395,2,227,0.0
grid16,affine_patch,396,0,210,0.0
grid16,affine_patch,396,1,211,0.0
grid16,affine_patch,396,2,228,0.0
grid16,affine_patch,397,0,210,0.0
grid16,affine_patch,397,1,227,0.0
grid16,affine_patch,397,2,228,0.0
grid16,affine_patch,398,0,211,0.0
grid16,affine_patch,398,1,212,0.0
grid16,affine_patch,398,2,229,0.0
grid16,affine_patch,399,0,211,0.0
grid16,affine_patch,399,1,228,0.0
grid16,affine_patch,399,2,229,0.0
grid16,affine_patch,400,0,212,0.0
grid16,affine_patch,400,1,213,0.0
grid16,affine_patch,400,2,230,0.0
grid16,affine_patch,401,0,212,0.0
grid16,affine_patch,401,1,229,0.0
grid16,affine_patch,401,2,230,0.0
grid16,affine_patch,402,0,213,0.0
grid16,affine_patch,402,1,214,0.0
grid16,affine_patch,402,2,231,0.0
grid16,affine_patch,403,0,213,0.0
grid16,affine_patch,403,1,230,0.0
grid16,affine_patch,403,2,231,0.0
grid16,affine_patch,404,0,214,0.0
grid16,affine_patch,404,1,215,0.0
grid16,affine_patch,404,2,232,0.0
grid16,affine_patch,405,0,214,0.0
grid16,affine_patch,405,1,231,0.0
grid16,affine_patch,405,2,232,0.0
grid16,affine_patch,406,0,215,0.0
grid16,affine_patch,406,1,216,0.0
grid16,affine_patch,406,2,233,0.0
grid16,affine_patch,407,0,215,0.0
grid16,affine_patch,407,1,232,0.0
grid16,affine_patch,407,2,233,0.0
grid16,affine_patch,408,0,216,0.0
grid16,affine_patch,408,1,217,0.0
grid16,affine_patch,408,2,234,0.0
grid16,affine_patch,409,0,216,0.0
grid16,affine_patch,409,1,233,0.0
grid16,affine_patch,409,2,234,0.0
grid16,affine_patch,410,0,217,0.0
grid16,affine_patch,410,1,218,0.0
grid16,affine_patch,410,2,235,0.0
grid16,affine_patch,411,0,217,0.0
grid16,affine_patch,411,1,234,0.0
grid16,affine_patch,411,2,235,0.0
grid16,affine_patch,412,0,218,0.0
grid16,affine_patch,412,1,219,0.0
grid16,affine_patch,412,2,236,0.0
grid16,affine_patch,413,0,218,0.0
grid16,affine_patch,413,1,235,0.0
grid16,affine_patch,413,2,236,0.0
grid16,affine_patch,414,0,219,0.0
grid16,affine_patch,414,1,220,0.0
grid16,affine_patch,414,2,237,0.0
grid16,affine_patch,415,0,219,0.0
grid16,affine_patch,415,1,236,0.0
grid16,affine_patch,415,2,237,0.0
grid16,affine_patch,416,0,221,0.0
grid16,affine_patch,416,1,222,0.0
grid16,affine_patch,416,2,239,0.0
grid16,affine_patch,417,0,221,0.0
grid16,affine_patch,417,1,238,0.0
grid16,affine_patch,417,2,239,0.0
grid16,affine_patch,418,0,222,0.0
grid16,affine_patch,418,1,223,0.0
grid16,affine_patch,418,2,240,0.0
grid16,affine_patch,419,0,222,0.0
grid16,affine_patch,419,1,239,0.0
grid16,affine_patch,419,2,240,0.0
grid16,affine_patch,420,0,223,0.0
grid16,affine_patch,420,1,224,0.0
grid16,affine_patch,420,2,241,0.0
grid16,affine_patch,421,0,223,0.0
grid16,affine_patch,421,1,240,0.0
grid16,affine_patch,421,2,241,0.0
grid16,affine_patch,422,0,224,0.0
grid16,affine_patch,422,1,225,0.0
grid16,affine_patch,422,2,242,0.0
grid16,affine_patch,423,0,224,0.0
grid16,affine_patch,423,1,241,0.0
grid16,affine_patch,423,2,242,0.0
grid16,affine_patch,424,0,225,0.0
grid16,affine_patch,424,1,226,0.0
grid16,affine_patch,424,2,243,0.0
grid16,affine_patch,425,0,225,0.0
grid16,affine_patch,425,1,242,0.0
grid16,affine_patch,425,2,243,0.0
grid16,affine_patch,426,0,226,0.0
grid16,affine_patch,426,1,227,0.0
grid16,affine_patch,426,2,244,0.0
grid16,affine_patch,427,0,226,0.0
grid16,affine_patch,427,1,243,0.0
grid16,affine_patch,427,2,244,0.0
grid16,affine_patch,428,0,227,0.0
grid16,affine_patch,428,1,228,0.0
grid16,affine_patch,428,2,245,0.0
grid16,affine_patch,429,0,227,0.0
grid16,affine_patch,429,1,244,0.0
grid16,affine_patch,429,2,245,0.0
grid16,affine_patch,430,0,228,0.0
grid16,affine_patch,430,1,229,0.0
grid16,affine_patch,430,2,246,0.0
grid16,affine_patch,431,0,228,0.0
grid16,affine_patch,431,1,245,0.0
grid16,affine_patch,431,2,246,0.0
grid16,affine_patch,432,0,229,0.0
grid16,affine_patch,432,1,230,0.0
grid16,affine_patch,432,2,247,0.0
grid16,affine_patch,433,0,229,0.0
grid16,affine_patch,433,1,246,0.0
grid16,affine_patch,433,2,247,0.0
grid16,affine_patch,434,0,230,0.0
grid16,affine_patch,434,1,231,0.0
grid16,affine_patch,434,2,248,0.0
grid16,affine_patch,435,0,230,0.0
grid16,affine_patch,435,1,247,0.0
grid16,affine_patch,435,2,248,0.0
grid16,affine_patch,436,0,231,0.0
grid16,affine_patch,436,1,232,0.0
grid16,affine_patch,436,2,249,0.0
grid16,affine_patch,437,0,231,0.0
grid16,affine_patch,437,1,248,0.0
grid16,affine_patch,437,2,249,0.0
grid16,affine_patch,438,0,232,0.0
grid16,affine_patch,438,1,233,0.0
grid16,affine_patch,438,2,250,0.0
grid16,affine_patch,439,0,232,0.0
grid16,affine_patch,439,1,249,0.0
grid16,affine_patch,439,2,250,0.0
grid16,affine_patch,440,0,233,0.0
grid16,affine_patch,440,1,234,0.0
grid16,affine_patch,440,2,251,0.0
grid16,affine_patch,441,0,233,0.0
grid16,affine_patch,441,1,250,0.0
grid16,affine_patch,441,2,251,0.0
grid16,affine_patch,442,0,234,0.0
grid16,affine_patch,442,1,235,0.0
grid16,affine_patch,442,2,252,0.0
grid16,affine_patch,443,0,234,0.0
grid16,affine_patch,443,1,251,0.0
grid16,affine_patch,443,2,252,0.0
grid16,affine_patch,444,0,235,0.0
grid16,affine_patch,444,1,236,0.0
grid16,affine_patch,444,2,253,0.0
grid16,affine_patch,445,0,235,0.0
grid16,affine_patch,445,1,252,0.0
grid16,affine_patch,445,2,253,0.0
grid16,affine_patch,446,0,236,0.0
grid16,affine_patch,446,1,237,0.0
grid16,affine_patch,446,2,254,0.0
grid16,affine_patch,447,0,236,0.0
grid16,affine_patch,447,1,253,0.0
grid16,affine_patch,447,2,254,0.0
grid16,affine_patch,448,0,238,0.0
grid16,affine_patch,448,1,239,0.0
grid16,affine_patch,448,2,256,0.0
grid16,affine_patch,449,0,238,0.0
grid16,affine_patch,449,1,255,0.0
grid16,affine_patch,449,2,256,0.0
grid16,affine_patch,450,0,239,0.0
grid16,affine_patch,450,1,240,0.0
grid16,affine_patch,450,2,257,0.0
grid16,affine_patch,451,0,239,0.0
grid16,affine_patch,451,1,256,0.0
grid16,affine_patch,451,2,257,0.0
grid16,affine_patch,452,0,240,0.0
grid16,affine_patch,452,1,241,0.0
grid16,affine_patch,452,2,258,0.0
grid16,affine_patch,453,0,240,0.0
grid16,affine_patch,453,1,257,0.0
grid16,affine_patch,453,2,258,0.0
grid16,affine_patch,454,0,241,0.0
grid16,affine_patch,454,1,242,0.0
grid16,affine_patch,454,2,259,0.0
grid16,affine_patch,455,0,241,0.0
grid16,affine_patch,455,1,258,0.0
grid16,affine_patch,455,2,259,0.0
grid16,affine_patch,456,0,242,0.0
grid16,affine_patch,456,1,243,0.0
grid16,affine_patch,456,2,260,0.0
grid16,affine_patch,457,0,242,0.0
grid16,affine_patch,457,1,259,0.0
grid16,affine_patch,457,2,260,0.0
grid16,affine_patch,458,0,243,0.0
grid16,affine_patch,458,1,244,0.0
grid16,affine_patch,458,2,261,0.0
grid16,affine_patch,459,0,243,0.0
grid16,affine_patch,459,1,260,0.0
grid16,affine_patch,459,2,261,0.0
grid16,affine_patch,460,0,244,0.0
grid16,affine_patch,460,1,245,0.0
grid16,affine_patch,460,2,262,0.0
grid16,affine_patch,461,0,244,0.0
grid16,affine_patch,461,1,261,0.0
grid16,affine_patch,461,2,262,0.0
grid16,affine_patch,462,0,245,0.0
grid16,affine_patch,462,1,246,0.0
grid16,affine_patch,462,2,263,0.0
grid16,affine_patch,463,0,245,0.0
grid16,affine_patch,463,1,262,0.0
grid16,affine_patch,463,2,263,0.0
grid16,affine_patch,464,0,246,0.0
grid16,affine_patch,464,1,247,0.0
grid16,affine_patch,464,2,264,0.0
grid16,affine_patch,465,0,246,0.0
grid16,affine_patch,465,1,263,0.0
grid16,affine_patch,465,2,264,0.0
grid16,affine_patch,466,0,247,0.0
grid16,affine_patch,466,1,248,0.0
grid16,affine_patch,466,2,265,0.0
grid16,affine_patch,467,0,247,0.0
grid16,affine_patch,467,1,264,0.0
grid16,affine_patch,467,2,265,0.0
grid16,affine_patch,468,0,248,0.0
grid16,affine_patch,468,1,249,0.0
grid16,affine_patch,468,2,266,0.0
grid16,affine_patch,469,0,248,0.0
grid16,affine_patch,469,1,265,0.0
grid16,affine_patch,469,2,266,0.0
grid16,affine_patch,470,0,249,0.0
grid16,affine_patch,470,1,250,0.0
grid16,affine_patch,470,2,267,0.0
grid16,affine_patch,471,0,249,0.0
grid16,affine_patch,471,1,266,0.0
grid16,affine_patch,471,2,267,0.0
grid16,affine_patch,472,0,250,0.0
grid16,affine_patch,472,1,251,0.0
grid16,affine_patch,472,2,268,0.0
grid16,affine_patch,473,0,250,0.0
grid16,affine_patch,473,1,267,0.0
grid16,affine_patch,473,2,268,0.0
grid16,affine_patch,474,0,251,0.0
grid16,affine_patch,474,1,252,0.0
grid16,affine_patch,474,2,269,0.0
grid16,affine_patch,475,0,251,0.0
grid16,affine_patch,475,1,268,0.0
grid16,affine_patch,475,2,269,0.0
grid16,affine_patch,476,0,252,0.0
grid16,affine_patch,476,1,253,0.0
grid16,affine_patch,476,2,270,0.0
grid16,affine_patch,477,0,252,0.0
grid16,affine_patch,477,1,269,0.0
grid16,affine_patch,477,2,270,0.0
grid16,affine_patch,478,0,253,0.0
grid16,affine_patch,478,1,254,0.0
grid16,affine_patch,478,2,271,0.0
grid16,affine_patch,479,0,253,0.0
grid16,affine_patch,479,1,270,0.0
grid16,affine_patch,479,2,271,0.0
grid16,affine_patch,480,0,255,0.0
grid16,affine_patch,480,1,256,0.0
grid16,affine_patch,480,2,273,0.0
grid16,affine_patch,481,0,255,0.0
grid16,affine_patch,481,1,272,0.0
grid16,affine_patch,481,2,273,0.0
grid16,affine_patch,482,0,256,0.0
grid16,affine_patch,482,1,257,0.0
grid16,affine_patch,482,2,274,0.0
grid16,affine_patch,483,0,256,0.0
grid16,affine_patch,483,1,273,0.0
grid16,affine_patch,483,2,274,0.0
grid16,affine_patch,484,0,257,0.0
grid16,affine_patch,484,1,258,0.0
grid16,affine_patch,484,2,275,0.0
grid16,affine_patch,485,0,257,0.0
grid16,affine_patch,485,1,274,0.0
grid16,affine_patch,485,2,275,0.0
grid16,affine_patch,486,0,258,0.0
grid16,affine_patch,486,1,259,0.0
grid16,affine_patch,486,2,276,0.0
grid16,affine_patch,487,0,258,0.0
grid16,affine_patch,487,1,275,0.0
grid16,affine_patch,487,2,276,0.0
grid16,affine_patch,488,0,259,0.0
grid16,affine_patch,488,1,260,0.0
grid16,affine_patch,488,2,277,0.0
grid16,affine_patch,489,0,259,0.0
grid16,affine_patch,489,1,276,0.0
grid16,affine_patch,489,2,277,0.0
grid16,affine_patch,490,0,260,0.0
grid16,affine_patch,490,1,261,0.0
grid16,affine_patch,490,2,278,0.0
grid16,affine_patch,491,0,260,0.0
grid16,affine_patch,491,1,277,0.0
grid16,affine_patch,491,2,278,0.0
grid16,affine_patch,492,0,261,0.0
grid16,affine_patch,492,1,262,0.0
grid16,affine_patch,492,2,279,0.0
grid16,affine_patch,493,0,261,0.0
grid16,affine_patch,493,1,278,0.0
grid16,affine_patch,493,2,279,0.0
grid16,affine_patch,494,0,262,0.0
grid16,affine_patch,494,1,263,0.0
grid16,affine_patch,494,2,280,0.0
grid16,affine_patch,495,0,262,0.0
grid16,affine_patch,495,1,279,0.0
grid16,affine_patch,495,2,280,0.0
grid16,affine_patch,496,0,263,0.0
grid16,affine_patch,496,1,264,0.0
grid16,affine_patch,496,2,281,0.0
grid16,affine_patch,497,0,263,0.0
grid16,affine_patch,497,1,280,0.0
grid16,affine_patch,497,2,281,0.0
grid16,affine_patch,498,0,264,0.0
grid16,affine_patch,498,1,265,0.0
grid16,affine_patch,498,2,282,0.0
grid16,affine_patch,499,0,264,0.0
grid16,affine_patch,499,1,281,0.0
grid16,affine_patch,499,2,282,0.0
grid16,affine_patch,500,0,265,0.0
grid16,affine_patch,500,1,266,0.0
grid16,affine_patch,500,2,283,0.0
grid16,affine_patch,501,0,265,0.0
grid16,affine_patch,501,1,282,0.0
grid16,affine_patch,501,2,283,0.0
grid16,affine_patch,502,0,266,0.0
grid16,affine_patch,502,1,267,0.0
grid16,affine_patch,502,2,284,0.0
grid16,affine_patch,503,0,266,0.0
grid16,affine_patch,503,1,283,0.0
grid16,affine_patch,503,2,284,0.0
grid16,affine_patch,504,0,267,0.0
grid16,affine_patch,504,1,268,0.0
grid16,affine_patch,504,2,285,0.0
grid16,affine_patch,505,0,267,0.0
grid16,affine_patch,505,1,284,0.0
grid16,affine_patch,505,2,285,0.0
grid16,affine_patch,506,0,268,0.0
grid16,affine_patch,506,1,269,0.0
grid16,affine_patch,506,2,286,0.0
grid16,affine_patch,507,0,268,0.0
grid16,affine_patch,507,1,285,0.0
grid16,affine_patch,507,2,286,0.0
grid16,affine_patch,508,0,269,0.0
grid16,affine_patch,508,1,270,0.0
grid16,affine_patch,508,2,287,0.0
grid16,affine_patch,509,0,269,0.0
grid16,affine_patch,509,1,286,0.0
grid16,affine_patch,509,2,287,0.0
grid16,affine_patch,510,0,270,0.0
grid16,affine_patch,510,1,271,0.0
grid16,affine_patch,510,2,288,0.0
grid16,affine_patch,511,0,270,0.0
grid16,affine_patch,511,1,287,0.0
grid16,affine_patch,511,2,288,0.0
grid16,linear_source,0,0,0,3.0517578125e-05
grid16,linear_source,0,1,1,4.0690104166666664e-05
grid16,linear_source,0,2,18,5.0862630208333336e-05
grid16,linear_source,1,0,0,3.0517578125e-05
grid16,linear_source,1,1,17,4.0690104166666664e-05
grid16,linear_source,1,2,18,5.0862630208333336e-05
grid16,linear_source,2,0,1,7.120768229166667e-05
grid16,linear_source,2,1,2,8.138020833333333e-05
grid16,linear_source,2,2,19,9.1552734375e-05
grid16,linear_source,3,0,1,7.120768229166667e-05
grid16,linear_source,3,1,18,8.138020833333333e-05
grid16,linear_source,3,2,19,9.1552734375e-05
grid16,linear_source,4,0,2,0.00011189778645833333
grid16,linear_source,4,1,3,0.0001220703125
grid16,linear_source,4,2,20,0.00013224283854166666
grid16,linear_source,5,0,2,0.00011189778645833333
grid16,linear_source,5,1,19,0.0001220703125
grid16,linear_source,5,2,20,0.00013224283854166666
grid16,linear_source,6,0,3,0.000152587890625
grid16,linear_source,6,1,4,0.00016276041666666666
grid16,linear_source,6,2,21,0.00017293294270833334
grid16,linear_source,7,0,3,0.000152587890625
grid16,linear_source,7,1,20,0.00016276041666666666
grid16,linear_source,7,2,21,0.00017293294270833334
grid16,linear_source,8,0,4,0.00019327799479166666
grid16,linear_source,8,1,5,0.00020345052083333334
grid16,linear_source,8,2,22,0.000213623046875
grid16,linear_source,9,0,4,0.00019327799479166666
grid16,linear_source,9,1,21,0.00020345052083333334
grid16,linear_source,9,2,22,0.000213623046875
grid16,linear_source,10,0,5,0.00023396809895833334
grid16,linear_source,10,1,6,0.000244140625
grid16,linear_source,10,2,23,0.0002543131510416667
grid16,linear_source,11,0,5,0.00023396809895833334
grid16,linear_source,11,1,22,0.000244140625
grid16,linear_source,11,2,23,0.0002543131510416667
grid16,linear_source,12,0,6,0.000274658203125
grid16,linear_source,12,1,7,0.0002848307291666667
grid16,linear_source,12,2,24,0.0002950032552083333
grid16,linear_source,13,0,6,0.000274658203125
grid16,linear_source,13,1,23,0.0002848307291666667
grid16,linear_source,13,2,24,0.0002950032552083333
grid16,linear_source,14,0,7,0.0003153483072916667
grid16,linear_source,14,1,8,0.0003255208333333333
grid16,linear_source,14,2,25,0.000335693359375
grid16,linear_source,15,0,7,0.0003153483072916667
grid16,linear_source,15,1,24,0.0003255208333333333
grid16,linear_source,15,2,25,0.000335693359375
grid16,linear_source,16,0,8,0.0003560384114583333
grid16,linear_source,16,1,9,0.0003662109375
grid16,linear_source,16,2,26,0.0003763834635416667
grid16,linear_source,17,0,8,0.0003560384114583333
grid16,linear_source,17,1,25,0.0003662109375
grid16,linear_source,17,2,26,0.0003763834635416667
grid16,linear_source,18,0,9,0.000396728515625
grid16,linear_source,18,1,10,0.0004069010416666667
grid16,linear_source,18,2,27,0.0004170735677083333
grid16,linear_source,19,0,9,0.000396728515625
grid16,linear_source,19,1,26,0.0004069010416666667
grid16,linear_source,19,2,27,0.0004170735677083333
grid16,linear_source,20,0,10,0.0004374186197916667
grid16,linear_source,20,1,11,0.0004475911458333333
grid16,linear_source,20,2,28,0.000457763671875
grid16,linear_source,21,0,10,0.0004374186197916667
grid16,linear_source,21,1,27,0.0004475911458333333
grid16,linear_source,21,2,28,0.000457763671875
grid16,linear_source,22,0,11,0.0004781087239583333
grid16,linear_source,22,1,12,0.00048828125
grid16,linear_source,22,2,29,0.0004984537760416666
grid16,linear_source,23,0,11,0.0004781087239583333
grid16,linear_source,23,1,28,0.00048828125
grid16,linear_source,23,2,29,0.0004984537760416666
grid16,linear_source,24,0,12,0.000518798828125
grid16,linear_source,24,1,13,0.0005289713541666666
grid16,linear_source,24,2,30,0.0005391438802083334
grid16,linear_source,25,0,12,0.000518798828125
grid16,linear_source,25,1,29,0.0005289713541666666
grid16,linear_source,25,2,30,0.0005391438802083334
grid16,linear_source,26,0,13,0.0005594889322916666
grid16,linear_source,26,1,14,0.0005696614583333334
grid16,linear_source,26,2,31,0.000579833984375
grid16,linear_source,27,0,13,0.0005594889322916666
grid16,linear_source,27,1,30,0.0005696614583333334
grid16,linear_source,27,2,31,0.000579833984375
grid16,linear_source,28,0,14,0.0006001790364583334
grid16,linear_source,28,1,15,0.0006103515625
grid16,linear_source,28,2,32,0.0006205240885416666
grid16,linear_source,29,0,14,0.0006001790364583334
grid16,linear_source,29,1,31,0.0006103515625
grid16,linear_source,29,2,32,0.0006205240885416666
grid16,linear_source,30,0,15,0.000640869140625
grid16,linear_source,30,1,16,0.0006510416666666666
grid16,linear_source,30,2,33,0.0006612141927083334
grid16,linear_source,31,0,15,0.000640869140625
grid16,linear_source,31,1,32,0.0006510416666666666
grid16,linear_source,31,2,33,0.0006612141927083334
grid16,linear_source,32,0,17,7.120768229166667e-05
grid16,linear_source,32,1,18,8.138020833333333e-05
grid16,linear_source,32,2,35,9.1552734375e-05
grid16,linear_source,33,0,17,7.120768229166667e-05
grid16,linear_source,33,1,34,8.138020833333333e-05
grid16,linear_source,33,2,35,9.1552734375e-05
grid16,linear_source,34,0,18,0.00011189778645833333
grid16,linear_source,34,1,19,0.0001220703125
grid16,linear_source,34,2,36,0.00013224283854166666
grid16,linear_source,35,0,18,0.00011189778645833333
grid16,linear_source,35,1,35,0.0001220703125
grid16,linear_source,35,2,36,0.00013224283854166666
grid16,linear_source,36,0,19,0.000152587890625
grid16,linear_source,36,1,20,0.00016276041666666666
grid16,linear_source,36,2,37,0.00017293294270833334
grid16,linear_source,37,0,19,0.000152587890625
grid16,linear_source,37,1,36,0.00016276041666666666
grid16,linear_source,37,2,37,0.00017293294270833334
grid16,linear_source,38,0,20,0.00019327799479166666
grid16,linear_source,38,1,21,0.00020345052083333334
grid16,linear_source,38,2,38,0.000213623046875
grid16,linear_source,39,0,20,0.00019327799479166666
grid16,linear_source,39,1,37,0.00020345052083333334
grid16,linear_source,39,2,38,0.000213623046875
grid16,linear_source,40,0,21,0.00023396809895833334
grid16,linear_source,40,1,22,0.000244140625
grid16,linear_source,40,2,39,0.0002543131510416667
grid16,linear_source,41,0,21,0.00023396809895833334
grid16,linear_source,41,1,38,0.000244140625
grid16,linear_source,41,2,39,0.0002543131510416667
grid16,linear_source,42,0,22,0.000274658203125
grid16,linear_source,42,1,23,0.0002848307291666667
grid16,linear_source,42,2,40,0.0002950032552083333
grid16,linear_source,43,0,22,0.000274658203125
grid16,linear_source,43,1,39,0.0002848307291666667
grid16,linear_source,43,2,40,0.0002950032552083333
grid16,linear_source,44,0,23,0.0003153483072916667
grid16,linear_source,44,1,24,0.0003255208333333333
grid16,linear_source,44,2,41,0.000335693359375
grid16,linear_source,45,0,23,0.0003153483072916667
grid16,linear_source,45,1,40,0.0003255208333333333
grid16,linear_source,45,2,41,0.000335693359375
grid16,linear_source,46,0,24,0.0003560384114583333
grid16,linear_source,46,1,25,0.0003662109375
grid16,linear_source,46,2,42,0.0003763834635416667
grid16,linear_source,47,0,24,0.0003560384114583333
grid16,linear_source,47,1,41,0.0003662109375
grid16,linear_source,47,2,42,0.0003763834635416667
grid16,linear_source,48,0,25,0.000396728515625
grid16,linear_source,48,1,26,0.0004069010416666667
grid16,linear_source,48,2,43,0.0004170735677083333
grid16,linear_source,49,0,25,0.000396728515625
grid16,linear_source,49,1,42,0.0004069010416666667
grid16,linear_source,49,2,43,0.0004170735677083333
grid16,linear_source,50,0,26,0.0004374186197916667
grid16,linear_source,50,1,27,0.0004475911458333333
grid16,linear_source,50,2,44,0.000457763671875
grid16,linear_source,51,0,26,0.0004374186197916667
grid16,linear_source,51,1,43,0.0004475911458333333
grid16,linear_source,51,2,44,0.000457763671875
grid16,linear_source,52,0,27,0.0004781087239583333
grid16,linear_source,52,1,28,0.00048828125
grid16,linear_source,52,2,45,0.0004984537760416666
grid16,linear_source,53,0,27,0.0004781087239583333
grid16,linear_source,53,1,44,0.00048828125
grid16,linear_source,53,2,45,0.0004984537760416666
grid16,linear_source,54,0,28,0.000518798828125
grid16,linear_source,54,1,29,0.0005289713541666666
grid16,linear_source,54,2,46,0.0005391438802083334
grid16,linear_source,55,0,28,0.000518798828125
grid16,linear_source,55,1,45,0.0005289713541666666
grid16,linear_source,55,2,46,0.0005391438802083334
grid16,linear_source,56,0,29,0.0005594889322916666
grid16,linear_source,56,1,30,0.0005696614583333334
grid16,linear_source,56,2,47,0.000579833984375
grid16,linear_source,57,0,29,0.0005594889322916666
grid16,linear_source,57,1,46,0.0005696614583333334
grid16,linear_source,57,2,47,0.000579833984375
grid16,linear_source,58,0,30,0.0006001790364583334
grid16,linear_source,58,1,31,0.0006103515625
grid16,linear_source,58,2,48,0.0006205240885416666
grid16,linear_source,59,0,30,0.0006001790364583334
grid16,linear_source,59,1,47,0.0006103515625
grid16,linear_source,59,2,48,0.0006205240885416666
grid16,linear_source,60,0,31,0.000640869140625
grid16,linear_source,60,1,32,0.0006510416666666666
grid16,linear_source,60,2,49,0.0006612141927083334
grid16,linear_source,61,0,31,0.000640869140625
grid16,linear_source,61,1,48,0.0006510416666666666
grid16,linear_source,61,2,49,0.0006612141927083334
grid16,linear_source,62,0,32,0.0006815592447916666
grid16,linear_source,62,1,33,0.0006917317708333334
grid16,linear_source,62,2,50,0.000701904296875
grid16,linear_source,63,0,32,0.0006815592447916666
grid16,linear_source,63,1,49,0.0006917317708333334
grid16,linear_source,63,2,50,0.000701904296875
grid16,linear_source,64,0,34,0.00011189778645833333
grid16,linear_source,64,1,35,0.0001220703125
grid16,linear_source,64,2,52,0.00013224283854166666
grid16,linear_source,65,0,34,0.00011189778645833333
grid16,linear_source,65,1,51,0.0001220703125
grid16,linear_source,65,2,52,0.00013224283854166666
grid16,linear_source,66,0,35,0.000152587890625
grid16,linear_source,66,1,36,0.00016276041666666666
grid16,linear_source,66,2,53,0.00017293294270833334
grid16,linear_source,67,0,35,0.000152587890625
grid16,linear_source,67,1,52,0.00016276041666666666
grid16,linear_source,67,2,53,0.00017293294270833334
grid16,linear_source,68,0,36,0.00019327799479166666
grid16,linear_source,68,1,37,0.00020345052083333334
grid16,linear_source,68,2,54,0.000213623046875
grid16,linear_source,69,0,36,0.00019327799479166666
grid16,linear_source,69,1,53,0.00020345052083333334
grid16,linear_source,69,2,54,0.000213623046875
grid16,linear_source,70,0,37,0.00023396809895833334
grid16,linear_source,70,1,38,0.000244140625
grid16,linear_source,70,2,55,0.0002543131510416667
grid16,linear_source,71,0,37,0.00023396809895833334
grid16,linear_source,71,1,54,0.000244140625
grid16,linear_source,71,2,55,0.0002543131510416667
grid16,linear_source,72,0,38,0.000274658203125
grid16,linear_source,72,1,39,0.0002848307291666667
grid16,linear_source,72,2,56,0.0002950032552083333
grid16,linear_source,73,0,38,0.000274658203125
grid16,linear_source,73,1,55,0.0002848307291666667
grid16,linear_source,73,2,56,0.0002950032552083333
grid16,linear_source,74,0,39,0.0003153483072916667
grid16,linear_source,74,1,40,0.0003255208333333333
grid16,linear_source,74,2,57,0.000335693359375
grid16,linear_source,75,0,39,0.0003153483072916667
grid16,linear_source,75,1,56,0.0003255208333333333
grid16,linear_source,75,2,57,0.000335693359375
grid16,linear_source,76,0,40,0.0003560384114583333
grid16,linear_source,76,1,41,0.0003662109375
grid16,linear_source,76,2,58,0.0003763834635416667
grid16,linear_source,77,0,40,0.0003560384114583333
grid16,linear_source,77,1,57,0.0003662109375
grid16,linear_source,77,2,58,0.0003763834635416667
grid16,linear_source,78,0,41,0.000396728515625
grid16,linear_source,78,1,42,0.0004069010416666667
grid16,linear_source,78,2,59,0.0004170735677083333
grid16,linear_source,79,0,41,0.000396728515625
grid16,linear_source,79,1,58,0.0004069010416666667
grid16,linear_source,79,2,59,0.0004170735677083333
grid16,linear_source,80,0,42,0.0004374186197916667
grid16,linear_source,80,1,43,0.0004475911458333333
grid16,linear_source,80,2,60,0.000457763671875
grid16,linear_source,81,0,42,0.0004374186197916667
grid16,linear_source,81,1,59,0.0004475911458333333
grid16,linear_source,81,2,60,0.000457763671875
grid16,linear_source,82,0,43,0.0004781087239583333
grid16,linear_source,82,1,44,0.00048828125
grid16,linear_source,82,2,61,0.0004984537760416666
grid16,linear_source,83,0,43,0.0004781087239583333
grid16,linear_source,83,1,60,0.00048828125
grid16,linear_source,83,2,61,0.0004984537760416666
grid16,linear_source,84,0,44,0.000518798828125
grid16,linear_source,84,1,45,0.0005289713541666666
grid16,linear_source,84,2,62,0.0005391438802083334
grid16,linear_source,85,0,44,0.000518798828125
grid16,linear_source,85,1,61,0.0005289713541666666
grid16,linear_source,85,2,62,0.0005391438802083334
grid16,linear_source,86,0,45,0.0005594889322916666
grid16,linear_source,86,1,46,0.0005696614583333334
grid16,linear_source,86,2,63,0.000579833984375
grid16,linear_source,87,0,45,0.0005594889322916666
grid16,linear_source,87,1,62,0.0005696614583333334
grid16,linear_source,87,2,63,0.000579833984375
grid16,linear_source,88,0,46,0.0006001790364583334
grid16,linear_source,88,1,47,0.0006103515625
grid16,linear_source,88,2,64,0.0006205240885416666
grid16,linear_source,89,0,46,0.0006001790364583334
grid16,linear_source,89,1,63,0.0006103515625
grid16,linear_source,89,2,64,0.0006205240885416666
grid16,linear_source,90,0,47,0.000640869140625
grid16,linear_source,90,1,48,0.0006510416666666666
grid16,linear_source,90,2,65,0.0006612141927083334
grid16,linear_source,91,0,47,0.000640869140625
grid16,linear_source,91,1,64,0.0006510416666666666
grid16,linear_source,91,2,65,0.0006612141927083334
grid16,linear_source,92,0,48,0.0006815592447916666
grid16,linear_source,92,1,49,0.0006917317708333334
grid16,linear_source,92,2,66,0.000701904296875
grid16,linear_source,93,0,48,0.0006815592447916666
grid16,linear_source,93,1,65,0.0006917317708333334
grid16,linear_source,93,2,66,0.000701904296875
grid16,linear_source,94,0,49,0.0007222493489583334
grid16,linear_source,94,1,50,0.000732421875
grid16,linear_source,94,2,67,0.0007425944010416666
grid16,linear_source,95,0,49,0.0007222493489583334
grid16,linear_source,95,1,66,0.000732421875
grid16,linear_source,95,2,67,0.0007425944010416666
grid16,linear_source,96,0,51,0.000152587890625
grid16,linear_source,96,1,52,0.00016276041666666666
grid16,linear_source,96,2,69,0.00017293294270833334
grid16,linear_source,97,0,51,0.000152587890625
grid16,linear_source,97,1,68,0.00016276041666666666
grid16,linear_source,97,2,69,0.00017293294270833334
grid16,linear_source,98,0,52,0.00019327799479166666
grid16,linear_source,98,1,53,0.00020345052083333334
grid16,linear_source,98,2,70,0.000213623046875
grid16,linear_source,99,0,52,0.00019327799479166666
grid16,linear_source,99,1,69,0.00020345052083333334
grid16,linear_source,99,2,70,0.000213623046875
grid16,linear_source,100,0,53,0.00023396809895833334
grid16,linear_source,100,1,54,0.000244140625
grid16,linear_source,100,2,71,0.0002543131510416667
grid16,linear_source,101,0,53,0.00023396809895833334
grid16,linear_source,101,1,70,0.000244140625
grid16,linear_source,101,2,71,0.0002543131510416667
grid16,linear_source,102,0,54,0.000274658203125
grid16,linear_source,102,1,55,0.0002848307291666667
grid16,linear_source,102,2,72,0.0002950032552083333
grid16,linear_source,103,0,54,0.000274658203125
grid16,linear_source,103,1,71,0.0002848307291666667
grid16,linear_source,103,2,72,0.0002950032552083333
grid16,linear_source,104,0,55,0.0003153483072916667
grid16,linear_source,104,1,56,0.0003255208333333333
grid16,linear_source,104,2,73,0.000335693359375
grid16,linear_source,105,0,55,0.0003153483072916667
grid16,linear_source,105,1,72,0.0003255208333333333
grid16,linear_source,105,2,73,0.000335693359375
grid16,linear_source,106,0,56,0.0003560384114583333
grid16,linear_source,106,1,57,0.0003662109375
grid16,linear_source,106,2,74,0.0003763834635416667
grid16,linear_source,107,0,56,0.0003560384114583333
grid16,linear_source,107,1,73,0.0003662109375
grid16,linear_source,107,2,74,0.0003763834635416667
grid16,linear_source,108,0,57,0.000396728515625
grid16,linear_source,108,1,58,0.0004069010416666667
grid16,linear_source,108,2,75,0.0004170735677083333
grid16,linear_source,109,0,57,0.000396728515625
grid16,linear_source,109,1,74,0.0004069010416666667
grid16,linear_source,109,2,75,0.0004170735677083333
grid16,linear_source,110,0,58,0.0004374186197916667
grid16,linear_source,110,1,59,0.0004475911458333333
grid16,linear_source,110,2,76,0.000457763671875
grid16,linear_source,111,0,58,0.0004374186197916667
grid16,linear_source,111,1,75,0.0004475911458333333
grid16,linear_source,111,2,76,0.000457763671875
grid16,linear_source,112,0,59,0.0004781087239583333
grid16,linear_source,112,1,60,0.00048828125
grid16,linear_source,112,2,77,0.0004984537760416666
grid16,linear_source,113,0,59,0.0004781087239583333
grid16,linear_source,113,1,76,0.00048828125
grid16,linear_source,113,2,77,0.0004984537760416666
grid16,linear_source,114,0,60,0.000518798828125
grid16,linear_source,114,1,61,0.0005289713541666666
grid16,linear_source,114,2,78,0.0005391438802083334
grid16,linear_source,115,0,60,0.000518798828125
grid16,linear_source,115,1,77,0.0005289713541666666
grid16,linear_source,115,2,78,0.0005391438802083334
grid16,linear_source,116,0,61,0.0005594889322916666
grid16,linear_source,116,1,62,0.0005696614583333334
grid16,linear_source,116,2,79,0.000579833984375
grid16,linear_source,117,0,61,0.0005594889322916666
grid16,linear_source,117,1,78,0.0005696614583333334
grid16,linear_source,117,2,79,0.000579833984375
grid16,linear_source,118,0,62,0.0006001790364583334
grid16,linear_source,118,1,63,0.0006103515625
grid16,linear_source,118,2,80,0.0006205240885416666
grid16,linear_source,119,0,62,0.0006001790364583334
grid16,linear_source,119,1,79,0.0006103515625
grid16,linear_source,119,2,80,0.0006205240885416666
grid16,linear_source,120,0,63,0.000640869140625
grid16,linear_source,120,1,64,0.0006510416666666666
grid16,linear_source,120,2,81,0.0006612141927083334
grid16,linear_source,121,0,63,0.000640869140625
grid16,linear_source,121,1,80,0.0006510416666666666
grid16,linear_source,121,2,81,0.0006612141927083334
grid16,linear_source,122,0,64,0.0006815592447916666
grid16,linear_source,122,1,65,0.0006917317708333334
grid16,linear_source,122,2,82,0.000701904296875
grid16,linear_source,123,0,64,0.0006815592447916666
grid16,linear_source,123,1,81,0.0006917317708333334
grid16,linear_source,123,2,82,0.000701904296875
grid16,linear_source,124,0,65,0.0007222493489583334
grid16,linear_source,124,1,66,0.000732421875
grid16,linear_source,124,2,83,0.0007425944010416666
grid16,linear_source,125,0,65,0.0007222493489583334
grid16,linear_source,125,1,82,0.000732421875
grid16,linear_source,125,2,83,0.0007425944010416666
grid16,linear_source,126,0,66,0.000762939453125
grid16,linear_source,126,1,67,0.0007731119791666666
grid16,linear_source,126,2,84,0.0007832845052083334
grid16,linear_source,127,0,66,0.000762939453125
grid16,linear_source,127,1,83,0.0007731119791666666
grid16,linear_source,127,2,84,0.0007832845052083334
grid16,linear_source,128,0,68,0.00019327799479166666
grid16,linear_source,128,1,69,0.00020345052083333334
grid16,linear_source,128,2,86,0.000213623046875
grid16,linear_source,129,0,68,0.00019327799479166666
grid16,linear_source,129,1,85,0.00020345052083333334
grid16,linear_source,129,2,86,0.000213623046875
grid16,linear_source,130,0,69,0.00023396809895833334
grid16,linear_source,130,1,70,0.000244140625
grid16,linear_source,130,2,87,0.0002543131510416667
grid16,linear_source,131,0,69,0.00023396809895833334
grid16,linear_source,131,1,86,0.000244140625
grid16,linear_source,131,2,87,0.0002543131510416667
grid16,linear_source,132,0,70,0.000274658203125
grid16,linear_source,132,1,71,0.0002848307291666667
grid16,linear_source,132,2,88,0.0002950032552083333
grid16,linear_source,133,0,70,0.000274658203125
grid16,linear_source,133,1,87,0.0002848307291666667
grid16,linear_source,133,2,88,0.0002950032552083333
grid16,linear_source,134,0,71,0.0003153483072916667
grid16,linear_source,134,1,72,0.0003255208333333333
grid16,linear_source,134,2,89,0.000335693359375
grid16,linear_source,135,0,71,0.0003153483072916667
grid16,linear_source,135,1,88,0.0003255208333333333
grid16,linear_source,135,2,89,0.000335693359375
grid16,linear_source,136,0,72,0.0003560384114583333
grid16,linear_source,136,1,73,0.0003662109375
grid16,linear_source,136,2,90,0.0003763834635416667
grid16,linear_source,137,0,72,0.0003560384114583333
grid16,linear_source,137,1,89,0.0003662109375
grid16,linear_source,137,2,90,0.0003763834635416667
grid16,linear_source,138,0,73,0.000396728515625
grid16,linear_source,138,1,74,0.0004069010416666667
grid16,linear_source,138,2,91,0.0004170735677083333
grid16,linear_source,139,0,73,0.000396728515625
grid16,linear_source,139,1,90,0.0004069010416666667
grid16,linear_source,139,2,91,0.0004170735677083333
grid16,linear_source,140,0,74,0.0004374186197916667
grid16,linear_source,140,1,75,0.0004475911458333333
grid16,linear_source,140,2,92,0.000457763671875
grid16,linear_source,141,0,74,0.0004374186197916667
grid16,linear_source,141,1,91,0.0004475911458333333
grid16,linear_source,141,2,92,0.000457763671875
grid16,linear_source,142,0,75,0.0004781087239583333
grid16,linear_source,142,1,76,0.00048828125
grid16,linear_source,142,2,93,0.0004984537760416666
grid16,linear_source,143,0,75,0.0004781087239583333
grid16,linear_source,143,1,92,0.00048828125
grid16,linear_source,143,2,93,0.0004984537760416666
grid16,linear_source,144,0,76,0.000518798828125
grid16,linear_source,144,1,77,0.0005289713541666666
grid16,linear_source,144,2,94,0.0005391438802083334
grid16,linear_source,145,0,76,0.000518798828125
grid16,linear_source,145,1,93,0.0005289713541666666
grid16,linear_source,145,2,94,0.0005391438802083334
grid16,linear_source,146,0,77,0.0005594889322916666
grid16,linear_source,146,1,78,0.0005696614583333334
grid16,linear_source,146,2,95,0.000579833984375
grid16,linear_source,147,0,77,0.0005594889322916666
grid16,linear_source,147,1,94,0.0005696614583333334
grid16,linear_source,147,2,95,0.000579833984375
grid16,linear_source,148,0,78,0.0006001790364583334
grid16,linear_source,148,1,79,0.0006103515625
grid16,linear_source,148,2,96,0.0006205240885416666
grid16,linear_source,149,0,78,0.0006001790364583334
grid16,linear_source,149,1,95,0.0006103515625
grid16,linear_source,149,2,96,0.0006205240885416666
grid16,linear_source,150,0,79,0.000640869140625
grid16,linear_source,150,1,80,0.0006510416666666666
grid16,linear_source,150,2,97,0.0006612141927083334
grid16,linear_source,151,0,79,0.000640869140625
grid16,linear_source,151,1,96,0.0006510416666666666
grid16,linear_source,151,2,97,0.0006612141927083334
grid16,linear_source,152,0,80,0.0006815592447916666
grid16,linear_source,152,1,81,0.0006917317708333334
grid16,linear_source,152,2,98,0.000701904296875
grid16,linear_source,153,0,80,0.0006815592447916666
grid16,linear_source,153,1,97,0.0006917317708333334
grid16,linear_source,153,2,98,0.000701904296875
grid16,linear_source,154,0,81,0.0007222493489583334
grid16,linear_source,154,1,82,0.000732421875
grid16,linear_source,154,2,99,0.0007425944010416666
grid16,linear_source,155,0,81,0.0007222493489583334
grid16,linear_source,155,1,98,0.000732421875
grid16,linear_source,155,2,99,0.0007425944010416666
grid16,linear_source,156,0,82,0.000762939453125
grid16,linear_source,156,1,83,0.0007731119791666666
grid16,linear_source,156,2,100,0.0007832845052083334
grid16,linear_source,157,0,82,0.000762939453125
grid16,linear_source,157,1,99,0.0007731119791666666
grid16,linear_source,157,2,100,0.0007832845052083334
grid16,linear_source,158,0,83,0.0008036295572916666
grid16,linear_source,158,1,84,0.0008138020833333334
grid16,linear_source,158,2,101,0.000823974609375
grid16,linear_source,159,0,83,0.0008036295572916666
grid16,linear_source,159,1,100,0.0008138020833333334
grid16,linear_source,159,2,101,0.000823974609375
grid16,linear_source,160,0,85,0.00023396809895833334
grid16,linear_source,160,1,86,0.000244140625
grid16,linear_source,160,2,103,0.0002543131510416667
grid16,linear_source,161,0,85,0.00023396809895833334
grid16,linear_source,161,1,102,0.000244140625
grid16,linear_source,161,2,103,0.0002543131510416667
grid16,linear_source,162,0,86,0.000274658203125
grid16,linear_source,162,1,87,0.0002848307291666667
grid16,linear_source,162,2,104,0.0002950032552083333
grid16,linear_source,163,0,86,0.000274658203125
grid16,linear_source,163,1,103,0.0002848307291666667
grid16,linear_source,163,2,104,0.0002950032552083333
grid16,linear_source,164,0,87,0.0003153483072916667
grid16,linear_source,164,1,88,0.0003255208333333333
grid16,linear_source,164,2,105,0.000335693359375
grid16,linear_source,165,0,87,0.0003153483072916667
grid16,linear_source,165,1,104,0.0003255208333333333
grid16,linear_source,165,2,105,0.000335693359375
grid16,linear_source,166,0,88,0.0003560384114583333
grid16,linear_source,166,1,89,0.0003662109375
grid16,linear_source,166,2,106,0.0003763834635416667
grid16,linear_source,167,0,88,0.0003560384114583333
grid16,linear_source,167,1,105,0.0003662109375
grid16,linear_source,167,2,106,0.0003763834635416667
grid16,linear_source,168,0,89,0.000396728515625
grid16,linear_source,168,1,90,0.0004069010416666667
grid16,linear_source,168,2,107,0.0004170735677083333
grid16,linear_source,169,0,89,0.000396728515625
grid16,linear_source,169,1,106,0.0004069010416666667
grid16,linear_source,169,2,107,0.0004170735677083333
grid16,linear_source,170,0,90,0.0004374186197916667
grid16,linear_source,170,1,91,0.0004475911458333333
grid16,linear_source,170,2,108,0.000457763671875
grid16,linear_source,171,0,90,0.0004374186197916667
grid16,linear_source,171,1,107,0.0004475911458333333
grid16,linear_source,171,2,108,0.000457763671875
grid16,linear_source,172,0,91,0.0004781087239583333
grid16,linear_source,172,1,92,0.00048828125
grid16,linear_source,172,2,109,0.0004984537760416666
grid16,linear_source,173,0,91,0.0004781087239583333
grid16,linear_source,173,1,108,0.00048828125
grid16,linear_source,173,2,109,0.0004984537760416666
grid16,linear_source,174,0,92,0.000518798828125
grid16,linear_source,174,1,93,0.0005289713541666666
grid16,linear_source,174,2,110,0.0005391438802083334
grid16,linear_source,175,0,92,0.000518798828125
grid16,linear_source,175,1,109,0.0005289713541666666
grid16,linear_source,175,2,110,0.0005391438802083334
grid16,linear_source,176,0,93,0.0005594889322916666
grid16,linear_source,176,1,94,0.0005696614583333334
grid16,linear_source,176,2,111,0.000579833984375
grid16,linear_source,177,0,93,0.0005594889322916666
grid16,linear_source,177,1,110,0.0005696614583333334
grid16,linear_source,177,2,111,0.000579833984375
grid16,linear_source,178,0,94,0.0006001790364583334
grid16,linear_source,178,1,95,0.0006103515625
grid16,linear_source,178,2,112,0.0006205240885416666
grid16,linear_source,179,0,94,0.0006001790364583334
grid16,linear_source,179,1,111,0.0006103515625
grid16,linear_source,179,2,112,0.0006205240885416666
grid16,linear_source,180,0,95,0.000640869140625
grid16,linear_source,180,1,96,0.0006510416666666666
grid16,linear_source,180,2,113,0.0006612141927083334
grid16,linear_source,181,0,95,0.000640869140625
grid16,linear_source,181,1,112,0.0006510416666666666
grid16,linear_source,181,2,113,0.0006612141927083334
grid16,linear_source,182,0,96,0.0006815592447916666
grid16,linear_source,182,1,97,0.0006917317708333334
grid16,linear_source,182,2,114,0.000701904296875
grid16,linear_source,183,0,96,0.0006815592447916666
grid16,linear_source,183,1,113,0.0006917317708333334
grid16,linear_source,183,2,114,0.000701904296875
grid16,linear_source,184,0,97,0.0007222493489583334
grid16,linear_source,184,1,98,0.000732421875
grid16,linear_source,184,2,115,0.0007425944010416666
grid16,linear_source,185,0,97,0.0007222493489583334
grid16,linear_source,185,1,114,0.000732421875
grid16,linear_source,185,2,115,0.0007425944010416666
grid16,linear_source,186,0,98,0.000762939453125
grid16,linear_source,186,1,99,0.0007731119791666666
grid16,linear_source,186,2,116,0.0007832845052083334
grid16,linear_source,187,0,98,0.000762939453125
grid16,linear_source,187,1,115,0.0007731119791666666
grid16,linear_source,187,2,116,0.0007832845052083334
grid16,linear_source,188,0,99,0.0008036295572916666
grid16,linear_source,188,1,100,0.0008138020833333334
grid16,linear_source,188,2,117,0.000823974609375
grid16,linear_source,189,0,99,0.0008036295572916666
grid16,linear_source,189,1,116,0.0008138020833333334
grid16,linear_source,189,2,117,0.000823974609375
grid16,linear_source,190,0,100,0.0008443196614583334
grid16,linear_source,190,1,101,0.0008544921875
grid16,linear_source,190,2,118,0.0008646647135416666
grid16,linear_source,191,0,100,0.0008443196614583334
grid16,linear_source,191,1,117,0.0008544921875
grid16,linear_source,191,2,118,0.0008646647135416666
grid16,linear_source,192,0,102,0.000274658203125
grid16,linear_source,192,1,103,0.0002848307291666667
grid16,linear_source,192,2,120,0.0002950032552083333
grid16,linear_source,193,0,102,0.000274658203125
grid16,linear_source,193,1,119,0.0002848307291666667
grid16,linear_source,193,2,120,0.0002950032552083333
grid16,linear_source,194,0,103,0.0003153483072916667
grid16,linear_source,194,1,104,0.0003255208333333333
grid16,linear_source,194,2,121,0.000335693359375
grid16,linear_source,195,0,103,0.0003153483072916667
grid16,linear_source,195,1,120,0.0003255208333333333
grid16,linear_source,195,2,121,0.000335693359375
grid16,linear_source,196,0,104,0.0003560384114583333
grid16,linear_source,196,1,105,0.0003662109375
grid16,linear_source,196,2,122,0.0003763834635416667
grid16,linear_source,197,0,104,0.0003560384114583333
grid16,linear_source,197,1,121,0.0003662109375
grid16,linear_source,197,2,122,0.0003763834635416667
grid16,linear_source,198,0,105,0.000396728515625
grid16,linear_source,198,1,106,0.0004069010416666667
grid16,linear_source,198,2,123,0.0004170735677083333
grid16,linear_source,199,0,105,0.000396728515625
grid16,linear_source,199,1,122,0.0004069010416666667
grid16,linear_source,199,2,123,0.0004170735677083333
grid16,linear_source,200,0,106,0.0004374186197916667
grid16,linear_source,200,1,107,0.0004475911458333333
grid16,linear_source,200,2,124,0.000457763671875
grid16,linear_source,201,0,106,0.0004374186197916667
grid16,linear_source,201,1,123,0.0004475911458333333
grid16,linear_source,201,2,124,0.000457763671875
grid16,linear_source,202,0,107,0.0004781087239583333
grid16,linear_source,202,1,108,0.00048828125
grid16,linear_source,202,2,125,0.0004984537760416666
grid16,linear_source,203,0,107,0.0004781087239583333
grid16,linear_source,203,1,124,0.00048828125
grid16,linear_source,203,2,125,0.0004984537760416666
grid16,linear_source,204,0,108,0.000518798828125
grid16,linear_source,204,1,109,0.0005289713541666666
grid16,linear_source,204,2,126,0.0005391438802083334
grid16,linear_source,205,0,108,0.000518798828125
grid16,linear_source,205,1,125,0.0005289713541666666
grid16,linear_source,205,2,126,0.0005391438802083334
grid16,linear_source,206,0,109,0.0005594889322916666
grid16,linear_source,206,1,110,0.0005696614583333334
grid16,linear_source,206,2,127,0.000579833984375
grid16,linear_source,207,0,109,0.0005594889322916666
grid16,linear_source,207,1,126,0.0005696614583333334
grid16,linear_source,207,2,127,0.000579833984375
grid16,linear_source,208,0,110,0.0006001790364583334
grid16,linear_source,208,1,111,0.0006103515625
grid16,linear_source,208,2,128,0.0006205240885416666
grid16,linear_source,209,0,110,0.0006001790364583334
grid16,linear_source,209,1,127,0.0006103515625
grid16,linear_source,209,2,128,0.0006205240885416666
grid16,linear_source,210,0,111,0.000640869140625
grid16,linear_source,210,1,112,0.0006510416666666666
grid16,linear_source,210,2,129,0.0006612141927083334
grid16,linear_source,211,0,111,0.000640869140625
grid16,linear_source,211,1,128,0.0006510416666666666
grid16,linear_source,211,2,129,0.0006612141927083334
grid16,linear_source,212,0,112,0.0006815592447916666
grid16,linear_source,212,1,113,0.0006917317708333334
grid16,linear_source,212,2,130,0.000701904296875
grid16,linear_source,213,0,112,0.0006815592447916666
grid16,linear_source,213,1,129,0.0006917317708333334
grid16,linear_source,213,2,130,0.000701904296875
grid16,linear_source,214,0,113,0.0007222493489583334
grid16,linear_source,214,1,114,0.000732421875
grid16,linear_source,214,2,131,0.0007425944010416666
grid16,linear_source,215,0,113,0.0007222493489583334
grid16,linear_source,215,1,130,0.000732421875
grid16,linear_source,215,2,131,0.0007425944010416666
grid16,linear_source,216,0,114,0.000762939453125
grid16,linear_source,216,1,115,0.0007731119791666666
grid16,linear_source,216,2,132,0.0007832845052083334
grid16,linear_source,217,0,114,0.000762939453125
grid16,linear_source,217,1,131,0.0007731119791666666
grid16,linear_source,217,2,132,0.0007832845052083334
grid16,linear_source,218,0,115,0.0008036295572916666
grid16,linear_source,218,1,116,0.0008138020833333334
grid16,linear_source,218,2,133,0.000823974609375
grid16,linear_source,219,0,115,0.0008036295572916666
grid16,linear_source,219,1,132,0.0008138020833333334
grid16,linear_source,219,2,133,0.000823974609375
grid16,linear_source,220,0,116,0.0008443196614583334
grid16,linear_source,220,1,117,0.0008544921875
grid16,linear_source,220,2,134,0.0008646647135416666
grid16,linear_source,221,0,116,0.0008443196614583334
grid16,linear_source,221,1,133,0.0008544921875
grid16,linear_source,221,2,134,0.0008646647135416666
grid16,linear_source,222,0,117,0.000885009765625
grid16,linear_source,222,1,118,0.0008951822916666666
grid16,linear_source,222,2,135,0.0009053548177083334
grid16,linear_source,223,0,117,0.000885009765625
grid16,linear_source,223,1,134,0.0008951822916666666
grid16,linear_source,223,2,135,0.0009053548177083334
grid16,linear_source,224,0,119,0.0003153483072916667
grid16,linear_source,224,1,120,0.0003255208333333333
grid16,linear_source,224,2,137,0.000335693359375
grid16,linear_source,225,0,119,0.0003153483072916667
grid16,linear_source,225,1,136,0.0003255208333333333
grid16,linear_source,225,2,137,0.000335693359375
grid16,linear_source,226,0,120,0.0003560384114583333
grid16,linear_source,226,1,121,0.0003662109375
grid16,linear_source,226,2,138,0.0003763834635416667
grid16,linear_source,227,0,120,0.0003560384114583333
grid16,linear_source,227,1,137,0.0003662109375
grid16,linear_source,227,2,138,0.0003763834635416667
grid16,linear_source,228,0,121,0.000396728515625
grid16,linear_source,228,1,122,0.0004069010416666667
grid16,linear_source,228,2,139,0.0004170735677083333
grid16,linear_source,229,0,121,0.000396728515625
grid16,linear_source,229,1,138,0.0004069010416666667
grid16,linear_source,229,2,139,0.0004170735677083333
grid16,linear_source,230,0,122,0.0004374186197916667
grid16,linear_source,230,1,123,0.0004475911458333333
grid16,linear_source,230,2,140,0.000457763671875
grid16,linear_source,231,0,122,0.0004374186197916667
grid16,linear_source,231,1,139,0.0004475911458333333
grid16,linear_source,231,2,140,0.000457763671875
grid16,linear_source,232,0,123,0.0004781087239583333
grid16,linear_source,232,1,124,0.00048828125
grid16,linear_source,232,2,141,0.0004984537760416666
grid16,linear_source,233,0,123,0.0004781087239583333
grid16,linear_source,233,1,140,0.00048828125
grid16,linear_source,233,2,141,0.0004984537760416666
grid16,linear_source,234,0,124,0.000518798828125
grid16,linear_source,234,1,125,0.0005289713541666666
grid16,linear_source,234,2,142,0.0005391438802083334
grid16,linear_source,235,0,124,0.000518798828125
grid16,linear_source,235,1,141,0.0005289713541666666
grid16,linear_source,235,2,142,0.0005391438802083334
grid16,linear_source,236,0,125,0.0005594889322916666
grid16,linear_source,236,1,126,0.0005696614583333334
grid16,linear_source,236,2,143,0.000579833984375
grid16,linear_source,237,0,125,0.0005594889322916666
grid16,linear_source,237,1,142,0.0005696614583333334
grid16,linear_source,237,2,143,0.000579833984375
grid16,linear_source,238,0,126,0.0006001790364583334
grid16,linear_source,238,1,127,0.0006103515625
grid16,linear_source,238,2,144,0.0006205240885416666
grid16,linear_source,239,0,126,0.0006001790364583334
grid16,linear_source,239,1,143,0.0006103515625
grid16,linear_source,239,2,144,0.0006205240885416666
grid16,linear_source,240,0,127,0.000640869140625
grid16,linear_source,240,1,128,0.0006510416666666666
grid16,linear_source,240,2,145,0.0006612141927083334
grid16,linear_source,241,0,127,0.000640869140625
grid16,linear_source,241,1,144,0.0006510416666666666
grid16,linear_source,241,2,145,0.0006612141927083334
grid16,linear_source,242,0,128,0.0006815592447916666
grid16,linear_source,242,1,129,0.0006917317708333334
grid16,linear_source,242,2,146,0.000701904296875
grid16,linear_source,243,0,128,0.0006815592447916666
grid16,linear_source,243,1,145,0.0006917317708333334
grid16,linear_source,243,2,146,0.000701904296875
grid16,linear_source,244,0,129,0.0007222493489583334
grid16,linear_source,244,1,130,0.000732421875
grid16,linear_source,244,2,147,0.0007425944010416666
grid16,linear_source,245,0,129,0.0007222493489583334
grid16,linear_source,245,1,146,0.000732421875
grid16,linear_source,245,2,147,0.0007425944010416666
grid16,linear_source,246,0,130,0.000762939453125
grid16,linear_source,246,1,131,0.0007731119791666666
grid16,linear_source,246,2,148,0.0007832845052083334
grid16,linear_source,247,0,130,0.000762939453125
grid16,linear_source,247,1,147,0.0007731119791666666
grid16,linear_source,247,2,148,0.0007832845052083334
grid16,linear_source,248,0,131,0.0008036295572916666
grid16,linear_source,248,1,132,0.0008138020833333334
grid16,linear_source,248,2,149,0.000823974609375
grid16,linear_source,249,0,131,0.0008036295572916666
grid16,linear_source,249,1,148,0.0008138020833333334
grid16,linear_source,249,2,149,0.000823974609375
grid16,linear_source,250,0,132,0.0008443196614583334
grid16,linear_source,250,1,133,0.0008544921875
grid16,linear_source,250,2,150,0.0008646647135416666
grid16,linear_source,251,0,132,0.0008443196614583334
grid16,linear_source,251,1,149,0.0008544921875
grid16,linear_source,251,2,150,0.0008646647135416666
grid16,linear_source,252,0,133,0.000885009765625
grid16,linear_source,252,1,134,0.0008951822916666666
grid16,linear_source,252,2,151,0.0009053548177083334
grid16,linear_source,253,0,133,0.000885009765625
grid16,linear_source,253,1,150,0.0008951822916666666
grid16,linear_source,253,2,151,0.0009053548177083334
grid16,linear_source,254,0,134,0.0009256998697916666
grid16,linear_source,254,1,135,0.0009358723958333334
grid16,linear_source,254,2,152,0.000946044921875
grid16,linear_source,255,0,134,0.0009256998697916666
grid16,linear_source,255,1,151,0.0009358723958333334
grid16,linear_source,255,2,152,0.000946044921875
grid16,linear_source,256,0,136,0.0003560384114583333
grid16,linear_source,256,1,137,0.0003662109375
grid16,linear_source,256,2,154,0.0003763834635416667
grid16,linear_source,257,0,136,0.0003560384114583333
grid16,linear_source,257,1,153,0.0003662109375
grid16,linear_source,257,2,154,0.0003763834635416667
grid16,linear_source,258,0,137,0.000396728515625
grid16,linear_source,258,1,138,0.0004069010416666667
grid16,linear_source,258,2,155,0.0004170735677083333
grid16,linear_source,259,0,137,0.000396728515625
grid16,linear_source,259,1,154,0.0004069010416666667
grid16,linear_source,259,2,155,0.0004170735677083333
grid16,linear_source,260,0,138,0.0004374186197916667
grid16,linear_source,260,1,139,0.0004475911458333333
grid16,linear_source,260,2,156,0.000457763671875
grid16,linear_source,261,0,138,0.0004374186197916667
grid16,linear_source,261,1,155,0.0004475911458333333
grid16,linear_source,261,2,156,0.000457763671875
grid16,linear_source,262,0,139,0.0004781087239583333
grid16,linear_source,262,1,140,0.00048828125
grid16,linear_source,262,2,157,0.0004984537760416666
grid16,linear_source,263,0,139,0.0004781087239583333
grid16,linear_source,263,1,156,0.00048828125
grid16,linear_source,263,2,157,0.0004984537760416666
grid16,linear_source,264,0,140,0.000518798828125
grid16,linear_source,264,1,141,0.0005289713541666666
grid16,linear_source,264,2,158,0.0005391438802083334
grid16,linear_source,265,0,140,0.000518798828125
grid16,linear_source,265,1,157,0.0005289713541666666
grid16,linear_source,265,2,158,0.0005391438802083334
grid16,linear_source,266,0,141,0.0005594889322916666
grid16,linear_source,266,1,142,0.0005696614583333334
grid16,linear_source,266,2,159,0.000579833984375
grid16,linear_source,267,0,141,0.0005594889322916666
grid16,linear_source,267,1,158,0.0005696614583333334
grid16,linear_source,267,2,159,0.000579833984375
grid16,linear_source,268,0,142,0.0006001790364583334
grid16,linear_source,268,1,143,0.0006103515625
grid16,linear_source,268,2,160,0.0006205240885416666
grid16,linear_source,269,0,142,0.0006001790364583334
grid16,linear_source,269,1,159,0.0006103515625
grid16,linear_source,269,2,160,0.0006205240885416666
grid16,linear_source,270,0,143,0.000640869140625
grid16,linear_source,270,1,144,0.0006510416666666666
grid16,linear_source,270,2,161,0.0006612141927083334
grid16,linear_source,271,0,143,0.000640869140625
grid16,linear_source,271,1,160,0.0006510416666666666
grid16,linear_source,271,2,161,0.0006612141927083334
grid16,linear_source,272,0,144,0.0006815592447916666
grid16,linear_source,272,1,145,0.0006917317708333334
grid16,linear_source,272,2,162,0.000701904296875
grid16,linear_source,273,0,144,0.0006815592447916666
grid16,linear_source,273,1,161,0.0006917317708333334
grid16,linear_source,273,2,162,0.000701904296875
grid16,linear_source,274,0,145,0.0007222493489583334
grid16,linear_source,274,1,146,0.000732421875
grid16,linear_source,274,2,163,0.0007425944010416666
grid16,linear_source,275,0,145,0.0007222493489583334
grid16,linear_source,275,1,162,0.000732421875
grid16,linear_source,275,2,163,0.0007425944010416666
grid16,linear_source,276,0,146,0.000762939453125
grid16,linear_source,276,1,147,0.0007731119791666666
grid16,linear_source,276,2,164,0.0007832845052083334
grid16,linear_source,277,0,146,0.000762939453125
grid16,linear_source,277,1,163,0.0007731119791666666
grid16,linear_source,277,2,164,0.0007832845052083334
grid16,linear_source,278,0,147,0.0008036295572916666
grid16,linear_source,278,1,148,0.0008138020833333334
grid16,linear_source,278,2,165,0.000823974609375
grid16,linear_source,279,0,147,0.0008036295572916666
grid16,linear_source,279,1,164,0.0008138020833333334
grid16,linear_source,279,2,165,0.000823974609375
grid16,linear_source,280,0,148,0.0008443196614583334
grid16,linear_source,280,1,149,0.0008544921875
grid16,linear_source,280,2,166,0.0008646647135416666
grid16,linear_source,281,0,148,0.0008443196614583334
grid16,linear_source,281,1,165,0.0008544921875
grid16,linear_source,281,2,166,0.0008646647135416666
grid16,linear_source,282,0,149,0.000885009765625
grid16,linear_source,282,1,150,0.0008951822916666666
grid16,linear_source,282,2,167,0.0009053548177083334
grid16,linear_source,283,0,149,0.000885009765625
grid16,linear_source,283,1,166,0.0008951822916666666
grid16,linear_source,283,2,167,0.0009053548177083334
grid16,linear_source,284,0,150,0.0009256998697916666
grid16,linear_source,284,1,151,0.0009358723958333334
grid16,linear_source,284,2,168,0.000946044921875
grid16,linear_source,285,0,150,0.0009256998697916666
grid16,linear_source,285,1,167,0.0009358723958333334
grid16,linear_source,285,2,168,0.000946044921875
grid16,linear_source,286,0,151,0.0009663899739583334
grid16,linear_source,286,1,152,0.0009765625
grid16,linear_source,286,2,169,0.0009867350260416667
grid16,linear_source,287,0,151,0.0009663899739583334
grid16,linear_source,287,1,168,0.0009765625
grid16,linear_source,287,2,169,0.0009867350260416667
grid16,linear_source,288,0,153,0.000396728515625
grid16,linear_source,288,1,154,0.0004069010416666667
grid16,linear_source,288,2,171,0.0004170735677083333
grid16,linear_source,289,0,153,0.000396728515625
grid16,linear_source,289,1,170,0.0004069010416666667
grid16,linear_source,289,2,171,0.0004170735677083333
grid16,linear_source,290,0,154,0.0004374186197916667
grid16,linear_source,290,1,155,0.0004475911458333333
grid16,linear_source,290,2,172,0.000457763671875
grid16,linear_source,291,0,154,0.0004374186197916667
grid16,linear_source,291,1,171,0.0004475911458333333
grid16,linear_source,291,2,172,0.000457763671875
grid16,linear_source,292,0,155,0.0004781087239583333
grid16,linear_source,292,1,156,0.00048828125
grid16,linear_source,292,2,173,0.0004984537760416666
grid16,linear_source,293,0,155,0.0004781087239583333
grid16,linear_source,293,1,172,0.00048828125
grid16,linear_source,293,2,173,0.0004984537760416666
grid16,linear_source,294,0,156,0.000518798828125
grid16,linear_source,294,1,157,0.0005289713541666666
grid16,linear_source,294,2,174,0.0005391438802083334
grid16,linear_source,295,0,156,0.000518798828125
grid16,linear_source,295,1,173,0.0005289713541666666
grid16,linear_source,295,2,174,0.0005391438802083334
grid16,linear_source,296,0,157,0.0005594889322916666
grid16,linear_source,296,1,158,0.0005696614583333334
grid16,linear_source,296,2,175,0.000579833984375
grid16,linear_source,297,0,157,0.0005594889322916666
grid16,linear_source,297,1,174,0.0005696614583333334
grid16,linear_source,297,2,175,0.000579833984375
grid16,linear_source,298,0,158,0.0006001790364583334
grid16,linear_source,298,1,159,0.0006103515625
grid16,linear_source,298,2,176,0.0006205240885416666
grid16,linear_source,299,0,158,0.0006001790364583334
grid16,linear_source,299,1,175,0.0006103515625
grid16,linear_source,299,2,176,0.0006205240885416666
grid16,linear_source,300,0,159,0.000640869140625
grid16,linear_source,300,1,160,0.0006510416666666666
grid16,linear_source,300,2,177,0.0006612141927083334
grid16,linear_source,301,0,159,0.000640869140625
grid16,linear_source,301,1,176,0.0006510416666666666
grid16,linear_source,301,2,177,0.0006612141927083334
grid16,linear_source,302,0,160,0.0006815592447916666
grid16,linear_source,302,1,161,0.0006917317708333334
grid16,linear_source,302,2,178,0.000701904296875
grid16,linear_source,303,0,160,0.0006815592447916666
grid16,linear_source,303,1,177,0.0006917317708333334
grid16,linear_source,303,2,178,0.000701904296875
grid16,linear_source,304,0,161,0.0007222493489583334
grid16,linear_source,304,1,162,0.000732421875
grid16,linear_source,304,2,179,0.0007425944010416666
grid16,linear_source,305,0,161,0.0007222493489583334
grid16,linear_source,305,1,178,0.000732421875
grid16,linear_source,305,2,179,0.0007425944010416666
grid16,linear_source,306,0,162,0.000762939453125
grid16,linear_source,306,1,163,0.0007731119791666666
grid16,linear_source,306,2,180,0.0007832845052083334
grid16,linear_source,307,0,162,0.000762939453125
grid16,linear_source,307,1,179,0.0007731119791666666
grid16,linear_source,307,2,180,0.0007832845052083334
grid16,linear_source,308,0,163,0.0008036295572916666
grid16,linear_source,308,1,164,0.0008138020833333334
grid16,linear_source,308,2,181,0.000823974609375
grid16,linear_source,309,0,163,0.0008036295572916666
grid16,linear_source,309,1,180,0.0008138020833333334
grid16,linear_source,309,2,181,0.000823974609375
grid16,linear_source,310,0,164,0.0008443196614583334
grid16,linear_source,310,1,165,0.0008544921875
grid16,linear_source,310,2,182,0.0008646647135416666
grid16,linear_source,311,0,164,0.0008443196614583334
grid16,linear_source,311,1,181,0.0008544921875
grid16,linear_source,311,2,182,0.0008646647135416666
grid16,linear_source,312,0,165,0.000885009765625
grid16,linear_source,312,1,166,0.0008951822916666666
grid16,linear_source,312,2,183,0.0009053548177083334
grid16,linear_source,313,0,165,0.000885009765625
grid16,linear_source,313,1,182,0.0008951822916666666
grid16,linear_source,313,2,183,0.0009053548177083334
grid16,linear_source,314,0,166,0.0009256998697916666
grid16,linear_source,314,1,167,0.0009358723958333334
grid16,linear_source,314,2,184,0.000946044921875
grid16,linear_source,315,0,166,0.0009256998697916666
grid16,linear_source,315,1,183,0.0009358723958333334
grid16,linear_source,315,2,184,0.000946044921875
grid16,linear_source,316,0,167,0.0009663899739583334
grid16,linear_source,316,1,168,0.0009765625
grid16,linear_source,316,2,185,0.0009867350260416667
grid16,linear_source,317,0,167,0.0009663899739583334
grid16,linear_source,317,1,184,0.0009765625
grid16,linear_source,317,2,185,0.0009867350260416667
grid16,linear_source,318,0,168,0.001007080078125
grid16,linear_source,318,1,169,0.0010172526041666667
grid16,linear_source,318,2,186,0.0010274251302083333
grid16,linear_source,319,0,168,0.001007080078125
grid16,linear_source,319,1,185,0.0010172526041666667
grid16,linear_source,319,2,186,0.0010274251302083333
grid16,linear_source,320,0,170,0.0004374186197916667
grid16,linear_source,320,1,171,0.0004475911458333333
grid16,linear_source,320,2,188,0.000457763671875
grid16,linear_source,321,0,170,0.0004374186197916667
grid16,linear_source,321,1,187,0.0004475911458333333
grid16,linear_source,321,2,188,0.000457763671875
grid16,linear_source,322,0,171,0.0004781087239583333
grid16,linear_source,322,1,172,0.00048828125
grid16,linear_source,322,2,189,0.0004984537760416666
grid16,linear_source,323,0,171,0.0004781087239583333
grid16,linear_source,323,1,188,0.00048828125
grid16,linear_source,323,2,189,0.0004984537760416666
grid16,linear_source,324,0,172,0.000518798828125
grid16,linear_source,324,1,173,0.0005289713541666666
grid16,linear_source,324,2,190,0.0005391438802083334
grid16,linear_source,325,0,172,0.000518798828125
grid16,linear_source,325,1,189,0.0005289713541666666
grid16,linear_source,325,2,190,0.0005391438802083334
grid16,linear_source,326,0,173,0.0005594889322916666
grid16,linear_source,326,1,174,0.0005696614583333334
grid16,linear_source,326,2,191,0.000579833984375
grid16,linear_source,327,0,173,0.0005594889322916666
grid16,linear_source,327,1,190,0.0005696614583333334
grid16,linear_source,327,2,191,0.000579833984375
grid16,linear_source,328,0,174,0.0006001790364583334
grid16,linear_source,328,1,175,0.0006103515625
grid16,linear_source,328,2,192,0.0006205240885416666
grid16,linear_source,329,0,174,0.0006001790364583334
grid16,linear_source,329,1,191,0.0006103515625
grid16,linear_source,329,2,192,0.0006205240885416666
grid16,linear_source,330,0,175,0.000640869140625
grid16,linear_source,330,1,176,0.0006510416666666666
grid16,linear_source,330,2,193,0.0006612141927083334
grid16,linear_source,331,0,175,0.000640869140625
grid16,linear_source,331,1,192,0.0006510416666666666
grid16,linear_source,331,2,193,0.0006612141927083334
grid16,linear_source,332,0,176,0.0006815592447916666
grid16,linear_source,332,1,177,0.0006917317708333334
grid16,linear_source,332,2,194,0.000701904296875
grid16,linear_source,333,0,176,0.0006815592447916666
grid16,linear_source,333,1,193,0.0006917317708333334
grid16,linear_source,333,2,194,0.000701904296875
grid16,linear_source,334,0,177,0.0007222493489583334
grid16,linear_source,334,1,178,0.000732421875
grid16,linear_source,334,2,195,0.0007425944010416666
grid16,linear_source,335,0,177,0.0007222493489583334
grid16,linear_source,335,1,194,0.000732421875
grid16,linear_source,335,2,195,0.0007425944010416666
grid16,linear_source,336,0,178,0.000762939453125
grid16,linear_source,336,1,179,0.0007731119791666666
grid16,linear_source,336,2,196,0.0007832845052083334
grid16,linear_source,337,0,178,0.000762939453125
grid16,linear_source,337,1,195,0.0007731119791666666
grid16,linear_source,337,2,196,0.0007832845052083334
grid16,linear_source,338,0,179,0.0008036295572916666
grid16,linear_source,338,1,180,0.0008138020833333334
grid16,linear_source,338,2,197,0.000823974609375
grid16,linear_source,339,0,179,0.0008036295572916666
grid16,linear_source,339,1,196,0.0008138020833333334
grid16,linear_source,339,2,197,0.000823974609375
grid16,linear_source,340,0,180,0.0008443196614583334
grid16,linear_source,340,1,181,0.0008544921875
grid16,linear_source,340,2,198,0.0008646647135416666
grid16,linear_source,341,0,180,0.0008443196614583334
grid16,linear_source,341,1,197,0.0008544921875
grid16,linear_source,341,2,198,0.0008646647135416666
grid16,linear_source,342,0,181,0.000885009765625
grid16,linear_source,342,1,182,0.0008951822916666666
grid16,linear_source,342,2,199,0.0009053548177083334
grid16,linear_source,343,0,181,0.000885009765625
grid16,linear_source,343,1,198,0.0008951822916666666
grid16,linear_source,343,2,199,0.0009053548177083334
grid16,linear_source,344,0,182,0.0009256998697916666
grid16,linear_source,344,1,183,0.0009358723958333334
grid16,linear_source,344,2,200,0.000946044921875
grid16,linear_source,345,0,182,0.0009256998697916666
grid16,linear_source,345,1,199,0.0009358723958333334
grid16,linear_source,345,2,200,0.000946044921875
grid16,linear_source,346,0,183,0.0009663899739583334
grid16,linear_source,346,1,184,0.0009765625
grid16,linear_source,346,2,201,0.0009867350260416667
grid16,linear_source,347,0,183,0.0009663899739583334
grid16,linear_source,347,1,200,0.0009765625
grid16,linear_source,347,2,201,0.0009867350260416667
grid16,linear_source,348,0,184,0.001007080078125
grid16,linear_source,348,1,185,0.0010172526041666667
grid16,linear_source,348,2,202,0.0010274251302083333
grid16,linear_source,349,0,184,0.001007080078125
grid16,linear_source,349,1,201,0.0010172526041666667
grid16,linear_source,349,2,202,0.0010274251302083333
grid16,linear_source,350,0,185,0.0010477701822916667
grid16,linear_source,350,1,186,0.0010579427083333333
grid16,linear_source,350,2,203,0.001068115234375
grid16,linear_source,351,0,185,0.0010477701822916667
grid16,linear_source,351,1,202,0.0010579427083333333
grid16,linear_source,351,2,203,0.001068115234375
grid16,linear_source,352,0,187,0.0004781087239583333
grid16,linear_source,352,1,188,0.00048828125
grid16,linear_source,352,2,205,0.0004984537760416666
grid16,linear_source,353,0,187,0.0004781087239583333
grid16,linear_source,353,1,204,0.00048828125
grid16,linear_source,353,2,205,0.0004984537760416666
grid16,linear_source,354,0,188,0.000518798828125
grid16,linear_source,354,1,189,0.0005289713541666666
grid16,linear_source,354,2,206,0.0005391438802083334
grid16,linear_source,355,0,188,0.000518798828125
grid16,linear_source,355,1,205,0.0005289713541666666
grid16,linear_source,355,2,206,0.0005391438802083334
grid16,linear_source,356,0,189,0.0005594889322916666
grid16,linear_source,356,1,190,0.0005696614583333334
grid16,linear_source,356,2,207,0.000579833984375
grid16,linear_source,357,0,189,0.0005594889322916666
grid16,linear_source,357,1,206,0.0005696614583333334
grid16,linear_source,357,2,207,0.000579833984375
grid16,linear_source,358,0,190,0.0006001790364583334
grid16,linear_source,358,1,191,0.0006103515625
grid16,linear_source,358,2,208,0.0006205240885416666
grid16,linear_source,359,0,190,0.0006001790364583334
grid16,linear_source,359,1,207,0.0006103515625
grid16,linear_source,359,2,208,0.0006205240885416666
grid16,linear_source,360,0,191,0.000640869140625
grid16,linear_source,360,1,192,0.0006510416666666666
grid16,linear_source,360,2,209,0.0006612141927083334
grid16,linear_source,361,0,191,0.000640869140625
grid16,linear_source,361,1,208,0.0006510416666666666
grid16,linear_source,361,2,209,0.0006612141927083334
grid16,linear_source,362,0,192,0.0006815592447916666
grid16,linear_source,362,1,193,0.0006917317708333334
grid16,linear_source,362,2,210,0.000701904296875
grid16,linear_source,363,0,192,0.0006815592447916666
grid16,linear_source,363,1,209,0.0006917317708333334
grid16,linear_source,363,2,210,0.000701904296875
grid16,linear_source,364,0,193,0.0007222493489583334
grid16,linear_source,364,1,194,0.000732421875
grid16,linear_source,364,2,211,0.0007425944010416666
grid16,linear_source,365,0,193,0.0007222493489583334
grid16,linear_source,365,1,210,0.000732421875
grid16,linear_source,365,2,211,0.0007425944010416666
grid16,linear_source,366,0,194,0.000762939453125
grid16,linear_source,366,1,195,0.0007731119791666666
grid16,linear_source,366,2,212,0.0007832845052083334
grid16,linear_source,367,0,194,0.000762939453125
grid16,linear_source,367,1,211,0.0007731119791666666
grid16,linear_source,367,2,212,0.0007832845052083334
grid16,linear_source,368,0,195,0.0008036295572916666
grid16,linear_source,368,1,196,0.0008138020833333334
grid16,linear_source,368,2,213,0.000823974609375
grid16,linear_source,369,0,195,0.0008036295572916666
grid16,linear_source,369,1,212,0.0008138020833333334
grid16,linear_source,369,2,213,0.000823974609375
grid16,linear_source,370,0,196,0.0008443196614583334
grid16,linear_source,370,1,197,0.0008544921875
grid16,linear_source,370,2,214,0.0008646647135416666
grid16,linear_source,371,0,196,0.0008443196614583334
grid16,linear_source,371,1,213,0.0008544921875
grid16,linear_source,371,2,214,0.0008646647135416666
grid16,linear_source,372,0,197,0.000885009765625
grid16,linear_source,372,1,198,0.0008951822916666666
grid16,linear_source,372,2,215,0.0009053548177083334
grid16,linear_source,373,0,197,0.000885009765625
grid16,linear_source,373,1,214,0.0008951822916666666
grid16,linear_source,373,2,215,0.0009053548177083334
grid16,linear_source,374,0,198,0.0009256998697916666
grid16,linear_source,374,1,199,0.0009358723958333334
grid16,linear_source,374,2,216,0.000946044921875
grid16,linear_source,375,0,198,0.0009256998697916666
grid16,linear_source,375,1,215,0.0009358723958333334
grid16,linear_source,375,2,216,0.000946044921875
grid16,linear_source,376,0,199,0.0009663899739583334
grid16,linear_source,376,1,200,0.0009765625
grid16,linear_source,376,2,217,0.0009867350260416667
grid16,linear_source,377,0,199,0.0009663899739583334
grid16,linear_source,377,1,216,0.0009765625
grid16,linear_source,377,2,217,0.0009867350260416667
grid16,linear_source,378,0,200,0.001007080078125
grid16,linear_source,378,1,201,0.0010172526041666667
grid16,linear_source,378,2,218,0.0010274251302083333
grid16,linear_source,379,0,200,0.001007080078125
grid16,linear_source,379,1,217,0.0010172526041666667
grid16,linear_source,379,2,218,0.0010274251302083333
grid16,linear_source,380,0,201,0.0010477701822916667
grid16,linear_source,380,1,202,0.0010579427083333333
grid16,linear_source,380,2,219,0.001068115234375
grid16,linear_source,381,0,201,0.0010477701822916667
grid16,linear_source,381,1,218,0.0010579427083333333
grid16,linear_source,381,2,219,0.001068115234375
grid16,linear_source,382,0,202,0.0010884602864583333
grid16,linear_source,382,1,203,0.0010986328125
grid16,linear_source,382,2,220,0.0011088053385416667
grid16,linear_source,383,0,202,0.0010884602864583333
grid16,linear_source,383,1,219,0.0010986328125
grid16,linear_source,383,2,220,0.0011088053385416667
grid16,linear_source,384,0,204,0.000518798828125
grid16,linear_source,384,1,205,0.0005289713541666666
grid16,linear_source,384,2,222,0.0005391438802083334
grid16,linear_source,385,0,204,0.000518798828125
grid16,linear_source,385,1,221,0.0005289713541666666
grid16,linear_source,385,2,222,0.0005391438802083334
grid16,linear_source,386,0,205,0.0005594889322916666
grid16,linear_source,386,1,206,0.0005696614583333334
grid16,linear_source,386,2,223,0.000579833984375
grid16,linear_source,387,0,205,0.0005594889322916666
grid16,linear_source,387,1,222,0.0005696614583333334
grid16,linear_source,387,2,223,0.000579833984375
grid16,linear_source,388,0,206,0.0006001790364583334
grid16,linear_source,388,1,207,0.0006103515625
grid16,linear_source,388,2,224,0.0006205240885416666
grid16,linear_source,389,0,206,0.0006001790364583334
grid16,linear_source,389,1,223,0.0006103515625
grid16,linear_source,389,2,224,0.0006205240885416666
grid16,linear_source,390,0,207,0.000640869140625
grid16,linear_source,390,1,208,0.0006510416666666666
grid16,linear_source,390,2,225,0.0006612141927083334
grid16,linear_source,391,0,207,0.000640869140625
grid16,linear_source,391,1,224,0.0006510416666666666
grid16,linear_source,391,2,225,0.0006612141927083334
grid16,linear_source,392,0,208,0.0006815592447916666
grid16,linear_source,392,1,209,0.0006917317708333334
grid16,linear_source,392,2,226,0.000701904296875
grid16,linear_source,393,0,208,0.0006815592447916666
grid16,linear_source,393,1,225,0.0006917317708333334
grid16,linear_source,393,2,226,0.000701904296875
grid16,linear_source,394,0,209,0.0007222493489583334
grid16,linear_source,394,1,210,0.000732421875
grid16,linear_source,394,2,227,0.0007425944010416666
grid16,linear_source,395,0,209,0.0007222493489583334
grid16,linear_source,395,1,226,0.000732421875
grid16,linear_source,395,2,227,0.0007425944010416666
grid16,linear_source,396,0,210,0.000762939453125
grid16,linear_source,396,1,211,0.0007731119791666666
grid16,linear_source,396,2,228,0.0007832845052083334
grid16,linear_source,397,0,210,0.000762939453125
grid16,linear_source,397,1,227,0.0007731119791666666
grid16,linear_source,397,2,228,0.0007832845052083334
grid16,linear_source,398,0,211,0.0008036295572916666
grid16,linear_source,398,1,212,0.0008138020833333334
grid16,linear_source,398,2,229,0.000823974609375
grid16,linear_source,399,0,211,0.0008036295572916666
grid16,linear_source,399,1,228,0.0008138020833333334
grid16,linear_source,399,2,229,0.000823974609375
grid16,linear_source,400,0,212,0.0008443196614583334
grid16,linear_source,400,1,213,0.0008544921875
grid16,linear_source,400,2,230,0.0008646647135416666
grid16,linear_source,401,0,212,0.0008443196614583334
grid16,linear_source,401,1,229,0.0008544921875
grid16,linear_source,401,2,230,0.0008646647135416666
grid16,linear_source,402,0,213,0.000885009765625
grid16,linear_source,402,1,214,0.0008951822916666666
grid16,linear_source,402,2,231,0.0009053548177083334
grid16,linear_source,403,0,213,0.000885009765625
grid16,linear_source,403,1,230,0.0008951822916666666
grid16,linear_source,403,2,231,0.0009053548177083334
grid16,linear_source,404,0,214,0.0009256998697916666
grid16,linear_source,404,1,215,0.0009358723958333334
grid16,linear_source,404,2,232,0.000946044921875
grid16,linear_source,405,0,214,0.0009256998697916666
grid16,linear_source,405,1,231,0.0009358723958333334
grid16,linear_source,405,2,232,0.000946044921875
grid16,linear_source,406,0,215,0.0009663899739583334
grid16,linear_source,406,1,216,0.0009765625
grid16,linear_source,406,2,233,0.0009867350260416667
grid16,linear_source,407,0,215,0.0009663899739583334
grid16,linear_source,407,1,232,0.0009765625
grid16,linear_source,407,2,233,0.0009867350260416667
grid16,linear_source,408,0,216,0.001007080078125
grid16,linear_source,408,1,217,0.0010172526041666667
grid16,linear_source,408,2,234,0.0010274251302083333
grid16,linear_source,409,0,216,0.001007080078125
grid16,linear_source,409,1,233,0.0010172526041666667
grid16,linear_source,409,2,234,0.0010274251302083333
grid16,linear_source,410,0,217,0.0010477701822916667
grid16,linear_source,410,1,218,0.0010579427083333333
grid16,linear_source,410,2,235,0.001068115234375
grid16,linear_source,411,0,217,0.0010477701822916667
grid16,linear_source,411,1,234,0.0010579427083333333
grid16,linear_source,411,2,235,0.001068115234375
grid16,linear_source,412,0,218,0.0010884602864583333
grid16,linear_source,412,1,219,0.0010986328125
grid16,linear_source,412,2,236,0.0011088053385416667
grid16,linear_source,413,0,218,0.0010884602864583333
grid16,linear_source,413,1,235,0.0010986328125
grid16,linear_source,413,2,236,0.0011088053385416667
grid16,linear_source,414,0,219,0.001129150390625
grid16,linear_source,414,1,220,0.0011393229166666667
grid16,linear_source,414,2,237,0.0011494954427083333
grid16,linear_source,415,0,219,0.001129150390625
grid16,linear_source,415,1,236,0.0011393229166666667
grid16,linear_source,415,2,237,0.0011494954427083333
grid16,linear_source,416,0,221,0.0005594889322916666
grid16,linear_source,416,1,222,0.0005696614583333334
grid16,linear_source,416,2,239,0.000579833984375
grid16,linear_source,417,0,221,0.0005594889322916666
grid16,linear_source,417,1,238,0.0005696614583333334
grid16,linear_source,417,2,239,0.000579833984375
grid16,linear_source,418,0,222,0.0006001790364583334
grid16,linear_source,418,1,223,0.0006103515625
grid16,linear_source,418,2,240,0.0006205240885416666
grid16,linear_source,419,0,222,0.0006001790364583334
grid16,linear_source,419,1,239,0.0006103515625
grid16,linear_source,419,2,240,0.0006205240885416666
grid16,linear_source,420,0,223,0.000640869140625
grid16,linear_source,420,1,224,0.0006510416666666666
grid16,linear_source,420,2,241,0.0006612141927083334
grid16,linear_source,421,0,223,0.000640869140625
grid16,linear_source,421,1,240,0.0006510416666666666
grid16,linear_source,421,2,241,0.0006612141927083334
grid16,linear_source,422,0,224,0.0006815592447916666
grid16,linear_source,422,1,225,0.0006917317708333334
grid16,linear_source,422,2,242,0.000701904296875
grid16,linear_source,423,0,224,0.0006815592447916666
grid16,linear_source,423,1,241,0.0006917317708333334
grid16,linear_source,423,2,242,0.000701904296875
grid16,linear_source,424,0,225,0.0007222493489583334
grid16,linear_source,424,1,226,0.000732421875
grid16,linear_source,424,2,243,0.0007425944010416666
grid16,linear_source,425,0,225,0.0007222493489583334
grid16,linear_source,425,1,242,0.000732421875
grid16,linear_source,425,2,243,0.0007425944010416666
grid16,linear_source,426,0,226,0.000762939453125
grid16,linear_source,426,1,227,0.0007731119791666666
grid16,linear_source,426,2,244,0.0007832845052083334
grid16,linear_source,427,0,226,0.000762939453125
grid16,linear_source,427,1,243,0.0007731119791666666
grid16,linear_source,427,2,244,0.0007832845052083334
grid16,linear_source,428,0,227,0.0008036295572916666
grid16,linear_source,428,1,228,0.0008138020833333334
grid16,linear_source,428,2,245,0.000823974609375
grid16,linear_source,429,0,227,0.0008036295572916666
grid16,linear_source,429,1,244,0.0008138020833333334
grid16,linear_source,429,2,245,0.000823974609375
grid16,linear_source,430,0,228,0.0008443196614583334
grid16,linear_source,430,1,229,0.0008544921875
grid16,linear_source,430,2,246,0.0008646647135416666
grid16,linear_source,431,0,228,0.0008443196614583334
grid16,linear_source,431,1,245,0.0008544921875
grid16,linear_source,431,2,246,0.0008646647135416666
grid16,linear_source,432,0,229,0.000885009765625
grid16,linear_source,432,1,230,0.0008951822916666666
grid16,linear_source,432,2,247,0.0009053548177083334
grid16,linear_source,433,0,229,0.000885009765625
grid16,linear_source,433,1,246,0.0008951822916666666
grid16,linear_source,433,2,247,0.0009053548177083334
grid16,linear_source,434,0,230,0.0009256998697916666
grid16,linear_source,434,1,231,0.0009358723958333334
grid16,linear_source,434,2,248,0.000946044921875
grid16,linear_source,435,0,230,0.0009256998697916666
grid16,linear_source,435,1,247,0.0009358723958333334
grid16,linear_source,435,2,248,0.000946044921875
grid16,linear_source,436,0,231,0.0009663899739583334
grid16,linear_source,436,1,232,0.0009765625
grid16,linear_source,436,2,249,0.0009867350260416667
grid16,linear_source,437,0,231,0.0009663899739583334
grid16,linear_source,437,1,248,0.0009765625
grid16,linear_source,437,2,249,0.0009867350260416667
grid16,linear_source,438,0,232,0.001007080078125
grid16,linear_source,438,1,233,0.0010172526041666667
grid16,linear_source,438,2,250,0.0010274251302083333
grid16,linear_source,439,0,232,0.001007080078125
grid16,linear_source,439,1,249,0.0010172526041666667
grid16,linear_source,439,2,250,0.0010274251302083333
grid16,linear_source,440,0,233,0.0010477701822916667
grid16,linear_source,440,1,234,0.0010579427083333333
grid16,linear_source,440,2,251,0.001068115234375
grid16,linear_source,441,0,233,0.0010477701822916667
grid16,linear_source,441,1,250,0.0010579427083333333
grid16,linear_source,441,2,251,0.001068115234375
grid16,linear_source,442,0,234,0.0010884602864583333
grid16,linear_source,442,1,235,0.0010986328125
grid16,linear_source,442,2,252,0.0011088053385416667
grid16,linear_source,443,0,234,0.0010884602864583333
grid16,linear_source,443,1,251,0.0010986328125
grid16,linear_source,443,2,252,0.0011088053385416667
grid16,linear_source,444,0,235,0.001129150390625
grid16,linear_source,444,1,236,0.0011393229166666667
grid16,linear_source,444,2,253,0.0011494954427083333
grid16,linear_source,445,0,235,0.001129150390625
grid16,linear_source,445,1,252,0.0011393229166666667
grid16,linear_source,445,2,253,0.0011494954427083333
grid16,linear_source,446,0,236,0.0011698404947916667
grid16,linear_source,446,1,237,0.0011800130208333333
grid16,linear_source,446,2,254,0.001190185546875
grid16,linear_source,447,0,236,0.0011698404947916667
grid16,linear_source,447,1,253,0.0011800130208333333
grid16,linear_source,447,2,254,0.001190185546875
grid16,linear_source,448,0,238,0.0006001790364583334
grid16,linear_source,448,1,239,0.0006103515625
grid16,linear_source,448,2,256,0.0006205240885416666
grid16,linear_source,449,0,238,0.0006001790364583334
grid16,linear_source,449,1,255,0.0006103515625
grid16,linear_source,449,2,256,0.0006205240885416666
grid16,linear_source,450,0,239,0.000640869140625
grid16,linear_source,450,1,240,0.0006510416666666666
grid16,linear_source,450,2,257,0.0006612141927083334
grid16,linear_source,451,0,239,0.000640869140625
grid16,linear_source,451,1,256,0.0006510416666666666
grid16,linear_source,451,2,257,0.0006612141927083334
grid16,linear_source,452,0,240,0.0006815592447916666
grid16,linear_source,452,1,241,0.0006917317708333334
grid16,linear_source,452,2,258,0.000701904296875
grid16,linear_source,453,0,240,0.0006815592447916666
grid16,linear_source,453,1,257,0.0006917317708333334
grid16,linear_source,453,2,258,0.000701904296875
grid16,linear_source,454,0,241,0.0007222493489583334
grid16,linear_source,454,1,242,0.000732421875
grid16,linear_source,454,2,259,0.0007425944010416666
grid16,linear_source,455,0,241,0.0007222493489583334
grid16,linear_source,455,1,258,0.000732421875
grid16,linear_source,455,2,259,0.0007425944010416666
grid16,linear_source,456,0,242,0.000762939453125
grid16,linear_source,456,1,243,0.0007731119791666666
grid16,linear_source,456,2,260,0.0007832845052083334
grid16,linear_source,457,0,242,0.000762939453125
grid16,linear_source,457,1,259,0.0007731119791666666
grid16,linear_source,457,2,260,0.0007832845052083334
grid16,linear_source,458,0,243,0.0008036295572916666
grid16,linear_source,458,1,244,0.0008138020833333334
grid16,linear_source,458,2,261,0.000823974609375
grid16,linear_source,459,0,243,0.0008036295572916666
grid16,linear_source,459,1,260,0.0008138020833333334
grid16,linear_source,459,2,261,0.000823974609375
grid16,linear_source,460,0,244,0.0008443196614583334
grid16,linear_source,460,1,245,0.0008544921875
grid16,linear_source,460,2,262,0.0008646647135416666
grid16,linear_source,461,0,244,0.0008443196614583334
grid16,linear_source,461,1,261,0.0008544921875
grid16,linear_source,461,2,262,0.0008646647135416666
grid16,linear_source,462,0,245,0.000885009765625
grid16,linear_source,462,1,246,0.0008951822916666666
grid16,linear_source,462,2,263,0.0009053548177083334
grid16,linear_source,463,0,245,0.000885009765625
grid16,linear_source,463,1,262,0.0008951822916666666
grid16,linear_source,463,2,263,0.0009053548177083334
grid16,linear_source,464,0,246,0.0009256998697916666
grid16,linear_source,464,1,247,0.0009358723958333334
grid16,linear_source,464,2,264,0.000946044921875
grid16,linear_source,465,0,246,0.0009256998697916666
grid16,linear_source,465,1,263,0.0009358723958333334
grid16,linear_source,465,2,264,0.000946044921875
grid16,linear_source,466,0,247,0.0009663899739583334
grid16,linear_source,466,1,248,0.0009765625
grid16,linear_source,466,2,265,0.0009867350260416667
grid16,linear_source,467,0,247,0.0009663899739583334
grid16,linear_source,467,1,264,0.0009765625
grid16,linear_source,467,2,265,0.0009867350260416667
grid16,linear_source,468,0,248,0.001007080078125
grid16,linear_source,468,1,249,0.0010172526041666667
grid16,linear_source,468,2,266,0.0010274251302083333
grid16,linear_source,469,0,248,0.001007080078125
grid16,linear_source,469,1,265,0.0010172526041666667
grid16,linear_source,469,2,266,0.0010274251302083333
grid16,linear_source,470,0,249,0.0010477701822916667
grid16,linear_source,470,1,250,0.0010579427083333333
grid16,linear_source,470,2,267,0.001068115234375
grid16,linear_source,471,0,249,0.0010477701822916667
grid16,linear_source,471,1,266,0.0010579427083333333
grid16,linear_source,471,2,267,0.001068115234375
grid16,linear_source,472,0,250,0.0010884602864583333
grid16,linear_source,472,1,251,0.0010986328125
grid16,linear_source,472,2,268,0.0011088053385416667
grid16,linear_source,473,0,250,0.0010884602864583333
grid16,linear_source,473,1,267,0.0010986328125
grid16,linear_source,473,2,268,0.0011088053385416667
grid16,linear_source,474,0,251,0.001129150390625
grid16,linear_source,474,1,252,0.0011393229166666667
grid16,linear_source,474,2,269,0.0011494954427083333
grid16,linear_source,475,0,251,0.001129150390625
grid16,linear_source,475,1,268,0.0011393229166666667
grid16,linear_source,475,2,269,0.0011494954427083333
grid16,linear_source,476,0,252,0.0011698404947916667
grid16,linear_source,476,1,253,0.0011800130208333333
grid16,linear_source,476,2,270,0.001190185546875
grid16,linear_source,477,0,252,0.0011698404947916667
grid16,linear_source,477,1,269,0.0011800130208333333
grid16,linear_source,477,2,270,0.001190185546875
grid16,linear_source,478,0,253,0.0012105305989583333
grid16,linear_source,478,1,254,0.001220703125
grid16,linear_source,478,2,271,0.0012308756510416667
grid16,linear_source,479,0,253,0.0012105305989583333
grid16,linear_source,479,1,270,0.001220703125
grid16,linear_source,479,2,271,0.0012308756510416667
grid16,linear_source,480,0,255,0.000640869140625
grid16,linear_source,480,1,256,0.0006510416666666666
grid16,linear_source,480,2,273,0.0006612141927083334
grid16,linear_source,481,0,255,0.000640869140625
grid16,linear_source,481,1,272,0.0006510416666666666
grid16,linear_source,481,2,273,0.0006612141927083334
grid16,linear_source,482,0,256,0.0006815592447916666
grid16,linear_source,482,1,257,0.0006917317708333334
grid16,linear_source,482,2,274,0.000701904296875
grid16,linear_source,483,0,256,0.0006815592447916666
grid16,linear_source,483,1,273,0.0006917317708333334
grid16,linear_source,483,2,274,0.000701904296875
grid16,linear_source,484,0,257,0.0007222493489583334
grid16,linear_source,484,1,258,0.000732421875
grid16,linear_source,484,2,275,0.0007425944010416666
grid16,linear_source,485,0,257,0.0007222493489583334
grid16,linear_source,485,1,274,0.000732421875
grid16,linear_source,485,2,275,0.0007425944010416666
grid16,linear_source,486,0,258,0.000762939453125
grid16,linear_source,486,1,259,0.0007731119791666666
grid16,linear_source,486,2,276,0.0007832845052083334
grid16,linear_source,487,0,258,0.000762939453125
grid16,linear_source,487,1,275,0.0007731119791666666
grid16,linear_source,487,2,276,0.0007832845052083334
grid16,linear_source,488,0,259,0.0008036295572916666
grid16,linear_source,488,1,260,0.0008138020833333334
grid16,linear_source,488,2,277,0.000823974609375
grid16,linear_source,489,0,259,0.0008036295572916666
grid16,linear_source,489,1,276,0.0008138020833333334
grid16,linear_source,489,2,277,0.000823974609375
grid16,linear_source,490,0,260,0.0008443196614583334
grid16,linear_source,490,1,261,0.0008544921875
grid16,linear_source,490,2,278,0.0008646647135416666
grid16,linear_source,491,0,260,0.0008443196614583334
grid16,linear_source,491,1,277,0.0008544921875
grid16,linear_source,491,2,278,0.0008646647135416666
grid16,linear_source,492,0,261,0.000885009765625
grid16,linear_source,492,1,262,0.0008951822916666666
grid16,linear_source,492,2,279,0.0009053548177083334
grid16,linear_source,493,0,261,0.000885009765625
grid16,linear_source,493,1,278,0.0008951822916666666
grid16,linear_source,493,2,279,0.0009053548177083334
grid16,linear_source,494,0,262,0.0009256998697916666
grid16,linear_source,494,1,263,0.0009358723958333334
grid16,linear_source,494,2,280,0.000946044921875
grid16,linear_source,495,0,262,0.0009256998697916666
grid16,linear_source,495,1,279,0.0009358723958333334
grid16,linear_source,495,2,280,0.000946044921875
grid16,linear_source,496,0,263,0.0009663899739583334
grid16,linear_source,496,1,264,0.0009765625
grid16,linear_source,496,2,281,0.0009867350260416667
grid16,linear_source,497,0,263,0.0009663899739583334
grid16,linear_source,497,1,280,0.0009765625
grid16,linear_source,497,2,281,0.0009867350260416667
grid16,linear_source,498,0,264,0.001007080078125
grid16,linear_source,498,1,265,0.0010172526041666667
grid16,linear_source,498,2,282,0.0010274251302083333
grid16,linear_source,499,0,264,0.001007080078125
grid16,linear_source,499,1,281,0.0010172526041666667
grid16,linear_source,499,2,282,0.0010274251302083333
grid16,linear_source,500,0,265,0.0010477701822916667
grid16,linear_source,500,1,266,0.0010579427083333333
grid16,linear_source,500,2,283,0.001068115234375
grid16,linear_source,501,0,265,0.0010477701822916667
grid16,linear_source,501,1,282,0.0010579427083333333
grid16,linear_source,501,2,283,0.001068115234375
grid16,linear_source,502,0,266,0.0010884602864583333
grid16,linear_source,502,1,267,0.0010986328125
grid16,linear_source,502,2,284,0.0011088053385416667
grid16,linear_source,503,0,266,0.0010884602864583333
grid16,linear_source,503,1,283,0.0010986328125
grid16,linear_source,503,2,284,0.0011088053385416667
grid16,linear_source,504,0,267,0.001129150390625
grid16,linear_source,504,1,268,0.0011393229166666667
grid16,linear_source,504,2,285,0.0011494954427083333
grid16,linear_source,505,0,267,0.001129150390625
grid16,linear_source,505,1,284,0.0011393229166666667
grid16,linear_source,505,2,285,0.0011494954427083333
grid16,linear_source,506,0,268,0.0011698404947916667
grid16,linear_source,506,1,269,0.0011800130208333333
grid16,linear_source,506,2,286,0.001190185546875
grid16,linear_source,507,0,268,0.0011698404947916667
grid16,linear_source,507,1,285,0.0011800130208333333
grid16,linear_source,507,2,286,0.001190185546875
grid16,linear_source,508,0,269,0.0012105305989583333
grid16,linear_source,508,1,270,0.001220703125
grid16,linear_source,508,2,287,0.0012308756510416667
grid16,linear_source,509,0,269,0.0012105305989583333
grid16,linear_source,509,1,286,0.001220703125
grid16,linear_source,509,2,287,0.0012308756510416667
grid16,linear_source,510,0,270,0.001251220703125
grid16,linear_source,510,1,271,0.0012613932291666667
grid16,linear_source,510,2,288,0.0012715657552083333
grid16,linear_source,511,0,270,0.001251220703125
grid16,linear_source,511,1,287,0.0012613932291666667
grid16,linear_source,511,2,288,0.0012715657552083333
grid16,quartic,0,0,0,5.900065104166669e-05
grid16,quartic,0,1,1,7.781982421875001e-05
grid16,quartic,0,2,18,9.714762369791667e-05
grid16,quartic,1,0,0,5.900065104166669e-05
grid16,quartic,1,1,17,7.781982421875001e-05
grid16,quartic,1,2,18,9.714762369791667e-05
grid16,quartic,2,0,1,0.00013020833333333333
grid16,quartic,2,1,2,0.000146484375
grid16,quartic,2,2,19,0.00016581217447916667
grid16,quartic,3,0,1,0.00013275146484375002
grid16,quartic,3,1,18,0.00015157063802083336
grid16,quartic,3,2,19,0.00016835530598958336
grid16,quartic,4,0,2,0.0001912434895833333
grid16,quartic,4,1,3,0.00020497639973958328
grid16,quartic,4,2,20,0.00022430419921875
grid16,quartic,5,0,2,0.00019632975260416673
grid16,quartic,5,1,19,0.00021514892578125005
grid16,quartic,5,2,20,0.00022939046223958336
grid16,quartic,6,0,3,0.00024210611979166673
grid16,quartic,6,1,4,0.0002532958984375
grid16,quartic,6,2,21,0.0002726236979166667
grid16,quartic,7,0,3,0.0002497355143229168
grid16,quartic,7,1,20,0.0002685546875000001
grid16,quartic,7,2,21,0.00028025309244791673
grid16,quartic,8,0,4,0.0002827962239583334
grid16,quartic,8,1,5,0.0002914428710937501
grid16,quartic,8,2,22,0.00031077067057291673
grid16,quartic,9,0,4,0.00029296875000000004
grid16,quartic,9,1,21,0.0003117879231770834
grid16,quartic,9,2,22,0.00032094319661458336
grid16,quartic,10,0,5,0.0003133138020833334
grid16,quartic,10,1,6,0.00031941731770833334
grid16,quartic,10,2,23,0.00033874511718750004
grid16,quartic,11,0,5,0.0003260294596354168
grid16,quartic,11,1,22,0.00034484863281250013
grid16,quartic,11,2,23,0.00035146077473958336
grid16,quartic,12,0,6,0.00033365885416666673
grid16,quartic,12,1,7,0.0003372192382812501
grid16,quartic,12,2,24,0.00035654703776041673
grid16,quartic,13,0,6,0.0003489176432291667
grid16,quartic,13,1,23,0.00036773681640625
grid16,quartic,13,2,24,0.0003718058268229167
grid16,quartic,14,0,7,0.0003438313802083333
grid16,quartic,14,1,8,0.00034484863281249997
grid16,quartic,14,2,25,0.0003641764322916667
grid16,quartic,15,0,7,0.00036163330078125015
grid16,quartic,15,1,24,0.00038045247395833345
grid16,quartic,15,2,25,0.0003819783528645834
grid16,quartic,16,0,8,0.00034383138020833336
grid16,quartic,16,1,9,0.0003423055013020834
grid16,quartic,16,2,26,0.00036163330078125004
grid16,quartic,17,0,8,0.0003641764322916668
grid16,quartic,17,1,25,0.00038299560546875013
grid16,quartic,17,2,26,0.0003819783528645834
grid16,quartic,18,0,9,0.00033365885416666673
grid16,quartic,18,1,10,0.0003295898437500001
grid16,quartic,18,2,27,0.00034891764322916673
grid16,quartic,19,0,9,0.0003565470377604167
grid16,quartic,19,1,26,0.0003753662109375
grid16,quartic,19,2,27,0.0003718058268229167
grid16,quartic,20,0,10,0.0003133138020833333
grid16,quartic,20,1,11,0.00030670166015624997
grid16,quartic,20,2,28,0.0003260294596354167
grid16,quartic,21,0,10,0.00033874511718750004
grid16,quartic,21,1,27,0.00035756429036458345
grid16,quartic,21,2,28,0.00035146077473958336
grid16,quartic,22,0,11,0.00028279622395833336
grid16,quartic,22,1,12,0.0002736409505208334
grid16,quartic,22,2,29,0.00029296875000000004
grid16,quartic,23,0,11,0.00031077067057291673
grid16,quartic,23,1,28,0.00032958984375
grid16,quartic,23,2,29,0.0003209431966145834
grid16,quartic,24,0,12,0.00024210611979166673
grid16,quartic,24,1,13,0.00023040771484374997
grid16,quartic,24,2,30,0.0002497355143229167
grid16,quartic,25,0,12,0.0002726236979166667
grid16,quartic,25,1,29,0.00029144287109375
grid16,quartic,25,2,30,0.0002802530924479166
grid16,quartic,26,0,13,0.00019124348958333328
grid16,quartic,26,1,14,0.00017700195312499994
grid16,quartic,26,2,31,0.00019632975260416662
grid16,quartic,27,0,13,0.00022430419921875
grid16,quartic,27,1,30,0.00024312337239583334
grid16,quartic,27,2,31,0.00022939046223958325
grid16,quartic,28,0,14,0.00013020833333333328
grid16,quartic,28,1,15,0.00011342366536458328
grid16,quartic,28,2,32,0.00013275146484374993
grid16,quartic,29,0,14,0.00016581217447916654
grid16,quartic,29,1,31,0.00018463134765624983
grid16,quartic,29,2,32,0.00016835530598958317
grid16,quartic,30,0,15,5.900065104166659e-05
grid16,quartic,30,1,16,3.967285156249991e-05
grid16,quartic,30,2,33,5.900065104166657e-05
grid16,quartic,31,0,15,9.714762369791673e-05
grid16,quartic,31,1,32,0.00011596679687500005
grid16,quartic,31,2,33,9.714762369791671e-05
grid16,quartic,32,0,17,0.00013275146484375002
grid16,quartic,32,1,18,0.00015157063802083336
grid16,quartic,32,2,35,0.00016835530598958336
grid16,quartic,33,0,17,0.00013020833333333333
grid16,quartic,33,1,34,0.000146484375
grid16,quartic,33,2,35,0.00016581217447916667
grid16,quartic,34,0,18,0.00020395914713541673
grid16,quartic,34,1,19,0.0002202351888020834
grid16,quartic,34,2,36,0.0002370198567708334
grid16,quartic,35,0,18,0.00020395914713541673
grid16,quartic,35,1,35,0.0002202351888020834
grid16,quartic,35,2,36,0.0002370198567708334
grid16,quartic,36,0,19,0.00026499430338541673
grid16,quartic,36,1,20,0.00027872721354166665
grid16,quartic,36,2,37,0.0002955118815104167
grid16,quartic,37,0,19,0.00026753743489583336
grid16,quartic,37,1,36,0.0002838134765625001
grid16,quartic,37,2,37,0.00029805501302083336
grid16,quartic,38,0,20,0.00031585693359375004
grid16,quartic,38,1,21,0.0003270467122395833
grid16,quartic,38,2,38,0.0003438313802083333
grid16,quartic,39,0,20,0.00032094319661458347
grid16,quartic,39,1,37,0.00033721923828125013
grid16,quartic,39,2,38,0.0003489176432291668
grid16,quartic,40,0,21,0.0003565470377604167
grid16,quartic,40,1,22,0.00036519368489583334
grid16,quartic,40,2,39,0.00038197835286458336
grid16,quartic,41,0,21,0.00036417643229166673
grid16,quartic,41,1,38,0.00038045247395833345
grid16,quartic,41,2,39,0.0003896077473958334
grid16,quartic,42,0,22,0.0003870646158854168
grid16,quartic,42,1,23,0.00039316813151041676
grid16,quartic,42,2,40,0.0004099527994791668
grid16,quartic,43,0,22,0.00039723714192708336
grid16,quartic,43,1,39,0.00041351318359374997
grid16,quartic,43,2,40,0.0004201253255208333
grid16,quartic,44,0,23,0.00040740966796875015
grid16,quartic,44,1,24,0.0004109700520833335
grid16,quartic,44,2,41,0.00042775472005208347
grid16,quartic,45,0,23,0.0004201253255208334
grid16,quartic,45,1,40,0.00043640136718750013
grid16,quartic,45,2,41,0.00044047037760416673
grid16,quartic,46,0,24,0.0004175821940104168
grid16,quartic,46,1,25,0.0004185994466145834
grid16,quartic,46,2,42,0.0004353841145833334
grid16,quartic,47,0,24,0.0004328409830729168
grid16,quartic,47,1,41,0.0004491170247395835
grid16,quartic,47,2,42,0.0004506429036458334
grid16,quartic,48,0,25,0.0004175821940104167
grid16,quartic,48,1,26,0.00041605631510416676
grid16,quartic,48,2,43,0.0004328409830729168
grid16,quartic,49,0,25,0.00043538411458333336
grid16,quartic,49,1,42,0.00045166015624999997
grid16,quartic,49,2,43,0.00045064290364583336
grid16,quartic,50,0,26,0.0004074096679687501
grid16,quartic,50,1,27,0.00040334065755208345
grid16,quartic,50,2,44,0.0004201253255208334
grid16,quartic,51,0,26,0.0004277547200520834
grid16,quartic,51,1,43,0.00044403076171875
grid16,quartic,51,2,44,0.0004404703776041667
grid16,quartic,52,0,27,0.0003870646158854168
grid16,quartic,52,1,28,0.0003804524739583335
grid16,quartic,52,2,45,0.00039723714192708347
grid16,quartic,53,0,27,0.0004099527994791667
grid16,quartic,53,1,44,0.0004262288411458333
grid16,quartic,53,2,45,0.0004201253255208333
grid16,quartic,54,0,28,0.00035654703776041673
grid16,quartic,54,1,29,0.00034739176432291665
grid16,quartic,54,2,46,0.00036417643229166673
grid16,quartic,55,0,28,0.00038197835286458336
grid16,quartic,55,1,45,0.0003982543945312501
grid16,quartic,55,2,46,0.0003896077473958333
grid16,quartic,56,0,29,0.0003158569335937501
grid16,quartic,56,1,30,0.0003041585286458334
grid16,quartic,56,2,47,0.00032094319661458336
grid16,quartic,57,0,29,0.0003438313802083334
grid16,quartic,57,1,46,0.000360107421875
grid16,quartic,57,2,47,0.0003489176432291667
grid16,quartic,58,0,30,0.00026499430338541657
grid16,quartic,58,1,31,0.00025075276692708323
grid16,quartic,58,2,48,0.0002675374348958332
grid16,quartic,59,0,30,0.00029551188151041673
grid16,quartic,59,1,47,0.0003117879231770834
grid16,quartic,59,2,48,0.0002980550130208333
grid16,quartic,60,0,31,0.00020395914713541667
grid16,quartic,60,1,32,0.00018717447916666665
grid16,quartic,60,2,49,0.00020395914713541667
grid16,quartic,61,0,31,0.0002370198567708332
grid16,quartic,61,1,48,0.0002532958984374999
grid16,quartic,61,2,49,0.0002370198567708332
grid16,quartic,62,0,32,0.00013275146484374996
grid16,quartic,62,1,33,0.00011342366536458327
grid16,quartic,62,2,50,0.00013020833333333328
grid16,quartic,63,0,32,0.00016835530598958336
grid16,quartic,63,1,49,0.00018463134765625008
grid16,quartic,63,2,50,0.0001658121744791667
grid16,quartic,64,0,34,0.00019632975260416673
grid16,quartic,64,1,35,0.00021514892578125005
grid16,quartic,64,2,52,0.00022939046223958336
grid16,quartic,65,0,34,0.0001912434895833333
grid16,quartic,65,1,51,0.00020497639973958328
grid16,quartic,65,2,52,0.00022430419921875
grid16,quartic,66,0,35,0.00026753743489583336
grid16,quartic,66,1,36,0.0002838134765625001
grid16,quartic,66,2,53,0.00029805501302083336
grid16,quartic,67,0,35,0.00026499430338541673
grid16,quartic,67,1,52,0.00027872721354166665
grid16,quartic,67,2,53,0.0002955118815104167
grid16,quartic,68,0,36,0.0003285725911458333
grid16,quartic,68,1,37,0.0003423055013020833
grid16,quartic,68,2,54,0.0003565470377604166
grid16,quartic,69,0,36,0.0003285725911458333
grid16,quartic,69,1,53,0.0003423055013020833
grid16,quartic,69,2,54,0.0003565470377604166
grid16,quartic,70,0,37,0.0003794352213541668
grid16,quartic,70,1,38,0.00039062500000000013
grid16,quartic,70,2,55,0.0004048665364583333
grid16,quartic,71,0,37,0.0003819783528645834
grid16,quartic,71,1,54,0.0003957112630208334
grid16,quartic,71,2,55,0.00040740966796875004
grid16,quartic,72,0,38,0.00042012532552083347
grid16,quartic,72,1,39,0.0004287719726562502
grid16,quartic,72,2,56,0.0004430135091145834
grid16,quartic,73,0,38,0.0004252115885416668
grid16,quartic,73,1,55,0.00043894449869791665
grid16,quartic,73,2,56,0.00044809977213541673
grid16,quartic,74,0,39,0.00045064290364583347
grid16,quartic,74,1,40,0.00045674641927083334
grid16,quartic,74,2,57,0.00047098795572916673
grid16,quartic,75,0,39,0.0004582722981770834
grid16,quartic,75,1,56,0.0004720052083333333
grid16,quartic,75,2,57,0.0004786173502604167
grid16,quartic,76,0,40,0.00047098795572916673
grid16,quartic,76,1,41,0.0004745483398437501
grid16,quartic,76,2,58,0.0004887898763020833
grid16,quartic,77,0,40,0.0004811604817708334
grid16,quartic,77,1,57,0.0004948933919270834
grid16,quartic,77,2,58,0.00049896240234375
grid16,quartic,78,0,41,0.0004811604817708333
grid16,quartic,78,1,42,0.000482177734375
grid16,quartic,78,2,59,0.0004964192708333333
grid16,quartic,79,0,41,0.0004938761393229167
grid16,quartic,79,1,58,0.0005076090494791667
grid16,quartic,79,2,59,0.0005091349283854166
grid16,quartic,80,0,42,0.0004811604817708334
grid16,quartic,80,1,43,0.0004796346028645833
grid16,quartic,80,2,60,0.0004938761393229167
grid16,quartic,81,0,42,0.0004964192708333333
grid16,quartic,81,1,59,0.0005101521809895833
grid16,quartic,81,2,60,0.0005091349283854167
grid16,quartic,82,0,43,0.0004709879557291668
grid16,quartic,82,1,44,0.00046691894531250013
grid16,quartic,82,2,61,0.0004811604817708333
grid16,quartic,83,0,43,0.0004887898763020833
grid16,quartic,83,1,60,0.0005025227864583334
grid16,quartic,83,2,61,0.00049896240234375
grid16,quartic,84,0,44,0.00045064290364583336
grid16,quartic,84,1,45,0.00044403076171874997
grid16,quartic,84,2,62,0.0004582722981770833
grid16,quartic,85,0,44,0.0004709879557291668
grid16,quartic,85,1,61,0.00048472086588541676
grid16,quartic,85,2,62,0.0004786173502604168
grid16,quartic,86,0,45,0.0004201253255208333
grid16,quartic,86,1,46,0.0004109700520833334
grid16,quartic,86,2,63,0.0004252115885416667
grid16,quartic,87,0,45,0.00044301350911458336
grid16,quartic,87,1,62,0.00045674641927083334
grid16,quartic,87,2,63,0.0004480997721354167
grid16,quartic,88,0,46,0.00037943522135416673
grid16,quartic,88,1,47,0.0003677368164062501
grid16,quartic,88,2,64,0.0003819783528645833
grid16,quartic,89,0,46,0.0004048665364583333
grid16,quartic,89,1,63,0.0004185994466145833
grid16,quartic,89,2,64,0.00040740966796874993
grid16,quartic,90,0,47,0.0003285725911458333
grid16,quartic,90,1,48,0.0003143310546874999
grid16,quartic,90,2,65,0.00032857259114583325
grid16,quartic,91,0,47,0.00035654703776041673
grid16,quartic,91,1,64,0.00037027994791666676
grid16,quartic,91,2,65,0.0003565470377604166
grid16,quartic,92,0,48,0.0002675374348958333
grid16,quartic,92,1,49,0.0002507527669270833
grid16,quartic,92,2,66,0.00026499430338541657
grid16,quartic,93,0,48,0.0002980550130208332
grid16,quartic,93,1,65,0.0003117879231770832
grid16,quartic,93,2,66,0.0002955118815104165
grid16,quartic,94,0,49,0.0001963297526041666
grid16,quartic,94,1,50,0.00017700195312499989
grid16,quartic,94,2,67,0.00019124348958333322
grid16,quartic,95,0,49,0.00022939046223958336
grid16,quartic,95,1,66,0.00024312337239583334
grid16,quartic,95,2,67,0.00022430419921875
grid16,quartic,96,0,51,0.0002497355143229168
grid16,quartic,96,1,52,0.0002685546875000001
grid16,quartic,96,2,69,0.00028025309244791673
grid16,quartic,97,0,51,0.00024210611979166673
grid16,quartic,97,1,68,0.0002532958984375
grid16,quartic,97,2,69,0.0002726236979166667
grid16,quartic,98,0,52,0.00032094319661458347
grid16,quartic,98,1,53,0.00033721923828125013
grid16,quartic,98,2,70,0.0003489176432291668
grid16,quartic,99,0,52,0.00031585693359375004
grid16,quartic,99,1,69,0.0003270467122395833
grid16,quartic,99,2,70,0.0003438313802083333
grid16,quartic,100,0,53,0.0003819783528645834
grid16,quartic,100,1,54,0.0003957112630208334
grid16,quartic,100,2,71,0.00040740966796875004
grid16,quartic,101,0,53,0.0003794352213541668
grid16,quartic,101,1,70,0.00039062500000000013
grid16,quartic,101,2,71,0.0004048665364583333
grid16,quartic,102,0,54,0.00043284098307291673
grid16,quartic,102,1,55,0.0004440307617187501
grid16,quartic,102,2,72,0.00045572916666666673
grid16,quartic,103,0,54,0.00043284098307291673
grid16,quartic,103,1,71,0.0004440307617187501
grid16,quartic,103,2,72,0.00045572916666666673
grid16,quartic,104,0,55,0.0004735310872395834
grid16,quartic,104,1,56,0.000482177734375
grid16,quartic,104,2,73,0.0004938761393229168
grid16,quartic,105,0,55,0.00047607421875000004
grid16,quartic,105,1,72,0.0004872639973958333
grid16,quartic,105,2,73,0.0004964192708333333
grid16,quartic,106,0,56,0.0005040486653645834
grid16,quartic,106,1,57,0.0005101521809895835
grid16,quartic,106,2,74,0.0005218505859375
grid16,quartic,107,0,56,0.0005091349283854168
grid16,quartic,107,1,73,0.0005203247070312501
grid16,quartic,107,2,74,0.0005269368489583334
grid16,quartic,108,0,57,0.0005243937174479168
grid16,quartic,108,1,58,0.0005279541015625001
grid16,quartic,108,2,75,0.0005396525065104168
grid16,quartic,109,0,57,0.0005320231119791667
grid16,quartic,109,1,74,0.000543212890625
grid16,quartic,109,2,75,0.0005472819010416667
grid16,quartic,110,0,58,0.0005345662434895835
grid16,quartic,110,1,59,0.0005355834960937501
grid16,quartic,110,2,76,0.0005472819010416668
grid16,quartic,111,0,58,0.00054473876953125
grid16,quartic,111,1,75,0.0005559285481770834
grid16,quartic,111,2,76,0.0005574544270833333
grid16,quartic,112,0,59,0.0005345662434895835
grid16,quartic,112,1,60,0.0005330403645833334
grid16,quartic,112,2,77,0.00054473876953125
grid16,quartic,113,0,59,0.0005472819010416668
grid16,quartic,113,1,76,0.0005584716796875001
grid16,quartic,113,2,77,0.0005574544270833333
grid16,quartic,114,0,60,0.0005243937174479169
grid16,quartic,114,1,61,0.0005203247070312501
grid16,quartic,114,2,78,0.0005320231119791669
grid16,quartic,115,0,60,0.0005396525065104167
grid16,quartic,115,1,77,0.0005508422851562499
grid16,quartic,115,2,78,0.0005472819010416666
grid16,quartic,116,0,61,0.0005040486653645834
grid16,quartic,116,1,62,0.0004974365234375001
grid16,quartic,116,2,79,0.0005091349283854168
grid16,quartic,117,0,61,0.0005218505859375
grid16,quartic,117,1,78,0.0005330403645833334
grid16,quartic,117,2,79,0.0005269368489583333
grid16,quartic,118,0,62,0.0004735310872395834
grid16,quartic,118,1,63,0.0004643758138020835
grid16,quartic,118,2,80,0.0004760742187500001
grid16,quartic,119,0,62,0.0004938761393229168
grid16,quartic,119,1,79,0.0005050659179687501
grid16,quartic,119,2,80,0.0004964192708333333
grid16,quartic,120,0,63,0.00043284098307291684
grid16,quartic,120,1,64,0.0004211425781250001
grid16,quartic,120,2,81,0.0004328409830729167
grid16,quartic,121,0,63,0.0004557291666666667
grid16,quartic,121,1,80,0.0004669189453125
grid16,quartic,121,2,81,0.0004557291666666666
grid16,quartic,122,0,64,0.0003819783528645834
grid16,quartic,122,1,65,0.00036773681640625
grid16,quartic,122,2,82,0.0003794352213541667
grid16,quartic,123,0,64,0.00040740966796874993
grid16,quartic,123,1,81,0.0004185994466145833
grid16,quartic,123,2,82,0.0004048665364583332
grid16,quartic,124,0,65,0.0003209431966145833
grid16,quartic,124,1,66,0.00030415852864583334
grid16,quartic,124,2,83,0.00031585693359375
grid16,quartic,125,0,65,0.00034891764322916657
grid16,quartic,125,1,82,0.0003601074218749999
grid16,quartic,125,2,83,0.0003438313802083331
grid16,quartic,126,0,66,0.0002497355143229167
grid16,quartic,126,1,67,0.00023040771484375
grid16,quartic,126,2,84,0.00024210611979166662
grid16,quartic,127,0,66,0.00028025309244791673
grid16,quartic,127,1,83,0.00029144287109375
grid16,quartic,127,2,84,0.0002726236979166667
grid16,quartic,128,0,68,0.00029296875000000004
grid16,quartic,128,1,69,0.0003117879231770834
grid16,quartic,128,2,86,0.00032094319661458336
grid16,quartic,129,0,68,0.0002827962239583334
grid16,quartic,129,1,85,0.0002914428710937501
grid16,quartic,129,2,86,0.00031077067057291673
grid16,quartic,130,0,69,0.00036417643229166673
grid16,quartic,130,1,70,0.00038045247395833345
grid16,quartic,130,2,87,0.0003896077473958334
grid16,quartic,131,0,69,0.0003565470377604167
grid16,quartic,131,1,86,0.00036519368489583334
grid16,quartic,131,2,87,0.00038197835286458336
grid16,quartic,132,0,70,0.0004252115885416668
grid16,quartic,132,1,71,0.00043894449869791665
grid16,quartic,132,2,88,0.00044809977213541673
grid16,quartic,133,0,70,0.00042012532552083347
grid16,quartic,133,1,87,0.0004287719726562502
grid16,quartic,133,2,88,0.0004430135091145834
grid16,quartic,134,0,71,0.00047607421875000004
grid16,quartic,134,1,72,0.0004872639973958333
grid16,quartic,134,2,89,0.0004964192708333333
grid16,quartic,135,0,71,0.0004735310872395834
grid16,quartic,135,1,88,0.000482177734375
grid16,quartic,135,2,89,0.0004938761393229168
grid16,quartic,136,0,72,0.0005167643229166667
grid16,quartic,136,1,73,0.0005254109700520834
grid16,quartic,136,2,90,0.0005345662434895834
grid16,quartic,137,0,72,0.0005167643229166667
grid16,quartic,137,1,89,0.0005254109700520834
grid16,quartic,137,2,90,0.0005345662434895834
grid16,quartic,138,0,73,0.0005472819010416667
grid16,quartic,138,1,74,0.0005533854166666668
grid16,quartic,138,2,91,0.0005625406901041668
grid16,quartic,139,0,73,0.0005498250325520834
grid16,quartic,139,1,90,0.0005584716796875001
grid16,quartic,139,2,91,0.0005650838216145834
grid16,quartic,140,0,74,0.000567626953125
grid16,quartic,140,1,75,0.0005711873372395834
grid16,quartic,140,2,92,0.0005803426106770834
grid16,quartic,141,0,74,0.0005727132161458335
grid16,quartic,141,1,91,0.0005813598632812501
grid16,quartic,141,2,92,0.0005854288736979168
grid16,quartic,142,0,75,0.0005777994791666667
grid16,quartic,142,1,76,0.0005788167317708334
grid16,quartic,142,2,93,0.0005879720052083334
grid16,quartic,143,0,75,0.0005854288736979168
grid16,quartic,143,1,92,0.0005940755208333334
grid16,quartic,143,2,93,0.0005956013997395834
grid16,quartic,144,0,76,0.0005777994791666668
grid16,quartic,144,1,77,0.0005762736002604168
grid16,quartic,144,2,94,0.0005854288736979168
grid16,quartic,145,0,76,0.0005879720052083334
grid16,quartic,145,1,93,0.0005966186523437501
grid16,quartic,145,2,94,0.0005956013997395835
grid16,quartic,146,0,77,0.000567626953125
grid16,quartic,146,1,78,0.0005635579427083334
grid16,quartic,146,2,95,0.0005727132161458333
grid16,quartic,147,0,77,0.0005803426106770833
grid16,quartic,147,1,94,0.0005889892578125001
grid16,quartic,147,2,95,0.0005854288736979168
grid16,quartic,148,0,78,0.0005472819010416667
grid16,quartic,148,1,79,0.0005406697591145834
grid16,quartic,148,2,96,0.0005498250325520833
grid16,quartic,149,0,78,0.0005625406901041667
grid16,quartic,149,1,95,0.0005711873372395834
grid16,quartic,149,2,96,0.0005650838216145833
grid16,quartic,150,0,79,0.0005167643229166668
grid16,quartic,150,1,80,0.0005076090494791668
grid16,quartic,150,2,97,0.0005167643229166668
grid16,quartic,151,0,79,0.0005345662434895835
grid16,quartic,151,1,96,0.0005432128906250001
grid16,quartic,151,2,97,0.0005345662434895834
grid16,quartic,152,0,80,0.0004760742187500001
grid16,quartic,152,1,81,0.0004643758138020834
grid16,quartic,152,2,98,0.00047353108723958336
grid16,quartic,153,0,80,0.0004964192708333334
grid16,quartic,153,1,97,0.0005050659179687501
grid16,quartic,153,2,98,0.0004938761393229168
grid16,quartic,154,0,81,0.0004252115885416667
grid16,quartic,154,1,82,0.0004109700520833332
grid16,quartic,154,2,99,0.00042012532552083325
grid16,quartic,155,0,81,0.0004480997721354167
grid16,quartic,155,1,98,0.0004567464192708333
grid16,quartic,155,2,99,0.0004430135091145833
grid16,quartic,156,0,82,0.0003641764322916667
grid16,quartic,156,1,83,0.00034739176432291665
grid16,quartic,156,2,100,0.0003565470377604167
grid16,quartic,157,0,82,0.0003896077473958333
grid16,quartic,157,1,99,0.0003982543945312499
grid16,quartic,157,2,100,0.0003819783528645832
grid16,quartic,158,0,83,0.00029296875
grid16,quartic,158,1,84,0.0002736409505208333
grid16,quartic,158,2,101,0.0002827962239583333
grid16,quartic,159,0,83,0.0003209431966145834
grid16,quartic,159,1,100,0.0003295898437500001
grid16,quartic,159,2,101,0.0003107706705729167
grid16,quartic,160,0,85,0.0003260294596354168
grid16,quartic,160,1,86,0.00034484863281250013
grid16,quartic,160,2,103,0.00035146077473958336
grid16,quartic,161,0,85,0.0003133138020833334
grid16,quartic,161,1,102,0.00031941731770833334
grid16,quartic,161,2,103,0.00033874511718750004
grid16,quartic,162,0,86,0.00039723714192708336
grid16,quartic,162,1,87,0.00041351318359374997
grid16,quartic,162,2,104,0.0004201253255208333
grid16,quartic,163,0,86,0.0003870646158854168
grid16,quartic,163,1,103,0.00039316813151041676
grid16,quartic,163,2,104,0.0004099527994791668
grid16,quartic,164,0,87,0.0004582722981770834
grid16,quartic,164,1,88,0.0004720052083333333
grid16,quartic,164,2,105,0.0004786173502604167
grid16,quartic,165,0,87,0.00045064290364583347
grid16,quartic,165,1,104,0.00045674641927083334
grid16,quartic,165,2,105,0.00047098795572916673
grid16,quartic,166,0,88,0.0005091349283854168
grid16,quartic,166,1,89,0.0005203247070312501
grid16,quartic,166,2,106,0.0005269368489583334
grid16,quartic,167,0,88,0.0005040486653645834
grid16,quartic,167,1,105,0.0005101521809895835
grid16,quartic,167,2,106,0.0005218505859375
grid16,quartic,168,0,89,0.0005498250325520834
grid16,quartic,168,1,90,0.0005584716796875001
grid16,quartic,168,2,107,0.0005650838216145834
grid16,quartic,169,0,89,0.0005472819010416667
grid16,quartic,169,1,106,0.0005533854166666668
grid16,quartic,169,2,107,0.0005625406901041668
grid16,quartic,170,0,90,0.0005803426106770833
grid16,quartic,170,1,91,0.0005864461263020834
grid16,quartic,170,2,108,0.0005930582682291668
grid16,quartic,171,0,90,0.0005803426106770833
grid16,quartic,171,1,107,0.0005864461263020834
grid16,quartic,171,2,108,0.0005930582682291668
grid16,quartic,172,0,91,0.0006006876627604168
grid16,quartic,172,1,92,0.0006042480468750001
grid16,quartic,172,2,109,0.0006108601888020833
grid16,quartic,173,0,91,0.0006032307942708333
grid16,quartic,173,1,108,0.0006093343098958334
grid16,quartic,173,2,109,0.0006134033203125
grid16,quartic,174,0,92,0.0006108601888020835
grid16,quartic,174,1,93,0.00061187744140625
grid16,quartic,174,2,110,0.0006184895833333333
grid16,quartic,175,0,92,0.0006159464518229168
grid16,quartic,175,1,109,0.0006220499674479168
grid16,quartic,175,2,110,0.0006235758463541668
grid16,quartic,176,0,93,0.0006108601888020834
grid16,quartic,176,1,94,0.0006093343098958334
grid16,quartic,176,2,111,0.0006159464518229168
grid16,quartic,177,0,93,0.0006184895833333333
grid16,quartic,177,1,110,0.0006245930989583334
grid16,quartic,177,2,111,0.0006235758463541668
grid16,quartic,178,0,94,0.0006006876627604168
grid16,quartic,178,1,95,0.0005966186523437501
grid16,quartic,178,2,112,0.0006032307942708334
grid16,quartic,179,0,94,0.0006108601888020835
grid16,quartic,179,1,111,0.0006169637044270834
grid16,quartic,179,2,112,0.0006134033203125
grid16,quartic,180,0,95,0.0005803426106770835
grid16,quartic,180,1,96,0.0005737304687500001
grid16,quartic,180,2,113,0.0005803426106770834
grid16,quartic,181,0,95,0.0005930582682291667
grid16,quartic,181,1,112,0.0005991617838541668
grid16,quartic,181,2,113,0.0005930582682291668
grid16,quartic,182,0,96,0.0005498250325520833
grid16,quartic,182,1,97,0.0005406697591145833
grid16,quartic,182,2,114,0.0005472819010416666
grid16,quartic,183,0,96,0.0005650838216145833
grid16,quartic,183,1,113,0.0005711873372395833
grid16,quartic,183,2,114,0.0005625406901041666
grid16,quartic,184,0,97,0.0005091349283854168
grid16,quartic,184,1,98,0.0004974365234375001
grid16,quartic,184,2,115,0.0005040486653645833
grid16,quartic,185,0,97,0.0005269368489583334
grid16,quartic,185,1,114,0.0005330403645833334
grid16,quartic,185,2,115,0.0005218505859374999
grid16,quartic,186,0,98,0.00045827229817708336
grid16,quartic,186,1,99,0.00044403076171874997
grid16,quartic,186,2,116,0.0004506429036458333
grid16,quartic,187,0,98,0.0004786173502604168
grid16,quartic,187,1,115,0.00048472086588541676
grid16,quartic,187,2,116,0.00047098795572916673
grid16,quartic,188,0,99,0.0003972371419270833
grid16,quartic,188,1,100,0.0003804524739583332
grid16,quartic,188,2,117,0.00038706461588541657
grid16,quartic,189,0,99,0.0004201253255208332
grid16,quartic,189,1,116,0.0004262288411458332
grid16,quartic,189,2,117,0.00040995279947916657
grid16,quartic,190,0,100,0.0003260294596354167
grid16,quartic,190,1,101,0.0003067016601562499
grid16,quartic,190,2,118,0.0003133138020833333
grid16,quartic,191,0,100,0.0003514607747395833
grid16,quartic,191,1,117,0.0003575642903645834
grid16,quartic,191,2,118,0.00033874511718750004
grid16,quartic,192,0,102,0.0003489176432291667
grid16,quartic,192,1,103,0.00036773681640625
grid16,quartic,192,2,120,0.0003718058268229167
grid16,quartic,193,0,102,0.00033365885416666673
grid16,quartic,193,1,119,0.0003372192382812501
grid16,quartic,193,2,120,0.00035654703776041673
grid16,quartic,194,0,103,0.0004201253255208334
grid16,quartic,194,1,104,0.00043640136718750013
grid16,quartic,194,2,121,0.00044047037760416673
grid16,quartic,195,0,103,0.00040740966796875015
grid16,quartic,195,1,120,0.0004109700520833335
grid16,quartic,195,2,121,0.00042775472005208347
grid16,quartic,196,0,104,0.0004811604817708334
grid16,quartic,196,1,105,0.0004948933919270834
grid16,quartic,196,2,122,0.00049896240234375
grid16,quartic,197,0,104,0.00047098795572916673
grid16,quartic,197,1,121,0.0004745483398437501
grid16,quartic,197,2,122,0.0004887898763020833
grid16,quartic,198,0,105,0.0005320231119791667
grid16,quartic,198,1,106,0.000543212890625
grid16,quartic,198,2,123,0.0005472819010416667
grid16,quartic,199,0,105,0.0005243937174479168
grid16,quartic,199,1,122,0.0005279541015625001
grid16,quartic,199,2,123,0.0005396525065104168
grid16,quartic,200,0,106,0.0005727132161458335
grid16,quartic,200,1,107,0.0005813598632812501
grid16,quartic,200,2,124,0.0005854288736979168
grid16,quartic,201,0,106,0.000567626953125
grid16,quartic,201,1,123,0.0005711873372395834
grid16,quartic,201,2,124,0.0005803426106770834
grid16,quartic,202,0,107,0.0006032307942708333
grid16,quartic,202,1,108,0.0006093343098958334
grid16,quartic,202,2,125,0.0006134033203125
grid16,quartic,203,0,107,0.0006006876627604168
grid16,quartic,203,1,124,0.0006042480468750001
grid16,quartic,203,2,125,0.0006108601888020833
grid16,quartic,204,0,108,0.0006235758463541668
grid16,quartic,204,1,109,0.00062713623046875
grid16,quartic,204,2,126,0.0006312052408854167
grid16,quartic,205,0,108,0.0006235758463541668
grid16,quartic,205,1,125,0.00062713623046875
grid16,quartic,205,2,126,0.0006312052408854167
grid16,quartic,206,0,109,0.0006337483723958334
grid16,quartic,206,1,110,0.0006347656250000001
grid16,quartic,206,2,127,0.0006388346354166668
grid16,quartic,207,0,109,0.0006362915039062503
grid16,quartic,207,1,126,0.0006398518880208335
grid16,quartic,207,2,127,0.0006413777669270835
grid16,quartic,208,0,110,0.0006337483723958333
grid16,quartic,208,1,111,0.0006322224934895834
grid16,quartic,208,2,128,0.0006362915039062502
grid16,quartic,209,0,110,0.0006388346354166669
grid16,quartic,209,1,127,0.0006423950195312501
grid16,quartic,209,2,128,0.0006413777669270834
grid16,quartic,210,0,111,0.0006235758463541668
grid16,quartic,210,1,112,0.0006195068359375001
grid16,quartic,210,2,129,0.0006235758463541668
grid16,quartic,211,0,111,0.0006312052408854169
grid16,quartic,211,1,128,0.0006347656250000001
grid16,quartic,211,2,129,0.0006312052408854169
grid16,quartic,212,0,112,0.0006032307942708333
grid16,quartic,212,1,113,0.0005966186523437501
grid16,quartic,212,2,130,0.0006006876627604168
grid16,quartic,213,0,112,0.0006134033203125
grid16,quartic,213,1,129,0.0006169637044270834
grid16,quartic,213,2,130,0.0006108601888020835
grid16,quartic,214,0,113,0.0005727132161458333
grid16,quartic,214,1,114,0.0005635579427083334
grid16,quartic,214,2,131,0.000567626953125
grid16,quartic,215,0,113,0.0005854288736979168
grid16,quartic,215,1,130,0.0005889892578125001
grid16,quartic,215,2,131,0.0005803426106770834
grid16,quartic,216,0,114,0.0005320231119791668
grid16,quartic,216,1,115,0.0005203247070312501
grid16,quartic,216,2,132,0.0005243937174479168
grid16,quartic,217,0,114,0.0005472819010416668
grid16,quartic,217,1,131,0.0005508422851562501
grid16,quartic,217,2,132,0.0005396525065104168
grid16,quartic,218,0,115,0.00048116048177083325
grid16,quartic,218,1,116,0.0004669189453125
grid16,quartic,218,2,133,0.0004709879557291667
grid16,quartic,219,0,115,0.00049896240234375
grid16,quartic,219,1,132,0.0005025227864583334
grid16,quartic,219,2,133,0.0004887898763020833
grid16,quartic,220,0,116,0.0004201253255208333
grid16,quartic,220,1,117,0.0004033406575520833
grid16,quartic,220,2,134,0.00040740966796874993
grid16,quartic,221,0,116,0.00044047037760416657
grid16,quartic,221,1,133,0.0004440307617187499
grid16,quartic,221,2,134,0.0004277547200520832
grid16,quartic,222,0,117,0.00034891764322916657
grid16,quartic,222,1,118,0.0003295898437499999
grid16,quartic,222,2,135,0.00033365885416666657
grid16,quartic,223,0,117,0.00037180582682291673
grid16,quartic,223,1,134,0.0003753662109375001
grid16,quartic,223,2,135,0.0003565470377604168
grid16,quartic,224,0,119,0.00036163330078125015
grid16,quartic,224,1,120,0.00038045247395833345
grid16,quartic,224,2,137,0.0003819783528645834
grid16,quartic,225,0,119,0.0003438313802083333
grid16,quartic,225,1,136,0.00034484863281249997
grid16,quartic,225,2,137,0.0003641764322916667
grid16,quartic,226,0,120,0.0004328409830729168
grid16,quartic,226,1,121,0.0004491170247395835
grid16,quartic,226,2,138,0.0004506429036458334
grid16,quartic,227,0,120,0.0004175821940104168
grid16,quartic,227,1,137,0.0004185994466145834
grid16,quartic,227,2,138,0.0004353841145833334
grid16,quartic,228,0,121,0.0004938761393229167
grid16,quartic,228,1,122,0.0005076090494791667
grid16,quartic,228,2,139,0.0005091349283854166
grid16,quartic,229,0,121,0.0004811604817708333
grid16,quartic,229,1,138,0.000482177734375
grid16,quartic,229,2,139,0.0004964192708333333
grid16,quartic,230,0,122,0.00054473876953125
grid16,quartic,230,1,123,0.0005559285481770834
grid16,quartic,230,2,140,0.0005574544270833333
grid16,quartic,231,0,122,0.0005345662434895835
grid16,quartic,231,1,139,0.0005355834960937501
grid16,quartic,231,2,140,0.0005472819010416668
grid16,quartic,232,0,123,0.0005854288736979168
grid16,quartic,232,1,124,0.0005940755208333334
grid16,quartic,232,2,141,0.0005956013997395834
grid16,quartic,233,0,123,0.0005777994791666667
grid16,quartic,233,1,140,0.0005788167317708334
grid16,quartic,233,2,141,0.0005879720052083334
grid16,quartic,234,0,124,0.0006159464518229168
grid16,quartic,234,1,125,0.0006220499674479168
grid16,quartic,234,2,142,0.0006235758463541668
grid16,quartic,235,0,124,0.0006108601888020835
grid16,quartic,235,1,141,0.00061187744140625
grid16,quartic,235,2,142,0.0006184895833333333
grid16,quartic,236,0,125,0.0006362915039062503
grid16,quartic,236,1,126,0.0006398518880208335
grid16,quartic,236,2,143,0.0006413777669270835
grid16,quartic,237,0,125,0.0006337483723958334
grid16,quartic,237,1,142,0.0006347656250000001
grid16,quartic,237,2,143,0.0006388346354166668
grid16,quartic,238,0,126,0.0006464640299479168
grid16,quartic,238,1,127,0.0006474812825520834
grid16,quartic,238,2,144,0.0006490071614583334
grid16,quartic,239,0,126,0.0006464640299479168
grid16,quartic,239,1,143,0.0006474812825520834
grid16,quartic,239,2,144,0.0006490071614583334
grid16,quartic,240,0,127,0.0006464640299479167
grid16,quartic,240,1,128,0.0006449381510416667
grid16,quartic,240,2,145,0.0006464640299479167
grid16,quartic,241,0,127,0.0006490071614583332
grid16,quartic,241,1,144,0.0006500244140625
grid16,quartic,241,2,145,0.0006490071614583333
grid16,quartic,242,0,128,0.0006362915039062502
grid16,quartic,242,1,129,0.0006322224934895834
grid16,quartic,242,2,146,0.0006337483723958333
grid16,quartic,243,0,128,0.0006413777669270834
grid16,quartic,243,1,145,0.0006423950195312501
grid16,quartic,243,2,146,0.0006388346354166668
grid16,quartic,244,0,129,0.0006159464518229168
grid16,quartic,244,1,130,0.0006093343098958334
grid16,quartic,244,2,147,0.0006108601888020834
grid16,quartic,245,0,129,0.0006235758463541668
grid16,quartic,245,1,146,0.0006245930989583334
grid16,quartic,245,2,147,0.0006184895833333334
grid16,quartic,246,0,130,0.0005854288736979168
grid16,quartic,246,1,131,0.0005762736002604168
grid16,quartic,246,2,148,0.0005777994791666668
grid16,quartic,247,0,130,0.0005956013997395835
grid16,quartic,247,1,147,0.0005966186523437501
grid16,quartic,247,2,148,0.0005879720052083334
grid16,quartic,248,0,131,0.0005447387695312502
grid16,quartic,248,1,132,0.0005330403645833334
grid16,quartic,248,2,149,0.0005345662434895833
grid16,quartic,249,0,131,0.0005574544270833333
grid16,quartic,249,1,148,0.0005584716796875001
grid16,quartic,249,2,149,0.0005472819010416666
grid16,quartic,250,0,132,0.0004938761393229167
grid16,quartic,250,1,133,0.0004796346028645833
grid16,quartic,250,2,150,0.0004811604817708333
grid16,quartic,251,0,132,0.0005091349283854168
grid16,quartic,251,1,149,0.0005101521809895834
grid16,quartic,251,2,150,0.0004964192708333333
grid16,quartic,252,0,133,0.0004328409830729168
grid16,quartic,252,1,134,0.00041605631510416676
grid16,quartic,252,2,151,0.00041758219401041673
grid16,quartic,253,0,133,0.0004506429036458332
grid16,quartic,253,1,150,0.0004516601562499998
grid16,quartic,253,2,151,0.0004353841145833332
grid16,quartic,254,0,134,0.00036163330078124993
grid16,quartic,254,1,135,0.0003423055013020833
grid16,quartic,254,2,152,0.00034383138020833325
grid16,quartic,255,0,134,0.0003819783528645834
grid16,quartic,255,1,151,0.00038299560546875
grid16,quartic,255,2,152,0.00036417643229166673
grid16,quartic,256,0,136,0.0003641764322916668
grid16,quartic,256,1,137,0.00038299560546875013
grid16,quartic,256,2,154,0.0003819783528645834
grid16,quartic,257,0,136,0.00034383138020833336
grid16,quartic,257,1,153,0.0003423055013020834
grid16,quartic,257,2,154,0.00036163330078125004
grid16,quartic,258,0,137,0.00043538411458333336
grid16,quartic,258,1,138,0.00045166015624999997
grid16,quartic,258,2,155,0.00045064290364583336
grid16,quartic,259,0,137,0.0004175821940104167
grid16,quartic,259,1,154,0.00041605631510416676
grid16,quartic,259,2,155,0.0004328409830729168
grid16,quartic,260,0,138,0.0004964192708333333
grid16,quartic,260,1,139,0.0005101521809895833
grid16,quartic,260,2,156,0.0005091349283854167
grid16,quartic,261,0,138,0.0004811604817708334
grid16,quartic,261,1,155,0.0004796346028645833
grid16,quartic,261,2,156,0.0004938761393229167
grid16,quartic,262,0,139,0.0005472819010416668
grid16,quartic,262,1,140,0.0005584716796875001
grid16,quartic,262,2,157,0.0005574544270833333
grid16,quartic,263,0,139,0.0005345662434895835
grid16,quartic,263,1,156,0.0005330403645833334
grid16,quartic,263,2,157,0.00054473876953125
grid16,quartic,264,0,140,0.0005879720052083334
grid16,quartic,264,1,141,0.0005966186523437501
grid16,quartic,264,2,158,0.0005956013997395835
grid16,quartic,265,0,140,0.0005777994791666668
grid16,quartic,265,1,157,0.0005762736002604168
grid16,quartic,265,2,158,0.0005854288736979168
grid16,quartic,266,0,141,0.0006184895833333333
grid16,quartic,266,1,142,0.0006245930989583334
grid16,quartic,266,2,159,0.0006235758463541668
grid16,quartic,267,0,141,0.0006108601888020834
grid16,quartic,267,1,158,0.0006093343098958334
grid16,quartic,267,2,159,0.0006159464518229168
grid16,quartic,268,0,142,0.0006388346354166669
grid16,quartic,268,1,143,0.0006423950195312501
grid16,quartic,268,2,160,0.0006413777669270834
grid16,quartic,269,0,142,0.0006337483723958333
grid16,quartic,269,1,159,0.0006322224934895834
grid16,quartic,269,2,160,0.0006362915039062502
grid16,quartic,270,0,143,0.0006490071614583332
grid16,quartic,270,1,144,0.0006500244140625
grid16,quartic,270,2,161,0.0006490071614583333
grid16,quartic,271,0,143,0.0006464640299479167
grid16,quartic,271,1,160,0.0006449381510416667
grid16,quartic,271,2,161,0.0006464640299479167
grid16,quartic,272,0,144,0.0006490071614583334
grid16,quartic,272,1,145,0.0006474812825520834
grid16,quartic,272,2,162,0.0006464640299479168
grid16,quartic,273,0,144,0.0006490071614583334
grid16,quartic,273,1,161,0.0006474812825520834
grid16,quartic,273,2,162,0.0006464640299479168
grid16,quartic,274,0,145,0.0006388346354166668
grid16,quartic,274,1,146,0.0006347656250000001
grid16,quartic,274,2,163,0.0006337483723958334
grid16,quartic,275,0,145,0.0006413777669270835
grid16,quartic,275,1,162,0.0006398518880208334
grid16,quartic,275,2,163,0.00063629150390625
grid16,quartic,276,0,146,0.0006184895833333333
grid16,quartic,276,1,147,0.0006118774414062501
grid16,quartic,276,2,164,0.0006108601888020834
grid16,quartic,277,0,146,0.0006235758463541668
grid16,quartic,277,1,163,0.0006220499674479167
grid16,quartic,277,2,164,0.0006159464518229168
grid16,quartic,278,0,147,0.0005879720052083333
grid16,quartic,278,1,148,0.0005788167317708334
grid16,quartic,278,2,165,0.0005777994791666666
grid16,quartic,279,0,147,0.0005956013997395834
grid16,quartic,279,1,164,0.0005940755208333334
grid16,quartic,279,2,165,0.0005854288736979168
grid16,quartic,280,0,148,0.0005472819010416668
grid16,quartic,280,1,149,0.00053558349609375
grid16,quartic,280,2,166,0.0005345662434895834
grid16,quartic,281,0,148,0.0005574544270833333
grid16,quartic,281,1,165,0.0005559285481770834
grid16,quartic,281,2,166,0.00054473876953125
grid16,quartic,282,0,149,0.0004964192708333333
grid16,quartic,282,1,150,0.00048217773437499997
grid16,quartic,282,2,167,0.0004811604817708333
grid16,quartic,283,0,149,0.0005091349283854168
grid16,quartic,283,1,166,0.0005076090494791667
grid16,quartic,283,2,167,0.0004938761393229166
grid16,quartic,284,0,150,0.0004353841145833333
grid16,quartic,284,1,151,0.0004185994466145833
grid16,quartic,284,2,168,0.00041758219401041657
grid16,quartic,285,0,150,0.0004506429036458332
grid16,quartic,285,1,167,0.0004491170247395832
grid16,quartic,285,2,168,0.00043284098307291657
grid16,quartic,286,0,151,0.0003641764322916666
grid16,quartic,286,1,152,0.0003448486328124999
grid16,quartic,286,2,169,0.0003438313802083332
grid16,quartic,287,0,151,0.0003819783528645833
grid16,quartic,287,1,168,0.0003804524739583334
grid16,quartic,287,2,169,0.00036163330078125004
grid16,quartic,288,0,153,0.0003565470377604167
grid16,quartic,288,1,154,0.0003753662109375
grid16,quartic,288,2,171,0.0003718058268229167
grid16,quartic,289,0,153,0.00033365885416666673
grid16,quartic,289,1,170,0.0003295898437500001
grid16,quartic,289,2,171,0.00034891764322916673
grid16,quartic,290,0,154,0.0004277547200520834
grid16,quartic,290,1,155,0.00044403076171875
grid16,quartic,290,2,172,0.0004404703776041667
grid16,quartic,291,0,154,0.0004074096679687501
grid16,quartic,291,1,171,0.00040334065755208345
grid16,quartic,291,2,172,0.0004201253255208334
grid16,quartic,292,0,155,0.0004887898763020833
grid16,quartic,292,1,156,0.0005025227864583334
grid16,quartic,292,2,173,0.00049896240234375
grid16,quartic,293,0,155,0.0004709879557291668
grid16,quartic,293,1,172,0.00046691894531250013
grid16,quartic,293,2,173,0.0004811604817708333
grid16,quartic,294,0,156,0.0005396525065104167
grid16,quartic,294,1,157,0.0005508422851562499
grid16,quartic,294,2,174,0.0005472819010416666
grid16,quartic,295,0,156,0.0005243937174479169
grid16,quartic,295,1,173,0.0005203247070312501
grid16,quartic,295,2,174,0.0005320231119791669
grid16,quartic,296,0,157,0.0005803426106770833
grid16,quartic,296,1,158,0.0005889892578125001
grid16,quartic,296,2,175,0.0005854288736979168
grid16,quartic,297,0,157,0.000567626953125
grid16,quartic,297,1,174,0.0005635579427083334
grid16,quartic,297,2,175,0.0005727132161458333
grid16,quartic,298,0,158,0.0006108601888020835
grid16,quartic,298,1,159,0.0006169637044270834
grid16,quartic,298,2,176,0.0006134033203125
grid16,quartic,299,0,158,0.0006006876627604168
grid16,quartic,299,1,175,0.0005966186523437501
grid16,quartic,299,2,176,0.0006032307942708334
grid16,quartic,300,0,159,0.0006312052408854169
grid16,quartic,300,1,160,0.0006347656250000001
grid16,quartic,300,2,177,0.0006312052408854169
grid16,quartic,301,0,159,0.0006235758463541668
grid16,quartic,301,1,176,0.0006195068359375001
grid16,quartic,301,2,177,0.0006235758463541668
grid16,quartic,302,0,160,0.0006413777669270834
grid16,quartic,302,1,161,0.0006423950195312501
grid16,quartic,302,2,178,0.0006388346354166668
grid16,quartic,303,0,160,0.0006362915039062502
grid16,quartic,303,1,177,0.0006322224934895834
grid16,quartic,303,2,178,0.0006337483723958333
grid16,quartic,304,0,161,0.0006413777669270835
grid16,quartic,304,1,162,0.0006398518880208334
grid16,quartic,304,2,179,0.00063629150390625
grid16,quartic,305,0,161,0.0006388346354166668
grid16,quartic,305,1,178,0.0006347656250000001
grid16,quartic,305,2,179,0.0006337483723958334
grid16,quartic,306,0,162,0.0006312052408854168
grid16,quartic,306,1,163,0.00062713623046875
grid16,quartic,306,2,180,0.0006235758463541667
grid16,quartic,307,0,162,0.0006312052408854168
grid16,quartic,307,1,179,0.00062713623046875
grid16,quartic,307,2,180,0.0006235758463541667
grid16,quartic,308,0,163,0.0006108601888020833
grid16,quartic,308,1,164,0.0006042480468750001
grid16,quartic,308,2,181,0.0006006876627604168
grid16,quartic,309,0,163,0.0006134033203125002
grid16,quartic,309,1,180,0.0006093343098958334
grid16,quartic,309,2,181,0.0006032307942708334
grid16,quartic,310,0,164,0.0005803426106770833
grid16,quartic,310,1,165,0.0005711873372395834
grid16,quartic,310,2,182,0.000567626953125
grid16,quartic,311,0,164,0.0005854288736979168
grid16,quartic,311,1,181,0.0005813598632812501
grid16,quartic,311,2,182,0.0005727132161458334
grid16,quartic,312,0,165,0.0005396525065104168
grid16,quartic,312,1,166,0.0005279541015625001
grid16,quartic,312,2,183,0.0005243937174479167
grid16,quartic,313,0,165,0.0005472819010416668
grid16,quartic,313,1,182,0.0005432128906250001
grid16,quartic,313,2,183,0.0005320231119791667
grid16,quartic,314,0,166,0.0004887898763020833
grid16,quartic,314,1,167,0.0004745483398437499
grid16,quartic,314,2,184,0.0004709879557291666
grid16,quartic,315,0,166,0.00049896240234375
grid16,quartic,315,1,183,0.0004948933919270834
grid16,quartic,315,2,184,0.00048116048177083325
grid16,quartic,316,0,167,0.0004277547200520833
grid16,quartic,316,1,168,0.0004109700520833333
grid16,quartic,316,2,185,0.00040740966796874993
grid16,quartic,317,0,167,0.0004404703776041666
grid16,quartic,317,1,184,0.00043640136718749997
grid16,quartic,317,2,185,0.0004201253255208332
grid16,quartic,318,0,168,0.00035654703776041657
grid16,quartic,318,1,169,0.0003372192382812499
grid16,quartic,318,2,186,0.00033365885416666657
grid16,quartic,319,0,168,0.00037180582682291673
grid16,quartic,319,1,185,0.0003677368164062501
grid16,quartic,319,2,186,0.0003489176432291667
grid16,quartic,320,0,170,0.00033874511718750004
grid16,quartic,320,1,171,0.00035756429036458345
grid16,quartic,320,2,188,0.00035146077473958336
grid16,quartic,321,0,170,0.0003133138020833333
grid16,quartic,321,1,187,0.00030670166015624997
grid16,quartic,321,2,188,0.0003260294596354167
grid16,quartic,322,0,171,0.0004099527994791667
grid16,quartic,322,1,172,0.0004262288411458333
grid16,quartic,322,2,189,0.0004201253255208333
grid16,quartic,323,0,171,0.0003870646158854168
grid16,quartic,323,1,188,0.0003804524739583335
grid16,quartic,323,2,189,0.00039723714192708347
grid16,quartic,324,0,172,0.0004709879557291668
grid16,quartic,324,1,173,0.00048472086588541676
grid16,quartic,324,2,190,0.0004786173502604168
grid16,quartic,325,0,172,0.00045064290364583336
grid16,quartic,325,1,189,0.00044403076171874997
grid16,quartic,325,2,190,0.0004582722981770833
grid16,quartic,326,0,173,0.0005218505859375
grid16,quartic,326,1,174,0.0005330403645833334
grid16,quartic,326,2,191,0.0005269368489583333
grid16,quartic,327,0,173,0.0005040486653645834
grid16,quartic,327,1,190,0.0004974365234375001
grid16,quartic,327,2,191,0.0005091349283854168
grid16,quartic,328,0,174,0.0005625406901041667
grid16,quartic,328,1,175,0.0005711873372395834
grid16,quartic,328,2,192,0.0005650838216145833
grid16,quartic,329,0,174,0.0005472819010416667
grid16,quartic,329,1,191,0.0005406697591145834
grid16,quartic,329,2,192,0.0005498250325520833
grid16,quartic,330,0,175,0.0005930582682291667
grid16,quartic,330,1,176,0.0005991617838541668
grid16,quartic,330,2,193,0.0005930582682291668
grid16,quartic,331,0,175,0.0005803426106770835
grid16,quartic,331,1,192,0.0005737304687500001
grid16,quartic,331,2,193,0.0005803426106770834
grid16,quartic,332,0,176,0.0006134033203125
grid16,quartic,332,1,177,0.0006169637044270834
grid16,quartic,332,2,194,0.0006108601888020835
grid16,quartic,333,0,176,0.0006032307942708333
grid16,quartic,333,1,193,0.0005966186523437501
grid16,quartic,333,2,194,0.0006006876627604168
grid16,quartic,334,0,177,0.0006235758463541668
grid16,quartic,334,1,178,0.0006245930989583334
grid16,quartic,334,2,195,0.0006184895833333334
grid16,quartic,335,0,177,0.0006159464518229168
grid16,quartic,335,1,194,0.0006093343098958334
grid16,quartic,335,2,195,0.0006108601888020834
grid16,quartic,336,0,178,0.0006235758463541668
grid16,quartic,336,1,179,0.0006220499674479167
grid16,quartic,336,2,196,0.0006159464518229168
grid16,quartic,337,0,178,0.0006184895833333333
grid16,quartic,337,1,195,0.0006118774414062501
grid16,quartic,337,2,196,0.0006108601888020834
grid16,quartic,338,0,179,0.0006134033203125002
grid16,quartic,338,1,180,0.0006093343098958334
grid16,quartic,338,2,197,0.0006032307942708334
grid16,quartic,339,0,179,0.0006108601888020833
grid16,quartic,339,1,196,0.0006042480468750001
grid16,quartic,339,2,197,0.0006006876627604168
grid16,quartic,340,0,180,0.0005930582682291668
grid16,quartic,340,1,181,0.0005864461263020834
grid16,quartic,340,2,198,0.0005803426106770834
grid16,quartic,341,0,180,0.0005930582682291668
grid16,quartic,341,1,197,0.0005864461263020834
grid16,quartic,341,2,198,0.0005803426106770834
grid16,quartic,342,0,181,0.0005625406901041667
grid16,quartic,342,1,182,0.0005533854166666667
grid16,quartic,342,2,199,0.0005472819010416667
grid16,quartic,343,0,181,0.0005650838216145833
grid16,quartic,343,1,198,0.0005584716796875
grid16,quartic,343,2,199,0.0005498250325520833
grid16,quartic,344,0,182,0.0005218505859374999
grid16,quartic,344,1,183,0.0005101521809895834
grid16,quartic,344,2,200,0.0005040486653645833
grid16,quartic,345,0,182,0.0005269368489583333
grid16,quartic,345,1,199,0.00052032470703125
grid16,quartic,345,2,200,0.0005091349283854166
grid16,quartic,346,0,183,0.00047098795572916657
grid16,quartic,346,1,184,0.00045674641927083323
grid16,quartic,346,2,201,0.0004506429036458333
grid16,quartic,347,0,183,0.0004786173502604167
grid16,quartic,347,1,200,0.0004720052083333333
grid16,quartic,347,2,201,0.0004582722981770833
grid16,quartic,348,0,184,0.0004099527994791667
grid16,quartic,348,1,185,0.00039316813151041654
grid16,quartic,348,2,202,0.0003870646158854167
grid16,quartic,349,0,184,0.0004201253255208332
grid16,quartic,349,1,201,0.0004135131835937498
grid16,quartic,349,2,202,0.0003972371419270832
grid16,quartic,350,0,185,0.00033874511718750004
grid16,quartic,350,1,186,0.0003194173177083333
grid16,quartic,350,2,203,0.0003133138020833333
grid16,quartic,351,0,185,0.0003514607747395834
grid16,quartic,351,1,202,0.00034484863281250013
grid16,quartic,351,2,203,0.00032602945963541673
grid16,quartic,352,0,187,0.00031077067057291673
grid16,quartic,352,1,188,0.00032958984375
grid16,quartic,352,2,205,0.0003209431966145834
grid16,quartic,353,0,187,0.00028279622395833336
grid16,quartic,353,1,204,0.0002736409505208334
grid16,quartic,353,2,205,0.00029296875000000004
grid16,quartic,354,0,188,0.00038197835286458336
grid16,quartic,354,1,189,0.0003982543945312501
grid16,quartic,354,2,206,0.0003896077473958333
grid16,quartic,355,0,188,0.00035654703776041673
grid16,quartic,355,1,205,0.00034739176432291665
grid16,quartic,355,2,206,0.00036417643229166673
grid16,quartic,356,0,189,0.00044301350911458336
grid16,quartic,356,1,190,0.00045674641927083334
grid16,quartic,356,2,207,0.0004480997721354167
grid16,quartic,357,0,189,0.0004201253255208333
grid16,quartic,357,1,206,0.0004109700520833334
grid16,quartic,357,2,207,0.0004252115885416667
grid16,quartic,358,0,190,0.0004938761393229168
grid16,quartic,358,1,191,0.0005050659179687501
grid16,quartic,358,2,208,0.0004964192708333333
grid16,quartic,359,0,190,0.0004735310872395834
grid16,quartic,359,1,207,0.0004643758138020835
grid16,quartic,359,2,208,0.0004760742187500001
grid16,quartic,360,0,191,0.0005345662434895835
grid16,quartic,360,1,192,0.0005432128906250001
grid16,quartic,360,2,209,0.0005345662434895834
grid16,quartic,361,0,191,0.0005167643229166668
grid16,quartic,361,1,208,0.0005076090494791668
grid16,quartic,361,2,209,0.0005167643229166668
grid16,quartic,362,0,192,0.0005650838216145833
grid16,quartic,362,1,193,0.0005711873372395833
grid16,quartic,362,2,210,0.0005625406901041666
grid16,quartic,363,0,192,0.0005498250325520833
grid16,quartic,363,1,209,0.0005406697591145833
grid16,quartic,363,2,210,0.0005472819010416666
grid16,quartic,364,0,193,0.0005854288736979168
grid16,quartic,364,1,194,0.0005889892578125001
grid16,quartic,364,2,211,0.0005803426106770834
grid16,quartic,365,0,193,0.0005727132161458333
grid16,quartic,365,1,210,0.0005635579427083334
grid16,quartic,365,2,211,0.000567626953125
grid16,quartic,366,0,194,0.0005956013997395835
grid16,quartic,366,1,195,0.0005966186523437501
grid16,quartic,366,2,212,0.0005879720052083334
grid16,quartic,367,0,194,0.0005854288736979168
grid16,quartic,367,1,211,0.0005762736002604168
grid16,quartic,367,2,212,0.0005777994791666668
grid16,quartic,368,0,195,0.0005956013997395834
grid16,quartic,368,1,196,0.0005940755208333334
grid16,quartic,368,2,213,0.0005854288736979168
grid16,quartic,369,0,195,0.0005879720052083333
grid16,quartic,369,1,212,0.0005788167317708334
grid16,quartic,369,2,213,0.0005777994791666666
grid16,quartic,370,0,196,0.0005854288736979168
grid16,quartic,370,1,197,0.0005813598632812501
grid16,quartic,370,2,214,0.0005727132161458334
grid16,quartic,371,0,196,0.0005803426106770833
grid16,quartic,371,1,213,0.0005711873372395834
grid16,quartic,371,2,214,0.000567626953125
grid16,quartic,372,0,197,0.0005650838216145833
grid16,quartic,372,1,198,0.0005584716796875
grid16,quartic,372,2,215,0.0005498250325520833
grid16,quartic,373,0,197,0.0005625406901041667
grid16,quartic,373,1,214,0.0005533854166666667
grid16,quartic,373,2,215,0.0005472819010416667
grid16,quartic,374,0,198,0.0005345662434895833
grid16,quartic,374,1,199,0.0005254109700520834
grid16,quartic,374,2,216,0.0005167643229166667
grid16,quartic,375,0,198,0.0005345662434895833
grid16,quartic,375,1,215,0.0005254109700520834
grid16,quartic,375,2,216,0.0005167643229166667
grid16,quartic,376,0,199,0.0004938761393229168
grid16,quartic,376,1,200,0.000482177734375
grid16,quartic,376,2,217,0.0004735310872395834
grid16,quartic,377,0,199,0.0004964192708333333
grid16,quartic,377,1,216,0.0004872639973958334
grid16,quartic,377,2,217,0.00047607421874999993
grid16,quartic,378,0,200,0.0004430135091145832
grid16,quartic,378,1,201,0.00042877197265625
grid16,quartic,378,2,218,0.0004201253255208332
grid16,quartic,379,0,200,0.0004480997721354167
grid16,quartic,379,1,217,0.00043894449869791676
grid16,quartic,379,2,218,0.0004252115885416667
grid16,quartic,380,0,201,0.0003819783528645833
grid16,quartic,380,1,202,0.0003651936848958333
grid16,quartic,380,2,219,0.00035654703776041657
grid16,quartic,381,0,201,0.0003896077473958332
grid16,quartic,381,1,218,0.0003804524739583332
grid16,quartic,381,2,219,0.00036417643229166646
grid16,quartic,382,0,202,0.0003107706705729166
grid16,quartic,382,1,203,0.0002914428710937499
grid16,quartic,382,2,220,0.00028279622395833325
grid16,quartic,383,0,202,0.0003209431966145833
grid16,quartic,383,1,219,0.00031178792317708334
grid16,quartic,383,2,220,0.00029296875
grid16,quartic,384,0,204,0.0002726236979166667
grid16,quartic,384,1,205,0.00029144287109375
grid16,quartic,384,2,222,0.0002802530924479166
grid16,quartic,385,0,204,0.00024210611979166673
grid16,quartic,385,1,221,0.00023040771484374997
grid16,quartic,385,2,222,0.0002497355143229167
grid16,quartic,386,0,205,0.0003438313802083334
grid16,quartic,386,1,206,0.000360107421875
grid16,quartic,386,2,223,0.0003489176432291667
grid16,quartic,387,0,205,0.0003158569335937501
grid16,quartic,387,1,222,0.0003041585286458334
grid16,quartic,387,2,223,0.00032094319661458336
grid16,quartic,388,0,206,0.0004048665364583333
grid16,quartic,388,1,207,0.0004185994466145833
grid16,quartic,388,2,224,0.00040740966796874993
grid16,quartic,389,0,206,0.00037943522135416673
grid16,quartic,389,1,223,0.0003677368164062501
grid16,quartic,389,2,224,0.0003819783528645833
grid16,quartic,390,0,207,0.0004557291666666667
grid16,quartic,390,1,208,0.0004669189453125
grid16,quartic,390,2,225,0.0004557291666666666
grid16,quartic,391,0,207,0.00043284098307291684
grid16,quartic,391,1,224,0.0004211425781250001
grid16,quartic,391,2,225,0.0004328409830729167
grid16,quartic,392,0,208,0.0004964192708333334
grid16,quartic,392,1,209,0.0005050659179687501
grid16,quartic,392,2,226,0.0004938761393229168
grid16,quartic,393,0,208,0.0004760742187500001
grid16,quartic,393,1,225,0.0004643758138020834
grid16,quartic,393,2,226,0.00047353108723958336
grid16,quartic,394,0,209,0.0005269368489583334
grid16,quartic,394,1,210,0.0005330403645833334
grid16,quartic,394,2,227,0.0005218505859374999
grid16,quartic,395,0,209,0.0005091349283854168
grid16,quartic,395,1,226,0.0004974365234375001
grid16,quartic,395,2,227,0.0005040486653645833
grid16,quartic,396,0,210,0.0005472819010416668
grid16,quartic,396,1,211,0.0005508422851562501
grid16,quartic,396,2,228,0.0005396525065104168
grid16,quartic,397,0,210,0.0005320231119791668
grid16,quartic,397,1,227,0.0005203247070312501
grid16,quartic,397,2,228,0.0005243937174479168
grid16,quartic,398,0,211,0.0005574544270833333
grid16,quartic,398,1,212,0.0005584716796875001
grid16,quartic,398,2,229,0.0005472819010416666
grid16,quartic,399,0,211,0.0005447387695312502
grid16,quartic,399,1,228,0.0005330403645833334
grid16,quartic,399,2,229,0.0005345662434895833
grid16,quartic,400,0,212,0.0005574544270833333
grid16,quartic,400,1,213,0.0005559285481770834
grid16,quartic,400,2,230,0.00054473876953125
grid16,quartic,401,0,212,0.0005472819010416668
grid16,quartic,401,1,229,0.00053558349609375
grid16,quartic,401,2,230,0.0005345662434895834
grid16,quartic,402,0,213,0.0005472819010416668
grid16,quartic,402,1,214,0.0005432128906250001
grid16,quartic,402,2,231,0.0005320231119791667
grid16,quartic,403,0,213,0.0005396525065104168
grid16,quartic,403,1,230,0.0005279541015625001
grid16,quartic,403,2,231,0.0005243937174479167
grid16,quartic,404,0,214,0.0005269368489583333
grid16,quartic,404,1,215,0.00052032470703125
grid16,quartic,404,2,232,0.0005091349283854166
grid16,quartic,405,0,214,0.0005218505859374999
grid16,quartic,405,1,231,0.0005101521809895834
grid16,quartic,405,2,232,0.0005040486653645833
grid16,quartic,406,0,215,0.0004964192708333333
grid16,quartic,406,1,216,0.0004872639973958334
grid16,quartic,406,2,233,0.00047607421874999993
grid16,quartic,407,0,215,0.0004938761393229168
grid16,quartic,407,1,232,0.000482177734375
grid16,quartic,407,2,233,0.0004735310872395834
grid16,quartic,408,0,216,0.0004557291666666668
grid16,quartic,408,1,217,0.0004440307617187499
grid16,quartic,408,2,234,0.0004328409830729166
grid16,quartic,409,0,216,0.0004557291666666668
grid16,quartic,409,1,233,0.0004440307617187499
grid16,quartic,409,2,234,0.0004328409830729166
grid16,quartic,410,0,217,0.0004048665364583333
grid16,quartic,410,1,218,0.00039062499999999997
grid16,quartic,410,2,235,0.0003794352213541666
grid16,quartic,411,0,217,0.00040740966796875004
grid16,quartic,411,1,234,0.0003957112630208333
grid16,quartic,411,2,235,0.0003819783528645833
grid16,quartic,412,0,218,0.0003438313802083333
grid16,quartic,412,1,219,0.0003270467122395833
grid16,quartic,412,2,236,0.00031585693359374993
grid16,quartic,413,0,218,0.0003489176432291667
grid16,quartic,413,1,235,0.0003372192382812499
grid16,quartic,413,2,236,0.0003209431966145832
grid16,quartic,414,0,219,0.0002726236979166666
grid16,quartic,414,1,220,0.00025329589843749997
grid16,quartic,414,2,237,0.00024210611979166657
grid16,quartic,415,0,219,0.0002802530924479168
grid16,quartic,415,1,236,0.0002685546875
grid16,quartic,415,2,237,0.0002497355143229167
grid16,quartic,416,0,221,0.00022430419921875
grid16,quartic,416,1,222,0.00024312337239583334
grid16,quartic,416,2,239,0.00022939046223958325
grid16,quartic,417,0,221,0.00019124348958333328
grid16,quartic,417,1,238,0.00017700195312499994
grid16,quartic,417,2,239,0.00019632975260416662
grid16,quartic,418,0,222,0.00029551188151041673
grid16,quartic,418,1,223,0.0003117879231770834
grid16,quartic,418,2,240,0.0002980550130208333
grid16,quartic,419,0,222,0.00026499430338541657
grid16,quartic,419,1,239,0.00025075276692708323
grid16,quartic,419,2,240,0.0002675374348958332
grid16,quartic,420,0,223,0.00035654703776041673
grid16,quartic,420,1,224,0.00037027994791666676
grid16,quartic,420,2,241,0.0003565470377604166
grid16,quartic,421,0,223,0.0003285725911458333
grid16,quartic,421,1,240,0.0003143310546874999
grid16,quartic,421,2,241,0.00032857259114583325
grid16,quartic,422,0,224,0.00040740966796874993
grid16,quartic,422,1,225,0.0004185994466145833
grid16,quartic,422,2,242,0.0004048665364583332
grid16,quartic,423,0,224,0.0003819783528645834
grid16,quartic,423,1,241,0.00036773681640625
grid16,quartic,423,2,242,0.0003794352213541667
grid16,quartic,424,0,225,0.0004480997721354167
grid16,quartic,424,1,226,0.0004567464192708333
grid16,quartic,424,2,243,0.0004430135091145833
grid16,quartic,425,0,225,0.0004252115885416667
grid16,quartic,425,1,242,0.0004109700520833332
grid16,quartic,425,2,243,0.00042012532552083325
grid16,quartic,426,0,226,0.0004786173502604168
grid16,quartic,426,1,227,0.00048472086588541676
grid16,quartic,426,2,244,0.00047098795572916673
grid16,quartic,427,0,226,0.00045827229817708336
grid16,quartic,427,1,243,0.00044403076171874997
grid16,quartic,427,2,244,0.0004506429036458333
grid16,quartic,428,0,227,0.00049896240234375
grid16,quartic,428,1,228,0.0005025227864583334
grid16,quartic,428,2,245,0.0004887898763020833
grid16,quartic,429,0,227,0.00048116048177083325
grid16,quartic,429,1,244,0.0004669189453125
grid16,quartic,429,2,245,0.0004709879557291667
grid16,quartic,430,0,228,0.0005091349283854168
grid16,quartic,430,1,229,0.0005101521809895834
grid16,quartic,430,2,246,0.0004964192708333333
grid16,quartic,431,0,228,0.0004938761393229167
grid16,quartic,431,1,245,0.0004796346028645833
grid16,quartic,431,2,246,0.0004811604817708333
grid16,quartic,432,0,229,0.0005091349283854168
grid16,quartic,432,1,230,0.0005076090494791667
grid16,quartic,432,2,247,0.0004938761393229166
grid16,quartic,433,0,229,0.0004964192708333333
grid16,quartic,433,1,246,0.00048217773437499997
grid16,quartic,433,2,247,0.0004811604817708333
grid16,quartic,434,0,230,0.00049896240234375
grid16,quartic,434,1,231,0.0004948933919270834
grid16,quartic,434,2,248,0.00048116048177083325
grid16,quartic,435,0,230,0.0004887898763020833
grid16,quartic,435,1,247,0.0004745483398437499
grid16,quartic,435,2,248,0.0004709879557291666
grid16,quartic,436,0,231,0.0004786173502604167
grid16,quartic,436,1,232,0.0004720052083333333
grid16,quartic,436,2,249,0.0004582722981770833
grid16,quartic,437,0,231,0.00047098795572916657
grid16,quartic,437,1,248,0.00045674641927083323
grid16,quartic,437,2,249,0.0004506429036458333
grid16,quartic,438,0,232,0.0004480997721354167
grid16,quartic,438,1,233,0.00043894449869791676
grid16,quartic,438,2,250,0.0004252115885416667
grid16,quartic,439,0,232,0.0004430135091145832
grid16,quartic,439,1,249,0.00042877197265625
grid16,quartic,439,2,250,0.0004201253255208332
grid16,quartic,440,0,233,0.00040740966796875004
grid16,quartic,440,1,234,0.0003957112630208333
grid16,quartic,440,2,251,0.0003819783528645833
grid16,quartic,441,0,233,0.0004048665364583333
grid16,quartic,441,1,250,0.00039062499999999997
grid16,quartic,441,2,251,0.0003794352213541666
grid16,quartic,442,0,234,0.0003565470377604166
grid16,quartic,442,1,235,0.00034230550130208323
grid16,quartic,442,2,252,0.0003285725911458332
grid16,quartic,443,0,234,0.0003565470377604166
grid16,quartic,443,1,251,0.00034230550130208323
grid16,quartic,443,2,252,0.0003285725911458332
grid16,quartic,444,0,235,0.00029551188151041657
grid16,quartic,444,1,236,0.00027872721354166654
grid16,quartic,444,2,253,0.0002649943033854165
grid16,quartic,445,0,235,0.00029805501302083314
grid16,quartic,445,1,252,0.0002838134765624998
grid16,quartic,445,2,253,0.0002675374348958331
grid16,quartic,446,0,236,0.00022430419921874993
grid16,quartic,446,1,237,0.00020497639973958323
grid16,quartic,446,2,254,0.00019124348958333317
grid16,quartic,447,0,236,0.00022939046223958325
grid16,quartic,447,1,253,0.0002151489257812499
grid16,quartic,447,2,254,0.00019632975260416657
grid16,quartic,448,0,238,0.00016581217447916654
grid16,quartic,448,1,239,0.00018463134765624983
grid16,quartic,448,2,256,0.00016835530598958317
grid16,quartic,449,0,238,0.00013020833333333328
grid16,quartic,449,1,255,0.00011342366536458328
grid16,quartic,449,2,256,0.00013275146484374993
grid16,quartic,450,0,239,0.0002370198567708332
grid16,quartic,450,1,240,0.0002532958984374999
grid16,quartic,450,2,257,0.0002370198567708332
grid16,quartic,451,0,239,0.00020395914713541667
grid16,quartic,451,1,256,0.00018717447916666665
grid16,quartic,451,2,257,0.00020395914713541667
grid16,quartic,452,0,240,0.0002980550130208332
grid16,quartic,452,1,241,0.0003117879231770832
grid16,quartic,452,2,258,0.0002955118815104165
grid16,quartic,453,0,240,0.0002675374348958333
grid16,quartic,453,1,257,0.0002507527669270833
grid16,quartic,453,2,258,0.00026499430338541657
grid16,quartic,454,0,241,0.00034891764322916657
grid16,quartic,454,1,242,0.0003601074218749999
grid16,quartic,454,2,259,0.0003438313802083331
grid16,quartic,455,0,241,0.0003209431966145833
grid16,quartic,455,1,258,0.00030415852864583334
grid16,quartic,455,2,259,0.00031585693359375
grid16,quartic,456,0,242,0.0003896077473958333
grid16,quartic,456,1,243,0.0003982543945312499
grid16,quartic,456,2,260,0.0003819783528645832
grid16,quartic,457,0,242,0.0003641764322916667
grid16,quartic,457,1,259,0.00034739176432291665
grid16,quartic,457,2,260,0.0003565470377604167
grid16,quartic,458,0,243,0.0004201253255208332
grid16,quartic,458,1,244,0.0004262288411458332
grid16,quartic,458,2,261,0.00040995279947916657
grid16,quartic,459,0,243,0.0003972371419270833
grid16,quartic,459,1,260,0.0003804524739583332
grid16,quartic,459,2,261,0.00038706461588541657
grid16,quartic,460,0,244,0.00044047037760416657
grid16,quartic,460,1,245,0.0004440307617187499
grid16,quartic,460,2,262,0.0004277547200520832
grid16,quartic,461,0,244,0.0004201253255208333
grid16,quartic,461,1,261,0.0004033406575520833
grid16,quartic,461,2,262,0.00040740966796874993
grid16,quartic,462,0,245,0.0004506429036458332
grid16,quartic,462,1,246,0.0004516601562499998
grid16,quartic,462,2,263,0.0004353841145833332
grid16,quartic,463,0,245,0.0004328409830729168
grid16,quartic,463,1,262,0.00041605631510416676
grid16,quartic,463,2,263,0.00041758219401041673
grid16,quartic,464,0,246,0.0004506429036458332
grid16,quartic,464,1,247,0.0004491170247395832
grid16,quartic,464,2,264,0.00043284098307291657
grid16,quartic,465,0,246,0.0004353841145833333
grid16,quartic,465,1,263,0.0004185994466145833
grid16,quartic,465,2,264,0.00041758219401041657
grid16,quartic,466,0,247,0.0004404703776041666
grid16,quartic,466,1,248,0.00043640136718749997
grid16,quartic,466,2,265,0.0004201253255208332
grid16,quartic,467,0,247,0.0004277547200520833
grid16,quartic,467,1,264,0.0004109700520833333
grid16,quartic,467,2,265,0.00040740966796874993
grid16,quartic,468,0,248,0.0004201253255208332
grid16,quartic,468,1,249,0.0004135131835937498
grid16,quartic,468,2,266,0.0003972371419270832
grid16,quartic,469,0,248,0.0004099527994791667
grid16,quartic,469,1,265,0.00039316813151041654
grid16,quartic,469,2,266,0.0003870646158854167
grid16,quartic,470,0,249,0.0003896077473958332
grid16,quartic,470,1,250,0.0003804524739583332
grid16,quartic,470,2,267,0.00036417643229166646
grid16,quartic,471,0,249,0.0003819783528645833
grid16,quartic,471,1,266,0.0003651936848958333
grid16,quartic,471,2,267,0.00035654703776041657
grid16,quartic,472,0,250,0.0003489176432291667
grid16,quartic,472,1,251,0.0003372192382812499
grid16,quartic,472,2,268,0.0003209431966145832
grid16,quartic,473,0,250,0.0003438313802083333
grid16,quartic,473,1,267,0.0003270467122395833
grid16,quartic,473,2,268,0.00031585693359374993
grid16,quartic,474,0,251,0.00029805501302083314
grid16,quartic,474,1,252,0.0002838134765624998
grid16,quartic,474,2,269,0.0002675374348958331
grid16,quartic,475,0,251,0.00029551188151041657
grid16,quartic,475,1,268,0.00027872721354166654
grid16,quartic,475,2,269,0.0002649943033854165
grid16,quartic,476,0,252,0.00023701985677083314
grid16,quartic,476,1,253,0.00022023518880208312
grid16,quartic,476,2,270,0.00020395914713541646
grid16,quartic,477,0,252,0.00023701985677083314
grid16,quartic,477,1,269,0.00022023518880208312
grid16,quartic,477,2,270,0.00020395914713541646
grid16,quartic,478,0,253,0.00016581217447916646
grid16,quartic,478,1,254,0.00014648437499999978
grid16,quartic,478,2,271,0.0001302083333333331
grid16,quartic,479,0,253,0.0001683553059895833
grid16,quartic,479,1,270,0.0001515706380208333
grid16,quartic,479,2,271,0.00013275146484374993
grid16,quartic,480,0,255,9.714762369791673e-05
grid16,quartic,480,1,256,0.00011596679687500005
grid16,quartic,480,2,273,9.714762369791671e-05
grid16,quartic,481,0,255,5.900065104166659e-05
grid16,quartic,481,1,272,3.967285156249991e-05
grid16,quartic,481,2,273,5.900065104166657e-05
grid16,quartic,482,0,256,0.00016835530598958336
grid16,quartic,482,1,257,0.00018463134765625008
grid16,quartic,482,2,274,0.0001658121744791667
grid16,quartic,483,0,256,0.00013275146484374996
grid16,quartic,483,1,273,0.00011342366536458327
grid16,quartic,483,2,274,0.00013020833333333328
grid16,quartic,484,0,257,0.00022939046223958336
grid16,quartic,484,1,258,0.00024312337239583334
grid16,quartic,484,2,275,0.00022430419921875
grid16,quartic,485,0,257,0.0001963297526041666
grid16,quartic,485,1,274,0.00017700195312499989
grid16,quartic,485,2,275,0.00019124348958333322
grid16,quartic,486,0,258,0.00028025309244791673
grid16,quartic,486,1,259,0.00029144287109375
grid16,quartic,486,2,276,0.0002726236979166667
grid16,quartic,487,0,258,0.0002497355143229167
grid16,quartic,487,1,275,0.00023040771484375
grid16,quartic,487,2,276,0.00024210611979166662
grid16,quartic,488,0,259,0.0003209431966145834
grid16,quartic,488,1,260,0.0003295898437500001
grid16,quartic,488,2,277,0.0003107706705729167
grid16,quartic,489,0,259,0.00029296875
grid16,quartic,489,1,276,0.0002736409505208333
grid16,quartic,489,2,277,0.0002827962239583333
grid16,quartic,490,0,260,0.0003514607747395833
grid16,quartic,490,1,261,0.0003575642903645834
grid16,quartic,490,2,278,0.00033874511718750004
grid16,quartic,491,0,260,0.0003260294596354167
grid16,quartic,491,1,277,0.0003067016601562499
grid16,quartic,491,2,278,0.0003133138020833333
grid16,quartic,492,0,261,0.00037180582682291673
grid16,quartic,492,1,262,0.0003753662109375001
grid16,quartic,492,2,279,0.0003565470377604168
grid16,quartic,493,0,261,0.00034891764322916657
grid16,quartic,493,1,278,0.0003295898437499999
grid16,quartic,493,2,279,0.00033365885416666657
grid16,quartic,494,0,262,0.0003819783528645834
grid16,quartic,494,1,263,0.00038299560546875
grid16,quartic,494,2,280,0.00036417643229166673
grid16,quartic,495,0,262,0.00036163330078124993
grid16,quartic,495,1,279,0.0003423055013020833
grid16,quartic,495,2,280,0.00034383138020833325
grid16,quartic,496,0,263,0.0003819783528645833
grid16,quartic,496,1,264,0.0003804524739583334
grid16,quartic,496,2,281,0.00036163330078125004
grid16,quartic,497,0,263,0.0003641764322916666
grid16,quartic,497,1,280,0.0003448486328124999
grid16,quartic,497,2,281,0.0003438313802083332
grid16,quartic,498,0,264,0.00037180582682291673
grid16,quartic,498,1,265,0.0003677368164062501
grid16,quartic,498,2,282,0.0003489176432291667
grid16,quartic,499,0,264,0.00035654703776041657
grid16,quartic,499,1,281,0.0003372192382812499
grid16,quartic,499,2,282,0.00033365885416666657
grid16,quartic,500,0,265,0.0003514607747395834
grid16,quartic,500,1,266,0.00034484863281250013
grid16,quartic,500,2,283,0.00032602945963541673
grid16,quartic,501,0,265,0.00033874511718750004
grid16,quartic,501,1,282,0.0003194173177083333
grid16,quartic,501,2,283,0.0003133138020833333
grid16,quartic,502,0,266,0.0003209431966145833
grid16,quartic,502,1,267,0.00031178792317708334
grid16,quartic,502,2,284,0.00029296875
grid16,quartic,503,0,266,0.0003107706705729166
grid16,quartic,503,1,283,0.0002914428710937499
grid16,quartic,503,2,284,0.00028279622395833325
grid16,quartic,504,0,267,0.0002802530924479168
grid16,quartic,504,1,268,0.0002685546875
grid16,quartic,504,2,285,0.0002497355143229167
grid16,quartic,505,0,267,0.0002726236979166666
grid16,quartic,505,1,284,0.00025329589843749997
grid16,quartic,505,2,285,0.00024210611979166657
grid16,quartic,506,0,268,0.00022939046223958325
grid16,quartic,506,1,269,0.0002151489257812499
grid16,quartic,506,2,286,0.00019632975260416657
grid16,quartic,507,0,268,0.00022430419921874993
grid16,quartic,507,1,285,0.00020497639973958323
grid16,quartic,507,2,286,0.00019124348958333317
grid16,quartic,508,0,269,0.0001683553059895833
grid16,quartic,508,1,270,0.0001515706380208333
grid16,quartic,508,2,287,0.00013275146484374993
grid16,quartic,509,0,269,0.00016581217447916646
grid16,quartic,509,1,286,0.00014648437499999978
grid16,quartic,509,2,287,0.0001302083333333331
grid16,quartic,510,0,270,9.714762369791663e-05
grid16,quartic,510,1,271,7.781982421874993e-05
grid16,quartic,510,2,288,5.900065104166659e-05
grid16,quartic,511,0,270,9.714762369791663e-05
grid16,quartic,511,1,287,7.781982421874993e-05
grid16,quartic,511,2,288,5.900065104166659e-05
grid16,mixed_affine,0,0,0,0.0
grid16,mixed_affine,0,1,1,0.0
grid16,mixed_affine,0,2,18,0.0
grid16,mixed_affine,1,0,0,0.0
grid16,mixed_affine,1,1,17,0.0
grid16,mixed_affine,1,2,18,0.0
grid16,mixed_affine,2,0,1,0.0
grid16,mixed_affine,2,1,2,0.0
grid16,mixed_affine,2,2,19,0.0
grid16,mixed_affine,3,0,1,0.0
grid16,mixed_affine,3,1,18,0.0
grid16,mixed_affine,3,2,19,0.0
grid16,mixed_affine,4,0,2,0.0
grid16,mixed_affine,4,1,3,0.0
grid16,mixed_affine,4,2,20,0.0
grid16,mixed_affine,5,0,2,0.0
grid16,mixed_affine,5,1,19,0.0
grid16,mixed_affine,5,2,20,0.0
grid16,mixed_affine,6,0,3,0.0
grid16,mixed_affine,6,1,4,0.0
grid16,mixed_affine,6,2,21,0.0
grid16,mixed_affine,7,0,3,0.0
grid16,mixed_affine,7,1,20,0.0
grid16,mixed_affine,7,2,21,0.0
grid16,mixed_affine,8,0,4,0.0
grid16,mixed_affine,8,1,5,0.0
grid16,mixed_affine,8,2,22,0.0
grid16,mixed_affine,9,0,4,0.0
grid16,mixed_affine,9,1,21,0.0
grid16,mixed_affine,9,2,22,0.0
grid16,mixed_affine,10,0,5,0.0
grid16,mixed_affine,10,1,6,0.0
grid16,mixed_affine,10,2,23,0.0
grid16,mixed_affine,11,0,5,0.0
grid16,mixed_affine,11,1,22,0.0
grid16,mixed_affine,11,2,23,0.0
grid16,mixed_affine,12,0,6,0.0
grid16,mixed_affine,12,1,7,0.0
grid16,mixed_affine,12,2,24,0.0
grid16,mixed_affine,13,0,6,0.0
grid16,mixed_affine,13,1,23,0.0
grid16,mixed_affine,13,2,24,0.0
grid16,mixed_affine,14,0,7,0.0
grid16,mixed_affine,14,1,8,0.0
grid16,mixed_affine,14,2,25,0.0
grid16,mixed_affine,15,0,7,0.0
grid16,mixed_affine,15,1,24,0.0
grid16,mixed_affine,15,2,25,0.0
grid16,mixed_affine,16,0,8,0.0
grid16,mixed_affine,16,1,9,0.0
grid16,mixed_affine,16,2,26,0.0
grid16,mixed_affine,17,0,8,0.0
grid16,mixed_affine,17,1,25,0.0
grid16,mixed_affine,17,2,26,0.0
grid16,mixed_affine,18,0,9,0.0
grid16,mixed_affine,18,1,10,0.0
grid16,mixed_affine,18,2,27,0.0
grid16,mixed_affine,19,0,9,0.0
grid16,mixed_affine,19,1,26,0.0
grid16,mixed_affine,19,2,27,0.0
grid16,mixed_affine,20,0,10,0.0
grid16,mixed_affine,20,1,11,0.0
grid16,mixed_affine,20,2,28,0.0
grid16,mixed_affine,21,0,10,0.0
grid16,mixed_affine,21,1,27,0.0
grid16,mixed_affine,21,2,28,0.0
grid16,mixed_affine,22,0,11,0.0
grid16,mixed_affine,22,1,12,0.0
grid16,mixed_affine,22,2,29,0.0
grid16,mixed_affine,23,0,11,0.0
grid16,mixed_affine,23,1,28,0.0
grid16,mixed_affine,23,2,29,0.0
grid16,mixed_affine,24,0,12,0.0
grid16,mixed_affine,24,1,13,0.0
grid16,mixed_affine,24,2,30,0.0
grid16,mixed_affine,25,0,12,0.0
grid16,mixed_affine,25,1,29,0.0
grid16,mixed_affine,25,2,30,0.0
grid16,mixed_affine,26,0,13,0.0
grid16,mixed_affine,26,1,14,0.0
grid16,mixed_affine,26,2,31,0.0
grid16,mixed_affine,27,0,13,0.0
grid16,mixed_affine,27,1,30,0.0
grid16,mixed_affine,27,2,31,0.0
grid16,mixed_affine,28,0,14,0.0
grid16,mixed_affine,28,1,15,0.0
grid16,mixed_affine,28,2,32,0.0
grid16,mixed_affine,29,0,14,0.0
grid16,mixed_affine,29,1,31,0.0
grid16,mixed_affine,29,2,32,0.0
grid16,mixed_affine,30,0,15,0.0
grid16,mixed_affine,30,1,16,0.0
grid16,mixed_affine,30,2,33,0.0
grid16,mixed_affine,31,0,15,0.0
grid16,mixed_affine,31,1,32,0.0
grid16,mixed_affine,31,2,33,0.0
grid16,mixed_affine,32,0,17,0.0
grid16,mixed_affine,32,1,18,0.0
grid16,mixed_affine,32,2,35,0.0
grid16,mixed_affine,33,0,17,0.0
grid16,mixed_affine,33,1,34,0.0
grid16,mixed_affine,33,2,35,0.0
grid16,mixed_affine,34,0,18,0.0
grid16,mixed_affine,34,1,19,0.0
grid16,mixed_affine,34,2,36,0.0
grid16,mixed_affine,35,0,18,0.0
grid16,mixed_affine,35,1,35,0.0
grid16,mixed_affine,35,2,36,0.0
grid16,mixed_affine,36,0,19,0.0
grid16,mixed_affine,36,1,20,0.0
grid16,mixed_affine,36,2,37,0.0
grid16,mixed_affine,37,0,19,0.0
grid16,mixed_affine,37,1,36,0.0
grid16,mixed_affine,37,2,37,0.0
grid16,mixed_affine,38,0,20,0.0
grid16,mixed_affine,38,1,21,0.0
grid16,mixed_affine,38,2,38,0.0
grid16,mixed_affine,39,0,20,0.0
grid16,mixed_affine,39,1,37,0.0
grid16,mixed_affine,39,2,38,0.0
grid16,mixed_affine,40,0,21,0.0
grid16,mixed_affine,40,1,22,0.0
grid16,mixed_affine,40,2,39,0.0
grid16,mixed_affine,41,0,21,0.0
grid16,mixed_affine,41,1,38,0.0
grid16,mixed_affine,41,2,39,0.0
grid16,mixed_affine,42,0,22,0.0
grid16,mixed_affine,42,1,23,0.0
grid16,mixed_affine,42,2,40,0.0
grid16,mixed_affine,43,0,22,0.0
grid16,mixed_affine,43,1,39,0.0
grid16,mixed_affine,43,2,40,0.0
grid16,mixed_affine,44,0,23,0.0
grid16,mixed_affine,44,1,24,0.0
grid16,mixed_affine,44,2,41,0.0
grid16,mixed_affine,45,0,23,0.0
grid16,mixed_affine,45,1,40,0.0
grid16,mixed_affine,45,2,41,0.0
grid16,mixed_affine,46,0,24,0.0
grid16,mixed_affine,46,1,25,0.0
grid16,mixed_affine,46,2,42,0.0
grid16,mixed_affine,47,0,24,0.0
grid16,mixed_affine,47,1,41,0.0
grid16,mixed_affine,47,2,42,0.0
grid16,mixed_affine,48,0,25,0.0
grid16,mixed_affine,48,1,26,0.0
grid16,mixed_affine,48,2,43,0.0
grid16,mixed_affine,49,0,25,0.0
grid16,mixed_affine,49,1,42,0.0
grid16,mixed_affine,49,2,43,0.0
grid16,mixed_affine,50,0,26,0.0
grid16,mixed_affine,50,1,27,0.0
grid16,mixed_affine,50,2,44,0.0
grid16,mixed_affine,51,0,26,0.0
grid16,mixed_affine,51,1,43,0.0
grid16,mixed_affine,51,2,44,0.0
grid16,mixed_affine,52,0,27,0.0
grid16,mixed_affine,52,1,28,0.0
grid16,mixed_affine,52,2,45,0.0
grid16,mixed_affine,53,0,27,0.0
grid16,mixed_affine,53,1,44,0.0
grid16,mixed_affine,53,2,45,0.0
grid16,mixed_affine,54,0,28,0.0
grid16,mixed_affine,54,1,29,0.0
grid16,mixed_affine,54,2,46,0.0
grid16,mixed_affine,55,0,28,0.0
grid16,mixed_affine,55,1,45,0.0
grid16,mixed_affine,55,2,46,0.0
grid16,mixed_affine,56,0,29,0.0
grid16,mixed_affine,56,1,30,0.0
grid16,mixed_affine,56,2,47,0.0
grid16,mixed_affine,57,0,29,0.0
grid16,mixed_affine,57,1,46,0.0
grid16,mixed_affine,57,2,47,0.0
grid16,mixed_affine,58,0,30,0.0
grid16,mixed_affine,58,1,31,0.0
grid16,mixed_affine,58,2,48,0.0
grid16,mixed_affine,59,0,30,0.0
grid16,mixed_affine,59,1,47,0.0
grid16,mixed_affine,59,2,48,0.0
grid16,mixed_affine,60,0,31,0.0
grid16,mixed_affine,60,1,32,0.0
grid16,mixed_affine,60,2,49,0.0
grid16,mixed_affine,61,0,31,0.0
grid16,mixed_affine,61,1,48,0.0
grid16,mixed_affine,61,2,49,0.0
grid16,mixed_affine,62,0,32,0.0
grid16,mixed_affine,62,1,33,0.0
grid16,mixed_affine,62,2,50,0.0
grid16,mixed_affine,63,0,32,0.0
grid16,mixed_affine,63,1,49,0.0
grid16,mixed_affine,63,2,50,0.0
grid16,mixed_affine,64,0,34,0.0
grid16,mixed_affine,64,1,35,0.0
grid16,mixed_affine,64,2,52,0.0
grid16,mixed_affine,65,0,34,0.0
grid16,mixed_affine,65,1,51,0.0
grid16,mixed_affine,65,2,52,0.0
grid16,mixed_affine,66,0,35,0.0
grid16,mixed_affine,66,1,36,0.0
grid16,mixed_affine,66,2,53,0.0
grid16,mixed_affine,67,0,35,0.0
grid16,mixed_affine,67,1,52,0.0
grid16,mixed_affine,67,2,53,0.0
grid16,mixed_affine,68,0,36,0.0
grid16,mixed_affine,68,1,37,0.0
grid16,mixed_affine,68,2,54,0.0
grid16,mixed_affine,69,0,36,0.0
grid16,mixed_affine,69,1,53,0.0
grid16,mixed_affine,69,2,54,0.0
grid16,mixed_affine,70,0,37,0.0
grid16,mixed_affine,70,1,38,0.0
grid16,mixed_affine,70,2,55,0.0
grid16,mixed_affine,71,0,37,0.0
grid16,mixed_affine,71,1,54,0.0
grid16,mixed_affine,71,2,55,0.0
grid16,mixed_affine,72,0,38,0.0
grid16,mixed_affine,72,1,39,0.0
grid16,mixed_affine,72,2,56,0.0
grid16,mixed_affine,73,0,38,0.0
grid16,mixed_affine,73,1,55,0.0
grid16,mixed_affine,73,2,56,0.0
grid16,mixed_affine,74,0,39,0.0
grid16,mixed_affine,74,1,40,0.0
grid16,mixed_affine,74,2,57,0.0
grid16,mixed_affine,75,0,39,0.0
grid16,mixed_affine,75,1,56,0.0
grid16,mixed_affine,75,2,57,0.0
grid16,mixed_affine,76,0,40,0.0
grid16,mixed_affine,76,1,41,0.0
grid16,mixed_affine,76,2,58,0.0
grid16,mixed_affine,77,0,40,0.0
grid16,mixed_affine,77,1,57,0.0
grid16,mixed_affine,77,2,58,0.0
grid16,mixed_affine,78,0,41,0.0
grid16,mixed_affine,78,1,42,0.0
grid16,mixed_affine,78,2,59,0.0
grid16,mixed_affine,79,0,41,0.0
grid16,mixed_affine,79,1,58,0.0
grid16,mixed_affine,79,2,59,0.0
grid16,mixed_affine,80,0,42,0.0
grid16,mixed_affine,80,1,43,0.0
grid16,mixed_affine,80,2,60,0.0
grid16,mixed_affine,81,0,42,0.0
grid16,mixed_affine,81,1,59,0.0
grid16,mixed_affine,81,2,60,0.0
grid16,mixed_affine,82,0,43,0.0
grid16,mixed_affine,82,1,44,0.0
grid16,mixed_affine,82,2,61,0.0
grid16,mixed_affine,83,0,43,0.0
grid16,mixed_affine,83,1,60,0.0
grid16,mixed_affine,83,2,61,0.0
grid16,mixed_affine,84,0,44,0.0
grid16,mixed_affine,84,1,45,0.0
grid16,mixed_affine,84,2,62,0.0
grid16,mixed_affine,85,0,44,0.0
grid16,mixed_affine,85,1,61,0.0
grid16,mixed_affine,85,2,62,0.0
grid16,mixed_affine,86,0,45,0.0
grid16,mixed_affine,86,1,46,0.0
grid16,mixed_affine,86,2,63,0.0
grid16,mixed_affine,87,0,45,0.0
grid16,mixed_affine,87,1,62,0.0
grid16,mixed_affine,87,2,63,0.0
grid16,mixed_affine,88,0,46,0.0
grid16,mixed_affine,88,1,47,0.0
grid16,mixed_affine,88,2,64,0.0
grid16,mixed_affine,89,0,46,0.0
grid16,mixed_affine,89,1,63,0.0
grid16,mixed_affine,89,2,64,0.0
grid16,mixed_affine,90,0,47,0.0
grid16,mixed_affine,90,1,48,0.0
grid16,mixed_affine,90,2,65,0.0
grid16,mixed_affine,91,0,47,0.0
grid16,mixed_affine,91,1,64,0.0
grid16,mixed_affine,91,2,65,0.0
grid16,mixed_affine,92,0,48,0.0
grid16,mixed_affine,92,1,49,0.0
grid16,mixed_affine,92,2,66,0.0
grid16,mixed_affine,93,0,48,0.0
grid16,mixed_affine,93,1,65,0.0
grid16,mixed_affine,93,2,66,0.0
grid16,mixed_affine,94,0,49,0.0
grid16,mixed_affine,94,1,50,0.0
grid16,mixed_affine,94,2,67,0.0
grid16,mixed_affine,95,0,49,0.0
grid16,mixed_affine,95,1,66,0.0
grid16,mixed_affine,95,2,67,0.0
grid16,mixed_affine,96,0,51,0.0
grid16,mixed_affine,96,1,52,0.0
grid16,mixed_affine,96,2,69,0.0
grid16,mixed_affine,97,0,51,0.0
grid16,mixed_affine,97,1,68,0.0
grid16,mixed_affine,97,2,69,0.0
grid16,mixed_affine,98,0,52,0.0
grid16,mixed_affine,98,1,53,0.0
grid16,mixed_affine,98,2,70,0.0
grid16,mixed_affine,99,0,52,0.0
grid16,mixed_affine,99,1,69,0.0
grid16,mixed_affine,99,2,70,0.0
grid16,mixed_affine,100,0,53,0.0
grid16,mixed_affine,100,1,54,0.0
grid16,mixed_affine,100,2,71,0.0
grid16,mixed_affine,101,0,53,0.0
grid16,mixed_affine,101,1,70,0.0
grid16,mixed_affine,101,2,71,0.0
grid16,mixed_affine,102,0,54,0.0
grid16,mixed_affine,102,1,55,0.0
grid16,mixed_affine,102,2,72,0.0
grid16,mixed_affine,103,0,54,0.0
grid16,mixed_affine,103,1,71,0.0
grid16,mixed_affine,103,2,72,0.0
grid16,mixed_affine,104,0,55,0.0
grid16,mixed_affine,104,1,56,0.0
grid16,mixed_affine,104,2,73,0.0
grid16,mixed_affine,105,0,55,0.0
grid16,mixed_affine,105,1,72,0.0
grid16,mixed_affine,105,2,73,0.0
grid16,mixed_affine,106,0,56,0.0
grid16,mixed_affine,106,1,57,0.0
grid16,mixed_affine,106,2,74,0.0
grid16,mixed_affine,107,0,56,0.0
grid16,mixed_affine,107,1,73,0.0
grid16,mixed_affine,107,2,74,0.0
grid16,mixed_affine,108,0,57,0.0
grid16,mixed_affine,108,1,58,0.0
grid16,mixed_affine,108,2,75,0.0
grid16,mixed_affine,109,0,57,0.0
grid16,mixed_affine,109,1,74,0.0
grid16,mixed_affine,109,2,75,0.0
grid16,mixed_affine,110,0,58,0.0
grid16,mixed_affine,110,1,59,0.0
grid16,mixed_affine,110,2,76,0.0
grid16,mixed_affine,111,0,58,0.0
grid16,mixed_affine,111,1,75,0.0
grid16,mixed_affine,111,2,76,0.0
grid16,mixed_affine,112,0,59,0.0
grid16,mixed_affine,112,1,60,0.0
grid16,mixed_affine,112,2,77,0.0
grid16,mixed_affine,113,0,59,0.0
grid16,mixed_affine,113,1,76,0.0
grid16,mixed_affine,113,2,77,0.0
grid16,mixed_affine,114,0,60,0.0
grid16,mixed_affine,114,1,61,0.0
grid16,mixed_affine,114,2,78,0.0
grid16,mixed_affine,115,0,60,0.0
grid16,mixed_affine,115,1,77,0.0
grid16,mixed_affine,115,2,78,0.0
grid16,mixed_affine,116,0,61,0.0
grid16,mixed_affine,116,1,62,0.0
grid16,mixed_affine,116,2,79,0.0
grid16,mixed_affine,117,0,61,0.0
grid16,mixed_affine,117,1,78,0.0
grid16,mixed_affine,117,2,79,0.0
grid16,mixed_affine,118,0,62,0.0
grid16,mixed_affine,118,1,63,0.0
grid16,mixed_affine,118,2,80,0.0
grid16,mixed_affine,119,0,62,0.0
grid16,mixed_affine,119,1,79,0.0
grid16,mixed_affine,119,2,80,0.0
grid16,mixed_affine,120,0,63,0.0
grid16,mixed_affine,120,1,64,0.0
grid16,mixed_affine,120,2,81,0.0
grid16,mixed_affine,121,0,63,0.0
grid16,mixed_affine,121,1,80,0.0
grid16,mixed_affine,121,2,81,0.0
grid16,mixed_affine,122,0,64,0.0
grid16,mixed_affine,122,1,65,0.0
grid16,mixed_affine,122,2,82,0.0
grid16,mixed_affine,123,0,64,0.0
grid16,mixed_affine,123,1,81,0.0
grid16,mixed_affine,123,2,82,0.0
grid16,mixed_affine,124,0,65,0.0
grid16,mixed_affine,124,1,66,0.0
grid16,mixed_affine,124,2,83,0.0
grid16,mixed_affine,125,0,65,0.0
grid16,mixed_affine,125,1,82,0.0
grid16,mixed_affine,125,2,83,0.0
grid16,mixed_affine,126,0,66,0.0
grid16,mixed_affine,126,1,67,0.0
grid16,mixed_affine,126,2,84,0.0
grid16,mixed_affine,127,0,66,0.0
grid16,mixed_affine,127,1,83,0.0
grid16,mixed_affine,127,2,84,0.0
grid16,mixed_affine,128,0,68,0.0
grid16,mixed_affine,128,1,69,0.0
grid16,mixed_affine,128,2,86,0.0
grid16,mixed_affine,129,0,68,0.0
grid16,mixed_affine,129,1,85,0.0
grid16,mixed_affine,129,2,86,0.0
grid16,mixed_affine,130,0,69,0.0
grid16,mixed_affine,130,1,70,0.0
grid16,mixed_affine,130,2,87,0.0
grid16,mixed_affine,131,0,69,0.0
grid16,mixed_affine,131,1,86,0.0
grid16,mixed_affine,131,2,87,0.0
grid16,mixed_affine,132,0,70,0.0
grid16,mixed_affine,132,1,71,0.0
grid16,mixed_affine,132,2,88,0.0
grid16,mixed_affine,133,0,70,0.0
grid16,mixed_affine,133,1,87,0.0
grid16,mixed_affine,133,2,88,0.0
grid16,mixed_affine,134,0,71,0.0
grid16,mixed_affine,134,1,72,0.0
grid16,mixed_affine,134,2,89,0.0
grid16,mixed_affine,135,0,71,0.0
grid16,mixed_affine,135,1,88,0.0
grid16,mixed_affine,135,2,89,0.0
grid16,mixed_affine,136,0,72,0.0
grid16,mixed_affine,136,1,73,0.0
grid16,mixed_affine,136,2,90,0.0
grid16,mixed_affine,137,0,72,0.0
grid16,mixed_affine,137,1,89,0.0
grid16,mixed_affine,137,2,90,0.0
grid16,mixed_affine,138,0,73,0.0
grid16,mixed_affine,138,1,74,0.0
grid16,mixed_affine,138,2,91,0.0
grid16,mixed_affine,139,0,73,0.0
grid16,mixed_affine,139,1,90,0.0
grid16,mixed_affine,139,2,91,0.0
grid16,mixed_affine,140,0,74,0.0
grid16,mixed_affine,140,1,75,0.0
grid16,mixed_affine,140,2,92,0.0
grid16,mixed_affine,141,0,74,0.0
grid16,mixed_affine,141,1,91,0.0
grid16,mixed_affine,141,2,92,0.0
grid16,mixed_affine,142,0,75,0.0
grid16,mixed_affine,142,1,76,0.0
grid16,mixed_affine,142,2,93,0.0
grid16,mixed_affine,143,0,75,0.0
grid16,mixed_affine,143,1,92,0.0
grid16,mixed_affine,143,2,93,0.0
grid16,mixed_affine,144,0,76,0.0
grid16,mixed_affine,144,1,77,0.0
grid16,mixed_affine,144,2,94,0.0
grid16,mixed_affine,145,0,76,0.0
grid16,mixed_affine,145,1,93,0.0
grid16,mixed_affine,145,2,94,0.0
grid16,mixed_affine,146,0,77,0.0
grid16,mixed_affine,146,1,78,0.0
grid16,mixed_affine,146,2,95,0.0
grid16,mixed_affine,147,0,77,0.0
grid16,mixed_affine,147,1,94,0.0
grid16,mixed_affine,147,2,95,0.0
grid16,mixed_affine,148,0,78,0.0
grid16,mixed_affine,148,1,79,0.0
grid16,mixed_affine,148,2,96,0.0
grid16,mixed_affine,149,0,78,0.0
grid16,mixed_affine,149,1,95,0.0
grid16,mixed_affine,149,2,96,0.0
grid16,mixed_affine,150,0,79,0.0
grid16,mixed_affine,150,1,80,0.0
grid16,mixed_affine,150,2,97,0.0
grid16,mixed_affine,151,0,79,0.0
grid16,mixed_affine,151,1,96,0.0
grid16,mixed_affine,151,2,97,0.0
grid16,mixed_affine,152,0,80,0.0
grid16,mixed_affine,152,1,81,0.0
grid16,mixed_affine,152,2,98,0.0
grid16,mixed_affine,153,0,80,0.0
grid16,mixed_affine,153,1,97,0.0
grid16,mixed_affine,153,2,98,0.0
grid16,mixed_affine,154,0,81,0.0
grid16,mixed_affine,154,1,82,0.0
grid16,mixed_affine,154,2,99,0.0
grid16,mixed_affine,155,0,81,0.0
grid16,mixed_affine,155,1,98,0.0
grid16,mixed_affine,155,2,99,0.0
grid16,mixed_affine,156,0,82,0.0
grid16,mixed_affine,156,1,83,0.0
grid16,mixed_affine,156,2,100,0.0
grid16,mixed_affine,157,0,82,0.0
grid16,mixed_affine,157,1,99,0.0
grid16,mixed_affine,157,2,100,0.0
grid16,mixed_affine,158,0,83,0.0
grid16,mixed_affine,158,1,84,0.0
grid16,mixed_affine,158,2,101,0.0
grid16,mixed_affine,159,0,83,0.0
grid16,mixed_affine,159,1,100,0.0
grid16,mixed_affine,159,2,101,0.0
grid16,mixed_affine,160,0,85,0.0
grid16,mixed_affine,160,1,86,0.0
grid16,mixed_affine,160,2,103,0.0
grid16,mixed_affine,161,0,85,0.0
grid16,mixed_affine,161,1,102,0.0
grid16,mixed_affine,161,2,103,0.0
grid16,mixed_affine,162,0,86,0.0
grid16,mixed_affine,162,1,87,0.0
grid16,mixed_affine,162,2,104,0.0
grid16,mixed_affine,163,0,86,0.0
grid16,mixed_affine,163,1,103,0.0
grid16,mixed_affine,163,2,104,0.0
grid16,mixed_affine,164,0,87,0.0
grid16,mixed_affine,164,1,88,0.0
grid16,mixed_affine,164,2,105,0.0
grid16,mixed_affine,165,0,87,0.0
grid16,mixed_affine,165,1,104,0.0
grid16,mixed_affine,165,2,105,0.0
grid16,mixed_affine,166,0,88,0.0
grid16,mixed_affine,166,1,89,0.0
grid16,mixed_affine,166,2,106,0.0
grid16,mixed_affine,167,0,88,0.0
grid16,mixed_affine,167,1,105,0.0
grid16,mixed_affine,167,2,106,0.0
grid16,mixed_affine,168,0,89,0.0
grid16,mixed_affine,168,1,90,0.0
grid16,mixed_affine,168,2,107,0.0
grid16,mixed_affine,169,0,89,0.0
grid16,mixed_affine,169,1,106,0.0
grid16,mixed_affine,169,2,107,0.0
grid16,mixed_affine,170,0,90,0.0
grid16,mixed_affine,170,1,91,0.0
grid16,mixed_affine,170,2,108,0.0
grid16,mixed_affine,171,0,90,0.0
grid16,mixed_affine,171,1,107,0.0
grid16,mixed_affine,171,2,108,0.0
grid16,mixed_affine,172,0,91,0.0
grid16,mixed_affine,172,1,92,0.0
grid16,mixed_affine,172,2,109,0.0
grid16,mixed_affine,173,0,91,0.0
grid16,mixed_affine,173,1,108,0.0
grid16,mixed_affine,173,2,109,0.0
grid16,mixed_affine,174,0,92,0.0
grid16,mixed_affine,174,1,93,0.0
grid16,mixed_affine,174,2,110,0.0
grid16,mixed_affine,175,0,92,0.0
grid16,mixed_affine,175,1,109,0.0
grid16,mixed_affine,175,2,110,0.0
grid16,mixed_affine,176,0,93,0.0
grid16,mixed_affine,176,1,94,0.0
grid16,mixed_affine,176,2,111,0.0
grid16,mixed_affine,177,0,93,0.0
grid16,mixed_affine,177,1,110,0.0
grid16,mixed_affine,177,2,111,0.0
grid16,mixed_affine,178,0,94,0.0
grid16,mixed_affine,178,1,95,0.0
grid16,mixed_affine,178,2,112,0.0
grid16,mixed_affine,179,0,94,0.0
grid16,mixed_affine,179,1,111,0.0
grid16,mixed_affine,179,2,112,0.0
grid16,mixed_affine,180,0,95,0.0
grid16,mixed_affine,180,1,96,0.0
grid16,mixed_affine,180,2,113,0.0
grid16,mixed_affine,181,0,95,0.0
grid16,mixed_affine,181,1,112,0.0
grid16,mixed_affine,181,2,113,0.0
grid16,mixed_affine,182,0,96,0.0
grid16,mixed_affine,182,1,97,0.0
grid16,mixed_affine,182,2,114,0.0
grid16,mixed_affine,183,0,96,0.0
grid16,mixed_affine,183,1,113,0.0
grid16,mixed_affine,183,2,114,0.0
grid16,mixed_affine,184,0,97,0.0
grid16,mixed_affine,184,1,98,0.0
grid16,mixed_affine,184,2,115,0.0
grid16,mixed_affine,185,0,97,0.0
grid16,mixed_affine,185,1,114,0.0
grid16,mixed_affine,185,2,115,0.0
grid16,mixed_affine,186,0,98,0.0
grid16,mixed_affine,186,1,99,0.0
grid16,mixed_affine,186,2,116,0.0
grid16,mixed_affine,187,0,98,0.0
grid16,mixed_affine,187,1,115,0.0
grid16,mixed_affine,187,2,116,0.0
grid16,mixed_affine,188,0,99,0.0
grid16,mixed_affine,188,1,100,0.0
grid16,mixed_affine,188,2,117,0.0
grid16,mixed_affine,189,0,99,0.0
grid16,mixed_affine,189,1,116,0.0
grid16,mixed_affine,189,2,117,0.0
grid16,mixed_affine,190,0,100,0.0
grid16,mixed_affine,190,1,101,0.0
grid16,mixed_affine,190,2,118,0.0
grid16,mixed_affine,191,0,100,0.0
grid16,mixed_affine,191,1,117,0.0
grid16,mixed_affine,191,2,118,0.0
grid16,mixed_affine,192,0,102,0.0
grid16,mixed_affine,192,1,103,0.0
grid16,mixed_affine,192,2,120,0.0
grid16,mixed_affine,193,0,102,0.0
grid16,mixed_affine,193,1,119,0.0
grid16,mixed_affine,193,2,120,0.0
grid16,mixed_affine,194,0,103,0.0
grid16,mixed_affine,194,1,104,0.0
grid16,mixed_affine,194,2,121,0.0
grid16,mixed_affine,195,0,103,0.0
grid16,mixed_affine,195,1,120,0.0
grid16,mixed_affine,195,2,121,0.0
grid16,mixed_affine,196,0,104,0.0
grid16,mixed_affine,196,1,105,0.0
grid16,mixed_affine,196,2,122,0.0
grid16,mixed_affine,197,0,104,0.0
grid16,mixed_affine,197,1,121,0.0
grid16,mixed_affine,197,2,122,0.0
grid16,mixed_affine,198,0,105,0.0
grid16,mixed_affine,198,1,106,0.0
grid16,mixed_affine,198,2,123,0.0
grid16,mixed_affine,199,0,105,0.0
grid16,mixed_affine,199,1,122,0.0
grid16,mixed_affine,199,2,123,0.0
grid16,mixed_affine,200,0,106,0.0
grid16,mixed_affine,200,1,107,0.0
grid16,mixed_affine,200,2,124,0.0
grid16,mixed_affine,201,0,106,0.0
grid16,mixed_affine,201,1,123,0.0
grid16,mixed_affine,201,2,124,0.0
grid16,mixed_affine,202,0,107,0.0
grid16,mixed_affine,202,1,108,0.0
grid16,mixed_affine,202,2,125,0.0
grid16,mixed_affine,203,0,107,0.0
grid16,mixed_affine,203,1,124,0.0
grid16,mixed_affine,203,2,125,0.0
grid16,mixed_affine,204,0,108,0.0
grid16,mixed_affine,204,1,109,0.0
grid16,mixed_affine,204,2,126,0.0
grid16,mixed_affine,205,0,108,0.0
grid16,mixed_affine,205,1,125,0.0
grid16,mixed_affine,205,2,126,0.0
grid16,mixed_affine,206,0,109,0.0
grid16,mixed_affine,206,1,110,0.0
grid16,mixed_affine,206,2,127,0.0
grid16,mixed_affine,207,0,109,0.0
grid16,mixed_affine,207,1,126,0.0
grid16,mixed_affine,207,2,127,0.0
grid16,mixed_affine,208,0,110,0.0
grid16,mixed_affine,208,1,111,0.0
grid16,mixed_affine,208,2,128,0.0
grid16,mixed_affine,209,0,110,0.0
grid16,mixed_affine,209,1,127,0.0
grid16,mixed_affine,209,2,128,0.0
grid16,mixed_affine,210,0,111,0.0
grid16,mixed_affine,210,1,112,0.0
grid16,mixed_affine,210,2,129,0.0
grid16,mixed_affine,211,0,111,0.0
grid16,mixed_affine,211,1,128,0.0
grid16,mixed_affine,211,2,129,0.0
grid16,mixed_affine,212,0,112,0.0
grid16,mixed_affine,212,1,113,0.0
grid16,mixed_affine,212,2,130,0.0
grid16,mixed_affine,213,0,112,0.0
grid16,mixed_affine,213,1,129,0.0
grid16,mixed_affine,213,2,130,0.0
grid16,mixed_affine,214,0,113,0.0
grid16,mixed_affine,214,1,114,0.0
grid16,mixed_affine,214,2,131,0.0
grid16,mixed_affine,215,0,113,0.0
grid16,mixed_affine,215,1,130,0.0
grid16,mixed_affine,215,2,131,0.0
grid16,mixed_affine,216,0,114,0.0
grid16,mixed_affine,216,1,115,0.0
grid16,mixed_affine,216,2,132,0.0
grid16,mixed_affine,217,0,114,0.0
grid16,mixed_affine,217,1,131,0.0
grid16,mixed_affine,217,2,132,0.0
grid16,mixed_affine,218,0,115,0.0
grid16,mixed_affine,218,1,116,0.0
grid16,mixed_affine,218,2,133,0.0
grid16,mixed_affine,219,0,115,0.0
grid16,mixed_affine,219,1,132,0.0
grid16,mixed_affine,219,2,133,0.0
grid16,mixed_affine,220,0,116,0.0
grid16,mixed_affine,220,1,117,0.0
grid16,mixed_affine,220,2,134,0.0
grid16,mixed_affine,221,0,116,0.0
grid16,mixed_affine,221,1,133,0.0
grid16,mixed_affine,221,2,134,0.0
grid16,mixed_affine,222,0,117,0.0
grid16,mixed_affine,222,1,118,0.0
grid16,mixed_affine,222,2,135,0.0
grid16,mixed_affine,223,0,117,0.0
grid16,mixed_affine,223,1,134,0.0
grid16,mixed_affine,223,2,135,0.0
grid16,mixed_affine,224,0,119,0.0
grid16,mixed_affine,224,1,120,0.0
grid16,mixed_affine,224,2,137,0.0
grid16,mixed_affine,225,0,119,0.0
grid16,mixed_affine,225,1,136,0.0
grid16,mixed_affine,225,2,137,0.0
grid16,mixed_affine,226,0,120,0.0
grid16,mixed_affine,226,1,121,0.0
grid16,mixed_affine,226,2,138,0.0
grid16,mixed_affine,227,0,120,0.0
grid16,mixed_affine,227,1,137,0.0
grid16,mixed_affine,227,2,138,0.0
grid16,mixed_affine,228,0,121,0.0
grid16,mixed_affine,228,1,122,0.0
grid16,mixed_affine,228,2,139,0.0
grid16,mixed_affine,229,0,121,0.0
grid16,mixed_affine,229,1,138,0.0
grid16,mixed_affine,229,2,139,0.0
grid16,mixed_affine,230,0,122,0.0
grid16,mixed_affine,230,1,123,0.0
grid16,mixed_affine,230,2,140,0.0
grid16,mixed_affine,231,0,122,0.0
grid16,mixed_affine,231,1,139,0.0
grid16,mixed_affine,231,2,140,0.0
grid16,mixed_affine,232,0,123,0.0
grid16,mixed_affine,232,1,124,0.0
grid16,mixed_affine,232,2,141,0.0
grid16,mixed_affine,233,0,123,0.0
grid16,mixed_affine,233,1,140,0.0
grid16,mixed_affine,233,2,141,0.0
grid16,mixed_affine,234,0,124,0.0
grid16,mixed_affine,234,1,125,0.0
grid16,mixed_affine,234,2,142,0.0
grid16,mixed_affine,235,0,124,0.0
grid16,mixed_affine,235,1,141,0.0
grid16,mixed_affine,235,2,142,0.0
grid16,mixed_affine,236,0,125,0.0
grid16,mixed_affine,236,1,126,0.0
grid16,mixed_affine,236,2,143,0.0
grid16,mixed_affine,237,0,125,0.0
grid16,mixed_affine,237,1,142,0.0
grid16,mixed_affine,237,2,143,0.0
grid16,mixed_affine,238,0,126,0.0
grid16,mixed_affine,238,1,127,0.0
grid16,mixed_affine,238,2,144,0.0
grid16,mixed_affine,239,0,126,0.0
grid16,mixed_affine,239,1,143,0.0
grid16,mixed_affine,239,2,144,0.0
grid16,mixed_affine,240,0,127,0.0
grid16,mixed_affine,240,1,128,0.0
grid16,mixed_affine,240,2,145,0.0
grid16,mixed_affine,241,0,127,0.0
grid16,mixed_affine,241,1,144,0.0
grid16,mixed_affine,241,2,145,0.0
grid16,mixed_affine,242,0,128,0.0
grid16,mixed_affine,242,1,129,0.0
grid16,mixed_affine,242,2,146,0.0
grid16,mixed_affine,243,0,128,0.0
grid16,mixed_affine,243,1,145,0.0
grid16,mixed_affine,243,2,146,0.0
grid16,mixed_affine,244,0,129,0.0
grid16,mixed_affine,244,1,130,0.0
grid16,mixed_affine,244,2,147,0.0
grid16,mixed_affine,245,0,129,0.0
grid16,mixed_affine,245,1,146,0.0
grid16,mixed_affine,245,2,147,0.0
grid16,mixed_affine,246,0,130,0.0
grid16,mixed_affine,246,1,131,0.0
grid16,mixed_affine,246,2,148,0.0
grid16,mixed_affine,247,0,130,0.0
grid16,mixed_affine,247,1,147,0.0
grid16,mixed_affine,247,2,148,0.0
grid16,mixed_affine,248,0,131,0.0
grid16,mixed_affine,248,1,132,0.0
grid16,mixed_affine,248,2,149,0.0
grid16,mixed_affine,249,0,131,0.0
grid16,mixed_affine,249,1,148,0.0
grid16,mixed_affine,249,2,149,0.0
grid16,mixed_affine,250,0,132,0.0
grid16,mixed_affine,250,1,133,0.0
grid16,mixed_affine,250,2,150,0.0
grid16,mixed_affine,251,0,132,0.0
grid16,mixed_affine,251,1,149,0.0
grid16,mixed_affine,251,2,150,0.0
grid16,mixed_affine,252,0,133,0.0
grid16,mixed_affine,252,1,134,0.0
grid16,mixed_affine,252,2,151,0.0
grid16,mixed_affine,253,0,133,0.0
grid16,mixed_affine,253,1,150,0.0
grid16,mixed_affine,253,2,151,0.0
grid16,mixed_affine,254,0,134,0.0
grid16,mixed_affine,254,1,135,0.0
grid16,mixed_affine,254,2,152,0.0
grid16,mixed_affine,255,0,134,0.0
grid16,mixed_affine,255,1,151,0.0
grid16,mixed_affine,255,2,152,0.0
grid16,mixed_affine,256,0,136,0.0
grid16,mixed_affine,256,1,137,0.0
grid16,mixed_affine,256,2,154,0.0
grid16,mixed_affine,257,0,136,0.0
grid16,mixed_affine,257,1,153,0.0
grid16,mixed_affine,257,2,154,0.0
grid16,mixed_affine,258,0,137,0.0
grid16,mixed_affine,258,1,138,0.0
grid16,mixed_affine,258,2,155,0.0
grid16,mixed_affine,259,0,137,0.0
grid16,mixed_affine,259,1,154,0.0
grid16,mixed_affine,259,2,155,0.0
grid16,mixed_affine,260,0,138,0.0
grid16,mixed_affine,260,1,139,0.0
grid16,mixed_affine,260,2,156,0.0
grid16,mixed_affine,261,0,138,0.0
grid16,mixed_affine,261,1,155,0.0
grid16,mixed_affine,261,2,156,0.0
grid16,mixed_affine,262,0,139,0.0
grid16,mixed_affine,262,1,140,0.0
grid16,mixed_affine,262,2,157,0.0
grid16,mixed_affine,263,0,139,0.0
grid16,mixed_affine,263,1,156,0.0
grid16,mixed_affine,263,2,157,0.0
grid16,mixed_affine,264,0,140,0.0
grid16,mixed_affine,264,1,141,0.0
grid16,mixed_affine,264,2,158,0.0
grid16,mixed_affine,265,0,140,0.0
grid16,mixed_affine,265,1,157,0.0
grid16,mixed_affine,265,2,158,0.0
grid16,mixed_affine,266,0,141,0.0
grid16,mixed_affine,266,1,142,0.0
grid16,mixed_affine,266,2,159,0.0
grid16,mixed_affine,267,0,141,0.0
grid16,mixed_affine,267,1,158,0.0
grid16,mixed_affine,267,2,159,0.0
grid16,mixed_affine,268,0,142,0.0
grid16,mixed_affine,268,1,143,0.0
grid16,mixed_affine,268,2,160,0.0
grid16,mixed_affine,269,0,142,0.0
grid16,mixed_affine,269,1,159,0.0
grid16,mixed_affine,269,2,160,0.0
grid16,mixed_affine,270,0,143,0.0
grid16,mixed_affine,270,1,144,0.0
grid16,mixed_affine,270,2,161,0.0
grid16,mixed_affine,271,0,143,0.0
grid16,mixed_affine,271,1,160,0.0
grid16,mixed_affine,271,2,161,0.0
grid16,mixed_affine,272,0,144,0.0
grid16,mixed_affine,272,1,145,0.0
grid16,mixed_affine,272,2,162,0.0
grid16,mixed_affine,273,0,144,0.0
grid16,mixed_affine,273,1,161,0.0
grid16,mixed_affine,273,2,162,0.0
grid16,mixed_affine,274,0,145,0.0
grid16,mixed_affine,274,1,146,0.0
grid16,mixed_affine,274,2,163,0.0
grid16,mixed_affine,275,0,145,0.0
grid16,mixed_affine,275,1,162,0.0
grid16,mixed_affine,275,2,163,0.0
grid16,mixed_affine,276,0,146,0.0
grid16,mixed_affine,276,1,147,0.0
grid16,mixed_affine,276,2,164,0.0
grid16,mixed_affine,277,0,146,0.0
grid16,mixed_affine,277,1,163,0.0
grid16,mixed_affine,277,2,164,0.0
grid16,mixed_affine,278,0,147,0.0
grid16,mixed_affine,278,1,148,0.0
grid16,mixed_affine,278,2,165,0.0
grid16,mixed_affine,279,0,147,0.0
grid16,mixed_affine,279,1,164,0.0
grid16,mixed_affine,279,2,165,0.0
grid16,mixed_affine,280,0,148,0.0
grid16,mixed_affine,280,1,149,0.0
grid16,mixed_affine,280,2,166,0.0
grid16,mixed_affine,281,0,148,0.0
grid16,mixed_affine,281,1,165,0.0
grid16,mixed_affine,281,2,166,0.0
grid16,mixed_affine,282,0,149,0.0
grid16,mixed_affine,282,1,150,0.0
grid16,mixed_affine,282,2,167,0.0
grid16,mixed_affine,283,0,149,0.0
grid16,mixed_affine,283,1,166,0.0
grid16,mixed_affine,283,2,167,0.0
grid16,mixed_affine,284,0,150,0.0
grid16,mixed_affine,284,1,151,0.0
grid16,mixed_affine,284,2,168,0.0
grid16,mixed_affine,285,0,150,0.0
grid16,mixed_affine,285,1,167,0.0
grid16,mixed_affine,285,2,168,0.0
grid16,mixed_affine,286,0,151,0.0
grid16,mixed_affine,286,1,152,0.0
grid16,mixed_affine,286,2,169,0.0
grid16,mixed_affine,287,0,151,0.0
grid16,mixed_affine,287,1,168,0.0
grid16,mixed_affine,287,2,169,0.0
grid16,mixed_affine,288,0,153,0.0
grid16,mixed_affine,288,1,154,0.0
grid16,mixed_affine,288,2,171,0.0
grid16,mixed_affine,289,0,153,0.0
grid16,mixed_affine,289,1,170,0.0
grid16,mixed_affine,289,2,171,0.0
grid16,mixed_affine,290,0,154,0.0
grid16,mixed_affine,290,1,155,0.0
grid16,mixed_affine,290,2,172,0.0
grid16,mixed_affine,291,0,154,0.0
grid16,mixed_affine,291,1,171,0.0
grid16,mixed_affine,291,2,172,0.0
grid16,mixed_affine,292,0,155,0.0
grid16,mixed_affine,292,1,156,0.0
grid16,mixed_affine,292,2,173,0.0
grid16,mixed_affine,293,0,155,0.0
grid16,mixed_affine,293,1,172,0.0
grid16,mixed_affine,293,2,173,0.0
grid16,mixed_affine,294,0,156,0.0
grid16,mixed_affine,294,1,157,0.0
grid16,mixed_affine,294,2,174,0.0
grid16,mixed_affine,295,0,156,0.0
grid16,mixed_affine,295,1,173,0.0
grid16,mixed_affine,295,2,174,0.0
grid16,mixed_affine,296,0,157,0.0
grid16,mixed_affine,296,1,158,0.0
grid16,mixed_affine,296,2,175,0.0
grid16,mixed_affine,297,0,157,0.0
grid16,mixed_affine,297,1,174,0.0
grid16,mixed_affine,297,2,175,0.0
grid16,mixed_affine,298,0,158,0.0
grid16,mixed_affine,298,1,159,0.0
grid16,mixed_affine,298,2,176,0.0
grid16,mixed_affine,299,0,158,0.0
grid16,mixed_affine,299,1,175,0.0
grid16,mixed_affine,299,2,176,0.0
grid16,mixed_affine,300,0,159,0.0
grid16,mixed_affine,300,1,160,0.0
grid16,mixed_affine,300,2,177,0.0
grid16,mixed_affine,301,0,159,0.0
grid16,mixed_affine,301,1,176,0.0
grid16,mixed_affine,301,2,177,0.0
grid16,mixed_affine,302,0,160,0.0
grid16,mixed_affine,302,1,161,0.0
grid16,mixed_affine,302,2,178,0.0
grid16,mixed_affine,303,0,160,0.0
grid16,mixed_affine,303,1,177,0.0
grid16,mixed_affine,303,2,178,0.0
grid16,mixed_affine,304,0,161,0.0
grid16,mixed_affine,304,1,162,0.0
grid16,mixed_affine,304,2,179,0.0
grid16,mixed_affine,305,0,161,0.0
grid16,mixed_affine,305,1,178,0.0
grid16,mixed_affine,305,2,179,0.0
grid16,mixed_affine,306,0,162,0.0
grid16,mixed_affine,306,1,163,0.0
grid16,mixed_affine,306,2,180,0.0
grid16,mixed_affine,307,0,162,0.0
grid16,mixed_affine,307,1,179,0.0
grid16,mixed_affine,307,2,180,0.0
grid16,mixed_affine,308,0,163,0.0
grid16,mixed_affine,308,1,164,0.0
grid16,mixed_affine,308,2,181,0.0
grid16,mixed_affine,309,0,163,0.0
grid16,mixed_affine,309,1,180,0.0
grid16,mixed_affine,309,2,181,0.0
grid16,mixed_affine,310,0,164,0.0
grid16,mixed_affine,310,1,165,0.0
grid16,mixed_affine,310,2,182,0.0
grid16,mixed_affine,311,0,164,0.0
grid16,mixed_affine,311,1,181,0.0
grid16,mixed_affine,311,2,182,0.0
grid16,mixed_affine,312,0,165,0.0
grid16,mixed_affine,312,1,166,0.0
grid16,mixed_affine,312,2,183,0.0
grid16,mixed_affine,313,0,165,0.0
grid16,mixed_affine,313,1,182,0.0
grid16,mixed_affine,313,2,183,0.0
grid16,mixed_affine,314,0,166,0.0
grid16,mixed_affine,314,1,167,0.0
grid16,mixed_affine,314,2,184,0.0
grid16,mixed_affine,315,0,166,0.0
grid16,mixed_affine,315,1,183,0.0
grid16,mixed_affine,315,2,184,0.0
grid16,mixed_affine,316,0,167,0.0
grid16,mixed_affine,316,1,168,0.0
grid16,mixed_affine,316,2,185,0.0
grid16,mixed_affine,317,0,167,0.0
grid16,mixed_affine,317,1,184,0.0
grid16,mixed_affine,317,2,185,0.0
grid16,mixed_affine,318,0,168,0.0
grid16,mixed_affine,318,1,169,0.0
grid16,mixed_affine,318,2,186,0.0
grid16,mixed_affine,319,0,168,0.0
grid16,mixed_affine,319,1,185,0.0
grid16,mixed_affine,319,2,186,0.0
grid16,mixed_affine,320,0,170,0.0
grid16,mixed_affine,320,1,171,0.0
grid16,mixed_affine,320,2,188,0.0
grid16,mixed_affine,321,0,170,0.0
grid16,mixed_affine,321,1,187,0.0
grid16,mixed_affine,321,2,188,0.0
grid16,mixed_affine,322,0,171,0.0
grid16,mixed_affine,322,1,172,0.0
grid16,mixed_affine,322,2,189,0.0
grid16,mixed_affine,323,0,171,0.0
grid16,mixed_affine,323,1,188,0.0
grid16,mixed_affine,323,2,189,0.0
grid16,mixed_affine,324,0,172,0.0
grid16,mixed_affine,324,1,173,0.0
grid16,mixed_affine,324,2,190,0.0
grid16,mixed_affine,325,0,172,0.0
grid16,mixed_affine,325,1,189,0.0
grid16,mixed_affine,325,2,190,0.0
grid16,mixed_affine,326,0,173,0.0
grid16,mixed_affine,326,1,174,0.0
grid16,mixed_affine,326,2,191,0.0
grid16,mixed_affine,327,0,173,0.0
grid16,mixed_affine,327,1,190,0.0
grid16,mixed_affine,327,2,191,0.0
grid16,mixed_affine,328,0,174,0.0
grid16,mixed_affine,328,1,175,0.0
grid16,mixed_affine,328,2,192,0.0
grid16,mixed_affine,329,0,174,0.0
grid16,mixed_affine,329,1,191,0.0
grid16,mixed_affine,329,2,192,0.0
grid16,mixed_affine,330,0,175,0.0
grid16,mixed_affine,330,1,176,0.0
grid16,mixed_affine,330,2,193,0.0
grid16,mixed_affine,331,0,175,0.0
grid16,mixed_affine,331,1,192,0.0
grid16,mixed_affine,331,2,193,0.0
grid16,mixed_affine,332,0,176,0.0
grid16,mixed_affine,332,1,177,0.0
grid16,mixed_affine,332,2,194,0.0
grid16,mixed_affine,333,0,176,0.0
grid16,mixed_affine,333,1,193,0.0
grid16,mixed_affine,333,2,194,0.0
grid16,mixed_affine,334,0,177,0.0
grid16,mixed_affine,334,1,178,0.0
grid16,mixed_affine,334,2,195,0.0
grid16,mixed_affine,335,0,177,0.0
grid16,mixed_affine,335,1,194,0.0
grid16,mixed_affine,335,2,195,0.0
grid16,mixed_affine,336,0,178,0.0
grid16,mixed_affine,336,1,179,0.0
grid16,mixed_affine,336,2,196,0.0
grid16,mixed_affine,337,0,178,0.0
grid16,mixed_affine,337,1,195,0.0
grid16,mixed_affine,337,2,196,0.0
grid16,mixed_affine,338,0,179,0.0
grid16,mixed_affine,338,1,180,0.0
grid16,mixed_affine,338,2,197,0.0
grid16,mixed_affine,339,0,179,0.0
grid16,mixed_affine,339,1,196,0.0
grid16,mixed_affine,339,2,197,0.0
grid16,mixed_affine,340,0,180,0.0
grid16,mixed_affine,340,1,181,0.0
grid16,mixed_affine,340,2,198,0.0
grid16,mixed_affine,341,0,180,0.0
grid16,mixed_affine,341,1,197,0.0
grid16,mixed_affine,341,2,198,0.0
grid16,mixed_affine,342,0,181,0.0
grid16,mixed_affine,342,1,182,0.0
grid16,mixed_affine,342,2,199,0.0
grid16,mixed_affine,343,0,181,0.0
grid16,mixed_affine,343,1,198,0.0
grid16,mixed_affine,343,2,199,0.0
grid16,mixed_affine,344,0,182,0.0
grid16,mixed_affine,344,1,183,0.0
grid16,mixed_affine,344,2,200,0.0
grid16,mixed_affine,345,0,182,0.0
grid16,mixed_affine,345,1,199,0.0
grid16,mixed_affine,345,2,200,0.0
grid16,mixed_affine,346,0,183,0.0
grid16,mixed_affine,346,1,184,0.0
grid16,mixed_affine,346,2,201,0.0
grid16,mixed_affine,347,0,183,0.0
grid16,mixed_affine,347,1,200,0.0
grid16,mixed_affine,347,2,201,0.0
grid16,mixed_affine,348,0,184,0.0
grid16,mixed_affine,348,1,185,0.0
grid16,mixed_affine,348,2,202,0.0
grid16,mixed_affine,349,0,184,0.0
grid16,mixed_affine,349,1,201,0.0
grid16,mixed_affine,349,2,202,0.0
grid16,mixed_affine,350,0,185,0.0
grid16,mixed_affine,350,1,186,0.0
grid16,mixed_affine,350,2,203,0.0
grid16,mixed_affine,351,0,185,0.0
grid16,mixed_affine,351,1,202,0.0
grid16,mixed_affine,351,2,203,0.0
grid16,mixed_affine,352,0,187,0.0
grid16,mixed_affine,352,1,188,0.0
grid16,mixed_affine,352,2,205,0.0
grid16,mixed_affine,353,0,187,0.0
grid16,mixed_affine,353,1,204,0.0
grid16,mixed_affine,353,2,205,0.0
grid16,mixed_affine,354,0,188,0.0
grid16,mixed_affine,354,1,189,0.0
grid16,mixed_affine,354,2,206,0.0
grid16,mixed_affine,355,0,188,0.0
grid16,mixed_affine,355,1,205,0.0
grid16,mixed_affine,355,2,206,0.0
grid16,mixed_affine,356,0,189,0.0
grid16,mixed_affine,356,1,190,0.0
grid16,mixed_affine,356,2,207,0.0
grid16,mixed_affine,357,0,189,0.0
grid16,mixed_affine,357,1,206,0.0
grid16,mixed_affine,357,2,207,0.0
grid16,mixed_affine,358,0,190,0.0
grid16,mixed_affine,358,1,191,0.0
grid16,mixed_affine,358,2,208,0.0
grid16,mixed_affine,359,0,190,0.0
grid16,mixed_affine,359,1,207,0.0
grid16,mixed_affine,359,2,208,0.0
grid16,mixed_affine,360,0,191,0.0
grid16,mixed_affine,360,1,192,0.0
grid16,mixed_affine,360,2,209,0.0
grid16,mixed_affine,361,0,191,0.0
grid16,mixed_affine,361,1,208,0.0
grid16,mixed_affine,361,2,209,0.0
grid16,mixed_affine,362,0,192,0.0
grid16,mixed_affine,362,1,193,0.0
grid16,mixed_affine,362,2,210,0.0
grid16,mixed_affine,363,0,192,0.0
grid16,mixed_affine,363,1,209,0.0
grid16,mixed_affine,363,2,210,0.0
grid16,mixed_affine,364,0,193,0.0
grid16,mixed_affine,364,1,194,0.0
grid16,mixed_affine,364,2,211,0.0
grid16,mixed_affine,365,0,193,0.0
grid16,mixed_affine,365,1,210,0.0
grid16,mixed_affine,365,2,211,0.0
grid16,mixed_affine,366,0,194,0.0
grid16,mixed_affine,366,1,195,0.0
grid16,mixed_affine,366,2,212,0.0
grid16,mixed_affine,367,0,194,0.0
grid16,mixed_affine,367,1,211,0.0
grid16,mixed_affine,367,2,212,0.0
grid16,mixed_affine,368,0,195,0.0
grid16,mixed_affine,368,1,196,0.0
grid16,mixed_affine,368,2,213,0.0
grid16,mixed_affine,369,0,195,0.0
grid16,mixed_affine,369,1,212,0.0
grid16,mixed_affine,369,2,213,0.0
grid16,mixed_affine,370,0,196,0.0
grid16,mixed_affine,370,1,197,0.0
grid16,mixed_affine,370,2,214,0.0
grid16,mixed_affine,371,0,196,0.0
grid16,mixed_affine,371,1,213,0.0
grid16,mixed_affine,371,2,214,0.0
grid16,mixed_affine,372,0,197,0.0
grid16,mixed_affine,372,1,198,0.0
grid16,mixed_affine,372,2,215,0.0
grid16,mixed_affine,373,0,197,0.0
grid16,mixed_affine,373,1,214,0.0
grid16,mixed_affine,373,2,215,0.0
grid16,mixed_affine,374,0,198,0.0
grid16,mixed_affine,374,1,199,0.0
grid16,mixed_affine,374,2,216,0.0
grid16,mixed_affine,375,0,198,0.0
grid16,mixed_affine,375,1,215,0.0
grid16,mixed_affine,375,2,216,0.0
grid16,mixed_affine,376,0,199,0.0
grid16,mixed_affine,376,1,200,0.0
grid16,mixed_affine,376,2,217,0.0
grid16,mixed_affine,377,0,199,0.0
grid16,mixed_affine,377,1,216,0.0
grid16,mixed_affine,377,2,217,0.0
grid16,mixed_affine,378,0,200,0.0
grid16,mixed_affine,378,1,201,0.0
grid16,mixed_affine,378,2,218,0.0
grid16,mixed_affine,379,0,200,0.0
grid16,mixed_affine,379,1,217,0.0
grid16,mixed_affine,379,2,218,0.0
grid16,mixed_affine,380,0,201,0.0
grid16,mixed_affine,380,1,202,0.0
grid16,mixed_affine,380,2,219,0.0
grid16,mixed_affine,381,0,201,0.0
grid16,mixed_affine,381,1,218,0.0
grid16,mixed_affine,381,2,219,0.0
grid16,mixed_affine,382,0,202,0.0
grid16,mixed_affine,382,1,203,0.0
grid16,mixed_affine,382,2,220,0.0
grid16,mixed_affine,383,0,202,0.0
grid16,mixed_affine,383,1,219,0.0
grid16,mixed_affine,383,2,220,0.0
grid16,mixed_affine,384,0,204,0.0
grid16,mixed_affine,384,1,205,0.0
grid16,mixed_affine,384,2,222,0.0
grid16,mixed_affine,385,0,204,0.0
grid16,mixed_affine,385,1,221,0.0
grid16,mixed_affine,385,2,222,0.0
grid16,mixed_affine,386,0,205,0.0
grid16,mixed_affine,386,1,206,0.0
grid16,mixed_affine,386,2,223,0.0
grid16,mixed_affine,387,0,205,0.0
grid16,mixed_affine,387,1,222,0.0
grid16,mixed_affine,387,2,223,0.0
grid16,mixed_affine,388,0,206,0.0
grid16,mixed_affine,388,1,207,0.0
grid16,mixed_affine,388,2,224,0.0
grid16,mixed_affine,389,0,206,0.0
grid16,mixed_affine,389,1,223,0.0
grid16,mixed_affine,389,2,224,0.0
grid16,mixed_affine,390,0,207,0.0
grid16,mixed_affine,390,1,208,0.0
grid16,mixed_affine,390,2,225,0.0
grid16,mixed_affine,391,0,207,0.0
grid16,mixed_affine,391,1,224,0.0
grid16,mixed_affine,391,2,225,0.0
grid16,mixed_affine,392,0,208,0.0
grid16,mixed_affine,392,1,209,0.0
grid16,mixed_affine,392,2,226,0.0
grid16,mixed_affine,393,0,208,0.0
grid16,mixed_affine,393,1,225,0.0
grid16,mixed_affine,393,2,226,0.0
grid16,mixed_affine,394,0,209,0.0
grid16,mixed_affine,394,1,210,0.0
grid16,mixed_affine,394,2,227,0.0
grid16,mixed_affine,395,0,209,0.0
grid16,mixed_affine,395,1,226,0.0
grid16,mixed_affine,395,2,227,0.0
grid16,mixed_affine,396,0,210,0.0
grid16,mixed_affine,396,1,211,0.0
grid16,mixed_affine,396,2,228,0.0
grid16,mixed_affine,397,0,210,0.0
grid16,mixed_affine,397,1,227,0.0
grid16,mixed_affine,397,2,228,0.0
grid16,mixed_affine,398,0,211,0.0
grid16,mixed_affine,398,1,212,0.0
grid16,mixed_affine,398,2,229,0.0
grid16,mixed_affine,399,0,211,0.0
grid16,mixed_affine,399,1,228,0.0
grid16,mixed_affine,399,2,229,0.0
grid16,mixed_affine,400,0,212,0.0
grid16,mixed_affine,400,1,213,0.0
grid16,mixed_affine,400,2,230,0.0
grid16,mixed_affine,401,0,212,0.0
grid16,mixed_affine,401,1,229,0.0
grid16,mixed_affine,401,2,230,0.0
grid16,mixed_affine,402,0,213,0.0
grid16,mixed_affine,402,1,214,0.0
grid16,mixed_affine,402,2,231,0.0
grid16,mixed_affine,403,0,213,0.0
grid16,mixed_affine,403,1,230,0.0
grid16,mixed_affine,403,2,231,0.0
grid16,mixed_affine,404,0,214,0.0
grid16,mixed_affine,404,1,215,0.0
grid16,mixed_affine,404,2,232,0.0
grid16,mixed_affine,405,0,214,0.0
grid16,mixed_affine,405,1,231,0.0
grid16,mixed_affine,405,2,232,0.0
grid16,mixed_affine,406,0,215,0.0
grid16,mixed_affine,406,1,216,0.0
grid16,mixed_affine,406,2,233,0.0
grid16,mixed_affine,407,0,215,0.0
grid16,mixed_affine,407,1,232,0.0
grid16,mixed_affine,407,2,233,0.0
grid16,mixed_affine,408,0,216,0.0
grid16,mixed_affine,408,1,217,0.0
grid16,mixed_affine,408,2,234,0.0
grid16,mixed_affine,409,0,216,0.0
grid16,mixed_affine,409,1,233,0.0
grid16,mixed_affine,409,2,234,0.0
grid16,mixed_affine,410,0,217,0.0
grid16,mixed_affine,410,1,218,0.0
grid16,mixed_affine,410,2,235,0.0
grid16,mixed_affine,411,0,217,0.0
grid16,mixed_affine,411,1,234,0.0
grid16,mixed_affine,411,2,235,0.0
grid16,mixed_affine,412,0,218,0.0
grid16,mixed_affine,412,1,219,0.0
grid16,mixed_affine,412,2,236,0.0
grid16,mixed_affine,413,0,218,0.0
grid16,mixed_affine,413,1,235,0.0
grid16,mixed_affine,413,2,236,0.0
grid16,mixed_affine,414,0,219,0.0
grid16,mixed_affine,414,1,220,0.0
grid16,mixed_affine,414,2,237,0.0
grid16,mixed_affine,415,0,219,0.0
grid16,mixed_affine,415,1,236,0.0
grid16,mixed_affine,415,2,237,0.0
grid16,mixed_affine,416,0,221,0.0
grid16,mixed_affine,416,1,222,0.0
grid16,mixed_affine,416,2,239,0.0
grid16,mixed_affine,417,0,221,0.0
grid16,mixed_affine,417,1,238,0.0
grid16,mixed_affine,417,2,239,0.0
grid16,mixed_affine,418,0,222,0.0
grid16,mixed_affine,418,1,223,0.0
grid16,mixed_affine,418,2,240,0.0
grid16,mixed_affine,419,0,222,0.0
grid16,mixed_affine,419,1,239,0.0
grid16,mixed_affine,419,2,240,0.0
grid16,mixed_affine,420,0,223,0.0
grid16,mixed_affine,420,1,224,0.0
grid16,mixed_affine,420,2,241,0.0
grid16,mixed_affine,421,0,223,0.0
grid16,mixed_affine,421,1,240,0.0
grid16,mixed_affine,421,2,241,0.0
grid16,mixed_affine,422,0,224,0.0
grid16,mixed_affine,422,1,225,0.0
grid16,mixed_affine,422,2,242,0.0
grid16,mixed_affine,423,0,224,0.0
grid16,mixed_affine,423,1,241,0.0
grid16,mixed_affine,423,2,242,0.0
grid16,mixed_affine,424,0,225,0.0
grid16,mixed_affine,424,1,226,0.0
grid16,mixed_affine,424,2,243,0.0
grid16,mixed_affine,425,0,225,0.0
grid16,mixed_affine,425,1,242,0.0
grid16,mixed_affine,425,2,243,0.0
grid16,mixed_affine,426,0,226,0.0
grid16,mixed_affine,426,1,227,0.0
grid16,mixed_affine,426,2,244,0.0
grid16,mixed_affine,427,0,226,0.0
grid16,mixed_affine,427,1,243,0.0
grid16,mixed_affine,427,2,244,0.0
grid16,mixed_affine,428,0,227,0.0
grid16,mixed_affine,428,1,228,0.0
grid16,mixed_affine,428,2,245,0.0
grid16,mixed_affine,429,0,227,0.0
grid16,mixed_affine,429,1,244,0.0
grid16,mixed_affine,429,2,245,0.0
grid16,mixed_affine,430,0,228,0.0
grid16,mixed_affine,430,1,229,0.0
grid16,mixed_affine,430,2,246,0.0
grid16,mixed_affine,431,0,228,0.0
grid16,mixed_affine,431,1,245,0.0
grid16,mixed_affine,431,2,246,0.0
grid16,mixed_affine,432,0,229,0.0
grid16,mixed_affine,432,1,230,0.0
grid16,mixed_affine,432,2,247,0.0
grid16,mixed_affine,433,0,229,0.0
grid16,mixed_affine,433,1,246,0.0
grid16,mixed_affine,433,2,247,0.0
grid16,mixed_affine,434,0,230,0.0
grid16,mixed_affine,434,1,231,0.0
grid16,mixed_affine,434,2,248,0.0
grid16,mixed_affine,435,0,230,0.0
grid16,mixed_affine,435,1,247,0.0
grid16,mixed_affine,435,2,248,0.0
grid16,mixed_affine,436,0,231,0.0
grid16,mixed_affine,436,1,232,0.0
grid16,mixed_affine,436,2,249,0.0
grid16,mixed_affine,437,0,231,0.0
grid16,mixed_affine,437,1,248,0.0
grid16,mixed_affine,437,2,249,0.0
grid16,mixed_affine,438,0,232,0.0
grid16,mixed_affine,438,1,233,0.0
grid16,mixed_affine,438,2,250,0.0
grid16,mixed_affine,439,0,232,0.0
grid16,mixed_affine,439,1,249,0.0
grid16,mixed_affine,439,2,250,0.0
grid16,mixed_affine,440,0,233,0.0
grid16,mixed_affine,440,1,234,0.0
grid16,mixed_affine,440,2,251,0.0
grid16,mixed_affine,441,0,233,0.0
grid16,mixed_affine,441,1,250,0.0
grid16,mixed_affine,441,2,251,0.0
grid16,mixed_affine,442,0,234,0.0
grid16,mixed_affine,442,1,235,0.0
grid16,mixed_affine,442,2,252,0.0
grid16,mixed_affine,443,0,234,0.0
grid16,mixed_affine,443,1,251,0.0
grid16,mixed_affine,443,2,252,0.0
grid16,mixed_affine,444,0,235,0.0
grid16,mixed_affine,444,1,236,0.0
grid16,mixed_affine,444,2,253,0.0
grid16,mixed_affine,445,0,235,0.0
grid16,mixed_affine,445,1,252,0.0
grid16,mixed_affine,445,2,253,0.0
grid16,mixed_affine,446,0,236,0.0
grid16,mixed_affine,446,1,237,0.0
grid16,mixed_affine,446,2,254,0.0
grid16,mixed_affine,447,0,236,0.0
grid16,mixed_affine,447,1,253,0.0
grid16,mixed_affine,447,2,254,0.0
grid16,mixed_affine,448,0,238,0.0
grid16,mixed_affine,448,1,239,0.0
grid16,mixed_affine,448,2,256,0.0
grid16,mixed_affine,449,0,238,0.0
grid16,mixed_affine,449,1,255,0.0
grid16,mixed_affine,449,2,256,0.0
grid16,mixed_affine,450,0,239,0.0
grid16,mixed_affine,450,1,240,0.0
grid16,mixed_affine,450,2,257,0.0
grid16,mixed_affine,451,0,239,0.0
grid16,mixed_affine,451,1,256,0.0
grid16,mixed_affine,451,2,257,0.0
grid16,mixed_affine,452,0,240,0.0
grid16,mixed_affine,452,1,241,0.0
grid16,mixed_affine,452,2,258,0.0
grid16,mixed_affine,453,0,240,0.0
grid16,mixed_affine,453,1,257,0.0
grid16,mixed_affine,453,2,258,0.0
grid16,mixed_affine,454,0,241,0.0
grid16,mixed_affine,454,1,242,0.0
grid16,mixed_affine,454,2,259,0.0
grid16,mixed_affine,455,0,241,0.0
grid16,mixed_affine,455,1,258,0.0
grid16,mixed_affine,455,2,259,0.0
grid16,mixed_affine,456,0,242,0.0
grid16,mixed_affine,456,1,243,0.0
grid16,mixed_affine,456,2,260,0.0
grid16,mixed_affine,457,0,242,0.0
grid16,mixed_affine,457,1,259,0.0
grid16,mixed_affine,457,2,260,0.0
grid16,mixed_affine,458,0,243,0.0
grid16,mixed_affine,458,1,244,0.0
grid16,mixed_affine,458,2,261,0.0
grid16,mixed_affine,459,0,243,0.0
grid16,mixed_affine,459,1,260,0.0
grid16,mixed_affine,459,2,261,0.0
grid16,mixed_affine,460,0,244,0.0
grid16,mixed_affine,460,1,245,0.0
grid16,mixed_affine,460,2,262,0.0
grid16,mixed_affine,461,0,244,0.0
grid16,mixed_affine,461,1,261,0.0
grid16,mixed_affine,461,2,262,0.0
grid16,mixed_affine,462,0,245,0.0
grid16,mixed_affine,462,1,246,0.0
grid16,mixed_affine,462,2,263,0.0
grid16,mixed_affine,463,0,245,0.0
grid16,mixed_affine,463,1,262,0.0
grid16,mixed_affine,463,2,263,0.0
grid16,mixed_affine,464,0,246,0.0
grid16,mixed_affine,464,1,247,0.0
grid16,mixed_affine,464,2,264,0.0
grid16,mixed_affine,465,0,246,0.0
grid16,mixed_affine,465,1,263,0.0
grid16,mixed_affine,465,2,264,0.0
grid16,mixed_affine,466,0,247,0.0
grid16,mixed_affine,466,1,248,0.0
grid16,mixed_affine,466,2,265,0.0
grid16,mixed_affine,467,0,247,0.0
grid16,mixed_affine,467,1,264,0.0
grid16,mixed_affine,467,2,265,0.0
grid16,mixed_affine,468,0,248,0.0
grid16,mixed_affine,468,1,249,0.0
grid16,mixed_affine,468,2,266,0.0
grid16,mixed_affine,469,0,248,0.0
grid16,mixed_affine,469,1,265,0.0
grid16,mixed_affine,469,2,266,0.0
grid16,mixed_affine,470,0,249,0.0
grid16,mixed_affine,470,1,250,0.0
grid16,mixed_affine,470,2,267,0.0
grid16,mixed_affine,471,0,249,0.0
grid16,mixed_affine,471,1,266,0.0
grid16,mixed_affine,471,2,267,0.0
grid16,mixed_affine,472,0,250,0.0
grid16,mixed_affine,472,1,251,0.0
grid16,mixed_affine,472,2,268,0.0
grid16,mixed_affine,473,0,250,0.0
grid16,mixed_affine,473,1,267,0.0
grid16,mixed_affine,473,2,268,0.0
grid16,mixed_affine,474,0,251,0.0
grid16,mixed_affine,474,1,252,0.0
grid16,mixed_affine,474,2,269,0.0
grid16,mixed_affine,475,0,251,0.0
grid16,mixed_affine,475,1,268,0.0
grid16,mixed_affine,475,2,269,0.0
grid16,mixed_affine,476,0,252,0.0
grid16,mixed_affine,476,1,253,0.0
grid16,mixed_affine,476,2,270,0.0
grid16,mixed_affine,477,0,252,0.0
grid16,mixed_affine,477,1,269,0.0
grid16,mixed_affine,477,2,270,0.0
grid16,mixed_affine,478,0,253,0.0
grid16,mixed_affine,478,1,254,0.0
grid16,mixed_affine,478,2,271,0.0
grid16,mixed_affine,479,0,253,0.0
grid16,mixed_affine,479,1,270,0.0
grid16,mixed_affine,479,2,271,0.0
grid16,mixed_affine,480,0,255,0.0
grid16,mixed_affine,480,1,256,0.0
grid16,mixed_affine,480,2,273,0.0
grid16,mixed_affine,481,0,255,0.0
grid16,mixed_affine,481,1,272,0.0
grid16,mixed_affine,481,2,273,0.0
grid16,mixed_affine,482,0,256,0.0
grid16,mixed_affine,482,1,257,0.0
grid16,mixed_affine,482,2,274,0.0
grid16,mixed_affine,483,0,256,0.0
grid16,mixed_affine,483,1,273,0.0
grid16,mixed_affine,483,2,274,0.0
grid16,mixed_affine,484,0,257,0.0
grid16,mixed_affine,484,1,258,0.0
grid16,mixed_affine,484,2,275,0.0
grid16,mixed_affine,485,0,257,0.0
grid16,mixed_affine,485,1,274,0.0
grid16,mixed_affine,485,2,275,0.0
grid16,mixed_affine,486,0,258,0.0
grid16,mixed_affine,486,1,259,0.0
grid16,mixed_affine,486,2,276,0.0
grid16,mixed_affine,487,0,258,0.0
grid16,mixed_affine,487,1,275,0.0
grid16,mixed_affine,487,2,276,0.0
grid16,mixed_affine,488,0,259,0.0
grid16,mixed_affine,488,1,260,0.0
grid16,mixed_affine,488,2,277,0.0
grid16,mixed_affine,489,0,259,0.0
grid16,mixed_affine,489,1,276,0.0
grid16,mixed_affine,489,2,277,0.0
grid16,mixed_affine,490,0,260,0.0
grid16,mixed_affine,490,1,261,0.0
grid16,mixed_affine,490,2,278,0.0
grid16,mixed_affine,491,0,260,0.0
grid16,mixed_affine,491,1,277,0.0
grid16,mixed_affine,491,2,278,0.0
grid16,mixed_affine,492,0,261,0.0
grid16,mixed_affine,492,1,262,0.0
grid16,mixed_affine,492,2,279,0.0
grid16,mixed_affine,493,0,261,0.0
grid16,mixed_affine,493,1,278,0.0
grid16,mixed_affine,493,2,279,0.0
grid16,mixed_affine,494,0,262,0.0
grid16,mixed_affine,494,1,263,0.0
grid16,mixed_affine,494,2,280,0.0
grid16,mixed_affine,495,0,262,0.0
grid16,mixed_affine,495,1,279,0.0
grid16,mixed_affine,495,2,280,0.0
grid16,mixed_affine,496,0,263,0.0
grid16,mixed_affine,496,1,264,0.0
grid16,mixed_affine,496,2,281,0.0
grid16,mixed_affine,497,0,263,0.0
grid16,mixed_affine,497,1,280,0.0
grid16,mixed_affine,497,2,281,0.0
grid16,mixed_affine,498,0,264,0.0
grid16,mixed_affine,498,1,265,0.0
grid16,mixed_affine,498,2,282,0.0
grid16,mixed_affine,499,0,264,0.0
grid16,mixed_affine,499,1,281,0.0
grid16,mixed_affine,499,2,282,0.0
grid16,mixed_affine,500,0,265,0.0
grid16,mixed_affine,500,1,266,0.0
grid16,mixed_affine,500,2,283,0.0
grid16,mixed_affine,501,0,265,0.0
grid16,mixed_affine,501,1,282,0.0
grid16,mixed_affine,501,2,283,0.0
grid16,mixed_affine,502,0,266,0.0
grid16,mixed_affine,502,1,267,0.0
grid16,mixed_affine,502,2,284,0.0
grid16,mixed_affine,503,0,266,0.0
grid16,mixed_affine,503,1,283,0.0
grid16,mixed_affine,503,2,284,0.0
grid16,mixed_affine,504,0,267,0.0
grid16,mixed_affine,504,1,268,0.0
grid16,mixed_affine,504,2,285,0.0
grid16,mixed_affine,505,0,267,0.0
grid16,mixed_affine,505,1,284,0.0
grid16,mixed_affine,505,2,285,0.0
grid16,mixed_affine,506,0,268,0.0
grid16,mixed_affine,506,1,269,0.0
grid16,mixed_affine,506,2,286,0.0
grid16,mixed_affine,507,0,268,0.0
grid16,mixed_affine,507,1,285,0.0
grid16,mixed_affine,507,2,286,0.0
grid16,mixed_affine,508,0,269,0.0
grid16,mixed_affine,508,1,270,0.0
grid16,mixed_affine,508,2,287,0.0
grid16,mixed_affine,509,0,269,0.0
grid16,mixed_affine,509,1,286,0.0
grid16,mixed_affine,509,2,287,0.0
grid16,mixed_affine,510,0,270,0.0
grid16,mixed_affine,510,1,271,0.0
grid16,mixed_affine,510,2,288,0.0
grid16,mixed_affine,511,0,270,0.0
grid16,mixed_affine,511,1,287,0.0
grid16,mixed_affine,511,2,288,0.0
alternate4,constant_zero,0,0,0,0.010416666666666666
alternate4,constant_zero,0,1,1,0.010416666666666666
alternate4,constant_zero,0,2,6,0.010416666666666666
alternate4,constant_zero,1,0,0,0.010416666666666666
alternate4,constant_zero,1,1,5,0.010416666666666666
alternate4,constant_zero,1,2,6,0.010416666666666666
alternate4,constant_zero,2,0,1,0.010416666666666666
alternate4,constant_zero,2,1,2,0.010416666666666666
alternate4,constant_zero,2,2,6,0.010416666666666666
alternate4,constant_zero,3,0,2,0.010416666666666666
alternate4,constant_zero,3,1,6,0.010416666666666666
alternate4,constant_zero,3,2,7,0.010416666666666666
alternate4,constant_zero,4,0,2,0.010416666666666666
alternate4,constant_zero,4,1,3,0.010416666666666666
alternate4,constant_zero,4,2,8,0.010416666666666666
alternate4,constant_zero,5,0,2,0.010416666666666666
alternate4,constant_zero,5,1,7,0.010416666666666666
alternate4,constant_zero,5,2,8,0.010416666666666666
alternate4,constant_zero,6,0,3,0.010416666666666666
alternate4,constant_zero,6,1,4,0.010416666666666666
alternate4,constant_zero,6,2,8,0.010416666666666666
alternate4,constant_zero,7,0,4,0.010416666666666666
alternate4,constant_zero,7,1,8,0.010416666666666666
alternate4,constant_zero,7,2,9,0.010416666666666666
alternate4,constant_zero,8,0,5,0.010416666666666666
alternate4,constant_zero,8,1,6,0.010416666666666666
alternate4,constant_zero,8,2,10,0.010416666666666666
alternate4,constant_zero,9,0,6,0.010416666666666666
alternate4,constant_zero,9,1,10,0.010416666666666666
alternate4,constant_zero,9,2,11,0.010416666666666666
alternate4,constant_zero,10,0,6,0.010416666666666666
alternate4,constant_zero,10,1,7,0.010416666666666666
alternate4,constant_zero,10,2,12,0.010416666666666666
alternate4,constant_zero,11,0,6,0.010416666666666666
alternate4,constant_zero,11,1,11,0.010416666666666666
alternate4,constant_zero,11,2,12,0.010416666666666666
alternate4,constant_zero,12,0,7,0.010416666666666666
alternate4,constant_zero,12,1,8,0.010416666666666666
alternate4,constant_zero,12,2,12,0.010416666666666666
alternate4,constant_zero,13,0,8,0.010416666666666666
alternate4,constant_zero,13,1,12,0.010416666666666666
alternate4,constant_zero,13,2,13,0.010416666666666666
alternate4,constant_zero,14,0,8,0.010416666666666666
alternate4,constant_zero,14,1,9,0.010416666666666666
alternate4,constant_zero,14,2,14,0.010416666666666666
alternate4,constant_zero,15,0,8,0.010416666666666666
alternate4,constant_zero,15,1,13,0.010416666666666666
alternate4,constant_zero,15,2,14,0.010416666666666666
alternate4,constant_zero,16,0,10,0.010416666666666666
alternate4,constant_zero,16,1,11,0.010416666666666666
alternate4,constant_zero,16,2,16,0.010416666666666666
alternate4,constant_zero,17,0,10,0.010416666666666666
alternate4,constant_zero,17,1,15,0.010416666666666666
alternate4,constant_zero,17,2,16,0.010416666666666666
alternate4,constant_zero,18,0,11,0.010416666666666666
alternate4,constant_zero,18,1,12,0.010416666666666666
alternate4,constant_zero,18,2,16,0.010416666666666666
alternate4,constant_zero,19,0,12,0.010416666666666666
alternate4,constant_zero,19,1,16,0.010416666666666666
alternate4,constant_zero,19,2,17,0.010416666666666666
alternate4,constant_zero,20,0,12,0.010416666666666666
alternate4,constant_zero,20,1,13,0.010416666666666666
alternate4,constant_zero,20,2,18,0.010416666666666666
alternate4,constant_zero,21,0,12,0.010416666666666666
alternate4,constant_zero,21,1,17,0.010416666666666666
alternate4,constant_zero,21,2,18,0.010416666666666666
alternate4,constant_zero,22,0,13,0.010416666666666666
alternate4,constant_zero,22,1,14,0.010416666666666666
alternate4,constant_zero,22,2,18,0.010416666666666666
alternate4,constant_zero,23,0,14,0.010416666666666666
alternate4,constant_zero,23,1,18,0.010416666666666666
alternate4,constant_zero,23,2,19,0.010416666666666666
alternate4,constant_zero,24,0,15,0.010416666666666666
alternate4,constant_zero,24,1,16,0.010416666666666666
alternate4,constant_zero,24,2,20,0.010416666666666666
alternate4,constant_zero,25,0,16,0.010416666666666666
alternate4,constant_zero,25,1,20,0.010416666666666666
alternate4,constant_zero,25,2,21,0.010416666666666666
alternate4,constant_zero,26,0,16,0.010416666666666666
alternate4,constant_zero,26,1,17,0.010416666666666666
alternate4,constant_zero,26,2,22,0.010416666666666666
alternate4,constant_zero,27,0,16,0.010416666666666666
alternate4,constant_zero,27,1,21,0.010416666666666666
alternate4,constant_zero,27,2,22,0.010416666666666666
alternate4,constant_zero,28,0,17,0.010416666666666666
alternate4,constant_zero,28,1,18,0.010416666666666666
alternate4,constant_zero,28,2,22,0.010416666666666666
alternate4,constant_zero,29,0,18,0.010416666666666666
alternate4,constant_zero,29,1,22,0.010416666666666666
alternate4,constant_zero,29,2,23,0.010416666666666666
alternate4,constant_zero,30,0,18,0.010416666666666666
alternate4,constant_zero,30,1,19,0.010416666666666666
alternate4,constant_zero,30,2,24,0.010416666666666666
alternate4,constant_zero,31,0,18,0.010416666666666666
alternate4,constant_zero,31,1,23,0.010416666666666666
alternate4,constant_zero,31,2,24,0.010416666666666666
alternate4,constant_lift,0,0,0,0.010416666666666666
alternate4,constant_lift,0,1,1,0.010416666666666666
alternate4,constant_lift,0,2,6,0.010416666666666666
alternate4,constant_lift,1,0,0,0.010416666666666666
alternate4,constant_lift,1,1,5,0.010416666666666666
alternate4,constant_lift,1,2,6,0.010416666666666666
alternate4,constant_lift,2,0,1,0.010416666666666666
alternate4,constant_lift,2,1,2,0.010416666666666666
alternate4,constant_lift,2,2,6,0.010416666666666666
alternate4,constant_lift,3,0,2,0.010416666666666666
alternate4,constant_lift,3,1,6,0.010416666666666666
alternate4,constant_lift,3,2,7,0.010416666666666666
alternate4,constant_lift,4,0,2,0.010416666666666666
alternate4,constant_lift,4,1,3,0.010416666666666666
alternate4,constant_lift,4,2,8,0.010416666666666666
alternate4,constant_lift,5,0,2,0.010416666666666666
alternate4,constant_lift,5,1,7,0.010416666666666666
alternate4,constant_lift,5,2,8,0.010416666666666666
alternate4,constant_lift,6,0,3,0.010416666666666666
alternate4,constant_lift,6,1,4,0.010416666666666666
alternate4,constant_lift,6,2,8,0.010416666666666666
alternate4,constant_lift,7,0,4,0.010416666666666666
alternate4,constant_lift,7,1,8,0.010416666666666666
alternate4,constant_lift,7,2,9,0.010416666666666666
alternate4,constant_lift,8,0,5,0.010416666666666666
alternate4,constant_lift,8,1,6,0.010416666666666666
alternate4,constant_lift,8,2,10,0.010416666666666666
alternate4,constant_lift,9,0,6,0.010416666666666666
alternate4,constant_lift,9,1,10,0.010416666666666666
alternate4,constant_lift,9,2,11,0.010416666666666666
alternate4,constant_lift,10,0,6,0.010416666666666666
alternate4,constant_lift,10,1,7,0.010416666666666666
alternate4,constant_lift,10,2,12,0.010416666666666666
alternate4,constant_lift,11,0,6,0.010416666666666666
alternate4,constant_lift,11,1,11,0.010416666666666666
alternate4,constant_lift,11,2,12,0.010416666666666666
alternate4,constant_lift,12,0,7,0.010416666666666666
alternate4,constant_lift,12,1,8,0.010416666666666666
alternate4,constant_lift,12,2,12,0.010416666666666666
alternate4,constant_lift,13,0,8,0.010416666666666666
alternate4,constant_lift,13,1,12,0.010416666666666666
alternate4,constant_lift,13,2,13,0.010416666666666666
alternate4,constant_lift,14,0,8,0.010416666666666666
alternate4,constant_lift,14,1,9,0.010416666666666666
alternate4,constant_lift,14,2,14,0.010416666666666666
alternate4,constant_lift,15,0,8,0.010416666666666666
alternate4,constant_lift,15,1,13,0.010416666666666666
alternate4,constant_lift,15,2,14,0.010416666666666666
alternate4,constant_lift,16,0,10,0.010416666666666666
alternate4,constant_lift,16,1,11,0.010416666666666666
alternate4,constant_lift,16,2,16,0.010416666666666666
alternate4,constant_lift,17,0,10,0.010416666666666666
alternate4,constant_lift,17,1,15,0.010416666666666666
alternate4,constant_lift,17,2,16,0.010416666666666666
alternate4,constant_lift,18,0,11,0.010416666666666666
alternate4,constant_lift,18,1,12,0.010416666666666666
alternate4,constant_lift,18,2,16,0.010416666666666666
alternate4,constant_lift,19,0,12,0.010416666666666666
alternate4,constant_lift,19,1,16,0.010416666666666666
alternate4,constant_lift,19,2,17,0.010416666666666666
alternate4,constant_lift,20,0,12,0.010416666666666666
alternate4,constant_lift,20,1,13,0.010416666666666666
alternate4,constant_lift,20,2,18,0.010416666666666666
alternate4,constant_lift,21,0,12,0.010416666666666666
alternate4,constant_lift,21,1,17,0.010416666666666666
alternate4,constant_lift,21,2,18,0.010416666666666666
alternate4,constant_lift,22,0,13,0.010416666666666666
alternate4,constant_lift,22,1,14,0.010416666666666666
alternate4,constant_lift,22,2,18,0.010416666666666666
alternate4,constant_lift,23,0,14,0.010416666666666666
alternate4,constant_lift,23,1,18,0.010416666666666666
alternate4,constant_lift,23,2,19,0.010416666666666666
alternate4,constant_lift,24,0,15,0.010416666666666666
alternate4,constant_lift,24,1,16,0.010416666666666666
alternate4,constant_lift,24,2,20,0.010416666666666666
alternate4,constant_lift,25,0,16,0.010416666666666666
alternate4,constant_lift,25,1,20,0.010416666666666666
alternate4,constant_lift,25,2,21,0.010416666666666666
alternate4,constant_lift,26,0,16,0.010416666666666666
alternate4,constant_lift,26,1,17,0.010416666666666666
alternate4,constant_lift,26,2,22,0.010416666666666666
alternate4,constant_lift,27,0,16,0.010416666666666666
alternate4,constant_lift,27,1,21,0.010416666666666666
alternate4,constant_lift,27,2,22,0.010416666666666666
alternate4,constant_lift,28,0,17,0.010416666666666666
alternate4,constant_lift,28,1,18,0.010416666666666666
alternate4,constant_lift,28,2,22,0.010416666666666666
alternate4,constant_lift,29,0,18,0.010416666666666666
alternate4,constant_lift,29,1,22,0.010416666666666666
alternate4,constant_lift,29,2,23,0.010416666666666666
alternate4,constant_lift,30,0,18,0.010416666666666666
alternate4,constant_lift,30,1,19,0.010416666666666666
alternate4,constant_lift,30,2,24,0.010416666666666666
alternate4,constant_lift,31,0,18,0.010416666666666666
alternate4,constant_lift,31,1,23,0.010416666666666666
alternate4,constant_lift,31,2,24,0.010416666666666666
alternate4,affine_patch,0,0,0,0.0
alternate4,affine_patch,0,1,1,0.0
alternate4,affine_patch,0,2,6,0.0
alternate4,affine_patch,1,0,0,0.0
alternate4,affine_patch,1,1,5,0.0
alternate4,affine_patch,1,2,6,0.0
alternate4,affine_patch,2,0,1,0.0
alternate4,affine_patch,2,1,2,0.0
alternate4,affine_patch,2,2,6,0.0
alternate4,affine_patch,3,0,2,0.0
alternate4,affine_patch,3,1,6,0.0
alternate4,affine_patch,3,2,7,0.0
alternate4,affine_patch,4,0,2,0.0
alternate4,affine_patch,4,1,3,0.0
alternate4,affine_patch,4,2,8,0.0
alternate4,affine_patch,5,0,2,0.0
alternate4,affine_patch,5,1,7,0.0
alternate4,affine_patch,5,2,8,0.0
alternate4,affine_patch,6,0,3,0.0
alternate4,affine_patch,6,1,4,0.0
alternate4,affine_patch,6,2,8,0.0
alternate4,affine_patch,7,0,4,0.0
alternate4,affine_patch,7,1,8,0.0
alternate4,affine_patch,7,2,9,0.0
alternate4,affine_patch,8,0,5,0.0
alternate4,affine_patch,8,1,6,0.0
alternate4,affine_patch,8,2,10,0.0
alternate4,affine_patch,9,0,6,0.0
alternate4,affine_patch,9,1,10,0.0
alternate4,affine_patch,9,2,11,0.0
alternate4,affine_patch,10,0,6,0.0
alternate4,affine_patch,10,1,7,0.0
alternate4,affine_patch,10,2,12,0.0
alternate4,affine_patch,11,0,6,0.0
alternate4,affine_patch,11,1,11,0.0
alternate4,affine_patch,11,2,12,0.0
alternate4,affine_patch,12,0,7,0.0
alternate4,affine_patch,12,1,8,0.0
alternate4,affine_patch,12,2,12,0.0
alternate4,affine_patch,13,0,8,0.0
alternate4,affine_patch,13,1,12,0.0
alternate4,affine_patch,13,2,13,0.0
alternate4,affine_patch,14,0,8,0.0
alternate4,affine_patch,14,1,9,0.0
alternate4,affine_patch,14,2,14,0.0
alternate4,affine_patch,15,0,8,0.0
alternate4,affine_patch,15,1,13,0.0
alternate4,affine_patch,15,2,14,0.0
alternate4,affine_patch,16,0,10,0.0
alternate4,affine_patch,16,1,11,0.0
alternate4,affine_patch,16,2,16,0.0
alternate4,affine_patch,17,0,10,0.0
alternate4,affine_patch,17,1,15,0.0
alternate4,affine_patch,17,2,16,0.0
alternate4,affine_patch,18,0,11,0.0
alternate4,affine_patch,18,1,12,0.0
alternate4,affine_patch,18,2,16,0.0
alternate4,affine_patch,19,0,12,0.0
alternate4,affine_patch,19,1,16,0.0
alternate4,affine_patch,19,2,17,0.0
alternate4,affine_patch,20,0,12,0.0
alternate4,affine_patch,20,1,13,0.0
alternate4,affine_patch,20,2,18,0.0
alternate4,affine_patch,21,0,12,0.0
alternate4,affine_patch,21,1,17,0.0
alternate4,affine_patch,21,2,18,0.0
alternate4,affine_patch,22,0,13,0.0
alternate4,affine_patch,22,1,14,0.0
alternate4,affine_patch,22,2,18,0.0
alternate4,affine_patch,23,0,14,0.0
alternate4,affine_patch,23,1,18,0.0
alternate4,affine_patch,23,2,19,0.0
alternate4,affine_patch,24,0,15,0.0
alternate4,affine_patch,24,1,16,0.0
alternate4,affine_patch,24,2,20,0.0
alternate4,affine_patch,25,0,16,0.0
alternate4,affine_patch,25,1,20,0.0
alternate4,affine_patch,25,2,21,0.0
alternate4,affine_patch,26,0,16,0.0
alternate4,affine_patch,26,1,17,0.0
alternate4,affine_patch,26,2,22,0.0
alternate4,affine_patch,27,0,16,0.0
alternate4,affine_patch,27,1,21,0.0
alternate4,affine_patch,27,2,22,0.0
alternate4,affine_patch,28,0,17,0.0
alternate4,affine_patch,28,1,18,0.0
alternate4,affine_patch,28,2,22,0.0
alternate4,affine_patch,29,0,18,0.0
alternate4,affine_patch,29,1,22,0.0
alternate4,affine_patch,29,2,23,0.0
alternate4,affine_patch,30,0,18,0.0
alternate4,affine_patch,30,1,19,0.0
alternate4,affine_patch,30,2,24,0.0
alternate4,affine_patch,31,0,18,0.0
alternate4,affine_patch,31,1,23,0.0
alternate4,affine_patch,31,2,24,0.0
alternate4,linear_source,0,0,0,0.001953125
alternate4,linear_source,0,1,1,0.0026041666666666665
alternate4,linear_source,0,2,6,0.0032552083333333335
alternate4,linear_source,1,0,0,0.001953125
alternate4,linear_source,1,1,5,0.0026041666666666665
alternate4,linear_source,1,2,6,0.0032552083333333335
alternate4,linear_source,2,0,1,0.00390625
alternate4,linear_source,2,1,2,0.004557291666666667
alternate4,linear_source,2,2,6,0.004557291666666667
alternate4,linear_source,3,0,2,0.005859375
alternate4,linear_source,3,1,6,0.005859375
alternate4,linear_source,3,2,7,0.006510416666666667
alternate4,linear_source,4,0,2,0.007161458333333333
alternate4,linear_source,4,1,3,0.0078125
alternate4,linear_source,4,2,8,0.008463541666666666
alternate4,linear_source,5,0,2,0.007161458333333333
alternate4,linear_source,5,1,7,0.0078125
alternate4,linear_source,5,2,8,0.008463541666666666
alternate4,linear_source,6,0,3,0.009114583333333334
alternate4,linear_source,6,1,4,0.009765625
alternate4,linear_source,6,2,8,0.009765625
alternate4,linear_source,7,0,4,0.011067708333333334
alternate4,linear_source,7,1,8,0.011067708333333334
alternate4,linear_source,7,2,9,0.01171875
alternate4,linear_source,8,0,5,0.00390625
alternate4,linear_source,8,1,6,0.004557291666666667
alternate4,linear_source,8,2,10,0.004557291666666667
alternate4,linear_source,9,0,6,0.005859375
alternate4,linear_source,9,1,10,0.005859375
alternate4,linear_source,9,2,11,0.006510416666666667
alternate4,linear_source,10,0,6,0.007161458333333333
alternate4,linear_source,10,1,7,0.0078125
alternate4,linear_source,10,2,12,0.008463541666666666
alternate4,linear_source,11,0,6,0.007161458333333333
alternate4,linear_source,11,1,11,0.0078125
alternate4,linear_source,11,2,12,0.008463541666666666
alternate4,linear_source,12,0,7,0.009114583333333334
alternate4,linear_source,12,1,8,0.009765625
alternate4,linear_source,12,2,12,0.009765625
alternate4,linear_source,13,0,8,0.011067708333333334
alternate4,linear_source,13,1,12,0.011067708333333334
alternate4,linear_source,13,2,13,0.01171875
alternate4,linear_source,14,0,8,0.012369791666666666
alternate4,linear_source,14,1,9,0.013020833333333334
alternate4,linear_source,14,2,14,0.013671875
alternate4,linear_source,15,0,8,0.012369791666666666
alternate4,linear_source,15,1,13,0.013020833333333334
alternate4,linear_source,15,2,14,0.013671875
alternate4,linear_source,16,0,10,0.007161458333333333
alternate4,linear_source,16,1,11,0.0078125
alternate4,linear_source,16,2,16,0.008463541666666666
alternate4,linear_source,17,0,10,0.007161458333333333
alternate4,linear_source,17,1,15,0.0078125
alternate4,linear_source,17,2,16,0.008463541666666666
alternate4,linear_source,18,0,11,0.009114583333333334
alternate4,linear_source,18,1,12,0.009765625
alternate4,linear_source,18,2,16,0.009765625
alternate4,linear_source,19,0,12,0.011067708333333334
alternate4,linear_source,19,1,16,0.011067708333333334
alternate4,linear_source,19,2,17,0.01171875
alternate4,linear_source,20,0,12,0.012369791666666666
alternate4,linear_source,20,1,13,0.013020833333333334
alternate4,linear_source,20,2,18,0.013671875
alternate4,linear_source,21,0,12,0.012369791666666666
alternate4,linear_source,21,1,17,0.013020833333333334
alternate4,linear_source,21,2,18,0.013671875
alternate4,linear_source,22,0,13,0.014322916666666666
alternate4,linear_source,22,1,14,0.014973958333333334
alternate4,linear_source,22,2,18,0.014973958333333334
alternate4,linear_source,23,0,14,0.016276041666666668
alternate4,linear_source,23,1,18,0.016276041666666668
alternate4,linear_source,23,2,19,0.016927083333333332
alternate4,linear_source,24,0,15,0.009114583333333334
alternate4,linear_source,24,1,16,0.009765625
alternate4,linear_source,24,2,20,0.009765625
alternate4,linear_source,25,0,16,0.011067708333333334
alternate4,linear_source,25,1,20,0.011067708333333334
alternate4,linear_source,25,2,21,0.01171875
alternate4,linear_source,26,0,16,0.012369791666666666
alternate4,linear_source,26,1,17,0.013020833333333334
alternate4,linear_source,26,2,22,0.013671875
alternate4,linear_source,27,0,16,0.012369791666666666
alternate4,linear_source,27,1,21,0.013020833333333334
alternate4,linear_source,27,2,22,0.013671875
alternate4,linear_source,28,0,17,0.014322916666666666
alternate4,linear_source,28,1,18,0.014973958333333334
alternate4,linear_source,28,2,22,0.014973958333333334
alternate4,linear_source,29,0,18,0.016276041666666668
alternate4,linear_source,29,1,22,0.016276041666666668
alternate4,linear_source,29,2,23,0.016927083333333332
alternate4,linear_source,30,0,18,0.017578125
alternate4,linear_source,30,1,19,0.018229166666666668
alternate4,linear_source,30,2,24,0.018880208333333332
alternate4,linear_source,31,0,18,0.017578125
alternate4,linear_source,31,1,23,0.018229166666666668
alternate4,linear_source,31,2,24,0.018880208333333332
alternate4,quartic,0,0,0,0.0033854166666666685
alternate4,quartic,0,1,1,0.004296875000000001
alternate4,quartic,0,2,6,0.0053385416666666685
alternate4,quartic,1,0,0,0.0033854166666666685
alternate4,quartic,1,1,5,0.004296875000000001
alternate4,quartic,1,2,6,0.0053385416666666685
alternate4,quartic,2,0,1,0.005598958333333334
alternate4,quartic,2,1,2,0.005989583333333335
alternate4,quartic,2,2,6,0.0066406250000000016
alternate4,quartic,3,0,2,0.007291666666666669
alternate4,quartic,3,1,6,0.007942708333333336
alternate4,quartic,3,2,7,0.008203125000000004
alternate4,quartic,4,0,2,0.005989583333333335
alternate4,quartic,4,1,3,0.005598958333333334
alternate4,quartic,4,2,8,0.0066406250000000016
alternate4,quartic,5,0,2,0.0072916666666666685
alternate4,quartic,5,1,7,0.008203125
alternate4,quartic,5,2,8,0.007942708333333336
alternate4,quartic,6,0,3,0.004296874999999999
alternate4,quartic,6,1,4,0.003385416666666666
alternate4,quartic,6,2,8,0.005338541666666666
alternate4,quartic,7,0,4,0.0033854166666666685
alternate4,quartic,7,1,8,0.005338541666666668
alternate4,quartic,7,2,9,0.004296875000000002
alternate4,quartic,8,0,5,0.005598958333333334
alternate4,quartic,8,1,6,0.0066406250000000016
alternate4,quartic,8,2,10,0.005989583333333335
alternate4,quartic,9,0,6,0.007942708333333336
alternate4,quartic,9,1,10,0.007291666666666669
alternate4,quartic,9,2,11,0.008203125000000004
alternate4,quartic,10,0,6,0.009244791666666669
alternate4,quartic,10,1,7,0.009505208333333334
alternate4,quartic,10,2,12,0.009895833333333336
alternate4,quartic,11,0,6,0.009244791666666669
alternate4,quartic,11,1,11,0.009505208333333334
alternate4,quartic,11,2,12,0.009895833333333336
alternate4,quartic,12,0,7,0.009505208333333334
alternate4,quartic,12,1,8,0.009244791666666669
alternate4,quartic,12,2,12,0.009895833333333335
alternate4,quartic,13,0,8,0.009244791666666669
alternate4,quartic,13,1,12,0.009895833333333336
alternate4,quartic,13,2,13,0.009505208333333334
alternate4,quartic,14,0,8,0.0066406250000000016
alternate4,quartic,14,1,9,0.005598958333333335
alternate4,quartic,14,2,14,0.005989583333333335
alternate4,quartic,15,0,8,0.007942708333333333
alternate4,quartic,15,1,13,0.008203125
alternate4,quartic,15,2,14,0.007291666666666667
alternate4,quartic,16,0,10,0.0072916666666666685
alternate4,quartic,16,1,11,0.008203125
alternate4,quartic,16,2,16,0.007942708333333336
alternate4,quartic,17,0,10,0.005989583333333335
alternate4,quartic,17,1,15,0.005598958333333334
alternate4,quartic,17,2,16,0.0066406250000000016
alternate4,quartic,18,0,11,0.009505208333333334
alternate4,quartic,18,1,12,0.009895833333333335
alternate4,quartic,18,2,16,0.009244791666666669
alternate4,quartic,19,0,12,0.009895833333333336
alternate4,quartic,19,1,16,0.009244791666666669
alternate4,quartic,19,2,17,0.009505208333333334
alternate4,quartic,20,0,12,0.009895833333333335
alternate4,quartic,20,1,13,0.009505208333333334
alternate4,quartic,20,2,18,0.009244791666666669
alternate4,quartic,21,0,12,0.009895833333333335
alternate4,quartic,21,1,17,0.009505208333333334
alternate4,quartic,21,2,18,0.009244791666666669
alternate4,quartic,22,0,13,0.008203125
alternate4,quartic,22,1,14,0.007291666666666667
alternate4,quartic,22,2,18,0.007942708333333333
alternate4,quartic,23,0,14,0.005989583333333335
alternate4,quartic,23,1,18,0.006640625000000001
alternate4,quartic,23,2,19,0.005598958333333335
alternate4,quartic,24,0,15,0.0042968749999999995
alternate4,quartic,24,1,16,0.005338541666666666
alternate4,quartic,24,2,20,0.003385416666666666
alternate4,quartic,25,0,16,0.005338541666666668
alternate4,quartic,25,1,20,0.0033854166666666685
alternate4,quartic,25,2,21,0.004296875000000002
alternate4,quartic,26,0,16,0.007942708333333333
alternate4,quartic,26,1,17,0.008203125
alternate4,quartic,26,2,22,0.007291666666666667
alternate4,quartic,27,0,16,0.0066406250000000016
alternate4,quartic,27,1,21,0.005598958333333335
alternate4,quartic,27,2,22,0.005989583333333335
alternate4,quartic,28,0,17,0.008203125
alternate4,quartic,28,1,18,0.007942708333333333
alternate4,quartic,28,2,22,0.007291666666666667
alternate4,quartic,29,0,18,0.006640625000000001
alternate4,quartic,29,1,22,0.005989583333333335
alternate4,quartic,29,2,23,0.005598958333333335
alternate4,quartic,30,0,18,0.005338541666666666
alternate4,quartic,30,1,19,0.0042968749999999995
alternate4,quartic,30,2,24,0.0033854166666666668
alternate4,quartic,31,0,18,0.005338541666666666
alternate4,quartic,31,1,23,0.0042968749999999995
alternate4,quartic,31,2,24,0.0033854166666666668
alternate4,mixed_affine,0,0,0,0.0
alternate4,mixed_affine,0,1,1,0.0
alternate4,mixed_affine,0,2,6,0.0
alternate4,mixed_affine,1,0,0,0.0
alternate4,mixed_affine,1,1,5,0.0
alternate4,mixed_affine,1,2,6,0.0
alternate4,mixed_affine,2,0,1,0.0
alternate4,mixed_affine,2,1,2,0.0
alternate4,mixed_affine,2,2,6,0.0
alternate4,mixed_affine,3,0,2,0.0
alternate4,mixed_affine,3,1,6,0.0
alternate4,mixed_affine,3,2,7,0.0
alternate4,mixed_affine,4,0,2,0.0
alternate4,mixed_affine,4,1,3,0.0
alternate4,mixed_affine,4,2,8,0.0
alternate4,mixed_affine,5,0,2,0.0
alternate4,mixed_affine,5,1,7,0.0
alternate4,mixed_affine,5,2,8,0.0
alternate4,mixed_affine,6,0,3,0.0
alternate4,mixed_affine,6,1,4,0.0
alternate4,mixed_affine,6,2,8,0.0
alternate4,mixed_affine,7,0,4,0.0
alternate4,mixed_affine,7,1,8,0.0
alternate4,mixed_affine,7,2,9,0.0
alternate4,mixed_affine,8,0,5,0.0
alternate4,mixed_affine,8,1,6,0.0
alternate4,mixed_affine,8,2,10,0.0
alternate4,mixed_affine,9,0,6,0.0
alternate4,mixed_affine,9,1,10,0.0
alternate4,mixed_affine,9,2,11,0.0
alternate4,mixed_affine,10,0,6,0.0
alternate4,mixed_affine,10,1,7,0.0
alternate4,mixed_affine,10,2,12,0.0
alternate4,mixed_affine,11,0,6,0.0
alternate4,mixed_affine,11,1,11,0.0
alternate4,mixed_affine,11,2,12,0.0
alternate4,mixed_affine,12,0,7,0.0
alternate4,mixed_affine,12,1,8,0.0
alternate4,mixed_affine,12,2,12,0.0
alternate4,mixed_affine,13,0,8,0.0
alternate4,mixed_affine,13,1,12,0.0
alternate4,mixed_affine,13,2,13,0.0
alternate4,mixed_affine,14,0,8,0.0
alternate4,mixed_affine,14,1,9,0.0
alternate4,mixed_affine,14,2,14,0.0
alternate4,mixed_affine,15,0,8,0.0
alternate4,mixed_affine,15,1,13,0.0
alternate4,mixed_affine,15,2,14,0.0
alternate4,mixed_affine,16,0,10,0.0
alternate4,mixed_affine,16,1,11,0.0
alternate4,mixed_affine,16,2,16,0.0
alternate4,mixed_affine,17,0,10,0.0
alternate4,mixed_affine,17,1,15,0.0
alternate4,mixed_affine,17,2,16,0.0
alternate4,mixed_affine,18,0,11,0.0
alternate4,mixed_affine,18,1,12,0.0
alternate4,mixed_affine,18,2,16,0.0
alternate4,mixed_affine,19,0,12,0.0
alternate4,mixed_affine,19,1,16,0.0
alternate4,mixed_affine,19,2,17,0.0
alternate4,mixed_affine,20,0,12,0.0
alternate4,mixed_affine,20,1,13,0.0
alternate4,mixed_affine,20,2,18,0.0
alternate4,mixed_affine,21,0,12,0.0
alternate4,mixed_affine,21,1,17,0.0
alternate4,mixed_affine,21,2,18,0.0
alternate4,mixed_affine,22,0,13,0.0
alternate4,mixed_affine,22,1,14,0.0
alternate4,mixed_affine,22,2,18,0.0
alternate4,mixed_affine,23,0,14,0.0
alternate4,mixed_affine,23,1,18,0.0
alternate4,mixed_affine,23,2,19,0.0
alternate4,mixed_affine,24,0,15,0.0
alternate4,mixed_affine,24,1,16,0.0
alternate4,mixed_affine,24,2,20,0.0
alternate4,mixed_affine,25,0,16,0.0
alternate4,mixed_affine,25,1,20,0.0
alternate4,mixed_affine,25,2,21,0.0
alternate4,mixed_affine,26,0,16,0.0
alternate4,mixed_affine,26,1,17,0.0
alternate4,mixed_affine,26,2,22,0.0
alternate4,mixed_affine,27,0,16,0.0
alternate4,mixed_affine,27,1,21,0.0
alternate4,mixed_affine,27,2,22,0.0
alternate4,mixed_affine,28,0,17,0.0
alternate4,mixed_affine,28,1,18,0.0
alternate4,mixed_affine,28,2,22,0.0
alternate4,mixed_affine,29,0,18,0.0
alternate4,mixed_affine,29,1,22,0.0
alternate4,mixed_affine,29,2,23,0.0
alternate4,mixed_affine,30,0,18,0.0
alternate4,mixed_affine,30,1,19,0.0
alternate4,mixed_affine,30,2,24,0.0
alternate4,mixed_affine,31,0,18,0.0
alternate4,mixed_affine,31,1,23,0.0
alternate4,mixed_affine,31,2,24,0.0
