mesh,element,i,j,row,column,value
fan,0,0,0,0,0,0.5
fan,0,0,1,0,1,0.0
fan,0,0,2,0,4,-0.5
fan,0,1,0,1,0,0.0
fan,0,1,1,1,1,0.5
fan,0,1,2,1,4,-0.5
fan,0,2,0,4,0,-0.5
fan,0,2,1,4,1,-0.5
fan,0,2,2,4,4,1.0
fan,1,0,0,1,1,0.5
fan,1,0,1,1,4,-0.5
fan,1,0,2,1,2,0.0
fan,1,1,0,4,1,-0.5
fan,1,1,1,4,4,1.0
fan,1,1,2,4,2,-0.5
fan,1,2,0,2,1,0.0
fan,1,2,1,2,4,-0.5
fan,1,2,2,2,2,0.5
fan,2,0,0,2,2,0.5
fan,2,0,1,2,3,0.0
fan,2,0,2,2,4,-0.5
fan,2,1,0,3,2,0.0
fan,2,1,1,3,3,0.5
fan,2,1,2,3,4,-0.5
fan,2,2,0,4,2,-0.5
fan,2,2,1,4,3,-0.5
fan,2,2,2,4,4,1.0
fan,3,0,0,3,3,0.5
fan,3,0,1,3,4,-0.5
fan,3,0,2,3,0,0.0
fan,3,1,0,4,3,-0.5
fan,3,1,1,4,4,1.0
fan,3,1,2,4,0,-0.5
fan,3,2,0,0,3,0.0
fan,3,2,1,0,4,-0.5
fan,3,2,2,0,0,0.5
shifted,0,0,0,0,0,0.7555555555555556
shifted,0,0,1,0,1,0.07777777777777778
shifted,0,0,2,0,4,-0.8333333333333335
shifted,0,1,0,1,0,0.07777777777777778
shifted,0,1,1,1,1,0.33888888888888885
shifted,0,1,2,1,4,-0.41666666666666663
shifted,0,2,0,4,0,-0.8333333333333335
shifted,0,2,1,4,1,-0.41666666666666663
shifted,0,2,2,4,4,1.25
shifted,1,0,0,1,1,0.6033333333333334
shifted,1,0,1,1,4,-0.44999999999999996
shifted,1,0,2,1,2,-0.15333333333333338
shifted,1,1,0,4,1,-0.44999999999999996
shifted,1,1,1,4,4,0.7499999999999999
shifted,1,1,2,4,2,-0.3
shifted,1,2,0,2,1,-0.15333333333333338
shifted,1,2,1,2,4,-0.3
shifted,1,2,2,2,2,0.45333333333333337
shifted,2,0,0,2,2,0.3925925925925926
shifted,2,0,1,2,3,-0.11481481481481476
shifted,2,0,2,2,4,-0.2777777777777778
shifted,2,1,0,3,2,-0.11481481481481476
shifted,2,1,1,3,3,0.6703703703703705
shifted,2,1,2,3,4,-0.5555555555555557
shifted,2,2,0,4,2,-0.2777777777777778
shifted,2,2,1,4,3,-0.5555555555555557
shifted,2,2,2,4,4,0.8333333333333334
shifted,3,0,0,3,3,0.40666666666666673
shifted,3,0,1,3,4,-0.6000000000000001
shifted,3,0,2,3,0,0.1933333333333334
shifted,3,1,0,4,3,-0.6000000000000001
shifted,3,1,1,4,4,1.5
shifted,3,1,2,4,0,-0.9
shifted,3,2,0,0,3,0.1933333333333334
shifted,3,2,1,0,4,-0.9
shifted,3,2,2,0,0,0.7066666666666667
grid2,0,0,0,0,0,0.5
grid2,0,0,1,0,1,-0.5
grid2,0,0,2,0,4,0.0
grid2,0,1,0,1,0,-0.5
grid2,0,1,1,1,1,1.0
grid2,0,1,2,1,4,-0.5
grid2,0,2,0,4,0,0.0
grid2,0,2,1,4,1,-0.5
grid2,0,2,2,4,4,0.5
grid2,1,0,0,0,0,0.5
grid2,1,0,1,0,3,-0.5
grid2,1,0,2,0,4,0.0
grid2,1,1,0,3,0,-0.5
grid2,1,1,1,3,3,1.0
grid2,1,1,2,3,4,-0.5
grid2,1,2,0,4,0,0.0
grid2,1,2,1,4,3,-0.5
grid2,1,2,2,4,4,0.5
grid2,2,0,0,1,1,0.5
grid2,2,0,1,1,2,-0.5
grid2,2,0,2,1,5,0.0
grid2,2,1,0,2,1,-0.5
grid2,2,1,1,2,2,1.0
grid2,2,1,2,2,5,-0.5
grid2,2,2,0,5,1,0.0
grid2,2,2,1,5,2,-0.5
grid2,2,2,2,5,5,0.5
grid2,3,0,0,1,1,0.5
grid2,3,0,1,1,4,-0.5
grid2,3,0,2,1,5,0.0
grid2,3,1,0,4,1,-0.5
grid2,3,1,1,4,4,1.0
grid2,3,1,2,4,5,-0.5
grid2,3,2,0,5,1,0.0
grid2,3,2,1,5,4,-0.5
grid2,3,2,2,5,5,0.5
grid2,4,0,0,3,3,0.5
grid2,4,0,1,3,4,-0.5
grid2,4,0,2,3,7,0.0
grid2,4,1,0,4,3,-0.5
grid2,4,1,1,4,4,1.0
grid2,4,1,2,4,7,-0.5
grid2,4,2,0,7,3,0.0
grid2,4,2,1,7,4,-0.5
grid2,4,2,2,7,7,0.5
grid2,5,0,0,3,3,0.5
grid2,5,0,1,3,6,-0.5
grid2,5,0,2,3,7,0.0
grid2,5,1,0,6,3,-0.5
grid2,5,1,1,6,6,1.0
grid2,5,1,2,6,7,-0.5
grid2,5,2,0,7,3,0.0
grid2,5,2,1,7,6,-0.5
grid2,5,2,2,7,7,0.5
grid2,6,0,0,4,4,0.5
grid2,6,0,1,4,5,-0.5
grid2,6,0,2,4,8,0.0
grid2,6,1,0,5,4,-0.5
grid2,6,1,1,5,5,1.0
grid2,6,1,2,5,8,-0.5
grid2,6,2,0,8,4,0.0
grid2,6,2,1,8,5,-0.5
grid2,6,2,2,8,8,0.5
grid2,7,0,0,4,4,0.5
grid2,7,0,1,4,7,-0.5
grid2,7,0,2,4,8,0.0
grid2,7,1,0,7,4,-0.5
grid2,7,1,1,7,7,1.0
grid2,7,1,2,7,8,-0.5
grid2,7,2,0,8,4,0.0
grid2,7,2,1,8,7,-0.5
grid2,7,2,2,8,8,0.5
grid4,0,0,0,0,0,0.5
grid4,0,0,1,0,1,-0.5
grid4,0,0,2,0,6,0.0
grid4,0,1,0,1,0,-0.5
grid4,0,1,1,1,1,1.0
grid4,0,1,2,1,6,-0.5
grid4,0,2,0,6,0,0.0
grid4,0,2,1,6,1,-0.5
grid4,0,2,2,6,6,0.5
grid4,1,0,0,0,0,0.5
grid4,1,0,1,0,5,-0.5
grid4,1,0,2,0,6,0.0
grid4,1,1,0,5,0,-0.5
grid4,1,1,1,5,5,1.0
grid4,1,1,2,5,6,-0.5
grid4,1,2,0,6,0,0.0
grid4,1,2,1,6,5,-0.5
grid4,1,2,2,6,6,0.5
grid4,2,0,0,1,1,0.5
grid4,2,0,1,1,2,-0.5
grid4,2,0,2,1,7,0.0
grid4,2,1,0,2,1,-0.5
grid4,2,1,1,2,2,1.0
grid4,2,1,2,2,7,-0.5
grid4,2,2,0,7,1,0.0
grid4,2,2,1,7,2,-0.5
grid4,2,2,2,7,7,0.5
grid4,3,0,0,1,1,0.5
grid4,3,0,1,1,6,-0.5
grid4,3,0,2,1,7,0.0
grid4,3,1,0,6,1,-0.5
grid4,3,1,1,6,6,1.0
grid4,3,1,2,6,7,-0.5
grid4,3,2,0,7,1,0.0
grid4,3,2,1,7,6,-0.5
grid4,3,2,2,7,7,0.5
grid4,4,0,0,2,2,0.5
grid4,4,0,1,2,3,-0.5
grid4,4,0,2,2,8,0.0
grid4,4,1,0,3,2,-0.5
grid4,4,1,1,3,3,1.0
grid4,4,1,2,3,8,-0.5
grid4,4,2,0,8,2,0.0
grid4,4,2,1,8,3,-0.5
grid4,4,2,2,8,8,0.5
grid4,5,0,0,2,2,0.5
grid4,5,0,1,2,7,-0.5
grid4,5,0,2,2,8,0.0
grid4,5,1,0,7,2,-0.5
grid4,5,1,1,7,7,1.0
grid4,5,1,2,7,8,-0.5
grid4,5,2,0,8,2,0.0
grid4,5,2,1,8,7,-0.5
grid4,5,2,2,8,8,0.5
grid4,6,0,0,3,3,0.5
grid4,6,0,1,3,4,-0.5
grid4,6,0,2,3,9,0.0
grid4,6,1,0,4,3,-0.5
grid4,6,1,1,4,4,1.0
grid4,6,1,2,4,9,-0.5
grid4,6,2,0,9,3,0.0
grid4,6,2,1,9,4,-0.5
grid4,6,2,2,9,9,0.5
grid4,7,0,0,3,3,0.5
grid4,7,0,1,3,8,-0.5
grid4,7,0,2,3,9,0.0
grid4,7,1,0,8,3,-0.5
grid4,7,1,1,8,8,1.0
grid4,7,1,2,8,9,-0.5
grid4,7,2,0,9,3,0.0
grid4,7,2,1,9,8,-0.5
grid4,7,2,2,9,9,0.5
grid4,8,0,0,5,5,0.5
grid4,8,0,1,5,6,-0.5
grid4,8,0,2,5,11,0.0
grid4,8,1,0,6,5,-0.5
grid4,8,1,1,6,6,1.0
grid4,8,1,2,6,11,-0.5
grid4,8,2,0,11,5,0.0
grid4,8,2,1,11,6,-0.5
grid4,8,2,2,11,11,0.5
grid4,9,0,0,5,5,0.5
grid4,9,0,1,5,10,-0.5
grid4,9,0,2,5,11,0.0
grid4,9,1,0,10,5,-0.5
grid4,9,1,1,10,10,1.0
grid4,9,1,2,10,11,-0.5
grid4,9,2,0,11,5,0.0
grid4,9,2,1,11,10,-0.5
grid4,9,2,2,11,11,0.5
grid4,10,0,0,6,6,0.5
grid4,10,0,1,6,7,-0.5
grid4,10,0,2,6,12,0.0
grid4,10,1,0,7,6,-0.5
grid4,10,1,1,7,7,1.0
grid4,10,1,2,7,12,-0.5
grid4,10,2,0,12,6,0.0
grid4,10,2,1,12,7,-0.5
grid4,10,2,2,12,12,0.5
grid4,11,0,0,6,6,0.5
grid4,11,0,1,6,11,-0.5
grid4,11,0,2,6,12,0.0
grid4,11,1,0,11,6,-0.5
grid4,11,1,1,11,11,1.0
grid4,11,1,2,11,12,-0.5
grid4,11,2,0,12,6,0.0
grid4,11,2,1,12,11,-0.5
grid4,11,2,2,12,12,0.5
grid4,12,0,0,7,7,0.5
grid4,12,0,1,7,8,-0.5
grid4,12,0,2,7,13,0.0
grid4,12,1,0,8,7,-0.5
grid4,12,1,1,8,8,1.0
grid4,12,1,2,8,13,-0.5
grid4,12,2,0,13,7,0.0
grid4,12,2,1,13,8,-0.5
grid4,12,2,2,13,13,0.5
grid4,13,0,0,7,7,0.5
grid4,13,0,1,7,12,-0.5
grid4,13,0,2,7,13,0.0
grid4,13,1,0,12,7,-0.5
grid4,13,1,1,12,12,1.0
grid4,13,1,2,12,13,-0.5
grid4,13,2,0,13,7,0.0
grid4,13,2,1,13,12,-0.5
grid4,13,2,2,13,13,0.5
grid4,14,0,0,8,8,0.5
grid4,14,0,1,8,9,-0.5
grid4,14,0,2,8,14,0.0
grid4,14,1,0,9,8,-0.5
grid4,14,1,1,9,9,1.0
grid4,14,1,2,9,14,-0.5
grid4,14,2,0,14,8,0.0
grid4,14,2,1,14,9,-0.5
grid4,14,2,2,14,14,0.5
grid4,15,0,0,8,8,0.5
grid4,15,0,1,8,13,-0.5
grid4,15,0,2,8,14,0.0
grid4,15,1,0,13,8,-0.5
grid4,15,1,1,13,13,1.0
grid4,15,1,2,13,14,-0.5
grid4,15,2,0,14,8,0.0
grid4,15,2,1,14,13,-0.5
grid4,15,2,2,14,14,0.5
grid4,16,0,0,10,10,0.5
grid4,16,0,1,10,11,-0.5
grid4,16,0,2,10,16,0.0
grid4,16,1,0,11,10,-0.5
grid4,16,1,1,11,11,1.0
grid4,16,1,2,11,16,-0.5
grid4,16,2,0,16,10,0.0
grid4,16,2,1,16,11,-0.5
grid4,16,2,2,16,16,0.5
grid4,17,0,0,10,10,0.5
grid4,17,0,1,10,15,-0.5
grid4,17,0,2,10,16,0.0
grid4,17,1,0,15,10,-0.5
grid4,17,1,1,15,15,1.0
grid4,17,1,2,15,16,-0.5
grid4,17,2,0,16,10,0.0
grid4,17,2,1,16,15,-0.5
grid4,17,2,2,16,16,0.5
grid4,18,0,0,11,11,0.5
grid4,18,0,1,11,12,-0.5
grid4,18,0,2,11,17,0.0
grid4,18,1,0,12,11,-0.5
grid4,18,1,1,12,12,1.0
grid4,18,1,2,12,17,-0.5
grid4,18,2,0,17,11,0.0
grid4,18,2,1,17,12,-0.5
grid4,18,2,2,17,17,0.5
grid4,19,0,0,11,11,0.5
grid4,19,0,1,11,16,-0.5
grid4,19,0,2,11,17,0.0
grid4,19,1,0,16,11,-0.5
grid4,19,1,1,16,16,1.0
grid4,19,1,2,16,17,-0.5
grid4,19,2,0,17,11,0.0
grid4,19,2,1,17,16,-0.5
grid4,19,2,2,17,17,0.5
grid4,20,0,0,12,12,0.5
grid4,20,0,1,12,13,-0.5
grid4,20,0,2,12,18,0.0
grid4,20,1,0,13,12,-0.5
grid4,20,1,1,13,13,1.0
grid4,20,1,2,13,18,-0.5
grid4,20,2,0,18,12,0.0
grid4,20,2,1,18,13,-0.5
grid4,20,2,2,18,18,0.5
grid4,21,0,0,12,12,0.5
grid4,21,0,1,12,17,-0.5
grid4,21,0,2,12,18,0.0
grid4,21,1,0,17,12,-0.5
grid4,21,1,1,17,17,1.0
grid4,21,1,2,17,18,-0.5
grid4,21,2,0,18,12,0.0
grid4,21,2,1,18,17,-0.5
grid4,21,2,2,18,18,0.5
grid4,22,0,0,13,13,0.5
grid4,22,0,1,13,14,-0.5
grid4,22,0,2,13,19,0.0
grid4,22,1,0,14,13,-0.5
grid4,22,1,1,14,14,1.0
grid4,22,1,2,14,19,-0.5
grid4,22,2,0,19,13,0.0
grid4,22,2,1,19,14,-0.5
grid4,22,2,2,19,19,0.5
grid4,23,0,0,13,13,0.5
grid4,23,0,1,13,18,-0.5
grid4,23,0,2,13,19,0.0
grid4,23,1,0,18,13,-0.5
grid4,23,1,1,18,18,1.0
grid4,23,1,2,18,19,-0.5
grid4,23,2,0,19,13,0.0
grid4,23,2,1,19,18,-0.5
grid4,23,2,2,19,19,0.5
grid4,24,0,0,15,15,0.5
grid4,24,0,1,15,16,-0.5
grid4,24,0,2,15,21,0.0
grid4,24,1,0,16,15,-0.5
grid4,24,1,1,16,16,1.0
grid4,24,1,2,16,21,-0.5
grid4,24,2,0,21,15,0.0
grid4,24,2,1,21,16,-0.5
grid4,24,2,2,21,21,0.5
grid4,25,0,0,15,15,0.5
grid4,25,0,1,15,20,-0.5
grid4,25,0,2,15,21,0.0
grid4,25,1,0,20,15,-0.5
grid4,25,1,1,20,20,1.0
grid4,25,1,2,20,21,-0.5
grid4,25,2,0,21,15,0.0
grid4,25,2,1,21,20,-0.5
grid4,25,2,2,21,21,0.5
grid4,26,0,0,16,16,0.5
grid4,26,0,1,16,17,-0.5
grid4,26,0,2,16,22,0.0
grid4,26,1,0,17,16,-0.5
grid4,26,1,1,17,17,1.0
grid4,26,1,2,17,22,-0.5
grid4,26,2,0,22,16,0.0
grid4,26,2,1,22,17,-0.5
grid4,26,2,2,22,22,0.5
grid4,27,0,0,16,16,0.5
grid4,27,0,1,16,21,-0.5
grid4,27,0,2,16,22,0.0
grid4,27,1,0,21,16,-0.5
grid4,27,1,1,21,21,1.0
grid4,27,1,2,21,22,-0.5
grid4,27,2,0,22,16,0.0
grid4,27,2,1,22,21,-0.5
grid4,27,2,2,22,22,0.5
grid4,28,0,0,17,17,0.5
grid4,28,0,1,17,18,-0.5
grid4,28,0,2,17,23,0.0
grid4,28,1,0,18,17,-0.5
grid4,28,1,1,18,18,1.0
grid4,28,1,2,18,23,-0.5
grid4,28,2,0,23,17,0.0
grid4,28,2,1,23,18,-0.5
grid4,28,2,2,23,23,0.5
grid4,29,0,0,17,17,0.5
grid4,29,0,1,17,22,-0.5
grid4,29,0,2,17,23,0.0
grid4,29,1,0,22,17,-0.5
grid4,29,1,1,22,22,1.0
grid4,29,1,2,22,23,-0.5
grid4,29,2,0,23,17,0.0
grid4,29,2,1,23,22,-0.5
grid4,29,2,2,23,23,0.5
grid4,30,0,0,18,18,0.5
grid4,30,0,1,18,19,-0.5
grid4,30,0,2,18,24,0.0
grid4,30,1,0,19,18,-0.5
grid4,30,1,1,19,19,1.0
grid4,30,1,2,19,24,-0.5
grid4,30,2,0,24,18,0.0
grid4,30,2,1,24,19,-0.5
grid4,30,2,2,24,24,0.5
grid4,31,0,0,18,18,0.5
grid4,31,0,1,18,23,-0.5
grid4,31,0,2,18,24,0.0
grid4,31,1,0,23,18,-0.5
grid4,31,1,1,23,23,1.0
grid4,31,1,2,23,24,-0.5
grid4,31,2,0,24,18,0.0
grid4,31,2,1,24,23,-0.5
grid4,31,2,2,24,24,0.5
grid8,0,0,0,0,0,0.5
grid8,0,0,1,0,1,-0.5
grid8,0,0,2,0,10,0.0
grid8,0,1,0,1,0,-0.5
grid8,0,1,1,1,1,1.0
grid8,0,1,2,1,10,-0.5
grid8,0,2,0,10,0,0.0
grid8,0,2,1,10,1,-0.5
grid8,0,2,2,10,10,0.5
grid8,1,0,0,0,0,0.5
grid8,1,0,1,0,9,-0.5
grid8,1,0,2,0,10,0.0
grid8,1,1,0,9,0,-0.5
grid8,1,1,1,9,9,1.0
grid8,1,1,2,9,10,-0.5
grid8,1,2,0,10,0,0.0
grid8,1,2,1,10,9,-0.5
grid8,1,2,2,10,10,0.5
grid8,2,0,0,1,1,0.5
grid8,2,0,1,1,2,-0.5
grid8,2,0,2,1,11,0.0
grid8,2,1,0,2,1,-0.5
grid8,2,1,1,2,2,1.0
grid8,2,1,2,2,11,-0.5
grid8,2,2,0,11,1,0.0
grid8,2,2,1,11,2,-0.5
grid8,2,2,2,11,11,0.5
grid8,3,0,0,1,1,0.5
grid8,3,0,1,1,10,-0.5
grid8,3,0,2,1,11,0.0
grid8,3,1,0,10,1,-0.5
grid8,3,1,1,10,10,1.0
grid8,3,1,2,10,11,-0.5
grid8,3,2,0,11,1,0.0
grid8,3,2,1,11,10,-0.5
grid8,3,2,2,11,11,0.5
grid8,4,0,0,2,2,0.5
grid8,4,0,1,2,3,-0.5
grid8,4,0,2,2,12,0.0
grid8,4,1,0,3,2,-0.5
grid8,4,1,1,3,3,1.0
grid8,4,1,2,3,12,-0.5
grid8,4,2,0,12,2,0.0
grid8,4,2,1,12,3,-0.5
grid8,4,2,2,12,12,0.5
grid8,5,0,0,2,2,0.5
grid8,5,0,1,2,11,-0.5
grid8,5,0,2,2,12,0.0
grid8,5,1,0,11,2,-0.5
grid8,5,1,1,11,11,1.0
grid8,5,1,2,11,12,-0.5
grid8,5,2,0,12,2,0.0
grid8,5,2,1,12,11,-0.5
grid8,5,2,2,12,12,0.5
grid8,6,0,0,3,3,0.5
grid8,6,0,1,3,4,-0.5
grid8,6,0,2,3,13,0.0
grid8,6,1,0,4,3,-0.5
grid8,6,1,1,4,4,1.0
grid8,6,1,2,4,13,-0.5
grid8,6,2,0,13,3,0.0
grid8,6,2,1,13,4,-0.5
grid8,6,2,2,13,13,0.5
grid8,7,0,0,3,3,0.5
grid8,7,0,1,3,12,-0.5
grid8,7,0,2,3,13,0.0
grid8,7,1,0,12,3,-0.5
grid8,7,1,1,12,12,1.0
grid8,7,1,2,12,13,-0.5
grid8,7,2,0,13,3,0.0
grid8,7,2,1,13,12,-0.5
grid8,7,2,2,13,13,0.5
grid8,8,0,0,4,4,0.5
grid8,8,0,1,4,5,-0.5
grid8,8,0,2,4,14,0.0
grid8,8,1,0,5,4,-0.5
grid8,8,1,1,5,5,1.0
grid8,8,1,2,5,14,-0.5
grid8,8,2,0,14,4,0.0
grid8,8,2,1,14,5,-0.5
grid8,8,2,2,14,14,0.5
grid8,9,0,0,4,4,0.5
grid8,9,0,1,4,13,-0.5
grid8,9,0,2,4,14,0.0
grid8,9,1,0,13,4,-0.5
grid8,9,1,1,13,13,1.0
grid8,9,1,2,13,14,-0.5
grid8,9,2,0,14,4,0.0
grid8,9,2,1,14,13,-0.5
grid8,9,2,2,14,14,0.5
grid8,10,0,0,5,5,0.5
grid8,10,0,1,5,6,-0.5
grid8,10,0,2,5,15,0.0
grid8,10,1,0,6,5,-0.5
grid8,10,1,1,6,6,1.0
grid8,10,1,2,6,15,-0.5
grid8,10,2,0,15,5,0.0
grid8,10,2,1,15,6,-0.5
grid8,10,2,2,15,15,0.5
grid8,11,0,0,5,5,0.5
grid8,11,0,1,5,14,-0.5
grid8,11,0,2,5,15,0.0
grid8,11,1,0,14,5,-0.5
grid8,11,1,1,14,14,1.0
grid8,11,1,2,14,15,-0.5
grid8,11,2,0,15,5,0.0
grid8,11,2,1,15,14,-0.5
grid8,11,2,2,15,15,0.5
grid8,12,0,0,6,6,0.5
grid8,12,0,1,6,7,-0.5
grid8,12,0,2,6,16,0.0
grid8,12,1,0,7,6,-0.5
grid8,12,1,1,7,7,1.0
grid8,12,1,2,7,16,-0.5
grid8,12,2,0,16,6,0.0
grid8,12,2,1,16,7,-0.5
grid8,12,2,2,16,16,0.5
grid8,13,0,0,6,6,0.5
grid8,13,0,1,6,15,-0.5
grid8,13,0,2,6,16,0.0
grid8,13,1,0,15,6,-0.5
grid8,13,1,1,15,15,1.0
grid8,13,1,2,15,16,-0.5
grid8,13,2,0,16,6,0.0
grid8,13,2,1,16,15,-0.5
grid8,13,2,2,16,16,0.5
grid8,14,0,0,7,7,0.5
grid8,14,0,1,7,8,-0.5
grid8,14,0,2,7,17,0.0
grid8,14,1,0,8,7,-0.5
grid8,14,1,1,8,8,1.0
grid8,14,1,2,8,17,-0.5
grid8,14,2,0,17,7,0.0
grid8,14,2,1,17,8,-0.5
grid8,14,2,2,17,17,0.5
grid8,15,0,0,7,7,0.5
grid8,15,0,1,7,16,-0.5
grid8,15,0,2,7,17,0.0
grid8,15,1,0,16,7,-0.5
grid8,15,1,1,16,16,1.0
grid8,15,1,2,16,17,-0.5
grid8,15,2,0,17,7,0.0
grid8,15,2,1,17,16,-0.5
grid8,15,2,2,17,17,0.5
grid8,16,0,0,9,9,0.5
grid8,16,0,1,9,10,-0.5
grid8,16,0,2,9,19,0.0
grid8,16,1,0,10,9,-0.5
grid8,16,1,1,10,10,1.0
grid8,16,1,2,10,19,-0.5
grid8,16,2,0,19,9,0.0
grid8,16,2,1,19,10,-0.5
grid8,16,2,2,19,19,0.5
grid8,17,0,0,9,9,0.5
grid8,17,0,1,9,18,-0.5
grid8,17,0,2,9,19,0.0
grid8,17,1,0,18,9,-0.5
grid8,17,1,1,18,18,1.0
grid8,17,1,2,18,19,-0.5
grid8,17,2,0,19,9,0.0
grid8,17,2,1,19,18,-0.5
grid8,17,2,2,19,19,0.5
grid8,18,0,0,10,10,0.5
grid8,18,0,1,10,11,-0.5
grid8,18,0,2,10,20,0.0
grid8,18,1,0,11,10,-0.5
grid8,18,1,1,11,11,1.0
grid8,18,1,2,11,20,-0.5
grid8,18,2,0,20,10,0.0
grid8,18,2,1,20,11,-0.5
grid8,18,2,2,20,20,0.5
grid8,19,0,0,10,10,0.5
grid8,19,0,1,10,19,-0.5
grid8,19,0,2,10,20,0.0
grid8,19,1,0,19,10,-0.5
grid8,19,1,1,19,19,1.0
grid8,19,1,2,19,20,-0.5
grid8,19,2,0,20,10,0.0
grid8,19,2,1,20,19,-0.5
grid8,19,2,2,20,20,0.5
grid8,20,0,0,11,11,0.5
grid8,20,0,1,11,12,-0.5
grid8,20,0,2,11,21,0.0
grid8,20,1,0,12,11,-0.5
grid8,20,1,1,12,12,1.0
grid8,20,1,2,12,21,-0.5
grid8,20,2,0,21,11,0.0
grid8,20,2,1,21,12,-0.5
grid8,20,2,2,21,21,0.5
grid8,21,0,0,11,11,0.5
grid8,21,0,1,11,20,-0.5
grid8,21,0,2,11,21,0.0
grid8,21,1,0,20,11,-0.5
grid8,21,1,1,20,20,1.0
grid8,21,1,2,20,21,-0.5
grid8,21,2,0,21,11,0.0
grid8,21,2,1,21,20,-0.5
grid8,21,2,2,21,21,0.5
grid8,22,0,0,12,12,0.5
grid8,22,0,1,12,13,-0.5
grid8,22,0,2,12,22,0.0
grid8,22,1,0,13,12,-0.5
grid8,22,1,1,13,13,1.0
grid8,22,1,2,13,22,-0.5
grid8,22,2,0,22,12,0.0
grid8,22,2,1,22,13,-0.5
grid8,22,2,2,22,22,0.5
grid8,23,0,0,12,12,0.5
grid8,23,0,1,12,21,-0.5
grid8,23,0,2,12,22,0.0
grid8,23,1,0,21,12,-0.5
grid8,23,1,1,21,21,1.0
grid8,23,1,2,21,22,-0.5
grid8,23,2,0,22,12,0.0
grid8,23,2,1,22,21,-0.5
grid8,23,2,2,22,22,0.5
grid8,24,0,0,13,13,0.5
grid8,24,0,1,13,14,-0.5
grid8,24,0,2,13,23,0.0
grid8,24,1,0,14,13,-0.5
grid8,24,1,1,14,14,1.0
grid8,24,1,2,14,23,-0.5
grid8,24,2,0,23,13,0.0
grid8,24,2,1,23,14,-0.5
grid8,24,2,2,23,23,0.5
grid8,25,0,0,13,13,0.5
grid8,25,0,1,13,22,-0.5
grid8,25,0,2,13,23,0.0
grid8,25,1,0,22,13,-0.5
grid8,25,1,1,22,22,1.0
grid8,25,1,2,22,23,-0.5
grid8,25,2,0,23,13,0.0
grid8,25,2,1,23,22,-0.5
grid8,25,2,2,23,23,0.5
grid8,26,0,0,14,14,0.5
grid8,26,0,1,14,15,-0.5
grid8,26,0,2,14,24,0.0
grid8,26,1,0,15,14,-0.5
grid8,26,1,1,15,15,1.0
grid8,26,1,2,15,24,-0.5
grid8,26,2,0,24,14,0.0
grid8,26,2,1,24,15,-0.5
grid8,26,2,2,24,24,0.5
grid8,27,0,0,14,14,0.5
grid8,27,0,1,14,23,-0.5
grid8,27,0,2,14,24,0.0
grid8,27,1,0,23,14,-0.5
grid8,27,1,1,23,23,1.0
grid8,27,1,2,23,24,-0.5
grid8,27,2,0,24,14,0.0
grid8,27,2,1,24,23,-0.5
grid8,27,2,2,24,24,0.5
grid8,28,0,0,15,15,0.5
grid8,28,0,1,15,16,-0.5
grid8,28,0,2,15,25,0.0
grid8,28,1,0,16,15,-0.5
grid8,28,1,1,16,16,1.0
grid8,28,1,2,16,25,-0.5
grid8,28,2,0,25,15,0.0
grid8,28,2,1,25,16,-0.5
grid8,28,2,2,25,25,0.5
grid8,29,0,0,15,15,0.5
grid8,29,0,1,15,24,-0.5
grid8,29,0,2,15,25,0.0
grid8,29,1,0,24,15,-0.5
grid8,29,1,1,24,24,1.0
grid8,29,1,2,24,25,-0.5
grid8,29,2,0,25,15,0.0
grid8,29,2,1,25,24,-0.5
grid8,29,2,2,25,25,0.5
grid8,30,0,0,16,16,0.5
grid8,30,0,1,16,17,-0.5
grid8,30,0,2,16,26,0.0
grid8,30,1,0,17,16,-0.5
grid8,30,1,1,17,17,1.0
grid8,30,1,2,17,26,-0.5
grid8,30,2,0,26,16,0.0
grid8,30,2,1,26,17,-0.5
grid8,30,2,2,26,26,0.5
grid8,31,0,0,16,16,0.5
grid8,31,0,1,16,25,-0.5
grid8,31,0,2,16,26,0.0
grid8,31,1,0,25,16,-0.5
grid8,31,1,1,25,25,1.0
grid8,31,1,2,25,26,-0.5
grid8,31,2,0,26,16,0.0
grid8,31,2,1,26,25,-0.5
grid8,31,2,2,26,26,0.5
grid8,32,0,0,18,18,0.5
grid8,32,0,1,18,19,-0.5
grid8,32,0,2,18,28,0.0
grid8,32,1,0,19,18,-0.5
grid8,32,1,1,19,19,1.0
grid8,32,1,2,19,28,-0.5
grid8,32,2,0,28,18,0.0
grid8,32,2,1,28,19,-0.5
grid8,32,2,2,28,28,0.5
grid8,33,0,0,18,18,0.5
grid8,33,0,1,18,27,-0.5
grid8,33,0,2,18,28,0.0
grid8,33,1,0,27,18,-0.5
grid8,33,1,1,27,27,1.0
grid8,33,1,2,27,28,-0.5
grid8,33,2,0,28,18,0.0
grid8,33,2,1,28,27,-0.5
grid8,33,2,2,28,28,0.5
grid8,34,0,0,19,19,0.5
grid8,34,0,1,19,20,-0.5
grid8,34,0,2,19,29,0.0
grid8,34,1,0,20,19,-0.5
grid8,34,1,1,20,20,1.0
grid8,34,1,2,20,29,-0.5
grid8,34,2,0,29,19,0.0
grid8,34,2,1,29,20,-0.5
grid8,34,2,2,29,29,0.5
grid8,35,0,0,19,19,0.5
grid8,35,0,1,19,28,-0.5
grid8,35,0,2,19,29,0.0
grid8,35,1,0,28,19,-0.5
grid8,35,1,1,28,28,1.0
grid8,35,1,2,28,29,-0.5
grid8,35,2,0,29,19,0.0
grid8,35,2,1,29,28,-0.5
grid8,35,2,2,29,29,0.5
grid8,36,0,0,20,20,0.5
grid8,36,0,1,20,21,-0.5
grid8,36,0,2,20,30,0.0
grid8,36,1,0,21,20,-0.5
grid8,36,1,1,21,21,1.0
grid8,36,1,2,21,30,-0.5
grid8,36,2,0,30,20,0.0
grid8,36,2,1,30,21,-0.5
grid8,36,2,2,30,30,0.5
grid8,37,0,0,20,20,0.5
grid8,37,0,1,20,29,-0.5
grid8,37,0,2,20,30,0.0
grid8,37,1,0,29,20,-0.5
grid8,37,1,1,29,29,1.0
grid8,37,1,2,29,30,-0.5
grid8,37,2,0,30,20,0.0
grid8,37,2,1,30,29,-0.5
grid8,37,2,2,30,30,0.5
grid8,38,0,0,21,21,0.5
grid8,38,0,1,21,22,-0.5
grid8,38,0,2,21,31,0.0
grid8,38,1,0,22,21,-0.5
grid8,38,1,1,22,22,1.0
grid8,38,1,2,22,31,-0.5
grid8,38,2,0,31,21,0.0
grid8,38,2,1,31,22,-0.5
grid8,38,2,2,31,31,0.5
grid8,39,0,0,21,21,0.5
grid8,39,0,1,21,30,-0.5
grid8,39,0,2,21,31,0.0
grid8,39,1,0,30,21,-0.5
grid8,39,1,1,30,30,1.0
grid8,39,1,2,30,31,-0.5
grid8,39,2,0,31,21,0.0
grid8,39,2,1,31,30,-0.5
grid8,39,2,2,31,31,0.5
grid8,40,0,0,22,22,0.5
grid8,40,0,1,22,23,-0.5
grid8,40,0,2,22,32,0.0
grid8,40,1,0,23,22,-0.5
grid8,40,1,1,23,23,1.0
grid8,40,1,2,23,32,-0.5
grid8,40,2,0,32,22,0.0
grid8,40,2,1,32,23,-0.5
grid8,40,2,2,32,32,0.5
grid8,41,0,0,22,22,0.5
grid8,41,0,1,22,31,-0.5
grid8,41,0,2,22,32,0.0
grid8,41,1,0,31,22,-0.5
grid8,41,1,1,31,31,1.0
grid8,41,1,2,31,32,-0.5
grid8,41,2,0,32,22,0.0
grid8,41,2,1,32,31,-0.5
grid8,41,2,2,32,32,0.5
grid8,42,0,0,23,23,0.5
grid8,42,0,1,23,24,-0.5
grid8,42,0,2,23,33,0.0
grid8,42,1,0,24,23,-0.5
grid8,42,1,1,24,24,1.0
grid8,42,1,2,24,33,-0.5
grid8,42,2,0,33,23,0.0
grid8,42,2,1,33,24,-0.5
grid8,42,2,2,33,33,0.5
grid8,43,0,0,23,23,0.5
grid8,43,0,1,23,32,-0.5
grid8,43,0,2,23,33,0.0
grid8,43,1,0,32,23,-0.5
grid8,43,1,1,32,32,1.0
grid8,43,1,2,32,33,-0.5
grid8,43,2,0,33,23,0.0
grid8,43,2,1,33,32,-0.5
grid8,43,2,2,33,33,0.5
grid8,44,0,0,24,24,0.5
grid8,44,0,1,24,25,-0.5
grid8,44,0,2,24,34,0.0
grid8,44,1,0,25,24,-0.5
grid8,44,1,1,25,25,1.0
grid8,44,1,2,25,34,-0.5
grid8,44,2,0,34,24,0.0
grid8,44,2,1,34,25,-0.5
grid8,44,2,2,34,34,0.5
grid8,45,0,0,24,24,0.5
grid8,45,0,1,24,33,-0.5
grid8,45,0,2,24,34,0.0
grid8,45,1,0,33,24,-0.5
grid8,45,1,1,33,33,1.0
grid8,45,1,2,33,34,-0.5
grid8,45,2,0,34,24,0.0
grid8,45,2,1,34,33,-0.5
grid8,45,2,2,34,34,0.5
grid8,46,0,0,25,25,0.5
grid8,46,0,1,25,26,-0.5
grid8,46,0,2,25,35,0.0
grid8,46,1,0,26,25,-0.5
grid8,46,1,1,26,26,1.0
grid8,46,1,2,26,35,-0.5
grid8,46,2,0,35,25,0.0
grid8,46,2,1,35,26,-0.5
grid8,46,2,2,35,35,0.5
grid8,47,0,0,25,25,0.5
grid8,47,0,1,25,34,-0.5
grid8,47,0,2,25,35,0.0
grid8,47,1,0,34,25,-0.5
grid8,47,1,1,34,34,1.0
grid8,47,1,2,34,35,-0.5
grid8,47,2,0,35,25,0.0
grid8,47,2,1,35,34,-0.5
grid8,47,2,2,35,35,0.5
grid8,48,0,0,27,27,0.5
grid8,48,0,1,27,28,-0.5
grid8,48,0,2,27,37,0.0
grid8,48,1,0,28,27,-0.5
grid8,48,1,1,28,28,1.0
grid8,48,1,2,28,37,-0.5
grid8,48,2,0,37,27,0.0
grid8,48,2,1,37,28,-0.5
grid8,48,2,2,37,37,0.5
grid8,49,0,0,27,27,0.5
grid8,49,0,1,27,36,-0.5
grid8,49,0,2,27,37,0.0
grid8,49,1,0,36,27,-0.5
grid8,49,1,1,36,36,1.0
grid8,49,1,2,36,37,-0.5
grid8,49,2,0,37,27,0.0
grid8,49,2,1,37,36,-0.5
grid8,49,2,2,37,37,0.5
grid8,50,0,0,28,28,0.5
grid8,50,0,1,28,29,-0.5
grid8,50,0,2,28,38,0.0
grid8,50,1,0,29,28,-0.5
grid8,50,1,1,29,29,1.0
grid8,50,1,2,29,38,-0.5
grid8,50,2,0,38,28,0.0
grid8,50,2,1,38,29,-0.5
grid8,50,2,2,38,38,0.5
grid8,51,0,0,28,28,0.5
grid8,51,0,1,28,37,-0.5
grid8,51,0,2,28,38,0.0
grid8,51,1,0,37,28,-0.5
grid8,51,1,1,37,37,1.0
grid8,51,1,2,37,38,-0.5
grid8,51,2,0,38,28,0.0
grid8,51,2,1,38,37,-0.5
grid8,51,2,2,38,38,0.5
grid8,52,0,0,29,29,0.5
grid8,52,0,1,29,30,-0.5
grid8,52,0,2,29,39,0.0
grid8,52,1,0,30,29,-0.5
grid8,52,1,1,30,30,1.0
grid8,52,1,2,30,39,-0.5
grid8,52,2,0,39,29,0.0
grid8,52,2,1,39,30,-0.5
grid8,52,2,2,39,39,0.5
grid8,53,0,0,29,29,0.5
grid8,53,0,1,29,38,-0.5
grid8,53,0,2,29,39,0.0
grid8,53,1,0,38,29,-0.5
grid8,53,1,1,38,38,1.0
grid8,53,1,2,38,39,-0.5
grid8,53,2,0,39,29,0.0
grid8,53,2,1,39,38,-0.5
grid8,53,2,2,39,39,0.5
grid8,54,0,0,30,30,0.5
grid8,54,0,1,30,31,-0.5
grid8,54,0,2,30,40,0.0
grid8,54,1,0,31,30,-0.5
grid8,54,1,1,31,31,1.0
grid8,54,1,2,31,40,-0.5
grid8,54,2,0,40,30,0.0
grid8,54,2,1,40,31,-0.5
grid8,54,2,2,40,40,0.5
grid8,55,0,0,30,30,0.5
grid8,55,0,1,30,39,-0.5
grid8,55,0,2,30,40,0.0
grid8,55,1,0,39,30,-0.5
grid8,55,1,1,39,39,1.0
grid8,55,1,2,39,40,-0.5
grid8,55,2,0,40,30,0.0
grid8,55,2,1,40,39,-0.5
grid8,55,2,2,40,40,0.5
grid8,56,0,0,31,31,0.5
grid8,56,0,1,31,32,-0.5
grid8,56,0,2,31,41,0.0
grid8,56,1,0,32,31,-0.5
grid8,56,1,1,32,32,1.0
grid8,56,1,2,32,41,-0.5
grid8,56,2,0,41,31,0.0
grid8,56,2,1,41,32,-0.5
grid8,56,2,2,41,41,0.5
grid8,57,0,0,31,31,0.5
grid8,57,0,1,31,40,-0.5
grid8,57,0,2,31,41,0.0
grid8,57,1,0,40,31,-0.5
grid8,57,1,1,40,40,1.0
grid8,57,1,2,40,41,-0.5
grid8,57,2,0,41,31,0.0
grid8,57,2,1,41,40,-0.5
grid8,57,2,2,41,41,0.5
grid8,58,0,0,32,32,0.5
grid8,58,0,1,32,33,-0.5
grid8,58,0,2,32,42,0.0
grid8,58,1,0,33,32,-0.5
grid8,58,1,1,33,33,1.0
grid8,58,1,2,33,42,-0.5
grid8,58,2,0,42,32,0.0
grid8,58,2,1,42,33,-0.5
grid8,58,2,2,42,42,0.5
grid8,59,0,0,32,32,0.5
grid8,59,0,1,32,41,-0.5
grid8,59,0,2,32,42,0.0
grid8,59,1,0,41,32,-0.5
grid8,59,1,1,41,41,1.0
grid8,59,1,2,41,42,-0.5
grid8,59,2,0,42,32,0.0
grid8,59,2,1,42,41,-0.5
grid8,59,2,2,42,42,0.5
grid8,60,0,0,33,33,0.5
grid8,60,0,1,33,34,-0.5
grid8,60,0,2,33,43,0.0
grid8,60,1,0,34,33,-0.5
grid8,60,1,1,34,34,1.0
grid8,60,1,2,34,43,-0.5
grid8,60,2,0,43,33,0.0
grid8,60,2,1,43,34,-0.5
grid8,60,2,2,43,43,0.5
grid8,61,0,0,33,33,0.5
grid8,61,0,1,33,42,-0.5
grid8,61,0,2,33,43,0.0
grid8,61,1,0,42,33,-0.5
grid8,61,1,1,42,42,1.0
grid8,61,1,2,42,43,-0.5
grid8,61,2,0,43,33,0.0
grid8,61,2,1,43,42,-0.5
grid8,61,2,2,43,43,0.5
grid8,62,0,0,34,34,0.5
grid8,62,0,1,34,35,-0.5
grid8,62,0,2,34,44,0.0
grid8,62,1,0,35,34,-0.5
grid8,62,1,1,35,35,1.0
grid8,62,1,2,35,44,-0.5
grid8,62,2,0,44,34,0.0
grid8,62,2,1,44,35,-0.5
grid8,62,2,2,44,44,0.5
grid8,63,0,0,34,34,0.5
grid8,63,0,1,34,43,-0.5
grid8,63,0,2,34,44,0.0
grid8,63,1,0,43,34,-0.5
grid8,63,1,1,43,43,1.0
grid8,63,1,2,43,44,-0.5
grid8,63,2,0,44,34,0.0
grid8,63,2,1,44,43,-0.5
grid8,63,2,2,44,44,0.5
grid8,64,0,0,36,36,0.5
grid8,64,0,1,36,37,-0.5
grid8,64,0,2,36,46,0.0
grid8,64,1,0,37,36,-0.5
grid8,64,1,1,37,37,1.0
grid8,64,1,2,37,46,-0.5
grid8,64,2,0,46,36,0.0
grid8,64,2,1,46,37,-0.5
grid8,64,2,2,46,46,0.5
grid8,65,0,0,36,36,0.5
grid8,65,0,1,36,45,-0.5
grid8,65,0,2,36,46,0.0
grid8,65,1,0,45,36,-0.5
grid8,65,1,1,45,45,1.0
grid8,65,1,2,45,46,-0.5
grid8,65,2,0,46,36,0.0
grid8,65,2,1,46,45,-0.5
grid8,65,2,2,46,46,0.5
grid8,66,0,0,37,37,0.5
grid8,66,0,1,37,38,-0.5
grid8,66,0,2,37,47,0.0
grid8,66,1,0,38,37,-0.5
grid8,66,1,1,38,38,1.0
grid8,66,1,2,38,47,-0.5
grid8,66,2,0,47,37,0.0
grid8,66,2,1,47,38,-0.5
grid8,66,2,2,47,47,0.5
grid8,67,0,0,37,37,0.5
grid8,67,0,1,37,46,-0.5
grid8,67,0,2,37,47,0.0
grid8,67,1,0,46,37,-0.5
grid8,67,1,1,46,46,1.0
grid8,67,1,2,46,47,-0.5
grid8,67,2,0,47,37,0.0
grid8,67,2,1,47,46,-0.5
grid8,67,2,2,47,47,0.5
grid8,68,0,0,38,38,0.5
grid8,68,0,1,38,39,-0.5
grid8,68,0,2,38,48,0.0
grid8,68,1,0,39,38,-0.5
grid8,68,1,1,39,39,1.0
grid8,68,1,2,39,48,-0.5
grid8,68,2,0,48,38,0.0
grid8,68,2,1,48,39,-0.5
grid8,68,2,2,48,48,0.5
grid8,69,0,0,38,38,0.5
grid8,69,0,1,38,47,-0.5
grid8,69,0,2,38,48,0.0
grid8,69,1,0,47,38,-0.5
grid8,69,1,1,47,47,1.0
grid8,69,1,2,47,48,-0.5
grid8,69,2,0,48,38,0.0
grid8,69,2,1,48,47,-0.5
grid8,69,2,2,48,48,0.5
grid8,70,0,0,39,39,0.5
grid8,70,0,1,39,40,-0.5
grid8,70,0,2,39,49,0.0
grid8,70,1,0,40,39,-0.5
grid8,70,1,1,40,40,1.0
grid8,70,1,2,40,49,-0.5
grid8,70,2,0,49,39,0.0
grid8,70,2,1,49,40,-0.5
grid8,70,2,2,49,49,0.5
grid8,71,0,0,39,39,0.5
grid8,71,0,1,39,48,-0.5
grid8,71,0,2,39,49,0.0
grid8,71,1,0,48,39,-0.5
grid8,71,1,1,48,48,1.0
grid8,71,1,2,48,49,-0.5
grid8,71,2,0,49,39,0.0
grid8,71,2,1,49,48,-0.5
grid8,71,2,2,49,49,0.5
grid8,72,0,0,40,40,0.5
grid8,72,0,1,40,41,-0.5
grid8,72,0,2,40,50,0.0
grid8,72,1,0,41,40,-0.5
grid8,72,1,1,41,41,1.0
grid8,72,1,2,41,50,-0.5
grid8,72,2,0,50,40,0.0
grid8,72,2,1,50,41,-0.5
grid8,72,2,2,50,50,0.5
grid8,73,0,0,40,40,0.5
grid8,73,0,1,40,49,-0.5
grid8,73,0,2,40,50,0.0
grid8,73,1,0,49,40,-0.5
grid8,73,1,1,49,49,1.0
grid8,73,1,2,49,50,-0.5
grid8,73,2,0,50,40,0.0
grid8,73,2,1,50,49,-0.5
grid8,73,2,2,50,50,0.5
grid8,74,0,0,41,41,0.5
grid8,74,0,1,41,42,-0.5
grid8,74,0,2,41,51,0.0
grid8,74,1,0,42,41,-0.5
grid8,74,1,1,42,42,1.0
grid8,74,1,2,42,51,-0.5
grid8,74,2,0,51,41,0.0
grid8,74,2,1,51,42,-0.5
grid8,74,2,2,51,51,0.5
grid8,75,0,0,41,41,0.5
grid8,75,0,1,41,50,-0.5
grid8,75,0,2,41,51,0.0
grid8,75,1,0,50,41,-0.5
grid8,75,1,1,50,50,1.0
grid8,75,1,2,50,51,-0.5
grid8,75,2,0,51,41,0.0
grid8,75,2,1,51,50,-0.5
grid8,75,2,2,51,51,0.5
grid8,76,0,0,42,42,0.5
grid8,76,0,1,42,43,-0.5
grid8,76,0,2,42,52,0.0
grid8,76,1,0,43,42,-0.5
grid8,76,1,1,43,43,1.0
grid8,76,1,2,43,52,-0.5
grid8,76,2,0,52,42,0.0
grid8,76,2,1,52,43,-0.5
grid8,76,2,2,52,52,0.5
grid8,77,0,0,42,42,0.5
grid8,77,0,1,42,51,-0.5
grid8,77,0,2,42,52,0.0
grid8,77,1,0,51,42,-0.5
grid8,77,1,1,51,51,1.0
grid8,77,1,2,51,52,-0.5
grid8,77,2,0,52,42,0.0
grid8,77,2,1,52,51,-0.5
grid8,77,2,2,52,52,0.5
grid8,78,0,0,43,43,0.5
grid8,78,0,1,43,44,-0.5
grid8,78,0,2,43,53,0.0
grid8,78,1,0,44,43,-0.5
grid8,78,1,1,44,44,1.0
grid8,78,1,2,44,53,-0.5
grid8,78,2,0,53,43,0.0
grid8,78,2,1,53,44,-0.5
grid8,78,2,2,53,53,0.5
grid8,79,0,0,43,43,0.5
grid8,79,0,1,43,52,-0.5
grid8,79,0,2,43,53,0.0
grid8,79,1,0,52,43,-0.5
grid8,79,1,1,52,52,1.0
grid8,79,1,2,52,53,-0.5
grid8,79,2,0,53,43,0.0
grid8,79,2,1,53,52,-0.5
grid8,79,2,2,53,53,0.5
grid8,80,0,0,45,45,0.5
grid8,80,0,1,45,46,-0.5
grid8,80,0,2,45,55,0.0
grid8,80,1,0,46,45,-0.5
grid8,80,1,1,46,46,1.0
grid8,80,1,2,46,55,-0.5
grid8,80,2,0,55,45,0.0
grid8,80,2,1,55,46,-0.5
grid8,80,2,2,55,55,0.5
grid8,81,0,0,45,45,0.5
grid8,81,0,1,45,54,-0.5
grid8,81,0,2,45,55,0.0
grid8,81,1,0,54,45,-0.5
grid8,81,1,1,54,54,1.0
grid8,81,1,2,54,55,-0.5
grid8,81,2,0,55,45,0.0
grid8,81,2,1,55,54,-0.5
grid8,81,2,2,55,55,0.5
grid8,82,0,0,46,46,0.5
grid8,82,0,1,46,47,-0.5
grid8,82,0,2,46,56,0.0
grid8,82,1,0,47,46,-0.5
grid8,82,1,1,47,47,1.0
grid8,82,1,2,47,56,-0.5
grid8,82,2,0,56,46,0.0
grid8,82,2,1,56,47,-0.5
grid8,82,2,2,56,56,0.5
grid8,83,0,0,46,46,0.5
grid8,83,0,1,46,55,-0.5
grid8,83,0,2,46,56,0.0
grid8,83,1,0,55,46,-0.5
grid8,83,1,1,55,55,1.0
grid8,83,1,2,55,56,-0.5
grid8,83,2,0,56,46,0.0
grid8,83,2,1,56,55,-0.5
grid8,83,2,2,56,56,0.5
grid8,84,0,0,47,47,0.5
grid8,84,0,1,47,48,-0.5
grid8,84,0,2,47,57,0.0
grid8,84,1,0,48,47,-0.5
grid8,84,1,1,48,48,1.0
grid8,84,1,2,48,57,-0.5
grid8,84,2,0,57,47,0.0
grid8,84,2,1,57,48,-0.5
grid8,84,2,2,57,57,0.5
grid8,85,0,0,47,47,0.5
grid8,85,0,1,47,56,-0.5
grid8,85,0,2,47,57,0.0
grid8,85,1,0,56,47,-0.5
grid8,85,1,1,56,56,1.0
grid8,85,1,2,56,57,-0.5
grid8,85,2,0,57,47,0.0
grid8,85,2,1,57,56,-0.5
grid8,85,2,2,57,57,0.5
grid8,86,0,0,48,48,0.5
grid8,86,0,1,48,49,-0.5
grid8,86,0,2,48,58,0.0
grid8,86,1,0,49,48,-0.5
grid8,86,1,1,49,49,1.0
grid8,86,1,2,49,58,-0.5
grid8,86,2,0,58,48,0.0
grid8,86,2,1,58,49,-0.5
grid8,86,2,2,58,58,0.5
grid8,87,0,0,48,48,0.5
grid8,87,0,1,48,57,-0.5
grid8,87,0,2,48,58,0.0
grid8,87,1,0,57,48,-0.5
grid8,87,1,1,57,57,1.0
grid8,87,1,2,57,58,-0.5
grid8,87,2,0,58,48,0.0
grid8,87,2,1,58,57,-0.5
grid8,87,2,2,58,58,0.5
grid8,88,0,0,49,49,0.5
grid8,88,0,1,49,50,-0.5
grid8,88,0,2,49,59,0.0
grid8,88,1,0,50,49,-0.5
grid8,88,1,1,50,50,1.0
grid8,88,1,2,50,59,-0.5
grid8,88,2,0,59,49,0.0
grid8,88,2,1,59,50,-0.5
grid8,88,2,2,59,59,0.5
grid8,89,0,0,49,49,0.5
grid8,89,0,1,49,58,-0.5
grid8,89,0,2,49,59,0.0
grid8,89,1,0,58,49,-0.5
grid8,89,1,1,58,58,1.0
grid8,89,1,2,58,59,-0.5
grid8,89,2,0,59,49,0.0
grid8,89,2,1,59,58,-0.5
grid8,89,2,2,59,59,0.5
grid8,90,0,0,50,50,0.5
grid8,90,0,1,50,51,-0.5
grid8,90,0,2,50,60,0.0
grid8,90,1,0,51,50,-0.5
grid8,90,1,1,51,51,1.0
grid8,90,1,2,51,60,-0.5
grid8,90,2,0,60,50,0.0
grid8,90,2,1,60,51,-0.5
grid8,90,2,2,60,60,0.5
grid8,91,0,0,50,50,0.5
grid8,91,0,1,50,59,-0.5
grid8,91,0,2,50,60,0.0
grid8,91,1,0,59,50,-0.5
grid8,91,1,1,59,59,1.0
grid8,91,1,2,59,60,-0.5
grid8,91,2,0,60,50,0.0
grid8,91,2,1,60,59,-0.5
grid8,91,2,2,60,60,0.5
grid8,92,0,0,51,51,0.5
grid8,92,0,1,51,52,-0.5
grid8,92,0,2,51,61,0.0
grid8,92,1,0,52,51,-0.5
grid8,92,1,1,52,52,1.0
grid8,92,1,2,52,61,-0.5
grid8,92,2,0,61,51,0.0
grid8,92,2,1,61,52,-0.5
grid8,92,2,2,61,61,0.5
grid8,93,0,0,51,51,0.5
grid8,93,0,1,51,60,-0.5
grid8,93,0,2,51,61,0.0
grid8,93,1,0,60,51,-0.5
grid8,93,1,1,60,60,1.0
grid8,93,1,2,60,61,-0.5
grid8,93,2,0,61,51,0.0
grid8,93,2,1,61,60,-0.5
grid8,93,2,2,61,61,0.5
grid8,94,0,0,52,52,0.5
grid8,94,0,1,52,53,-0.5
grid8,94,0,2,52,62,0.0
grid8,94,1,0,53,52,-0.5
grid8,94,1,1,53,53,1.0
grid8,94,1,2,53,62,-0.5
grid8,94,2,0,62,52,0.0
grid8,94,2,1,62,53,-0.5
grid8,94,2,2,62,62,0.5
grid8,95,0,0,52,52,0.5
grid8,95,0,1,52,61,-0.5
grid8,95,0,2,52,62,0.0
grid8,95,1,0,61,52,-0.5
grid8,95,1,1,61,61,1.0
grid8,95,1,2,61,62,-0.5
grid8,95,2,0,62,52,0.0
grid8,95,2,1,62,61,-0.5
grid8,95,2,2,62,62,0.5
grid8,96,0,0,54,54,0.5
grid8,96,0,1,54,55,-0.5
grid8,96,0,2,54,64,0.0
grid8,96,1,0,55,54,-0.5
grid8,96,1,1,55,55,1.0
grid8,96,1,2,55,64,-0.5
grid8,96,2,0,64,54,0.0
grid8,96,2,1,64,55,-0.5
grid8,96,2,2,64,64,0.5
grid8,97,0,0,54,54,0.5
grid8,97,0,1,54,63,-0.5
grid8,97,0,2,54,64,0.0
grid8,97,1,0,63,54,-0.5
grid8,97,1,1,63,63,1.0
grid8,97,1,2,63,64,-0.5
grid8,97,2,0,64,54,0.0
grid8,97,2,1,64,63,-0.5
grid8,97,2,2,64,64,0.5
grid8,98,0,0,55,55,0.5
grid8,98,0,1,55,56,-0.5
grid8,98,0,2,55,65,0.0
grid8,98,1,0,56,55,-0.5
grid8,98,1,1,56,56,1.0
grid8,98,1,2,56,65,-0.5
grid8,98,2,0,65,55,0.0
grid8,98,2,1,65,56,-0.5
grid8,98,2,2,65,65,0.5
grid8,99,0,0,55,55,0.5
grid8,99,0,1,55,64,-0.5
grid8,99,0,2,55,65,0.0
grid8,99,1,0,64,55,-0.5
grid8,99,1,1,64,64,1.0
grid8,99,1,2,64,65,-0.5
grid8,99,2,0,65,55,0.0
grid8,99,2,1,65,64,-0.5
grid8,99,2,2,65,65,0.5
grid8,100,0,0,56,56,0.5
grid8,100,0,1,56,57,-0.5
grid8,100,0,2,56,66,0.0
grid8,100,1,0,57,56,-0.5
grid8,100,1,1,57,57,1.0
grid8,100,1,2,57,66,-0.5
grid8,100,2,0,66,56,0.0
grid8,100,2,1,66,57,-0.5
grid8,100,2,2,66,66,0.5
grid8,101,0,0,56,56,0.5
grid8,101,0,1,56,65,-0.5
grid8,101,0,2,56,66,0.0
grid8,101,1,0,65,56,-0.5
grid8,101,1,1,65,65,1.0
grid8,101,1,2,65,66,-0.5
grid8,101,2,0,66,56,0.0
grid8,101,2,1,66,65,-0.5
grid8,101,2,2,66,66,0.5
grid8,102,0,0,57,57,0.5
grid8,102,0,1,57,58,-0.5
grid8,102,0,2,57,67,0.0
grid8,102,1,0,58,57,-0.5
grid8,102,1,1,58,58,1.0
grid8,102,1,2,58,67,-0.5
grid8,102,2,0,67,57,0.0
grid8,102,2,1,67,58,-0.5
grid8,102,2,2,67,67,0.5
grid8,103,0,0,57,57,0.5
grid8,103,0,1,57,66,-0.5
grid8,103,0,2,57,67,0.0
grid8,103,1,0,66,57,-0.5
grid8,103,1,1,66,66,1.0
grid8,103,1,2,66,67,-0.5
grid8,103,2,0,67,57,0.0
grid8,103,2,1,67,66,-0.5
grid8,103,2,2,67,67,0.5
grid8,104,0,0,58,58,0.5
grid8,104,0,1,58,59,-0.5
grid8,104,0,2,58,68,0.0
grid8,104,1,0,59,58,-0.5
grid8,104,1,1,59,59,1.0
grid8,104,1,2,59,68,-0.5
grid8,104,2,0,68,58,0.0
grid8,104,2,1,68,59,-0.5
grid8,104,2,2,68,68,0.5
grid8,105,0,0,58,58,0.5
grid8,105,0,1,58,67,-0.5
grid8,105,0,2,58,68,0.0
grid8,105,1,0,67,58,-0.5
grid8,105,1,1,67,67,1.0
grid8,105,1,2,67,68,-0.5
grid8,105,2,0,68,58,0.0
grid8,105,2,1,68,67,-0.5
grid8,105,2,2,68,68,0.5
grid8,106,0,0,59,59,0.5
grid8,106,0,1,59,60,-0.5
grid8,106,0,2,59,69,0.0
grid8,106,1,0,60,59,-0.5
grid8,106,1,1,60,60,1.0
grid8,106,1,2,60,69,-0.5
grid8,106,2,0,69,59,0.0
grid8,106,2,1,69,60,-0.5
grid8,106,2,2,69,69,0.5
grid8,107,0,0,59,59,0.5
grid8,107,0,1,59,68,-0.5
grid8,107,0,2,59,69,0.0
grid8,107,1,0,68,59,-0.5
grid8,107,1,1,68,68,1.0
grid8,107,1,2,68,69,-0.5
grid8,107,2,0,69,59,0.0
grid8,107,2,1,69,68,-0.5
grid8,107,2,2,69,69,0.5
grid8,108,0,0,60,60,0.5
grid8,108,0,1,60,61,-0.5
grid8,108,0,2,60,70,0.0
grid8,108,1,0,61,60,-0.5
grid8,108,1,1,61,61,1.0
grid8,108,1,2,61,70,-0.5
grid8,108,2,0,70,60,0.0
grid8,108,2,1,70,61,-0.5
grid8,108,2,2,70,70,0.5
grid8,109,0,0,60,60,0.5
grid8,109,0,1,60,69,-0.5
grid8,109,0,2,60,70,0.0
grid8,109,1,0,69,60,-0.5
grid8,109,1,1,69,69,1.0
grid8,109,1,2,69,70,-0.5
grid8,109,2,0,70,60,0.0
grid8,109,2,1,70,69,-0.5
grid8,109,2,2,70,70,0.5
grid8,110,0,0,61,61,0.5
grid8,110,0,1,61,62,-0.5
grid8,110,0,2,61,71,0.0
grid8,110,1,0,62,61,-0.5
grid8,110,1,1,62,62,1.0
grid8,110,1,2,62,71,-0.5
grid8,110,2,0,71,61,0.0
grid8,110,2,1,71,62,-0.5
grid8,110,2,2,71,71,0.5
grid8,111,0,0,61,61,0.5
grid8,111,0,1,61,70,-0.5
grid8,111,0,2,61,71,0.0
grid8,111,1,0,70,61,-0.5
grid8,111,1,1,70,70,1.0
grid8,111,1,2,70,71,-0.5
grid8,111,2,0,71,61,0.0
grid8,111,2,1,71,70,-0.5
grid8,111,2,2,71,71,0.5
grid8,112,0,0,63,63,0.5
grid8,112,0,1,63,64,-0.5
grid8,112,0,2,63,73,0.0
grid8,112,1,0,64,63,-0.5
grid8,112,1,1,64,64,1.0
grid8,112,1,2,64,73,-0.5
grid8,112,2,0,73,63,0.0
grid8,112,2,1,73,64,-0.5
grid8,112,2,2,73,73,0.5
grid8,113,0,0,63,63,0.5
grid8,113,0,1,63,72,-0.5
grid8,113,0,2,63,73,0.0
grid8,113,1,0,72,63,-0.5
grid8,113,1,1,72,72,1.0
grid8,113,1,2,72,73,-0.5
grid8,113,2,0,73,63,0.0
grid8,113,2,1,73,72,-0.5
grid8,113,2,2,73,73,0.5
grid8,114,0,0,64,64,0.5
grid8,114,0,1,64,65,-0.5
grid8,114,0,2,64,74,0.0
grid8,114,1,0,65,64,-0.5
grid8,114,1,1,65,65,1.0
grid8,114,1,2,65,74,-0.5
grid8,114,2,0,74,64,0.0
grid8,114,2,1,74,65,-0.5
grid8,114,2,2,74,74,0.5
grid8,115,0,0,64,64,0.5
grid8,115,0,1,64,73,-0.5
grid8,115,0,2,64,74,0.0
grid8,115,1,0,73,64,-0.5
grid8,115,1,1,73,73,1.0
grid8,115,1,2,73,74,-0.5
grid8,115,2,0,74,64,0.0
grid8,115,2,1,74,73,-0.5
grid8,115,2,2,74,74,0.5
grid8,116,0,0,65,65,0.5
grid8,116,0,1,65,66,-0.5
grid8,116,0,2,65,75,0.0
grid8,116,1,0,66,65,-0.5
grid8,116,1,1,66,66,1.0
grid8,116,1,2,66,75,-0.5
grid8,116,2,0,75,65,0.0
grid8,116,2,1,75,66,-0.5
grid8,116,2,2,75,75,0.5
grid8,117,0,0,65,65,0.5
grid8,117,0,1,65,74,-0.5
grid8,117,0,2,65,75,0.0
grid8,117,1,0,74,65,-0.5
grid8,117,1,1,74,74,1.0
grid8,117,1,2,74,75,-0.5
grid8,117,2,0,75,65,0.0
grid8,117,2,1,75,74,-0.5
grid8,117,2,2,75,75,0.5
grid8,118,0,0,66,66,0.5
grid8,118,0,1,66,67,-0.5
grid8,118,0,2,66,76,0.0
grid8,118,1,0,67,66,-0.5
grid8,118,1,1,67,67,1.0
grid8,118,1,2,67,76,-0.5
grid8,118,2,0,76,66,0.0
grid8,118,2,1,76,67,-0.5
grid8,118,2,2,76,76,0.5
grid8,119,0,0,66,66,0.5
grid8,119,0,1,66,75,-0.5
grid8,119,0,2,66,76,0.0
grid8,119,1,0,75,66,-0.5
grid8,119,1,1,75,75,1.0
grid8,119,1,2,75,76,-0.5
grid8,119,2,0,76,66,0.0
grid8,119,2,1,76,75,-0.5
grid8,119,2,2,76,76,0.5
grid8,120,0,0,67,67,0.5
grid8,120,0,1,67,68,-0.5
grid8,120,0,2,67,77,0.0
grid8,120,1,0,68,67,-0.5
grid8,120,1,1,68,68,1.0
grid8,120,1,2,68,77,-0.5
grid8,120,2,0,77,67,0.0
grid8,120,2,1,77,68,-0.5
grid8,120,2,2,77,77,0.5
grid8,121,0,0,67,67,0.5
grid8,121,0,1,67,76,-0.5
grid8,121,0,2,67,77,0.0
grid8,121,1,0,76,67,-0.5
grid8,121,1,1,76,76,1.0
grid8,121,1,2,76,77,-0.5
grid8,121,2,0,77,67,0.0
grid8,121,2,1,77,76,-0.5
grid8,121,2,2,77,77,0.5
grid8,122,0,0,68,68,0.5
grid8,122,0,1,68,69,-0.5
grid8,122,0,2,68,78,0.0
grid8,122,1,0,69,68,-0.5
grid8,122,1,1,69,69,1.0
grid8,122,1,2,69,78,-0.5
grid8,122,2,0,78,68,0.0
grid8,122,2,1,78,69,-0.5
grid8,122,2,2,78,78,0.5
grid8,123,0,0,68,68,0.5
grid8,123,0,1,68,77,-0.5
grid8,123,0,2,68,78,0.0
grid8,123,1,0,77,68,-0.5
grid8,123,1,1,77,77,1.0
grid8,123,1,2,77,78,-0.5
grid8,123,2,0,78,68,0.0
grid8,123,2,1,78,77,-0.5
grid8,123,2,2,78,78,0.5
grid8,124,0,0,69,69,0.5
grid8,124,0,1,69,70,-0.5
grid8,124,0,2,69,79,0.0
grid8,124,1,0,70,69,-0.5
grid8,124,1,1,70,70,1.0
grid8,124,1,2,70,79,-0.5
grid8,124,2,0,79,69,0.0
grid8,124,2,1,79,70,-0.5
grid8,124,2,2,79,79,0.5
grid8,125,0,0,69,69,0.5
grid8,125,0,1,69,78,-0.5
grid8,125,0,2,69,79,0.0
grid8,125,1,0,78,69,-0.5
grid8,125,1,1,78,78,1.0
grid8,125,1,2,78,79,-0.5
grid8,125,2,0,79,69,0.0
grid8,125,2,1,79,78,-0.5
grid8,125,2,2,79,79,0.5
grid8,126,0,0,70,70,0.5
grid8,126,0,1,70,71,-0.5
grid8,126,0,2,70,80,0.0
grid8,126,1,0,71,70,-0.5
grid8,126,1,1,71,71,1.0
grid8,126,1,2,71,80,-0.5
grid8,126,2,0,80,70,0.0
grid8,126,2,1,80,71,-0.5
grid8,126,2,2,80,80,0.5
grid8,127,0,0,70,70,0.5
grid8,127,0,1,70,79,-0.5
grid8,127,0,2,70,80,0.0
grid8,127,1,0,79,70,-0.5
grid8,127,1,1,79,79,1.0
grid8,127,1,2,79,80,-0.5
grid8,127,2,0,80,70,0.0
grid8,127,2,1,80,79,-0.5
grid8,127,2,2,80,80,0.5
grid16,0,0,0,0,0,0.5
grid16,0,0,1,0,1,-0.5
grid16,0,0,2,0,18,0.0
grid16,0,1,0,1,0,-0.5
grid16,0,1,1,1,1,1.0
grid16,0,1,2,1,18,-0.5
grid16,0,2,0,18,0,0.0
grid16,0,2,1,18,1,-0.5
grid16,0,2,2,18,18,0.5
grid16,1,0,0,0,0,0.5
grid16,1,0,1,0,17,-0.5
grid16,1,0,2,0,18,0.0
grid16,1,1,0,17,0,-0.5
grid16,1,1,1,17,17,1.0
grid16,1,1,2,17,18,-0.5
grid16,1,2,0,18,0,0.0
grid16,1,2,1,18,17,-0.5
grid16,1,2,2,18,18,0.5
grid16,2,0,0,1,1,0.5
grid16,2,0,1,1,2,-0.5
grid16,2,0,2,1,19,0.0
grid16,2,1,0,2,1,-0.5
grid16,2,1,1,2,2,1.0
grid16,2,1,2,2,19,-0.5
grid16,2,2,0,19,1,0.0
grid16,2,2,1,19,2,-0.5
grid16,2,2,2,19,19,0.5
grid16,3,0,0,1,1,0.5
grid16,3,0,1,1,18,-0.5
grid16,3,0,2,1,19,0.0
grid16,3,1,0,18,1,-0.5
grid16,3,1,1,18,18,1.0
grid16,3,1,2,18,19,-0.5
grid16,3,2,0,19,1,0.0
grid16,3,2,1,19,18,-0.5
grid16,3,2,2,19,19,0.5
grid16,4,0,0,2,2,0.5
grid16,4,0,1,2,3,-0.5
grid16,4,0,2,2,20,0.0
grid16,4,1,0,3,2,-0.5
grid16,4,1,1,3,3,1.0
grid16,4,1,2,3,20,-0.5
grid16,4,2,0,20,2,0.0
grid16,4,2,1,20,3,-0.5
grid16,4,2,2,20,20,0.5
grid16,5,0,0,2,2,0.5
grid16,5,0,1,2,19,-0.5
grid16,5,0,2,2,20,0.0
grid16,5,1,0,19,2,-0.5
grid16,5,1,1,19,19,1.0
grid16,5,1,2,19,20,-0.5
grid16,5,2,0,20,2,0.0
grid16,5,2,1,20,19,-0.5
grid16,5,2,2,20,20,0.5
grid16,6,0,0,3,3,0.5
grid16,6,0,1,3,4,-0.5
grid16,6,0,2,3,21,0.0
grid16,6,1,0,4,3,-0.5
grid16,6,1,1,4,4,1.0
grid16,6,1,2,4,21,-0.5
grid16,6,2,0,21,3,0.0
grid16,6,2,1,21,4,-0.5
grid16,6,2,2,21,21,0.5
grid16,7,0,0,3,3,0.5
grid16,7,0,1,3,20,-0.5
grid16,7,0,2,3,21,0.0
grid16,7,1,0,20,3,-0.5
grid16,7,1,1,20,20,1.0
grid16,7,1,2,20,21,-0.5
grid16,7,2,0,21,3,0.0
grid16,7,2,1,21,20,-0.5
grid16,7,2,2,21,21,0.5
grid16,8,0,0,4,4,0.5
grid16,8,0,1,4,5,-0.5
grid16,8,0,2,4,22,0.0
grid16,8,1,0,5,4,-0.5
grid16,8,1,1,5,5,1.0
grid16,8,1,2,5,22,-0.5
grid16,8,2,0,22,4,0.0
grid16,8,2,1,22,5,-0.5
grid16,8,2,2,22,22,0.5
grid16,9,0,0,4,4,0.5
grid16,9,0,1,4,21,-0.5
grid16,9,0,2,4,22,0.0
grid16,9,1,0,21,4,-0.5
grid16,9,1,1,21,21,1.0
grid16,9,1,2,21,22,-0.5
grid16,9,2,0,22,4,0.0
grid16,9,2,1,22,21,-0.5
grid16,9,2,2,22,22,0.5
grid16,10,0,0,5,5,0.5
grid16,10,0,1,5,6,-0.5
grid16,10,0,2,5,23,0.0
grid16,10,1,0,6,5,-0.5
grid16,10,1,1,6,6,1.0
grid16,10,1,2,6,23,-0.5
grid16,10,2,0,23,5,0.0
grid16,10,2,1,23,6,-0.5
grid16,10,2,2,23,23,0.5
grid16,11,0,0,5,5,0.5
grid16,11,0,1,5,22,-0.5
grid16,11,0,2,5,23,0.0
grid16,11,1,0,22,5,-0.5
grid16,11,1,1,22,22,1.0
grid16,11,1,2,22,23,-0.5
grid16,11,2,0,23,5,0.0
grid16,11,2,1,23,22,-0.5
grid16,11,2,2,23,23,0.5
grid16,12,0,0,6,6,0.5
grid16,12,0,1,6,7,-0.5
grid16,12,0,2,6,24,0.0
grid16,12,1,0,7,6,-0.5
grid16,12,1,1,7,7,1.0
grid16,12,1,2,7,24,-0.5
grid16,12,2,0,24,6,0.0
grid16,12,2,1,24,7,-0.5
grid16,12,2,2,24,24,0.5
grid16,13,0,0,6,6,0.5
grid16,13,0,1,6,23,-0.5
grid16,13,0,2,6,24,0.0
grid16,13,1,0,23,6,-0.5
grid16,13,1,1,23,23,1.0
grid16,13,1,2,23,24,-0.5
grid16,13,2,0,24,6,0.0
grid16,13,2,1,24,23,-0.5
grid16,13,2,2,24,24,0.5
grid16,14,0,0,7,7,0.5
grid16,14,0,1,7,8,-0.5
grid16,14,0,2,7,25,0.0
grid16,14,1,0,8,7,-0.5
grid16,14,1,1,8,8,1.0
grid16,14,1,2,8,25,-0.5
grid16,14,2,0,25,7,0.0
grid16,14,2,1,25,8,-0.5
grid16,14,2,2,25,25,0.5
grid16,15,0,0,7,7,0.5
grid16,15,0,1,7,24,-0.5
grid16,15,0,2,7,25,0.0
grid16,15,1,0,24,7,-0.5
grid16,15,1,1,24,24,1.0
grid16,15,1,2,24,25,-0.5
grid16,15,2,0,25,7,0.0
grid16,15,2,1,25,24,-0.5
grid16,15,2,2,25,25,0.5
grid16,16,0,0,8,8,0.5
grid16,16,0,1,8,9,-0.5
grid16,16,0,2,8,26,0.0
grid16,16,1,0,9,8,-0.5
grid16,16,1,1,9,9,1.0
grid16,16,1,2,9,26,-0.5
grid16,16,2,0,26,8,0.0
grid16,16,2,1,26,9,-0.5
grid16,16,2,2,26,26,0.5
grid16,17,0,0,8,8,0.5
grid16,17,0,1,8,25,-0.5
grid16,17,0,2,8,26,0.0
grid16,17,1,0,25,8,-0.5
grid16,17,1,1,25,25,1.0
grid16,17,1,2,25,26,-0.5
grid16,17,2,0,26,8,0.0
grid16,17,2,1,26,25,-0.5
grid16,17,2,2,26,26,0.5
grid16,18,0,0,9,9,0.5
grid16,18,0,1,9,10,-0.5
grid16,18,0,2,9,27,0.0
grid16,18,1,0,10,9,-0.5
grid16,18,1,1,10,10,1.0
grid16,18,1,2,10,27,-0.5
grid16,18,2,0,27,9,0.0
grid16,18,2,1,27,10,-0.5
grid16,18,2,2,27,27,0.5
grid16,19,0,0,9,9,0.5
grid16,19,0,1,9,26,-0.5
grid16,19,0,2,9,27,0.0
grid16,19,1,0,26,9,-0.5
grid16,19,1,1,26,26,1.0
grid16,19,1,2,26,27,-0.5
grid16,19,2,0,27,9,0.0
grid16,19,2,1,27,26,-0.5
grid16,19,2,2,27,27,0.5
grid16,20,0,0,10,10,0.5
grid16,20,0,1,10,11,-0.5
grid16,20,0,2,10,28,0.0
grid16,20,1,0,11,10,-0.5
grid16,20,1,1,11,11,1.0
grid16,20,1,2,11,28,-0.5
grid16,20,2,0,28,10,0.0
grid16,20,2,1,28,11,-0.5
grid16,20,2,2,28,28,0.5
grid16,21,0,0,10,10,0.5
grid16,21,0,1,10,27,-0.5
grid16,21,0,2,10,28,0.0
grid16,21,1,0,27,10,-0.5
grid16,21,1,1,27,27,1.0
grid16,21,1,2,27,28,-0.5
grid16,21,2,0,28,10,0.0
grid16,21,2,1,28,27,-0.5
grid16,21,2,2,28,28,0.5
grid16,22,0,0,11,11,0.5
grid16,22,0,1,11,12,-0.5
grid16,22,0,2,11,29,0.0
grid16,22,1,0,12,11,-0.5
grid16,22,1,1,12,12,1.0
grid16,22,1,2,12,29,-0.5
grid16,22,2,0,29,11,0.0
grid16,22,2,1,29,12,-0.5
grid16,22,2,2,29,29,0.5
grid16,23,0,0,11,11,0.5
grid16,23,0,1,11,28,-0.5
grid16,23,0,2,11,29,0.0
grid16,23,1,0,28,11,-0.5
grid16,23,1,1,28,28,1.0
grid16,23,1,2,28,29,-0.5
grid16,23,2,0,29,11,0.0
grid16,23,2,1,29,28,-0.5
grid16,23,2,2,29,29,0.5
grid16,24,0,0,12,12,0.5
grid16,24,0,1,12,13,-0.5
grid16,24,0,2,12,30,0.0
grid16,24,1,0,13,12,-0.5
grid16,24,1,1,13,13,1.0
grid16,24,1,2,13,30,-0.5
grid16,24,2,0,30,12,0.0
grid16,24,2,1,30,13,-0.5
grid16,24,2,2,30,30,0.5
grid16,25,0,0,12,12,0.5
grid16,25,0,1,12,29,-0.5
grid16,25,0,2,12,30,0.0
grid16,25,1,0,29,12,-0.5
grid16,25,1,1,29,29,1.0
grid16,25,1,2,29,30,-0.5
grid16,25,2,0,30,12,0.0
grid16,25,2,1,30,29,-0.5
grid16,25,2,2,30,30,0.5
grid16,26,0,0,13,13,0.5
grid16,26,0,1,13,14,-0.5
grid16,26,0,2,13,31,0.0
grid16,26,1,0,14,13,-0.5
grid16,26,1,1,14,14,1.0
grid16,26,1,2,14,31,-0.5
grid16,26,2,0,31,13,0.0
grid16,26,2,1,31,14,-0.5
grid16,26,2,2,31,31,0.5
grid16,27,0,0,13,13,0.5
grid16,27,0,1,13,30,-0.5
grid16,27,0,2,13,31,0.0
grid16,27,1,0,30,13,-0.5
grid16,27,1,1,30,30,1.0
grid16,27,1,2,30,31,-0.5
grid16,27,2,0,31,13,0.0
grid16,27,2,1,31,30,-0.5
grid16,27,2,2,31,31,0.5
grid16,28,0,0,14,14,0.5
grid16,28,0,1,14,15,-0.5
grid16,28,0,2,14,32,0.0
grid16,28,1,0,15,14,-0.5
grid16,28,1,1,15,15,1.0
grid16,28,1,2,15,32,-0.5
grid16,28,2,0,32,14,0.0
grid16,28,2,1,32,15,-0.5
grid16,28,2,2,32,32,0.5
grid16,29,0,0,14,14,0.5
grid16,29,0,1,14,31,-0.5
grid16,29,0,2,14,32,0.0
grid16,29,1,0,31,14,-0.5
grid16,29,1,1,31,31,1.0
grid16,29,1,2,31,32,-0.5
grid16,29,2,0,32,14,0.0
grid16,29,2,1,32,31,-0.5
grid16,29,2,2,32,32,0.5
grid16,30,0,0,15,15,0.5
grid16,30,0,1,15,16,-0.5
grid16,30,0,2,15,33,0.0
grid16,30,1,0,16,15,-0.5
grid16,30,1,1,16,16,1.0
grid16,30,1,2,16,33,-0.5
grid16,30,2,0,33,15,0.0
grid16,30,2,1,33,16,-0.5
grid16,30,2,2,33,33,0.5
grid16,31,0,0,15,15,0.5
grid16,31,0,1,15,32,-0.5
grid16,31,0,2,15,33,0.0
grid16,31,1,0,32,15,-0.5
grid16,31,1,1,32,32,1.0
grid16,31,1,2,32,33,-0.5
grid16,31,2,0,33,15,0.0
grid16,31,2,1,33,32,-0.5
grid16,31,2,2,33,33,0.5
grid16,32,0,0,17,17,0.5
grid16,32,0,1,17,18,-0.5
grid16,32,0,2,17,35,0.0
grid16,32,1,0,18,17,-0.5
grid16,32,1,1,18,18,1.0
grid16,32,1,2,18,35,-0.5
grid16,32,2,0,35,17,0.0
grid16,32,2,1,35,18,-0.5
grid16,32,2,2,35,35,0.5
grid16,33,0,0,17,17,0.5
grid16,33,0,1,17,34,-0.5
grid16,33,0,2,17,35,0.0
grid16,33,1,0,34,17,-0.5
grid16,33,1,1,34,34,1.0
grid16,33,1,2,34,35,-0.5
grid16,33,2,0,35,17,0.0
grid16,33,2,1,35,34,-0.5
grid16,33,2,2,35,35,0.5
grid16,34,0,0,18,18,0.5
grid16,34,0,1,18,19,-0.5
grid16,34,0,2,18,36,0.0
grid16,34,1,0,19,18,-0.5
grid16,34,1,1,19,19,1.0
grid16,34,1,2,19,36,-0.5
grid16,34,2,0,36,18,0.0
grid16,34,2,1,36,19,-0.5
grid16,34,2,2,36,36,0.5
grid16,35,0,0,18,18,0.5
grid16,35,0,1,18,35,-0.5
grid16,35,0,2,18,36,0.0
grid16,35,1,0,35,18,-0.5
grid16,35,1,1,35,35,1.0
grid16,35,1,2,35,36,-0.5
grid16,35,2,0,36,18,0.0
grid16,35,2,1,36,35,-0.5
grid16,35,2,2,36,36,0.5
grid16,36,0,0,19,19,0.5
grid16,36,0,1,19,20,-0.5
grid16,36,0,2,19,37,0.0
grid16,36,1,0,20,19,-0.5
grid16,36,1,1,20,20,1.0
grid16,36,1,2,20,37,-0.5
grid16,36,2,0,37,19,0.0
grid16,36,2,1,37,20,-0.5
grid16,36,2,2,37,37,0.5
grid16,37,0,0,19,19,0.5
grid16,37,0,1,19,36,-0.5
grid16,37,0,2,19,37,0.0
grid16,37,1,0,36,19,-0.5
grid16,37,1,1,36,36,1.0
grid16,37,1,2,36,37,-0.5
grid16,37,2,0,37,19,0.0
grid16,37,2,1,37,36,-0.5
grid16,37,2,2,37,37,0.5
grid16,38,0,0,20,20,0.5
grid16,38,0,1,20,21,-0.5
grid16,38,0,2,20,38,0.0
grid16,38,1,0,21,20,-0.5
grid16,38,1,1,21,21,1.0
grid16,38,1,2,21,38,-0.5
grid16,38,2,0,38,20,0.0
grid16,38,2,1,38,21,-0.5
grid16,38,2,2,38,38,0.5
grid16,39,0,0,20,20,0.5
grid16,39,0,1,20,37,-0.5
grid16,39,0,2,20,38,0.0
grid16,39,1,0,37,20,-0.5
grid16,39,1,1,37,37,1.0
grid16,39,1,2,37,38,-0.5
grid16,39,2,0,38,20,0.0
grid16,39,2,1,38,37,-0.5
grid16,39,2,2,38,38,0.5
grid16,40,0,0,21,21,0.5
grid16,40,0,1,21,22,-0.5
grid16,40,0,2,21,39,0.0
grid16,40,1,0,22,21,-0.5
grid16,40,1,1,22,22,1.0
grid16,40,1,2,22,39,-0.5
grid16,40,2,0,39,21,0.0
grid16,40,2,1,39,22,-0.5
grid16,40,2,2,39,39,0.5
grid16,41,0,0,21,21,0.5
grid16,41,0,1,21,38,-0.5
grid16,41,0,2,21,39,0.0
grid16,41,1,0,38,21,-0.5
grid16,41,1,1,38,38,1.0
grid16,41,1,2,38,39,-0.5
grid16,41,2,0,39,21,0.0
grid16,41,2,1,39,38,-0.5
grid16,41,2,2,39,39,0.5
grid16,42,0,0,22,22,0.5
grid16,42,0,1,22,23,-0.5
grid16,42,0,2,22,40,0.0
grid16,42,1,0,23,22,-0.5
grid16,42,1,1,23,23,1.0
grid16,42,1,2,23,40,-0.5
grid16,42,2,0,40,22,0.0
grid16,42,2,1,40,23,-0.5
grid16,42,2,2,40,40,0.5
grid16,43,0,0,22,22,0.5
grid16,43,0,1,22,39,-0.5
grid16,43,0,2,22,40,0.0
grid16,43,1,0,39,22,-0.5
grid16,43,1,1,39,39,1.0
grid16,43,1,2,39,40,-0.5
grid16,43,2,0,40,22,0.0
grid16,43,2,1,40,39,-0.5
grid16,43,2,2,40,40,0.5
grid16,44,0,0,23,23,0.5
grid16,44,0,1,23,24,-0.5
grid16,44,0,2,23,41,0.0
grid16,44,1,0,24,23,-0.5
grid16,44,1,1,24,24,1.0
grid16,44,1,2,24,41,-0.5
grid16,44,2,0,41,23,0.0
grid16,44,2,1,41,24,-0.5
grid16,44,2,2,41,41,0.5
grid16,45,0,0,23,23,0.5
grid16,45,0,1,23,40,-0.5
grid16,45,0,2,23,41,0.0
grid16,45,1,0,40,23,-0.5
grid16,45,1,1,40,40,1.0
grid16,45,1,2,40,41,-0.5
grid16,45,2,0,41,23,0.0
grid16,45,2,1,41,40,-0.5
grid16,45,2,2,41,41,0.5
grid16,46,0,0,24,24,0.5
grid16,46,0,1,24,25,-0.5
grid16,46,0,2,24,42,0.0
grid16,46,1,0,25,24,-0.5
grid16,46,1,1,25,25,1.0
grid16,46,1,2,25,42,-0.5
grid16,46,2,0,42,24,0.0
grid16,46,2,1,42,25,-0.5
grid16,46,2,2,42,42,0.5
grid16,47,0,0,24,24,0.5
grid16,47,0,1,24,41,-0.5
grid16,47,0,2,24,42,0.0
grid16,47,1,0,41,24,-0.5
grid16,47,1,1,41,41,1.0
grid16,47,1,2,41,42,-0.5
grid16,47,2,0,42,24,0.0
grid16,47,2,1,42,41,-0.5
grid16,47,2,2,42,42,0.5
grid16,48,0,0,25,25,0.5
grid16,48,0,1,25,26,-0.5
grid16,48,0,2,25,43,0.0
grid16,48,1,0,26,25,-0.5
grid16,48,1,1,26,26,1.0
grid16,48,1,2,26,43,-0.5
grid16,48,2,0,43,25,0.0
grid16,48,2,1,43,26,-0.5
grid16,48,2,2,43,43,0.5
grid16,49,0,0,25,25,0.5
grid16,49,0,1,25,42,-0.5
grid16,49,0,2,25,43,0.0
grid16,49,1,0,42,25,-0.5
grid16,49,1,1,42,42,1.0
grid16,49,1,2,42,43,-0.5
grid16,49,2,0,43,25,0.0
grid16,49,2,1,43,42,-0.5
grid16,49,2,2,43,43,0.5
grid16,50,0,0,26,26,0.5
grid16,50,0,1,26,27,-0.5
grid16,50,0,2,26,44,0.0
grid16,50,1,0,27,26,-0.5
grid16,50,1,1,27,27,1.0
grid16,50,1,2,27,44,-0.5
grid16,50,2,0,44,26,0.0
grid16,50,2,1,44,27,-0.5
grid16,50,2,2,44,44,0.5
grid16,51,0,0,26,26,0.5
grid16,51,0,1,26,43,-0.5
grid16,51,0,2,26,44,0.0
grid16,51,1,0,43,26,-0.5
grid16,51,1,1,43,43,1.0
grid16,51,1,2,43,44,-0.5
grid16,51,2,0,44,26,0.0
grid16,51,2,1,44,43,-0.5
grid16,51,2,2,44,44,0.5
grid16,52,0,0,27,27,0.5
grid16,52,0,1,27,28,-0.5
grid16,52,0,2,27,45,0.0
grid16,52,1,0,28,27,-0.5
grid16,52,1,1,28,28,1.0
grid16,52,1,2,28,45,-0.5
grid16,52,2,0,45,27,0.0
grid16,52,2,1,45,28,-0.5
grid16,52,2,2,45,45,0.5
grid16,53,0,0,27,27,0.5
grid16,53,0,1,27,44,-0.5
grid16,53,0,2,27,45,0.0
grid16,53,1,0,44,27,-0.5
grid16,53,1,1,44,44,1.0
grid16,53,1,2,44,45,-0.5
grid16,53,2,0,45,27,0.0
grid16,53,2,1,45,44,-0.5
grid16,53,2,2,45,45,0.5
grid16,54,0,0,28,28,0.5
grid16,54,0,1,28,29,-0.5
grid16,54,0,2,28,46,0.0
grid16,54,1,0,29,28,-0.5
grid16,54,1,1,29,29,1.0
grid16,54,1,2,29,46,-0.5
grid16,54,2,0,46,28,0.0
grid16,54,2,1,46,29,-0.5
grid16,54,2,2,46,46,0.5
grid16,55,0,0,28,28,0.5
grid16,55,0,1,28,45,-0.5
grid16,55,0,2,28,46,0.0
grid16,55,1,0,45,28,-0.5
grid16,55,1,1,45,45,1.0
grid16,55,1,2,45,46,-0.5
grid16,55,2,0,46,28,0.0
grid16,55,2,1,46,45,-0.5
grid16,55,2,2,46,46,0.5
grid16,56,0,0,29,29,0.5
grid16,56,0,1,29,30,-0.5
grid16,56,0,2,29,47,0.0
grid16,56,1,0,30,29,-0.5
grid16,56,1,1,30,30,1.0
grid16,56,1,2,30,47,-0.5
grid16,56,2,0,47,29,0.0
grid16,56,2,1,47,30,-0.5
grid16,56,2,2,47,47,0.5
grid16,57,0,0,29,29,0.5
grid16,57,0,1,29,46,-0.5
grid16,57,0,2,29,47,0.0
grid16,57,1,0,46,29,-0.5
grid16,57,1,1,46,46,1.0
grid16,57,1,2,46,47,-0.5
grid16,57,2,0,47,29,0.0
grid16,57,2,1,47,46,-0.5
grid16,57,2,2,47,47,0.5
grid16,58,0,0,30,30,0.5
grid16,58,0,1,30,31,-0.5
grid16,58,0,2,30,48,0.0
grid16,58,1,0,31,30,-0.5
grid16,58,1,1,31,31,1.0
grid16,58,1,2,31,48,-0.5
grid16,58,2,0,48,30,0.0
grid16,58,2,1,48,31,-0.5
grid16,58,2,2,48,48,0.5
grid16,59,0,0,30,30,0.5
grid16,59,0,1,30,47,-0.5
grid16,59,0,2,30,48,0.0
grid16,59,1,0,47,30,-0.5
grid16,59,1,1,47,47,1.0
grid16,59,1,2,47,48,-0.5
grid16,59,2,0,48,30,0.0
grid16,59,2,1,48,47,-0.5
grid16,59,2,2,48,48,0.5
grid16,60,0,0,31,31,0.5
grid16,60,0,1,31,32,-0.5
grid16,60,0,2,31,49,0.0
grid16,60,1,0,32,31,-0.5
grid16,60,1,1,32,32,1.0
grid16,60,1,2,32,49,-0.5
grid16,60,2,0,49,31,0.0
grid16,60,2,1,49,32,-0.5
grid16,60,2,2,49,49,0.5
grid16,61,0,0,31,31,0.5
grid16,61,0,1,31,48,-0.5
grid16,61,0,2,31,49,0.0
grid16,61,1,0,48,31,-0.5
grid16,61,1,1,48,48,1.0
grid16,61,1,2,48,49,-0.5
grid16,61,2,0,49,31,0.0
grid16,61,2,1,49,48,-0.5
grid16,61,2,2,49,49,0.5
grid16,62,0,0,32,32,0.5
grid16,62,0,1,32,33,-0.5
grid16,62,0,2,32,50,0.0
grid16,62,1,0,33,32,-0.5
grid16,62,1,1,33,33,1.0
grid16,62,1,2,33,50,-0.5
grid16,62,2,0,50,32,0.0
grid16,62,2,1,50,33,-0.5
grid16,62,2,2,50,50,0.5
grid16,63,0,0,32,32,0.5
grid16,63,0,1,32,49,-0.5
grid16,63,0,2,32,50,0.0
grid16,63,1,0,49,32,-0.5
grid16,63,1,1,49,49,1.0
grid16,63,1,2,49,50,-0.5
grid16,63,2,0,50,32,0.0
grid16,63,2,1,50,49,-0.5
grid16,63,2,2,50,50,0.5
grid16,64,0,0,34,34,0.5
grid16,64,0,1,34,35,-0.5
grid16,64,0,2,34,52,0.0
grid16,64,1,0,35,34,-0.5
grid16,64,1,1,35,35,1.0
grid16,64,1,2,35,52,-0.5
grid16,64,2,0,52,34,0.0
grid16,64,2,1,52,35,-0.5
grid16,64,2,2,52,52,0.5
grid16,65,0,0,34,34,0.5
grid16,65,0,1,34,51,-0.5
grid16,65,0,2,34,52,0.0
grid16,65,1,0,51,34,-0.5
grid16,65,1,1,51,51,1.0
grid16,65,1,2,51,52,-0.5
grid16,65,2,0,52,34,0.0
grid16,65,2,1,52,51,-0.5
grid16,65,2,2,52,52,0.5
grid16,66,0,0,35,35,0.5
grid16,66,0,1,35,36,-0.5
grid16,66,0,2,35,53,0.0
grid16,66,1,0,36,35,-0.5
grid16,66,1,1,36,36,1.0
grid16,66,1,2,36,53,-0.5
grid16,66,2,0,53,35,0.0
grid16,66,2,1,53,36,-0.5
grid16,66,2,2,53,53,0.5
grid16,67,0,0,35,35,0.5
grid16,67,0,1,35,52,-0.5
grid16,67,0,2,35,53,0.0
grid16,67,1,0,52,35,-0.5
grid16,67,1,1,52,52,1.0
grid16,67,1,2,52,53,-0.5
grid16,67,2,0,53,35,0.0
grid16,67,2,1,53,52,-0.5
grid16,67,2,2,53,53,0.5
grid16,68,0,0,36,36,0.5
grid16,68,0,1,36,37,-0.5
grid16,68,0,2,36,54,0.0
grid16,68,1,0,37,36,-0.5
grid16,68,1,1,37,37,1.0
grid16,68,1,2,37,54,-0.5
grid16,68,2,0,54,36,0.0
grid16,68,2,1,54,37,-0.5
grid16,68,2,2,54,54,0.5
grid16,69,0,0,36,36,0.5
grid16,69,0,1,36,53,-0.5
grid16,69,0,2,36,54,0.0
grid16,69,1,0,53,36,-0.5
grid16,69,1,1,53,53,1.0
grid16,69,1,2,53,54,-0.5
grid16,69,2,0,54,36,0.0
grid16,69,2,1,54,53,-0.5
grid16,69,2,2,54,54,0.5
grid16,70,0,0,37,37,0.5
grid16,70,0,1,37,38,-0.5
grid16,70,0,2,37,55,0.0
grid16,70,1,0,38,37,-0.5
grid16,70,1,1,38,38,1.0
grid16,70,1,2,38,55,-0.5
grid16,70,2,0,55,37,0.0
grid16,70,2,1,55,38,-0.5
grid16,70,2,2,55,55,0.5
grid16,71,0,0,37,37,0.5
grid16,71,0,1,37,54,-0.5
grid16,71,0,2,37,55,0.0
grid16,71,1,0,54,37,-0.5
grid16,71,1,1,54,54,1.0
grid16,71,1,2,54,55,-0.5
grid16,71,2,0,55,37,0.0
grid16,71,2,1,55,54,-0.5
grid16,71,2,2,55,55,0.5
grid16,72,0,0,38,38,0.5
grid16,72,0,1,38,39,-0.5
grid16,72,0,2,38,56,0.0
grid16,72,1,0,39,38,-0.5
grid16,72,1,1,39,39,1.0
grid16,72,1,2,39,56,-0.5
grid16,72,2,0,56,38,0.0
grid16,72,2,1,56,39,-0.5
grid16,72,2,2,56,56,0.5
grid16,73,0,0,38,38,0.5
grid16,73,0,1,38,55,-0.5
grid16,73,0,2,38,56,0.0
grid16,73,1,0,55,38,-0.5
grid16,73,1,1,55,55,1.0
grid16,73,1,2,55,56,-0.5
grid16,73,2,0,56,38,0.0
grid16,73,2,1,56,55,-0.5
grid16,73,2,2,56,56,0.5
grid16,74,0,0,39,39,0.5
grid16,74,0,1,39,40,-0.5
grid16,74,0,2,39,57,0.0
grid16,74,1,0,40,39,-0.5
grid16,74,1,1,40,40,1.0
grid16,74,1,2,40,57,-0.5
grid16,74,2,0,57,39,0.0
grid16,74,2,1,57,40,-0.5
grid16,74,2,2,57,57,0.5
grid16,75,0,0,39,39,0.5
grid16,75,0,1,39,56,-0.5
grid16,75,0,2,39,57,0.0
grid16,75,1,0,56,39,-0.5
grid16,75,1,1,56,56,1.0
grid16,75,1,2,56,57,-0.5
grid16,75,2,0,57,39,0.0
grid16,75,2,1,57,56,-0.5
grid16,75,2,2,57,57,0.5
grid16,76,0,0,40,40,0.5
grid16,76,0,1,40,41,-0.5
grid16,76,0,2,40,58,0.0
grid16,76,1,0,41,40,-0.5
grid16,76,1,1,41,41,1.0
grid16,76,1,2,41,58,-0.5
grid16,76,2,0,58,40,0.0
grid16,76,2,1,58,41,-0.5
grid16,76,2,2,58,58,0.5
grid16,77,0,0,40,40,0.5
grid16,77,0,1,40,57,-0.5
grid16,77,0,2,40,58,0.0
grid16,77,1,0,57,40,-0.5
grid16,77,1,1,57,57,1.0
grid16,77,1,2,57,58,-0.5
grid16,77,2,0,58,40,0.0
grid16,77,2,1,58,57,-0.5
grid16,77,2,2,58,58,0.5
grid16,78,0,0,41,41,0.5
grid16,78,0,1,41,42,-0.5
grid16,78,0,2,41,59,0.0
grid16,78,1,0,42,41,-0.5
grid16,78,1,1,42,42,1.0
grid16,78,1,2,42,59,-0.5
grid16,78,2,0,59,41,0.0
grid16,78,2,1,59,42,-0.5
grid16,78,2,2,59,59,0.5
grid16,79,0,0,41,41,0.5
grid16,79,0,1,41,58,-0.5
grid16,79,0,2,41,59,0.0
grid16,79,1,0,58,41,-0.5
grid16,79,1,1,58,58,1.0
grid16,79,1,2,58,59,-0.5
grid16,79,2,0,59,41,0.0
grid16,79,2,1,59,58,-0.5
grid16,79,2,2,59,59,0.5
grid16,80,0,0,42,42,0.5
grid16,80,0,1,42,43,-0.5
grid16,80,0,2,42,60,0.0
grid16,80,1,0,43,42,-0.5
grid16,80,1,1,43,43,1.0
grid16,80,1,2,43,60,-0.5
grid16,80,2,0,60,42,0.0
grid16,80,2,1,60,43,-0.5
grid16,80,2,2,60,60,0.5
grid16,81,0,0,42,42,0.5
grid16,81,0,1,42,59,-0.5
grid16,81,0,2,42,60,0.0
grid16,81,1,0,59,42,-0.5
grid16,81,1,1,59,59,1.0
grid16,81,1,2,59,60,-0.5
grid16,81,2,0,60,42,0.0
grid16,81,2,1,60,59,-0.5
grid16,81,2,2,60,60,0.5
grid16,82,0,0,43,43,0.5
grid16,82,0,1,43,44,-0.5
grid16,82,0,2,43,61,0.0
grid16,82,1,0,44,43,-0.5
grid16,82,1,1,44,44,1.0
grid16,82,1,2,44,61,-0.5
grid16,82,2,0,61,43,0.0
grid16,82,2,1,61,44,-0.5
grid16,82,2,2,61,61,0.5
grid16,83,0,0,43,43,0.5
grid16,83,0,1,43,60,-0.5
grid16,83,0,2,43,61,0.0
grid16,83,1,0,60,43,-0.5
grid16,83,1,1,60,60,1.0
grid16,83,1,2,60,61,-0.5
grid16,83,2,0,61,43,0.0
grid16,83,2,1,61,60,-0.5
grid16,83,2,2,61,61,0.5
grid16,84,0,0,44,44,0.5
grid16,84,0,1,44,45,-0.5
grid16,84,0,2,44,62,0.0
grid16,84,1,0,45,44,-0.5
grid16,84,1,1,45,45,1.0
grid16,84,1,2,45,62,-0.5
grid16,84,2,0,62,44,0.0
grid16,84,2,1,62,45,-0.5
grid16,84,2,2,62,62,0.5
grid16,85,0,0,44,44,0.5
grid16,85,0,1,44,61,-0.5
grid16,85,0,2,44,62,0.0
grid16,85,1,0,61,44,-0.5
grid16,85,1,1,61,61,1.0
grid16,85,1,2,61,62,-0.5
grid16,85,2,0,62,44,0.0
grid16,85,2,1,62,61,-0.5
grid16,85,2,2,62,62,0.5
grid16,86,0,0,45,45,0.5
grid16,86,0,1,45,46,-0.5
grid16,86,0,2,45,63,0.0
grid16,86,1,0,46,45,-0.5
grid16,86,1,1,46,46,1.0
grid16,86,1,2,46,63,-0.5
grid16,86,2,0,63,45,0.0
grid16,86,2,1,63,46,-0.5
grid16,86,2,2,63,63,0.5
grid16,87,0,0,45,45,0.5
grid16,87,0,1,45,62,-0.5
grid16,87,0,2,45,63,0.0
grid16,87,1,0,62,45,-0.5
grid16,87,1,1,62,62,1.0
grid16,87,1,2,62,63,-0.5
grid16,87,2,0,63,45,0.0
grid16,87,2,1,63,62,-0.5
grid16,87,2,2,63,63,0.5
grid16,88,0,0,46,46,0.5
grid16,88,0,1,46,47,-0.5
grid16,88,0,2,46,64,0.0
grid16,88,1,0,47,46,-0.5
grid16,88,1,1,47,47,1.0
grid16,88,1,2,47,64,-0.5
grid16,88,2,0,64,46,0.0
grid16,88,2,1,64,47,-0.5
grid16,88,2,2,64,64,0.5
grid16,89,0,0,46,46,0.5
grid16,89,0,1,46,63,-0.5
grid16,89,0,2,46,64,0.0
grid16,89,1,0,63,46,-0.5
grid16,89,1,1,63,63,1.0
grid16,89,1,2,63,64,-0.5
grid16,89,2,0,64,46,0.0
grid16,89,2,1,64,63,-0.5
grid16,89,2,2,64,64,0.5
grid16,90,0,0,47,47,0.5
grid16,90,0,1,47,48,-0.5
grid16,90,0,2,47,65,0.0
grid16,90,1,0,48,47,-0.5
grid16,90,1,1,48,48,1.0
grid16,90,1,2,48,65,-0.5
grid16,90,2,0,65,47,0.0
grid16,90,2,1,65,48,-0.5
grid16,90,2,2,65,65,0.5
grid16,91,0,0,47,47,0.5
grid16,91,0,1,47,64,-0.5
grid16,91,0,2,47,65,0.0
grid16,91,1,0,64,47,-0.5
grid16,91,1,1,64,64,1.0
grid16,91,1,2,64,65,-0.5
grid16,91,2,0,65,47,0.0
grid16,91,2,1,65,64,-0.5
grid16,91,2,2,65,65,0.5
grid16,92,0,0,48,48,0.5
grid16,92,0,1,48,49,-0.5
grid16,92,0,2,48,66,0.0
grid16,92,1,0,49,48,-0.5
grid16,92,1,1,49,49,1.0
grid16,92,1,2,49,66,-0.5
grid16,92,2,0,66,48,0.0
grid16,92,2,1,66,49,-0.5
grid16,92,2,2,66,66,0.5
grid16,93,0,0,48,48,0.5
grid16,93,0,1,48,65,-0.5
grid16,93,0,2,48,66,0.0
grid16,93,1,0,65,48,-0.5
grid16,93,1,1,65,65,1.0
grid16,93,1,2,65,66,-0.5
grid16,93,2,0,66,48,0.0
grid16,93,2,1,66,65,-0.5
grid16,93,2,2,66,66,0.5
grid16,94,0,0,49,49,0.5
grid16,94,0,1,49,50,-0.5
grid16,94,0,2,49,67,0.0
grid16,94,1,0,50,49,-0.5
grid16,94,1,1,50,50,1.0
grid16,94,1,2,50,67,-0.5
grid16,94,2,0,67,49,0.0
grid16,94,2,1,67,50,-0.5
grid16,94,2,2,67,67,0.5
grid16,95,0,0,49,49,0.5
grid16,95,0,1,49,66,-0.5
grid16,95,0,2,49,67,0.0
grid16,95,1,0,66,49,-0.5
grid16,95,1,1,66,66,1.0
grid16,95,1,2,66,67,-0.5
grid16,95,2,0,67,49,0.0
grid16,95,2,1,67,66,-0.5
grid16,95,2,2,67,67,0.5
grid16,96,0,0,51,51,0.5
grid16,96,0,1,51,52,-0.5
grid16,96,0,2,51,69,0.0
grid16,96,1,0,52,51,-0.5
grid16,96,1,1,52,52,1.0
grid16,96,1,2,52,69,-0.5
grid16,96,2,0,69,51,0.0
grid16,96,2,1,69,52,-0.5
grid16,96,2,2,69,69,0.5
grid16,97,0,0,51,51,0.5
grid16,97,0,1,51,68,-0.5
grid16,97,0,2,51,69,0.0
grid16,97,1,0,68,51,-0.5
grid16,97,1,1,68,68,1.0
grid16,97,1,2,68,69,-0.5
grid16,97,2,0,69,51,0.0
grid16,97,2,1,69,68,-0.5
grid16,97,2,2,69,69,0.5
grid16,98,0,0,52,52,0.5
grid16,98,0,1,52,53,-0.5
grid16,98,0,2,52,70,0.0
grid16,98,1,0,53,52,-0.5
grid16,98,1,1,53,53,1.0
grid16,98,1,2,53,70,-0.5
grid16,98,2,0,70,52,0.0
grid16,98,2,1,70,53,-0.5
grid16,98,2,2,70,70,0.5
grid16,99,0,0,52,52,0.5
grid16,99,0,1,52,69,-0.5
grid16,99,0,2,52,70,0.0
grid16,99,1,0,69,52,-0.5
grid16,99,1,1,69,69,1.0
grid16,99,1,2,69,70,-0.5
grid16,99,2,0,70,52,0.0
grid16,99,2,1,70,69,-0.5
grid16,99,2,2,70,70,0.5
grid16,100,0,0,53,53,0.5
grid16,100,0,1,53,54,-0.5
grid16,100,0,2,53,71,0.0
grid16,100,1,0,54,53,-0.5
grid16,100,1,1,54,54,1.0
grid16,100,1,2,54,71,-0.5
grid16,100,2,0,71,53,0.0
grid16,100,2,1,71,54,-0.5
grid16,100,2,2,71,71,0.5
grid16,101,0,0,53,53,0.5
grid16,101,0,1,53,70,-0.5
grid16,101,0,2,53,71,0.0
grid16,101,1,0,70,53,-0.5
grid16,101,1,1,70,70,1.0
grid16,101,1,2,70,71,-0.5
grid16,101,2,0,71,53,0.0
grid16,101,2,1,71,70,-0.5
grid16,101,2,2,71,71,0.5
grid16,102,0,0,54,54,0.5
grid16,102,0,1,54,55,-0.5
grid16,102,0,2,54,72,0.0
grid16,102,1,0,55,54,-0.5
grid16,102,1,1,55,55,1.0
grid16,102,1,2,55,72,-0.5
grid16,102,2,0,72,54,0.0
grid16,102,2,1,72,55,-0.5
grid16,102,2,2,72,72,0.5
grid16,103,0,0,54,54,0.5
grid16,103,0,1,54,71,-0.5
grid16,103,0,2,54,72,0.0
grid16,103,1,0,71,54,-0.5
grid16,103,1,1,71,71,1.0
grid16,103,1,2,71,72,-0.5
grid16,103,2,0,72,54,0.0
grid16,103,2,1,72,71,-0.5
grid16,103,2,2,72,72,0.5
grid16,104,0,0,55,55,0.5
grid16,104,0,1,55,56,-0.5
grid16,104,0,2,55,73,0.0
grid16,104,1,0,56,55,-0.5
grid16,104,1,1,56,56,1.0
grid16,104,1,2,56,73,-0.5
grid16,104,2,0,73,55,0.0
grid16,104,2,1,73,56,-0.5
grid16,104,2,2,73,73,0.5
grid16,105,0,0,55,55,0.5
grid16,105,0,1,55,72,-0.5
grid16,105,0,2,55,73,0.0
grid16,105,1,0,72,55,-0.5
grid16,105,1,1,72,72,1.0
grid16,105,1,2,72,73,-0.5
grid16,105,2,0,73,55,0.0
grid16,105,2,1,73,72,-0.5
grid16,105,2,2,73,73,0.5
grid16,106,0,0,56,56,0.5
grid16,106,0,1,56,57,-0.5
grid16,106,0,2,56,74,0.0
grid16,106,1,0,57,56,-0.5
grid16,106,1,1,57,57,1.0
grid16,106,1,2,57,74,-0.5
grid16,106,2,0,74,56,0.0
grid16,106,2,1,74,57,-0.5
grid16,106,2,2,74,74,0.5
grid16,107,0,0,56,56,0.5
grid16,107,0,1,56,73,-0.5
grid16,107,0,2,56,74,0.0
grid16,107,1,0,73,56,-0.5
grid16,107,1,1,73,73,1.0
grid16,107,1,2,73,74,-0.5
grid16,107,2,0,74,56,0.0
grid16,107,2,1,74,73,-0.5
grid16,107,2,2,74,74,0.5
grid16,108,0,0,57,57,0.5
grid16,108,0,1,57,58,-0.5
grid16,108,0,2,57,75,0.0
grid16,108,1,0,58,57,-0.5
grid16,108,1,1,58,58,1.0
grid16,108,1,2,58,75,-0.5
grid16,108,2,0,75,57,0.0
grid16,108,2,1,75,58,-0.5
grid16,108,2,2,75,75,0.5
grid16,109,0,0,57,57,0.5
grid16,109,0,1,57,74,-0.5
grid16,109,0,2,57,75,0.0
grid16,109,1,0,74,57,-0.5
grid16,109,1,1,74,74,1.0
grid16,109,1,2,74,75,-0.5
grid16,109,2,0,75,57,0.0
grid16,109,2,1,75,74,-0.5
grid16,109,2,2,75,75,0.5
grid16,110,0,0,58,58,0.5
grid16,110,0,1,58,59,-0.5
grid16,110,0,2,58,76,0.0
grid16,110,1,0,59,58,-0.5
grid16,110,1,1,59,59,1.0
grid16,110,1,2,59,76,-0.5
grid16,110,2,0,76,58,0.0
grid16,110,2,1,76,59,-0.5
grid16,110,2,2,76,76,0.5
grid16,111,0,0,58,58,0.5
grid16,111,0,1,58,75,-0.5
grid16,111,0,2,58,76,0.0
grid16,111,1,0,75,58,-0.5
grid16,111,1,1,75,75,1.0
grid16,111,1,2,75,76,-0.5
grid16,111,2,0,76,58,0.0
grid16,111,2,1,76,75,-0.5
grid16,111,2,2,76,76,0.5
grid16,112,0,0,59,59,0.5
grid16,112,0,1,59,60,-0.5
grid16,112,0,2,59,77,0.0
grid16,112,1,0,60,59,-0.5
grid16,112,1,1,60,60,1.0
grid16,112,1,2,60,77,-0.5
grid16,112,2,0,77,59,0.0
grid16,112,2,1,77,60,-0.5
grid16,112,2,2,77,77,0.5
grid16,113,0,0,59,59,0.5
grid16,113,0,1,59,76,-0.5
grid16,113,0,2,59,77,0.0
grid16,113,1,0,76,59,-0.5
grid16,113,1,1,76,76,1.0
grid16,113,1,2,76,77,-0.5
grid16,113,2,0,77,59,0.0
grid16,113,2,1,77,76,-0.5
grid16,113,2,2,77,77,0.5
grid16,114,0,0,60,60,0.5
grid16,114,0,1,60,61,-0.5
grid16,114,0,2,60,78,0.0
grid16,114,1,0,61,60,-0.5
grid16,114,1,1,61,61,1.0
grid16,114,1,2,61,78,-0.5
grid16,114,2,0,78,60,0.0
grid16,114,2,1,78,61,-0.5
grid16,114,2,2,78,78,0.5
grid16,115,0,0,60,60,0.5
grid16,115,0,1,60,77,-0.5
grid16,115,0,2,60,78,0.0
grid16,115,1,0,77,60,-0.5
grid16,115,1,1,77,77,1.0
grid16,115,1,2,77,78,-0.5
grid16,115,2,0,78,60,0.0
grid16,115,2,1,78,77,-0.5
grid16,115,2,2,78,78,0.5
grid16,116,0,0,61,61,0.5
grid16,116,0,1,61,62,-0.5
grid16,116,0,2,61,79,0.0
grid16,116,1,0,62,61,-0.5
grid16,116,1,1,62,62,1.0
grid16,116,1,2,62,79,-0.5
grid16,116,2,0,79,61,0.0
grid16,116,2,1,79,62,-0.5
grid16,116,2,2,79,79,0.5
grid16,117,0,0,61,61,0.5
grid16,117,0,1,61,78,-0.5
grid16,117,0,2,61,79,0.0
grid16,117,1,0,78,61,-0.5
grid16,117,1,1,78,78,1.0
grid16,117,1,2,78,79,-0.5
grid16,117,2,0,79,61,0.0
grid16,117,2,1,79,78,-0.5
grid16,117,2,2,79,79,0.5
grid16,118,0,0,62,62,0.5
grid16,118,0,1,62,63,-0.5
grid16,118,0,2,62,80,0.0
grid16,118,1,0,63,62,-0.5
grid16,118,1,1,63,63,1.0
grid16,118,1,2,63,80,-0.5
grid16,118,2,0,80,62,0.0
grid16,118,2,1,80,63,-0.5
grid16,118,2,2,80,80,0.5
grid16,119,0,0,62,62,0.5
grid16,119,0,1,62,79,-0.5
grid16,119,0,2,62,80,0.0
grid16,119,1,0,79,62,-0.5
grid16,119,1,1,79,79,1.0
grid16,119,1,2,79,80,-0.5
grid16,119,2,0,80,62,0.0
grid16,119,2,1,80,79,-0.5
grid16,119,2,2,80,80,0.5
grid16,120,0,0,63,63,0.5
grid16,120,0,1,63,64,-0.5
grid16,120,0,2,63,81,0.0
grid16,120,1,0,64,63,-0.5
grid16,120,1,1,64,64,1.0
grid16,120,1,2,64,81,-0.5
grid16,120,2,0,81,63,0.0
grid16,120,2,1,81,64,-0.5
grid16,120,2,2,81,81,0.5
grid16,121,0,0,63,63,0.5
grid16,121,0,1,63,80,-0.5
grid16,121,0,2,63,81,0.0
grid16,121,1,0,80,63,-0.5
grid16,121,1,1,80,80,1.0
grid16,121,1,2,80,81,-0.5
grid16,121,2,0,81,63,0.0
grid16,121,2,1,81,80,-0.5
grid16,121,2,2,81,81,0.5
grid16,122,0,0,64,64,0.5
grid16,122,0,1,64,65,-0.5
grid16,122,0,2,64,82,0.0
grid16,122,1,0,65,64,-0.5
grid16,122,1,1,65,65,1.0
grid16,122,1,2,65,82,-0.5
grid16,122,2,0,82,64,0.0
grid16,122,2,1,82,65,-0.5
grid16,122,2,2,82,82,0.5
grid16,123,0,0,64,64,0.5
grid16,123,0,1,64,81,-0.5
grid16,123,0,2,64,82,0.0
grid16,123,1,0,81,64,-0.5
grid16,123,1,1,81,81,1.0
grid16,123,1,2,81,82,-0.5
grid16,123,2,0,82,64,0.0
grid16,123,2,1,82,81,-0.5
grid16,123,2,2,82,82,0.5
grid16,124,0,0,65,65,0.5
grid16,124,0,1,65,66,-0.5
grid16,124,0,2,65,83,0.0
grid16,124,1,0,66,65,-0.5
grid16,124,1,1,66,66,1.0
grid16,124,1,2,66,83,-0.5
grid16,124,2,0,83,65,0.0
grid16,124,2,1,83,66,-0.5
grid16,124,2,2,83,83,0.5
grid16,125,0,0,65,65,0.5
grid16,125,0,1,65,82,-0.5
grid16,125,0,2,65,83,0.0
grid16,125,1,0,82,65,-0.5
grid16,125,1,1,82,82,1.0
grid16,125,1,2,82,83,-0.5
grid16,125,2,0,83,65,0.0
grid16,125,2,1,83,82,-0.5
grid16,125,2,2,83,83,0.5
grid16,126,0,0,66,66,0.5
grid16,126,0,1,66,67,-0.5
grid16,126,0,2,66,84,0.0
grid16,126,1,0,67,66,-0.5
grid16,126,1,1,67,67,1.0
grid16,126,1,2,67,84,-0.5
grid16,126,2,0,84,66,0.0
grid16,126,2,1,84,67,-0.5
grid16,126,2,2,84,84,0.5
grid16,127,0,0,66,66,0.5
grid16,127,0,1,66,83,-0.5
grid16,127,0,2,66,84,0.0
grid16,127,1,0,83,66,-0.5
grid16,127,1,1,83,83,1.0
grid16,127,1,2,83,84,-0.5
grid16,127,2,0,84,66,0.0
grid16,127,2,1,84,83,-0.5
grid16,127,2,2,84,84,0.5
grid16,128,0,0,68,68,0.5
grid16,128,0,1,68,69,-0.5
grid16,128,0,2,68,86,0.0
grid16,128,1,0,69,68,-0.5
grid16,128,1,1,69,69,1.0
grid16,128,1,2,69,86,-0.5
grid16,128,2,0,86,68,0.0
grid16,128,2,1,86,69,-0.5
grid16,128,2,2,86,86,0.5
grid16,129,0,0,68,68,0.5
grid16,129,0,1,68,85,-0.5
grid16,129,0,2,68,86,0.0
grid16,129,1,0,85,68,-0.5
grid16,129,1,1,85,85,1.0
grid16,129,1,2,85,86,-0.5
grid16,129,2,0,86,68,0.0
grid16,129,2,1,86,85,-0.5
grid16,129,2,2,86,86,0.5
grid16,130,0,0,69,69,0.5
grid16,130,0,1,69,70,-0.5
grid16,130,0,2,69,87,0.0
grid16,130,1,0,70,69,-0.5
grid16,130,1,1,70,70,1.0
grid16,130,1,2,70,87,-0.5
grid16,130,2,0,87,69,0.0
grid16,130,2,1,87,70,-0.5
grid16,130,2,2,87,87,0.5
grid16,131,0,0,69,69,0.5
grid16,131,0,1,69,86,-0.5
grid16,131,0,2,69,87,0.0
grid16,131,1,0,86,69,-0.5
grid16,131,1,1,86,86,1.0
grid16,131,1,2,86,87,-0.5
grid16,131,2,0,87,69,0.0
grid16,131,2,1,87,86,-0.5
grid16,131,2,2,87,87,0.5
grid16,132,0,0,70,70,0.5
grid16,132,0,1,70,71,-0.5
grid16,132,0,2,70,88,0.0
grid16,132,1,0,71,70,-0.5
grid16,132,1,1,71,71,1.0
grid16,132,1,2,71,88,-0.5
grid16,132,2,0,88,70,0.0
grid16,132,2,1,88,71,-0.5
grid16,132,2,2,88,88,0.5
grid16,133,0,0,70,70,0.5
grid16,133,0,1,70,87,-0.5
grid16,133,0,2,70,88,0.0
grid16,133,1,0,87,70,-0.5
grid16,133,1,1,87,87,1.0
grid16,133,1,2,87,88,-0.5
grid16,133,2,0,88,70,0.0
grid16,133,2,1,88,87,-0.5
grid16,133,2,2,88,88,0.5
grid16,134,0,0,71,71,0.5
grid16,134,0,1,71,72,-0.5
grid16,134,0,2,71,89,0.0
grid16,134,1,0,72,71,-0.5
grid16,134,1,1,72,72,1.0
grid16,134,1,2,72,89,-0.5
grid16,134,2,0,89,71,0.0
grid16,134,2,1,89,72,-0.5
grid16,134,2,2,89,89,0.5
grid16,135,0,0,71,71,0.5
grid16,135,0,1,71,88,-0.5
grid16,135,0,2,71,89,0.0
grid16,135,1,0,88,71,-0.5
grid16,135,1,1,88,88,1.0
grid16,135,1,2,88,89,-0.5
grid16,135,2,0,89,71,0.0
grid16,135,2,1,89,88,-0.5
grid16,135,2,2,89,89,0.5
grid16,136,0,0,72,72,0.5
grid16,136,0,1,72,73,-0.5
grid16,136,0,2,72,90,0.0
grid16,136,1,0,73,72,-0.5
grid16,136,1,1,73,73,1.0
grid16,136,1,2,73,90,-0.5
grid16,136,2,0,90,72,0.0
grid16,136,2,1,90,73,-0.5
grid16,136,2,2,90,90,0.5
grid16,137,0,0,72,72,0.5
grid16,137,0,1,72,89,-0.5
grid16,137,0,2,72,90,0.0
grid16,137,1,0,89,72,-0.5
grid16,137,1,1,89,89,1.0
grid16,137,1,2,89,90,-0.5
grid16,137,2,0,90,72,0.0
grid16,137,2,1,90,89,-0.5
grid16,137,2,2,90,90,0.5
grid16,138,0,0,73,73,0.5
grid16,138,0,1,73,74,-0.5
grid16,138,0,2,73,91,0.0
grid16,138,1,0,74,73,-0.5
grid16,138,1,1,74,74,1.0
grid16,138,1,2,74,91,-0.5
grid16,138,2,0,91,73,0.0
grid16,138,2,1,91,74,-0.5
grid16,138,2,2,91,91,0.5
grid16,139,0,0,73,73,0.5
grid16,139,0,1,73,90,-0.5
grid16,139,0,2,73,91,0.0
grid16,139,1,0,90,73,-0.5
grid16,139,1,1,90,90,1.0
grid16,139,1,2,90,91,-0.5
grid16,139,2,0,91,73,0.0
grid16,139,2,1,91,90,-0.5
grid16,139,2,2,91,91,0.5
grid16,140,0,0,74,74,0.5
grid16,140,0,1,74,75,-0.5
grid16,140,0,2,74,92,0.0
grid16,140,1,0,75,74,-0.5
grid16,140,1,1,75,75,1.0
grid16,140,1,2,75,92,-0.5
grid16,140,2,0,92,74,0.0
grid16,140,2,1,92,75,-0.5
grid16,140,2,2,92,92,0.5
grid16,141,0,0,74,74,0.5
grid16,141,0,1,74,91,-0.5
grid16,141,0,2,74,92,0.0
grid16,141,1,0,91,74,-0.5
grid16,141,1,1,91,91,1.0
grid16,141,1,2,91,92,-0.5
grid16,141,2,0,92,74,0.0
grid16,141,2,1,92,91,-0.5
grid16,141,2,2,92,92,0.5
grid16,142,0,0,75,75,0.5
grid16,142,0,1,75,76,-0.5
grid16,142,0,2,75,93,0.0
grid16,142,1,0,76,75,-0.5
grid16,142,1,1,76,76,1.0
grid16,142,1,2,76,93,-0.5
grid16,142,2,0,93,75,0.0
grid16,142,2,1,93,76,-0.5
grid16,142,2,2,93,93,0.5
grid16,143,0,0,75,75,0.5
grid16,143,0,1,75,92,-0.5
grid16,143,0,2,75,93,0.0
grid16,143,1,0,92,75,-0.5
grid16,143,1,1,92,92,1.0
grid16,143,1,2,92,93,-0.5
grid16,143,2,0,93,75,0.0
grid16,143,2,1,93,92,-0.5
grid16,143,2,2,93,93,0.5
grid16,144,0,0,76,76,0.5
grid16,144,0,1,76,77,-0.5
grid16,144,0,2,76,94,0.0
grid16,144,1,0,77,76,-0.5
grid16,144,1,1,77,77,1.0
grid16,144,1,2,77,94,-0.5
grid16,144,2,0,94,76,0.0
grid16,144,2,1,94,77,-0.5
grid16,144,2,2,94,94,0.5
grid16,145,0,0,76,76,0.5
grid16,145,0,1,76,93,-0.5
grid16,145,0,2,76,94,0.0
grid16,145,1,0,93,76,-0.5
grid16,145,1,1,93,93,1.0
grid16,145,1,2,93,94,-0.5
grid16,145,2,0,94,76,0.0
grid16,145,2,1,94,93,-0.5
grid16,145,2,2,94,94,0.5
grid16,146,0,0,77,77,0.5
grid16,146,0,1,77,78,-0.5
grid16,146,0,2,77,95,0.0
grid16,146,1,0,78,77,-0.5
grid16,146,1,1,78,78,1.0
grid16,146,1,2,78,95,-0.5
grid16,146,2,0,95,77,0.0
grid16,146,2,1,95,78,-0.5
grid16,146,2,2,95,95,0.5
grid16,147,0,0,77,77,0.5
grid16,147,0,1,77,94,-0.5
grid16,147,0,2,77,95,0.0
grid16,147,1,0,94,77,-0.5
grid16,147,1,1,94,94,1.0
grid16,147,1,2,94,95,-0.5
grid16,147,2,0,95,77,0.0
grid16,147,2,1,95,94,-0.5
grid16,147,2,2,95,95,0.5
grid16,148,0,0,78,78,0.5
grid16,148,0,1,78,79,-0.5
grid16,148,0,2,78,96,0.0
grid16,148,1,0,79,78,-0.5
grid16,148,1,1,79,79,1.0
grid16,148,1,2,79,96,-0.5
grid16,148,2,0,96,78,0.0
grid16,148,2,1,96,79,-0.5
grid16,148,2,2,96,96,0.5
grid16,149,0,0,78,78,0.5
grid16,149,0,1,78,95,-0.5
grid16,149,0,2,78,96,0.0
grid16,149,1,0,95,78,-0.5
grid16,149,1,1,95,95,1.0
grid16,149,1,2,95,96,-0.5
grid16,149,2,0,96,78,0.0
grid16,149,2,1,96,95,-0.5
grid16,149,2,2,96,96,0.5
grid16,150,0,0,79,79,0.5
grid16,150,0,1,79,80,-0.5
grid16,150,0,2,79,97,0.0
grid16,150,1,0,80,79,-0.5
grid16,150,1,1,80,80,1.0
grid16,150,1,2,80,97,-0.5
grid16,150,2,0,97,79,0.0
grid16,150,2,1,97,80,-0.5
grid16,150,2,2,97,97,0.5
grid16,151,0,0,79,79,0.5
grid16,151,0,1,79,96,-0.5
grid16,151,0,2,79,97,0.0
grid16,151,1,0,96,79,-0.5
grid16,151,1,1,96,96,1.0
grid16,151,1,2,96,97,-0.5
grid16,151,2,0,97,79,0.0
grid16,151,2,1,97,96,-0.5
grid16,151,2,2,97,97,0.5
grid16,152,0,0,80,80,0.5
grid16,152,0,1,80,81,-0.5
grid16,152,0,2,80,98,0.0
grid16,152,1,0,81,80,-0.5
grid16,152,1,1,81,81,1.0
grid16,152,1,2,81,98,-0.5
grid16,152,2,0,98,80,0.0
grid16,152,2,1,98,81,-0.5
grid16,152,2,2,98,98,0.5
grid16,153,0,0,80,80,0.5
grid16,153,0,1,80,97,-0.5
grid16,153,0,2,80,98,0.0
grid16,153,1,0,97,80,-0.5
grid16,153,1,1,97,97,1.0
grid16,153,1,2,97,98,-0.5
grid16,153,2,0,98,80,0.0
grid16,153,2,1,98,97,-0.5
grid16,153,2,2,98,98,0.5
grid16,154,0,0,81,81,0.5
grid16,154,0,1,81,82,-0.5
grid16,154,0,2,81,99,0.0
grid16,154,1,0,82,81,-0.5
grid16,154,1,1,82,82,1.0
grid16,154,1,2,82,99,-0.5
grid16,154,2,0,99,81,0.0
grid16,154,2,1,99,82,-0.5
grid16,154,2,2,99,99,0.5
grid16,155,0,0,81,81,0.5
grid16,155,0,1,81,98,-0.5
grid16,155,0,2,81,99,0.0
grid16,155,1,0,98,81,-0.5
grid16,155,1,1,98,98,1.0
grid16,155,1,2,98,99,-0.5
grid16,155,2,0,99,81,0.0
grid16,155,2,1,99,98,-0.5
grid16,155,2,2,99,99,0.5
grid16,156,0,0,82,82,0.5
grid16,156,0,1,82,83,-0.5
grid16,156,0,2,82,100,0.0
grid16,156,1,0,83,82,-0.5
grid16,156,1,1,83,83,1.0
grid16,156,1,2,83,100,-0.5
grid16,156,2,0,100,82,0.0
grid16,156,2,1,100,83,-0.5
grid16,156,2,2,100,100,0.5
grid16,157,0,0,82,82,0.5
grid16,157,0,1,82,99,-0.5
grid16,157,0,2,82,100,0.0
grid16,157,1,0,99,82,-0.5
grid16,157,1,1,99,99,1.0
grid16,157,1,2,99,100,-0.5
grid16,157,2,0,100,82,0.0
grid16,157,2,1,100,99,-0.5
grid16,157,2,2,100,100,0.5
grid16,158,0,0,83,83,0.5
grid16,158,0,1,83,84,-0.5
grid16,158,0,2,83,101,0.0
grid16,158,1,0,84,83,-0.5
grid16,158,1,1,84,84,1.0
grid16,158,1,2,84,101,-0.5
grid16,158,2,0,101,83,0.0
grid16,158,2,1,101,84,-0.5
grid16,158,2,2,101,101,0.5
grid16,159,0,0,83,83,0.5
grid16,159,0,1,83,100,-0.5
grid16,159,0,2,83,101,0.0
grid16,159,1,0,100,83,-0.5
grid16,159,1,1,100,100,1.0
grid16,159,1,2,100,101,-0.5
grid16,159,2,0,101,83,0.0
grid16,159,2,1,101,100,-0.5
grid16,159,2,2,101,101,0.5
grid16,160,0,0,85,85,0.5
grid16,160,0,1,85,86,-0.5
grid16,160,0,2,85,103,0.0
grid16,160,1,0,86,85,-0.5
grid16,160,1,1,86,86,1.0
grid16,160,1,2,86,103,-0.5
grid16,160,2,0,103,85,0.0
grid16,160,2,1,103,86,-0.5
grid16,160,2,2,103,103,0.5
grid16,161,0,0,85,85,0.5
grid16,161,0,1,85,102,-0.5
grid16,161,0,2,85,103,0.0
grid16,161,1,0,102,85,-0.5
grid16,161,1,1,102,102,1.0
grid16,161,1,2,102,103,-0.5
grid16,161,2,0,103,85,0.0
grid16,161,2,1,103,102,-0.5
grid16,161,2,2,103,103,0.5
grid16,162,0,0,86,86,0.5
grid16,162,0,1,86,87,-0.5
grid16,162,0,2,86,104,0.0
grid16,162,1,0,87,86,-0.5
grid16,162,1,1,87,87,1.0
grid16,162,1,2,87,104,-0.5
grid16,162,2,0,104,86,0.0
grid16,162,2,1,104,87,-0.5
grid16,162,2,2,104,104,0.5
grid16,163,0,0,86,86,0.5
grid16,163,0,1,86,103,-0.5
grid16,163,0,2,86,104,0.0
grid16,163,1,0,103,86,-0.5
grid16,163,1,1,103,103,1.0
grid16,163,1,2,103,104,-0.5
grid16,163,2,0,104,86,0.0
grid16,163,2,1,104,103,-0.5
grid16,163,2,2,104,104,0.5
grid16,164,0,0,87,87,0.5
grid16,164,0,1,87,88,-0.5
grid16,164,0,2,87,105,0.0
grid16,164,1,0,88,87,-0.5
grid16,164,1,1,88,88,1.0
grid16,164,1,2,88,105,-0.5
grid16,164,2,0,105,87,0.0
grid16,164,2,1,105,88,-0.5
grid16,164,2,2,105,105,0.5
grid16,165,0,0,87,87,0.5
grid16,165,0,1,87,104,-0.5
grid16,165,0,2,87,105,0.0
grid16,165,1,0,104,87,-0.5
grid16,165,1,1,104,104,1.0
grid16,165,1,2,104,105,-0.5
grid16,165,2,0,105,87,0.0
grid16,165,2,1,105,104,-0.5
grid16,165,2,2,105,105,0.5
grid16,166,0,0,88,88,0.5
grid16,166,0,1,88,89,-0.5
grid16,166,0,2,88,106,0.0
grid16,166,1,0,89,88,-0.5
grid16,166,1,1,89,89,1.0
grid16,166,1,2,89,106,-0.5
grid16,166,2,0,106,88,0.0
grid16,166,2,1,106,89,-0.5
grid16,166,2,2,106,106,0.5
grid16,167,0,0,88,88,0.5
grid16,167,0,1,88,105,-0.5
grid16,167,0,2,88,106,0.0
grid16,167,1,0,105,88,-0.5
grid16,167,1,1,105,105,1.0
grid16,167,1,2,105,106,-0.5
grid16,167,2,0,106,88,0.0
grid16,167,2,1,106,105,-0.5
grid16,167,2,2,106,106,0.5
grid16,168,0,0,89,89,0.5
grid16,168,0,1,89,90,-0.5
grid16,168,0,2,89,107,0.0
grid16,168,1,0,90,89,-0.5
grid16,168,1,1,90,90,1.0
grid16,168,1,2,90,107,-0.5
grid16,168,2,0,107,89,0.0
grid16,168,2,1,107,90,-0.5
grid16,168,2,2,107,107,0.5
grid16,169,0,0,89,89,0.5
grid16,169,0,1,89,106,-0.5
grid16,169,0,2,89,107,0.0
grid16,169,1,0,106,89,-0.5
grid16,169,1,1,106,106,1.0
grid16,169,1,2,106,107,-0.5
grid16,169,2,0,107,89,0.0
grid16,169,2,1,107,106,-0.5
grid16,169,2,2,107,107,0.5
grid16,170,0,0,90,90,0.5
grid16,170,0,1,90,91,-0.5
grid16,170,0,2,90,108,0.0
grid16,170,1,0,91,90,-0.5
grid16,170,1,1,91,91,1.0
grid16,170,1,2,91,108,-0.5
grid16,170,2,0,108,90,0.0
grid16,170,2,1,108,91,-0.5
grid16,170,2,2,108,108,0.5
grid16,171,0,0,90,90,0.5
grid16,171,0,1,90,107,-0.5
grid16,171,0,2,90,108,0.0
grid16,171,1,0,107,90,-0.5
grid16,171,1,1,107,107,1.0
grid16,171,1,2,107,108,-0.5
grid16,171,2,0,108,90,0.0
grid16,171,2,1,108,107,-0.5
grid16,171,2,2,108,108,0.5
grid16,172,0,0,91,91,0.5
grid16,172,0,1,91,92,-0.5
grid16,172,0,2,91,109,0.0
grid16,172,1,0,92,91,-0.5
grid16,172,1,1,92,92,1.0
grid16,172,1,2,92,109,-0.5
grid16,172,2,0,109,91,0.0
grid16,172,2,1,109,92,-0.5
grid16,172,2,2,109,109,0.5
grid16,173,0,0,91,91,0.5
grid16,173,0,1,91,108,-0.5
grid16,173,0,2,91,109,0.0
grid16,173,1,0,108,91,-0.5
grid16,173,1,1,108,108,1.0
grid16,173,1,2,108,109,-0.5
grid16,173,2,0,109,91,0.0
grid16,173,2,1,109,108,-0.5
grid16,173,2,2,109,109,0.5
grid16,174,0,0,92,92,0.5
grid16,174,0,1,92,93,-0.5
grid16,174,0,2,92,110,0.0
grid16,174,1,0,93,92,-0.5
grid16,174,1,1,93,93,1.0
grid16,174,1,2,93,110,-0.5
grid16,174,2,0,110,92,0.0
grid16,174,2,1,110,93,-0.5
grid16,174,2,2,110,110,0.5
grid16,175,0,0,92,92,0.5
grid16,175,0,1,92,109,-0.5
grid16,175,0,2,92,110,0.0
grid16,175,1,0,109,92,-0.5
grid16,175,1,1,109,109,1.0
grid16,175,1,2,109,110,-0.5
grid16,175,2,0,110,92,0.0
grid16,175,2,1,110,109,-0.5
grid16,175,2,2,110,110,0.5
grid16,176,0,0,93,93,0.5
grid16,176,0,1,93,94,-0.5
grid16,176,0,2,93,111,0.0
grid16,176,1,0,94,93,-0.5
grid16,176,1,1,94,94,1.0
grid16,176,1,2,94,111,-0.5
grid16,176,2,0,111,93,0.0
grid16,176,2,1,111,94,-0.5
grid16,176,2,2,111,111,0.5
grid16,177,0,0,93,93,0.5
grid16,177,0,1,93,110,-0.5
grid16,177,0,2,93,111,0.0
grid16,177,1,0,110,93,-0.5
grid16,177,1,1,110,110,1.0
grid16,177,1,2,110,111,-0.5
grid16,177,2,0,111,93,0.0
grid16,177,2,1,111,110,-0.5
grid16,177,2,2,111,111,0.5
grid16,178,0,0,94,94,0.5
grid16,178,0,1,94,95,-0.5
grid16,178,0,2,94,112,0.0
grid16,178,1,0,95,94,-0.5
grid16,178,1,1,95,95,1.0
grid16,178,1,2,95,112,-0.5
grid16,178,2,0,112,94,0.0
grid16,178,2,1,112,95,-0.5
grid16,178,2,2,112,112,0.5
grid16,179,0,0,94,94,0.5
grid16,179,0,1,94,111,-0.5
grid16,179,0,2,94,112,0.0
grid16,179,1,0,111,94,-0.5
grid16,179,1,1,111,111,1.0
grid16,179,1,2,111,112,-0.5
grid16,179,2,0,112,94,0.0
grid16,179,2,1,112,111,-0.5
grid16,179,2,2,112,112,0.5
grid16,180,0,0,95,95,0.5
grid16,180,0,1,95,96,-0.5
grid16,180,0,2,95,113,0.0
grid16,180,1,0,96,95,-0.5
grid16,180,1,1,96,96,1.0
grid16,180,1,2,96,113,-0.5
grid16,180,2,0,113,95,0.0
grid16,180,2,1,113,96,-0.5
grid16,180,2,2,113,113,0.5
grid16,181,0,0,95,95,0.5
grid16,181,0,1,95,112,-0.5
grid16,181,0,2,95,113,0.0
grid16,181,1,0,112,95,-0.5
grid16,181,1,1,112,112,1.0
grid16,181,1,2,112,113,-0.5
grid16,181,2,0,113,95,0.0
grid16,181,2,1,113,112,-0.5
grid16,181,2,2,113,113,0.5
grid16,182,0,0,96,96,0.5
grid16,182,0,1,96,97,-0.5
grid16,182,0,2,96,114,0.0
grid16,182,1,0,97,96,-0.5
grid16,182,1,1,97,97,1.0
grid16,182,1,2,97,114,-0.5
grid16,182,2,0,114,96,0.0
grid16,182,2,1,114,97,-0.5
grid16,182,2,2,114,114,0.5
grid16,183,0,0,96,96,0.5
grid16,183,0,1,96,113,-0.5
grid16,183,0,2,96,114,0.0
grid16,183,1,0,113,96,-0.5
grid16,183,1,1,113,113,1.0
grid16,183,1,2,113,114,-0.5
grid16,183,2,0,114,96,0.0
grid16,183,2,1,114,113,-0.5
grid16,183,2,2,114,114,0.5
grid16,184,0,0,97,97,0.5
grid16,184,0,1,97,98,-0.5
grid16,184,0,2,97,115,0.0
grid16,184,1,0,98,97,-0.5
grid16,184,1,1,98,98,1.0
grid16,184,1,2,98,115,-0.5
grid16,184,2,0,115,97,0.0
grid16,184,2,1,115,98,-0.5
grid16,184,2,2,115,115,0.5
grid16,185,0,0,97,97,0.5
grid16,185,0,1,97,114,-0.5
grid16,185,0,2,97,115,0.0
grid16,185,1,0,114,97,-0.5
grid16,185,1,1,114,114,1.0
grid16,185,1,2,114,115,-0.5
grid16,185,2,0,115,97,0.0
grid16,185,2,1,115,114,-0.5
grid16,185,2,2,115,115,0.5
grid16,186,0,0,98,98,0.5
grid16,186,0,1,98,99,-0.5
grid16,186,0,2,98,116,0.0
grid16,186,1,0,99,98,-0.5
grid16,186,1,1,99,99,1.0
grid16,186,1,2,99,116,-0.5
grid16,186,2,0,116,98,0.0
grid16,186,2,1,116,99,-0.5
grid16,186,2,2,116,116,0.5
grid16,187,0,0,98,98,0.5
grid16,187,0,1,98,115,-0.5
grid16,187,0,2,98,116,0.0
grid16,187,1,0,115,98,-0.5
grid16,187,1,1,115,115,1.0
grid16,187,1,2,115,116,-0.5
grid16,187,2,0,116,98,0.0
grid16,187,2,1,116,115,-0.5
grid16,187,2,2,116,116,0.5
grid16,188,0,0,99,99,0.5
grid16,188,0,1,99,100,-0.5
grid16,188,0,2,99,117,0.0
grid16,188,1,0,100,99,-0.5
grid16,188,1,1,100,100,1.0
grid16,188,1,2,100,117,-0.5
grid16,188,2,0,117,99,0.0
grid16,188,2,1,117,100,-0.5
grid16,188,2,2,117,117,0.5
grid16,189,0,0,99,99,0.5
grid16,189,0,1,99,116,-0.5
grid16,189,0,2,99,117,0.0
grid16,189,1,0,116,99,-0.5
grid16,189,1,1,116,116,1.0
grid16,189,1,2,116,117,-0.5
grid16,189,2,0,117,99,0.0
grid16,189,2,1,117,116,-0.5
grid16,189,2,2,117,117,0.5
grid16,190,0,0,100,100,0.5
grid16,190,0,1,100,101,-0.5
grid16,190,0,2,100,118,0.0
grid16,190,1,0,101,100,-0.5
grid16,190,1,1,101,101,1.0
grid16,190,1,2,101,118,-0.5
grid16,190,2,0,118,100,0.0
grid16,190,2,1,118,101,-0.5
grid16,190,2,2,118,118,0.5
grid16,191,0,0,100,100,0.5
grid16,191,0,1,100,117,-0.5
grid16,191,0,2,100,118,0.0
grid16,191,1,0,117,100,-0.5
grid16,191,1,1,117,117,1.0
grid16,191,1,2,117,118,-0.5
grid16,191,2,0,118,100,0.0
grid16,191,2,1,118,117,-0.5
grid16,191,2,2,118,118,0.5
grid16,192,0,0,102,102,0.5
grid16,192,0,1,102,103,-0.5
grid16,192,0,2,102,120,0.0
grid16,192,1,0,103,102,-0.5
grid16,192,1,1,103,103,1.0
grid16,192,1,2,103,120,-0.5
grid16,192,2,0,120,102,0.0
grid16,192,2,1,120,103,-0.5
grid16,192,2,2,120,120,0.5
grid16,193,0,0,102,102,0.5
grid16,193,0,1,102,119,-0.5
grid16,193,0,2,102,120,0.0
grid16,193,1,0,119,102,-0.5
grid16,193,1,1,119,119,1.0
grid16,193,1,2,119,120,-0.5
grid16,193,2,0,120,102,0.0
grid16,193,2,1,120,119,-0.5
grid16,193,2,2,120,120,0.5
grid16,194,0,0,103,103,0.5
grid16,194,0,1,103,104,-0.5
grid16,194,0,2,103,121,0.0
grid16,194,1,0,104,103,-0.5
grid16,194,1,1,104,104,1.0
grid16,194,1,2,104,121,-0.5
grid16,194,2,0,121,103,0.0
grid16,194,2,1,121,104,-0.5
grid16,194,2,2,121,121,0.5
grid16,195,0,0,103,103,0.5
grid16,195,0,1,103,120,-0.5
grid16,195,0,2,103,121,0.0
grid16,195,1,0,120,103,-0.5
grid16,195,1,1,120,120,1.0
grid16,195,1,2,120,121,-0.5
grid16,195,2,0,121,103,0.0
grid16,195,2,1,121,120,-0.5
grid16,195,2,2,121,121,0.5
grid16,196,0,0,104,104,0.5
grid16,196,0,1,104,105,-0.5
grid16,196,0,2,104,122,0.0
grid16,196,1,0,105,104,-0.5
grid16,196,1,1,105,105,1.0
grid16,196,1,2,105,122,-0.5
grid16,196,2,0,122,104,0.0
grid16,196,2,1,122,105,-0.5
grid16,196,2,2,122,122,0.5
grid16,197,0,0,104,104,0.5
grid16,197,0,1,104,121,-0.5
grid16,197,0,2,104,122,0.0
grid16,197,1,0,121,104,-0.5
grid16,197,1,1,121,121,1.0
grid16,197,1,2,121,122,-0.5
grid16,197,2,0,122,104,0.0
grid16,197,2,1,122,121,-0.5
grid16,197,2,2,122,122,0.5
grid16,198,0,0,105,105,0.5
grid16,198,0,1,105,106,-0.5
grid16,198,0,2,105,123,0.0
grid16,198,1,0,106,105,-0.5
grid16,198,1,1,106,106,1.0
grid16,198,1,2,106,123,-0.5
grid16,198,2,0,123,105,0.0
grid16,198,2,1,123,106,-0.5
grid16,198,2,2,123,123,0.5
grid16,199,0,0,105,105,0.5
grid16,199,0,1,105,122,-0.5
grid16,199,0,2,105,123,0.0
grid16,199,1,0,122,105,-0.5
grid16,199,1,1,122,122,1.0
grid16,199,1,2,122,123,-0.5
grid16,199,2,0,123,105,0.0
grid16,199,2,1,123,122,-0.5
grid16,199,2,2,123,123,0.5
grid16,200,0,0,106,106,0.5
grid16,200,0,1,106,107,-0.5
grid16,200,0,2,106,124,0.0
grid16,200,1,0,107,106,-0.5
grid16,200,1,1,107,107,1.0
grid16,200,1,2,107,124,-0.5
grid16,200,2,0,124,106,0.0
grid16,200,2,1,124,107,-0.5
grid16,200,2,2,124,124,0.5
grid16,201,0,0,106,106,0.5
grid16,201,0,1,106,123,-0.5
grid16,201,0,2,106,124,0.0
grid16,201,1,0,123,106,-0.5
grid16,201,1,1,123,123,1.0
grid16,201,1,2,123,124,-0.5
grid16,201,2,0,124,106,0.0
grid16,201,2,1,124,123,-0.5
grid16,201,2,2,124,124,0.5
grid16,202,0,0,107,107,0.5
grid16,202,0,1,107,108,-0.5
grid16,202,0,2,107,125,0.0
grid16,202,1,0,108,107,-0.5
grid16,202,1,1,108,108,1.0
grid16,202,1,2,108,125,-0.5
grid16,202,2,0,125,107,0.0
grid16,202,2,1,125,108,-0.5
grid16,202,2,2,125,125,0.5
grid16,203,0,0,107,107,0.5
grid16,203,0,1,107,124,-0.5
grid16,203,0,2,107,125,0.0
grid16,203,1,0,124,107,-0.5
grid16,203,1,1,124,124,1.0
grid16,203,1,2,124,125,-0.5
grid16,203,2,0,125,107,0.0
grid16,203,2,1,125,124,-0.5
grid16,203,2,2,125,125,0.5
grid16,204,0,0,108,108,0.5
grid16,204,0,1,108,109,-0.5
grid16,204,0,2,108,126,0.0
grid16,204,1,0,109,108,-0.5
grid16,204,1,1,109,109,1.0
grid16,204,1,2,109,126,-0.5
grid16,204,2,0,126,108,0.0
grid16,204,2,1,126,109,-0.5
grid16,204,2,2,126,126,0.5
grid16,205,0,0,108,108,0.5
grid16,205,0,1,108,125,-0.5
grid16,205,0,2,108,126,0.0
grid16,205,1,0,125,108,-0.5
grid16,205,1,1,125,125,1.0
grid16,205,1,2,125,126,-0.5
grid16,205,2,0,126,108,0.0
grid16,205,2,1,126,125,-0.5
grid16,205,2,2,126,126,0.5
grid16,206,0,0,109,109,0.5
grid16,206,0,1,109,110,-0.5
grid16,206,0,2,109,127,0.0
grid16,206,1,0,110,109,-0.5
grid16,206,1,1,110,110,1.0
grid16,206,1,2,110,127,-0.5
grid16,206,2,0,127,109,0.0
grid16,206,2,1,127,110,-0.5
grid16,206,2,2,127,127,0.5
grid16,207,0,0,109,109,0.5
grid16,207,0,1,109,126,-0.5
grid16,207,0,2,109,127,0.0
grid16,207,1,0,126,109,-0.5
grid16,207,1,1,126,126,1.0
grid16,207,1,2,126,127,-0.5
grid16,207,2,0,127,109,0.0
grid16,207,2,1,127,126,-0.5
grid16,207,2,2,127,127,0.5
grid16,208,0,0,110,110,0.5
grid16,208,0,1,110,111,-0.5
grid16,208,0,2,110,128,0.0
grid16,208,1,0,111,110,-0.5
grid16,208,1,1,111,111,1.0
grid16,208,1,2,111,128,-0.5
grid16,208,2,0,128,110,0.0
grid16,208,2,1,128,111,-0.5
grid16,208,2,2,128,128,0.5
grid16,209,0,0,110,110,0.5
grid16,209,0,1,110,127,-0.5
grid16,209,0,2,110,128,0.0
grid16,209,1,0,127,110,-0.5
grid16,209,1,1,127,127,1.0
grid16,209,1,2,127,128,-0.5
grid16,209,2,0,128,110,0.0
grid16,209,2,1,128,127,-0.5
grid16,209,2,2,128,128,0.5
grid16,210,0,0,111,111,0.5
grid16,210,0,1,111,112,-0.5
grid16,210,0,2,111,129,0.0
grid16,210,1,0,112,111,-0.5
grid16,210,1,1,112,112,1.0
grid16,210,1,2,112,129,-0.5
grid16,210,2,0,129,111,0.0
grid16,210,2,1,129,112,-0.5
grid16,210,2,2,129,129,0.5
grid16,211,0,0,111,111,0.5
grid16,211,0,1,111,128,-0.5
grid16,211,0,2,111,129,0.0
grid16,211,1,0,128,111,-0.5
grid16,211,1,1,128,128,1.0
grid16,211,1,2,128,129,-0.5
grid16,211,2,0,129,111,0.0
grid16,211,2,1,129,128,-0.5
grid16,211,2,2,129,129,0.5
grid16,212,0,0,112,112,0.5
grid16,212,0,1,112,113,-0.5
grid16,212,0,2,112,130,0.0
grid16,212,1,0,113,112,-0.5
grid16,212,1,1,113,113,1.0
grid16,212,1,2,113,130,-0.5
grid16,212,2,0,130,112,0.0
grid16,212,2,1,130,113,-0.5
grid16,212,2,2,130,130,0.5
grid16,213,0,0,112,112,0.5
grid16,213,0,1,112,129,-0.5
grid16,213,0,2,112,130,0.0
grid16,213,1,0,129,112,-0.5
grid16,213,1,1,129,129,1.0
grid16,213,1,2,129,130,-0.5
grid16,213,2,0,130,112,0.0
grid16,213,2,1,130,129,-0.5
grid16,213,2,2,130,130,0.5
grid16,214,0,0,113,113,0.5
grid16,214,0,1,113,114,-0.5
grid16,214,0,2,113,131,0.0
grid16,214,1,0,114,113,-0.5
grid16,214,1,1,114,114,1.0
grid16,214,1,2,114,131,-0.5
grid16,214,2,0,131,113,0.0
grid16,214,2,1,131,114,-0.5
grid16,214,2,2,131,131,0.5
grid16,215,0,0,113,113,0.5
grid16,215,0,1,113,130,-0.5
grid16,215,0,2,113,131,0.0
grid16,215,1,0,130,113,-0.5
grid16,215,1,1,130,130,1.0
grid16,215,1,2,130,131,-0.5
grid16,215,2,0,131,113,0.0
grid16,215,2,1,131,130,-0.5
grid16,215,2,2,131,131,0.5
grid16,216,0,0,114,114,0.5
grid16,216,0,1,114,115,-0.5
grid16,216,0,2,114,132,0.0
grid16,216,1,0,115,114,-0.5
grid16,216,1,1,115,115,1.0
grid16,216,1,2,115,132,-0.5
grid16,216,2,0,132,114,0.0
grid16,216,2,1,132,115,-0.5
grid16,216,2,2,132,132,0.5
grid16,217,0,0,114,114,0.5
grid16,217,0,1,114,131,-0.5
grid16,217,0,2,114,132,0.0
grid16,217,1,0,131,114,-0.5
grid16,217,1,1,131,131,1.0
grid16,217,1,2,131,132,-0.5
grid16,217,2,0,132,114,0.0
grid16,217,2,1,132,131,-0.5
grid16,217,2,2,132,132,0.5
grid16,218,0,0,115,115,0.5
grid16,218,0,1,115,116,-0.5
grid16,218,0,2,115,133,0.0
grid16,218,1,0,116,115,-0.5
grid16,218,1,1,116,116,1.0
grid16,218,1,2,116,133,-0.5
grid16,218,2,0,133,115,0.0
grid16,218,2,1,133,116,-0.5
grid16,218,2,2,133,133,0.5
grid16,219,0,0,115,115,0.5
grid16,219,0,1,115,132,-0.5
grid16,219,0,2,115,133,0.0
grid16,219,1,0,132,115,-0.5
grid16,219,1,1,132,132,1.0
grid16,219,1,2,132,133,-0.5
grid16,219,2,0,133,115,0.0
grid16,219,2,1,133,132,-0.5
grid16,219,2,2,133,133,0.5
grid16,220,0,0,116,116,0.5
grid16,220,0,1,116,117,-0.5
grid16,220,0,2,116,134,0.0
grid16,220,1,0,117,116,-0.5
grid16,220,1,1,117,117,1.0
grid16,220,1,2,117,134,-0.5
grid16,220,2,0,134,116,0.0
grid16,220,2,1,134,117,-0.5
grid16,220,2,2,134,134,0.5
grid16,221,0,0,116,116,0.5
grid16,221,0,1,116,133,-0.5
grid16,221,0,2,116,134,0.0
grid16,221,1,0,133,116,-0.5
grid16,221,1,1,133,133,1.0
grid16,221,1,2,133,134,-0.5
grid16,221,2,0,134,116,0.0
grid16,221,2,1,134,133,-0.5
grid16,221,2,2,134,134,0.5
grid16,222,0,0,117,117,0.5
grid16,222,0,1,117,118,-0.5
grid16,222,0,2,117,135,0.0
grid16,222,1,0,118,117,-0.5
grid16,222,1,1,118,118,1.0
grid16,222,1,2,118,135,-0.5
grid16,222,2,0,135,117,0.0
grid16,222,2,1,135,118,-0.5
grid16,222,2,2,135,135,0.5
grid16,223,0,0,117,117,0.5
grid16,223,0,1,117,134,-0.5
grid16,223,0,2,117,135,0.0
grid16,223,1,0,134,117,-0.5
grid16,223,1,1,134,134,1.0
grid16,223,1,2,134,135,-0.5
grid16,223,2,0,135,117,0.0
grid16,223,2,1,135,134,-0.5
grid16,223,2,2,135,135,0.5
grid16,224,0,0,119,119,0.5
grid16,224,0,1,119,120,-0.5
grid16,224,0,2,119,137,0.0
grid16,224,1,0,120,119,-0.5
grid16,224,1,1,120,120,1.0
grid16,224,1,2,120,137,-0.5
grid16,224,2,0,137,119,0.0
grid16,224,2,1,137,120,-0.5
grid16,224,2,2,137,137,0.5
grid16,225,0,0,119,119,0.5
grid16,225,0,1,119,136,-0.5
grid16,225,0,2,119,137,0.0
grid16,225,1,0,136,119,-0.5
grid16,225,1,1,136,136,1.0
grid16,225,1,2,136,137,-0.5
grid16,225,2,0,137,119,0.0
grid16,225,2,1,137,136,-0.5
grid16,225,2,2,137,137,0.5
grid16,226,0,0,120,120,0.5
grid16,226,0,1,120,121,-0.5
grid16,226,0,2,120,138,0.0
grid16,226,1,0,121,120,-0.5
grid16,226,1,1,121,121,1.0
grid16,226,1,2,121,138,-0.5
grid16,226,2,0,138,120,0.0
grid16,226,2,1,138,121,-0.5
grid16,226,2,2,138,138,0.5
grid16,227,0,0,120,120,0.5
grid16,227,0,1,120,137,-0.5
grid16,227,0,2,120,138,0.0
grid16,227,1,0,137,120,-0.5
grid16,227,1,1,137,137,1.0
grid16,227,1,2,137,138,-0.5
grid16,227,2,0,138,120,0.0
grid16,227,2,1,138,137,-0.5
grid16,227,2,2,138,138,0.5
grid16,228,0,0,121,121,0.5
grid16,228,0,1,121,122,-0.5
grid16,228,0,2,121,139,0.0
grid16,228,1,0,122,121,-0.5
grid16,228,1,1,122,122,1.0
grid16,228,1,2,122,139,-0.5
grid16,228,2,0,139,121,0.0
grid16,228,2,1,139,122,-0.5
grid16,228,2,2,139,139,0.5
grid16,229,0,0,121,121,0.5
grid16,229,0,1,121,138,-0.5
grid16,229,0,2,121,139,0.0
grid16,229,1,0,138,121,-0.5
grid16,229,1,1,138,138,1.0
grid16,229,1,2,138,139,-0.5
grid16,229,2,0,139,121,0.0
grid16,229,2,1,139,138,-0.5
grid16,229,2,2,139,139,0.5
grid16,230,0,0,122,122,0.5
grid16,230,0,1,122,123,-0.5
grid16,230,0,2,122,140,0.0
grid16,230,1,0,123,122,-0.5
grid16,230,1,1,123,123,1.0
grid16,230,1,2,123,140,-0.5
grid16,230,2,0,140,122,0.0
grid16,230,2,1,140,123,-0.5
grid16,230,2,2,140,140,0.5
grid16,231,0,0,122,122,0.5
grid16,231,0,1,122,139,-0.5
grid16,231,0,2,122,140,0.0
grid16,231,1,0,139,122,-0.5
grid16,231,1,1,139,139,1.0
grid16,231,1,2,139,140,-0.5
grid16,231,2,0,140,122,0.0
grid16,231,2,1,140,139,-0.5
grid16,231,2,2,140,140,0.5
grid16,232,0,0,123,123,0.5
grid16,232,0,1,123,124,-0.5
grid16,232,0,2,123,141,0.0
grid16,232,1,0,124,123,-0.5
grid16,232,1,1,124,124,1.0
grid16,232,1,2,124,141,-0.5
grid16,232,2,0,141,123,0.0
grid16,232,2,1,141,124,-0.5
grid16,232,2,2,141,141,0.5
grid16,233,0,0,123,123,0.5
grid16,233,0,1,123,140,-0.5
grid16,233,0,2,123,141,0.0
grid16,233,1,0,140,123,-0.5
grid16,233,1,1,140,140,1.0
grid16,233,1,2,140,141,-0.5
grid16,233,2,0,141,123,0.0
grid16,233,2,1,141,140,-0.5
grid16,233,2,2,141,141,0.5
grid16,234,0,0,124,124,0.5
grid16,234,0,1,124,125,-0.5
grid16,234,0,2,124,142,0.0
grid16,234,1,0,125,124,-0.5
grid16,234,1,1,125,125,1.0
grid16,234,1,2,125,142,-0.5
grid16,234,2,0,142,124,0.0
grid16,234,2,1,142,125,-0.5
grid16,234,2,2,142,142,0.5
grid16,235,0,0,124,124,0.5
grid16,235,0,1,124,141,-0.5
grid16,235,0,2,124,142,0.0
grid16,235,1,0,141,124,-0.5
grid16,235,1,1,141,141,1.0
grid16,235,1,2,141,142,-0.5
grid16,235,2,0,142,124,0.0
grid16,235,2,1,142,141,-0.5
grid16,235,2,2,142,142,0.5
grid16,236,0,0,125,125,0.5
grid16,236,0,1,125,126,-0.5
grid16,236,0,2,125,143,0.0
grid16,236,1,0,126,125,-0.5
grid16,236,1,1,126,126,1.0
grid16,236,1,2,126,143,-0.5
grid16,236,2,0,143,125,0.0
grid16,236,2,1,143,126,-0.5
grid16,236,2,2,143,143,0.5
grid16,237,0,0,125,125,0.5
grid16,237,0,1,125,142,-0.5
grid16,237,0,2,125,143,0.0
grid16,237,1,0,142,125,-0.5
grid16,237,1,1,142,142,1.0
grid16,237,1,2,142,143,-0.5
grid16,237,2,0,143,125,0.0
grid16,237,2,1,143,142,-0.5
grid16,237,2,2,143,143,0.5
grid16,238,0,0,126,126,0.5
grid16,238,0,1,126,127,-0.5
grid16,238,0,2,126,144,0.0
grid16,238,1,0,127,126,-0.5
grid16,238,1,1,127,127,1.0
grid16,238,1,2,127,144,-0.5
grid16,238,2,0,144,126,0.0
grid16,238,2,1,144,127,-0.5
grid16,238,2,2,144,144,0.5
grid16,239,0,0,126,126,0.5
grid16,239,0,1,126,143,-0.5
grid16,239,0,2,126,144,0.0
grid16,239,1,0,143,126,-0.5
grid16,239,1,1,143,143,1.0
grid16,239,1,2,143,144,-0.5
grid16,239,2,0,144,126,0.0
grid16,239,2,1,144,143,-0.5
grid16,239,2,2,144,144,0.5
grid16,240,0,0,127,127,0.5
grid16,240,0,1,127,128,-0.5
grid16,240,0,2,127,145,0.0
grid16,240,1,0,128,127,-0.5
grid16,240,1,1,128,128,1.0
grid16,240,1,2,128,145,-0.5
grid16,240,2,0,145,127,0.0
grid16,240,2,1,145,128,-0.5
grid16,240,2,2,145,145,0.5
grid16,241,0,0,127,127,0.5
grid16,241,0,1,127,144,-0.5
grid16,241,0,2,127,145,0.0
grid16,241,1,0,144,127,-0.5
grid16,241,1,1,144,144,1.0
grid16,241,1,2,144,145,-0.5
grid16,241,2,0,145,127,0.0
grid16,241,2,1,145,144,-0.5
grid16,241,2,2,145,145,0.5
grid16,242,0,0,128,128,0.5
grid16,242,0,1,128,129,-0.5
grid16,242,0,2,128,146,0.0
grid16,242,1,0,129,128,-0.5
grid16,242,1,1,129,129,1.0
grid16,242,1,2,129,146,-0.5
grid16,242,2,0,146,128,0.0
grid16,242,2,1,146,129,-0.5
grid16,242,2,2,146,146,0.5
grid16,243,0,0,128,128,0.5
grid16,243,0,1,128,145,-0.5
grid16,243,0,2,128,146,0.0
grid16,243,1,0,145,128,-0.5
grid16,243,1,1,145,145,1.0
grid16,243,1,2,145,146,-0.5
grid16,243,2,0,146,128,0.0
grid16,243,2,1,146,145,-0.5
grid16,243,2,2,146,146,0.5
grid16,244,0,0,129,129,0.5
grid16,244,0,1,129,130,-0.5
grid16,244,0,2,129,147,0.0
grid16,244,1,0,130,129,-0.5
grid16,244,1,1,130,130,1.0
grid16,244,1,2,130,147,-0.5
grid16,244,2,0,147,129,0.0
grid16,244,2,1,147,130,-0.5
grid16,244,2,2,147,147,0.5
grid16,245,0,0,129,129,0.5
grid16,245,0,1,129,146,-0.5
grid16,245,0,2,129,147,0.0
grid16,245,1,0,146,129,-0.5
grid16,245,1,1,146,146,1.0
grid16,245,1,2,146,147,-0.5
grid16,245,2,0,147,129,0.0
grid16,245,2,1,147,146,-0.5
grid16,245,2,2,147,147,0.5
grid16,246,0,0,130,130,0.5
grid16,246,0,1,130,131,-0.5
grid16,246,0,2,130,148,0.0
grid16,246,1,0,131,130,-0.5
grid16,246,1,1,131,131,1.0
grid16,246,1,2,131,148,-0.5
grid16,246,2,0,148,130,0.0
grid16,246,2,1,148,131,-0.5
grid16,246,2,2,148,148,0.5
grid16,247,0,0,130,130,0.5
grid16,247,0,1,130,147,-0.5
grid16,247,0,2,130,148,0.0
grid16,247,1,0,147,130,-0.5
grid16,247,1,1,147,147,1.0
grid16,247,1,2,147,148,-0.5
grid16,247,2,0,148,130,0.0
grid16,247,2,1,148,147,-0.5
grid16,247,2,2,148,148,0.5
grid16,248,0,0,131,131,0.5
grid16,248,0,1,131,132,-0.5
grid16,248,0,2,131,149,0.0
grid16,248,1,0,132,131,-0.5
grid16,248,1,1,132,132,1.0
grid16,248,1,2,132,149,-0.5
grid16,248,2,0,149,131,0.0
grid16,248,2,1,149,132,-0.5
grid16,248,2,2,149,149,0.5
grid16,249,0,0,131,131,0.5
grid16,249,0,1,131,148,-0.5
grid16,249,0,2,131,149,0.0
grid16,249,1,0,148,131,-0.5
grid16,249,1,1,148,148,1.0
grid16,249,1,2,148,149,-0.5
grid16,249,2,0,149,131,0.0
grid16,249,2,1,149,148,-0.5
grid16,249,2,2,149,149,0.5
grid16,250,0,0,132,132,0.5
grid16,250,0,1,132,133,-0.5
grid16,250,0,2,132,150,0.0
grid16,250,1,0,133,132,-0.5
grid16,250,1,1,133,133,1.0
grid16,250,1,2,133,150,-0.5
grid16,250,2,0,150,132,0.0
grid16,250,2,1,150,133,-0.5
grid16,250,2,2,150,150,0.5
grid16,251,0,0,132,132,0.5
grid16,251,0,1,132,149,-0.5
grid16,251,0,2,132,150,0.0
grid16,251,1,0,149,132,-0.5
grid16,251,1,1,149,149,1.0
grid16,251,1,2,149,150,-0.5
grid16,251,2,0,150,132,0.0
grid16,251,2,1,150,149,-0.5
grid16,251,2,2,150,150,0.5
grid16,252,0,0,133,133,0.5
grid16,252,0,1,133,134,-0.5
grid16,252,0,2,133,151,0.0
grid16,252,1,0,134,133,-0.5
grid16,252,1,1,134,134,1.0
grid16,252,1,2,134,151,-0.5
grid16,252,2,0,151,133,0.0
grid16,252,2,1,151,134,-0.5
grid16,252,2,2,151,151,0.5
grid16,253,0,0,133,133,0.5
grid16,253,0,1,133,150,-0.5
grid16,253,0,2,133,151,0.0
grid16,253,1,0,150,133,-0.5
grid16,253,1,1,150,150,1.0
grid16,253,1,2,150,151,-0.5
grid16,253,2,0,151,133,0.0
grid16,253,2,1,151,150,-0.5
grid16,253,2,2,151,151,0.5
grid16,254,0,0,134,134,0.5
grid16,254,0,1,134,135,-0.5
grid16,254,0,2,134,152,0.0
grid16,254,1,0,135,134,-0.5
grid16,254,1,1,135,135,1.0
grid16,254,1,2,135,152,-0.5
grid16,254,2,0,152,134,0.0
grid16,254,2,1,152,135,-0.5
grid16,254,2,2,152,152,0.5
grid16,255,0,0,134,134,0.5
grid16,255,0,1,134,151,-0.5
grid16,255,0,2,134,152,0.0
grid16,255,1,0,151,134,-0.5
grid16,255,1,1,151,151,1.0
grid16,255,1,2,151,152,-0.5
grid16,255,2,0,152,134,0.0
grid16,255,2,1,152,151,-0.5
grid16,255,2,2,152,152,0.5
grid16,256,0,0,136,136,0.5
grid16,256,0,1,136,137,-0.5
grid16,256,0,2,136,154,0.0
grid16,256,1,0,137,136,-0.5
grid16,256,1,1,137,137,1.0
grid16,256,1,2,137,154,-0.5
grid16,256,2,0,154,136,0.0
grid16,256,2,1,154,137,-0.5
grid16,256,2,2,154,154,0.5
grid16,257,0,0,136,136,0.5
grid16,257,0,1,136,153,-0.5
grid16,257,0,2,136,154,0.0
grid16,257,1,0,153,136,-0.5
grid16,257,1,1,153,153,1.0
grid16,257,1,2,153,154,-0.5
grid16,257,2,0,154,136,0.0
grid16,257,2,1,154,153,-0.5
grid16,257,2,2,154,154,0.5
grid16,258,0,0,137,137,0.5
grid16,258,0,1,137,138,-0.5
grid16,258,0,2,137,155,0.0
grid16,258,1,0,138,137,-0.5
grid16,258,1,1,138,138,1.0
grid16,258,1,2,138,155,-0.5
grid16,258,2,0,155,137,0.0
grid16,258,2,1,155,138,-0.5
grid16,258,2,2,155,155,0.5
grid16,259,0,0,137,137,0.5
grid16,259,0,1,137,154,-0.5
grid16,259,0,2,137,155,0.0
grid16,259,1,0,154,137,-0.5
grid16,259,1,1,154,154,1.0
grid16,259,1,2,154,155,-0.5
grid16,259,2,0,155,137,0.0
grid16,259,2,1,155,154,-0.5
grid16,259,2,2,155,155,0.5
grid16,260,0,0,138,138,0.5
grid16,260,0,1,138,139,-0.5
grid16,260,0,2,138,156,0.0
grid16,260,1,0,139,138,-0.5
grid16,260,1,1,139,139,1.0
grid16,260,1,2,139,156,-0.5
grid16,260,2,0,156,138,0.0
grid16,260,2,1,156,139,-0.5
grid16,260,2,2,156,156,0.5
grid16,261,0,0,138,138,0.5
grid16,261,0,1,138,155,-0.5
grid16,261,0,2,138,156,0.0
grid16,261,1,0,155,138,-0.5
grid16,261,1,1,155,155,1.0
grid16,261,1,2,155,156,-0.5
grid16,261,2,0,156,138,0.0
grid16,261,2,1,156,155,-0.5
grid16,261,2,2,156,156,0.5
grid16,262,0,0,139,139,0.5
grid16,262,0,1,139,140,-0.5
grid16,262,0,2,139,157,0.0
grid16,262,1,0,140,139,-0.5
grid16,262,1,1,140,140,1.0
grid16,262,1,2,140,157,-0.5
grid16,262,2,0,157,139,0.0
grid16,262,2,1,157,140,-0.5
grid16,262,2,2,157,157,0.5
grid16,263,0,0,139,139,0.5
grid16,263,0,1,139,156,-0.5
grid16,263,0,2,139,157,0.0
grid16,263,1,0,156,139,-0.5
grid16,263,1,1,156,156,1.0
grid16,263,1,2,156,157,-0.5
grid16,263,2,0,157,139,0.0
grid16,263,2,1,157,156,-0.5
grid16,263,2,2,157,157,0.5
grid16,264,0,0,140,140,0.5
grid16,264,0,1,140,141,-0.5
grid16,264,0,2,140,158,0.0
grid16,264,1,0,141,140,-0.5
grid16,264,1,1,141,141,1.0
grid16,264,1,2,141,158,-0.5
grid16,264,2,0,158,140,0.0
grid16,264,2,1,158,141,-0.5
grid16,264,2,2,158,158,0.5
grid16,265,0,0,140,140,0.5
grid16,265,0,1,140,157,-0.5
grid16,265,0,2,140,158,0.0
grid16,265,1,0,157,140,-0.5
grid16,265,1,1,157,157,1.0
grid16,265,1,2,157,158,-0.5
grid16,265,2,0,158,140,0.0
grid16,265,2,1,158,157,-0.5
grid16,265,2,2,158,158,0.5
grid16,266,0,0,141,141,0.5
grid16,266,0,1,141,142,-0.5
grid16,266,0,2,141,159,0.0
grid16,266,1,0,142,141,-0.5
grid16,266,1,1,142,142,1.0
grid16,266,1,2,142,159,-0.5
grid16,266,2,0,159,141,0.0
grid16,266,2,1,159,142,-0.5
grid16,266,2,2,159,159,0.5
grid16,267,0,0,141,141,0.5
grid16,267,0,1,141,158,-0.5
grid16,267,0,2,141,159,0.0
grid16,267,1,0,158,141,-0.5
grid16,267,1,1,158,158,1.0
grid16,267,1,2,158,159,-0.5
grid16,267,2,0,159,141,0.0
grid16,267,2,1,159,158,-0.5
grid16,267,2,2,159,159,0.5
grid16,268,0,0,142,142,0.5
grid16,268,0,1,142,143,-0.5
grid16,268,0,2,142,160,0.0
grid16,268,1,0,143,142,-0.5
grid16,268,1,1,143,143,1.0
grid16,268,1,2,143,160,-0.5
grid16,268,2,0,160,142,0.0
grid16,268,2,1,160,143,-0.5
grid16,268,2,2,160,160,0.5
grid16,269,0,0,142,142,0.5
grid16,269,0,1,142,159,-0.5
grid16,269,0,2,142,160,0.0
grid16,269,1,0,159,142,-0.5
grid16,269,1,1,159,159,1.0
grid16,269,1,2,159,160,-0.5
grid16,269,2,0,160,142,0.0
grid16,269,2,1,160,159,-0.5
grid16,269,2,2,160,160,0.5
grid16,270,0,0,143,143,0.5
grid16,270,0,1,143,144,-0.5
grid16,270,0,2,143,161,0.0
grid16,270,1,0,144,143,-0.5
grid16,270,1,1,144,144,1.0
grid16,270,1,2,144,161,-0.5
grid16,270,2,0,161,143,0.0
grid16,270,2,1,161,144,-0.5
grid16,270,2,2,161,161,0.5
grid16,271,0,0,143,143,0.5
grid16,271,0,1,143,160,-0.5
grid16,271,0,2,143,161,0.0
grid16,271,1,0,160,143,-0.5
grid16,271,1,1,160,160,1.0
grid16,271,1,2,160,161,-0.5
grid16,271,2,0,161,143,0.0
grid16,271,2,1,161,160,-0.5
grid16,271,2,2,161,161,0.5
grid16,272,0,0,144,144,0.5
grid16,272,0,1,144,145,-0.5
grid16,272,0,2,144,162,0.0
grid16,272,1,0,145,144,-0.5
grid16,272,1,1,145,145,1.0
grid16,272,1,2,145,162,-0.5
grid16,272,2,0,162,144,0.0
grid16,272,2,1,162,145,-0.5
grid16,272,2,2,162,162,0.5
grid16,273,0,0,144,144,0.5
grid16,273,0,1,144,161,-0.5
grid16,273,0,2,144,162,0.0
grid16,273,1,0,161,144,-0.5
grid16,273,1,1,161,161,1.0
grid16,273,1,2,161,162,-0.5
grid16,273,2,0,162,144,0.0
grid16,273,2,1,162,161,-0.5
grid16,273,2,2,162,162,0.5
grid16,274,0,0,145,145,0.5
grid16,274,0,1,145,146,-0.5
grid16,274,0,2,145,163,0.0
grid16,274,1,0,146,145,-0.5
grid16,274,1,1,146,146,1.0
grid16,274,1,2,146,163,-0.5
grid16,274,2,0,163,145,0.0
grid16,274,2,1,163,146,-0.5
grid16,274,2,2,163,163,0.5
grid16,275,0,0,145,145,0.5
grid16,275,0,1,145,162,-0.5
grid16,275,0,2,145,163,0.0
grid16,275,1,0,162,145,-0.5
grid16,275,1,1,162,162,1.0
grid16,275,1,2,162,163,-0.5
grid16,275,2,0,163,145,0.0
grid16,275,2,1,163,162,-0.5
grid16,275,2,2,163,163,0.5
grid16,276,0,0,146,146,0.5
grid16,276,0,1,146,147,-0.5
grid16,276,0,2,146,164,0.0
grid16,276,1,0,147,146,-0.5
grid16,276,1,1,147,147,1.0
grid16,276,1,2,147,164,-0.5
grid16,276,2,0,164,146,0.0
grid16,276,2,1,164,147,-0.5
grid16,276,2,2,164,164,0.5
grid16,277,0,0,146,146,0.5
grid16,277,0,1,146,163,-0.5
grid16,277,0,2,146,164,0.0
grid16,277,1,0,163,146,-0.5
grid16,277,1,1,163,163,1.0
grid16,277,1,2,163,164,-0.5
grid16,277,2,0,164,146,0.0
grid16,277,2,1,164,163,-0.5
grid16,277,2,2,164,164,0.5
grid16,278,0,0,147,147,0.5
grid16,278,0,1,147,148,-0.5
grid16,278,0,2,147,165,0.0
grid16,278,1,0,148,147,-0.5
grid16,278,1,1,148,148,1.0
grid16,278,1,2,148,165,-0.5
grid16,278,2,0,165,147,0.0
grid16,278,2,1,165,148,-0.5
grid16,278,2,2,165,165,0.5
grid16,279,0,0,147,147,0.5
grid16,279,0,1,147,164,-0.5
grid16,279,0,2,147,165,0.0
grid16,279,1,0,164,147,-0.5
grid16,279,1,1,164,164,1.0
grid16,279,1,2,164,165,-0.5
grid16,279,2,0,165,147,0.0
grid16,279,2,1,165,164,-0.5
grid16,279,2,2,165,165,0.5
grid16,280,0,0,148,148,0.5
grid16,280,0,1,148,149,-0.5
grid16,280,0,2,148,166,0.0
grid16,280,1,0,149,148,-0.5
grid16,280,1,1,149,149,1.0
grid16,280,1,2,149,166,-0.5
grid16,280,2,0,166,148,0.0
grid16,280,2,1,166,149,-0.5
grid16,280,2,2,166,166,0.5
grid16,281,0,0,148,148,0.5
grid16,281,0,1,148,165,-0.5
grid16,281,0,2,148,166,0.0
grid16,281,1,0,165,148,-0.5
grid16,281,1,1,165,165,1.0
grid16,281,1,2,165,166,-0.5
grid16,281,2,0,166,148,0.0
grid16,281,2,1,166,165,-0.5
grid16,281,2,2,166,166,0.5
grid16,282,0,0,149,149,0.5
grid16,282,0,1,149,150,-0.5
grid16,282,0,2,149,167,0.0
grid16,282,1,0,150,149,-0.5
grid16,282,1,1,150,150,1.0
grid16,282,1,2,150,167,-0.5
grid16,282,2,0,167,149,0.0
grid16,282,2,1,167,150,-0.5
grid16,282,2,2,167,167,0.5
grid16,283,0,0,149,149,0.5
grid16,283,0,1,149,166,-0.5
grid16,283,0,2,149,167,0.0
grid16,283,1,0,166,149,-0.5
grid16,283,1,1,166,166,1.0
grid16,283,1,2,166,167,-0.5
grid16,283,2,0,167,149,0.0
grid16,283,2,1,167,166,-0.5
grid16,283,2,2,167,167,0.5
grid16,284,0,0,150,150,0.5
grid16,284,0,1,150,151,-0.5
grid16,284,0,2,150,168,0.0
grid16,284,1,0,151,150,-0.5
grid16,284,1,1,151,151,1.0
grid16,284,1,2,151,168,-0.5
grid16,284,2,0,168,150,0.0
grid16,284,2,1,168,151,-0.5
grid16,284,2,2,168,168,0.5
grid16,285,0,0,150,150,0.5
grid16,285,0,1,150,167,-0.5
grid16,285,0,2,150,168,0.0
grid16,285,1,0,167,150,-0.5
grid16,285,1,1,167,167,1.0
grid16,285,1,2,167,168,-0.5
grid16,285,2,0,168,150,0.0
grid16,285,2,1,168,167,-0.5
grid16,285,2,2,168,168,0.5
grid16,286,0,0,151,151,0.5
grid16,286,0,1,151,152,-0.5
grid16,286,0,2,151,169,0.0
grid16,286,1,0,152,151,-0.5
grid16,286,1,1,152,152,1.0
grid16,286,1,2,152,169,-0.5
grid16,286,2,0,169,151,0.0
grid16,286,2,1,169,152,-0.5
grid16,286,2,2,169,169,0.5
grid16,287,0,0,151,151,0.5
grid16,287,0,1,151,168,-0.5
grid16,287,0,2,151,169,0.0
grid16,287,1,0,168,151,-0.5
grid16,287,1,1,168,168,1.0
grid16,287,1,2,168,169,-0.5
grid16,287,2,0,169,151,0.0
grid16,287,2,1,169,168,-0.5
grid16,287,2,2,169,169,0.5
grid16,288,0,0,153,153,0.5
grid16,288,0,1,153,154,-0.5
grid16,288,0,2,153,171,0.0
grid16,288,1,0,154,153,-0.5
grid16,288,1,1,154,154,1.0
grid16,288,1,2,154,171,-0.5
grid16,288,2,0,171,153,0.0
grid16,288,2,1,171,154,-0.5
grid16,288,2,2,171,171,0.5
grid16,289,0,0,153,153,0.5
grid16,289,0,1,153,170,-0.5
grid16,289,0,2,153,171,0.0
grid16,289,1,0,170,153,-0.5
grid16,289,1,1,170,170,1.0
grid16,289,1,2,170,171,-0.5
grid16,289,2,0,171,153,0.0
grid16,289,2,1,171,170,-0.5
grid16,289,2,2,171,171,0.5
grid16,290,0,0,154,154,0.5
grid16,290,0,1,154,155,-0.5
grid16,290,0,2,154,172,0.0
grid16,290,1,0,155,154,-0.5
grid16,290,1,1,155,155,1.0
grid16,290,1,2,155,172,-0.5
grid16,290,2,0,172,154,0.0
grid16,290,2,1,172,155,-0.5
grid16,290,2,2,172,172,0.5
grid16,291,0,0,154,154,0.5
grid16,291,0,1,154,171,-0.5
grid16,291,0,2,154,172,0.0
grid16,291,1,0,171,154,-0.5
grid16,291,1,1,171,171,1.0
grid16,291,1,2,171,172,-0.5
grid16,291,2,0,172,154,0.0
grid16,291,2,1,172,171,-0.5
grid16,291,2,2,172,172,0.5
grid16,292,0,0,155,155,0.5
grid16,292,0,1,155,156,-0.5
grid16,292,0,2,155,173,0.0
grid16,292,1,0,156,155,-0.5
grid16,292,1,1,156,156,1.0
grid16,292,1,2,156,173,-0.5
grid16,292,2,0,173,155,0.0
grid16,292,2,1,173,156,-0.5
grid16,292,2,2,173,173,0.5
grid16,293,0,0,155,155,0.5
grid16,293,0,1,155,172,-0.5
grid16,293,0,2,155,173,0.0
grid16,293,1,0,172,155,-0.5
grid16,293,1,1,172,172,1.0
grid16,293,1,2,172,173,-0.5
grid16,293,2,0,173,155,0.0
grid16,293,2,1,173,172,-0.5
grid16,293,2,2,173,173,0.5
grid16,294,0,0,156,156,0.5
grid16,294,0,1,156,157,-0.5
grid16,294,0,2,156,174,0.0
grid16,294,1,0,157,156,-0.5
grid16,294,1,1,157,157,1.0
grid16,294,1,2,157,174,-0.5
grid16,294,2,0,174,156,0.0
grid16,294,2,1,174,157,-0.5
grid16,294,2,2,174,174,0.5
grid16,295,0,0,156,156,0.5
grid16,295,0,1,156,173,-0.5
grid16,295,0,2,156,174,0.0
grid16,295,1,0,173,156,-0.5
grid16,295,1,1,173,173,1.0
grid16,295,1,2,173,174,-0.5
grid16,295,2,0,174,156,0.0
grid16,295,2,1,174,173,-0.5
grid16,295,2,2,174,174,0.5
grid16,296,0,0,157,157,0.5
grid16,296,0,1,157,158,-0.5
grid16,296,0,2,157,175,0.0
grid16,296,1,0,158,157,-0.5
grid16,296,1,1,158,158,1.0
grid16,296,1,2,158,175,-0.5
grid16,296,2,0,175,157,0.0
grid16,296,2,1,175,158,-0.5
grid16,296,2,2,175,175,0.5
grid16,297,0,0,157,157,0.5
grid16,297,0,1,157,174,-0.5
grid16,297,0,2,157,175,0.0
grid16,297,1,0,174,157,-0.5
grid16,297,1,1,174,174,1.0
grid16,297,1,2,174,175,-0.5
grid16,297,2,0,175,157,0.0
grid16,297,2,1,175,174,-0.5
grid16,297,2,2,175,175,0.5
grid16,298,0,0,158,158,0.5
grid16,298,0,1,158,159,-0.5
grid16,298,0,2,158,176,0.0
grid16,298,1,0,159,158,-0.5
grid16,298,1,1,159,159,1.0
grid16,298,1,2,159,176,-0.5
grid16,298,2,0,176,158,0.0
grid16,298,2,1,176,159,-0.5
grid16,298,2,2,176,176,0.5
grid16,299,0,0,158,158,0.5
grid16,299,0,1,158,175,-0.5
grid16,299,0,2,158,176,0.0
grid16,299,1,0,175,158,-0.5
grid16,299,1,1,175,175,1.0
grid16,299,1,2,175,176,-0.5
grid16,299,2,0,176,158,0.0
grid16,299,2,1,176,175,-0.5
grid16,299,2,2,176,176,0.5
grid16,300,0,0,159,159,0.5
grid16,300,0,1,159,160,-0.5
grid16,300,0,2,159,177,0.0
grid16,300,1,0,160,159,-0.5
grid16,300,1,1,160,160,1.0
grid16,300,1,2,160,177,-0.5
grid16,300,2,0,177,159,0.0
grid16,300,2,1,177,160,-0.5
grid16,300,2,2,177,177,0.5
grid16,301,0,0,159,159,0.5
grid16,301,0,1,159,176,-0.5
grid16,301,0,2,159,177,0.0
grid16,301,1,0,176,159,-0.5
grid16,301,1,1,176,176,1.0
grid16,301,1,2,176,177,-0.5
grid16,301,2,0,177,159,0.0
grid16,301,2,1,177,176,-0.5
grid16,301,2,2,177,177,0.5
grid16,302,0,0,160,160,0.5
grid16,302,0,1,160,161,-0.5
grid16,302,0,2,160,178,0.0
grid16,302,1,0,161,160,-0.5
grid16,302,1,1,161,161,1.0
grid16,302,1,2,161,178,-0.5
grid16,302,2,0,178,160,0.0
grid16,302,2,1,178,161,-0.5
grid16,302,2,2,178,178,0.5
grid16,303,0,0,160,160,0.5
grid16,303,0,1,160,177,-0.5
grid16,303,0,2,160,178,0.0
grid16,303,1,0,177,160,-0.5
grid16,303,1,1,177,177,1.0
grid16,303,1,2,177,178,-0.5
grid16,303,2,0,178,160,0.0
grid16,303,2,1,178,177,-0.5
grid16,303,2,2,178,178,0.5
grid16,304,0,0,161,161,0.5
grid16,304,0,1,161,162,-0.5
grid16,304,0,2,161,179,0.0
grid16,304,1,0,162,161,-0.5
grid16,304,1,1,162,162,1.0
grid16,304,1,2,162,179,-0.5
grid16,304,2,0,179,161,0.0
grid16,304,2,1,179,162,-0.5
grid16,304,2,2,179,179,0.5
grid16,305,0,0,161,161,0.5
grid16,305,0,1,161,178,-0.5
grid16,305,0,2,161,179,0.0
grid16,305,1,0,178,161,-0.5
grid16,305,1,1,178,178,1.0
grid16,305,1,2,178,179,-0.5
grid16,305,2,0,179,161,0.0
grid16,305,2,1,179,178,-0.5
grid16,305,2,2,179,179,0.5
grid16,306,0,0,162,162,0.5
grid16,306,0,1,162,163,-0.5
grid16,306,0,2,162,180,0.0
grid16,306,1,0,163,162,-0.5
grid16,306,1,1,163,163,1.0
grid16,306,1,2,163,180,-0.5
grid16,306,2,0,180,162,0.0
grid16,306,2,1,180,163,-0.5
grid16,306,2,2,180,180,0.5
grid16,307,0,0,162,162,0.5
grid16,307,0,1,162,179,-0.5
grid16,307,0,2,162,180,0.0
grid16,307,1,0,179,162,-0.5
grid16,307,1,1,179,179,1.0
grid16,307,1,2,179,180,-0.5
grid16,307,2,0,180,162,0.0
grid16,307,2,1,180,179,-0.5
grid16,307,2,2,180,180,0.5
grid16,308,0,0,163,163,0.5
grid16,308,0,1,163,164,-0.5
grid16,308,0,2,163,181,0.0
grid16,308,1,0,164,163,-0.5
grid16,308,1,1,164,164,1.0
grid16,308,1,2,164,181,-0.5
grid16,308,2,0,181,163,0.0
grid16,308,2,1,181,164,-0.5
grid16,308,2,2,181,181,0.5
grid16,309,0,0,163,163,0.5
grid16,309,0,1,163,180,-0.5
grid16,309,0,2,163,181,0.0
grid16,309,1,0,180,163,-0.5
grid16,309,1,1,180,180,1.0
grid16,309,1,2,180,181,-0.5
grid16,309,2,0,181,163,0.0
grid16,309,2,1,181,180,-0.5
grid16,309,2,2,181,181,0.5
grid16,310,0,0,164,164,0.5
grid16,310,0,1,164,165,-0.5
grid16,310,0,2,164,182,0.0
grid16,310,1,0,165,164,-0.5
grid16,310,1,1,165,165,1.0
grid16,310,1,2,165,182,-0.5
grid16,310,2,0,182,164,0.0
grid16,310,2,1,182,165,-0.5
grid16,310,2,2,182,182,0.5
grid16,311,0,0,164,164,0.5
grid16,311,0,1,164,181,-0.5
grid16,311,0,2,164,182,0.0
grid16,311,1,0,181,164,-0.5
grid16,311,1,1,181,181,1.0
grid16,311,1,2,181,182,-0.5
grid16,311,2,0,182,164,0.0
grid16,311,2,1,182,181,-0.5
grid16,311,2,2,182,182,0.5
grid16,312,0,0,165,165,0.5
grid16,312,0,1,165,166,-0.5
grid16,312,0,2,165,183,0.0
grid16,312,1,0,166,165,-0.5
grid16,312,1,1,166,166,1.0
grid16,312,1,2,166,183,-0.5
grid16,312,2,0,183,165,0.0
grid16,312,2,1,183,166,-0.5
grid16,312,2,2,183,183,0.5
grid16,313,0,0,165,165,0.5
grid16,313,0,1,165,182,-0.5
grid16,313,0,2,165,183,0.0
grid16,313,1,0,182,165,-0.5
grid16,313,1,1,182,182,1.0
grid16,313,1,2,182,183,-0.5
grid16,313,2,0,183,165,0.0
grid16,313,2,1,183,182,-0.5
grid16,313,2,2,183,183,0.5
grid16,314,0,0,166,166,0.5
grid16,314,0,1,166,167,-0.5
grid16,314,0,2,166,184,0.0
grid16,314,1,0,167,166,-0.5
grid16,314,1,1,167,167,1.0
grid16,314,1,2,167,184,-0.5
grid16,314,2,0,184,166,0.0
grid16,314,2,1,184,167,-0.5
grid16,314,2,2,184,184,0.5
grid16,315,0,0,166,166,0.5
grid16,315,0,1,166,183,-0.5
grid16,315,0,2,166,184,0.0
grid16,315,1,0,183,166,-0.5
grid16,315,1,1,183,183,1.0
grid16,315,1,2,183,184,-0.5
grid16,315,2,0,184,166,0.0
grid16,315,2,1,184,183,-0.5
grid16,315,2,2,184,184,0.5
grid16,316,0,0,167,167,0.5
grid16,316,0,1,167,168,-0.5
grid16,316,0,2,167,185,0.0
grid16,316,1,0,168,167,-0.5
grid16,316,1,1,168,168,1.0
grid16,316,1,2,168,185,-0.5
grid16,316,2,0,185,167,0.0
grid16,316,2,1,185,168,-0.5
grid16,316,2,2,185,185,0.5
grid16,317,0,0,167,167,0.5
grid16,317,0,1,167,184,-0.5
grid16,317,0,2,167,185,0.0
grid16,317,1,0,184,167,-0.5
grid16,317,1,1,184,184,1.0
grid16,317,1,2,184,185,-0.5
grid16,317,2,0,185,167,0.0
grid16,317,2,1,185,184,-0.5
grid16,317,2,2,185,185,0.5
grid16,318,0,0,168,168,0.5
grid16,318,0,1,168,169,-0.5
grid16,318,0,2,168,186,0.0
grid16,318,1,0,169,168,-0.5
grid16,318,1,1,169,169,1.0
grid16,318,1,2,169,186,-0.5
grid16,318,2,0,186,168,0.0
grid16,318,2,1,186,169,-0.5
grid16,318,2,2,186,186,0.5
grid16,319,0,0,168,168,0.5
grid16,319,0,1,168,185,-0.5
grid16,319,0,2,168,186,0.0
grid16,319,1,0,185,168,-0.5
grid16,319,1,1,185,185,1.0
grid16,319,1,2,185,186,-0.5
grid16,319,2,0,186,168,0.0
grid16,319,2,1,186,185,-0.5
grid16,319,2,2,186,186,0.5
grid16,320,0,0,170,170,0.5
grid16,320,0,1,170,171,-0.5
grid16,320,0,2,170,188,0.0
grid16,320,1,0,171,170,-0.5
grid16,320,1,1,171,171,1.0
grid16,320,1,2,171,188,-0.5
grid16,320,2,0,188,170,0.0
grid16,320,2,1,188,171,-0.5
grid16,320,2,2,188,188,0.5
grid16,321,0,0,170,170,0.5
grid16,321,0,1,170,187,-0.5
grid16,321,0,2,170,188,0.0
grid16,321,1,0,187,170,-0.5
grid16,321,1,1,187,187,1.0
grid16,321,1,2,187,188,-0.5
grid16,321,2,0,188,170,0.0
grid16,321,2,1,188,187,-0.5
grid16,321,2,2,188,188,0.5
grid16,322,0,0,171,171,0.5
grid16,322,0,1,171,172,-0.5
grid16,322,0,2,171,189,0.0
grid16,322,1,0,172,171,-0.5
grid16,322,1,1,172,172,1.0
grid16,322,1,2,172,189,-0.5
grid16,322,2,0,189,171,0.0
grid16,322,2,1,189,172,-0.5
grid16,322,2,2,189,189,0.5
grid16,323,0,0,171,171,0.5
grid16,323,0,1,171,188,-0.5
grid16,323,0,2,171,189,0.0
grid16,323,1,0,188,171,-0.5
grid16,323,1,1,188,188,1.0
grid16,323,1,2,188,189,-0.5
grid16,323,2,0,189,171,0.0
grid16,323,2,1,189,188,-0.5
grid16,323,2,2,189,189,0.5
grid16,324,0,0,172,172,0.5
grid16,324,0,1,172,173,-0.5
grid16,324,0,2,172,190,0.0
grid16,324,1,0,173,172,-0.5
grid16,324,1,1,173,173,1.0
grid16,324,1,2,173,190,-0.5
grid16,324,2,0,190,172,0.0
grid16,324,2,1,190,173,-0.5
grid16,324,2,2,190,190,0.5
grid16,325,0,0,172,172,0.5
grid16,325,0,1,172,189,-0.5
grid16,325,0,2,172,190,0.0
grid16,325,1,0,189,172,-0.5
grid16,325,1,1,189,189,1.0
grid16,325,1,2,189,190,-0.5
grid16,325,2,0,190,172,0.0
grid16,325,2,1,190,189,-0.5
grid16,325,2,2,190,190,0.5
grid16,326,0,0,173,173,0.5
grid16,326,0,1,173,174,-0.5
grid16,326,0,2,173,191,0.0
grid16,326,1,0,174,173,-0.5
grid16,326,1,1,174,174,1.0
grid16,326,1,2,174,191,-0.5
grid16,326,2,0,191,173,0.0
grid16,326,2,1,191,174,-0.5
grid16,326,2,2,191,191,0.5
grid16,327,0,0,173,173,0.5
grid16,327,0,1,173,190,-0.5
grid16,327,0,2,173,191,0.0
grid16,327,1,0,190,173,-0.5
grid16,327,1,1,190,190,1.0
grid16,327,1,2,190,191,-0.5
grid16,327,2,0,191,173,0.0
grid16,327,2,1,191,190,-0.5
grid16,327,2,2,191,191,0.5
grid16,328,0,0,174,174,0.5
grid16,328,0,1,174,175,-0.5
grid16,328,0,2,174,192,0.0
grid16,328,1,0,175,174,-0.5
grid16,328,1,1,175,175,1.0
grid16,328,1,2,175,192,-0.5
grid16,328,2,0,192,174,0.0
grid16,328,2,1,192,175,-0.5
grid16,328,2,2,192,192,0.5
grid16,329,0,0,174,174,0.5
grid16,329,0,1,174,191,-0.5
grid16,329,0,2,174,192,0.0
grid16,329,1,0,191,174,-0.5
grid16,329,1,1,191,191,1.0
grid16,329,1,2,191,192,-0.5
grid16,329,2,0,192,174,0.0
grid16,329,2,1,192,191,-0.5
grid16,329,2,2,192,192,0.5
grid16,330,0,0,175,175,0.5
grid16,330,0,1,175,176,-0.5
grid16,330,0,2,175,193,0.0
grid16,330,1,0,176,175,-0.5
grid16,330,1,1,176,176,1.0
grid16,330,1,2,176,193,-0.5
grid16,330,2,0,193,175,0.0
grid16,330,2,1,193,176,-0.5
grid16,330,2,2,193,193,0.5
grid16,331,0,0,175,175,0.5
grid16,331,0,1,175,192,-0.5
grid16,331,0,2,175,193,0.0
grid16,331,1,0,192,175,-0.5
grid16,331,1,1,192,192,1.0
grid16,331,1,2,192,193,-0.5
grid16,331,2,0,193,175,0.0
grid16,331,2,1,193,192,-0.5
grid16,331,2,2,193,193,0.5
grid16,332,0,0,176,176,0.5
grid16,332,0,1,176,177,-0.5
grid16,332,0,2,176,194,0.0
grid16,332,1,0,177,176,-0.5
grid16,332,1,1,177,177,1.0
grid16,332,1,2,177,194,-0.5
grid16,332,2,0,194,176,0.0
grid16,332,2,1,194,177,-0.5
grid16,332,2,2,194,194,0.5
grid16,333,0,0,176,176,0.5
grid16,333,0,1,176,193,-0.5
grid16,333,0,2,176,194,0.0
grid16,333,1,0,193,176,-0.5
grid16,333,1,1,193,193,1.0
grid16,333,1,2,193,194,-0.5
grid16,333,2,0,194,176,0.0
grid16,333,2,1,194,193,-0.5
grid16,333,2,2,194,194,0.5
grid16,334,0,0,177,177,0.5
grid16,334,0,1,177,178,-0.5
grid16,334,0,2,177,195,0.0
grid16,334,1,0,178,177,-0.5
grid16,334,1,1,178,178,1.0
grid16,334,1,2,178,195,-0.5
grid16,334,2,0,195,177,0.0
grid16,334,2,1,195,178,-0.5
grid16,334,2,2,195,195,0.5
grid16,335,0,0,177,177,0.5
grid16,335,0,1,177,194,-0.5
grid16,335,0,2,177,195,0.0
grid16,335,1,0,194,177,-0.5
grid16,335,1,1,194,194,1.0
grid16,335,1,2,194,195,-0.5
grid16,335,2,0,195,177,0.0
grid16,335,2,1,195,194,-0.5
grid16,335,2,2,195,195,0.5
grid16,336,0,0,178,178,0.5
grid16,336,0,1,178,179,-0.5
grid16,336,0,2,178,196,0.0
grid16,336,1,0,179,178,-0.5
grid16,336,1,1,179,179,1.0
grid16,336,1,2,179,196,-0.5
grid16,336,2,0,196,178,0.0
grid16,336,2,1,196,179,-0.5
grid16,336,2,2,196,196,0.5
grid16,337,0,0,178,178,0.5
grid16,337,0,1,178,195,-0.5
grid16,337,0,2,178,196,0.0
grid16,337,1,0,195,178,-0.5
grid16,337,1,1,195,195,1.0
grid16,337,1,2,195,196,-0.5
grid16,337,2,0,196,178,0.0
grid16,337,2,1,196,195,-0.5
grid16,337,2,2,196,196,0.5
grid16,338,0,0,179,179,0.5
grid16,338,0,1,179,180,-0.5
grid16,338,0,2,179,197,0.0
grid16,338,1,0,180,179,-0.5
grid16,338,1,1,180,180,1.0
grid16,338,1,2,180,197,-0.5
grid16,338,2,0,197,179,0.0
grid16,338,2,1,197,180,-0.5
grid16,338,2,2,197,197,0.5
grid16,339,0,0,179,179,0.5
grid16,339,0,1,179,196,-0.5
grid16,339,0,2,179,197,0.0
grid16,339,1,0,196,179,-0.5
grid16,339,1,1,196,196,1.0
grid16,339,1,2,196,197,-0.5
grid16,339,2,0,197,179,0.0
grid16,339,2,1,197,196,-0.5
grid16,339,2,2,197,197,0.5
grid16,340,0,0,180,180,0.5
grid16,340,0,1,180,181,-0.5
grid16,340,0,2,180,198,0.0
grid16,340,1,0,181,180,-0.5
grid16,340,1,1,181,181,1.0
grid16,340,1,2,181,198,-0.5
grid16,340,2,0,198,180,0.0
grid16,340,2,1,198,181,-0.5
grid16,340,2,2,198,198,0.5
grid16,341,0,0,180,180,0.5
grid16,341,0,1,180,197,-0.5
grid16,341,0,2,180,198,0.0
grid16,341,1,0,197,180,-0.5
grid16,341,1,1,197,197,1.0
grid16,341,1,2,197,198,-0.5
grid16,341,2,0,198,180,0.0
grid16,341,2,1,198,197,-0.5
grid16,341,2,2,198,198,0.5
grid16,342,0,0,181,181,0.5
grid16,342,0,1,181,182,-0.5
grid16,342,0,2,181,199,0.0
grid16,342,1,0,182,181,-0.5
grid16,342,1,1,182,182,1.0
grid16,342,1,2,182,199,-0.5
grid16,342,2,0,199,181,0.0
grid16,342,2,1,199,182,-0.5
grid16,342,2,2,199,199,0.5
grid16,343,0,0,181,181,0.5
grid16,343,0,1,181,198,-0.5
grid16,343,0,2,181,199,0.0
grid16,343,1,0,198,181,-0.5
grid16,343,1,1,198,198,1.0
grid16,343,1,2,198,199,-0.5
grid16,343,2,0,199,181,0.0
grid16,343,2,1,199,198,-0.5
grid16,343,2,2,199,199,0.5
grid16,344,0,0,182,182,0.5
grid16,344,0,1,182,183,-0.5
grid16,344,0,2,182,200,0.0
grid16,344,1,0,183,182,-0.5
grid16,344,1,1,183,183,1.0
grid16,344,1,2,183,200,-0.5
grid16,344,2,0,200,182,0.0
grid16,344,2,1,200,183,-0.5
grid16,344,2,2,200,200,0.5
grid16,345,0,0,182,182,0.5
grid16,345,0,1,182,199,-0.5
grid16,345,0,2,182,200,0.0
grid16,345,1,0,199,182,-0.5
grid16,345,1,1,199,199,1.0
grid16,345,1,2,199,200,-0.5
grid16,345,2,0,200,182,0.0
grid16,345,2,1,200,199,-0.5
grid16,345,2,2,200,200,0.5
grid16,346,0,0,183,183,0.5
grid16,346,0,1,183,184,-0.5
grid16,346,0,2,183,201,0.0
grid16,346,1,0,184,183,-0.5
grid16,346,1,1,184,184,1.0
grid16,346,1,2,184,201,-0.5
grid16,346,2,0,201,183,0.0
grid16,346,2,1,201,184,-0.5
grid16,346,2,2,201,201,0.5
grid16,347,0,0,183,183,0.5
grid16,347,0,1,183,200,-0.5
grid16,347,0,2,183,201,0.0
grid16,347,1,0,200,183,-0.5
grid16,347,1,1,200,200,1.0
grid16,347,1,2,200,201,-0.5
grid16,347,2,0,201,183,0.0
grid16,347,2,1,201,200,-0.5
grid16,347,2,2,201,201,0.5
grid16,348,0,0,184,184,0.5
grid16,348,0,1,184,185,-0.5
grid16,348,0,2,184,202,0.0
grid16,348,1,0,185,184,-0.5
grid16,348,1,1,185,185,1.0
grid16,348,1,2,185,202,-0.5
grid16,348,2,0,202,184,0.0
grid16,348,2,1,202,185,-0.5
grid16,348,2,2,202,202,0.5
grid16,349,0,0,184,184,0.5
grid16,349,0,1,184,201,-0.5
grid16,349,0,2,184,202,0.0
grid16,349,1,0,201,184,-0.5
grid16,349,1,1,201,201,1.0
grid16,349,1,2,201,202,-0.5
grid16,349,2,0,202,184,0.0
grid16,349,2,1,202,201,-0.5
grid16,349,2,2,202,202,0.5
grid16,350,0,0,185,185,0.5
grid16,350,0,1,185,186,-0.5
grid16,350,0,2,185,203,0.0
grid16,350,1,0,186,185,-0.5
grid16,350,1,1,186,186,1.0
grid16,350,1,2,186,203,-0.5
grid16,350,2,0,203,185,0.0
grid16,350,2,1,203,186,-0.5
grid16,350,2,2,203,203,0.5
grid16,351,0,0,185,185,0.5
grid16,351,0,1,185,202,-0.5
grid16,351,0,2,185,203,0.0
grid16,351,1,0,202,185,-0.5
grid16,351,1,1,202,202,1.0
grid16,351,1,2,202,203,-0.5
grid16,351,2,0,203,185,0.0
grid16,351,2,1,203,202,-0.5
grid16,351,2,2,203,203,0.5
grid16,352,0,0,187,187,0.5
grid16,352,0,1,187,188,-0.5
grid16,352,0,2,187,205,0.0
grid16,352,1,0,188,187,-0.5
grid16,352,1,1,188,188,1.0
grid16,352,1,2,188,205,-0.5
grid16,352,2,0,205,187,0.0
grid16,352,2,1,205,188,-0.5
grid16,352,2,2,205,205,0.5
grid16,353,0,0,187,187,0.5
grid16,353,0,1,187,204,-0.5
grid16,353,0,2,187,205,0.0
grid16,353,1,0,204,187,-0.5
grid16,353,1,1,204,204,1.0
grid16,353,1,2,204,205,-0.5
grid16,353,2,0,205,187,0.0
grid16,353,2,1,205,204,-0.5
grid16,353,2,2,205,205,0.5
grid16,354,0,0,188,188,0.5
grid16,354,0,1,188,189,-0.5
grid16,354,0,2,188,206,0.0
grid16,354,1,0,189,188,-0.5
grid16,354,1,1,189,189,1.0
grid16,354,1,2,189,206,-0.5
grid16,354,2,0,206,188,0.0
grid16,354,2,1,206,189,-0.5
grid16,354,2,2,206,206,0.5
grid16,355,0,0,188,188,0.5
grid16,355,0,1,188,205,-0.5
grid16,355,0,2,188,206,0.0
grid16,355,1,0,205,188,-0.5
grid16,355,1,1,205,205,1.0
grid16,355,1,2,205,206,-0.5
grid16,355,2,0,206,188,0.0
grid16,355,2,1,206,205,-0.5
grid16,355,2,2,206,206,0.5
grid16,356,0,0,189,189,0.5
grid16,356,0,1,189,190,-0.5
grid16,356,0,2,189,207,0.0
grid16,356,1,0,190,189,-0.5
grid16,356,1,1,190,190,1.0
grid16,356,1,2,190,207,-0.5
grid16,356,2,0,207,189,0.0
grid16,356,2,1,207,190,-0.5
grid16,356,2,2,207,207,0.5
grid16,357,0,0,189,189,0.5
grid16,357,0,1,189,206,-0.5
grid16,357,0,2,189,207,0.0
grid16,357,1,0,206,189,-0.5
grid16,357,1,1,206,206,1.0
grid16,357,1,2,206,207,-0.5
grid16,357,2,0,207,189,0.0
grid16,357,2,1,207,206,-0.5
grid16,357,2,2,207,207,0.5
grid16,358,0,0,190,190,0.5
grid16,358,0,1,190,191,-0.5
grid16,358,0,2,190,208,0.0
grid16,358,1,0,191,190,-0.5
grid16,358,1,1,191,191,1.0
grid16,358,1,2,191,208,-0.5
grid16,358,2,0,208,190,0.0
grid16,358,2,1,208,191,-0.5
grid16,358,2,2,208,208,0.5
grid16,359,0,0,190,190,0.5
grid16,359,0,1,190,207,-0.5
grid16,359,0,2,190,208,0.0
grid16,359,1,0,207,190,-0.5
grid16,359,1,1,207,207,1.0
grid16,359,1,2,207,208,-0.5
grid16,359,2,0,208,190,0.0
grid16,359,2,1,208,207,-0.5
grid16,359,2,2,208,208,0.5
grid16,360,0,0,191,191,0.5
grid16,360,0,1,191,192,-0.5
grid16,360,0,2,191,209,0.0
grid16,360,1,0,192,191,-0.5
grid16,360,1,1,192,192,1.0
grid16,360,1,2,192,209,-0.5
grid16,360,2,0,209,191,0.0
grid16,360,2,1,209,192,-0.5
grid16,360,2,2,209,209,0.5
grid16,361,0,0,191,191,0.5
grid16,361,0,1,191,208,-0.5
grid16,361,0,2,191,209,0.0
grid16,361,1,0,208,191,-0.5
grid16,361,1,1,208,208,1.0
grid16,361,1,2,208,209,-0.5
grid16,361,2,0,209,191,0.0
grid16,361,2,1,209,208,-0.5
grid16,361,2,2,209,209,0.5
grid16,362,0,0,192,192,0.5
grid16,362,0,1,192,193,-0.5
grid16,362,0,2,192,210,0.0
grid16,362,1,0,193,192,-0.5
grid16,362,1,1,193,193,1.0
grid16,362,1,2,193,210,-0.5
grid16,362,2,0,210,192,0.0
grid16,362,2,1,210,193,-0.5
grid16,362,2,2,210,210,0.5
grid16,363,0,0,192,192,0.5
grid16,363,0,1,192,209,-0.5
grid16,363,0,2,192,210,0.0
grid16,363,1,0,209,192,-0.5
grid16,363,1,1,209,209,1.0
grid16,363,1,2,209,210,-0.5
grid16,363,2,0,210,192,0.0
grid16,363,2,1,210,209,-0.5
grid16,363,2,2,210,210,0.5
grid16,364,0,0,193,193,0.5
grid16,364,0,1,193,194,-0.5
grid16,364,0,2,193,211,0.0
grid16,364,1,0,194,193,-0.5
grid16,364,1,1,194,194,1.0
grid16,364,1,2,194,211,-0.5
grid16,364,2,0,211,193,0.0
grid16,364,2,1,211,194,-0.5
grid16,364,2,2,211,211,0.5
grid16,365,0,0,193,193,0.5
grid16,365,0,1,193,210,-0.5
grid16,365,0,2,193,211,0.0
grid16,365,1,0,210,193,-0.5
grid16,365,1,1,210,210,1.0
grid16,365,1,2,210,211,-0.5
grid16,365,2,0,211,193,0.0
grid16,365,2,1,211,210,-0.5
grid16,365,2,2,211,211,0.5
grid16,366,0,0,194,194,0.5
grid16,366,0,1,194,195,-0.5
grid16,366,0,2,194,212,0.0
grid16,366,1,0,195,194,-0.5
grid16,366,1,1,195,195,1.0
grid16,366,1,2,195,212,-0.5
grid16,366,2,0,212,194,0.0
grid16,366,2,1,212,195,-0.5
grid16,366,2,2,212,212,0.5
grid16,367,0,0,194,194,0.5
grid16,367,0,1,194,211,-0.5
grid16,367,0,2,194,212,0.0
grid16,367,1,0,211,194,-0.5
grid16,367,1,1,211,211,1.0
grid16,367,1,2,211,212,-0.5
grid16,367,2,0,212,194,0.0
grid16,367,2,1,212,211,-0.5
grid16,367,2,2,212,212,0.5
grid16,368,0,0,195,195,0.5
grid16,368,0,1,195,196,-0.5
grid16,368,0,2,195,213,0.0
grid16,368,1,0,196,195,-0.5
grid16,368,1,1,196,196,1.0
grid16,368,1,2,196,213,-0.5
grid16,368,2,0,213,195,0.0
grid16,368,2,1,213,196,-0.5
grid16,368,2,2,213,213,0.5
grid16,369,0,0,195,195,0.5
grid16,369,0,1,195,212,-0.5
grid16,369,0,2,195,213,0.0
grid16,369,1,0,212,195,-0.5
grid16,369,1,1,212,212,1.0
grid16,369,1,2,212,213,-0.5
grid16,369,2,0,213,195,0.0
grid16,369,2,1,213,212,-0.5
grid16,369,2,2,213,213,0.5
grid16,370,0,0,196,196,0.5
grid16,370,0,1,196,197,-0.5
grid16,370,0,2,196,214,0.0
grid16,370,1,0,197,196,-0.5
grid16,370,1,1,197,197,1.0
grid16,370,1,2,197,214,-0.5
grid16,370,2,0,214,196,0.0
grid16,370,2,1,214,197,-0.5
grid16,370,2,2,214,214,0.5
grid16,371,0,0,196,196,0.5
grid16,371,0,1,196,213,-0.5
grid16,371,0,2,196,214,0.0
grid16,371,1,0,213,196,-0.5
grid16,371,1,1,213,213,1.0
grid16,371,1,2,213,214,-0.5
grid16,371,2,0,214,196,0.0
grid16,371,2,1,214,213,-0.5
grid16,371,2,2,214,214,0.5
grid16,372,0,0,197,197,0.5
grid16,372,0,1,197,198,-0.5
grid16,372,0,2,197,215,0.0
grid16,372,1,0,198,197,-0.5
grid16,372,1,1,198,198,1.0
grid16,372,1,2,198,215,-0.5
grid16,372,2,0,215,197,0.0
grid16,372,2,1,215,198,-0.5
grid16,372,2,2,215,215,0.5
grid16,373,0,0,197,197,0.5
grid16,373,0,1,197,214,-0.5
grid16,373,0,2,197,215,0.0
grid16,373,1,0,214,197,-0.5
grid16,373,1,1,214,214,1.0
grid16,373,1,2,214,215,-0.5
grid16,373,2,0,215,197,0.0
grid16,373,2,1,215,214,-0.5
grid16,373,2,2,215,215,0.5
grid16,374,0,0,198,198,0.5
grid16,374,0,1,198,199,-0.5
grid16,374,0,2,198,216,0.0
grid16,374,1,0,199,198,-0.5
grid16,374,1,1,199,199,1.0
grid16,374,1,2,199,216,-0.5
grid16,374,2,0,216,198,0.0
grid16,374,2,1,216,199,-0.5
grid16,374,2,2,216,216,0.5
grid16,375,0,0,198,198,0.5
grid16,375,0,1,198,215,-0.5
grid16,375,0,2,198,216,0.0
grid16,375,1,0,215,198,-0.5
grid16,375,1,1,215,215,1.0
grid16,375,1,2,215,216,-0.5
grid16,375,2,0,216,198,0.0
grid16,375,2,1,216,215,-0.5
grid16,375,2,2,216,216,0.5
grid16,376,0,0,199,199,0.5
grid16,376,0,1,199,200,-0.5
grid16,376,0,2,199,217,0.0
grid16,376,1,0,200,199,-0.5
grid16,376,1,1,200,200,1.0
grid16,376,1,2,200,217,-0.5
grid16,376,2,0,217,199,0.0
grid16,376,2,1,217,200,-0.5
grid16,376,2,2,217,217,0.5
grid16,377,0,0,199,199,0.5
grid16,377,0,1,199,216,-0.5
grid16,377,0,2,199,217,0.0
grid16,377,1,0,216,199,-0.5
grid16,377,1,1,216,216,1.0
grid16,377,1,2,216,217,-0.5
grid16,377,2,0,217,199,0.0
grid16,377,2,1,217,216,-0.5
grid16,377,2,2,217,217,0.5
grid16,378,0,0,200,200,0.5
grid16,378,0,1,200,201,-0.5
grid16,378,0,2,200,218,0.0
grid16,378,1,0,201,200,-0.5
grid16,378,1,1,201,201,1.0
grid16,378,1,2,201,218,-0.5
grid16,378,2,0,218,200,0.0
grid16,378,2,1,218,201,-0.5
grid16,378,2,2,218,218,0.5
grid16,379,0,0,200,200,0.5
grid16,379,0,1,200,217,-0.5
grid16,379,0,2,200,218,0.0
grid16,379,1,0,217,200,-0.5
grid16,379,1,1,217,217,1.0
grid16,379,1,2,217,218,-0.5
grid16,379,2,0,218,200,0.0
grid16,379,2,1,218,217,-0.5
grid16,379,2,2,218,218,0.5
grid16,380,0,0,201,201,0.5
grid16,380,0,1,201,202,-0.5
grid16,380,0,2,201,219,0.0
grid16,380,1,0,202,201,-0.5
grid16,380,1,1,202,202,1.0
grid16,380,1,2,202,219,-0.5
grid16,380,2,0,219,201,0.0
grid16,380,2,1,219,202,-0.5
grid16,380,2,2,219,219,0.5
grid16,381,0,0,201,201,0.5
grid16,381,0,1,201,218,-0.5
grid16,381,0,2,201,219,0.0
grid16,381,1,0,218,201,-0.5
grid16,381,1,1,218,218,1.0
grid16,381,1,2,218,219,-0.5
grid16,381,2,0,219,201,0.0
grid16,381,2,1,219,218,-0.5
grid16,381,2,2,219,219,0.5
grid16,382,0,0,202,202,0.5
grid16,382,0,1,202,203,-0.5
grid16,382,0,2,202,220,0.0
grid16,382,1,0,203,202,-0.5
grid16,382,1,1,203,203,1.0
grid16,382,1,2,203,220,-0.5
grid16,382,2,0,220,202,0.0
grid16,382,2,1,220,203,-0.5
grid16,382,2,2,220,220,0.5
grid16,383,0,0,202,202,0.5
grid16,383,0,1,202,219,-0.5
grid16,383,0,2,202,220,0.0
grid16,383,1,0,219,202,-0.5
grid16,383,1,1,219,219,1.0
grid16,383,1,2,219,220,-0.5
grid16,383,2,0,220,202,0.0
grid16,383,2,1,220,219,-0.5
grid16,383,2,2,220,220,0.5
grid16,384,0,0,204,204,0.5
grid16,384,0,1,204,205,-0.5
grid16,384,0,2,204,222,0.0
grid16,384,1,0,205,204,-0.5
grid16,384,1,1,205,205,1.0
grid16,384,1,2,205,222,-0.5
grid16,384,2,0,222,204,0.0
grid16,384,2,1,222,205,-0.5
grid16,384,2,2,222,222,0.5
grid16,385,0,0,204,204,0.5
grid16,385,0,1,204,221,-0.5
grid16,385,0,2,204,222,0.0
grid16,385,1,0,221,204,-0.5
grid16,385,1,1,221,221,1.0
grid16,385,1,2,221,222,-0.5
grid16,385,2,0,222,204,0.0
grid16,385,2,1,222,221,-0.5
grid16,385,2,2,222,222,0.5
grid16,386,0,0,205,205,0.5
grid16,386,0,1,205,206,-0.5
grid16,386,0,2,205,223,0.0
grid16,386,1,0,206,205,-0.5
grid16,386,1,1,206,206,1.0
grid16,386,1,2,206,223,-0.5
grid16,386,2,0,223,205,0.0
grid16,386,2,1,223,206,-0.5
grid16,386,2,2,223,223,0.5
grid16,387,0,0,205,205,0.5
grid16,387,0,1,205,222,-0.5
grid16,387,0,2,205,223,0.0
grid16,387,1,0,222,205,-0.5
grid16,387,1,1,222,222,1.0
grid16,387,1,2,222,223,-0.5
grid16,387,2,0,223,205,0.0
grid16,387,2,1,223,222,-0.5
grid16,387,2,2,223,223,0.5
grid16,388,0,0,206,206,0.5
grid16,388,0,1,206,207,-0.5
grid16,388,0,2,206,224,0.0
grid16,388,1,0,207,206,-0.5
grid16,388,1,1,207,207,1.0
grid16,388,1,2,207,224,-0.5
grid16,388,2,0,224,206,0.0
grid16,388,2,1,224,207,-0.5
grid16,388,2,2,224,224,0.5
grid16,389,0,0,206,206,0.5
grid16,389,0,1,206,223,-0.5
grid16,389,0,2,206,224,0.0
grid16,389,1,0,223,206,-0.5
grid16,389,1,1,223,223,1.0
grid16,389,1,2,223,224,-0.5
grid16,389,2,0,224,206,0.0
grid16,389,2,1,224,223,-0.5
grid16,389,2,2,224,224,0.5
grid16,390,0,0,207,207,0.5
grid16,390,0,1,207,208,-0.5
grid16,390,0,2,207,225,0.0
grid16,390,1,0,208,207,-0.5
grid16,390,1,1,208,208,1.0
grid16,390,1,2,208,225,-0.5
grid16,390,2,0,225,207,0.0
grid16,390,2,1,225,208,-0.5
grid16,390,2,2,225,225,0.5
grid16,391,0,0,207,207,0.5
grid16,391,0,1,207,224,-0.5
grid16,391,0,2,207,225,0.0
grid16,391,1,0,224,207,-0.5
grid16,391,1,1,224,224,1.0
grid16,391,1,2,224,225,-0.5
grid16,391,2,0,225,207,0.0
grid16,391,2,1,225,224,-0.5
grid16,391,2,2,225,225,0.5
grid16,392,0,0,208,208,0.5
grid16,392,0,1,208,209,-0.5
grid16,392,0,2,208,226,0.0
grid16,392,1,0,209,208,-0.5
grid16,392,1,1,209,209,1.0
grid16,392,1,2,209,226,-0.5
grid16,392,2,0,226,208,0.0
grid16,392,2,1,226,209,-0.5
grid16,392,2,2,226,226,0.5
grid16,393,0,0,208,208,0.5
grid16,393,0,1,208,225,-0.5
grid16,393,0,2,208,226,0.0
grid16,393,1,0,225,208,-0.5
grid16,393,1,1,225,225,1.0
grid16,393,1,2,225,226,-0.5
grid16,393,2,0,226,208,0.0
grid16,393,2,1,226,225,-0.5
grid16,393,2,2,226,226,0.5
grid16,394,0,0,209,209,0.5
grid16,394,0,1,209,210,-0.5
grid16,394,0,2,209,227,0.0
grid16,394,1,0,210,209,-0.5
grid16,394,1,1,210,210,1.0
grid16,394,1,2,210,227,-0.5
grid16,394,2,0,227,209,0.0
grid16,394,2,1,227,210,-0.5
grid16,394,2,2,227,227,0.5
grid16,395,0,0,209,209,0.5
grid16,395,0,1,209,226,-0.5
grid16,395,0,2,209,227,0.0
grid16,395,1,0,226,209,-0.5
grid16,395,1,1,226,226,1.0
grid16,395,1,2,226,227,-0.5
grid16,395,2,0,227,209,0.0
grid16,395,2,1,227,226,-0.5
grid16,395,2,2,227,227,0.5
grid16,396,0,0,210,210,0.5
grid16,396,0,1,210,211,-0.5
grid16,396,0,2,210,228,0.0
grid16,396,1,0,211,210,-0.5
grid16,396,1,1,211,211,1.0
grid16,396,1,2,211,228,-0.5
grid16,396,2,0,228,210,0.0
grid16,396,2,1,228,211,-0.5
grid16,396,2,2,228,228,0.5
grid16,397,0,0,210,210,0.5
grid16,397,0,1,210,227,-0.5
grid16,397,0,2,210,228,0.0
grid16,397,1,0,227,210,-0.5
grid16,397,1,1,227,227,1.0
grid16,397,1,2,227,228,-0.5
grid16,397,2,0,228,210,0.0
grid16,397,2,1,228,227,-0.5
grid16,397,2,2,228,228,0.5
grid16,398,0,0,211,211,0.5
grid16,398,0,1,211,212,-0.5
grid16,398,0,2,211,229,0.0
grid16,398,1,0,212,211,-0.5
grid16,398,1,1,212,212,1.0
grid16,398,1,2,212,229,-0.5
grid16,398,2,0,229,211,0.0
grid16,398,2,1,229,212,-0.5
grid16,398,2,2,229,229,0.5
grid16,399,0,0,211,211,0.5
grid16,399,0,1,211,228,-0.5
grid16,399,0,2,211,229,0.0
grid16,399,1,0,228,211,-0.5
grid16,399,1,1,228,228,1.0
grid16,399,1,2,228,229,-0.5
grid16,399,2,0,229,211,0.0
grid16,399,2,1,229,228,-0.5
grid16,399,2,2,229,229,0.5
grid16,400,0,0,212,212,0.5
grid16,400,0,1,212,213,-0.5
grid16,400,0,2,212,230,0.0
grid16,400,1,0,213,212,-0.5
grid16,400,1,1,213,213,1.0
grid16,400,1,2,213,230,-0.5
grid16,400,2,0,230,212,0.0
grid16,400,2,1,230,213,-0.5
grid16,400,2,2,230,230,0.5
grid16,401,0,0,212,212,0.5
grid16,401,0,1,212,229,-0.5
grid16,401,0,2,212,230,0.0
grid16,401,1,0,229,212,-0.5
grid16,401,1,1,229,229,1.0
grid16,401,1,2,229,230,-0.5
grid16,401,2,0,230,212,0.0
grid16,401,2,1,230,229,-0.5
grid16,401,2,2,230,230,0.5
grid16,402,0,0,213,213,0.5
grid16,402,0,1,213,214,-0.5
grid16,402,0,2,213,231,0.0
grid16,402,1,0,214,213,-0.5
grid16,402,1,1,214,214,1.0
grid16,402,1,2,214,231,-0.5
grid16,402,2,0,231,213,0.0
grid16,402,2,1,231,214,-0.5
grid16,402,2,2,231,231,0.5
grid16,403,0,0,213,213,0.5
grid16,403,0,1,213,230,-0.5
grid16,403,0,2,213,231,0.0
grid16,403,1,0,230,213,-0.5
grid16,403,1,1,230,230,1.0
grid16,403,1,2,230,231,-0.5
grid16,403,2,0,231,213,0.0
grid16,403,2,1,231,230,-0.5
grid16,403,2,2,231,231,0.5
grid16,404,0,0,214,214,0.5
grid16,404,0,1,214,215,-0.5
grid16,404,0,2,214,232,0.0
grid16,404,1,0,215,214,-0.5
grid16,404,1,1,215,215,1.0
grid16,404,1,2,215,232,-0.5
grid16,404,2,0,232,214,0.0
grid16,404,2,1,232,215,-0.5
grid16,404,2,2,232,232,0.5
grid16,405,0,0,214,214,0.5
grid16,405,0,1,214,231,-0.5
grid16,405,0,2,214,232,0.0
grid16,405,1,0,231,214,-0.5
grid16,405,1,1,231,231,1.0
grid16,405,1,2,231,232,-0.5
grid16,405,2,0,232,214,0.0
grid16,405,2,1,232,231,-0.5
grid16,405,2,2,232,232,0.5
grid16,406,0,0,215,215,0.5
grid16,406,0,1,215,216,-0.5
grid16,406,0,2,215,233,0.0
grid16,406,1,0,216,215,-0.5
grid16,406,1,1,216,216,1.0
grid16,406,1,2,216,233,-0.5
grid16,406,2,0,233,215,0.0
grid16,406,2,1,233,216,-0.5
grid16,406,2,2,233,233,0.5
grid16,407,0,0,215,215,0.5
grid16,407,0,1,215,232,-0.5
grid16,407,0,2,215,233,0.0
grid16,407,1,0,232,215,-0.5
grid16,407,1,1,232,232,1.0
grid16,407,1,2,232,233,-0.5
grid16,407,2,0,233,215,0.0
grid16,407,2,1,233,232,-0.5
grid16,407,2,2,233,233,0.5
grid16,408,0,0,216,216,0.5
grid16,408,0,1,216,217,-0.5
grid16,408,0,2,216,234,0.0
grid16,408,1,0,217,216,-0.5
grid16,408,1,1,217,217,1.0
grid16,408,1,2,217,234,-0.5
grid16,408,2,0,234,216,0.0
grid16,408,2,1,234,217,-0.5
grid16,408,2,2,234,234,0.5
grid16,409,0,0,216,216,0.5
grid16,409,0,1,216,233,-0.5
grid16,409,0,2,216,234,0.0
grid16,409,1,0,233,216,-0.5
grid16,409,1,1,233,233,1.0
grid16,409,1,2,233,234,-0.5
grid16,409,2,0,234,216,0.0
grid16,409,2,1,234,233,-0.5
grid16,409,2,2,234,234,0.5
grid16,410,0,0,217,217,0.5
grid16,410,0,1,217,218,-0.5
grid16,410,0,2,217,235,0.0
grid16,410,1,0,218,217,-0.5
grid16,410,1,1,218,218,1.0
grid16,410,1,2,218,235,-0.5
grid16,410,2,0,235,217,0.0
grid16,410,2,1,235,218,-0.5
grid16,410,2,2,235,235,0.5
grid16,411,0,0,217,217,0.5
grid16,411,0,1,217,234,-0.5
grid16,411,0,2,217,235,0.0
grid16,411,1,0,234,217,-0.5
grid16,411,1,1,234,234,1.0
grid16,411,1,2,234,235,-0.5
grid16,411,2,0,235,217,0.0
grid16,411,2,1,235,234,-0.5
grid16,411,2,2,235,235,0.5
grid16,412,0,0,218,218,0.5
grid16,412,0,1,218,219,-0.5
grid16,412,0,2,218,236,0.0
grid16,412,1,0,219,218,-0.5
grid16,412,1,1,219,219,1.0
grid16,412,1,2,219,236,-0.5
grid16,412,2,0,236,218,0.0
grid16,412,2,1,236,219,-0.5
grid16,412,2,2,236,236,0.5
grid16,413,0,0,218,218,0.5
grid16,413,0,1,218,235,-0.5
grid16,413,0,2,218,236,0.0
grid16,413,1,0,235,218,-0.5
grid16,413,1,1,235,235,1.0
grid16,413,1,2,235,236,-0.5
grid16,413,2,0,236,218,0.0
grid16,413,2,1,236,235,-0.5
grid16,413,2,2,236,236,0.5
grid16,414,0,0,219,219,0.5
grid16,414,0,1,219,220,-0.5
grid16,414,0,2,219,237,0.0
grid16,414,1,0,220,219,-0.5
grid16,414,1,1,220,220,1.0
grid16,414,1,2,220,237,-0.5
grid16,414,2,0,237,219,0.0
grid16,414,2,1,237,220,-0.5
grid16,414,2,2,237,237,0.5
grid16,415,0,0,219,219,0.5
grid16,415,0,1,219,236,-0.5
grid16,415,0,2,219,237,0.0
grid16,415,1,0,236,219,-0.5
grid16,415,1,1,236,236,1.0
grid16,415,1,2,236,237,-0.5
grid16,415,2,0,237,219,0.0
grid16,415,2,1,237,236,-0.5
grid16,415,2,2,237,237,0.5
grid16,416,0,0,221,221,0.5
grid16,416,0,1,221,222,-0.5
grid16,416,0,2,221,239,0.0
grid16,416,1,0,222,221,-0.5
grid16,416,1,1,222,222,1.0
grid16,416,1,2,222,239,-0.5
grid16,416,2,0,239,221,0.0
grid16,416,2,1,239,222,-0.5
grid16,416,2,2,239,239,0.5
grid16,417,0,0,221,221,0.5
grid16,417,0,1,221,238,-0.5
grid16,417,0,2,221,239,0.0
grid16,417,1,0,238,221,-0.5
grid16,417,1,1,238,238,1.0
grid16,417,1,2,238,239,-0.5
grid16,417,2,0,239,221,0.0
grid16,417,2,1,239,238,-0.5
grid16,417,2,2,239,239,0.5
grid16,418,0,0,222,222,0.5
grid16,418,0,1,222,223,-0.5
grid16,418,0,2,222,240,0.0
grid16,418,1,0,223,222,-0.5
grid16,418,1,1,223,223,1.0
grid16,418,1,2,223,240,-0.5
grid16,418,2,0,240,222,0.0
grid16,418,2,1,240,223,-0.5
grid16,418,2,2,240,240,0.5
grid16,419,0,0,222,222,0.5
grid16,419,0,1,222,239,-0.5
grid16,419,0,2,222,240,0.0
grid16,419,1,0,239,222,-0.5
grid16,419,1,1,239,239,1.0
grid16,419,1,2,239,240,-0.5
grid16,419,2,0,240,222,0.0
grid16,419,2,1,240,239,-0.5
grid16,419,2,2,240,240,0.5
grid16,420,0,0,223,223,0.5
grid16,420,0,1,223,224,-0.5
grid16,420,0,2,223,241,0.0
grid16,420,1,0,224,223,-0.5
grid16,420,1,1,224,224,1.0
grid16,420,1,2,224,241,-0.5
grid16,420,2,0,241,223,0.0
grid16,420,2,1,241,224,-0.5
grid16,420,2,2,241,241,0.5
grid16,421,0,0,223,223,0.5
grid16,421,0,1,223,240,-0.5
grid16,421,0,2,223,241,0.0
grid16,421,1,0,240,223,-0.5
grid16,421,1,1,240,240,1.0
grid16,421,1,2,240,241,-0.5
grid16,421,2,0,241,223,0.0
grid16,421,2,1,241,240,-0.5
grid16,421,2,2,241,241,0.5
grid16,422,0,0,224,224,0.5
grid16,422,0,1,224,225,-0.5
grid16,422,0,2,224,242,0.0
grid16,422,1,0,225,224,-0.5
grid16,422,1,1,225,225,1.0
grid16,422,1,2,225,242,-0.5
grid16,422,2,0,242,224,0.0
grid16,422,2,1,242,225,-0.5
grid16,422,2,2,242,242,0.5
grid16,423,0,0,224,224,0.5
grid16,423,0,1,224,241,-0.5
grid16,423,0,2,224,242,0.0
grid16,423,1,0,241,224,-0.5
grid16,423,1,1,241,241,1.0
grid16,423,1,2,241,242,-0.5
grid16,423,2,0,242,224,0.0
grid16,423,2,1,242,241,-0.5
grid16,423,2,2,242,242,0.5
grid16,424,0,0,225,225,0.5
grid16,424,0,1,225,226,-0.5
grid16,424,0,2,225,243,0.0
grid16,424,1,0,226,225,-0.5
grid16,424,1,1,226,226,1.0
grid16,424,1,2,226,243,-0.5
grid16,424,2,0,243,225,0.0
grid16,424,2,1,243,226,-0.5
grid16,424,2,2,243,243,0.5
grid16,425,0,0,225,225,0.5
grid16,425,0,1,225,242,-0.5
grid16,425,0,2,225,243,0.0
grid16,425,1,0,242,225,-0.5
grid16,425,1,1,242,242,1.0
grid16,425,1,2,242,243,-0.5
grid16,425,2,0,243,225,0.0
grid16,425,2,1,243,242,-0.5
grid16,425,2,2,243,243,0.5
grid16,426,0,0,226,226,0.5
grid16,426,0,1,226,227,-0.5
grid16,426,0,2,226,244,0.0
grid16,426,1,0,227,226,-0.5
grid16,426,1,1,227,227,1.0
grid16,426,1,2,227,244,-0.5
grid16,426,2,0,244,226,0.0
grid16,426,2,1,244,227,-0.5
grid16,426,2,2,244,244,0.5
grid16,427,0,0,226,226,0.5
grid16,427,0,1,226,243,-0.5
grid16,427,0,2,226,244,0.0
grid16,427,1,0,243,226,-0.5
grid16,427,1,1,243,243,1.0
grid16,427,1,2,243,244,-0.5
grid16,427,2,0,244,226,0.0
grid16,427,2,1,244,243,-0.5
grid16,427,2,2,244,244,0.5
grid16,428,0,0,227,227,0.5
grid16,428,0,1,227,228,-0.5
grid16,428,0,2,227,245,0.0
grid16,428,1,0,228,227,-0.5
grid16,428,1,1,228,228,1.0
grid16,428,1,2,228,245,-0.5
grid16,428,2,0,245,227,0.0
grid16,428,2,1,245,228,-0.5
grid16,428,2,2,245,245,0.5
grid16,429,0,0,227,227,0.5
grid16,429,0,1,227,244,-0.5
grid16,429,0,2,227,245,0.0
grid16,429,1,0,244,227,-0.5
grid16,429,1,1,244,244,1.0
grid16,429,1,2,244,245,-0.5
grid16,429,2,0,245,227,0.0
grid16,429,2,1,245,244,-0.5
grid16,429,2,2,245,245,0.5
grid16,430,0,0,228,228,0.5
grid16,430,0,1,228,229,-0.5
grid16,430,0,2,228,246,0.0
grid16,430,1,0,229,228,-0.5
grid16,430,1,1,229,229,1.0
grid16,430,1,2,229,246,-0.5
grid16,430,2,0,246,228,0.0
grid16,430,2,1,246,229,-0.5
grid16,430,2,2,246,246,0.5
grid16,431,0,0,228,228,0.5
grid16,431,0,1,228,245,-0.5
grid16,431,0,2,228,246,0.0
grid16,431,1,0,245,228,-0.5
grid16,431,1,1,245,245,1.0
grid16,431,1,2,245,246,-0.5
grid16,431,2,0,246,228,0.0
grid16,431,2,1,246,245,-0.5
grid16,431,2,2,246,246,0.5
grid16,432,0,0,229,229,0.5
grid16,432,0,1,229,230,-0.5
grid16,432,0,2,229,247,0.0
grid16,432,1,0,230,229,-0.5
grid16,432,1,1,230,230,1.0
grid16,432,1,2,230,247,-0.5
grid16,432,2,0,247,229,0.0
grid16,432,2,1,247,230,-0.5
grid16,432,2,2,247,247,0.5
grid16,433,0,0,229,229,0.5
grid16,433,0,1,229,246,-0.5
grid16,433,0,2,229,247,0.0
grid16,433,1,0,246,229,-0.5
grid16,433,1,1,246,246,1.0
grid16,433,1,2,246,247,-0.5
grid16,433,2,0,247,229,0.0
grid16,433,2,1,247,246,-0.5
grid16,433,2,2,247,247,0.5
grid16,434,0,0,230,230,0.5
grid16,434,0,1,230,231,-0.5
grid16,434,0,2,230,248,0.0
grid16,434,1,0,231,230,-0.5
grid16,434,1,1,231,231,1.0
grid16,434,1,2,231,248,-0.5
grid16,434,2,0,248,230,0.0
grid16,434,2,1,248,231,-0.5
grid16,434,2,2,248,248,0.5
grid16,435,0,0,230,230,0.5
grid16,435,0,1,230,247,-0.5
grid16,435,0,2,230,248,0.0
grid16,435,1,0,247,230,-0.5
grid16,435,1,1,247,247,1.0
grid16,435,1,2,247,248,-0.5
grid16,435,2,0,248,230,0.0
grid16,435,2,1,248,247,-0.5
grid16,435,2,2,248,248,0.5
grid16,436,0,0,231,231,0.5
grid16,436,0,1,231,232,-0.5
grid16,436,0,2,231,249,0.0
grid16,436,1,0,232,231,-0.5
grid16,436,1,1,232,232,1.0
grid16,436,1,2,232,249,-0.5
grid16,436,2,0,249,231,0.0
grid16,436,2,1,249,232,-0.5
grid16,436,2,2,249,249,0.5
grid16,437,0,0,231,231,0.5
grid16,437,0,1,231,248,-0.5
grid16,437,0,2,231,249,0.0
grid16,437,1,0,248,231,-0.5
grid16,437,1,1,248,248,1.0
grid16,437,1,2,248,249,-0.5
grid16,437,2,0,249,231,0.0
grid16,437,2,1,249,248,-0.5
grid16,437,2,2,249,249,0.5
grid16,438,0,0,232,232,0.5
grid16,438,0,1,232,233,-0.5
grid16,438,0,2,232,250,0.0
grid16,438,1,0,233,232,-0.5
grid16,438,1,1,233,233,1.0
grid16,438,1,2,233,250,-0.5
grid16,438,2,0,250,232,0.0
grid16,438,2,1,250,233,-0.5
grid16,438,2,2,250,250,0.5
grid16,439,0,0,232,232,0.5
grid16,439,0,1,232,249,-0.5
grid16,439,0,2,232,250,0.0
grid16,439,1,0,249,232,-0.5
grid16,439,1,1,249,249,1.0
grid16,439,1,2,249,250,-0.5
grid16,439,2,0,250,232,0.0
grid16,439,2,1,250,249,-0.5
grid16,439,2,2,250,250,0.5
grid16,440,0,0,233,233,0.5
grid16,440,0,1,233,234,-0.5
grid16,440,0,2,233,251,0.0
grid16,440,1,0,234,233,-0.5
grid16,440,1,1,234,234,1.0
grid16,440,1,2,234,251,-0.5
grid16,440,2,0,251,233,0.0
grid16,440,2,1,251,234,-0.5
grid16,440,2,2,251,251,0.5
grid16,441,0,0,233,233,0.5
grid16,441,0,1,233,250,-0.5
grid16,441,0,2,233,251,0.0
grid16,441,1,0,250,233,-0.5
grid16,441,1,1,250,250,1.0
grid16,441,1,2,250,251,-0.5
grid16,441,2,0,251,233,0.0
grid16,441,2,1,251,250,-0.5
grid16,441,2,2,251,251,0.5
grid16,442,0,0,234,234,0.5
grid16,442,0,1,234,235,-0.5
grid16,442,0,2,234,252,0.0
grid16,442,1,0,235,234,-0.5
grid16,442,1,1,235,235,1.0
grid16,442,1,2,235,252,-0.5
grid16,442,2,0,252,234,0.0
grid16,442,2,1,252,235,-0.5
grid16,442,2,2,252,252,0.5
grid16,443,0,0,234,234,0.5
grid16,443,0,1,234,251,-0.5
grid16,443,0,2,234,252,0.0
grid16,443,1,0,251,234,-0.5
grid16,443,1,1,251,251,1.0
grid16,443,1,2,251,252,-0.5
grid16,443,2,0,252,234,0.0
grid16,443,2,1,252,251,-0.5
grid16,443,2,2,252,252,0.5
grid16,444,0,0,235,235,0.5
grid16,444,0,1,235,236,-0.5
grid16,444,0,2,235,253,0.0
grid16,444,1,0,236,235,-0.5
grid16,444,1,1,236,236,1.0
grid16,444,1,2,236,253,-0.5
grid16,444,2,0,253,235,0.0
grid16,444,2,1,253,236,-0.5
grid16,444,2,2,253,253,0.5
grid16,445,0,0,235,235,0.5
grid16,445,0,1,235,252,-0.5
grid16,445,0,2,235,253,0.0
grid16,445,1,0,252,235,-0.5
grid16,445,1,1,252,252,1.0
grid16,445,1,2,252,253,-0.5
grid16,445,2,0,253,235,0.0
grid16,445,2,1,253,252,-0.5
grid16,445,2,2,253,253,0.5
grid16,446,0,0,236,236,0.5
grid16,446,0,1,236,237,-0.5
grid16,446,0,2,236,254,0.0
grid16,446,1,0,237,236,-0.5
grid16,446,1,1,237,237,1.0
grid16,446,1,2,237,254,-0.5
grid16,446,2,0,254,236,0.0
grid16,446,2,1,254,237,-0.5
grid16,446,2,2,254,254,0.5
grid16,447,0,0,236,236,0.5
grid16,447,0,1,236,253,-0.5
grid16,447,0,2,236,254,0.0
grid16,447,1,0,253,236,-0.5
grid16,447,1,1,253,253,1.0
grid16,447,1,2,253,254,-0.5
grid16,447,2,0,254,236,0.0
grid16,447,2,1,254,253,-0.5
grid16,447,2,2,254,254,0.5
grid16,448,0,0,238,238,0.5
grid16,448,0,1,238,239,-0.5
grid16,448,0,2,238,256,0.0
grid16,448,1,0,239,238,-0.5
grid16,448,1,1,239,239,1.0
grid16,448,1,2,239,256,-0.5
grid16,448,2,0,256,238,0.0
grid16,448,2,1,256,239,-0.5
grid16,448,2,2,256,256,0.5
grid16,449,0,0,238,238,0.5
grid16,449,0,1,238,255,-0.5
grid16,449,0,2,238,256,0.0
grid16,449,1,0,255,238,-0.5
grid16,449,1,1,255,255,1.0
grid16,449,1,2,255,256,-0.5
grid16,449,2,0,256,238,0.0
grid16,449,2,1,256,255,-0.5
grid16,449,2,2,256,256,0.5
grid16,450,0,0,239,239,0.5
grid16,450,0,1,239,240,-0.5
grid16,450,0,2,239,257,0.0
grid16,450,1,0,240,239,-0.5
grid16,450,1,1,240,240,1.0
grid16,450,1,2,240,257,-0.5
grid16,450,2,0,257,239,0.0
grid16,450,2,1,257,240,-0.5
grid16,450,2,2,257,257,0.5
grid16,451,0,0,239,239,0.5
grid16,451,0,1,239,256,-0.5
grid16,451,0,2,239,257,0.0
grid16,451,1,0,256,239,-0.5
grid16,451,1,1,256,256,1.0
grid16,451,1,2,256,257,-0.5
grid16,451,2,0,257,239,0.0
grid16,451,2,1,257,256,-0.5
grid16,451,2,2,257,257,0.5
grid16,452,0,0,240,240,0.5
grid16,452,0,1,240,241,-0.5
grid16,452,0,2,240,258,0.0
grid16,452,1,0,241,240,-0.5
grid16,452,1,1,241,241,1.0
grid16,452,1,2,241,258,-0.5
grid16,452,2,0,258,240,0.0
grid16,452,2,1,258,241,-0.5
grid16,452,2,2,258,258,0.5
grid16,453,0,0,240,240,0.5
grid16,453,0,1,240,257,-0.5
grid16,453,0,2,240,258,0.0
grid16,453,1,0,257,240,-0.5
grid16,453,1,1,257,257,1.0
grid16,453,1,2,257,258,-0.5
grid16,453,2,0,258,240,0.0
grid16,453,2,1,258,257,-0.5
grid16,453,2,2,258,258,0.5
grid16,454,0,0,241,241,0.5
grid16,454,0,1,241,242,-0.5
grid16,454,0,2,241,259,0.0
grid16,454,1,0,242,241,-0.5
grid16,454,1,1,242,242,1.0
grid16,454,1,2,242,259,-0.5
grid16,454,2,0,259,241,0.0
grid16,454,2,1,259,242,-0.5
grid16,454,2,2,259,259,0.5
grid16,455,0,0,241,241,0.5
grid16,455,0,1,241,258,-0.5
grid16,455,0,2,241,259,0.0
grid16,455,1,0,258,241,-0.5
grid16,455,1,1,258,258,1.0
grid16,455,1,2,258,259,-0.5
grid16,455,2,0,259,241,0.0
grid16,455,2,1,259,258,-0.5
grid16,455,2,2,259,259,0.5
grid16,456,0,0,242,242,0.5
grid16,456,0,1,242,243,-0.5
grid16,456,0,2,242,260,0.0
grid16,456,1,0,243,242,-0.5
grid16,456,1,1,243,243,1.0
grid16,456,1,2,243,260,-0.5
grid16,456,2,0,260,242,0.0
grid16,456,2,1,260,243,-0.5
grid16,456,2,2,260,260,0.5
grid16,457,0,0,242,242,0.5
grid16,457,0,1,242,259,-0.5
grid16,457,0,2,242,260,0.0
grid16,457,1,0,259,242,-0.5
grid16,457,1,1,259,259,1.0
grid16,457,1,2,259,260,-0.5
grid16,457,2,0,260,242,0.0
grid16,457,2,1,260,259,-0.5
grid16,457,2,2,260,260,0.5
grid16,458,0,0,243,243,0.5
grid16,458,0,1,243,244,-0.5
grid16,458,0,2,243,261,0.0
grid16,458,1,0,244,243,-0.5
grid16,458,1,1,244,244,1.0
grid16,458,1,2,244,261,-0.5
grid16,458,2,0,261,243,0.0
grid16,458,2,1,261,244,-0.5
grid16,458,2,2,261,261,0.5
grid16,459,0,0,243,243,0.5
grid16,459,0,1,243,260,-0.5
grid16,459,0,2,243,261,0.0
grid16,459,1,0,260,243,-0.5
grid16,459,1,1,260,260,1.0
grid16,459,1,2,260,261,-0.5
grid16,459,2,0,261,243,0.0
grid16,459,2,1,261,260,-0.5
grid16,459,2,2,261,261,0.5
grid16,460,0,0,244,244,0.5
grid16,460,0,1,244,245,-0.5
grid16,460,0,2,244,262,0.0
grid16,460,1,0,245,244,-0.5
grid16,460,1,1,245,245,1.0
grid16,460,1,2,245,262,-0.5
grid16,460,2,0,262,244,0.0
grid16,460,2,1,262,245,-0.5
grid16,460,2,2,262,262,0.5
grid16,461,0,0,244,244,0.5
grid16,461,0,1,244,261,-0.5
grid16,461,0,2,244,262,0.0
grid16,461,1,0,261,244,-0.5
grid16,461,1,1,261,261,1.0
grid16,461,1,2,261,262,-0.5
grid16,461,2,0,262,244,0.0
grid16,461,2,1,262,261,-0.5
grid16,461,2,2,262,262,0.5
grid16,462,0,0,245,245,0.5
grid16,462,0,1,245,246,-0.5
grid16,462,0,2,245,263,0.0
grid16,462,1,0,246,245,-0.5
grid16,462,1,1,246,246,1.0
grid16,462,1,2,246,263,-0.5
grid16,462,2,0,263,245,0.0
grid16,462,2,1,263,246,-0.5
grid16,462,2,2,263,263,0.5
grid16,463,0,0,245,245,0.5
grid16,463,0,1,245,262,-0.5
grid16,463,0,2,245,263,0.0
grid16,463,1,0,262,245,-0.5
grid16,463,1,1,262,262,1.0
grid16,463,1,2,262,263,-0.5
grid16,463,2,0,263,245,0.0
grid16,463,2,1,263,262,-0.5
grid16,463,2,2,263,263,0.5
grid16,464,0,0,246,246,0.5
grid16,464,0,1,246,247,-0.5
grid16,464,0,2,246,264,0.0
grid16,464,1,0,247,246,-0.5
grid16,464,1,1,247,247,1.0
grid16,464,1,2,247,264,-0.5
grid16,464,2,0,264,246,0.0
grid16,464,2,1,264,247,-0.5
grid16,464,2,2,264,264,0.5
grid16,465,0,0,246,246,0.5
grid16,465,0,1,246,263,-0.5
grid16,465,0,2,246,264,0.0
grid16,465,1,0,263,246,-0.5
grid16,465,1,1,263,263,1.0
grid16,465,1,2,263,264,-0.5
grid16,465,2,0,264,246,0.0
grid16,465,2,1,264,263,-0.5
grid16,465,2,2,264,264,0.5
grid16,466,0,0,247,247,0.5
grid16,466,0,1,247,248,-0.5
grid16,466,0,2,247,265,0.0
grid16,466,1,0,248,247,-0.5
grid16,466,1,1,248,248,1.0
grid16,466,1,2,248,265,-0.5
grid16,466,2,0,265,247,0.0
grid16,466,2,1,265,248,-0.5
grid16,466,2,2,265,265,0.5
grid16,467,0,0,247,247,0.5
grid16,467,0,1,247,264,-0.5
grid16,467,0,2,247,265,0.0
grid16,467,1,0,264,247,-0.5
grid16,467,1,1,264,264,1.0
grid16,467,1,2,264,265,-0.5
grid16,467,2,0,265,247,0.0
grid16,467,2,1,265,264,-0.5
grid16,467,2,2,265,265,0.5
grid16,468,0,0,248,248,0.5
grid16,468,0,1,248,249,-0.5
grid16,468,0,2,248,266,0.0
grid16,468,1,0,249,248,-0.5
grid16,468,1,1,249,249,1.0
grid16,468,1,2,249,266,-0.5
grid16,468,2,0,266,248,0.0
grid16,468,2,1,266,249,-0.5
grid16,468,2,2,266,266,0.5
grid16,469,0,0,248,248,0.5
grid16,469,0,1,248,265,-0.5
grid16,469,0,2,248,266,0.0
grid16,469,1,0,265,248,-0.5
grid16,469,1,1,265,265,1.0
grid16,469,1,2,265,266,-0.5
grid16,469,2,0,266,248,0.0
grid16,469,2,1,266,265,-0.5
grid16,469,2,2,266,266,0.5
grid16,470,0,0,249,249,0.5
grid16,470,0,1,249,250,-0.5
grid16,470,0,2,249,267,0.0
grid16,470,1,0,250,249,-0.5
grid16,470,1,1,250,250,1.0
grid16,470,1,2,250,267,-0.5
grid16,470,2,0,267,249,0.0
grid16,470,2,1,267,250,-0.5
grid16,470,2,2,267,267,0.5
grid16,471,0,0,249,249,0.5
grid16,471,0,1,249,266,-0.5
grid16,471,0,2,249,267,0.0
grid16,471,1,0,266,249,-0.5
grid16,471,1,1,266,266,1.0
grid16,471,1,2,266,267,-0.5
grid16,471,2,0,267,249,0.0
grid16,471,2,1,267,266,-0.5
grid16,471,2,2,267,267,0.5
grid16,472,0,0,250,250,0.5
grid16,472,0,1,250,251,-0.5
grid16,472,0,2,250,268,0.0
grid16,472,1,0,251,250,-0.5
grid16,472,1,1,251,251,1.0
grid16,472,1,2,251,268,-0.5
grid16,472,2,0,268,250,0.0
grid16,472,2,1,268,251,-0.5
grid16,472,2,2,268,268,0.5
grid16,473,0,0,250,250,0.5
grid16,473,0,1,250,267,-0.5
grid16,473,0,2,250,268,0.0
grid16,473,1,0,267,250,-0.5
grid16,473,1,1,267,267,1.0
grid16,473,1,2,267,268,-0.5
grid16,473,2,0,268,250,0.0
grid16,473,2,1,268,267,-0.5
grid16,473,2,2,268,268,0.5
grid16,474,0,0,251,251,0.5
grid16,474,0,1,251,252,-0.5
grid16,474,0,2,251,269,0.0
grid16,474,1,0,252,251,-0.5
grid16,474,1,1,252,252,1.0
grid16,474,1,2,252,269,-0.5
grid16,474,2,0,269,251,0.0
grid16,474,2,1,269,252,-0.5
grid16,474,2,2,269,269,0.5
grid16,475,0,0,251,251,0.5
grid16,475,0,1,251,268,-0.5
grid16,475,0,2,251,269,0.0
grid16,475,1,0,268,251,-0.5
grid16,475,1,1,268,268,1.0
grid16,475,1,2,268,269,-0.5
grid16,475,2,0,269,251,0.0
grid16,475,2,1,269,268,-0.5
grid16,475,2,2,269,269,0.5
grid16,476,0,0,252,252,0.5
grid16,476,0,1,252,253,-0.5
grid16,476,0,2,252,270,0.0
grid16,476,1,0,253,252,-0.5
grid16,476,1,1,253,253,1.0
grid16,476,1,2,253,270,-0.5
grid16,476,2,0,270,252,0.0
grid16,476,2,1,270,253,-0.5
grid16,476,2,2,270,270,0.5
grid16,477,0,0,252,252,0.5
grid16,477,0,1,252,269,-0.5
grid16,477,0,2,252,270,0.0
grid16,477,1,0,269,252,-0.5
grid16,477,1,1,269,269,1.0
grid16,477,1,2,269,270,-0.5
grid16,477,2,0,270,252,0.0
grid16,477,2,1,270,269,-0.5
grid16,477,2,2,270,270,0.5
grid16,478,0,0,253,253,0.5
grid16,478,0,1,253,254,-0.5
grid16,478,0,2,253,271,0.0
grid16,478,1,0,254,253,-0.5
grid16,478,1,1,254,254,1.0
grid16,478,1,2,254,271,-0.5
grid16,478,2,0,271,253,0.0
grid16,478,2,1,271,254,-0.5
grid16,478,2,2,271,271,0.5
grid16,479,0,0,253,253,0.5
grid16,479,0,1,253,270,-0.5
grid16,479,0,2,253,271,0.0
grid16,479,1,0,270,253,-0.5
grid16,479,1,1,270,270,1.0
grid16,479,1,2,270,271,-0.5
grid16,479,2,0,271,253,0.0
grid16,479,2,1,271,270,-0.5
grid16,479,2,2,271,271,0.5
grid16,480,0,0,255,255,0.5
grid16,480,0,1,255,256,-0.5
grid16,480,0,2,255,273,0.0
grid16,480,1,0,256,255,-0.5
grid16,480,1,1,256,256,1.0
grid16,480,1,2,256,273,-0.5
grid16,480,2,0,273,255,0.0
grid16,480,2,1,273,256,-0.5
grid16,480,2,2,273,273,0.5
grid16,481,0,0,255,255,0.5
grid16,481,0,1,255,272,-0.5
grid16,481,0,2,255,273,0.0
grid16,481,1,0,272,255,-0.5
grid16,481,1,1,272,272,1.0
grid16,481,1,2,272,273,-0.5
grid16,481,2,0,273,255,0.0
grid16,481,2,1,273,272,-0.5
grid16,481,2,2,273,273,0.5
grid16,482,0,0,256,256,0.5
grid16,482,0,1,256,257,-0.5
grid16,482,0,2,256,274,0.0
grid16,482,1,0,257,256,-0.5
grid16,482,1,1,257,257,1.0
grid16,482,1,2,257,274,-0.5
grid16,482,2,0,274,256,0.0
grid16,482,2,1,274,257,-0.5
grid16,482,2,2,274,274,0.5
grid16,483,0,0,256,256,0.5
grid16,483,0,1,256,273,-0.5
grid16,483,0,2,256,274,0.0
grid16,483,1,0,273,256,-0.5
grid16,483,1,1,273,273,1.0
grid16,483,1,2,273,274,-0.5
grid16,483,2,0,274,256,0.0
grid16,483,2,1,274,273,-0.5
grid16,483,2,2,274,274,0.5
grid16,484,0,0,257,257,0.5
grid16,484,0,1,257,258,-0.5
grid16,484,0,2,257,275,0.0
grid16,484,1,0,258,257,-0.5
grid16,484,1,1,258,258,1.0
grid16,484,1,2,258,275,-0.5
grid16,484,2,0,275,257,0.0
grid16,484,2,1,275,258,-0.5
grid16,484,2,2,275,275,0.5
grid16,485,0,0,257,257,0.5
grid16,485,0,1,257,274,-0.5
grid16,485,0,2,257,275,0.0
grid16,485,1,0,274,257,-0.5
grid16,485,1,1,274,274,1.0
grid16,485,1,2,274,275,-0.5
grid16,485,2,0,275,257,0.0
grid16,485,2,1,275,274,-0.5
grid16,485,2,2,275,275,0.5
grid16,486,0,0,258,258,0.5
grid16,486,0,1,258,259,-0.5
grid16,486,0,2,258,276,0.0
grid16,486,1,0,259,258,-0.5
grid16,486,1,1,259,259,1.0
grid16,486,1,2,259,276,-0.5
grid16,486,2,0,276,258,0.0
grid16,486,2,1,276,259,-0.5
grid16,486,2,2,276,276,0.5
grid16,487,0,0,258,258,0.5
grid16,487,0,1,258,275,-0.5
grid16,487,0,2,258,276,0.0
grid16,487,1,0,275,258,-0.5
grid16,487,1,1,275,275,1.0
grid16,487,1,2,275,276,-0.5
grid16,487,2,0,276,258,0.0
grid16,487,2,1,276,275,-0.5
grid16,487,2,2,276,276,0.5
grid16,488,0,0,259,259,0.5
grid16,488,0,1,259,260,-0.5
grid16,488,0,2,259,277,0.0
grid16,488,1,0,260,259,-0.5
grid16,488,1,1,260,260,1.0
grid16,488,1,2,260,277,-0.5
grid16,488,2,0,277,259,0.0
grid16,488,2,1,277,260,-0.5
grid16,488,2,2,277,277,0.5
grid16,489,0,0,259,259,0.5
grid16,489,0,1,259,276,-0.5
grid16,489,0,2,259,277,0.0
grid16,489,1,0,276,259,-0.5
grid16,489,1,1,276,276,1.0
grid16,489,1,2,276,277,-0.5
grid16,489,2,0,277,259,0.0
grid16,489,2,1,277,276,-0.5
grid16,489,2,2,277,277,0.5
grid16,490,0,0,260,260,0.5
grid16,490,0,1,260,261,-0.5
grid16,490,0,2,260,278,0.0
grid16,490,1,0,261,260,-0.5
grid16,490,1,1,261,261,1.0
grid16,490,1,2,261,278,-0.5
grid16,490,2,0,278,260,0.0
grid16,490,2,1,278,261,-0.5
grid16,490,2,2,278,278,0.5
grid16,491,0,0,260,260,0.5
grid16,491,0,1,260,277,-0.5
grid16,491,0,2,260,278,0.0
grid16,491,1,0,277,260,-0.5
grid16,491,1,1,277,277,1.0
grid16,491,1,2,277,278,-0.5
grid16,491,2,0,278,260,0.0
grid16,491,2,1,278,277,-0.5
grid16,491,2,2,278,278,0.5
grid16,492,0,0,261,261,0.5
grid16,492,0,1,261,262,-0.5
grid16,492,0,2,261,279,0.0
grid16,492,1,0,262,261,-0.5
grid16,492,1,1,262,262,1.0
grid16,492,1,2,262,279,-0.5
grid16,492,2,0,279,261,0.0
grid16,492,2,1,279,262,-0.5
grid16,492,2,2,279,279,0.5
grid16,493,0,0,261,261,0.5
grid16,493,0,1,261,278,-0.5
grid16,493,0,2,261,279,0.0
grid16,493,1,0,278,261,-0.5
grid16,493,1,1,278,278,1.0
grid16,493,1,2,278,279,-0.5
grid16,493,2,0,279,261,0.0
grid16,493,2,1,279,278,-0.5
grid16,493,2,2,279,279,0.5
grid16,494,0,0,262,262,0.5
grid16,494,0,1,262,263,-0.5
grid16,494,0,2,262,280,0.0
grid16,494,1,0,263,262,-0.5
grid16,494,1,1,263,263,1.0
grid16,494,1,2,263,280,-0.5
grid16,494,2,0,280,262,0.0
grid16,494,2,1,280,263,-0.5
grid16,494,2,2,280,280,0.5
grid16,495,0,0,262,262,0.5
grid16,495,0,1,262,279,-0.5
grid16,495,0,2,262,280,0.0
grid16,495,1,0,279,262,-0.5
grid16,495,1,1,279,279,1.0
grid16,495,1,2,279,280,-0.5
grid16,495,2,0,280,262,0.0
grid16,495,2,1,280,279,-0.5
grid16,495,2,2,280,280,0.5
grid16,496,0,0,263,263,0.5
grid16,496,0,1,263,264,-0.5
grid16,496,0,2,263,281,0.0
grid16,496,1,0,264,263,-0.5
grid16,496,1,1,264,264,1.0
grid16,496,1,2,264,281,-0.5
grid16,496,2,0,281,263,0.0
grid16,496,2,1,281,264,-0.5
grid16,496,2,2,281,281,0.5
grid16,497,0,0,263,263,0.5
grid16,497,0,1,263,280,-0.5
grid16,497,0,2,263,281,0.0
grid16,497,1,0,280,263,-0.5
grid16,497,1,1,280,280,1.0
grid16,497,1,2,280,281,-0.5
grid16,497,2,0,281,263,0.0
grid16,497,2,1,281,280,-0.5
grid16,497,2,2,281,281,0.5
grid16,498,0,0,264,264,0.5
grid16,498,0,1,264,265,-0.5
grid16,498,0,2,264,282,0.0
grid16,498,1,0,265,264,-0.5
grid16,498,1,1,265,265,1.0
grid16,498,1,2,265,282,-0.5
grid16,498,2,0,282,264,0.0
grid16,498,2,1,282,265,-0.5
grid16,498,2,2,282,282,0.5
grid16,499,0,0,264,264,0.5
grid16,499,0,1,264,281,-0.5
grid16,499,0,2,264,282,0.0
grid16,499,1,0,281,264,-0.5
grid16,499,1,1,281,281,1.0
grid16,499,1,2,281,282,-0.5
grid16,499,2,0,282,264,0.0
grid16,499,2,1,282,281,-0.5
grid16,499,2,2,282,282,0.5
grid16,500,0,0,265,265,0.5
grid16,500,0,1,265,266,-0.5
grid16,500,0,2,265,283,0.0
grid16,500,1,0,266,265,-0.5
grid16,500,1,1,266,266,1.0
grid16,500,1,2,266,283,-0.5
grid16,500,2,0,283,265,0.0
grid16,500,2,1,283,266,-0.5
grid16,500,2,2,283,283,0.5
grid16,501,0,0,265,265,0.5
grid16,501,0,1,265,282,-0.5
grid16,501,0,2,265,283,0.0
grid16,501,1,0,282,265,-0.5
grid16,501,1,1,282,282,1.0
grid16,501,1,2,282,283,-0.5
grid16,501,2,0,283,265,0.0
grid16,501,2,1,283,282,-0.5
grid16,501,2,2,283,283,0.5
grid16,502,0,0,266,266,0.5
grid16,502,0,1,266,267,-0.5
grid16,502,0,2,266,284,0.0
grid16,502,1,0,267,266,-0.5
grid16,502,1,1,267,267,1.0
grid16,502,1,2,267,284,-0.5
grid16,502,2,0,284,266,0.0
grid16,502,2,1,284,267,-0.5
grid16,502,2,2,284,284,0.5
grid16,503,0,0,266,266,0.5
grid16,503,0,1,266,283,-0.5
grid16,503,0,2,266,284,0.0
grid16,503,1,0,283,266,-0.5
grid16,503,1,1,283,283,1.0
grid16,503,1,2,283,284,-0.5
grid16,503,2,0,284,266,0.0
grid16,503,2,1,284,283,-0.5
grid16,503,2,2,284,284,0.5
grid16,504,0,0,267,267,0.5
grid16,504,0,1,267,268,-0.5
grid16,504,0,2,267,285,0.0
grid16,504,1,0,268,267,-0.5
grid16,504,1,1,268,268,1.0
grid16,504,1,2,268,285,-0.5
grid16,504,2,0,285,267,0.0
grid16,504,2,1,285,268,-0.5
grid16,504,2,2,285,285,0.5
grid16,505,0,0,267,267,0.5
grid16,505,0,1,267,284,-0.5
grid16,505,0,2,267,285,0.0
grid16,505,1,0,284,267,-0.5
grid16,505,1,1,284,284,1.0
grid16,505,1,2,284,285,-0.5
grid16,505,2,0,285,267,0.0
grid16,505,2,1,285,284,-0.5
grid16,505,2,2,285,285,0.5
grid16,506,0,0,268,268,0.5
grid16,506,0,1,268,269,-0.5
grid16,506,0,2,268,286,0.0
grid16,506,1,0,269,268,-0.5
grid16,506,1,1,269,269,1.0
grid16,506,1,2,269,286,-0.5
grid16,506,2,0,286,268,0.0
grid16,506,2,1,286,269,-0.5
grid16,506,2,2,286,286,0.5
grid16,507,0,0,268,268,0.5
grid16,507,0,1,268,285,-0.5
grid16,507,0,2,268,286,0.0
grid16,507,1,0,285,268,-0.5
grid16,507,1,1,285,285,1.0
grid16,507,1,2,285,286,-0.5
grid16,507,2,0,286,268,0.0
grid16,507,2,1,286,285,-0.5
grid16,507,2,2,286,286,0.5
grid16,508,0,0,269,269,0.5
grid16,508,0,1,269,270,-0.5
grid16,508,0,2,269,287,0.0
grid16,508,1,0,270,269,-0.5
grid16,508,1,1,270,270,1.0
grid16,508,1,2,270,287,-0.5
grid16,508,2,0,287,269,0.0
grid16,508,2,1,287,270,-0.5
grid16,508,2,2,287,287,0.5
grid16,509,0,0,269,269,0.5
grid16,509,0,1,269,286,-0.5
grid16,509,0,2,269,287,0.0
grid16,509,1,0,286,269,-0.5
grid16,509,1,1,286,286,1.0
grid16,509,1,2,286,287,-0.5
grid16,509,2,0,287,269,0.0
grid16,509,2,1,287,286,-0.5
grid16,509,2,2,287,287,0.5
grid16,510,0,0,270,270,0.5
grid16,510,0,1,270,271,-0.5
grid16,510,0,2,270,288,0.0
grid16,510,1,0,271,270,-0.5
grid16,510,1,1,271,271,1.0
grid16,510,1,2,271,288,-0.5
grid16,510,2,0,288,270,0.0
grid16,510,2,1,288,271,-0.5
grid16,510,2,2,288,288,0.5
grid16,511,0,0,270,270,0.5
grid16,511,0,1,270,287,-0.5
grid16,511,0,2,270,288,0.0
grid16,511,1,0,287,270,-0.5
grid16,511,1,1,287,287,1.0
grid16,511,1,2,287,288,-0.5
grid16,511,2,0,288,270,0.0
grid16,511,2,1,288,287,-0.5
grid16,511,2,2,288,288,0.5
alternate4,0,0,0,0,0,0.5
alternate4,0,0,1,0,1,-0.5
alternate4,0,0,2,0,6,0.0
alternate4,0,1,0,1,0,-0.5
alternate4,0,1,1,1,1,1.0
alternate4,0,1,2,1,6,-0.5
alternate4,0,2,0,6,0,0.0
alternate4,0,2,1,6,1,-0.5
alternate4,0,2,2,6,6,0.5
alternate4,1,0,0,0,0,0.5
alternate4,1,0,1,0,5,-0.5
alternate4,1,0,2,0,6,0.0
alternate4,1,1,0,5,0,-0.5
alternate4,1,1,1,5,5,1.0
alternate4,1,1,2,5,6,-0.5
alternate4,1,2,0,6,0,0.0
alternate4,1,2,1,6,5,-0.5
alternate4,1,2,2,6,6,0.5
alternate4,2,0,0,1,1,1.0
alternate4,2,0,1,1,2,-0.5
alternate4,2,0,2,1,6,-0.5
alternate4,2,1,0,2,1,-0.5
alternate4,2,1,1,2,2,0.5
alternate4,2,1,2,2,6,0.0
alternate4,2,2,0,6,1,-0.5
alternate4,2,2,1,6,2,0.0
alternate4,2,2,2,6,6,0.5
alternate4,3,0,0,2,2,0.5
alternate4,3,0,1,2,6,0.0
alternate4,3,0,2,2,7,-0.5
alternate4,3,1,0,6,2,0.0
alternate4,3,1,1,6,6,0.5
alternate4,3,1,2,6,7,-0.5
alternate4,3,2,0,7,2,-0.5
alternate4,3,2,1,7,6,-0.5
alternate4,3,2,2,7,7,1.0
alternate4,4,0,0,2,2,0.5
alternate4,4,0,1,2,3,-0.5
alternate4,4,0,2,2,8,0.0
alternate4,4,1,0,3,2,-0.5
alternate4,4,1,1,3,3,1.0
alternate4,4,1,2,3,8,-0.5
alternate4,4,2,0,8,2,0.0
alternate4,4,2,1,8,3,-0.5
alternate4,4,2,2,8,8,0.5
alternate4,5,0,0,2,2,0.5
alternate4,5,0,1,2,7,-0.5
alternate4,5,0,2,2,8,0.0
alternate4,5,1,0,7,2,-0.5
alternate4,5,1,1,7,7,1.0
alternate4,5,1,2,7,8,-0.5
alternate4,5,2,0,8,2,0.0
alternate4,5,2,1,8,7,-0.5
alternate4,5,2,2,8,8,0.5
alternate4,6,0,0,3,3,1.0
alternate4,6,0,1,3,4,-0.5
alternate4,6,0,2,3,8,-0.5
alternate4,6,1,0,4,3,-0.5
alternate4,6,1,1,4,4,0.5
alternate4,6,1,2,4,8,0.0
alternate4,6,2,0,8,3,-0.5
alternate4,6,2,1,8,4,0.0
alternate4,6,2,2,8,8,0.5
alternate4,7,0,0,4,4,0.5
alternate4,7,0,1,4,8,0.0
alternate4,7,0,2,4,9,-0.5
alternate4,7,1,0,8,4,0.0
alternate4,7,1,1,8,8,0.5
alternate4,7,1,2,8,9,-0.5
alternate4,7,2,0,9,4,-0.5
alternate4,7,2,1,9,8,-0.5
alternate4,7,2,2,9,9,1.0
alternate4,8,0,0,5,5,1.0
alternate4,8,0,1,5,6,-0.5
alternate4,8,0,2,5,10,-0.5
alternate4,8,1,0,6,5,-0.5
alternate4,8,1,1,6,6,0.5
alternate4,8,1,2,6,10,0.0
alternate4,8,2,0,10,5,-0.5
alternate4,8,2,1,10,6,0.0
alternate4,8,2,2,10,10,0.5
alternate4,9,0,0,6,6,0.5
alternate4,9,0,1,6,10,0.0
alternate4,9,0,2,6,11,-0.5
alternate4,9,1,0,10,6,0.0
alternate4,9,1,1,10,10,0.5
alternate4,9,1,2,10,11,-0.5
alternate4,9,2,0,11,6,-0.5
alternate4,9,2,1,11,10,-0.5
alternate4,9,2,2,11,11,1.0
alternate4,10,0,0,6,6,0.5
alternate4,10,0,1,6,7,-0.5
alternate4,10,0,2,6,12,0.0
alternate4,10,1,0,7,6,-0.5
alternate4,10,1,1,7,7,1.0
alternate4,10,1,2,7,12,-0.5
alternate4,10,2,0,12,6,0.0
alternate4,10,2,1,12,7,-0.5
alternate4,10,2,2,12,12,0.5
alternate4,11,0,0,6,6,0.5
alternate4,11,0,1,6,11,-0.5
alternate4,11,0,2,6,12,0.0
alternate4,11,1,0,11,6,-0.5
alternate4,11,1,1,11,11,1.0
alternate4,11,1,2,11,12,-0.5
alternate4,11,2,0,12,6,0.0
alternate4,11,2,1,12,11,-0.5
alternate4,11,2,2,12,12,0.5
alternate4,12,0,0,7,7,1.0
alternate4,12,0,1,7,8,-0.5
alternate4,12,0,2,7,12,-0.5
alternate4,12,1,0,8,7,-0.5
alternate4,12,1,1,8,8,0.5
alternate4,12,1,2,8,12,0.0
alternate4,12,2,0,12,7,-0.5
alternate4,12,2,1,12,8,0.0
alternate4,12,2,2,12,12,0.5
alternate4,13,0,0,8,8,0.5
alternate4,13,0,1,8,12,0.0
alternate4,13,0,2,8,13,-0.5
alternate4,13,1,0,12,8,0.0
alternate4,13,1,1,12,12,0.5
alternate4,13,1,2,12,13,-0.5
alternate4,13,2,0,13,8,-0.5
alternate4,13,2,1,13,12,-0.5
alternate4,13,2,2,13,13,1.0
alternate4,14,0,0,8,8,0.5
alternate4,14,0,1,8,9,-0.5
alternate4,14,0,2,8,14,0.0
alternate4,14,1,0,9,8,-0.5
alternate4,14,1,1,9,9,1.0
alternate4,14,1,2,9,14,-0.5
alternate4,14,2,0,14,8,0.0
alternate4,14,2,1,14,9,-0.5
alternate4,14,2,2,14,14,0.5
alternate4,15,0,0,8,8,0.5
alternate4,15,0,1,8,13,-0.5
alternate4,15,0,2,8,14,0.0
alternate4,15,1,0,13,8,-0.5
alternate4,15,1,1,13,13,1.0
alternate4,15,1,2,13,14,-0.5
alternate4,15,2,0,14,8,0.0
alternate4,15,2,1,14,13,-0.5
alternate4,15,2,2,14,14,0.5
alternate4,16,0,0,10,10,0.5
alternate4,16,0,1,10,11,-0.5
alternate4,16,0,2,10,16,0.0
alternate4,16,1,0,11,10,-0.5
alternate4,16,1,1,11,11,1.0
alternate4,16,1,2,11,16,-0.5
alternate4,16,2,0,16,10,0.0
alternate4,16,2,1,16,11,-0.5
alternate4,16,2,2,16,16,0.5
alternate4,17,0,0,10,10,0.5
alternate4,17,0,1,10,15,-0.5
alternate4,17,0,2,10,16,0.0
alternate4,17,1,0,15,10,-0.5
alternate4,17,1,1,15,15,1.0
alternate4,17,1,2,15,16,-0.5
alternate4,17,2,0,16,10,0.0
alternate4,17,2,1,16,15,-0.5
alternate4,17,2,2,16,16,0.5
alternate4,18,0,0,11,11,1.0
alternate4,18,0,1,11,12,-0.5
alternate4,18,0,2,11,16,-0.5
alternate4,18,1,0,12,11,-0.5
alternate4,18,1,1,12,12,0.5
alternate4,18,1,2,12,16,0.0
alternate4,18,2,0,16,11,-0.5
alternate4,18,2,1,16,12,0.0
alternate4,18,2,2,16,16,0.5
alternate4,19,0,0,12,12,0.5
alternate4,19,0,1,12,16,0.0
alternate4,19,0,2,12,17,-0.5
alternate4,19,1,0,16,12,0.0
alternate4,19,1,1,16,16,0.5
alternate4,19,1,2,16,17,-0.5
alternate4,19,2,0,17,12,-0.5
alternate4,19,2,1,17,16,-0.5
alternate4,19,2,2,17,17,1.0
alternate4,20,0,0,12,12,0.5
alternate4,20,0,1,12,13,-0.5
alternate4,20,0,2,12,18,0.0
alternate4,20,1,0,13,12,-0.5
alternate4,20,1,1,13,13,1.0
alternate4,20,1,2,13,18,-0.5
alternate4,20,2,0,18,12,0.0
alternate4,20,2,1,18,13,-0.5
alternate4,20,2,2,18,18,0.5
alternate4,21,0,0,12,12,0.5
alternate4,21,0,1,12,17,-0.5
alternate4,21,0,2,12,18,0.0
alternate4,21,1,0,17,12,-0.5
alternate4,21,1,1,17,17,1.0
alternate4,21,1,2,17,18,-0.5
alternate4,21,2,0,18,12,0.0
alternate4,21,2,1,18,17,-0.5
alternate4,21,2,2,18,18,0.5
alternate4,22,0,0,13,13,1.0
alternate4,22,0,1,13,14,-0.5
alternate4,22,0,2,13,18,-0.5
alternate4,22,1,0,14,13,-0.5
alternate4,22,1,1,14,14,0.5
alternate4,22,1,2,14,18,0.0
alternate4,22,2,0,18,13,-0.5
alternate4,22,2,1,18,14,0.0
alternate4,22,2,2,18,18,0.5
alternate4,23,0,0,14,14,0.5
alternate4,23,0,1,14,18,0.0
alternate4,23,0,2,14,19,-0.5
alternate4,23,1,0,18,14,0.0
alternate4,23,1,1,18,18,0.5
alternate4,23,1,2,18,19,-0.5
alternate4,23,2,0,19,14,-0.5
alternate4,23,2,1,19,18,-0.5
alternate4,23,2,2,19,19,1.0
alternate4,24,0,0,15,15,1.0
alternate4,24,0,1,15,16,-0.5
alternate4,24,0,2,15,20,-0.5
alternate4,24,1,0,16,15,-0.5
alternate4,24,1,1,16,16,0.5
alternate4,24,1,2,16,20,0.0
alternate4,24,2,0,20,15,-0.5
alternate4,24,2,1,20,16,0.0
alternate4,24,2,2,20,20,0.5
alternate4,25,0,0,16,16,0.5
alternate4,25,0,1,16,20,0.0
alternate4,25,0,2,16,21,-0.5
alternate4,25,1,0,20,16,0.0
alternate4,25,1,1,20,20,0.5
alternate4,25,1,2,20,21,-0.5
alternate4,25,2,0,21,16,-0.5
alternate4,25,2,1,21,20,-0.5
alternate4,25,2,2,21,21,1.0
alternate4,26,0,0,16,16,0.5
alternate4,26,0,1,16,17,-0.5
alternate4,26,0,2,16,22,0.0
alternate4,26,1,0,17,16,-0.5
alternate4,26,1,1,17,17,1.0
alternate4,26,1,2,17,22,-0.5
alternate4,26,2,0,22,16,0.0
alternate4,26,2,1,22,17,-0.5
alternate4,26,2,2,22,22,0.5
alternate4,27,0,0,16,16,0.5
alternate4,27,0,1,16,21,-0.5
alternate4,27,0,2,16,22,0.0
alternate4,27,1,0,21,16,-0.5
alternate4,27,1,1,21,21,1.0
alternate4,27,1,2,21,22,-0.5
alternate4,27,2,0,22,16,0.0
alternate4,27,2,1,22,21,-0.5
alternate4,27,2,2,22,22,0.5
alternate4,28,0,0,17,17,1.0
alternate4,28,0,1,17,18,-0.5
alternate4,28,0,2,17,22,-0.5
alternate4,28,1,0,18,17,-0.5
alternate4,28,1,1,18,18,0.5
alternate4,28,1,2,18,22,0.0
alternate4,28,2,0,22,17,-0.5
alternate4,28,2,1,22,18,0.0
alternate4,28,2,2,22,22,0.5
alternate4,29,0,0,18,18,0.5
alternate4,29,0,1,18,22,0.0
alternate4,29,0,2,18,23,-0.5
alternate4,29,1,0,22,18,0.0
alternate4,29,1,1,22,22,0.5
alternate4,29,1,2,22,23,-0.5
alternate4,29,2,0,23,18,-0.5
alternate4,29,2,1,23,22,-0.5
alternate4,29,2,2,23,23,1.0
alternate4,30,0,0,18,18,0.5
alternate4,30,0,1,18,19,-0.5
alternate4,30,0,2,18,24,0.0
alternate4,30,1,0,19,18,-0.5
alternate4,30,1,1,19,19,1.0
alternate4,30,1,2,19,24,-0.5
alternate4,30,2,0,24,18,0.0
alternate4,30,2,1,24,19,-0.5
alternate4,30,2,2,24,24,0.5
alternate4,31,0,0,18,18,0.5
alternate4,31,0,1,18,23,-0.5
alternate4,31,0,2,18,24,0.0
alternate4,31,1,0,23,18,-0.5
alternate4,31,1,1,23,23,1.0
alternate4,31,1,2,23,24,-0.5
alternate4,31,2,0,24,18,0.0
alternate4,31,2,1,24,23,-0.5
alternate4,31,2,2,24,24,0.5
