mesh,x,y,solution,exact,error
fan,0.0,0.5,0.0,0.0,0.0
fan,0.0025,0.5,0.0003333333333333337,0.0006234375000000001,-0.0002901041666666664
fan,0.005,0.5,0.0006666666666666674,0.00124375,-0.0005770833333333327
fan,0.0075,0.5,0.001000000000000001,0.0018609375,-0.0008609374999999989
fan,0.01,0.5,0.0013333333333333348,0.002475,-0.0011416666666666654
fan,0.0125,0.5,0.0016666666666666685,0.0030859375,-0.0014192708333333316
fan,0.015,0.5,0.002000000000000002,0.00369375,-0.0016937499999999978
fan,0.0175,0.5,0.0023333333333333357,0.0042984375,-0.0019651041666666645
fan,0.02,0.5,0.0026666666666666696,0.0049,-0.0022333333333333302
fan,0.0225,0.5,0.003000000000000003,0.0054984375,-0.0024984374999999968
fan,0.025,0.5,0.003333333333333337,0.00609375,-0.002760416666666663
fan,0.0275,0.5,0.0036666666666666705,0.0066859375,-0.0030192708333333295
fan,0.03,0.5,0.004000000000000004,0.007274999999999999,-0.003274999999999995
fan,0.0325,0.5,0.0043333333333333305,0.0078609375,-0.0035276041666666693
fan,0.035,0.5,0.004666666666666671,0.00844375,-0.0037770833333333285
fan,0.0375,0.5,0.004999999999999998,0.0090234375,-0.004023437500000002
fan,0.04,0.5,0.005333333333333331,0.0096,-0.004266666666666668
fan,0.0425,0.5,0.005666666666666665,0.0101734375,-0.004506770833333335
fan,0.045,0.5,0.005999999999999999,0.01074375,-0.004743750000000001
fan,0.0475,0.5,0.006333333333333333,0.0113109375,-0.004977604166666667
fan,0.05,0.5,0.006666666666666666,0.011875,-0.005208333333333334
fan,0.0525,0.5,0.007,0.012435937499999999,-0.005435937499999999
fan,0.055,0.5,0.007333333333333334,0.01299375,-0.005660416666666666
fan,0.0575,0.5,0.007666666666666668,0.013548437500000001,-0.0058817708333333335
fan,0.06,0.5,0.008000000000000002,0.014099999999999998,-0.006099999999999996
fan,0.0625,0.5,0.008333333333333335,0.0146484375,-0.006315104166666665
fan,0.065,0.5,0.008666666666666668,0.01519375,-0.006527083333333333
fan,0.0675,0.5,0.009000000000000003,0.0157359375,-0.006735937499999999
fan,0.07,0.5,0.009333333333333336,0.016275,-0.006941666666666665
fan,0.0725,0.5,0.009666666666666669,0.016810937499999998,-0.007144270833333329
fan,0.075,0.5,0.010000000000000004,0.01734375,-0.007343749999999998
fan,0.0775,0.5,0.010333333333333337,0.0178734375,-0.007540104166666662
fan,0.08,0.5,0.010666666666666672,0.0184,-0.007733333333333328
fan,0.0825,0.5,0.011000000000000005,0.0189234375,-0.007923437499999996
fan,0.085,0.5,0.011333333333333338,0.019443750000000003,-0.008110416666666665
fan,0.0875,0.5,0.011666666666666672,0.019960937499999998,-0.008294270833333325
fan,0.09,0.5,0.011999999999999999,0.020475,-0.008475000000000002
fan,0.0925,0.5,0.012333333333333339,0.0209859375,-0.008652604166666661
fan,0.095,0.5,0.012666666666666666,0.021493750000000002,-0.008827083333333336
fan,0.0975,0.5,0.013000000000000006,0.0219984375,-0.008998437499999993
fan,0.1,0.5,0.013333333333333332,0.022500000000000003,-0.00916666666666667
fan,0.1025,0.5,0.013666666666666667,0.022998437499999996,-0.009331770833333329
fan,0.105,0.5,0.014,0.02349375,-0.00949375
fan,0.1075,0.5,0.014333333333333333,0.0239859375,-0.009652604166666665
fan,0.11,0.5,0.014666666666666668,0.024475,-0.009808333333333332
fan,0.1125,0.5,0.015000000000000001,0.0249609375,-0.009960937499999998
fan,0.115,0.5,0.015333333333333336,0.02544375,-0.010110416666666665
fan,0.1175,0.5,0.01566666666666667,0.0259234375,-0.010256770833333331
fan,0.12,0.5,0.016000000000000004,0.0264,-0.010399999999999996
fan,0.1225,0.5,0.016333333333333335,0.026873437499999996,-0.010540104166666661
fan,0.125,0.5,0.01666666666666667,0.02734375,-0.01067708333333333
fan,0.1275,0.5,0.017000000000000005,0.0278109375,-0.010810937499999996
fan,0.13,0.5,0.017333333333333336,0.028275,-0.010941666666666666
fan,0.1325,0.5,0.01766666666666667,0.0287359375,-0.011069270833333329
fan,0.135,0.5,0.018000000000000006,0.02919375,-0.011193749999999995
fan,0.1375,0.5,0.018333333333333337,0.029648437500000003,-0.011315104166666666
fan,0.14,0.5,0.01866666666666667,0.030100000000000002,-0.01143333333333333
fan,0.1425,0.5,0.019,0.030548437499999997,-0.011548437499999998
fan,0.145,0.5,0.019333333333333338,0.030993749999999997,-0.01166041666666666
fan,0.1475,0.5,0.019666666666666666,0.0314359375,-0.011769270833333331
fan,0.15,0.5,0.020000000000000007,0.031875,-0.011874999999999993
fan,0.1525,0.5,0.02033333333333333,0.0323109375,-0.011977604166666666
fan,0.155,0.5,0.020666666666666673,0.03274375,-0.012077083333333329
fan,0.1575,0.5,0.021,0.0331734375,-0.012173437499999998
fan,0.16,0.5,0.021333333333333343,0.0336,-0.012266666666666655
fan,0.1625,0.5,0.021666666666666667,0.0340234375,-0.012356770833333336
fan,0.165,0.5,0.02200000000000001,0.03444375,-0.012443749999999993
fan,0.1675,0.5,0.022333333333333337,0.0348609375,-0.012527604166666664
fan,0.17,0.5,0.022666666666666675,0.035275,-0.012608333333333326
fan,0.1725,0.5,0.023000000000000003,0.0356859375,-0.012685937499999998
fan,0.175,0.5,0.023333333333333338,0.036093749999999994,-0.012760416666666656
fan,0.1775,0.5,0.02366666666666667,0.0364984375,-0.012831770833333332
fan,0.18,0.5,0.024000000000000004,0.0369,-0.012899999999999998
fan,0.1825,0.5,0.02433333333333334,0.037298437499999997,-0.012965104166666658
fan,0.185,0.5,0.02466666666666667,0.03769375,-0.013027083333333328
fan,0.1875,0.5,0.025000000000000005,0.0380859375,-0.013085937499999995
fan,0.19,0.5,0.02533333333333334,0.038475,-0.013141666666666663
fan,0.1925,0.5,0.02566666666666667,0.0388609375,-0.013194270833333327
fan,0.195,0.5,0.026000000000000006,0.03924375,-0.013243749999999995
fan,0.1975,0.5,0.02633333333333334,0.039623437500000004,-0.013290104166666664
fan,0.2,0.5,0.026666666666666672,0.04000000000000001,-0.013333333333333336
fan,0.2025,0.5,0.027000000000000007,0.040373437500000005,-0.013373437499999998
fan,0.205,0.5,0.027333333333333334,0.04074375,-0.013410416666666668
fan,0.2075,0.5,0.027666666666666673,0.0411109375,-0.013444270833333327
fan,0.21,0.5,0.028,0.041475,-0.013474999999999997
fan,0.2125,0.5,0.028333333333333342,0.041835937499999996,-0.013502604166666654
fan,0.215,0.5,0.028666666666666667,0.04219375,-0.013527083333333335
fan,0.2175,0.5,0.02900000000000001,0.0425484375,-0.013548437499999993
fan,0.22,0.5,0.029333333333333336,0.0429,-0.013566666666666664
fan,0.2225,0.5,0.029666666666666678,0.0432484375,-0.013581770833333322
fan,0.225,0.5,0.030000000000000002,0.04359375,-0.013593749999999998
fan,0.2275,0.5,0.030333333333333344,0.0439359375,-0.013602604166666657
fan,0.23,0.5,0.030666666666666672,0.044275,-0.01360833333333333
fan,0.2325,0.5,0.03100000000000001,0.0446109375,-0.013610937499999993
fan,0.235,0.5,0.03133333333333334,0.04494375,-0.01361041666666666
fan,0.2375,0.5,0.03166666666666667,0.04527343749999999,-0.013606770833333323
fan,0.24,0.5,0.03200000000000001,0.0456,-0.013599999999999994
fan,0.2425,0.5,0.03233333333333334,0.045923437500000004,-0.013590104166666665
fan,0.245,0.5,0.03266666666666667,0.04624375,-0.01357708333333333
fan,0.2475,0.5,0.03300000000000001,0.046560937499999996,-0.013560937499999988
fan,0.25,0.5,0.03333333333333334,0.046875,-0.01354166666666666
fan,0.2525,0.5,0.03366666666666667,0.047185937500000004,-0.013519270833333333
fan,0.255,0.5,0.03400000000000001,0.04749375,-0.013493749999999992
fan,0.2575,0.5,0.03433333333333334,0.0477984375,-0.013465104166666658
fan,0.26,0.5,0.03466666666666667,0.048100000000000004,-0.013433333333333332
fan,0.2625,0.5,0.03500000000000001,0.0483984375,-0.013398437499999992
fan,0.265,0.5,0.03533333333333334,0.04869375,-0.01336041666666666
fan,0.2675,0.5,0.03566666666666667,0.0489859375,-0.013319270833333327
fan,0.27,0.5,0.03600000000000001,0.049275,-0.013274999999999988
fan,0.2725,0.5,0.03633333333333334,0.049560937500000006,-0.013227604166666664
fan,0.275,0.5,0.036666666666666674,0.04984375,-0.013177083333333325
fan,0.2775,0.5,0.03700000000000001,0.0501234375,-0.013123437499999988
fan,0.28,0.5,0.03733333333333334,0.0504,-0.013066666666666657
fan,0.2825,0.5,0.03766666666666667,0.050673437499999995,-0.013006770833333327
fan,0.285,0.5,0.038000000000000006,0.05094375,-0.012943749999999997
fan,0.2875,0.5,0.03833333333333334,0.0512109375,-0.01287760416666666
fan,0.29,0.5,0.03866666666666667,0.05147499999999999,-0.012808333333333324
fan,0.2925,0.5,0.03900000000000001,0.051735937499999995,-0.012735937499999989
fan,0.295,0.5,0.03933333333333334,0.051993750000000005,-0.012660416666666667
fan,0.2975,0.5,0.03966666666666667,0.0522484375,-0.012581770833333332
fan,0.3,0.5,0.04000000000000001,0.0525,-0.01249999999999999
fan,0.3025,0.5,0.04033333333333334,0.0527484375,-0.012415104166666663
fan,0.305,0.5,0.04066666666666667,0.052993750000000006,-0.012327083333333336
fan,0.3075,0.5,0.04100000000000001,0.0532359375,-0.012235937499999988
fan,0.31,0.5,0.04133333333333334,0.053474999999999995,-0.012141666666666655
fan,0.3125,0.5,0.04166666666666667,0.0537109375,-0.012044270833333329
fan,0.315,0.5,0.04200000000000001,0.053943750000000006,-0.011943749999999996
fan,0.3175,0.5,0.04233333333333334,0.0541734375,-0.011840104166666657
fan,0.32,0.5,0.04266666666666668,0.0544,-0.011733333333333318
fan,0.3225,0.5,0.04300000000000001,0.054623437500000004,-0.011623437499999993
fan,0.325,0.5,0.04333333333333334,0.054843750000000004,-0.011510416666666662
fan,0.3275,0.5,0.04366666666666668,0.055060937500000004,-0.011394270833333324
fan,0.33,0.5,0.04400000000000001,0.055275,-0.011274999999999986
fan,0.3325,0.5,0.04433333333333334,0.0554859375,-0.011152604166666656
fan,0.335,0.5,0.04466666666666668,0.05569375000000001,-0.011027083333333326
fan,0.3375,0.5,0.04500000000000001,0.0558984375,-0.01089843749999999
fan,0.34,0.5,0.045333333333333344,0.0561,-0.010766666666666654
fan,0.3425,0.5,0.04566666666666668,0.0562984375,-0.010631770833333318
fan,0.345,0.5,0.046000000000000006,0.056493749999999995,-0.01049374999999999
fan,0.3475,0.5,0.04633333333333334,0.056685937500000005,-0.010352604166666668
fan,0.35,0.5,0.046666666666666676,0.056874999999999995,-0.01020833333333332
fan,0.3525,0.5,0.04700000000000001,0.05706093749999999,-0.010060937499999985
fan,0.355,0.5,0.04733333333333334,0.057243749999999996,-0.009910416666666658
fan,0.3575,0.5,0.04766666666666668,0.0574234375,-0.009756770833333324
fan,0.36,0.5,0.04800000000000001,0.0576,-0.00959999999999999
fan,0.3625,0.5,0.04833333333333334,0.0577734375,-0.009440104166666657
fan,0.365,0.5,0.04866666666666668,0.05794375,-0.009277083333333325
fan,0.3675,0.5,0.04900000000000001,0.05811093750000001,-0.0091109375
fan,0.37,0.5,0.04933333333333334,0.058275,-0.00894166666666666
fan,0.3725,0.5,0.04966666666666668,0.05843593749999999,-0.008769270833333315
fan,0.375,0.5,0.05000000000000001,0.05859375,-0.00859374999999999
fan,0.3775,0.5,0.05033333333333334,0.05874843750000001,-0.008415104166666666
fan,0.38,0.5,0.05066666666666668,0.0589,-0.008233333333333322
fan,0.3825,0.5,0.05100000000000001,0.059048437499999995,-0.008048437499999984
fan,0.385,0.5,0.05133333333333334,0.05919375,-0.007860416666666661
fan,0.3875,0.5,0.05166666666666668,0.059335937500000005,-0.007669270833333325
fan,0.39,0.5,0.05200000000000001,0.059475,-0.007474999999999989
fan,0.3925,0.5,0.05233333333333334,0.059610937499999996,-0.007277604166666653
fan,0.395,0.5,0.05266666666666668,0.05974375,-0.007077083333333317
fan,0.3975,0.5,0.05300000000000001,0.05987343750000001,-0.006873437499999996
fan,0.4,0.5,0.053333333333333344,0.06,-0.006666666666666654
fan,0.4025,0.5,0.05366666666666668,0.060123437499999995,-0.006456770833333313
fan,0.405,0.5,0.05400000000000001,0.06024375,-0.006243749999999985
fan,0.4075,0.5,0.05433333333333334,0.060360937499999996,-0.0060276041666666585
fan,0.41,0.5,0.054666666666666676,0.06047500000000001,-0.005808333333333332
fan,0.4125,0.5,0.05500000000000001,0.0605859375,-0.005585937499999992
fan,0.415,0.5,0.05533333333333334,0.06069374999999999,-0.005360416666666652
fan,0.4175,0.5,0.05566666666666668,0.0607984375,-0.00513177083333332
fan,0.42,0.5,0.05600000000000001,0.0609,-0.004899999999999995
fan,0.4225,0.5,0.05633333333333334,0.0609984375,-0.004665104166666663
fan,0.425,0.5,0.05666666666666668,0.061093749999999995,-0.004427083333333318
fan,0.4275,0.5,0.05700000000000001,0.0611859375,-0.0041859374999999935
fan,0.43,0.5,0.05733333333333334,0.061275,-0.003941666666666663
fan,0.4325,0.5,0.05766666666666668,0.0613609375,-0.0036942708333333185
fan,0.435,0.5,0.05800000000000001,0.06144374999999999,-0.0034437499999999815
fan,0.4375,0.5,0.05833333333333335,0.0615234375,-0.003190104166666652
fan,0.44,0.5,0.05866666666666668,0.06160000000000001,-0.0029333333333333295
fan,0.4425,0.5,0.05900000000000001,0.0616734375,-0.0026734374999999866
fan,0.445,0.5,0.05933333333333335,0.06174374999999999,-0.002410416666666644
fan,0.4475,0.5,0.05966666666666668,0.0618109375,-0.0021442708333333227
fan,0.45,0.5,0.06000000000000001,0.061875000000000006,-0.0018749999999999947
fan,0.4525,0.5,0.06033333333333335,0.0619359375,-0.0016026041666666532
fan,0.455,0.5,0.06066666666666668,0.06199374999999999,-0.001327083333333312
fan,0.4575,0.5,0.06100000000000001,0.0620484375,-0.0010484374999999851
fan,0.46,0.5,0.06133333333333335,0.06210000000000001,-0.0007666666666666586
fan,0.4625,0.5,0.06166666666666668,0.0621484375,-0.00048177083333331844
fan,0.465,0.5,0.06200000000000001,0.06219374999999999,-0.00019374999999997866
fan,0.4675,0.5,0.06233333333333335,0.0622359375,9.739583333335383e-05
fan,0.47,0.5,0.06266666666666668,0.062275,0.00039166666666667904
fan,0.4725,0.5,0.06300000000000001,0.062310937500000003,0.0006890625000000108
fan,0.475,0.5,0.06333333333333334,0.062343749999999996,0.0009895833333333423
fan,0.4775,0.5,0.06366666666666668,0.0623734375,0.0012932291666666804
fan,0.48,0.5,0.06400000000000002,0.0624,0.001600000000000018
fan,0.4825,0.5,0.06433333333333334,0.062423437500000005,0.0019098958333333346
fan,0.485,0.5,0.06466666666666668,0.06244375,0.0022229166666666786
fan,0.4875,0.5,0.06500000000000002,0.062460937499999994,0.002539062500000022
fan,0.49,0.5,0.06533333333333334,0.062475,0.0028583333333333377
fan,0.4925,0.5,0.06566666666666668,0.062485937500000005,0.0031807291666666737
fan,0.495,0.5,0.06600000000000002,0.06249375,0.0035062500000000163
fan,0.4975,0.5,0.06633333333333334,0.06249843749999999,0.0038348958333333516
fan,0.5,0.5,0.06666666666666668,0.0625,0.00416666666666668
fan,0.5025,0.5,0.06633333333333336,0.0624984375,0.0038348958333333585
fan,0.505,0.5,0.06600000000000002,0.06249375,0.0035062500000000163
fan,0.5075,0.5,0.06566666666666669,0.0624859375,0.0031807291666666945
fan,0.51,0.5,0.06533333333333334,0.062475,0.0028583333333333377
fan,0.5125,0.5,0.06500000000000002,0.0624609375,0.0025390625000000153
fan,0.515,0.5,0.06466666666666668,0.06244375,0.0022229166666666786
fan,0.5175,0.5,0.06433333333333335,0.0624234375,0.0019098958333333554
fan,0.52,0.5,0.06400000000000002,0.0624,0.001600000000000018
fan,0.5225,0.5,0.06366666666666668,0.062373437500000004,0.0012932291666666734
fan,0.525,0.5,0.06333333333333334,0.062343749999999996,0.0009895833333333423
fan,0.5275,0.5,0.06300000000000001,0.062310937500000003,0.0006890625000000108
fan,0.53,0.5,0.06266666666666668,0.062275,0.00039166666666667904
fan,0.5325,0.5,0.06233333333333335,0.0622359375,9.739583333335383e-05
fan,0.535,0.5,0.062000000000000006,0.06219375,-0.00019374999999999254
fan,0.5375,0.5,0.06166666666666668,0.0621484375,-0.00048177083333331844
fan,0.54,0.5,0.061333333333333344,0.0621,-0.0007666666666666586
fan,0.5425,0.5,0.06100000000000001,0.0620484375,-0.0010484374999999851
fan,0.545,0.5,0.060666666666666674,0.06199375,-0.001327083333333326
fan,0.5475,0.5,0.06033333333333335,0.0619359375,-0.0016026041666666532
fan,0.55,0.5,0.060000000000000005,0.061875,-0.0018749999999999947
fan,0.5525,0.5,0.05966666666666668,0.0618109375,-0.0021442708333333227
fan,0.555,0.5,0.059333333333333335,0.06174375,-0.002410416666666665
fan,0.5575,0.5,0.05900000000000001,0.0616734375,-0.0026734374999999866
fan,0.56,0.5,0.05866666666666667,0.061599999999999995,-0.0029333333333333225
fan,0.5625,0.5,0.05833333333333335,0.0615234375,-0.003190104166666652
fan,0.565,0.5,0.05800000000000002,0.06144375,-0.0034437499999999815
fan,0.5675,0.5,0.05766666666666668,0.0613609375,-0.0036942708333333185
fan,0.57,0.5,0.057333333333333354,0.061275,-0.003941666666666649
fan,0.5725,0.5,0.05700000000000001,0.0611859375,-0.0041859374999999935
fan,0.575,0.5,0.056666666666666685,0.06109375,-0.004427083333333318
fan,0.5775,0.5,0.05633333333333334,0.0609984375,-0.004665104166666663
fan,0.58,0.5,0.056000000000000015,0.0609,-0.004899999999999988
fan,0.5825,0.5,0.05566666666666668,0.0607984375,-0.00513177083333332
fan,0.585,0.5,0.055333333333333345,0.060693750000000005,-0.005360416666666659
fan,0.5875,0.5,0.05500000000000001,0.0605859375,-0.005585937499999992
fan,0.59,0.5,0.05466666666666668,0.060475,-0.005808333333333318
fan,0.5925,0.5,0.05433333333333334,0.060360937499999996,-0.0060276041666666585
fan,0.595,0.5,0.05400000000000001,0.06024375,-0.006243749999999985
fan,0.5975,0.5,0.053666666666666675,0.0601234375,-0.0064567708333333265
fan,0.6,0.5,0.053333333333333344,0.06,-0.006666666666666654
fan,0.6025,0.5,0.053000000000000005,0.0598734375,-0.006873437499999996
fan,0.605,0.5,0.05266666666666668,0.05974375,-0.007077083333333317
fan,0.6075,0.5,0.052333333333333336,0.059610937499999996,-0.00727760416666666
fan,0.61,0.5,0.05200000000000001,0.059475,-0.007474999999999989
fan,0.6125,0.5,0.05166666666666667,0.0593359375,-0.007669270833333325
fan,0.615,0.5,0.05133333333333334,0.05919375,-0.007860416666666661
fan,0.6175,0.5,0.051000000000000004,0.059048437499999995,-0.008048437499999991
fan,0.62,0.5,0.05066666666666668,0.0589,-0.008233333333333322
fan,0.6225,0.5,0.050333333333333334,0.05874843749999999,-0.00841510416666666
fan,0.625,0.5,0.05000000000000001,0.05859375,-0.00859374999999999
fan,0.6275,0.5,0.049666666666666685,0.0584359375,-0.008769270833333315
fan,0.63,0.5,0.04933333333333334,0.058275,-0.00894166666666666
fan,0.6325,0.5,0.049000000000000016,0.0581109375,-0.009110937499999985
fan,0.635,0.5,0.04866666666666668,0.05794375,-0.009277083333333325
fan,0.6375,0.5,0.048333333333333346,0.057773437500000004,-0.009440104166666657
fan,0.64,0.5,0.04800000000000001,0.0576,-0.00959999999999999
fan,0.6425,0.5,0.047666666666666684,0.0574234375,-0.009756770833333317
fan,0.645,0.5,0.04733333333333334,0.057243749999999996,-0.009910416666666658
fan,0.6475,0.5,0.047000000000000014,0.057060937500000006,-0.010060937499999992
fan,0.65,0.5,0.046666666666666676,0.056874999999999995,-0.01020833333333332
fan,0.6525,0.5,0.046333333333333344,0.056685937500000005,-0.010352604166666661
fan,0.655,0.5,0.046000000000000006,0.056493749999999995,-0.01049374999999999
fan,0.6575,0.5,0.04566666666666668,0.0562984375,-0.010631770833333318
fan,0.66,0.5,0.04533333333333334,0.0561,-0.01076666666666666
fan,0.6625,0.5,0.04500000000000001,0.0558984375,-0.01089843749999999
fan,0.665,0.5,0.044666666666666674,0.05569375,-0.011027083333333326
fan,0.6675,0.5,0.04433333333333334,0.0554859375,-0.011152604166666656
fan,0.67,0.5,0.044000000000000004,0.055275,-0.011274999999999993
fan,0.6725,0.5,0.04366666666666668,0.055060937500000004,-0.011394270833333324
fan,0.675,0.5,0.043333333333333335,0.05484375,-0.011510416666666662
fan,0.6775,0.5,0.04300000000000001,0.054623437500000004,-0.011623437499999993
fan,0.68,0.5,0.042666666666666665,0.0544,-0.011733333333333332
fan,0.6825,0.5,0.04233333333333334,0.0541734375,-0.011840104166666657
fan,0.685,0.5,0.042,0.05394374999999999,-0.011943749999999989
fan,0.6875,0.5,0.04166666666666667,0.0537109375,-0.012044270833333329
fan,0.69,0.5,0.04133333333333335,0.053475,-0.012141666666666655
fan,0.6925,0.5,0.04100000000000001,0.0532359375,-0.012235937499999988
fan,0.695,0.5,0.040666666666666684,0.052993750000000006,-0.012327083333333322
fan,0.6975,0.5,0.04033333333333334,0.0527484375,-0.012415104166666663
fan,0.7,0.5,0.040000000000000015,0.052500000000000005,-0.01249999999999999
fan,0.7025,0.5,0.03966666666666667,0.0522484375,-0.012581770833333332
fan,0.705,0.5,0.039333333333333345,0.051993750000000005,-0.01266041666666666
fan,0.7075,0.5,0.03900000000000001,0.051735937499999995,-0.012735937499999989
fan,0.71,0.5,0.038666666666666676,0.05147500000000001,-0.012808333333333331
fan,0.7125,0.5,0.03833333333333334,0.0512109375,-0.01287760416666666
fan,0.715,0.5,0.03800000000000001,0.05094375,-0.01294374999999999
fan,0.7175,0.5,0.03766666666666667,0.050673437499999995,-0.013006770833333327
fan,0.72,0.5,0.03733333333333334,0.0504,-0.013066666666666657
fan,0.7225,0.5,0.037000000000000005,0.0501234375,-0.013123437499999994
fan,0.725,0.5,0.036666666666666674,0.04984375,-0.013177083333333325
fan,0.7275,0.5,0.036333333333333336,0.0495609375,-0.013227604166666664
fan,0.73,0.5,0.03600000000000001,0.049275,-0.013274999999999988
fan,0.7325,0.5,0.035666666666666666,0.04898593749999999,-0.013319270833333327
fan,0.735,0.5,0.03533333333333334,0.04869375,-0.01336041666666666
fan,0.7375,0.5,0.035,0.048398437499999995,-0.013398437499999992
fan,0.74,0.5,0.03466666666666667,0.048100000000000004,-0.013433333333333332
fan,0.7425,0.5,0.034333333333333334,0.04779843749999999,-0.013465104166666658
fan,0.745,0.5,0.03400000000000001,0.04749375,-0.013493749999999992
fan,0.7475,0.5,0.033666666666666664,0.04718593749999999,-0.013519270833333326
fan,0.75,0.5,0.03333333333333334,0.046875,-0.01354166666666666
fan,0.7525,0.5,0.033000000000000015,0.0465609375,-0.013560937499999988
fan,0.755,0.5,0.03266666666666667,0.04624375,-0.01357708333333333
fan,0.7575,0.5,0.032333333333333346,0.045923437500000004,-0.013590104166666658
fan,0.76,0.5,0.03200000000000001,0.0456,-0.013599999999999994
fan,0.7625,0.5,0.031666666666666676,0.045273437500000006,-0.01360677083333333
fan,0.765,0.5,0.03133333333333334,0.04494375,-0.01361041666666666
fan,0.7675,0.5,0.03100000000000001,0.0446109375,-0.013610937499999993
fan,0.77,0.5,0.030666666666666672,0.044274999999999995,-0.013608333333333323
fan,0.7725,0.5,0.030333333333333344,0.04393593750000001,-0.013602604166666664
fan,0.775,0.5,0.030000000000000002,0.043593749999999994,-0.013593749999999991
fan,0.7775,0.5,0.029666666666666678,0.04324843750000001,-0.01358177083333333
fan,0.78,0.5,0.029333333333333336,0.042899999999999994,-0.013566666666666657
fan,0.7825,0.5,0.02900000000000001,0.0425484375,-0.013548437499999993
fan,0.785,0.5,0.028666666666666667,0.042193749999999995,-0.013527083333333328
fan,0.7875,0.5,0.028333333333333342,0.0418359375,-0.013502604166666661
fan,0.79,0.5,0.028,0.041475,-0.013474999999999997
fan,0.7925,0.5,0.027666666666666673,0.0411109375,-0.013444270833333327
fan,0.795,0.5,0.027333333333333334,0.040743749999999995,-0.01341041666666666
fan,0.7975,0.5,0.027000000000000007,0.040373437500000005,-0.013373437499999998
fan,0.8,0.5,0.026666666666666665,0.039999999999999994,-0.013333333333333329
fan,0.8025,0.5,0.02633333333333334,0.039623437500000004,-0.013290104166666664
fan,0.805,0.5,0.026,0.039243749999999994,-0.013243749999999995
fan,0.8075,0.5,0.02566666666666667,0.0388609375,-0.013194270833333327
fan,0.81,0.5,0.025333333333333333,0.03847499999999999,-0.013141666666666656
fan,0.8125,0.5,0.025000000000000005,0.0380859375,-0.013085937499999995
fan,0.815,0.5,0.024666666666666677,0.037693750000000005,-0.013027083333333328
fan,0.8175,0.5,0.02433333333333334,0.037298437499999997,-0.012965104166666658
fan,0.82,0.5,0.02400000000000001,0.03690000000000001,-0.012899999999999998
fan,0.8225,0.5,0.02366666666666667,0.0364984375,-0.012831770833333332
fan,0.825,0.5,0.023333333333333345,0.03609375000000001,-0.012760416666666663
fan,0.8275,0.5,0.023000000000000003,0.0356859375,-0.012685937499999998
fan,0.83,0.5,0.022666666666666675,0.03527500000000001,-0.012608333333333333
fan,0.8325,0.5,0.022333333333333337,0.034860937499999994,-0.012527604166666657
fan,0.835,0.5,0.02200000000000001,0.03444375000000001,-0.01244375
fan,0.8375,0.5,0.021666666666666667,0.034023437499999996,-0.012356770833333329
fan,0.84,0.5,0.021333333333333343,0.033600000000000005,-0.012266666666666662
fan,0.8425,0.5,0.021,0.03317343749999999,-0.012173437499999992
fan,0.845,0.5,0.020666666666666673,0.03274375,-0.012077083333333329
fan,0.8475,0.5,0.02033333333333333,0.0323109375,-0.011977604166666666
fan,0.85,0.5,0.020000000000000007,0.031875,-0.011874999999999993
fan,0.8525,0.5,0.019666666666666666,0.0314359375,-0.011769270833333331
fan,0.855,0.5,0.019333333333333338,0.030993750000000004,-0.011660416666666666
fan,0.8575,0.5,0.019,0.030548437499999994,-0.011548437499999994
fan,0.86,0.5,0.01866666666666667,0.030100000000000002,-0.01143333333333333
fan,0.8625,0.5,0.01833333333333333,0.029648437499999993,-0.011315104166666663
fan,0.865,0.5,0.018000000000000006,0.02919375,-0.011193749999999995
fan,0.8675,0.5,0.017666666666666664,0.028735937499999992,-0.011069270833333329
fan,0.87,0.5,0.017333333333333336,0.028275,-0.010941666666666666
fan,0.8725,0.5,0.016999999999999998,0.02781093749999999,-0.010810937499999992
fan,0.875,0.5,0.01666666666666667,0.02734375,-0.01067708333333333
fan,0.8775,0.5,0.016333333333333342,0.02687343750000001,-0.010540104166666668
fan,0.88,0.5,0.016000000000000004,0.0264,-0.010399999999999996
fan,0.8825,0.5,0.015666666666666676,0.02592343750000001,-0.010256770833333335
fan,0.885,0.5,0.015333333333333336,0.025443749999999998,-0.010110416666666662
fan,0.8875,0.5,0.015000000000000008,0.02496093750000001,-0.009960937500000001
fan,0.89,0.5,0.014666666666666668,0.024474999999999997,-0.009808333333333329
fan,0.8925,0.5,0.014333333333333342,0.02398593750000001,-0.009652604166666667
fan,0.895,0.5,0.014,0.023493749999999997,-0.009493749999999997
fan,0.8975,0.5,0.013666666666666674,0.022998437500000007,-0.009331770833333333
fan,0.9,0.5,0.013333333333333332,0.022499999999999996,-0.009166666666666663
fan,0.9025,0.5,0.013000000000000006,0.021998437500000006,-0.0089984375
fan,0.905,0.5,0.012666666666666666,0.021493749999999995,-0.00882708333333333
fan,0.9075,0.5,0.012333333333333339,0.020985937500000006,-0.008652604166666668
fan,0.91,0.5,0.011999999999999999,0.020474999999999993,-0.008474999999999995
fan,0.9125,0.5,0.011666666666666672,0.019960937500000005,-0.008294270833333332
fan,0.915,0.5,0.01133333333333333,0.019443749999999992,-0.008110416666666662
fan,0.9175,0.5,0.011000000000000005,0.018923437500000004,-0.0079234375
fan,0.92,0.5,0.010666666666666663,0.018399999999999993,-0.00773333333333333
fan,0.9225,0.5,0.010333333333333337,0.017873437500000002,-0.0075401041666666654
fan,0.925,0.5,0.009999999999999997,0.01734374999999999,-0.007343749999999994
fan,0.9275,0.5,0.009666666666666669,0.0168109375,-0.007144270833333332
fan,0.93,0.5,0.009333333333333329,0.01627499999999999,-0.006941666666666662
fan,0.9325,0.5,0.009000000000000003,0.0157359375,-0.006735937499999999
fan,0.935,0.5,0.008666666666666661,0.015193749999999989,-0.0065270833333333275
fan,0.9375,0.5,0.008333333333333335,0.0146484375,-0.006315104166666665
fan,0.94,0.5,0.008000000000000009,0.014100000000000012,-0.006100000000000003
fan,0.9425,0.5,0.007666666666666668,0.0135484375,-0.005881770833333332
fan,0.945,0.5,0.007333333333333341,0.01299375000000001,-0.0056604166666666695
fan,0.9475,0.5,0.007,0.012435937499999997,-0.005435937499999997
fan,0.95,0.5,0.006666666666666674,0.01187500000000001,-0.0052083333333333365
fan,0.9525,0.5,0.006333333333333333,0.011310937499999996,-0.004977604166666663
fan,0.955,0.5,0.006000000000000006,0.010743750000000009,-0.004743750000000002
fan,0.9575,0.5,0.005666666666666665,0.010173437499999997,-0.004506770833333331
fan,0.96,0.5,0.005333333333333339,0.009600000000000008,-0.004266666666666669
fan,0.9625,0.5,0.004999999999999998,0.009023437499999995,-0.004023437499999997
fan,0.965,0.5,0.004666666666666671,0.008443750000000007,-0.0037770833333333354
fan,0.9675,0.5,0.0043333333333333305,0.007860937499999993,-0.0035276041666666624
fan,0.97,0.5,0.004000000000000004,0.007275000000000006,-0.003275000000000002
fan,0.9725,0.5,0.003666666666666663,0.006685937499999992,-0.003019270833333329
fan,0.975,0.5,0.003333333333333337,0.006093750000000005,-0.0027604166666666684
fan,0.9775,0.5,0.0029999999999999957,0.005498437499999991,-0.0024984374999999955
fan,0.98,0.5,0.0026666666666666696,0.004900000000000004,-0.0022333333333333346
fan,0.9825,0.5,0.0023333333333333283,0.004298437499999991,-0.0019651041666666623
fan,0.985,0.5,0.002000000000000002,0.003693750000000003,-0.0016937500000000008
fan,0.9875,0.5,0.0016666666666666611,0.0030859374999999893,-0.0014192708333333282
fan,0.99,0.5,0.0013333333333333348,0.0024750000000000024,-0.0011416666666666676
fan,0.9925,0.5,0.0009999999999999937,0.001860937499999988,-0.0008609374999999943
fan,0.995,0.5,0.0006666666666666674,0.0012437500000000011,-0.0005770833333333337
fan,0.9975,0.5,0.0003333333333333263,0.0006234374999999867,-0.00029010416666666047
fan,1.0,0.5,0.0,0.0,0.0
shifted,0.0,0.5,0.0,0.0,0.0
shifted,0.0025,0.5,0.00045717948717949097,0.0006234375000000001,-0.0001662580128205091
shifted,0.005,0.5,0.0009143589743589819,0.00124375,-0.0003293910256410181
shifted,0.0075,0.5,0.0013715384615384661,0.0018609375,-0.0004893990384615338
shifted,0.01,0.5,0.0018287179487179504,0.002475,-0.0006462820512820498
shifted,0.0125,0.5,0.0022858974358974412,0.0030859375,-0.0008000400641025589
shifted,0.015,0.5,0.0027430769230769323,0.00369375,-0.0009506730769230677
shifted,0.0175,0.5,0.0032002564102564164,0.0042984375,-0.0010981810897435838
shifted,0.02,0.5,0.003657435897435901,0.0049,-0.001242564102564099
shifted,0.0225,0.5,0.004114615384615392,0.0054984375,-0.001383822115384608
shifted,0.025,0.5,0.0045717948717948825,0.00609375,-0.0015219551282051177
shifted,0.0275,0.5,0.005028974358974367,0.0066859375,-0.001656963141025633
shifted,0.03,0.5,0.005486153846153845,0.007274999999999999,-0.0017888461538461548
shifted,0.0325,0.5,0.005943333333333342,0.0078609375,-0.0019176041666666577
shifted,0.035,0.5,0.00640051282051282,0.00844375,-0.00204323717948718
shifted,0.0375,0.5,0.00685769230769231,0.0090234375,-0.00216574519230769
shifted,0.04,0.5,0.007314871794871795,0.0096,-0.0022851282051282043
shifted,0.0425,0.5,0.007772051282051279,0.0101734375,-0.002401386217948721
shifted,0.045,0.5,0.00822923076923077,0.01074375,-0.00251451923076923
shifted,0.0475,0.5,0.008686410256410261,0.0113109375,-0.0026245272435897384
shifted,0.05,0.5,0.009143589743589746,0.011875,-0.0027314102564102542
shifted,0.0525,0.5,0.009600769230769229,0.012435937499999999,-0.0028351682692307704
shifted,0.055,0.5,0.01005794871794872,0.01299375,-0.00293580128205128
shifted,0.0575,0.5,0.010515128205128212,0.013548437500000001,-0.00303330929487179
shifted,0.06,0.5,0.010972307692307696,0.014099999999999998,-0.003127692307692302
shifted,0.0625,0.5,0.01142948717948718,0.0146484375,-0.0032189503205128193
shifted,0.065,0.5,0.01188666666666667,0.01519375,-0.0033070833333333303
shifted,0.0675,0.5,0.012343846153846162,0.0157359375,-0.00339209134615384
shifted,0.07,0.5,0.012801025641025646,0.016275,-0.003473974358974355
shifted,0.0725,0.5,0.013258205128205131,0.016810937499999998,-0.003552732371794867
shifted,0.075,0.5,0.01371538461538462,0.01734375,-0.003628365384615381
shifted,0.0775,0.5,0.014172564102564112,0.0178734375,-0.0037008733974358866
shifted,0.08,0.5,0.014629743589743597,0.0184,-0.003770256410256403
shifted,0.0825,0.5,0.015086923076923081,0.0189234375,-0.00383651442307692
shifted,0.085,0.5,0.01554410256410257,0.019443750000000003,-0.003899647435897432
shifted,0.0875,0.5,0.016001282051282057,0.019960937499999998,-0.003959655448717941
shifted,0.09,0.5,0.01645846153846154,0.020475,-0.00401653846153846
shifted,0.0925,0.5,0.01691564102564103,0.0209859375,-0.00407029647435897
shifted,0.095,0.5,0.017372820512820516,0.021493750000000002,-0.004120929487179487
shifted,0.0975,0.5,0.017830000000000006,0.0219984375,-0.004168437499999993
shifted,0.1,0.5,0.018287179487179492,0.022500000000000003,-0.004212820512820511
shifted,0.1025,0.5,0.018744358974358975,0.022998437499999996,-0.004254078525641022
shifted,0.105,0.5,0.019201538461538457,0.02349375,-0.004292211538461543
shifted,0.1075,0.5,0.01965871794871795,0.0239859375,-0.004327219551282048
shifted,0.11,0.5,0.02011589743589744,0.024475,-0.00435910256410256
shifted,0.1125,0.5,0.020573076923076927,0.0249609375,-0.004387860576923072
shifted,0.115,0.5,0.02103025641025641,0.02544375,-0.004413493589743592
shifted,0.1175,0.5,0.0214874358974359,0.0259234375,-0.004436001602564101
shifted,0.12,0.5,0.021944615384615392,0.0264,-0.004455384615384608
shifted,0.1225,0.5,0.022401794871794875,0.026873437499999996,-0.004471642628205121
shifted,0.125,0.5,0.02285897435897436,0.02734375,-0.004484775641025639
shifted,0.1275,0.5,0.02331615384615385,0.0278109375,-0.0044947836538461496
shifted,0.13,0.5,0.02377333333333334,0.028275,-0.004501666666666661
shifted,0.1325,0.5,0.024230512820512827,0.0287359375,-0.004505424679487172
shifted,0.135,0.5,0.02468769230769231,0.02919375,-0.004506057692307691
shifted,0.1375,0.5,0.0251448717948718,0.029648437500000003,-0.004503565705128203
shifted,0.14,0.5,0.025602051282051293,0.030100000000000002,-0.004497948717948709
shifted,0.1425,0.5,0.02605923076923077,0.030548437499999997,-0.004489206730769229
shifted,0.145,0.5,0.026516410256410262,0.030993749999999997,-0.004477339743589735
shifted,0.1475,0.5,0.026973589743589745,0.0314359375,-0.004462347756410252
shifted,0.15,0.5,0.027430769230769234,0.031875,-0.004444230769230766
shifted,0.1525,0.5,0.02788794871794872,0.0323109375,-0.004422988782051277
shifted,0.155,0.5,0.02834512820512821,0.03274375,-0.004398621794871792
shifted,0.1575,0.5,0.028802307692307696,0.0331734375,-0.004371129807692303
shifted,0.16,0.5,0.029259487179487186,0.0336,-0.004340512820512812
shifted,0.1625,0.5,0.02971666666666667,0.0340234375,-0.004306770833333334
shifted,0.165,0.5,0.030173846153846162,0.03444375,-0.00426990384615384
shifted,0.1675,0.5,0.030631025641025645,0.0348609375,-0.004229911858974356
shifted,0.17,0.5,0.031088205128205135,0.035275,-0.004186794871794866
shifted,0.1725,0.5,0.03154538461538462,0.0356859375,-0.00414055288461538
shifted,0.175,0.5,0.03200256410256411,0.036093749999999994,-0.004091185897435887
shifted,0.1775,0.5,0.03245974358974359,0.0364984375,-0.004038693910256415
shifted,0.18,0.5,0.03291692307692308,0.0369,-0.0039830769230769225
shifted,0.1825,0.5,0.03337410256410257,0.037298437499999997,-0.003924334935897424
shifted,0.185,0.5,0.03383128205128205,0.03769375,-0.003862467948717946
shifted,0.1875,0.5,0.03428846153846154,0.0380859375,-0.0037974759615384615
shifted,0.19,0.5,0.03474564102564103,0.038475,-0.0037293589743589706
shifted,0.1925,0.5,0.03520282051282052,0.0388609375,-0.00365811698717948
shifted,0.195,0.5,0.035660000000000004,0.03924375,-0.0035837499999999967
shifted,0.1975,0.5,0.03611717948717949,0.039623437500000004,-0.0035062580128205137
shifted,0.2,0.5,0.036574358974358984,0.04000000000000001,-0.003425641025641024
shifted,0.2025,0.5,0.03703153846153847,0.040373437500000005,-0.003341899038461535
shifted,0.205,0.5,0.03748871794871795,0.04074375,-0.003255032051282053
shifted,0.2075,0.5,0.03794589743589744,0.0411109375,-0.0031650400641025575
shifted,0.21,0.5,0.03840307692307692,0.041475,-0.0030719230769230763
shifted,0.2125,0.5,0.038860256410256415,0.041835937499999996,-0.0029756810897435815
shifted,0.215,0.5,0.0393174358974359,0.04219375,-0.002876314102564101
shifted,0.2175,0.5,0.03977461538461539,0.0425484375,-0.0027738221153846138
shifted,0.22,0.5,0.040231794871794874,0.0429,-0.002668205128205127
shifted,0.2225,0.5,0.04068897435897437,0.0432484375,-0.0025594631410256335
shifted,0.225,0.5,0.04114615384615385,0.04359375,-0.0024475961538461474
shifted,0.2275,0.5,0.04160333333333334,0.0439359375,-0.0023326041666666616
shifted,0.23,0.5,0.042060512820512826,0.044275,-0.002214487179487176
shifted,0.2325,0.5,0.04251769230769232,0.0446109375,-0.002093245192307684
shifted,0.235,0.5,0.0429748717948718,0.04494375,-0.0019688782051281994
shifted,0.2375,0.5,0.043432051282051284,0.04527343749999999,-0.001841386217948708
shifted,0.24,0.5,0.04388923076923077,0.0456,-0.001710769230769231
shifted,0.2425,0.5,0.04434641025641026,0.045923437500000004,-0.0015770272435897473
shifted,0.245,0.5,0.04480358974358975,0.04624375,-0.00144016025641025
shifted,0.2475,0.5,0.045260769230769236,0.046560937499999996,-0.00130016826923076
shifted,0.25,0.5,0.04571794871794872,0.046875,-0.0011570512820512774
shifted,0.2525,0.5,0.04617512820512821,0.047185937500000004,-0.001010809294871795
shifted,0.255,0.5,0.0466323076923077,0.04749375,-0.0008614423076922992
shifted,0.2575,0.5,0.04708948717948719,0.0477984375,-0.0007089503205128106
shifted,0.26,0.5,0.04754666666666667,0.048100000000000004,-0.0005533333333333362
shifted,0.2625,0.5,0.04800384615384616,0.0483984375,-0.0003945913461538414
shifted,0.265,0.5,0.048461025641025654,0.04869375,-0.0002327243589743469
shifted,0.2675,0.5,0.04891820512820513,0.0489859375,-6.773237179486663e-05
shifted,0.27,0.5,0.04937538461538462,0.049275,0.00010038461538462023
shifted,0.2725,0.5,0.04983256410256411,0.049560937500000006,0.00027162660256410676
shifted,0.275,0.5,0.0502897435897436,0.04984375,0.00044599358974359987
shifted,0.2775,0.5,0.050746923076923085,0.0501234375,0.0006234855769230857
shifted,0.28,0.5,0.050797720797720804,0.0504,0.0003977207977208033
shifted,0.2825,0.5,0.050797720797720804,0.050673437499999995,0.00012428329772080915
shifted,0.285,0.5,0.050797720797720804,0.05094375,-0.00014602920227919924
shifted,0.2875,0.5,0.050797720797720804,0.0512109375,-0.0004132167022791941
shifted,0.29,0.5,0.050797720797720804,0.05147499999999999,-0.0006772792022791893
shifted,0.2925,0.5,0.050797720797720804,0.051735937499999995,-0.0009382167022791918
shifted,0.295,0.5,0.050797720797720804,0.051993750000000005,-0.0011960292022792016
shifted,0.2975,0.5,0.050797720797720804,0.0522484375,-0.0014507167022791978
shifted,0.3,0.5,0.050797720797720804,0.0525,-0.0017022792022791944
shifted,0.3025,0.5,0.050797720797720804,0.0527484375,-0.0019507167022791982
shifted,0.305,0.5,0.050797720797720804,0.052993750000000006,-0.0021960292022792025
shifted,0.3075,0.5,0.050797720797720804,0.0532359375,-0.002438216702279193
shifted,0.31,0.5,0.050797720797720804,0.053474999999999995,-0.002677279202279191
shifted,0.3125,0.5,0.050797720797720804,0.0537109375,-0.0029132167022791963
shifted,0.315,0.5,0.050797720797720804,0.053943750000000006,-0.003146029202279202
shifted,0.3175,0.5,0.050797720797720804,0.0541734375,-0.003375716702279194
shifted,0.32,0.5,0.050797720797720804,0.0544,-0.0036022792022791933
shifted,0.3225,0.5,0.050797720797720804,0.054623437500000004,-0.0038257167022792
shifted,0.325,0.5,0.050797720797720804,0.054843750000000004,-0.0040460292022792
shifted,0.3275,0.5,0.050797720797720804,0.055060937500000004,-0.0042632167022792
shifted,0.33,0.5,0.050797720797720804,0.055275,-0.004477279202279194
shifted,0.3325,0.5,0.050797720797720804,0.0554859375,-0.004688216702279195
shifted,0.335,0.5,0.050797720797720804,0.05569375000000001,-0.0048960292022792035
shifted,0.3375,0.5,0.050797720797720804,0.0558984375,-0.005100716702279198
shifted,0.34,0.5,0.050797720797720804,0.0561,-0.005302279202279193
shifted,0.3425,0.5,0.050797720797720804,0.0562984375,-0.005500716702279196
shifted,0.345,0.5,0.050797720797720804,0.056493749999999995,-0.005696029202279192
shifted,0.3475,0.5,0.050797720797720804,0.056685937500000005,-0.005888216702279202
shifted,0.35,0.5,0.050797720797720804,0.056874999999999995,-0.006077279202279191
shifted,0.3525,0.5,0.050797720797720804,0.05706093749999999,-0.006263216702279188
shifted,0.355,0.5,0.050797720797720804,0.057243749999999996,-0.006446029202279192
shifted,0.3575,0.5,0.050797720797720804,0.0574234375,-0.006625716702279197
shifted,0.36,0.5,0.050797720797720804,0.0576,-0.006802279202279195
shifted,0.3625,0.5,0.050797720797720804,0.0577734375,-0.006975716702279193
shifted,0.365,0.5,0.050797720797720804,0.05794375,-0.0071460292022791985
shifted,0.3675,0.5,0.050797720797720804,0.05811093750000001,-0.007313216702279204
shifted,0.37,0.5,0.050797720797720804,0.058275,-0.007477279202279197
shifted,0.3725,0.5,0.050797720797720804,0.05843593749999999,-0.007638216702279189
shifted,0.375,0.5,0.050797720797720804,0.05859375,-0.007796029202279196
shifted,0.3775,0.5,0.050797720797720804,0.05874843750000001,-0.007950716702279204
shifted,0.38,0.5,0.050797720797720804,0.0589,-0.008102279202279197
shifted,0.3825,0.5,0.050797720797720804,0.059048437499999995,-0.008250716702279191
shifted,0.385,0.5,0.050797720797720804,0.05919375,-0.0083960292022792
shifted,0.3875,0.5,0.050797720797720804,0.059335937500000005,-0.008538216702279201
shifted,0.39,0.5,0.050797720797720804,0.059475,-0.008677279202279196
shifted,0.3925,0.5,0.050797720797720804,0.059610937499999996,-0.008813216702279192
shifted,0.395,0.5,0.050797720797720804,0.05974375,-0.008946029202279195
shifted,0.3975,0.5,0.050797720797720804,0.05987343750000001,-0.009075716702279205
shifted,0.4,0.5,0.050797720797720804,0.06,-0.009202279202279194
shifted,0.4025,0.5,0.050797720797720804,0.060123437499999995,-0.009325716702279191
shifted,0.405,0.5,0.050797720797720804,0.06024375,-0.009446029202279195
shifted,0.4075,0.5,0.050797720797720804,0.060360937499999996,-0.009563216702279193
shifted,0.41,0.5,0.050797720797720804,0.06047500000000001,-0.009677279202279204
shifted,0.4125,0.5,0.050797720797720804,0.0605859375,-0.009788216702279195
shifted,0.415,0.5,0.050797720797720804,0.06069374999999999,-0.009896029202279187
shifted,0.4175,0.5,0.050797720797720804,0.0607984375,-0.010000716702279193
shifted,0.42,0.5,0.050797720797720804,0.0609,-0.010102279202279199
shifted,0.4225,0.5,0.050797720797720804,0.0609984375,-0.010200716702279199
shifted,0.425,0.5,0.050797720797720804,0.061093749999999995,-0.010296029202279192
shifted,0.4275,0.5,0.050797720797720804,0.0611859375,-0.010388216702279199
shifted,0.43,0.5,0.050797720797720804,0.061275,-0.0104772792022792
shifted,0.4325,0.5,0.050797720797720804,0.0613609375,-0.010563216702279193
shifted,0.435,0.5,0.050797720797720804,0.06144374999999999,-0.010646029202279188
shifted,0.4375,0.5,0.050797720797720804,0.0615234375,-0.010725716702279196
shifted,0.44,0.5,0.050797720797720804,0.06160000000000001,-0.010802279202279205
shifted,0.4425,0.5,0.050797720797720804,0.0616734375,-0.010875716702279194
shifted,0.445,0.5,0.05074692307692308,0.06174374999999999,-0.010996826923076915
shifted,0.4475,0.5,0.05051833333333333,0.0618109375,-0.011292604166666671
shifted,0.45,0.5,0.050289743589743585,0.061875000000000006,-0.011585256410256421
shifted,0.4525,0.5,0.05006115384615385,0.0619359375,-0.01187478365384615
shifted,0.455,0.5,0.049832564102564106,0.06199374999999999,-0.012161185897435887
shifted,0.4575,0.5,0.04960397435897436,0.0620484375,-0.012444463141025638
shifted,0.46,0.5,0.04937538461538461,0.06210000000000001,-0.012724615384615397
shifted,0.4625,0.5,0.049146794871794866,0.0621484375,-0.013001642628205134
shifted,0.465,0.5,0.048918205128205126,0.06219374999999999,-0.013275544871794866
shifted,0.4675,0.5,0.04868961538461539,0.0622359375,-0.013546322115384611
shifted,0.47,0.5,0.04846102564102565,0.062275,-0.01381397435897435
shifted,0.4725,0.5,0.0482324358974359,0.062310937500000003,-0.014078501602564103
shifted,0.475,0.5,0.04800384615384616,0.062343749999999996,-0.014339903846153836
shifted,0.4775,0.5,0.047775256410256414,0.0623734375,-0.014598181089743582
shifted,0.48,0.5,0.04754666666666667,0.0624,-0.01485333333333333
shifted,0.4825,0.5,0.04731807692307692,0.062423437500000005,-0.015105360576923084
shifted,0.485,0.5,0.04708948717948718,0.06244375,-0.015354262820512818
shifted,0.4875,0.5,0.04686089743589744,0.062460937499999994,-0.015600040064102552
shifted,0.49,0.5,0.046632307692307695,0.062475,-0.015842692307692308
shifted,0.4925,0.5,0.04640371794871795,0.062485937500000005,-0.016082219551282056
shifted,0.495,0.5,0.04617512820512821,0.06249375,-0.016318621794871792
shifted,0.4975,0.5,0.04594653846153846,0.06249843749999999,-0.016551899038461527
shifted,0.5,0.5,0.04571794871794872,0.0625,-0.016782051282051277
shifted,0.5025,0.5,0.04548935897435898,0.0624984375,-0.017009078525641014
shifted,0.505,0.5,0.04526076923076923,0.06249375,-0.01723298076923077
shifted,0.5075,0.5,0.04503217948717949,0.0624859375,-0.01745375801282051
shifted,0.51,0.5,0.04480358974358974,0.062475,-0.01767141025641026
shifted,0.5125,0.5,0.044575000000000004,0.0624609375,-0.017885937499999997
shifted,0.515,0.5,0.04434641025641026,0.06244375,-0.018097339743589742
shifted,0.5175,0.5,0.044117820512820524,0.0624234375,-0.018305616987179474
shifted,0.52,0.5,0.04388923076923077,0.0624,-0.018510769230769226
shifted,0.5225,0.5,0.04366064102564103,0.062373437500000004,-0.018712796474358973
shifted,0.525,0.5,0.04343205128205128,0.062343749999999996,-0.01891169871794872
shifted,0.5275,0.5,0.04320346153846154,0.062310937500000003,-0.019107475961538466
shifted,0.53,0.5,0.04297487179487179,0.062275,-0.019300128205128206
shifted,0.5325,0.5,0.04274628205128205,0.0622359375,-0.019489655448717946
shifted,0.535,0.5,0.04251769230769231,0.06219375,-0.019676057692307687
shifted,0.5375,0.5,0.04228910256410257,0.0621484375,-0.01985933493589743
shifted,0.54,0.5,0.04206051282051282,0.0621,-0.020039487179487184
shifted,0.5425,0.5,0.04183192307692308,0.0620484375,-0.02021651442307692
shifted,0.545,0.5,0.041603333333333326,0.06199375,-0.020390416666666675
shifted,0.5475,0.5,0.041374743589743586,0.0619359375,-0.020561193910256417
shifted,0.55,0.5,0.041146153846153846,0.061875,-0.020728846153846153
shifted,0.5525,0.5,0.04091756410256411,0.0618109375,-0.020893373397435896
shifted,0.555,0.5,0.04068897435897436,0.06174375,-0.02105477564102564
shifted,0.5575,0.5,0.04046038461538462,0.0616734375,-0.021213052884615377
shifted,0.56,0.5,0.04023179487179487,0.061599999999999995,-0.02136820512820513
shifted,0.5625,0.5,0.04000320512820513,0.0615234375,-0.021520232371794873
shifted,0.565,0.5,0.03977461538461539,0.06144375,-0.02166913461538461
shifted,0.5675,0.5,0.03954602564102564,0.0613609375,-0.021814911858974356
shifted,0.57,0.5,0.0393174358974359,0.061275,-0.021957564102564102
shifted,0.5725,0.5,0.039088846153846155,0.0611859375,-0.022097091346153848
shifted,0.575,0.5,0.038860256410256415,0.06109375,-0.022233493589743587
shifted,0.5775,0.5,0.03863166666666667,0.0609984375,-0.022366770833333334
shifted,0.58,0.5,0.03840307692307693,0.0609,-0.022496923076923074
shifted,0.5825,0.5,0.03817448717948718,0.0607984375,-0.022623950320512815
shifted,0.585,0.5,0.03794589743589744,0.060693750000000005,-0.022747852564102562
shifted,0.5875,0.5,0.037717307692307696,0.0605859375,-0.022868629807692303
shifted,0.59,0.5,0.037488717948717956,0.060475,-0.022986282051282045
shifted,0.5925,0.5,0.03726012820512821,0.060360937499999996,-0.023100809294871787
shifted,0.595,0.5,0.03703153846153847,0.06024375,-0.02321221153846153
shifted,0.5975,0.5,0.036802948717948716,0.0601234375,-0.023320488782051285
shifted,0.6,0.5,0.036574358974358984,0.06,-0.023425641025641014
shifted,0.6025,0.5,0.03634576923076923,0.0598734375,-0.02352766826923077
shifted,0.605,0.5,0.03611717948717949,0.05974375,-0.023626570512820508
shifted,0.6075,0.5,0.035888589743589744,0.059610937499999996,-0.02372234775641025
shifted,0.61,0.5,0.035660000000000004,0.059475,-0.023814999999999996
shifted,0.6125,0.5,0.03543141025641026,0.0593359375,-0.02390452724358974
shifted,0.615,0.5,0.03520282051282052,0.05919375,-0.023990929487179485
shifted,0.6175,0.5,0.03497423076923077,0.059048437499999995,-0.024074206730769224
shifted,0.62,0.5,0.03474564102564103,0.0589,-0.02415435897435897
shifted,0.6225,0.5,0.03451705128205128,0.05874843749999999,-0.024231386217948715
shifted,0.625,0.5,0.03428846153846154,0.05859375,-0.02430528846153846
shifted,0.6275,0.5,0.0340598717948718,0.0584359375,-0.0243760657051282
shifted,0.63,0.5,0.03383128205128205,0.058275,-0.024443717948717948
shifted,0.6325,0.5,0.03360269230769232,0.0581109375,-0.02450824519230768
shifted,0.635,0.5,0.03337410256410257,0.05794375,-0.02456964743589743
shifted,0.6375,0.5,0.03314551282051283,0.057773437500000004,-0.02462792467948717
shifted,0.64,0.5,0.03291692307692308,0.0576,-0.02468307692307692
shifted,0.6425,0.5,0.03268833333333334,0.0574234375,-0.02473510416666666
shifted,0.645,0.5,0.03245974358974359,0.057243749999999996,-0.02478400641025641
shifted,0.6475,0.5,0.03223115384615385,0.057060937500000006,-0.02482978365384616
shifted,0.65,0.5,0.03200256410256411,0.056874999999999995,-0.024872435897435888
shifted,0.6525,0.5,0.03177397435897437,0.056685937500000005,-0.024911963141025638
shifted,0.655,0.5,0.03154538461538462,0.056493749999999995,-0.024948365384615374
shifted,0.6575,0.5,0.03131679487179488,0.0562984375,-0.024981642628205118
shifted,0.66,0.5,0.03108820512820513,0.0561,-0.025011794871794866
shifted,0.6625,0.5,0.03085961538461539,0.0558984375,-0.02503882211538461
shifted,0.665,0.5,0.030631025641025638,0.05569375,-0.025062724358974362
shifted,0.6675,0.5,0.0304024358974359,0.0554859375,-0.0250835016025641
shifted,0.67,0.5,0.030173846153846155,0.055275,-0.025101153846153842
shifted,0.6725,0.5,0.029945256410256416,0.055060937500000004,-0.02511568108974359
shifted,0.675,0.5,0.029716666666666662,0.05484375,-0.025127083333333335
shifted,0.6775,0.5,0.029488076923076926,0.054623437500000004,-0.025135360576923078
shifted,0.68,0.5,0.02925948717948718,0.0544,-0.025140512820512818
shifted,0.6825,0.5,0.02903089743589744,0.0541734375,-0.025142540064102558
shifted,0.685,0.5,0.02880230769230769,0.05394374999999999,-0.025141442307692302
shifted,0.6875,0.5,0.02857371794871795,0.0537109375,-0.02513721955128205
shifted,0.69,0.5,0.02834512820512821,0.053475,-0.02512987179487179
shifted,0.6925,0.5,0.028116538461538464,0.0532359375,-0.025119399038461533
shifted,0.695,0.5,0.027887948717948727,0.052993750000000006,-0.02510580128205128
shifted,0.6975,0.5,0.027659358974358974,0.0527484375,-0.025089078525641028
shifted,0.7,0.5,0.027430769230769234,0.052500000000000005,-0.02506923076923077
shifted,0.7025,0.5,0.02720217948717949,0.0522484375,-0.02504625801282051
shifted,0.705,0.5,0.02697358974358975,0.051993750000000005,-0.025020160256410254
shifted,0.7075,0.5,0.026744999999999998,0.051735937499999995,-0.024990937499999998
shifted,0.71,0.5,0.02651641025641027,0.05147500000000001,-0.024958589743589738
shifted,0.7125,0.5,0.026287820512820515,0.0512109375,-0.024923116987179483
shifted,0.715,0.5,0.026059230769230775,0.05094375,-0.024884519230769227
shifted,0.7175,0.5,0.025830641025641032,0.050673437499999995,-0.024842796474358962
shifted,0.72,0.5,0.025602051282051293,0.0504,-0.024797948717948708
shifted,0.7225,0.5,0.02537346153846154,0.0501234375,-0.02474997596153846
shifted,0.725,0.5,0.0251448717948718,0.04984375,-0.0246988782051282
shifted,0.7275,0.5,0.024916282051282056,0.0495609375,-0.024644655448717943
shifted,0.73,0.5,0.024687692307692317,0.049275,-0.024587307692307683
shifted,0.7325,0.5,0.024459102564102563,0.04898593749999999,-0.02452683493589743
shifted,0.735,0.5,0.024230512820512827,0.04869375,-0.024463237179487174
shifted,0.7375,0.5,0.02400192307692308,0.048398437499999995,-0.024396514423076915
shifted,0.74,0.5,0.02377333333333334,0.048100000000000004,-0.024326666666666663
shifted,0.7425,0.5,0.02354474358974359,0.04779843749999999,-0.0242536939102564
shifted,0.745,0.5,0.02331615384615385,0.04749375,-0.02417759615384615
shifted,0.7475,0.5,0.023087564102564104,0.04718593749999999,-0.024098373397435886
shifted,0.75,0.5,0.022858974358974365,0.046875,-0.024016025641025635
shifted,0.7525,0.5,0.02263038461538463,0.0465609375,-0.023930552884615375
shifted,0.755,0.5,0.022401794871794875,0.04624375,-0.023841955128205125
shifted,0.7575,0.5,0.022173205128205135,0.045923437500000004,-0.02375023237179487
shifted,0.76,0.5,0.021944615384615392,0.0456,-0.02365538461538461
shifted,0.7625,0.5,0.021716025641025653,0.045273437500000006,-0.023557411858974354
shifted,0.765,0.5,0.0214874358974359,0.04494375,-0.0234563141025641
shifted,0.7675,0.5,0.021258846153846163,0.0446109375,-0.02335209134615384
shifted,0.77,0.5,0.021030256410256416,0.044274999999999995,-0.02324474358974358
shifted,0.7725,0.5,0.020801666666666677,0.04393593750000001,-0.02313427083333333
shifted,0.775,0.5,0.020573076923076927,0.043593749999999994,-0.023020673076923067
shifted,0.7775,0.5,0.020344487179487187,0.04324843750000001,-0.02290395032051282
shifted,0.78,0.5,0.02011589743589744,0.042899999999999994,-0.022784102564102553
shifted,0.7825,0.5,0.0198873076923077,0.0425484375,-0.0226611298076923
shifted,0.785,0.5,0.01965871794871795,0.042193749999999995,-0.022535032051282045
shifted,0.7875,0.5,0.01943012820512821,0.0418359375,-0.022405809294871792
shifted,0.79,0.5,0.019201538461538464,0.041475,-0.022273461538461534
shifted,0.7925,0.5,0.018972948717948728,0.0411109375,-0.022137988782051272
shifted,0.795,0.5,0.018744358974358975,0.040743749999999995,-0.02199939102564102
shifted,0.7975,0.5,0.018515769230769235,0.040373437500000005,-0.02185766826923077
shifted,0.8,0.5,0.018287179487179492,0.039999999999999994,-0.021712820512820502
shifted,0.8025,0.5,0.018058589743589752,0.039623437500000004,-0.021564847756410252
shifted,0.805,0.5,0.01783,0.039243749999999994,-0.021413749999999995
shifted,0.8075,0.5,0.01760141025641026,0.0388609375,-0.02125952724358974
shifted,0.81,0.5,0.017372820512820516,0.03847499999999999,-0.021102179487179473
shifted,0.8125,0.5,0.017144230769230776,0.0380859375,-0.020941706730769224
shifted,0.815,0.5,0.016915641025641037,0.037693750000000005,-0.02077810897435897
shifted,0.8175,0.5,0.016687051282051286,0.037298437499999997,-0.02061138621794871
shifted,0.82,0.5,0.016458461538461547,0.03690000000000001,-0.020441538461538462
shifted,0.8225,0.5,0.0162298717948718,0.0364984375,-0.0202685657051282
shifted,0.825,0.5,0.016001282051282064,0.03609375000000001,-0.020092467948717944
shifted,0.8275,0.5,0.01577269230769231,0.0356859375,-0.01991324519230769
shifted,0.83,0.5,0.01554410256410257,0.03527500000000001,-0.019730897435897437
shifted,0.8325,0.5,0.015315512820512826,0.034860937499999994,-0.019545424679487167
shifted,0.835,0.5,0.015086923076923081,0.03444375000000001,-0.019356826923076928
shifted,0.8375,0.5,0.014858333333333341,0.034023437499999996,-0.019165104166666655
shifted,0.84,0.5,0.014629743589743604,0.033600000000000005,-0.018970256410256403
shifted,0.8425,0.5,0.014401153846153845,0.03317343749999999,-0.018772283653846148
shifted,0.845,0.5,0.014172564102564105,0.03274375,-0.018571185897435897
shifted,0.8475,0.5,0.013943974358974367,0.0323109375,-0.01836696314102563
shifted,0.85,0.5,0.013715384615384628,0.031875,-0.01815961538461537
shifted,0.8525,0.5,0.013486794871794869,0.0314359375,-0.017949142628205128
shifted,0.855,0.5,0.013258205128205131,0.030993750000000004,-0.01773554487179487
shifted,0.8575,0.5,0.013029615384615391,0.030548437499999994,-0.0175188221153846
shifted,0.86,0.5,0.012801025641025653,0.030100000000000002,-0.01729897435897435
shifted,0.8625,0.5,0.012572435897435895,0.029648437499999993,-0.017076001602564096
shifted,0.865,0.5,0.012343846153846155,0.02919375,-0.016849903846153848
shifted,0.8675,0.5,0.012115256410256417,0.028735937499999992,-0.016620681089743575
shifted,0.87,0.5,0.011886666666666677,0.028275,-0.016388333333333324
shifted,0.8725,0.5,0.011658076923076919,0.02781093749999999,-0.01615286057692307
shifted,0.875,0.5,0.01142948717948718,0.02734375,-0.01591426282051282
shifted,0.8775,0.5,0.011200897435897441,0.02687343750000001,-0.01567254006410257
shifted,0.88,0.5,0.010972307692307703,0.0264,-0.015427692307692297
shifted,0.8825,0.5,0.010743717948717963,0.02592343750000001,-0.015179719551282047
shifted,0.885,0.5,0.010515128205128205,0.025443749999999998,-0.014928621794871793
shifted,0.8875,0.5,0.010286538461538465,0.02496093750000001,-0.014674399038461544
shifted,0.89,0.5,0.010057948717948727,0.024474999999999997,-0.01441705128205127
shifted,0.8925,0.5,0.00982935897435899,0.02398593750000001,-0.01415657852564102
shifted,0.895,0.5,0.009600769230769229,0.023493749999999997,-0.013892980769230769
shifted,0.8975,0.5,0.00937217948717949,0.022998437500000007,-0.013626258012820516
shifted,0.9,0.5,0.009143589743589751,0.022499999999999996,-0.013356410256410245
shifted,0.9025,0.5,0.008915000000000013,0.021998437500000006,-0.013083437499999993
shifted,0.905,0.5,0.008686410256410254,0.021493749999999995,-0.012807339743589741
shifted,0.9075,0.5,0.008457820512820515,0.020985937500000006,-0.012528116987179492
shifted,0.91,0.5,0.008229230769230777,0.020474999999999993,-0.012245769230769216
shifted,0.9125,0.5,0.008000641025641037,0.019960937500000005,-0.011960296474358968
shifted,0.915,0.5,0.007772051282051279,0.019443749999999992,-0.011671698717948712
shifted,0.9175,0.5,0.0075434615384615405,0.018923437500000004,-0.011379975961538464
shifted,0.92,0.5,0.007314871794871802,0.018399999999999993,-0.011085128205128192
shifted,0.9225,0.5,0.007086282051282063,0.017873437500000002,-0.01078715544871794
shifted,0.925,0.5,0.006857692307692304,0.01734374999999999,-0.010486057692307687
shifted,0.9275,0.5,0.0066291025641025654,0.0168109375,-0.010181834935897437
shifted,0.93,0.5,0.006400512820512827,0.01627499999999999,-0.009874487179487164
shifted,0.9325,0.5,0.006171923076923088,0.0157359375,-0.009564014423076913
shifted,0.935,0.5,0.005943333333333328,0.015193749999999989,-0.00925041666666666
shifted,0.9375,0.5,0.00571474358974359,0.0146484375,-0.00893369391025641
shifted,0.94,0.5,0.0054861538461538515,0.014100000000000012,-0.00861384615384616
shifted,0.9425,0.5,0.005257564102564113,0.0135484375,-0.008290873397435887
shifted,0.945,0.5,0.005028974358974374,0.01299375000000001,-0.007964775641025636
shifted,0.9475,0.5,0.004800384615384614,0.012435937499999997,-0.007635552884615383
shifted,0.95,0.5,0.0045717948717948756,0.01187500000000001,-0.007303205128205135
shifted,0.9525,0.5,0.004343205128205138,0.011310937499999996,-0.006967732371794859
shifted,0.955,0.5,0.004114615384615399,0.010743750000000009,-0.00662913461538461
shifted,0.9575,0.5,0.0038860256410256397,0.010173437499999997,-0.006287411858974357
shifted,0.96,0.5,0.003657435897435901,0.009600000000000008,-0.005942564102564107
shifted,0.9625,0.5,0.003428846153846162,0.009023437499999995,-0.0055945913461538325
shifted,0.965,0.5,0.0032002564102564233,0.008443750000000007,-0.005243493589743584
shifted,0.9675,0.5,0.002971666666666664,0.007860937499999993,-0.004889270833333329
shifted,0.97,0.5,0.0027430769230769258,0.007275000000000006,-0.004531923076923081
shifted,0.9725,0.5,0.002514487179487187,0.006685937499999992,-0.004171450320512806
shifted,0.975,0.5,0.002285897435897448,0.006093750000000005,-0.0038078525641025572
shifted,0.9775,0.5,0.002057307692307689,0.005498437499999991,-0.003441129807692302
shifted,0.98,0.5,0.0018287179487179504,0.004900000000000004,-0.003071282051282054
shifted,0.9825,0.5,0.0016001282051282116,0.004298437499999991,-0.002698309294871779
shifted,0.985,0.5,0.0013715384615384729,0.003693750000000003,-0.00232221153846153
shifted,0.9875,0.5,0.001142948717948714,0.0030859374999999893,-0.0019429887820512754
shifted,0.99,0.5,0.0009143589743589752,0.0024750000000000024,-0.0015606410256410273
shifted,0.9925,0.5,0.0006857692307692364,0.001860937499999988,-0.0011751682692307517
shifted,0.995,0.5,0.00045717948717949775,0.0012437500000000011,-0.0007865705128205034
shifted,0.9975,0.5,0.00022858974358973874,0.0006234374999999867,-0.000394847756410248
shifted,1.0,0.5,0.0,0.0,0.0
grid2,0.0,0.5,0.0,0.0,0.0
grid2,0.0025,0.5,0.0002604166666666669,0.0006234375000000001,-0.0003630208333333332
grid2,0.005,0.5,0.0005208333333333338,0.00124375,-0.0007229166666666663
grid2,0.0075,0.5,0.0007812500000000006,0.0018609375,-0.0010796874999999995
grid2,0.01,0.5,0.0010416666666666675,0.002475,-0.0014333333333333327
grid2,0.0125,0.5,0.0013020833333333343,0.0030859375,-0.0017838541666666658
grid2,0.015,0.5,0.0015625000000000012,0.00369375,-0.0021312499999999986
grid2,0.0175,0.5,0.0018229166666666682,0.0042984375,-0.002475520833333332
grid2,0.02,0.5,0.002083333333333335,0.0049,-0.002816666666666665
grid2,0.0225,0.5,0.002343750000000002,0.0054984375,-0.0031546874999999978
grid2,0.025,0.5,0.0026041666666666687,0.00609375,-0.0034895833333333315
grid2,0.0275,0.5,0.0028645833333333357,0.0066859375,-0.0038213541666666643
grid2,0.03,0.5,0.0031250000000000023,0.007274999999999999,-0.0041499999999999974
grid2,0.0325,0.5,0.0033854166666666637,0.0078609375,-0.0044755208333333366
grid2,0.035,0.5,0.0036458333333333364,0.00844375,-0.004797916666666664
grid2,0.0375,0.5,0.0039062499999999974,0.0090234375,-0.005117187500000003
grid2,0.04,0.5,0.004166666666666664,0.0096,-0.005433333333333335
grid2,0.0425,0.5,0.0044270833333333315,0.0101734375,-0.005746354166666669
grid2,0.045,0.5,0.004687499999999998,0.01074375,-0.006056250000000002
grid2,0.0475,0.5,0.004947916666666665,0.0113109375,-0.006363020833333335
grid2,0.05,0.5,0.005208333333333331,0.011875,-0.006666666666666669
grid2,0.0525,0.5,0.005468749999999999,0.012435937499999999,-0.0069671875
grid2,0.055,0.5,0.005729166666666665,0.01299375,-0.007264583333333335
grid2,0.0575,0.5,0.005989583333333332,0.013548437500000001,-0.0075588541666666694
grid2,0.06,0.5,0.0062499999999999995,0.014099999999999998,-0.00785
grid2,0.0625,0.5,0.006510416666666666,0.0146484375,-0.008138020833333334
grid2,0.065,0.5,0.006770833333333333,0.01519375,-0.008422916666666669
grid2,0.0675,0.5,0.00703125,0.0157359375,-0.008704687500000002
grid2,0.07,0.5,0.007291666666666667,0.016275,-0.008983333333333334
grid2,0.0725,0.5,0.007552083333333333,0.016810937499999998,-0.009258854166666663
grid2,0.075,0.5,0.0078125,0.01734375,-0.009531250000000002
grid2,0.0775,0.5,0.008072916666666667,0.0178734375,-0.009800520833333331
grid2,0.08,0.5,0.008333333333333335,0.0184,-0.010066666666666665
grid2,0.0825,0.5,0.00859375,0.0189234375,-0.0103296875
grid2,0.085,0.5,0.008854166666666668,0.019443750000000003,-0.010589583333333335
grid2,0.0875,0.5,0.009114583333333336,0.019960937499999998,-0.010846354166666662
grid2,0.09,0.5,0.009374999999999996,0.020475,-0.011100000000000004
grid2,0.0925,0.5,0.009635416666666669,0.0209859375,-0.01135052083333333
grid2,0.095,0.5,0.00989583333333333,0.021493750000000002,-0.011597916666666673
grid2,0.0975,0.5,0.010156250000000002,0.0219984375,-0.011842187499999997
grid2,0.1,0.5,0.010416666666666663,0.022500000000000003,-0.01208333333333334
grid2,0.1025,0.5,0.01067708333333333,0.022998437499999996,-0.012321354166666666
grid2,0.105,0.5,0.010937499999999998,0.02349375,-0.012556250000000003
grid2,0.1075,0.5,0.011197916666666663,0.0239859375,-0.012788020833333335
grid2,0.11,0.5,0.01145833333333333,0.024475,-0.01301666666666667
grid2,0.1125,0.5,0.011718749999999998,0.0249609375,-0.0132421875
grid2,0.115,0.5,0.011979166666666664,0.02544375,-0.013464583333333337
grid2,0.1175,0.5,0.012239583333333331,0.0259234375,-0.013683854166666669
grid2,0.12,0.5,0.012499999999999999,0.0264,-0.013900000000000001
grid2,0.1225,0.5,0.012760416666666665,0.026873437499999996,-0.014113020833333332
grid2,0.125,0.5,0.013020833333333332,0.02734375,-0.014322916666666668
grid2,0.1275,0.5,0.01328125,0.0278109375,-0.014529687500000001
grid2,0.13,0.5,0.013541666666666665,0.028275,-0.014733333333333336
grid2,0.1325,0.5,0.013802083333333333,0.0287359375,-0.014933854166666666
grid2,0.135,0.5,0.0140625,0.02919375,-0.01513125
grid2,0.1375,0.5,0.014322916666666666,0.029648437500000003,-0.015325520833333337
grid2,0.14,0.5,0.014583333333333334,0.030100000000000002,-0.015516666666666668
grid2,0.1425,0.5,0.014843749999999994,0.030548437499999997,-0.0157046875
grid2,0.145,0.5,0.015104166666666667,0.030993749999999997,-0.015889583333333332
grid2,0.1475,0.5,0.015364583333333329,0.0314359375,-0.01607135416666667
grid2,0.15,0.5,0.015625,0.031875,-0.01625
grid2,0.1525,0.5,0.015885416666666662,0.0323109375,-0.016425520833333335
grid2,0.155,0.5,0.016145833333333335,0.03274375,-0.016597916666666667
grid2,0.1575,0.5,0.016406249999999997,0.0331734375,-0.016767187500000003
grid2,0.16,0.5,0.01666666666666667,0.0336,-0.016933333333333328
grid2,0.1625,0.5,0.01692708333333333,0.0340234375,-0.017096354166666675
grid2,0.165,0.5,0.0171875,0.03444375,-0.01725625
grid2,0.1675,0.5,0.017447916666666664,0.0348609375,-0.017413020833333338
grid2,0.17,0.5,0.017708333333333336,0.035275,-0.017566666666666664
grid2,0.1725,0.5,0.01796875,0.0356859375,-0.017717187500000002
grid2,0.175,0.5,0.018229166666666664,0.036093749999999994,-0.01786458333333333
grid2,0.1775,0.5,0.01848958333333333,0.0364984375,-0.01800885416666667
grid2,0.18,0.5,0.01875,0.0369,-0.018150000000000003
grid2,0.1825,0.5,0.019010416666666665,0.037298437499999997,-0.01828802083333333
grid2,0.185,0.5,0.01927083333333333,0.03769375,-0.018422916666666667
grid2,0.1875,0.5,0.01953125,0.0380859375,-0.0185546875
grid2,0.19,0.5,0.019791666666666666,0.038475,-0.018683333333333337
grid2,0.1925,0.5,0.02005208333333333,0.0388609375,-0.018808854166666666
grid2,0.195,0.5,0.020312499999999997,0.03924375,-0.018931250000000004
grid2,0.1975,0.5,0.020572916666666666,0.039623437500000004,-0.019050520833333338
grid2,0.2,0.5,0.020833333333333332,0.04000000000000001,-0.019166666666666676
grid2,0.2025,0.5,0.021093749999999998,0.040373437500000005,-0.019279687500000007
grid2,0.205,0.5,0.02135416666666666,0.04074375,-0.019389583333333342
grid2,0.2075,0.5,0.021614583333333333,0.0411109375,-0.019496354166666667
grid2,0.21,0.5,0.021874999999999995,0.041475,-0.019600000000000003
grid2,0.2125,0.5,0.022135416666666668,0.041835937499999996,-0.01970052083333333
grid2,0.215,0.5,0.022395833333333327,0.04219375,-0.019797916666666675
grid2,0.2175,0.5,0.02265625,0.0425484375,-0.019892187500000002
grid2,0.22,0.5,0.02291666666666666,0.0429,-0.01998333333333334
grid2,0.2225,0.5,0.023177083333333334,0.0432484375,-0.020071354166666666
grid2,0.225,0.5,0.023437499999999997,0.04359375,-0.020156250000000004
grid2,0.2275,0.5,0.02369791666666667,0.0439359375,-0.020238020833333332
grid2,0.23,0.5,0.023958333333333328,0.044275,-0.020316666666666674
grid2,0.2325,0.5,0.02421875,0.0446109375,-0.020392187500000002
grid2,0.235,0.5,0.024479166666666663,0.04494375,-0.020464583333333335
grid2,0.2375,0.5,0.02473958333333333,0.04527343749999999,-0.020533854166666664
grid2,0.24,0.5,0.024999999999999998,0.0456,-0.020600000000000004
grid2,0.2425,0.5,0.025260416666666664,0.045923437500000004,-0.02066302083333334
grid2,0.245,0.5,0.02552083333333333,0.04624375,-0.02072291666666667
grid2,0.2475,0.5,0.02578125,0.046560937499999996,-0.020779687499999998
grid2,0.25,0.5,0.026041666666666664,0.046875,-0.020833333333333336
grid2,0.2525,0.5,0.02630208333333333,0.047185937500000004,-0.020883854166666674
grid2,0.255,0.5,0.0265625,0.04749375,-0.020931250000000002
grid2,0.2575,0.5,0.026822916666666665,0.0477984375,-0.020975520833333334
grid2,0.26,0.5,0.02708333333333333,0.048100000000000004,-0.021016666666666673
grid2,0.2625,0.5,0.02734375,0.0483984375,-0.021054687500000002
grid2,0.265,0.5,0.027604166666666666,0.04869375,-0.021089583333333335
grid2,0.2675,0.5,0.02786458333333333,0.0489859375,-0.02112135416666667
grid2,0.27,0.5,0.028125,0.049275,-0.02115
grid2,0.2725,0.5,0.028385416666666666,0.049560937500000006,-0.02117552083333334
grid2,0.275,0.5,0.028645833333333332,0.04984375,-0.021197916666666667
grid2,0.2775,0.5,0.02890625,0.0501234375,-0.021217187499999998
grid2,0.28,0.5,0.029166666666666667,0.0504,-0.021233333333333333
grid2,0.2825,0.5,0.02942708333333333,0.050673437499999995,-0.021246354166666665
grid2,0.285,0.5,0.029687499999999995,0.05094375,-0.021256250000000008
grid2,0.2875,0.5,0.02994791666666666,0.0512109375,-0.021263020833333337
grid2,0.29,0.5,0.03020833333333333,0.05147499999999999,-0.021266666666666663
grid2,0.2925,0.5,0.030468749999999996,0.051735937499999995,-0.0212671875
grid2,0.295,0.5,0.03072916666666666,0.051993750000000005,-0.021264583333333344
grid2,0.2975,0.5,0.03098958333333333,0.0522484375,-0.02125885416666667
grid2,0.3,0.5,0.031249999999999997,0.0525,-0.02125
grid2,0.3025,0.5,0.031510416666666666,0.0527484375,-0.021238020833333336
grid2,0.305,0.5,0.03177083333333333,0.052993750000000006,-0.021222916666666675
grid2,0.3075,0.5,0.03203125,0.0532359375,-0.0212046875
grid2,0.31,0.5,0.03229166666666666,0.053474999999999995,-0.021183333333333332
grid2,0.3125,0.5,0.03255208333333333,0.0537109375,-0.02115885416666667
grid2,0.315,0.5,0.032812499999999994,0.053943750000000006,-0.02113125000000001
grid2,0.3175,0.5,0.03307291666666667,0.0541734375,-0.02110052083333333
grid2,0.32,0.5,0.03333333333333333,0.0544,-0.021066666666666664
grid2,0.3225,0.5,0.03359375,0.054623437500000004,-0.021029687500000005
grid2,0.325,0.5,0.033854166666666664,0.054843750000000004,-0.02098958333333334
grid2,0.3275,0.5,0.03411458333333333,0.055060937500000004,-0.020946354166666674
grid2,0.33,0.5,0.034374999999999996,0.055275,-0.020900000000000002
grid2,0.3325,0.5,0.03463541666666667,0.0554859375,-0.02085052083333333
grid2,0.335,0.5,0.034895833333333334,0.05569375000000001,-0.020797916666666673
grid2,0.3375,0.5,0.03515625,0.0558984375,-0.020742187500000002
grid2,0.34,0.5,0.035416666666666666,0.0561,-0.02068333333333333
grid2,0.3425,0.5,0.03567708333333333,0.0562984375,-0.020621354166666668
grid2,0.345,0.5,0.0359375,0.056493749999999995,-0.020556249999999998
grid2,0.3475,0.5,0.03619791666666666,0.056685937500000005,-0.020488020833333342
grid2,0.35,0.5,0.03645833333333333,0.056874999999999995,-0.020416666666666666
grid2,0.3525,0.5,0.036718749999999994,0.05706093749999999,-0.020342187499999997
grid2,0.355,0.5,0.03697916666666666,0.057243749999999996,-0.020264583333333336
grid2,0.3575,0.5,0.037239583333333326,0.0574234375,-0.020183854166666675
grid2,0.36,0.5,0.0375,0.0576,-0.0201
grid2,0.3625,0.5,0.037760416666666664,0.0577734375,-0.020013020833333332
grid2,0.365,0.5,0.03802083333333333,0.05794375,-0.019922916666666672
grid2,0.3675,0.5,0.038281249999999996,0.05811093750000001,-0.019829687500000012
grid2,0.37,0.5,0.03854166666666666,0.058275,-0.01973333333333334
grid2,0.3725,0.5,0.03880208333333333,0.05843593749999999,-0.019633854166666666
grid2,0.375,0.5,0.0390625,0.05859375,-0.01953125
grid2,0.3775,0.5,0.039322916666666666,0.05874843750000001,-0.01942552083333334
grid2,0.38,0.5,0.03958333333333333,0.0589,-0.01931666666666667
grid2,0.3825,0.5,0.03984375,0.059048437499999995,-0.019204687499999998
grid2,0.385,0.5,0.04010416666666666,0.05919375,-0.01908958333333334
grid2,0.3875,0.5,0.04036458333333333,0.059335937500000005,-0.018971354166666676
grid2,0.39,0.5,0.040624999999999994,0.059475,-0.018850000000000006
grid2,0.3925,0.5,0.04088541666666667,0.059610937499999996,-0.01872552083333333
grid2,0.395,0.5,0.04114583333333333,0.05974375,-0.018597916666666665
grid2,0.3975,0.5,0.04140625,0.05987343750000001,-0.01846718750000001
grid2,0.4,0.5,0.041666666666666664,0.06,-0.018333333333333333
grid2,0.4025,0.5,0.04192708333333333,0.060123437499999995,-0.018196354166666664
grid2,0.405,0.5,0.042187499999999996,0.06024375,-0.018056250000000003
grid2,0.4075,0.5,0.04244791666666666,0.060360937499999996,-0.017913020833333335
grid2,0.41,0.5,0.04270833333333333,0.06047500000000001,-0.01776666666666668
grid2,0.4125,0.5,0.04296874999999999,0.0605859375,-0.017617187500000006
grid2,0.415,0.5,0.04322916666666666,0.06069374999999999,-0.017464583333333332
grid2,0.4175,0.5,0.043489583333333325,0.0607984375,-0.017308854166666672
grid2,0.42,0.5,0.04375,0.0609,-0.017150000000000006
grid2,0.4225,0.5,0.04401041666666666,0.0609984375,-0.01698802083333334
grid2,0.425,0.5,0.04427083333333333,0.061093749999999995,-0.016822916666666667
grid2,0.4275,0.5,0.044531249999999994,0.0611859375,-0.016654687500000008
grid2,0.43,0.5,0.04479166666666666,0.061275,-0.016483333333333343
grid2,0.4325,0.5,0.045052083333333326,0.0613609375,-0.01630885416666667
grid2,0.435,0.5,0.0453125,0.06144374999999999,-0.016131249999999993
grid2,0.4375,0.5,0.045572916666666664,0.0615234375,-0.015950520833333336
grid2,0.44,0.5,0.04583333333333333,0.06160000000000001,-0.01576666666666668
grid2,0.4425,0.5,0.046093749999999996,0.0616734375,-0.015579687500000002
grid2,0.445,0.5,0.04635416666666666,0.06174374999999999,-0.015389583333333332
grid2,0.4475,0.5,0.04661458333333333,0.0618109375,-0.015196354166666676
grid2,0.45,0.5,0.046875,0.061875000000000006,-0.015000000000000006
grid2,0.4525,0.5,0.047135416666666666,0.0619359375,-0.014800520833333337
grid2,0.455,0.5,0.04739583333333333,0.06199374999999999,-0.014597916666666662
grid2,0.4575,0.5,0.04765625,0.0620484375,-0.0143921875
grid2,0.46,0.5,0.04791666666666666,0.06210000000000001,-0.014183333333333346
grid2,0.4625,0.5,0.04817708333333333,0.0621484375,-0.013971354166666672
grid2,0.465,0.5,0.0484375,0.06219374999999999,-0.01375624999999999
grid2,0.4675,0.5,0.04869791666666667,0.0622359375,-0.01353802083333333
grid2,0.47,0.5,0.048958333333333326,0.062275,-0.013316666666666671
grid2,0.4725,0.5,0.04921874999999999,0.062310937500000003,-0.013092187500000012
grid2,0.475,0.5,0.04947916666666666,0.062343749999999996,-0.012864583333333339
grid2,0.4775,0.5,0.04973958333333333,0.0623734375,-0.012633854166666666
grid2,0.48,0.5,0.049999999999999996,0.0624,-0.012400000000000001
grid2,0.4825,0.5,0.05026041666666666,0.062423437500000005,-0.012163020833333343
grid2,0.485,0.5,0.05052083333333333,0.06244375,-0.011922916666666672
grid2,0.4875,0.5,0.05078124999999999,0.062460937499999994,-0.0116796875
grid2,0.49,0.5,0.05104166666666666,0.062475,-0.011433333333333344
grid2,0.4925,0.5,0.05130208333333333,0.062485937500000005,-0.011183854166666674
grid2,0.495,0.5,0.0515625,0.06249375,-0.010931250000000003
grid2,0.4975,0.5,0.05182291666666666,0.06249843749999999,-0.010675520833333327
grid2,0.5,0.5,0.05208333333333333,0.0625,-0.010416666666666671
grid2,0.5025,0.5,0.05182291666666667,0.0624984375,-0.010675520833333327
grid2,0.505,0.5,0.0515625,0.06249375,-0.010931250000000003
grid2,0.5075,0.5,0.05130208333333333,0.0624859375,-0.011183854166666667
grid2,0.51,0.5,0.05104166666666666,0.062475,-0.011433333333333344
grid2,0.5125,0.5,0.05078125,0.0624609375,-0.0116796875
grid2,0.515,0.5,0.05052083333333333,0.06244375,-0.011922916666666672
grid2,0.5175,0.5,0.05026041666666667,0.0624234375,-0.01216302083333333
grid2,0.52,0.5,0.049999999999999996,0.0624,-0.012400000000000001
grid2,0.5225,0.5,0.04973958333333333,0.062373437500000004,-0.012633854166666673
grid2,0.525,0.5,0.04947916666666666,0.062343749999999996,-0.012864583333333339
grid2,0.5275,0.5,0.04921875,0.062310937500000003,-0.013092187500000005
grid2,0.53,0.5,0.048958333333333326,0.062275,-0.013316666666666671
grid2,0.5325,0.5,0.04869791666666667,0.0622359375,-0.01353802083333333
grid2,0.535,0.5,0.048437499999999994,0.06219375,-0.013756250000000005
grid2,0.5375,0.5,0.04817708333333333,0.0621484375,-0.013971354166666672
grid2,0.54,0.5,0.047916666666666656,0.0621,-0.014183333333333346
grid2,0.5425,0.5,0.04765625,0.0620484375,-0.0143921875
grid2,0.545,0.5,0.047395833333333325,0.06199375,-0.014597916666666676
grid2,0.5475,0.5,0.047135416666666666,0.0619359375,-0.014800520833333337
grid2,0.55,0.5,0.04687499999999999,0.061875,-0.015000000000000006
grid2,0.5525,0.5,0.04661458333333333,0.0618109375,-0.015196354166666676
grid2,0.555,0.5,0.046354166666666655,0.06174375,-0.015389583333333345
grid2,0.5575,0.5,0.046093749999999996,0.0616734375,-0.015579687500000002
grid2,0.56,0.5,0.04583333333333332,0.061599999999999995,-0.015766666666666672
grid2,0.5625,0.5,0.045572916666666664,0.0615234375,-0.015950520833333336
grid2,0.565,0.5,0.0453125,0.06144375,-0.01613125
grid2,0.5675,0.5,0.045052083333333326,0.0613609375,-0.01630885416666667
grid2,0.57,0.5,0.04479166666666667,0.061275,-0.016483333333333336
grid2,0.5725,0.5,0.044531249999999994,0.0611859375,-0.016654687500000008
grid2,0.575,0.5,0.044270833333333336,0.06109375,-0.016822916666666667
grid2,0.5775,0.5,0.04401041666666666,0.0609984375,-0.01698802083333334
grid2,0.58,0.5,0.04375,0.0609,-0.017150000000000006
grid2,0.5825,0.5,0.043489583333333325,0.0607984375,-0.017308854166666672
grid2,0.585,0.5,0.043229166666666666,0.060693750000000005,-0.01746458333333334
grid2,0.5875,0.5,0.04296874999999999,0.0605859375,-0.017617187500000006
grid2,0.59,0.5,0.042708333333333334,0.060475,-0.017766666666666667
grid2,0.5925,0.5,0.04244791666666666,0.060360937499999996,-0.017913020833333335
grid2,0.595,0.5,0.042187499999999996,0.06024375,-0.018056250000000003
grid2,0.5975,0.5,0.04192708333333332,0.0601234375,-0.01819635416666668
grid2,0.6,0.5,0.041666666666666664,0.06,-0.018333333333333333
grid2,0.6025,0.5,0.04140624999999999,0.0598734375,-0.01846718750000001
grid2,0.605,0.5,0.04114583333333333,0.05974375,-0.018597916666666665
grid2,0.6075,0.5,0.04088541666666666,0.059610937499999996,-0.018725520833333335
grid2,0.61,0.5,0.040624999999999994,0.059475,-0.018850000000000006
grid2,0.6125,0.5,0.04036458333333332,0.0593359375,-0.018971354166666676
grid2,0.615,0.5,0.04010416666666666,0.05919375,-0.01908958333333334
grid2,0.6175,0.5,0.03984374999999999,0.059048437499999995,-0.019204687500000005
grid2,0.62,0.5,0.03958333333333333,0.0589,-0.01931666666666667
grid2,0.6225,0.5,0.03932291666666666,0.05874843749999999,-0.019425520833333335
grid2,0.625,0.5,0.0390625,0.05859375,-0.01953125
grid2,0.6275,0.5,0.038802083333333334,0.0584359375,-0.019633854166666666
grid2,0.63,0.5,0.03854166666666666,0.058275,-0.01973333333333334
grid2,0.6325,0.5,0.03828125,0.0581109375,-0.0198296875
grid2,0.635,0.5,0.03802083333333333,0.05794375,-0.019922916666666672
grid2,0.6375,0.5,0.03776041666666667,0.057773437500000004,-0.020013020833333332
grid2,0.64,0.5,0.0375,0.0576,-0.0201
grid2,0.6425,0.5,0.03723958333333333,0.0574234375,-0.020183854166666668
grid2,0.645,0.5,0.03697916666666666,0.057243749999999996,-0.020264583333333336
grid2,0.6475,0.5,0.03671875,0.057060937500000006,-0.020342187500000004
grid2,0.65,0.5,0.03645833333333333,0.056874999999999995,-0.020416666666666666
grid2,0.6525,0.5,0.03619791666666667,0.056685937500000005,-0.020488020833333336
grid2,0.655,0.5,0.0359375,0.056493749999999995,-0.020556249999999998
grid2,0.6575,0.5,0.03567708333333333,0.0562984375,-0.020621354166666668
grid2,0.66,0.5,0.03541666666666666,0.0561,-0.02068333333333334
grid2,0.6625,0.5,0.03515625,0.0558984375,-0.020742187500000002
grid2,0.665,0.5,0.03489583333333333,0.05569375,-0.020797916666666673
grid2,0.6675,0.5,0.03463541666666667,0.0554859375,-0.02085052083333333
grid2,0.67,0.5,0.034374999999999996,0.055275,-0.020900000000000002
grid2,0.6725,0.5,0.03411458333333333,0.055060937500000004,-0.020946354166666674
grid2,0.675,0.5,0.03385416666666666,0.05484375,-0.02098958333333334
grid2,0.6775,0.5,0.03359375,0.054623437500000004,-0.021029687500000005
grid2,0.68,0.5,0.033333333333333326,0.0544,-0.02106666666666667
grid2,0.6825,0.5,0.03307291666666667,0.0541734375,-0.02110052083333333
grid2,0.685,0.5,0.032812499999999994,0.05394374999999999,-0.021131249999999997
grid2,0.6875,0.5,0.03255208333333333,0.0537109375,-0.02115885416666667
grid2,0.69,0.5,0.03229166666666667,0.053475,-0.021183333333333332
grid2,0.6925,0.5,0.03203125,0.0532359375,-0.0212046875
grid2,0.695,0.5,0.03177083333333334,0.052993750000000006,-0.021222916666666668
grid2,0.6975,0.5,0.031510416666666666,0.0527484375,-0.021238020833333336
grid2,0.7,0.5,0.03125,0.052500000000000005,-0.021250000000000005
grid2,0.7025,0.5,0.03098958333333333,0.0522484375,-0.02125885416666667
grid2,0.705,0.5,0.03072916666666667,0.051993750000000005,-0.021264583333333337
grid2,0.7075,0.5,0.030468749999999996,0.051735937499999995,-0.0212671875
grid2,0.71,0.5,0.030208333333333334,0.05147500000000001,-0.021266666666666673
grid2,0.7125,0.5,0.02994791666666666,0.0512109375,-0.021263020833333337
grid2,0.715,0.5,0.029687500000000002,0.05094375,-0.02125625
grid2,0.7175,0.5,0.02942708333333333,0.050673437499999995,-0.021246354166666665
grid2,0.72,0.5,0.029166666666666667,0.0504,-0.021233333333333333
grid2,0.7225,0.5,0.028906249999999994,0.0501234375,-0.021217187500000005
grid2,0.725,0.5,0.028645833333333332,0.04984375,-0.021197916666666667
grid2,0.7275,0.5,0.02838541666666666,0.0495609375,-0.02117552083333334
grid2,0.73,0.5,0.028125,0.049275,-0.02115
grid2,0.7325,0.5,0.027864583333333328,0.04898593749999999,-0.021121354166666665
grid2,0.735,0.5,0.027604166666666666,0.04869375,-0.021089583333333335
grid2,0.7375,0.5,0.027343749999999993,0.048398437499999995,-0.021054687500000002
grid2,0.74,0.5,0.02708333333333333,0.048100000000000004,-0.021016666666666673
grid2,0.7425,0.5,0.026822916666666658,0.04779843749999999,-0.020975520833333334
grid2,0.745,0.5,0.0265625,0.04749375,-0.020931250000000002
grid2,0.7475,0.5,0.026302083333333327,0.04718593749999999,-0.020883854166666663
grid2,0.75,0.5,0.026041666666666664,0.046875,-0.020833333333333336
grid2,0.7525,0.5,0.025781250000000002,0.0465609375,-0.0207796875
grid2,0.755,0.5,0.02552083333333333,0.04624375,-0.02072291666666667
grid2,0.7575,0.5,0.02526041666666667,0.045923437500000004,-0.020663020833333334
grid2,0.76,0.5,0.024999999999999998,0.0456,-0.020600000000000004
grid2,0.7625,0.5,0.024739583333333336,0.045273437500000006,-0.02053385416666667
grid2,0.765,0.5,0.024479166666666663,0.04494375,-0.020464583333333335
grid2,0.7675,0.5,0.02421875,0.0446109375,-0.020392187500000002
grid2,0.77,0.5,0.023958333333333328,0.044274999999999995,-0.020316666666666667
grid2,0.7725,0.5,0.02369791666666667,0.04393593750000001,-0.02023802083333334
grid2,0.775,0.5,0.023437499999999997,0.043593749999999994,-0.020156249999999997
grid2,0.7775,0.5,0.023177083333333334,0.04324843750000001,-0.020071354166666673
grid2,0.78,0.5,0.02291666666666666,0.042899999999999994,-0.019983333333333332
grid2,0.7825,0.5,0.02265625,0.0425484375,-0.019892187500000002
grid2,0.785,0.5,0.022395833333333327,0.042193749999999995,-0.01979791666666667
grid2,0.7875,0.5,0.022135416666666668,0.0418359375,-0.019700520833333336
grid2,0.79,0.5,0.021874999999999995,0.041475,-0.019600000000000003
grid2,0.7925,0.5,0.021614583333333333,0.0411109375,-0.019496354166666667
grid2,0.795,0.5,0.02135416666666666,0.040743749999999995,-0.019389583333333335
grid2,0.7975,0.5,0.021093749999999998,0.040373437500000005,-0.019279687500000007
grid2,0.8,0.5,0.020833333333333325,0.039999999999999994,-0.01916666666666667
grid2,0.8025,0.5,0.020572916666666666,0.039623437500000004,-0.019050520833333338
grid2,0.805,0.5,0.020312499999999994,0.039243749999999994,-0.01893125
grid2,0.8075,0.5,0.02005208333333333,0.0388609375,-0.018808854166666666
grid2,0.81,0.5,0.01979166666666666,0.03847499999999999,-0.01868333333333333
grid2,0.8125,0.5,0.01953125,0.0380859375,-0.0185546875
grid2,0.815,0.5,0.019270833333333338,0.037693750000000005,-0.018422916666666667
grid2,0.8175,0.5,0.019010416666666665,0.037298437499999997,-0.01828802083333333
grid2,0.82,0.5,0.018750000000000003,0.03690000000000001,-0.018150000000000006
grid2,0.8225,0.5,0.01848958333333333,0.0364984375,-0.01800885416666667
grid2,0.825,0.5,0.01822916666666667,0.03609375000000001,-0.017864583333333336
grid2,0.8275,0.5,0.01796875,0.0356859375,-0.017717187500000002
grid2,0.83,0.5,0.017708333333333336,0.03527500000000001,-0.01756666666666667
grid2,0.8325,0.5,0.017447916666666664,0.034860937499999994,-0.01741302083333333
grid2,0.835,0.5,0.0171875,0.03444375000000001,-0.017256250000000008
grid2,0.8375,0.5,0.01692708333333333,0.034023437499999996,-0.017096354166666668
grid2,0.84,0.5,0.01666666666666667,0.033600000000000005,-0.016933333333333335
grid2,0.8425,0.5,0.016406249999999997,0.03317343749999999,-0.016767187499999996
grid2,0.845,0.5,0.016145833333333335,0.03274375,-0.016597916666666667
grid2,0.8475,0.5,0.015885416666666662,0.0323109375,-0.016425520833333335
grid2,0.85,0.5,0.015625,0.031875,-0.01625
grid2,0.8525,0.5,0.015364583333333329,0.0314359375,-0.01607135416666667
grid2,0.855,0.5,0.015104166666666667,0.030993750000000004,-0.01588958333333334
grid2,0.8575,0.5,0.014843749999999994,0.030548437499999994,-0.0157046875
grid2,0.86,0.5,0.014583333333333334,0.030100000000000002,-0.015516666666666668
grid2,0.8625,0.5,0.014322916666666661,0.029648437499999993,-0.015325520833333332
grid2,0.865,0.5,0.0140625,0.02919375,-0.01513125
grid2,0.8675,0.5,0.013802083333333328,0.028735937499999992,-0.014933854166666665
grid2,0.87,0.5,0.013541666666666665,0.028275,-0.014733333333333336
grid2,0.8725,0.5,0.013281249999999993,0.02781093749999999,-0.014529687499999997
grid2,0.875,0.5,0.013020833333333332,0.02734375,-0.014322916666666668
grid2,0.8775,0.5,0.012760416666666672,0.02687343750000001,-0.014113020833333339
grid2,0.88,0.5,0.012499999999999999,0.0264,-0.013900000000000001
grid2,0.8825,0.5,0.012239583333333337,0.02592343750000001,-0.013683854166666674
grid2,0.885,0.5,0.011979166666666664,0.025443749999999998,-0.013464583333333334
grid2,0.8875,0.5,0.011718750000000003,0.02496093750000001,-0.013242187500000006
grid2,0.89,0.5,0.01145833333333333,0.024474999999999997,-0.013016666666666666
grid2,0.8925,0.5,0.01119791666666667,0.02398593750000001,-0.012788020833333339
grid2,0.895,0.5,0.010937499999999998,0.023493749999999997,-0.01255625
grid2,0.8975,0.5,0.010677083333333335,0.022998437500000007,-0.012321354166666671
grid2,0.9,0.5,0.010416666666666663,0.022499999999999996,-0.012083333333333333
grid2,0.9025,0.5,0.010156250000000002,0.021998437500000006,-0.011842187500000004
grid2,0.905,0.5,0.00989583333333333,0.021493749999999995,-0.011597916666666666
grid2,0.9075,0.5,0.009635416666666669,0.020985937500000006,-0.011350520833333337
grid2,0.91,0.5,0.009374999999999996,0.020474999999999993,-0.011099999999999997
grid2,0.9125,0.5,0.009114583333333336,0.019960937500000005,-0.010846354166666669
grid2,0.915,0.5,0.008854166666666663,0.019443749999999992,-0.01058958333333333
grid2,0.9175,0.5,0.00859375,0.018923437500000004,-0.010329687500000004
grid2,0.92,0.5,0.008333333333333328,0.018399999999999993,-0.010066666666666665
grid2,0.9225,0.5,0.008072916666666667,0.017873437500000002,-0.009800520833333335
grid2,0.925,0.5,0.007812499999999995,0.01734374999999999,-0.009531249999999996
grid2,0.9275,0.5,0.007552083333333333,0.0168109375,-0.009258854166666667
grid2,0.93,0.5,0.007291666666666661,0.01627499999999999,-0.00898333333333333
grid2,0.9325,0.5,0.00703125,0.0157359375,-0.008704687500000002
grid2,0.935,0.5,0.0067708333333333275,0.015193749999999989,-0.008422916666666662
grid2,0.9375,0.5,0.006510416666666666,0.0146484375,-0.008138020833333334
grid2,0.94,0.5,0.006250000000000005,0.014100000000000012,-0.007850000000000006
grid2,0.9425,0.5,0.005989583333333332,0.0135484375,-0.007558854166666668
grid2,0.945,0.5,0.0057291666666666715,0.01299375000000001,-0.007264583333333339
grid2,0.9475,0.5,0.005468749999999999,0.012435937499999997,-0.0069671874999999986
grid2,0.95,0.5,0.005208333333333337,0.01187500000000001,-0.006666666666666673
grid2,0.9525,0.5,0.004947916666666665,0.011310937499999996,-0.006363020833333332
grid2,0.955,0.5,0.004687500000000004,0.010743750000000009,-0.006056250000000004
grid2,0.9575,0.5,0.0044270833333333315,0.010173437499999997,-0.005746354166666665
grid2,0.96,0.5,0.00416666666666667,0.009600000000000008,-0.005433333333333338
grid2,0.9625,0.5,0.0039062499999999974,0.009023437499999995,-0.005117187499999998
grid2,0.965,0.5,0.0036458333333333364,0.008443750000000007,-0.004797916666666671
grid2,0.9675,0.5,0.0033854166666666637,0.007860937499999993,-0.00447552083333333
grid2,0.97,0.5,0.0031250000000000023,0.007275000000000006,-0.004150000000000004
grid2,0.9725,0.5,0.0028645833333333297,0.006685937499999992,-0.0038213541666666626
grid2,0.975,0.5,0.0026041666666666687,0.006093750000000005,-0.0034895833333333367
grid2,0.9775,0.5,0.002343749999999996,0.005498437499999991,-0.003154687499999995
grid2,0.98,0.5,0.002083333333333335,0.004900000000000004,-0.002816666666666669
grid2,0.9825,0.5,0.0018229166666666624,0.004298437499999991,-0.0024755208333333283
grid2,0.985,0.5,0.0015625000000000012,0.003693750000000003,-0.002131250000000002
grid2,0.9875,0.5,0.0013020833333333285,0.0030859374999999893,-0.0017838541666666608
grid2,0.99,0.5,0.0010416666666666675,0.0024750000000000024,-0.0014333333333333349
grid2,0.9925,0.5,0.0007812499999999948,0.001860937499999988,-0.0010796874999999932
grid2,0.995,0.5,0.0005208333333333338,0.0012437500000000011,-0.0007229166666666674
grid2,0.9975,0.5,0.0002604166666666611,0.0006234374999999867,-0.00036302083333332566
grid2,1.0,0.5,0.0,0.0,0.0
grid4,0.0,0.5,0.0,0.0,0.0
grid4,0.0025,0.5,0.00044596354166666715,0.0006234375000000001,-0.00017747395833333292
grid4,0.005,0.5,0.0008919270833333343,0.00124375,-0.00035182291666666576
grid4,0.0075,0.5,0.0013378906250000016,0.0018609375,-0.0005230468749999983
grid4,0.01,0.5,0.0017838541666666686,0.002475,-0.0006911458333333316
grid4,0.0125,0.5,0.002229817708333336,0.0030859375,-0.0008561197916666643
grid4,0.015,0.5,0.0026757812500000032,0.00369375,-0.0010179687499999967
grid4,0.0175,0.5,0.0031217447916666702,0.0042984375,-0.00117669270833333
grid4,0.02,0.5,0.0035677083333333325,0.0049,-0.0013322916666666674
grid4,0.0225,0.5,0.0040136718749999994,0.0054984375,-0.0014847656250000004
grid4,0.025,0.5,0.0044596354166666664,0.00609375,-0.0016341145833333338
grid4,0.0275,0.5,0.004905598958333334,0.0066859375,-0.0017803385416666657
grid4,0.03,0.5,0.005351562500000001,0.007274999999999999,-0.001923437499999998
grid4,0.0325,0.5,0.005797526041666668,0.0078609375,-0.0020634114583333316
grid4,0.035,0.5,0.006243489583333335,0.00844375,-0.0022002604166666646
grid4,0.0375,0.5,0.006689453125000003,0.0090234375,-0.002333984374999997
grid4,0.04,0.5,0.00713541666666667,0.0096,-0.002464583333333329
grid4,0.0425,0.5,0.007581380208333337,0.0101734375,-0.002592057291666663
grid4,0.045,0.5,0.008027343749999999,0.01074375,-0.002716406250000001
grid4,0.0475,0.5,0.008473307291666666,0.0113109375,-0.002837630208333334
grid4,0.05,0.5,0.008919270833333333,0.011875,-0.0029557291666666673
grid4,0.0525,0.5,0.009365234375000002,0.012435937499999999,-0.0030707031249999975
grid4,0.055,0.5,0.009811197916666669,0.01299375,-0.0031825520833333315
grid4,0.0575,0.5,0.010257161458333336,0.013548437500000001,-0.003291276041666666
grid4,0.06,0.5,0.010703125000000003,0.014099999999999998,-0.0033968749999999954
grid4,0.0625,0.5,0.01114908854166667,0.0146484375,-0.0034993489583333304
grid4,0.065,0.5,0.011595052083333337,0.01519375,-0.003598697916666664
grid4,0.0675,0.5,0.012041015625000004,0.0157359375,-0.003694921874999998
grid4,0.07,0.5,0.01248697916666667,0.016275,-0.0037880208333333307
grid4,0.0725,0.5,0.012932942708333338,0.016810937499999998,-0.0038779947916666602
grid4,0.075,0.5,0.013378906250000006,0.01734375,-0.003964843749999995
grid4,0.0775,0.5,0.013824869791666673,0.0178734375,-0.0040485677083333255
grid4,0.08,0.5,0.01427083333333334,0.0184,-0.0041291666666666595
grid4,0.0825,0.5,0.014716796875000007,0.0189234375,-0.004206640624999994
grid4,0.085,0.5,0.015162760416666674,0.019443750000000003,-0.0042809895833333285
grid4,0.0875,0.5,0.015608723958333336,0.019960937499999998,-0.004352213541666662
grid4,0.09,0.5,0.016054687500000005,0.020475,-0.004420312499999995
grid4,0.0925,0.5,0.01650065104166667,0.0209859375,-0.004485286458333328
grid4,0.095,0.5,0.01694661458333334,0.021493750000000002,-0.004547135416666664
grid4,0.0975,0.5,0.017392578125000006,0.0219984375,-0.004605859374999993
grid4,0.1,0.5,0.017838541666666673,0.022500000000000003,-0.00466145833333333
grid4,0.1025,0.5,0.018284505208333336,0.022998437499999996,-0.00471393229166666
grid4,0.105,0.5,0.018730468750000003,0.02349375,-0.0047632812499999976
grid4,0.1075,0.5,0.01917643229166667,0.0239859375,-0.004809505208333328
grid4,0.11,0.5,0.019622395833333337,0.024475,-0.004852604166666663
grid4,0.1125,0.5,0.020068359375000004,0.0249609375,-0.004892578124999995
grid4,0.115,0.5,0.02051432291666667,0.02544375,-0.00492942708333333
grid4,0.1175,0.5,0.020960286458333338,0.0259234375,-0.004963151041666662
grid4,0.12,0.5,0.021406250000000005,0.0264,-0.004993749999999995
grid4,0.1225,0.5,0.021852213541666672,0.026873437499999996,-0.005021223958333324
grid4,0.125,0.5,0.02229817708333334,0.02734375,-0.005045572916666661
grid4,0.1275,0.5,0.022744140625000006,0.0278109375,-0.0050667968749999945
grid4,0.13,0.5,0.023190104166666673,0.028275,-0.005084895833333328
grid4,0.1325,0.5,0.02363606770833334,0.0287359375,-0.005099869791666659
grid4,0.135,0.5,0.024082031250000007,0.02919375,-0.005111718749999994
grid4,0.1375,0.5,0.024527994791666674,0.029648437500000003,-0.005120442708333329
grid4,0.14,0.5,0.02497395833333334,0.030100000000000002,-0.005126041666666661
grid4,0.1425,0.5,0.025419921875000005,0.030548437499999997,-0.005128515624999993
grid4,0.145,0.5,0.02586588541666667,0.030993749999999997,-0.005127864583333325
grid4,0.1475,0.5,0.02631184895833334,0.0314359375,-0.005124088541666658
grid4,0.15,0.5,0.026757812500000006,0.031875,-0.005117187499999995
grid4,0.1525,0.5,0.027203776041666673,0.0323109375,-0.005107161458333325
grid4,0.155,0.5,0.02764973958333334,0.03274375,-0.0050940104166666625
grid4,0.1575,0.5,0.028095703125000007,0.0331734375,-0.005077734374999993
grid4,0.16,0.5,0.028541666666666674,0.0336,-0.005058333333333324
grid4,0.1625,0.5,0.02898763020833334,0.0340234375,-0.005035807291666663
grid4,0.165,0.5,0.029433593750000007,0.03444375,-0.005010156249999995
grid4,0.1675,0.5,0.029879557291666674,0.0348609375,-0.004981380208333327
grid4,0.17,0.5,0.030325520833333345,0.035275,-0.004949479166666656
grid4,0.1725,0.5,0.030771484375000005,0.0356859375,-0.004914453124999996
grid4,0.175,0.5,0.031217447916666672,0.036093749999999994,-0.004876302083333322
grid4,0.1775,0.5,0.03166341145833334,0.0364984375,-0.004835026041666662
grid4,0.18,0.5,0.03210937500000001,0.0369,-0.004790624999999993
grid4,0.1825,0.5,0.03255533854166667,0.037298437499999997,-0.004743098958333324
grid4,0.185,0.5,0.03300130208333334,0.03769375,-0.004692447916666655
grid4,0.1875,0.5,0.03344726562500001,0.0380859375,-0.004638671874999993
grid4,0.19,0.5,0.03389322916666668,0.038475,-0.004581770833333325
grid4,0.1925,0.5,0.03433919270833334,0.0388609375,-0.004521744791666657
grid4,0.195,0.5,0.03478515625000001,0.03924375,-0.0044585937499999895
grid4,0.1975,0.5,0.035231119791666675,0.039623437500000004,-0.004392317708333329
grid4,0.2,0.5,0.035677083333333345,0.04000000000000001,-0.004322916666666662
grid4,0.2025,0.5,0.03612304687500001,0.040373437500000005,-0.004250390624999996
grid4,0.205,0.5,0.03656901041666667,0.04074375,-0.00417473958333333
grid4,0.2075,0.5,0.03701497395833334,0.0411109375,-0.004095963541666657
grid4,0.21,0.5,0.037460937500000006,0.041475,-0.004014062499999992
grid4,0.2125,0.5,0.03790690104166668,0.041835937499999996,-0.0039290364583333195
grid4,0.215,0.5,0.03835286458333334,0.04219375,-0.0038408854166666617
grid4,0.2175,0.5,0.03879882812500001,0.0425484375,-0.0037496093749999904
grid4,0.22,0.5,0.039244791666666674,0.0429,-0.0036552083333333263
grid4,0.2225,0.5,0.039690755208333345,0.0432484375,-0.0035576822916666556
grid4,0.225,0.5,0.04013671875000001,0.04359375,-0.0034570312499999922
grid4,0.2275,0.5,0.04058268229166668,0.0439359375,-0.0033532552083333222
grid4,0.23,0.5,0.04102864583333334,0.044275,-0.0032463541666666595
grid4,0.2325,0.5,0.04147460937500001,0.0446109375,-0.0031363281249999903
grid4,0.235,0.5,0.041920572916666676,0.04494375,-0.0030231770833333213
grid4,0.2375,0.5,0.04236653645833334,0.04527343749999999,-0.0029069010416666527
grid4,0.24,0.5,0.04281250000000001,0.0456,-0.0027874999999999914
grid4,0.2425,0.5,0.043258463541666674,0.045923437500000004,-0.0026649739583333304
grid4,0.245,0.5,0.043704427083333344,0.04624375,-0.002539322916666656
grid4,0.2475,0.5,0.04415039062500001,0.046560937499999996,-0.0024105468749999887
grid4,0.25,0.5,0.04459635416666668,0.046875,-0.0022786458333333218
grid4,0.2525,0.5,0.04474609375000001,0.047185937500000004,-0.0024398437499999967
grid4,0.255,0.5,0.04489583333333334,0.04749375,-0.002597916666666658
grid4,0.2575,0.5,0.04504557291666668,0.0477984375,-0.00275286458333332
grid4,0.26,0.5,0.045195312500000015,0.048100000000000004,-0.002904687499999989
grid4,0.2625,0.5,0.045345052083333344,0.0483984375,-0.0030533854166666582
grid4,0.265,0.5,0.04549479166666668,0.04869375,-0.003198958333333321
grid4,0.2675,0.5,0.04564453125000001,0.0489859375,-0.003341406249999991
grid4,0.27,0.5,0.045794270833333345,0.049275,-0.0034807291666666546
grid4,0.2725,0.5,0.04594401041666668,0.049560937500000006,-0.0036169270833333253
grid4,0.275,0.5,0.04609375000000002,0.04984375,-0.0037499999999999825
grid4,0.2775,0.5,0.046243489583333346,0.0501234375,-0.003879947916666654
grid4,0.28,0.5,0.04639322916666668,0.0504,-0.004006770833333319
grid4,0.2825,0.5,0.04654296875000001,0.050673437499999995,-0.004130468749999984
grid4,0.285,0.5,0.046692708333333346,0.05094375,-0.0042510416666666564
grid4,0.2875,0.5,0.04684244791666668,0.0512109375,-0.004368489583333315
grid4,0.29,0.5,0.04699218750000001,0.05147499999999999,-0.004482812499999982
grid4,0.2925,0.5,0.04714192708333334,0.051735937499999995,-0.004594010416666655
grid4,0.295,0.5,0.047291666666666676,0.051993750000000005,-0.004702083333333329
grid4,0.2975,0.5,0.04744140625000001,0.0522484375,-0.004807031249999989
grid4,0.3,0.5,0.04759114583333335,0.0525,-0.00490885416666665
grid4,0.3025,0.5,0.04774088541666668,0.0527484375,-0.005007552083333325
grid4,0.305,0.5,0.04789062500000001,0.052993750000000006,-0.005103124999999993
grid4,0.3075,0.5,0.04804036458333334,0.0532359375,-0.005195572916666655
grid4,0.31,0.5,0.04819010416666668,0.053474999999999995,-0.005284895833333317
grid4,0.3125,0.5,0.048339843750000014,0.0537109375,-0.005371093749999986
grid4,0.315,0.5,0.04848958333333335,0.053943750000000006,-0.005454166666666656
grid4,0.3175,0.5,0.04863932291666668,0.0541734375,-0.005534114583333319
grid4,0.32,0.5,0.048789062500000015,0.0544,-0.005610937499999982
grid4,0.3225,0.5,0.048938802083333344,0.054623437500000004,-0.00568463541666666
grid4,0.325,0.5,0.04908854166666668,0.054843750000000004,-0.005755208333333324
grid4,0.3275,0.5,0.049238281250000016,0.055060937500000004,-0.005822656249999988
grid4,0.33,0.5,0.049388020833333345,0.055275,-0.005886979166666653
grid4,0.3325,0.5,0.04953776041666668,0.0554859375,-0.005948177083333318
grid4,0.335,0.5,0.04968750000000001,0.05569375000000001,-0.006006249999999998
grid4,0.3375,0.5,0.049837239583333345,0.0558984375,-0.006061197916666657
grid4,0.34,0.5,0.04998697916666668,0.0561,-0.006113020833333316
grid4,0.3425,0.5,0.05013671875000002,0.0562984375,-0.006161718749999982
grid4,0.345,0.5,0.050286458333333346,0.056493749999999995,-0.006207291666666649
grid4,0.3475,0.5,0.050436197916666675,0.056685937500000005,-0.00624973958333333
grid4,0.35,0.5,0.05058593750000001,0.056874999999999995,-0.006289062499999984
grid4,0.3525,0.5,0.05073567708333335,0.05706093749999999,-0.006325260416666645
grid4,0.355,0.5,0.050885416666666676,0.057243749999999996,-0.00635833333333332
grid4,0.3575,0.5,0.05103515625000001,0.0574234375,-0.006388281249999989
grid4,0.36,0.5,0.05118489583333334,0.0576,-0.0064151041666666575
grid4,0.3625,0.5,0.05133463541666668,0.0577734375,-0.00643880208333332
grid4,0.365,0.5,0.05148437500000001,0.05794375,-0.006459374999999989
grid4,0.3675,0.5,0.05163411458333335,0.05811093750000001,-0.006476822916666659
grid4,0.37,0.5,0.05178385416666668,0.058275,-0.006491145833333323
grid4,0.3725,0.5,0.051933593750000014,0.05843593749999999,-0.0065023437499999795
grid4,0.375,0.5,0.05208333333333334,0.05859375,-0.006510416666666657
grid4,0.3775,0.5,0.05223307291666668,0.05874843750000001,-0.006515364583333329
grid4,0.38,0.5,0.052382812500000014,0.0589,-0.0065171874999999865
grid4,0.3825,0.5,0.05253255208333335,0.059048437499999995,-0.006515885416666645
grid4,0.385,0.5,0.052682291666666686,0.05919375,-0.006511458333333317
grid4,0.3875,0.5,0.052832031250000015,0.059335937500000005,-0.00650390624999999
grid4,0.39,0.5,0.052981770833333344,0.059475,-0.006493229166666656
grid4,0.3925,0.5,0.05313151041666668,0.059610937499999996,-0.006479427083333315
grid4,0.395,0.5,0.053281250000000016,0.05974375,-0.006462499999999982
grid4,0.3975,0.5,0.05343098958333335,0.05987343750000001,-0.006442447916666656
grid4,0.4,0.5,0.05358072916666668,0.06,-0.006419270833333317
grid4,0.4025,0.5,0.05373046875000001,0.060123437499999995,-0.006392968749999985
grid4,0.405,0.5,0.053880208333333346,0.06024375,-0.006363541666666653
grid4,0.4075,0.5,0.054029947916666675,0.060360937499999996,-0.006330989583333321
grid4,0.41,0.5,0.05417968750000002,0.06047500000000001,-0.00629531249999999
grid4,0.4125,0.5,0.05432942708333335,0.0605859375,-0.006256510416666652
grid4,0.415,0.5,0.054479166666666676,0.06069374999999999,-0.006214583333333315
grid4,0.4175,0.5,0.05462890625000001,0.0607984375,-0.006169531249999985
grid4,0.42,0.5,0.05477864583333335,0.0609,-0.006121354166666655
grid4,0.4225,0.5,0.05492838541666668,0.0609984375,-0.006070052083333326
grid4,0.425,0.5,0.05507812500000002,0.061093749999999995,-0.006015624999999976
grid4,0.4275,0.5,0.05522786458333335,0.0611859375,-0.005958072916666654
grid4,0.43,0.5,0.05537760416666668,0.061275,-0.005897395833333326
grid4,0.4325,0.5,0.05552734375000001,0.0613609375,-0.005833593749999984
grid4,0.435,0.5,0.05567708333333334,0.06144374999999999,-0.005766666666666649
grid4,0.4375,0.5,0.055826822916666685,0.0615234375,-0.005696614583333315
grid4,0.44,0.5,0.055976562500000014,0.06160000000000001,-0.005623437499999995
grid4,0.4425,0.5,0.05612630208333335,0.0616734375,-0.005547135416666647
grid4,0.445,0.5,0.05627604166666668,0.06174374999999999,-0.005467708333333314
grid4,0.4475,0.5,0.056425781250000015,0.0618109375,-0.005385156249999988
grid4,0.45,0.5,0.056575520833333344,0.061875000000000006,-0.005299479166666662
grid4,0.4525,0.5,0.05672526041666669,0.0619359375,-0.005210677083333316
grid4,0.455,0.5,0.056875000000000016,0.06199374999999999,-0.0051187499999999775
grid4,0.4575,0.5,0.057024739583333345,0.0620484375,-0.005023697916666653
grid4,0.46,0.5,0.05717447916666668,0.06210000000000001,-0.004925520833333329
grid4,0.4625,0.5,0.05732421875000002,0.0621484375,-0.004824218749999984
grid4,0.465,0.5,0.057473958333333346,0.06219374999999999,-0.0047197916666666465
grid4,0.4675,0.5,0.05762369791666668,0.0622359375,-0.004612239583333316
grid4,0.47,0.5,0.05777343750000001,0.062275,-0.0045015624999999865
grid4,0.4725,0.5,0.057923177083333346,0.062310937500000003,-0.004387760416666657
grid4,0.475,0.5,0.058072916666666675,0.062343749999999996,-0.004270833333333321
grid4,0.4775,0.5,0.05822265625000001,0.0623734375,-0.004150781249999985
grid4,0.48,0.5,0.05837239583333335,0.0624,-0.00402760416666665
grid4,0.4825,0.5,0.05852213541666668,0.062423437500000005,-0.0039013020833333217
grid4,0.485,0.5,0.05867187500000001,0.06244375,-0.003771874999999987
grid4,0.4875,0.5,0.05882161458333335,0.062460937499999994,-0.0036393229166666458
grid4,0.49,0.5,0.05897135416666668,0.062475,-0.0035036458333333256
grid4,0.4925,0.5,0.05912109375000001,0.062485937500000005,-0.003364843749999992
grid4,0.495,0.5,0.05927083333333335,0.06249375,-0.0032229166666666517
grid4,0.4975,0.5,0.059420572916666685,0.06249843749999999,-0.003077864583333305
grid4,0.5,0.5,0.059570312500000014,0.0625,-0.002929687499999986
grid4,0.5025,0.5,0.059420572916666685,0.0624984375,-0.003077864583333312
grid4,0.505,0.5,0.05927083333333335,0.06249375,-0.0032229166666666517
grid4,0.5075,0.5,0.05912109375000001,0.0624859375,-0.003364843749999985
grid4,0.51,0.5,0.05897135416666668,0.062475,-0.0035036458333333256
grid4,0.5125,0.5,0.05882161458333335,0.0624609375,-0.0036393229166666527
grid4,0.515,0.5,0.05867187500000001,0.06244375,-0.003771874999999987
grid4,0.5175,0.5,0.05852213541666668,0.0624234375,-0.003901302083333315
grid4,0.52,0.5,0.05837239583333335,0.0624,-0.00402760416666665
grid4,0.5225,0.5,0.05822265625000001,0.062373437500000004,-0.004150781249999992
grid4,0.525,0.5,0.058072916666666675,0.062343749999999996,-0.004270833333333321
grid4,0.5275,0.5,0.057923177083333346,0.062310937500000003,-0.004387760416666657
grid4,0.53,0.5,0.05777343750000001,0.062275,-0.0045015624999999865
grid4,0.5325,0.5,0.05762369791666668,0.0622359375,-0.004612239583333316
grid4,0.535,0.5,0.057473958333333346,0.06219375,-0.004719791666666653
grid4,0.5375,0.5,0.05732421875000002,0.0621484375,-0.004824218749999984
grid4,0.54,0.5,0.057174479166666674,0.0621,-0.004925520833333329
grid4,0.5425,0.5,0.057024739583333345,0.0620484375,-0.005023697916666653
grid4,0.545,0.5,0.05687500000000001,0.06199375,-0.005118749999999991
grid4,0.5475,0.5,0.05672526041666669,0.0619359375,-0.005210677083333316
grid4,0.55,0.5,0.05657552083333334,0.061875,-0.005299479166666662
grid4,0.5525,0.5,0.056425781250000015,0.0618109375,-0.005385156249999988
grid4,0.555,0.5,0.05627604166666668,0.06174375,-0.005467708333333321
grid4,0.5575,0.5,0.05612630208333335,0.0616734375,-0.005547135416666647
grid4,0.56,0.5,0.055976562500000014,0.061599999999999995,-0.005623437499999981
grid4,0.5625,0.5,0.055826822916666685,0.0615234375,-0.005696614583333315
grid4,0.565,0.5,0.05567708333333335,0.06144375,-0.005766666666666649
grid4,0.5675,0.5,0.05552734375000001,0.0613609375,-0.005833593749999984
grid4,0.57,0.5,0.055377604166666684,0.061275,-0.005897395833333319
grid4,0.5725,0.5,0.05522786458333335,0.0611859375,-0.005958072916666654
grid4,0.575,0.5,0.05507812500000002,0.06109375,-0.006015624999999983
grid4,0.5775,0.5,0.05492838541666668,0.0609984375,-0.006070052083333326
grid4,0.58,0.5,0.05477864583333335,0.0609,-0.006121354166666655
grid4,0.5825,0.5,0.05462890625000001,0.0607984375,-0.006169531249999985
grid4,0.585,0.5,0.05447916666666668,0.060693750000000005,-0.006214583333333322
grid4,0.5875,0.5,0.05432942708333335,0.0605859375,-0.006256510416666652
grid4,0.59,0.5,0.05417968750000001,0.060475,-0.00629531249999999
grid4,0.5925,0.5,0.054029947916666675,0.060360937499999996,-0.006330989583333321
grid4,0.595,0.5,0.053880208333333346,0.06024375,-0.006363541666666653
grid4,0.5975,0.5,0.05373046875000001,0.0601234375,-0.0063929687499999915
grid4,0.6,0.5,0.05358072916666668,0.06,-0.006419270833333317
grid4,0.6025,0.5,0.053430989583333345,0.0598734375,-0.006442447916666656
grid4,0.605,0.5,0.053281250000000016,0.05974375,-0.006462499999999982
grid4,0.6075,0.5,0.05313151041666667,0.059610937499999996,-0.006479427083333322
grid4,0.61,0.5,0.052981770833333344,0.059475,-0.006493229166666656
grid4,0.6125,0.5,0.05283203125000001,0.0593359375,-0.00650390624999999
grid4,0.615,0.5,0.052682291666666686,0.05919375,-0.006511458333333317
grid4,0.6175,0.5,0.05253255208333335,0.059048437499999995,-0.006515885416666645
grid4,0.62,0.5,0.052382812500000014,0.0589,-0.0065171874999999865
grid4,0.6225,0.5,0.05223307291666668,0.05874843749999999,-0.006515364583333315
grid4,0.625,0.5,0.05208333333333334,0.05859375,-0.006510416666666657
grid4,0.6275,0.5,0.051933593750000014,0.0584359375,-0.006502343749999986
grid4,0.63,0.5,0.05178385416666668,0.058275,-0.006491145833333323
grid4,0.6325,0.5,0.05163411458333335,0.0581109375,-0.0064768229166666524
grid4,0.635,0.5,0.05148437500000001,0.05794375,-0.006459374999999989
grid4,0.6375,0.5,0.05133463541666668,0.057773437500000004,-0.006438802083333327
grid4,0.64,0.5,0.05118489583333334,0.0576,-0.0064151041666666575
grid4,0.6425,0.5,0.05103515625000002,0.0574234375,-0.006388281249999982
grid4,0.645,0.5,0.050885416666666676,0.057243749999999996,-0.00635833333333332
grid4,0.6475,0.5,0.05073567708333335,0.057060937500000006,-0.006325260416666659
grid4,0.65,0.5,0.05058593750000001,0.056874999999999995,-0.006289062499999984
grid4,0.6525,0.5,0.05043619791666668,0.056685937500000005,-0.006249739583333323
grid4,0.655,0.5,0.050286458333333346,0.056493749999999995,-0.006207291666666649
grid4,0.6575,0.5,0.05013671875000002,0.0562984375,-0.006161718749999982
grid4,0.66,0.5,0.04998697916666668,0.0561,-0.006113020833333316
grid4,0.6625,0.5,0.049837239583333345,0.0558984375,-0.006061197916666657
grid4,0.665,0.5,0.04968750000000001,0.05569375,-0.006006249999999991
grid4,0.6675,0.5,0.04953776041666668,0.0554859375,-0.005948177083333318
grid4,0.67,0.5,0.049388020833333345,0.055275,-0.005886979166666653
grid4,0.6725,0.5,0.049238281250000016,0.055060937500000004,-0.005822656249999988
grid4,0.675,0.5,0.04908854166666668,0.05484375,-0.005755208333333317
grid4,0.6775,0.5,0.048938802083333344,0.054623437500000004,-0.00568463541666666
grid4,0.68,0.5,0.04878906250000001,0.0544,-0.005610937499999989
grid4,0.6825,0.5,0.04863932291666668,0.0541734375,-0.005534114583333319
grid4,0.685,0.5,0.04848958333333334,0.05394374999999999,-0.005454166666666649
grid4,0.6875,0.5,0.048339843750000014,0.0537109375,-0.005371093749999986
grid4,0.69,0.5,0.04819010416666668,0.053475,-0.005284895833333324
grid4,0.6925,0.5,0.04804036458333334,0.0532359375,-0.005195572916666655
grid4,0.695,0.5,0.04789062500000001,0.052993750000000006,-0.005103124999999993
grid4,0.6975,0.5,0.04774088541666668,0.0527484375,-0.005007552083333325
grid4,0.7,0.5,0.04759114583333335,0.052500000000000005,-0.004908854166666657
grid4,0.7025,0.5,0.04744140625000001,0.0522484375,-0.004807031249999989
grid4,0.705,0.5,0.04729166666666668,0.051993750000000005,-0.004702083333333322
grid4,0.7075,0.5,0.04714192708333334,0.051735937499999995,-0.004594010416666655
grid4,0.71,0.5,0.04699218750000002,0.05147500000000001,-0.0044828124999999885
grid4,0.7125,0.5,0.04684244791666668,0.0512109375,-0.004368489583333315
grid4,0.715,0.5,0.046692708333333346,0.05094375,-0.0042510416666666564
grid4,0.7175,0.5,0.04654296875000001,0.050673437499999995,-0.004130468749999984
grid4,0.72,0.5,0.04639322916666668,0.0504,-0.004006770833333319
grid4,0.7225,0.5,0.046243489583333346,0.0501234375,-0.003879947916666654
grid4,0.725,0.5,0.04609375000000002,0.04984375,-0.0037499999999999825
grid4,0.7275,0.5,0.04594401041666668,0.0495609375,-0.0036169270833333184
grid4,0.73,0.5,0.045794270833333345,0.049275,-0.0034807291666666546
grid4,0.7325,0.5,0.04564453125000001,0.04898593749999999,-0.003341406249999984
grid4,0.735,0.5,0.04549479166666668,0.04869375,-0.003198958333333321
grid4,0.7375,0.5,0.045345052083333344,0.048398437499999995,-0.0030533854166666513
grid4,0.74,0.5,0.045195312500000015,0.048100000000000004,-0.002904687499999989
grid4,0.7425,0.5,0.04504557291666668,0.04779843749999999,-0.002752864583333313
grid4,0.745,0.5,0.04489583333333334,0.04749375,-0.002597916666666658
grid4,0.7475,0.5,0.04474609375000001,0.04718593749999999,-0.002439843749999983
grid4,0.75,0.5,0.04459635416666668,0.046875,-0.0022786458333333218
grid4,0.7525,0.5,0.04415039062500002,0.0465609375,-0.0024105468749999817
grid4,0.755,0.5,0.043704427083333344,0.04624375,-0.002539322916666656
grid4,0.7575,0.5,0.04325846354166669,0.045923437500000004,-0.0026649739583333165
grid4,0.76,0.5,0.04281250000000001,0.0456,-0.0027874999999999914
grid4,0.7625,0.5,0.042366536458333354,0.045273437500000006,-0.0029069010416666527
grid4,0.765,0.5,0.041920572916666676,0.04494375,-0.0030231770833333213
grid4,0.7675,0.5,0.04147460937500002,0.0446109375,-0.0031363281249999833
grid4,0.77,0.5,0.04102864583333334,0.044274999999999995,-0.0032463541666666526
grid4,0.7725,0.5,0.040582682291666686,0.04393593750000001,-0.0033532552083333222
grid4,0.775,0.5,0.04013671875000001,0.043593749999999994,-0.0034570312499999853
grid4,0.7775,0.5,0.03969075520833335,0.04324843750000001,-0.0035576822916666556
grid4,0.78,0.5,0.039244791666666674,0.042899999999999994,-0.0036552083333333193
grid4,0.7825,0.5,0.03879882812500002,0.0425484375,-0.0037496093749999834
grid4,0.785,0.5,0.03835286458333334,0.042193749999999995,-0.003840885416666655
grid4,0.7875,0.5,0.037906901041666684,0.0418359375,-0.0039290364583333195
grid4,0.79,0.5,0.037460937500000006,0.041475,-0.004014062499999992
grid4,0.7925,0.5,0.03701497395833334,0.0411109375,-0.004095963541666657
grid4,0.795,0.5,0.03656901041666667,0.040743749999999995,-0.004174739583333323
grid4,0.7975,0.5,0.03612304687500001,0.040373437500000005,-0.004250390624999996
grid4,0.8,0.5,0.03567708333333333,0.039999999999999994,-0.004322916666666662
grid4,0.8025,0.5,0.035231119791666675,0.039623437500000004,-0.004392317708333329
grid4,0.805,0.5,0.03478515625,0.039243749999999994,-0.004458593749999996
grid4,0.8075,0.5,0.03433919270833334,0.0388609375,-0.004521744791666657
grid4,0.81,0.5,0.033893229166666664,0.03847499999999999,-0.004581770833333325
grid4,0.8125,0.5,0.03344726562500001,0.0380859375,-0.004638671874999993
grid4,0.815,0.5,0.03300130208333335,0.037693750000000005,-0.004692447916666655
grid4,0.8175,0.5,0.03255533854166667,0.037298437499999997,-0.004743098958333324
grid4,0.82,0.5,0.032109375000000016,0.03690000000000001,-0.004790624999999993
grid4,0.8225,0.5,0.03166341145833334,0.0364984375,-0.004835026041666662
grid4,0.825,0.5,0.031217447916666682,0.03609375000000001,-0.004876302083333325
grid4,0.8275,0.5,0.030771484375000005,0.0356859375,-0.004914453124999996
grid4,0.83,0.5,0.03032552083333335,0.03527500000000001,-0.004949479166666659
grid4,0.8325,0.5,0.02987955729166667,0.034860937499999994,-0.004981380208333323
grid4,0.835,0.5,0.029433593750000014,0.03444375000000001,-0.005010156249999995
grid4,0.8375,0.5,0.028987630208333337,0.034023437499999996,-0.005035807291666659
grid4,0.84,0.5,0.02854166666666668,0.033600000000000005,-0.005058333333333324
grid4,0.8425,0.5,0.028095703125000003,0.03317343749999999,-0.00507773437499999
grid4,0.845,0.5,0.027649739583333346,0.03274375,-0.0050940104166666555
grid4,0.8475,0.5,0.02720377604166667,0.0323109375,-0.005107161458333329
grid4,0.85,0.5,0.026757812500000012,0.031875,-0.005117187499999988
grid4,0.8525,0.5,0.026311848958333335,0.0314359375,-0.005124088541666662
grid4,0.855,0.5,0.025865885416666675,0.030993750000000004,-0.005127864583333329
grid4,0.8575,0.5,0.025419921875,0.030548437499999994,-0.005128515624999993
grid4,0.86,0.5,0.02497395833333334,0.030100000000000002,-0.005126041666666661
grid4,0.8625,0.5,0.024527994791666664,0.029648437499999993,-0.005120442708333329
grid4,0.865,0.5,0.024082031250000007,0.02919375,-0.005111718749999994
grid4,0.8675,0.5,0.02363606770833333,0.028735937499999992,-0.005099869791666663
grid4,0.87,0.5,0.023190104166666673,0.028275,-0.005084895833333328
grid4,0.8725,0.5,0.022744140624999996,0.02781093749999999,-0.0050667968749999945
grid4,0.875,0.5,0.02229817708333334,0.02734375,-0.005045572916666661
grid4,0.8775,0.5,0.021852213541666683,0.02687343750000001,-0.005021223958333328
grid4,0.88,0.5,0.021406250000000005,0.0264,-0.004993749999999995
grid4,0.8825,0.5,0.02096028645833335,0.02592343750000001,-0.004963151041666662
grid4,0.885,0.5,0.02051432291666667,0.025443749999999998,-0.0049294270833333265
grid4,0.8875,0.5,0.020068359375000015,0.02496093750000001,-0.004892578124999995
grid4,0.89,0.5,0.019622395833333337,0.024474999999999997,-0.00485260416666666
grid4,0.8925,0.5,0.019176432291666677,0.02398593750000001,-0.004809505208333332
grid4,0.895,0.5,0.018730468750000003,0.023493749999999997,-0.004763281249999994
grid4,0.8975,0.5,0.018284505208333343,0.022998437500000007,-0.004713932291666664
grid4,0.9,0.5,0.017838541666666666,0.022499999999999996,-0.00466145833333333
grid4,0.9025,0.5,0.01739257812500001,0.021998437500000006,-0.004605859374999997
grid4,0.905,0.5,0.016946614583333332,0.021493749999999995,-0.004547135416666664
grid4,0.9075,0.5,0.016500651041666675,0.020985937500000006,-0.004485286458333331
grid4,0.91,0.5,0.016054687499999998,0.020474999999999993,-0.004420312499999995
grid4,0.9125,0.5,0.015608723958333341,0.019960937500000005,-0.0043522135416666635
grid4,0.915,0.5,0.015162760416666664,0.019443749999999992,-0.0042809895833333285
grid4,0.9175,0.5,0.014716796875000007,0.018923437500000004,-0.004206640624999997
grid4,0.92,0.5,0.01427083333333333,0.018399999999999993,-0.004129166666666663
grid4,0.9225,0.5,0.013824869791666673,0.017873437500000002,-0.004048567708333329
grid4,0.925,0.5,0.013378906249999996,0.01734374999999999,-0.003964843749999995
grid4,0.9275,0.5,0.012932942708333338,0.0168109375,-0.0038779947916666637
grid4,0.93,0.5,0.012486979166666662,0.01627499999999999,-0.003788020833333329
grid4,0.9325,0.5,0.012041015625000004,0.0157359375,-0.003694921874999998
grid4,0.935,0.5,0.011595052083333326,0.015193749999999989,-0.0035986979166666624
grid4,0.9375,0.5,0.01114908854166667,0.0146484375,-0.0034993489583333304
grid4,0.94,0.5,0.010703125000000013,0.014100000000000012,-0.003396874999999999
grid4,0.9425,0.5,0.010257161458333336,0.0135484375,-0.003291276041666664
grid4,0.945,0.5,0.009811197916666677,0.01299375000000001,-0.0031825520833333332
grid4,0.9475,0.5,0.009365234375000002,0.012435937499999997,-0.0030707031249999957
grid4,0.95,0.5,0.008919270833333343,0.01187500000000001,-0.0029557291666666673
grid4,0.9525,0.5,0.008473307291666666,0.011310937499999996,-0.0028376302083333305
grid4,0.955,0.5,0.00802734375000001,0.010743750000000009,-0.002716406249999999
grid4,0.9575,0.5,0.007581380208333332,0.010173437499999997,-0.002592057291666665
grid4,0.96,0.5,0.0071354166666666744,0.009600000000000008,-0.0024645833333333334
grid4,0.9625,0.5,0.006689453124999998,0.009023437499999995,-0.002333984374999997
grid4,0.965,0.5,0.0062434895833333405,0.008443750000000007,-0.0022002604166666663
grid4,0.9675,0.5,0.005797526041666663,0.007860937499999993,-0.00206341145833333
grid4,0.97,0.5,0.0053515625000000065,0.007275000000000006,-0.0019234374999999998
grid4,0.9725,0.5,0.004905598958333329,0.006685937499999992,-0.0017803385416666631
grid4,0.975,0.5,0.004459635416666672,0.006093750000000005,-0.0016341145833333338
grid4,0.9775,0.5,0.004013671874999995,0.005498437499999991,-0.001484765624999996
grid4,0.98,0.5,0.0035677083333333372,0.004900000000000004,-0.001332291666666667
grid4,0.9825,0.5,0.0031217447916666603,0.004298437499999991,-0.0011766927083333304
grid4,0.985,0.5,0.0026757812500000032,0.003693750000000003,-0.0010179687499999998
grid4,0.9875,0.5,0.002229817708333326,0.0030859374999999893,-0.0008561197916666635
grid4,0.99,0.5,0.0017838541666666686,0.0024750000000000024,-0.0006911458333333338
grid4,0.9925,0.5,0.0013378906249999916,0.001860937499999988,-0.0005230468749999964
grid4,0.995,0.5,0.0008919270833333343,0.0012437500000000011,-0.00035182291666666684
grid4,0.9975,0.5,0.0004459635416666573,0.0006234374999999867,-0.00017747395833332945
grid4,1.0,0.5,0.0,0.0,0.0
grid8,0.0,0.5,0.0,0.0,0.0
grid8,0.0025,0.5,0.0005396824257046573,0.0006234375000000001,-8.37550742953428e-05
grid8,0.005,0.5,0.0010793648514093146,0.00124375,-0.0001643851485906855
grid8,0.0075,0.5,0.001619047277113972,0.0018609375,-0.00024189022288602802
grid8,0.01,0.5,0.002158729702818626,0.002475,-0.00031627029718137413
grid8,0.0125,0.5,0.0026984121285232835,0.0030859375,-0.0003875253714767167
grid8,0.015,0.5,0.003238094554227941,0.00369375,-0.00045565544577205915
grid8,0.0175,0.5,0.0037777769799325982,0.0042984375,-0.000520660520067402
grid8,0.02,0.5,0.004317459405637256,0.0049,-0.0005825405943627442
grid8,0.0225,0.5,0.00485714183134191,0.0054984375,-0.0006412956686580899
grid8,0.025,0.5,0.005396824257046567,0.00609375,-0.0006969257429534333
grid8,0.0275,0.5,0.005936506682751224,0.0066859375,-0.0007494308172487762
grid8,0.03,0.5,0.006476189108455882,0.007274999999999999,-0.0007988108915441177
grid8,0.0325,0.5,0.007015871534160539,0.0078609375,-0.0008450659658394612
grid8,0.035,0.5,0.0075555539598651964,0.00844375,-0.0008881960401348034
grid8,0.0375,0.5,0.008095236385569853,0.0090234375,-0.0009282011144301477
grid8,0.04,0.5,0.008634918811274511,0.0096,-0.0009650811887254879
grid8,0.0425,0.5,0.009174601236979168,0.0101734375,-0.000998836263020832
grid8,0.045,0.5,0.009714283662683822,0.01074375,-0.0010294663373161782
grid8,0.0475,0.5,0.01025396608838848,0.0113109375,-0.0010569714116115195
grid8,0.05,0.5,0.010793648514093137,0.011875,-0.0010813514859068628
grid8,0.0525,0.5,0.01133333093979779,0.012435937499999999,-0.0011026065602022083
grid8,0.055,0.5,0.011873013365502448,0.01299375,-0.0011207366344975524
grid8,0.0575,0.5,0.012412695791207106,0.013548437500000001,-0.001135741708792895
grid8,0.06,0.5,0.012952378216911763,0.014099999999999998,-0.0011476217830882346
grid8,0.0625,0.5,0.01349206064261642,0.0146484375,-0.0011563768573835797
grid8,0.065,0.5,0.014031743068321077,0.01519375,-0.0011620069316789234
grid8,0.0675,0.5,0.014571425494025734,0.0157359375,-0.0011645120059742674
grid8,0.07,0.5,0.015111107919730393,0.016275,-0.0011638920802696084
grid8,0.0725,0.5,0.015650790345435046,0.016810937499999998,-0.0011601471545649514
grid8,0.075,0.5,0.016190472771139705,0.01734375,-0.0011532772288602965
grid8,0.0775,0.5,0.01673015519684436,0.0178734375,-0.0011432823031556384
grid8,0.08,0.5,0.01726983762254902,0.0184,-0.0011301623774509807
grid8,0.0825,0.5,0.017809520048253674,0.0189234375,-0.0011139174517463268
grid8,0.085,0.5,0.018349202473958333,0.019443750000000003,-0.0010945475260416698
grid8,0.0875,0.5,0.018888884899662988,0.019960937499999998,-0.0010720526003370097
grid8,0.09,0.5,0.019428567325367643,0.020475,-0.0010464326746323568
grid8,0.0925,0.5,0.019968249751072302,0.0209859375,-0.0010176877489276974
grid8,0.095,0.5,0.02050793217677696,0.021493750000000002,-0.0009858178232230418
grid8,0.0975,0.5,0.021047614602481616,0.0219984375,-0.000950822897518383
grid8,0.1,0.5,0.021587297028186275,0.022500000000000003,-0.0009127029718137281
grid8,0.1025,0.5,0.022126979453890926,0.022998437499999996,-0.00087145804610907
grid8,0.105,0.5,0.022666661879595585,0.02349375,-0.0008270881204044157
grid8,0.1075,0.5,0.023206344305300244,0.0239859375,-0.0007795931946997549
grid8,0.11,0.5,0.0237460267310049,0.024475,-0.0007289732689951013
grid8,0.1125,0.5,0.024285709156709558,0.0249609375,-0.0006752283432904412
grid8,0.115,0.5,0.024825391582414213,0.02544375,-0.0006183584175857883
grid8,0.1175,0.5,0.025365074008118868,0.0259234375,-0.0005583634918811323
grid8,0.12,0.5,0.025904756433823527,0.0264,-0.0004952435661764731
grid8,0.1225,0.5,0.026444438859528182,0.026873437499999996,-0.00042899864047181435
grid8,0.125,0.5,0.02698412128523284,0.02734375,-0.0003596287147671594
grid8,0.1275,0.5,0.02737013872931985,0.0278109375,-0.00044079877068015083
grid8,0.13,0.5,0.027756156173406862,0.028275,-0.0005188438265931392
grid8,0.1325,0.5,0.02814217361749387,0.0287359375,-0.0005937638825061278
grid8,0.135,0.5,0.02852819106158088,0.02919375,-0.0006655589384191203
grid8,0.1375,0.5,0.028914208505667893,0.029648437500000003,-0.0007342289943321097
grid8,0.14,0.5,0.0293002259497549,0.030100000000000002,-0.0007997740502451028
grid8,0.1425,0.5,0.029686243393841908,0.030548437499999997,-0.0008621941061580894
grid8,0.145,0.5,0.030072260837928917,0.030993749999999997,-0.0009214891620710798
grid8,0.1475,0.5,0.030458278282015926,0.0314359375,-0.0009776592179840705
grid8,0.15,0.5,0.03084429572610294,0.031875,-0.0010307042738970616
grid8,0.1525,0.5,0.031230313170189948,0.0323109375,-0.0010806243298100496
grid8,0.155,0.5,0.03161633061427696,0.03274375,-0.0011274193857230413
grid8,0.1575,0.5,0.032002348058363966,0.0331734375,-0.0011710894416360335
grid8,0.16,0.5,0.03238836550245098,0.0336,-0.001211634497549019
grid8,0.1625,0.5,0.03277438294653799,0.0340234375,-0.0012490545534620118
grid8,0.165,0.5,0.033160400390625,0.03444375,-0.001283349609375005
grid8,0.1675,0.5,0.03354641783471201,0.0348609375,-0.0013145196652879915
grid8,0.17,0.5,0.03393243527879902,0.035275,-0.0013425647212009784
grid8,0.1725,0.5,0.03431845272288603,0.0356859375,-0.0013674847771139725
grid8,0.175,0.5,0.034704470166973034,0.036093749999999994,-0.0013892798330269601
grid8,0.1775,0.5,0.03509048761106004,0.0364984375,-0.001407949888939962
grid8,0.18,0.5,0.03547650505514705,0.0369,-0.0014234949448529502
grid8,0.1825,0.5,0.035862522499234065,0.037298437499999997,-0.0014359150007659319
grid8,0.185,0.5,0.03624853994332107,0.03769375,-0.0014452100566789278
grid8,0.1875,0.5,0.03663455738740808,0.0380859375,-0.001451380112591917
grid8,0.19,0.5,0.037020574831495096,0.038475,-0.0014544251685049067
grid8,0.1925,0.5,0.03740659227558211,0.0388609375,-0.0014543452244178898
grid8,0.195,0.5,0.037792609719669114,0.03924375,-0.001451140280330887
grid8,0.1975,0.5,0.038178627163756126,0.039623437500000004,-0.0014448103362438777
grid8,0.2,0.5,0.03856464460784313,0.04000000000000001,-0.0014353553921568757
grid8,0.2025,0.5,0.038950662051930145,0.040373437500000005,-0.0014227754480698601
grid8,0.205,0.5,0.03933667949601715,0.04074375,-0.0014070705039828518
grid8,0.2075,0.5,0.03972269694010416,0.0411109375,-0.001388240559895837
grid8,0.21,0.5,0.04010871438419117,0.041475,-0.0013662856158088293
grid8,0.2125,0.5,0.04049473182827818,0.041835937499999996,-0.0013412056717218152
grid8,0.215,0.5,0.04088074927236519,0.04219375,-0.0013130007276348152
grid8,0.2175,0.5,0.0412667667164522,0.0425484375,-0.0012816707835478017
grid8,0.22,0.5,0.04165278416053921,0.0429,-0.0012472158394607885
grid8,0.2225,0.5,0.042038801604626225,0.0432484375,-0.0012096358953737757
grid8,0.225,0.5,0.04242481904871323,0.04359375,-0.0011689309512867702
grid8,0.2275,0.5,0.04281083649280024,0.0439359375,-0.001125101007199758
grid8,0.23,0.5,0.043196853936887256,0.044275,-0.0010781460631127462
grid8,0.2325,0.5,0.04358287138097426,0.0446109375,-0.0010280661190257417
grid8,0.235,0.5,0.04396888882506127,0.04494375,-0.0009748611749387306
grid8,0.2375,0.5,0.04435490626914828,0.04527343749999999,-0.000918531230851713
grid8,0.24,0.5,0.044740923713235285,0.0456,-0.0008590762867647164
grid8,0.2425,0.5,0.0451269411573223,0.045923437500000004,-0.0007964963426777064
grid8,0.245,0.5,0.04551295860140931,0.04624375,-0.0007307913985906897
grid8,0.2475,0.5,0.04589897604549632,0.046560937499999996,-0.0006619614545036734
grid8,0.25,0.5,0.04628499348958333,0.046875,-0.0005900065104166713
grid8,0.2525,0.5,0.04651681937423407,0.047185937500000004,-0.0006691181257659357
grid8,0.255,0.5,0.0467486452588848,0.04749375,-0.0007451047411152004
grid8,0.2575,0.5,0.04698047114353554,0.0477984375,-0.0008179663564644585
grid8,0.26,0.5,0.047212297028186266,0.048100000000000004,-0.0008877029718137378
grid8,0.2625,0.5,0.047444122912837006,0.0483984375,-0.0009543145871629966
grid8,0.265,0.5,0.04767594879748774,0.04869375,-0.0010178012025122626
grid8,0.2675,0.5,0.04790777468213848,0.0489859375,-0.0010781628178615221
grid8,0.27,0.5,0.04813960056678921,0.049275,-0.001135399433210789
grid8,0.2725,0.5,0.04837142645143995,0.049560937500000006,-0.001189511048560056
grid8,0.275,0.5,0.04860325233609068,0.04984375,-0.0012404976639093165
grid8,0.2775,0.5,0.048835078220741415,0.0501234375,-0.0012883592792585843
grid8,0.28,0.5,0.049066904105392155,0.0504,-0.0013330958946078456
grid8,0.2825,0.5,0.04929872999004288,0.050673437499999995,-0.001374707509957114
grid8,0.285,0.5,0.04953055587469362,0.05094375,-0.0014131941253063829
grid8,0.2875,0.5,0.04976238175934435,0.0512109375,-0.0014485557406556451
grid8,0.29,0.5,0.04999420764399509,0.05147499999999999,-0.0014807923560049008
grid8,0.2925,0.5,0.050226033528645825,0.051735937499999995,-0.0015099039713541706
grid8,0.295,0.5,0.05045785941329656,0.051993750000000005,-0.0015358905867034478
grid8,0.2975,0.5,0.0506896852979473,0.0522484375,-0.0015587522020527045
grid8,0.3,0.5,0.05092151118259804,0.0525,-0.0015784888174019615
grid8,0.3025,0.5,0.05115333706724877,0.0527484375,-0.0015951004327512328
grid8,0.305,0.5,0.0513851629518995,0.052993750000000006,-0.0016085870481005043
grid8,0.3075,0.5,0.05161698883655024,0.0532359375,-0.0016189486634497555
grid8,0.31,0.5,0.051848814721200974,0.053474999999999995,-0.0016261852787990208
grid8,0.3125,0.5,0.052080640605851714,0.0537109375,-0.0016302968941482865
grid8,0.315,0.5,0.052312466490502446,0.053943750000000006,-0.0016312835094975595
grid8,0.3175,0.5,0.05254429237515318,0.0541734375,-0.001629145124846819
grid8,0.32,0.5,0.05277611825980391,0.0544,-0.0016238817401960856
grid8,0.3225,0.5,0.05300794414445465,0.054623437500000004,-0.0016154933555453527
grid8,0.325,0.5,0.05323977002910539,0.054843750000000004,-0.0016039799708946131
grid8,0.3275,0.5,0.05347159591375612,0.055060937500000004,-0.0015893415862438809
grid8,0.33,0.5,0.053703421798406856,0.055275,-0.001571578201593142
grid8,0.3325,0.5,0.05393524768305759,0.0554859375,-0.0015506898169424105
grid8,0.335,0.5,0.05416707356770833,0.05569375000000001,-0.0015266764322916793
grid8,0.3375,0.5,0.05439889945235907,0.0558984375,-0.0014995380476409345
grid8,0.34,0.5,0.0546307253370098,0.0561,-0.001469274662990197
grid8,0.3425,0.5,0.05486255122166054,0.0562984375,-0.00143588627833946
grid8,0.345,0.5,0.055094377106311265,0.056493749999999995,-0.00139937289368873
grid8,0.3475,0.5,0.055326202990962005,0.056685937500000005,-0.0013597345090380006
grid8,0.35,0.5,0.055558028875612744,0.056874999999999995,-0.0013169711243872506
grid8,0.3525,0.5,0.05578985476026347,0.05706093749999999,-0.0012710827397365218
grid8,0.355,0.5,0.05602168064491421,0.057243749999999996,-0.0012220693550857864
grid8,0.3575,0.5,0.05625350652956494,0.0574234375,-0.0011699309704350583
grid8,0.36,0.5,0.05648533241421568,0.0576,-0.0011146675857843166
grid8,0.3625,0.5,0.056717158298866414,0.0577734375,-0.0010562792011335823
grid8,0.365,0.5,0.056948984183517154,0.05794375,-0.0009947658164828482
grid8,0.3675,0.5,0.05718081006816788,0.05811093750000001,-0.0009301274318321284
grid8,0.37,0.5,0.05741263595281862,0.058275,-0.0008623640471813812
grid8,0.3725,0.5,0.05764446183746935,0.05843593749999999,-0.0007914756625306413
grid8,0.375,0.5,0.05787628772212009,0.05859375,-0.0007174622778799086
grid8,0.3775,0.5,0.05795359892003676,0.05874843750000001,-0.0007948385799632501
grid8,0.38,0.5,0.05803091011795342,0.0589,-0.0008690898820465781
grid8,0.3825,0.5,0.05810822131587009,0.059048437499999995,-0.0009402161841299064
grid8,0.385,0.5,0.05818553251378676,0.05919375,-0.001008217486213242
grid8,0.3875,0.5,0.05826284371170343,0.059335937500000005,-0.001073093788296578
grid8,0.39,0.5,0.05834015490962009,0.059475,-0.0011348450903799073
grid8,0.3925,0.5,0.05841746610753676,0.059610937499999996,-0.001193471392463237
grid8,0.395,0.5,0.058494777305453424,0.05974375,-0.001248972694546574
grid8,0.3975,0.5,0.05857208850337009,0.05987343750000001,-0.0013013489966299183
grid8,0.4,0.5,0.05864939970128676,0.06,-0.0013506002987132351
grid8,0.4025,0.5,0.05872671089920343,0.060123437499999995,-0.0013967266007965662
grid8,0.405,0.5,0.058804022097120094,0.06024375,-0.0014397279028799045
grid8,0.4075,0.5,0.05888133329503676,0.060360937499999996,-0.0014796042049632363
grid8,0.41,0.5,0.05895864449295342,0.06047500000000001,-0.0015163555070465892
grid8,0.4125,0.5,0.059035955690870084,0.0605859375,-0.0015499818091299147
grid8,0.415,0.5,0.05911326688878675,0.06069374999999999,-0.0015804831112132406
grid8,0.4175,0.5,0.059190578086703416,0.0607984375,-0.0016078594132965807
grid8,0.42,0.5,0.05926788928462008,0.0609,-0.001632110715379921
grid8,0.4225,0.5,0.05934520048253676,0.0609984375,-0.001653237017463241
grid8,0.425,0.5,0.05942251168045343,0.061093749999999995,-0.0016712383195465683
grid8,0.4275,0.5,0.05949982287837009,0.0611859375,-0.0016861146216299097
grid8,0.43,0.5,0.05957713407628676,0.061275,-0.0016978659237132446
grid8,0.4325,0.5,0.059654445274203424,0.0613609375,-0.0017064922257965728
grid8,0.435,0.5,0.05973175647212009,0.06144374999999999,-0.0017119935278799014
grid8,0.4375,0.5,0.059809067670036756,0.0615234375,-0.0017143698299632443
grid8,0.44,0.5,0.05988637886795342,0.06160000000000001,-0.0017136211320465874
grid8,0.4425,0.5,0.05996369006587009,0.0616734375,-0.0017097474341299101
grid8,0.445,0.5,0.06004100126378675,0.06174374999999999,-0.0017027487362132401
grid8,0.4475,0.5,0.06011831246170342,0.0618109375,-0.0016926250382965843
grid8,0.45,0.5,0.060195623659620084,0.061875000000000006,-0.001679376340379922
grid8,0.4525,0.5,0.06027293485753675,0.0619359375,-0.001663002642463253
grid8,0.455,0.5,0.060350246055453416,0.06199374999999999,-0.0016435039445465774
grid8,0.4575,0.5,0.06042755725337008,0.0620484375,-0.001620880246629916
grid8,0.46,0.5,0.060504868451286754,0.06210000000000001,-0.001595131548713255
grid8,0.4625,0.5,0.06058217964920342,0.0621484375,-0.0015662578507965805
grid8,0.465,0.5,0.060659490847120086,0.06219374999999999,-0.0015342591528799063
grid8,0.4675,0.5,0.06073680204503675,0.0622359375,-0.0014991354549632463
grid8,0.47,0.5,0.06081411324295342,0.062275,-0.0014608867570465797
grid8,0.4725,0.5,0.06089142444087008,0.062310937500000003,-0.0014195130591299204
grid8,0.475,0.5,0.060968735638786756,0.062343749999999996,-0.0013750143612132407
grid8,0.4775,0.5,0.06104604683670342,0.0623734375,-0.0013273906632965751
grid8,0.48,0.5,0.06112335803462009,0.0624,-0.00127664196537991
grid8,0.4825,0.5,0.06120066923253675,0.062423437500000005,-0.001222768267463252
grid8,0.485,0.5,0.06127798043045342,0.06244375,-0.0011657695695465806
grid8,0.4875,0.5,0.061355291628370084,0.062460937499999994,-0.0011056458716299095
grid8,0.49,0.5,0.06143260282628675,0.062475,-0.0010423971737132526
grid8,0.4925,0.5,0.06150991402420342,0.062485937500000005,-0.0009760234757965822
grid8,0.495,0.5,0.06158722522212009,0.06249375,-0.0009065247778799121
grid8,0.4975,0.5,0.061664536420036754,0.06249843749999999,-0.0008339010799632354
grid8,0.5,0.5,0.06174184761795342,0.0625,-0.0007581523820465799
grid8,0.5025,0.5,0.061664536420036754,0.0624984375,-0.0008339010799632424
grid8,0.505,0.5,0.06158722522212009,0.06249375,-0.0009065247778799121
grid8,0.5075,0.5,0.06150991402420342,0.0624859375,-0.0009760234757965752
grid8,0.51,0.5,0.06143260282628675,0.062475,-0.0010423971737132526
grid8,0.5125,0.5,0.06135529162837009,0.0624609375,-0.0011056458716299095
grid8,0.515,0.5,0.06127798043045342,0.06244375,-0.0011657695695465806
grid8,0.5175,0.5,0.06120066923253675,0.0624234375,-0.001222768267463245
grid8,0.52,0.5,0.06112335803462009,0.0624,-0.00127664196537991
grid8,0.5225,0.5,0.06104604683670342,0.062373437500000004,-0.001327390663296582
grid8,0.525,0.5,0.060968735638786756,0.062343749999999996,-0.0013750143612132407
grid8,0.5275,0.5,0.06089142444087009,0.062310937500000003,-0.0014195130591299135
grid8,0.53,0.5,0.060814113242953424,0.062275,-0.0014608867570465728
grid8,0.5325,0.5,0.06073680204503676,0.0622359375,-0.0014991354549632394
grid8,0.535,0.5,0.06065949084712009,0.06219375,-0.0015342591528799063
grid8,0.5375,0.5,0.06058217964920343,0.0621484375,-0.0015662578507965735
grid8,0.54,0.5,0.060504868451286754,0.0621,-0.001595131548713248
grid8,0.5425,0.5,0.060427557253370096,0.0620484375,-0.0016208802466299022
grid8,0.545,0.5,0.06035024605545342,0.06199375,-0.0016435039445465774
grid8,0.5475,0.5,0.06027293485753676,0.0619359375,-0.001663002642463246
grid8,0.55,0.5,0.06019562365962009,0.061875,-0.001679376340379908
grid8,0.5525,0.5,0.060118312461703426,0.0618109375,-0.0016926250382965774
grid8,0.555,0.5,0.06004100126378675,0.06174375,-0.001702748736213247
grid8,0.5575,0.5,0.05996369006587009,0.0616734375,-0.0017097474341299101
grid8,0.56,0.5,0.059886378867953435,0.061599999999999995,-0.0017136211320465597
grid8,0.5625,0.5,0.05980906767003676,0.0615234375,-0.0017143698299632373
grid8,0.565,0.5,0.0597317564721201,0.06144375,-0.0017119935278799014
grid8,0.5675,0.5,0.059654445274203424,0.0613609375,-0.0017064922257965728
grid8,0.57,0.5,0.05957713407628676,0.061275,-0.0016978659237132446
grid8,0.5725,0.5,0.05949982287837009,0.0611859375,-0.0016861146216299097
grid8,0.575,0.5,0.05942251168045343,0.06109375,-0.0016712383195465752
grid8,0.5775,0.5,0.05934520048253676,0.0609984375,-0.001653237017463241
grid8,0.58,0.5,0.059267889284620096,0.0609,-0.0016321107153799072
grid8,0.5825,0.5,0.05919057808670343,0.0607984375,-0.0016078594132965668
grid8,0.585,0.5,0.059113266888786764,0.060693750000000005,-0.0015804831112132406
grid8,0.5875,0.5,0.0590359556908701,0.0605859375,-0.0015499818091299009
grid8,0.59,0.5,0.05895864449295343,0.060475,-0.0015163555070465684
grid8,0.5925,0.5,0.05888133329503677,0.060360937499999996,-0.0014796042049632294
grid8,0.595,0.5,0.0588040220971201,0.06024375,-0.0014397279028798976
grid8,0.5975,0.5,0.058726710899203435,0.0601234375,-0.0013967266007965662
grid8,0.6,0.5,0.05864939970128677,0.06,-0.0013506002987132282
grid8,0.6025,0.5,0.058572088503370104,0.0598734375,-0.0013013489966298974
grid8,0.605,0.5,0.05849477730545344,0.05974375,-0.0012489726945465601
grid8,0.6075,0.5,0.058417466107536765,0.059610937499999996,-0.00119347139246323
grid8,0.61,0.5,0.05834015490962011,0.059475,-0.0011348450903798935
grid8,0.6125,0.5,0.058262843711703434,0.0593359375,-0.001073093788296564
grid8,0.615,0.5,0.05818553251378677,0.05919375,-0.001008217486213235
grid8,0.6175,0.5,0.0581082213158701,0.059048437499999995,-0.0009402161841298926
grid8,0.62,0.5,0.05803091011795344,0.0589,-0.0008690898820465642
grid8,0.6225,0.5,0.05795359892003677,0.05874843749999999,-0.0007948385799632224
grid8,0.625,0.5,0.057876287722120105,0.05859375,-0.0007174622778798947
grid8,0.6275,0.5,0.05764446183746938,0.0584359375,-0.0007914756625306205
grid8,0.63,0.5,0.05741263595281863,0.058275,-0.0008623640471813673
grid8,0.6325,0.5,0.0571808100681679,0.0581109375,-0.0009301274318321007
grid8,0.635,0.5,0.05694898418351716,0.05794375,-0.0009947658164828413
grid8,0.6375,0.5,0.05671715829886643,0.057773437500000004,-0.0010562792011335753
grid8,0.64,0.5,0.056485332414215696,0.0576,-0.0011146675857843028
grid8,0.6425,0.5,0.056253506529564956,0.0574234375,-0.0011699309704350444
grid8,0.645,0.5,0.056021680644914224,0.057243749999999996,-0.0012220693550857725
grid8,0.6475,0.5,0.05578985476026349,0.057060937500000006,-0.0012710827397365149
grid8,0.65,0.5,0.055558028875612744,0.056874999999999995,-0.0013169711243872506
grid8,0.6525,0.5,0.05532620299096202,0.056685937500000005,-0.0013597345090379867
grid8,0.655,0.5,0.05509437710631128,0.056493749999999995,-0.0013993728936887162
grid8,0.6575,0.5,0.05486255122166055,0.0562984375,-0.001435886278339453
grid8,0.66,0.5,0.054630725337009814,0.0561,-0.0014692746629901832
grid8,0.6625,0.5,0.054398899452359074,0.0558984375,-0.0014995380476409276
grid8,0.665,0.5,0.054167073567708335,0.05569375,-0.0015266764322916654
grid8,0.6675,0.5,0.05393524768305761,0.0554859375,-0.0015506898169423897
grid8,0.67,0.5,0.05370342179840687,0.055275,-0.0015715782015931282
grid8,0.6725,0.5,0.05347159591375614,0.055060937500000004,-0.001589341586243867
grid8,0.675,0.5,0.05323977002910539,0.05484375,-0.0016039799708946062
grid8,0.6775,0.5,0.05300794414445466,0.054623437500000004,-0.0016154933555453457
grid8,0.68,0.5,0.05277611825980392,0.0544,-0.0016238817401960787
grid8,0.6825,0.5,0.05254429237515319,0.0541734375,-0.001629145124846805
grid8,0.685,0.5,0.052312466490502446,0.05394374999999999,-0.0016312835094975456
grid8,0.6875,0.5,0.05208064060585172,0.0537109375,-0.0016302968941482796
grid8,0.69,0.5,0.051848814721200995,0.053475,-0.001626185278799007
grid8,0.6925,0.5,0.05161698883655025,0.0532359375,-0.0016189486634497485
grid8,0.695,0.5,0.051385162951899516,0.052993750000000006,-0.0016085870481004905
grid8,0.6975,0.5,0.05115333706724878,0.0527484375,-0.0015951004327512189
grid8,0.7,0.5,0.05092151118259805,0.052500000000000005,-0.0015784888174019546
grid8,0.7025,0.5,0.050689685297947304,0.0522484375,-0.0015587522020526975
grid8,0.705,0.5,0.05045785941329657,0.051993750000000005,-0.001535890586703434
grid8,0.7075,0.5,0.05022603352864584,0.051735937499999995,-0.0015099039713541568
grid8,0.71,0.5,0.049994207643995106,0.05147500000000001,-0.0014807923560049008
grid8,0.7125,0.5,0.04976238175934436,0.0512109375,-0.0014485557406556382
grid8,0.715,0.5,0.04953055587469364,0.05094375,-0.001413194125306362
grid8,0.7175,0.5,0.049298729990042894,0.050673437499999995,-0.0013747075099571002
grid8,0.72,0.5,0.04906690410539216,0.0504,-0.0013330958946078386
grid8,0.7225,0.5,0.04883507822074142,0.0501234375,-0.0012883592792585774
grid8,0.725,0.5,0.04860325233609069,0.04984375,-0.0012404976639093096
grid8,0.7275,0.5,0.04837142645143995,0.0495609375,-0.001189511048560049
grid8,0.73,0.5,0.04813960056678922,0.049275,-0.001135399433210782
grid8,0.7325,0.5,0.047907774682138485,0.04898593749999999,-0.0010781628178615082
grid8,0.735,0.5,0.047675948797487745,0.04869375,-0.0010178012025122557
grid8,0.7375,0.5,0.04744412291283701,0.048398437499999995,-0.0009543145871629827
grid8,0.74,0.5,0.04721229702818627,0.048100000000000004,-0.0008877029718137308
grid8,0.7425,0.5,0.04698047114353554,0.04779843749999999,-0.0008179663564644515
grid8,0.745,0.5,0.04674864525888481,0.04749375,-0.0007451047411151934
grid8,0.7475,0.5,0.04651681937423407,0.04718593749999999,-0.0006691181257659218
grid8,0.75,0.5,0.046284993489583336,0.046875,-0.0005900065104166644
grid8,0.7525,0.5,0.04589897604549634,0.0465609375,-0.0006619614545036664
grid8,0.755,0.5,0.04551295860140932,0.04624375,-0.0007307913985906828
grid8,0.7575,0.5,0.04512694115732232,0.045923437500000004,-0.0007964963426776855
grid8,0.76,0.5,0.04474092371323529,0.0456,-0.0008590762867647095
grid8,0.7625,0.5,0.04435490626914829,0.045273437500000006,-0.000918531230851713
grid8,0.765,0.5,0.043968888825061274,0.04494375,-0.0009748611749387237
grid8,0.7675,0.5,0.043582871380974275,0.0446109375,-0.0010280661190257279
grid8,0.77,0.5,0.04319685393688725,0.044274999999999995,-0.0010781460631127462
grid8,0.7725,0.5,0.04281083649280025,0.04393593750000001,-0.001125101007199758
grid8,0.775,0.5,0.04242481904871323,0.043593749999999994,-0.0011689309512867632
grid8,0.7775,0.5,0.04203880160462623,0.04324843750000001,-0.0012096358953737757
grid8,0.78,0.5,0.04165278416053921,0.042899999999999994,-0.0012472158394607816
grid8,0.7825,0.5,0.04126676671645221,0.0425484375,-0.0012816707835477878
grid8,0.785,0.5,0.040880749272365194,0.042193749999999995,-0.0013130007276348013
grid8,0.7875,0.5,0.04049473182827819,0.0418359375,-0.0013412056717218152
grid8,0.79,0.5,0.040108714384191176,0.041475,-0.0013662856158088224
grid8,0.7925,0.5,0.03972269694010417,0.0411109375,-0.00138824055989583
grid8,0.795,0.5,0.03933667949601715,0.040743749999999995,-0.0014070705039828449
grid8,0.7975,0.5,0.03895066205193015,0.040373437500000005,-0.0014227754480698532
grid8,0.8,0.5,0.03856464460784313,0.039999999999999994,-0.0014353553921568618
grid8,0.8025,0.5,0.038178627163756126,0.039623437500000004,-0.0014448103362438777
grid8,0.805,0.5,0.03779260971966911,0.039243749999999994,-0.001451140280330887
grid8,0.8075,0.5,0.03740659227558211,0.0388609375,-0.0014543452244178898
grid8,0.81,0.5,0.03702057483149509,0.03847499999999999,-0.0014544251685048998
grid8,0.8125,0.5,0.03663455738740809,0.0380859375,-0.0014513801125919101
grid8,0.815,0.5,0.036248539943321084,0.037693750000000005,-0.0014452100566789208
grid8,0.8175,0.5,0.035862522499234065,0.037298437499999997,-0.0014359150007659319
grid8,0.82,0.5,0.035476505055147066,0.03690000000000001,-0.0014234949448529433
grid8,0.8225,0.5,0.035090487611060046,0.0364984375,-0.001407949888939955
grid8,0.825,0.5,0.03470447016697305,0.03609375000000001,-0.0013892798330269601
grid8,0.8275,0.5,0.03431845272288603,0.0356859375,-0.0013674847771139725
grid8,0.83,0.5,0.03393243527879902,0.03527500000000001,-0.0013425647212009853
grid8,0.8325,0.5,0.033546417834712,0.034860937499999994,-0.0013145196652879915
grid8,0.835,0.5,0.033160400390625004,0.03444375000000001,-0.001283349609375005
grid8,0.8375,0.5,0.032774382946537985,0.034023437499999996,-0.0012490545534620118
grid8,0.84,0.5,0.032388365502450986,0.033600000000000005,-0.001211634497549019
grid8,0.8425,0.5,0.032002348058363966,0.03317343749999999,-0.0011710894416360265
grid8,0.845,0.5,0.03161633061427696,0.03274375,-0.0011274193857230413
grid8,0.8475,0.5,0.031230313170189945,0.0323109375,-0.001080624329810053
grid8,0.85,0.5,0.030844295726102942,0.031875,-0.0010307042738970582
grid8,0.8525,0.5,0.030458278282015923,0.0314359375,-0.000977659217984074
grid8,0.855,0.5,0.03007226083792892,0.030993750000000004,-0.0009214891620710833
grid8,0.8575,0.5,0.029686243393841905,0.030548437499999994,-0.0008621941061580894
grid8,0.86,0.5,0.0293002259497549,0.030100000000000002,-0.0007997740502451028
grid8,0.8625,0.5,0.028914208505667883,0.029648437499999993,-0.0007342289943321097
grid8,0.865,0.5,0.028528191061580884,0.02919375,-0.0006655589384191168
grid8,0.8675,0.5,0.028142173617493865,0.028735937499999992,-0.0005937638825061278
grid8,0.87,0.5,0.027756156173406862,0.028275,-0.0005188438265931392
grid8,0.8725,0.5,0.027370138729319843,0.02781093749999999,-0.00044079877068014736
grid8,0.875,0.5,0.02698412128523284,0.02734375,-0.0003596287147671594
grid8,0.8775,0.5,0.026444438859528196,0.02687343750000001,-0.00042899864047181435
grid8,0.88,0.5,0.025904756433823527,0.0264,-0.0004952435661764731
grid8,0.8825,0.5,0.025365074008118882,0.02592343750000001,-0.0005583634918811288
grid8,0.885,0.5,0.024825391582414213,0.025443749999999998,-0.0006183584175857848
grid8,0.8875,0.5,0.024285709156709565,0.02496093750000001,-0.0006752283432904446
grid8,0.89,0.5,0.023746026731004895,0.024474999999999997,-0.0007289732689951013
grid8,0.8925,0.5,0.02320634430530025,0.02398593750000001,-0.0007795931946997584
grid8,0.895,0.5,0.02266666187959558,0.023493749999999997,-0.0008270881204044157
grid8,0.8975,0.5,0.022126979453890937,0.022998437500000007,-0.00087145804610907
grid8,0.9,0.5,0.021587297028186268,0.022499999999999996,-0.0009127029718137281
grid8,0.9025,0.5,0.021047614602481623,0.021998437500000006,-0.000950822897518383
grid8,0.905,0.5,0.020507932176776954,0.021493749999999995,-0.0009858178232230418
grid8,0.9075,0.5,0.01996824975107231,0.020985937500000006,-0.0010176877489276974
grid8,0.91,0.5,0.01942856732536764,0.020474999999999993,-0.0010464326746323534
grid8,0.9125,0.5,0.01888888489966299,0.019960937500000005,-0.0010720526003370132
grid8,0.915,0.5,0.018349202473958322,0.019443749999999992,-0.0010945475260416698
grid8,0.9175,0.5,0.017809520048253678,0.018923437500000004,-0.0011139174517463268
grid8,0.92,0.5,0.01726983762254901,0.018399999999999993,-0.0011301623774509842
grid8,0.9225,0.5,0.016730155196844364,0.017873437500000002,-0.0011432823031556384
grid8,0.925,0.5,0.016190472771139695,0.01734374999999999,-0.0011532772288602965
grid8,0.9275,0.5,0.01565079034543505,0.0168109375,-0.0011601471545649514
grid8,0.93,0.5,0.01511110791973038,0.01627499999999999,-0.00116389208026961
grid8,0.9325,0.5,0.014571425494025734,0.0157359375,-0.0011645120059742674
grid8,0.935,0.5,0.014031743068321065,0.015193749999999989,-0.0011620069316789234
grid8,0.9375,0.5,0.01349206064261642,0.0146484375,-0.0011563768573835797
grid8,0.94,0.5,0.012952378216911776,0.014100000000000012,-0.0011476217830882363
grid8,0.9425,0.5,0.012412695791207106,0.0135484375,-0.0011357417087928933
grid8,0.945,0.5,0.01187301336550246,0.01299375000000001,-0.0011207366344975506
grid8,0.9475,0.5,0.01133333093979779,0.012435937499999997,-0.0011026065602022066
grid8,0.95,0.5,0.010793648514093146,0.01187500000000001,-0.0010813514859068646
grid8,0.9525,0.5,0.010253966088388477,0.011310937499999996,-0.0010569714116115195
grid8,0.955,0.5,0.009714283662683832,0.010743750000000009,-0.0010294663373161764
grid8,0.9575,0.5,0.009174601236979161,0.010173437499999997,-0.0009988362630208355
grid8,0.96,0.5,0.008634918811274516,0.009600000000000008,-0.0009650811887254914
grid8,0.9625,0.5,0.008095236385569847,0.009023437499999995,-0.0009282011144301477
grid8,0.965,0.5,0.007555553959865202,0.008443750000000007,-0.0008881960401348052
grid8,0.9675,0.5,0.0070158715341605326,0.007860937499999993,-0.0008450659658394604
grid8,0.97,0.5,0.006476189108455888,0.007275000000000006,-0.0007988108915441185
grid8,0.9725,0.5,0.005936506682751219,0.006685937499999992,-0.0007494308172487736
grid8,0.975,0.5,0.005396824257046573,0.006093750000000005,-0.0006969257429534324
grid8,0.9775,0.5,0.004857141831341904,0.005498437499999991,-0.0006412956686580873
grid8,0.98,0.5,0.004317459405637258,0.004900000000000004,-0.000582540594362746
grid8,0.9825,0.5,0.003777776979932589,0.004298437499999991,-0.0005206605200674015
grid8,0.985,0.5,0.003238094554227944,0.003693750000000003,-0.00045565544577205915
grid8,0.9875,0.5,0.0026984121285232743,0.0030859374999999893,-0.00038752537147671495
grid8,0.99,0.5,0.002158729702818629,0.0024750000000000024,-0.00031627029718137327
grid8,0.9925,0.5,0.0016190472771139598,0.001860937499999988,-0.00024189022288602824
grid8,0.995,0.5,0.0010793648514093146,0.0012437500000000011,-0.0001643851485906866
grid8,0.9975,0.5,0.0005396824257046454,0.0006234374999999867,-8.375507429534139e-05
grid8,1.0,0.5,0.0,0.0,0.0
grid16,0.0,0.5,0.0,0.0,0.0
grid16,0.0025,0.5,0.0005839411675279836,0.0006234375000000001,-3.949633247201647e-05
grid16,0.005,0.5,0.0011678823350559655,0.00124375,-7.586766494403459e-05
grid16,0.0075,0.5,0.001751823502583949,0.0018609375,-0.00010911399741605089
grid16,0.01,0.5,0.0023357646701119327,0.002475,-0.00013923532988806752
grid16,0.0125,0.5,0.0029197058376399148,0.0030859375,-0.00016623166236008537
grid16,0.015,0.5,0.003503647005167898,0.00369375,-0.00019010299483210183
grid16,0.0175,0.5,0.0040875881726958815,0.0042984375,-0.00021084932730411864
grid16,0.02,0.5,0.004671529340223865,0.0049,-0.00022847065977613448
grid16,0.0225,0.5,0.0052554705077518474,0.0054984375,-0.0002429669922481524
grid16,0.025,0.5,0.005839411675279831,0.00609375,-0.00025433832472016894
grid16,0.0275,0.5,0.0064233528428078125,0.0066859375,-0.00026258465719218756
grid16,0.03,0.5,0.007007294010335796,0.007274999999999999,-0.00026770598966420305
grid16,0.0325,0.5,0.00759123517786378,0.0078609375,-0.00026970232213621975
grid16,0.035,0.5,0.008175176345391763,0.00844375,-0.0002685736546082368
grid16,0.0375,0.5,0.008759117512919745,0.0090234375,-0.00026431998708025504
grid16,0.04,0.5,0.009343058680447729,0.0096,-0.0002569413195522702
grid16,0.0425,0.5,0.009926999847975713,0.0101734375,-0.0002464376520242874
grid16,0.045,0.5,0.010510941015503695,0.01074375,-0.00023280898449630494
grid16,0.0475,0.5,0.011094882183031679,0.0113109375,-0.0002160553169683211
grid16,0.05,0.5,0.011678823350559663,0.011875,-0.0001961766494403376
grid16,0.0525,0.5,0.012262764518087643,0.012435937499999999,-0.0001731729819123562
grid16,0.055,0.5,0.012846705685615627,0.01299375,-0.0001470443143843734
grid16,0.0575,0.5,0.01343064685314361,0.013548437500000001,-0.00011779064685639093
grid16,0.06,0.5,0.014014588020671593,0.014099999999999998,-8.541197932840534e-05
grid16,0.0625,0.5,0.014598529188199576,0.0146484375,-4.990831180042357e-05
grid16,0.065,0.5,0.015104709894762317,0.01519375,-8.904010523768345e-05
grid16,0.0675,0.5,0.015610890601325056,0.0157359375,-0.0001250468986749454
grid16,0.07,0.5,0.016117071307887795,0.016275,-0.00015792869211220598
grid16,0.0725,0.5,0.016623252014450536,0.016810937499999998,-0.00018768548554946168
grid16,0.075,0.5,0.017129432721013277,0.01734375,-0.00021431727898672467
grid16,0.0775,0.5,0.017635613427576018,0.0178734375,-0.00023782407242398107
grid16,0.08,0.5,0.01814179413413876,0.0184,-0.0002582058658612413
grid16,0.0825,0.5,0.0186479748407015,0.0189234375,-0.00027546265929850183
grid16,0.085,0.5,0.019154155547264236,0.019443750000000003,-0.0002895944527357662
grid16,0.0875,0.5,0.019660336253826974,0.019960937499999998,-0.00030060124617302397
grid16,0.09,0.5,0.020166516960389715,0.020475,-0.00030848303961028556
grid16,0.0925,0.5,0.020672697666952455,0.0209859375,-0.000313239833047544
grid16,0.095,0.5,0.021178878373515196,0.021493750000000002,-0.0003148716264848063
grid16,0.0975,0.5,0.021685059080077937,0.0219984375,-0.000313378419922062
grid16,0.1,0.5,0.022191239786640678,0.022500000000000003,-0.00030876021335932494
grid16,0.1025,0.5,0.022697420493203415,0.022998437499999996,-0.0003010170067965813
grid16,0.105,0.5,0.023203601199766152,0.02349375,-0.0002901488002338484
grid16,0.1075,0.5,0.023709781906328897,0.0239859375,-0.000276155593671102
grid16,0.11,0.5,0.024215962612891637,0.024475,-0.0002590373871083629
grid16,0.1125,0.5,0.024722143319454375,0.0249609375,-0.0002387941805456241
grid16,0.115,0.5,0.025228324026017115,0.02544375,-0.00021542597398288565
grid16,0.1175,0.5,0.025734504732579853,0.0259234375,-0.00018893276742014756
grid16,0.12,0.5,0.026240685439142594,0.0264,-0.00015931456085740633
grid16,0.1225,0.5,0.026746866145705334,0.026873437499999996,-0.00012657135429466199
grid16,0.125,0.5,0.027253046852268075,0.02734375,-9.070314773192492e-05
grid16,0.1275,0.5,0.027681427041398924,0.0278109375,-0.0001295104586010766
grid16,0.13,0.5,0.02810980723052977,0.028275,-0.0001651927694702321
grid16,0.1325,0.5,0.02853818741966062,0.0287359375,-0.000197750080339381
grid16,0.135,0.5,0.028966567608791467,0.02919375,-0.0002271823912085337
grid16,0.1375,0.5,0.029394947797922313,0.029648437500000003,-0.0002534897020776902
grid16,0.14,0.5,0.02982332798705316,0.030100000000000002,-0.00027667201294684016
grid16,0.1425,0.5,0.030251708176184004,0.030548437499999997,-0.0002967293238159939
grid16,0.145,0.5,0.030680088365314852,0.030993749999999997,-0.0003136616346851445
grid16,0.1475,0.5,0.0311084685544457,0.0314359375,-0.0003274689455542955
grid16,0.15,0.5,0.03153684874357655,0.031875,-0.00033815125642345373
grid16,0.1525,0.5,0.031965228932707396,0.0323109375,-0.0003457085672926019
grid16,0.155,0.5,0.032393609121838245,0.03274375,-0.0003501408781617574
grid16,0.1575,0.5,0.032821989310969094,0.0331734375,-0.00035144818903090624
grid16,0.16,0.5,0.033250369500099936,0.0336,-0.0003496304999000624
grid16,0.1625,0.5,0.033678749689230784,0.0340234375,-0.0003446878107692189
grid16,0.165,0.5,0.03410712987836163,0.03444375,-0.0003366201216383688
grid16,0.1675,0.5,0.03453551006749248,0.0348609375,-0.00032542743250751904
grid16,0.17,0.5,0.03496389025662333,0.035275,-0.00031110974337666963
grid16,0.1725,0.5,0.03539227044575417,0.0356859375,-0.0002936670542458275
grid16,0.175,0.5,0.03582065063488502,0.036093749999999994,-0.00027309936511497185
grid16,0.1775,0.5,0.03624903082401587,0.0364984375,-0.0002494066759841304
grid16,0.18,0.5,0.03667741101314671,0.0369,-0.00022258898685328932
grid16,0.1825,0.5,0.03710579120227756,0.037298437499999997,-0.0001926462977224347
grid16,0.185,0.5,0.03753417139140841,0.03769375,-0.00015957860859158735
grid16,0.1875,0.5,0.03796255158053926,0.0380859375,-0.00012338591946074035
grid16,0.19,0.5,0.03831309541617831,0.038475,-0.00016190458382168982
grid16,0.1925,0.5,0.038663639251817365,0.0388609375,-0.0001972982481826327
grid16,0.195,0.5,0.03901418308745642,0.03924375,-0.00022956691254358286
grid16,0.1975,0.5,0.039364726923095464,0.039623437500000004,-0.0002587105769045403
grid16,0.2,0.5,0.03971527075873452,0.04000000000000001,-0.00028472924126549115
grid16,0.2025,0.5,0.04006581459437357,0.040373437500000005,-0.0003076229056264354
grid16,0.205,0.5,0.04041635843001262,0.04074375,-0.00032739156998738
grid16,0.2075,0.5,0.040766902265651675,0.0411109375,-0.00034403523434832495
grid16,0.21,0.5,0.04111744610129073,0.041475,-0.00035755389870927023
grid16,0.2125,0.5,0.04146798993692978,0.041835937499999996,-0.00036794756307021587
grid16,0.215,0.5,0.041818533772568826,0.04219375,-0.0003752162274311757
grid16,0.2175,0.5,0.04216907760820788,0.0425484375,-0.00037935989179212204
grid16,0.22,0.5,0.04251962144384693,0.0429,-0.0003803785561530687
grid16,0.2225,0.5,0.042870165279485985,0.0432484375,-0.0003782722205140157
grid16,0.225,0.5,0.04322070911512503,0.04359375,-0.00037304088487497
grid16,0.2275,0.5,0.04357125295076408,0.0439359375,-0.0003646845492359177
grid16,0.23,0.5,0.043921796786403136,0.044275,-0.00035320321359686574
grid16,0.2325,0.5,0.04427234062204219,0.0446109375,-0.0003385968779578141
grid16,0.235,0.5,0.04462288445768124,0.04494375,-0.0003208655423187559
grid16,0.2375,0.5,0.044973428293320294,0.04527343749999999,-0.00030000920667969805
grid16,0.24,0.5,0.04532397212895934,0.0456,-0.00027602787104066134
grid16,0.2425,0.5,0.04567451596459839,0.045923437500000004,-0.0002489215354016111
grid16,0.245,0.5,0.046025059800237446,0.04624375,-0.00021869019976255427
grid16,0.2475,0.5,0.0463756036358765,0.046560937499999996,-0.00018533386412349778
grid16,0.25,0.5,0.04672614747151555,0.046875,-0.00014885252848444858
grid16,0.2525,0.5,0.04699882467616922,0.047185937500000004,-0.00018711282383078454
grid16,0.255,0.5,0.04727150188082289,0.04749375,-0.0002222481191771139
grid16,0.2575,0.5,0.04754417908547656,0.0477984375,-0.00025425841452343667
grid16,0.26,0.5,0.04781685629013023,0.048100000000000004,-0.00028314370986977366
grid16,0.2625,0.5,0.048089533494783905,0.0483984375,-0.0003089040052160971
grid16,0.265,0.5,0.04836221069943757,0.04869375,-0.00033153930056242786
grid16,0.2675,0.5,0.04863488790409124,0.0489859375,-0.00035104959590875895
grid16,0.27,0.5,0.04890756510874491,0.049275,-0.0003674348912550904
grid16,0.2725,0.5,0.049180242313398584,0.049560937500000006,-0.00038069518660142215
grid16,0.275,0.5,0.04945291951805225,0.04984375,-0.00039083048194774733
grid16,0.2775,0.5,0.04972559672270592,0.0501234375,-0.0003978407772940798
grid16,0.28,0.5,0.04999827392735959,0.0504,-0.0004017260726404126
grid16,0.2825,0.5,0.050270951132013256,0.050673437499999995,-0.0004024863679867388
grid16,0.285,0.5,0.050543628336666924,0.05094375,-0.00040012166333307925
grid16,0.2875,0.5,0.05081630554132059,0.0512109375,-0.00039463195867940615
grid16,0.29,0.5,0.051088982745974267,0.05147499999999999,-0.00038601725402572645
grid16,0.2925,0.5,0.051361659950627934,0.051735937499999995,-0.000374277549372061
grid16,0.295,0.5,0.0516343371552816,0.051993750000000005,-0.0003594128447184028
grid16,0.2975,0.5,0.05190701435993527,0.0522484375,-0.00034142314006473107
grid16,0.3,0.5,0.052179691564588945,0.0525,-0.00032030843541105275
grid16,0.3025,0.5,0.05245236876924261,0.0527484375,-0.00029606873075738865
grid16,0.305,0.5,0.05272504597389629,0.052993750000000006,-0.00026870402610371796
grid16,0.3075,0.5,0.052997723178549956,0.0532359375,-0.00023821432145004068
grid16,0.31,0.5,0.053270400383203624,0.053474999999999995,-0.00020459961679637068
grid16,0.3125,0.5,0.05354307758785729,0.0537109375,-0.00016785991214270796
grid16,0.315,0.5,0.053737864230842,0.053943750000000006,-0.00020588576915800405
grid16,0.3175,0.5,0.05393265087382672,0.0541734375,-0.00024078662617327967
grid16,0.32,0.5,0.05412743751681143,0.0544,-0.0002725624831885695
grid16,0.3225,0.5,0.05432222415979614,0.054623437500000004,-0.00030121334020386664
grid16,0.325,0.5,0.054517010802780846,0.054843750000000004,-0.0003267391972191572
grid16,0.3275,0.5,0.054711797445765556,0.055060937500000004,-0.00034914005423444805
grid16,0.33,0.5,0.054906584088750265,0.055275,-0.00036841591124973233
grid16,0.3325,0.5,0.05510137073173498,0.0554859375,-0.00038456676826501696
grid16,0.335,0.5,0.0552961573747197,0.05569375000000001,-0.00039759262528030886
grid16,0.3375,0.5,0.0554909440177044,0.0558984375,-0.0004074934822956011
grid16,0.34,0.5,0.05568573066068912,0.0561,-0.00041426933931087984
grid16,0.3425,0.5,0.05588051730367383,0.0562984375,-0.0004179201963261728
grid16,0.345,0.5,0.056075303946658536,0.056493749999999995,-0.0004184460533414591
grid16,0.3475,0.5,0.056270090589643246,0.056685937500000005,-0.0004158469103567597
grid16,0.35,0.5,0.056464877232627955,0.056874999999999995,-0.0004101227673720398
grid16,0.3525,0.5,0.056659663875612665,0.05706093749999999,-0.00040127362438732717
grid16,0.355,0.5,0.056854450518597374,0.057243749999999996,-0.00038929948140262183
grid16,0.3575,0.5,0.057049237161582084,0.0574234375,-0.00037420033841791683
grid16,0.36,0.5,0.0572440238045668,0.0576,-0.0003559761954331983
grid16,0.3625,0.5,0.05743881044755151,0.0577734375,-0.00033462705244848706
grid16,0.365,0.5,0.05763359709053621,0.05794375,-0.00031015290946379004
grid16,0.3675,0.5,0.057828383733520936,0.05811093750000001,-0.00028255376647907254
grid16,0.37,0.5,0.05802317037650564,0.058275,-0.00025182962349436233
grid16,0.3725,0.5,0.058217957019490355,0.05843593749999999,-0.00021798048050963859
grid16,0.375,0.5,0.058412743662475064,0.05859375,-0.000181006337524936
grid16,0.3775,0.5,0.05852962254055118,0.05874843750000001,-0.00021881495944883061
grid16,0.38,0.5,0.05864650141862728,0.0589,-0.00025349858137271863
grid16,0.3825,0.5,0.05876338029670339,0.059048437499999995,-0.000285057203296607
grid16,0.385,0.5,0.058880259174779494,0.05919375,-0.0003134908252205096
grid16,0.3875,0.5,0.058997138052855606,0.059335937500000005,-0.00033879944714439864
grid16,0.39,0.5,0.05911401693093172,0.059475,-0.0003609830690682811
grid16,0.3925,0.5,0.059230895809007825,0.059610937499999996,-0.00038004169099217083
grid16,0.395,0.5,0.05934777468708394,0.05974375,-0.0003959753129160609
grid16,0.3975,0.5,0.05946465356516005,0.05987343750000001,-0.0004087839348399583
grid16,0.4,0.5,0.05958153244323615,0.06,-0.00041846755676384906
grid16,0.4025,0.5,0.05969841132131226,0.060123437499999995,-0.00042502617868773324
grid16,0.405,0.5,0.059815290199388374,0.06024375,-0.0004284598006116247
grid16,0.4075,0.5,0.05993216907746447,0.060360937499999996,-0.00042876842253552344
grid16,0.41,0.5,0.060049047955540585,0.06047500000000001,-0.00042595204445942253
grid16,0.4125,0.5,0.0601659268336167,0.0605859375,-0.00042001066638330115
grid16,0.415,0.5,0.0602828057116928,0.06069374999999999,-0.000410944288307194
grid16,0.4175,0.5,0.06039968458976891,0.0607984375,-0.00039875291023108717
grid16,0.42,0.5,0.06051656346784502,0.0609,-0.0003834365321549807
grid16,0.4225,0.5,0.06063344234592113,0.0609984375,-0.00036499515407887456
grid16,0.425,0.5,0.06075032122399724,0.061093749999999995,-0.0003434287760027549
grid16,0.4275,0.5,0.060867200102073346,0.0611859375,-0.0003187373979266564
grid16,0.43,0.5,0.06098407898014945,0.061275,-0.0002909210198505513
grid16,0.4325,0.5,0.061100957858225564,0.0613609375,-0.00025997964177443267
grid16,0.435,0.5,0.06121783673630167,0.06144374999999999,-0.00022591326369832132
grid16,0.4375,0.5,0.06133471561437778,0.0615234375,-0.00018872188562221726
grid16,0.44,0.5,0.061373676389117365,0.06160000000000001,-0.00022632361088264358
grid16,0.4425,0.5,0.06141263716385695,0.0616734375,-0.00026080033614304943
grid16,0.445,0.5,0.06145159793859653,0.06174374999999999,-0.00029215206140346256
grid16,0.4475,0.5,0.06149055871333613,0.0618109375,-0.00032037878666387604
grid16,0.45,0.5,0.06152951948807571,0.061875000000000006,-0.0003454805119242968
grid16,0.4525,0.5,0.06156848026281529,0.0619359375,-0.00036745723718471096
grid16,0.455,0.5,0.061607441037554875,0.06199374999999999,-0.00038630896244511853
grid16,0.4575,0.5,0.06164640181229446,0.0620484375,-0.0004020356877055403
grid16,0.46,0.5,0.06168536258703404,0.06210000000000001,-0.0004146374129659694
grid16,0.4625,0.5,0.06172432336177363,0.0621484375,-0.00042411413822637106
grid16,0.465,0.5,0.06176328413651322,0.06219374999999999,-0.00043046586348677307
grid16,0.4675,0.5,0.0618022449112528,0.0622359375,-0.00043369258874719624
grid16,0.47,0.5,0.061841205685992384,0.062275,-0.0004337943140076128
grid16,0.4725,0.5,0.06188016646073197,0.062310937500000003,-0.00043077103926803667
grid16,0.475,0.5,0.06191912723547155,0.062343749999999996,-0.000424622764528447
grid16,0.4775,0.5,0.06195808801021113,0.0623734375,-0.0004153494897888646
grid16,0.48,0.5,0.061997048784950715,0.0624,-0.00040295121504928255
grid16,0.4825,0.5,0.062036009559690304,0.062423437500000005,-0.00038742794030970085
grid16,0.485,0.5,0.06207497033442989,0.06244375,-0.00036877966557011255
grid16,0.4875,0.5,0.06211393110916947,0.062460937499999994,-0.0003470063908305246
grid16,0.49,0.5,0.06215289188390906,0.062475,-0.0003221081160909439
grid16,0.4925,0.5,0.06219185265864864,0.062485937500000005,-0.0002940848413513636
grid16,0.495,0.5,0.06223081343338823,0.06249375,-0.00026293656661176973
grid16,0.4975,0.5,0.062269774208127814,0.06249843749999999,-0.0002286632918721762
grid16,0.5,0.5,0.062308734982867396,0.0625,-0.00019126501713260385
grid16,0.5025,0.5,0.062269774208127814,0.0624984375,-0.00022866329187218315
grid16,0.505,0.5,0.06223081343338823,0.06249375,-0.00026293656661176973
grid16,0.5075,0.5,0.06219185265864865,0.0624859375,-0.0002940848413513497
grid16,0.51,0.5,0.062152891883909066,0.062475,-0.000322108116090937
grid16,0.5125,0.5,0.062113931109169476,0.0624609375,-0.0003470063908305246
grid16,0.515,0.5,0.062074970334429894,0.06244375,-0.0003687796655701056
grid16,0.5175,0.5,0.06203600955969031,0.0624234375,-0.00038742794030968697
grid16,0.52,0.5,0.06199704878495073,0.0624,-0.0004029512150492687
grid16,0.5225,0.5,0.061958088010211146,0.062373437500000004,-0.00041534948978885766
grid16,0.525,0.5,0.06191912723547156,0.062343749999999996,-0.0004246227645284331
grid16,0.5275,0.5,0.06188016646073198,0.062310937500000003,-0.0004307710392680228
grid16,0.53,0.5,0.0618412056859924,0.062275,-0.00043379431400759894
grid16,0.5325,0.5,0.061802244911252815,0.0622359375,-0.00043369258874718236
grid16,0.535,0.5,0.06176328413651323,0.06219375,-0.00043046586348676613
grid16,0.5375,0.5,0.06172432336177365,0.0621484375,-0.00042411413822635025
grid16,0.54,0.5,0.06168536258703407,0.0621,-0.0004146374129659347
grid16,0.5425,0.5,0.061646401812294485,0.0620484375,-0.00040203568770551257
grid16,0.545,0.5,0.0616074410375549,0.06199375,-0.0003863089624450977
grid16,0.5475,0.5,0.06156848026281532,0.0619359375,-0.0003674572371846832
grid16,0.55,0.5,0.06152951948807574,0.061875,-0.0003454805119242621
grid16,0.5525,0.5,0.061490558713336155,0.0618109375,-0.0003203787866638483
grid16,0.555,0.5,0.061451597938596565,0.06174375,-0.0002921520614034348
grid16,0.5575,0.5,0.06141263716385698,0.0616734375,-0.00026080033614301473
grid16,0.56,0.5,0.0613736763891174,0.061599999999999995,-0.000226323610882595
grid16,0.5625,0.5,0.06133471561437782,0.0615234375,-0.00018872188562218256
grid16,0.565,0.5,0.06121783673630171,0.06144375,-0.00022591326369828663
grid16,0.5675,0.5,0.0611009578582256,0.0613609375,-0.000259979641774398
grid16,0.57,0.5,0.06098407898014949,0.061275,-0.00029092101985050967
grid16,0.5725,0.5,0.06086720010207338,0.0611859375,-0.0003187373979266217
grid16,0.575,0.5,0.060750321223997275,0.06109375,-0.00034342877600272714
grid16,0.5775,0.5,0.06063344234592116,0.0609984375,-0.00036499515407883987
grid16,0.58,0.5,0.060516563467845064,0.0609,-0.00038343653215493906
grid16,0.5825,0.5,0.06039968458976895,0.0607984375,-0.00039875291023104553
grid16,0.585,0.5,0.06028280571169284,0.060693750000000005,-0.00041094428830716623
grid16,0.5875,0.5,0.060165926833616726,0.0605859375,-0.0004200106663832734
grid16,0.59,0.5,0.06004904795554061,0.060475,-0.00042595204445938784
grid16,0.5925,0.5,0.059932169077464514,0.060360937499999996,-0.0004287684225354818
grid16,0.595,0.5,0.0598152901993884,0.06024375,-0.00042845980061159694
grid16,0.5975,0.5,0.05969841132131229,0.0601234375,-0.0004250261786877124
grid16,0.6,0.5,0.05958153244323619,0.06,-0.0004184675567638074
grid16,0.6025,0.5,0.05946465356516008,0.0598734375,-0.0004087839348399236
grid16,0.605,0.5,0.059347774687083965,0.05974375,-0.00039597531291603316
grid16,0.6075,0.5,0.05923089580900785,0.059610937499999996,-0.0003800416909921431
grid16,0.61,0.5,0.05911401693093175,0.059475,-0.00036098306906825334
grid16,0.6125,0.5,0.058997138052855634,0.0593359375,-0.00033879944714436394
grid16,0.615,0.5,0.05888025917477953,0.05919375,-0.0003134908252204749
grid16,0.6175,0.5,0.058763380296703416,0.059048437499999995,-0.00028505720329657924
grid16,0.62,0.5,0.05864650141862731,0.0589,-0.0002534985813726909
grid16,0.6225,0.5,0.0585296225405512,0.05874843749999999,-0.00021881495944879592
grid16,0.625,0.5,0.05841274366247509,0.05859375,-0.00018100633752490825
grid16,0.6275,0.5,0.05821795701949038,0.0584359375,-0.00021798048050961777
grid16,0.63,0.5,0.058023170376505666,0.058275,-0.0002518296234943346
grid16,0.6325,0.5,0.057828383733520956,0.0581109375,-0.0002825537664790448
grid16,0.635,0.5,0.05763359709053624,0.05794375,-0.0003101529094637623
grid16,0.6375,0.5,0.05743881044755153,0.057773437500000004,-0.0003346270524484732
grid16,0.64,0.5,0.05724402380456682,0.0576,-0.0003559761954331775
grid16,0.6425,0.5,0.05704923716158211,0.0574234375,-0.0003742003384178891
grid16,0.645,0.5,0.05685445051859739,0.057243749999999996,-0.00038929948140260795
grid16,0.6475,0.5,0.056659663875612686,0.057060937500000006,-0.0004012736243873202
grid16,0.65,0.5,0.05646487723262797,0.056874999999999995,-0.0004101227673720259
grid16,0.6525,0.5,0.05627009058964326,0.056685937500000005,-0.0004158469103567458
grid16,0.655,0.5,0.056075303946658536,0.056493749999999995,-0.0004184460533414591
grid16,0.6575,0.5,0.05588051730367383,0.0562984375,-0.0004179201963261728
grid16,0.66,0.5,0.05568573066068912,0.0561,-0.00041426933931087984
grid16,0.6625,0.5,0.05549094401770441,0.0558984375,-0.0004074934822955942
grid16,0.665,0.5,0.055296157374719684,0.05569375,-0.0003975926252803158
grid16,0.6675,0.5,0.055101370731734975,0.0554859375,-0.0003845667682650239
grid16,0.67,0.5,0.054906584088750265,0.055275,-0.00036841591124973233
grid16,0.6725,0.5,0.054711797445765556,0.055060937500000004,-0.00034914005423444805
grid16,0.675,0.5,0.05451701080278083,0.05484375,-0.0003267391972191641
grid16,0.6775,0.5,0.05432222415979613,0.054623437500000004,-0.0003012133402038736
grid16,0.68,0.5,0.054127437516811414,0.0544,-0.0002725624831885834
grid16,0.6825,0.5,0.053932650873826704,0.0541734375,-0.00024078662617329355
grid16,0.685,0.5,0.05373786423084199,0.05394374999999999,-0.00020588576915800405
grid16,0.6875,0.5,0.05354307758785728,0.0537109375,-0.00016785991214272183
grid16,0.69,0.5,0.05327040038320362,0.053475,-0.00020459961679638455
grid16,0.6925,0.5,0.052997723178549935,0.0532359375,-0.0002382143214500615
grid16,0.695,0.5,0.052725045973896274,0.052993750000000006,-0.00026870402610373184
grid16,0.6975,0.5,0.05245236876924259,0.0527484375,-0.00029606873075740947
grid16,0.7,0.5,0.052179691564588924,0.052500000000000005,-0.0003203084354110805
grid16,0.7025,0.5,0.05190701435993525,0.0522484375,-0.0003414231400647519
grid16,0.705,0.5,0.05163433715528158,0.051993750000000005,-0.0003594128447184236
grid16,0.7075,0.5,0.05136165995062791,0.051735937499999995,-0.00037427754937208874
grid16,0.71,0.5,0.051088982745974246,0.05147500000000001,-0.00038601725402576115
grid16,0.7125,0.5,0.050816305541320564,0.0512109375,-0.0003946319586794339
grid16,0.715,0.5,0.050543628336666896,0.05094375,-0.000400121663333107
grid16,0.7175,0.5,0.05027095113201322,0.050673437499999995,-0.0004024863679867735
grid16,0.72,0.5,0.04999827392735956,0.0504,-0.00040172607264044036
grid16,0.7225,0.5,0.04972559672270588,0.0501234375,-0.00039784077729412143
grid16,0.725,0.5,0.04945291951805221,0.04984375,-0.00039083048194778897
grid16,0.7275,0.5,0.04918024231339854,0.0495609375,-0.00038069518660145685
grid16,0.73,0.5,0.048907565108744874,0.049275,-0.0003674348912551251
grid16,0.7325,0.5,0.0486348879040912,0.04898593749999999,-0.00035104959590879364
grid16,0.735,0.5,0.048362210699437524,0.04869375,-0.00033153930056247644
grid16,0.7375,0.5,0.048089533494783857,0.048398437499999995,-0.00030890400521613876
grid16,0.74,0.5,0.04781685629013019,0.048100000000000004,-0.0002831437098698153
grid16,0.7425,0.5,0.04754417908547651,0.04779843749999999,-0.00025425841452348524
grid16,0.745,0.5,0.047271501880822846,0.04749375,-0.00022224811917715553
grid16,0.7475,0.5,0.046998824676169164,0.04718593749999999,-0.00018711282383082617
grid16,0.75,0.5,0.0467261474715155,0.046875,-0.00014885252848449715
grid16,0.7525,0.5,0.04637560363587646,0.0465609375,-0.00018533386412354635
grid16,0.755,0.5,0.046025059800237404,0.04624375,-0.0002186901997625959
grid16,0.7575,0.5,0.04567451596459836,0.045923437500000004,-0.0002489215354016458
grid16,0.76,0.5,0.0453239721289593,0.0456,-0.000276027871040703
grid16,0.7625,0.5,0.04497342829332025,0.045273437500000006,-0.00030000920667975356
grid16,0.765,0.5,0.04462288445768119,0.04494375,-0.0003208655423188045
grid16,0.7675,0.5,0.044272340622042154,0.0446109375,-0.0003385968779578488
grid16,0.77,0.5,0.043921796786403094,0.044274999999999995,-0.00035320321359690043
grid16,0.7725,0.5,0.04357125295076405,0.04393593750000001,-0.00036468454923595933
grid16,0.775,0.5,0.04322070911512499,0.043593749999999994,-0.0003730408848750047
grid16,0.7775,0.5,0.04287016527948595,0.04324843750000001,-0.00037827222051405734
grid16,0.78,0.5,0.04251962144384689,0.042899999999999994,-0.0003803785561531034
grid16,0.7825,0.5,0.042169077608207844,0.0425484375,-0.00037935989179215673
grid16,0.785,0.5,0.041818533772568785,0.042193749999999995,-0.0003752162274312104
grid16,0.7875,0.5,0.04146798993692974,0.0418359375,-0.00036794756307026444
grid16,0.79,0.5,0.041117446101290686,0.041475,-0.00035755389870931187
grid16,0.7925,0.5,0.04076690226565164,0.0411109375,-0.00034403523434835964
grid16,0.795,0.5,0.04041635843001258,0.040743749999999995,-0.0003273915699874147
grid16,0.7975,0.5,0.04006581459437354,0.040373437500000005,-0.00030762290562646316
grid16,0.8,0.5,0.039715270758734475,0.039999999999999994,-0.0002847292412655189
grid16,0.8025,0.5,0.039364726923095436,0.039623437500000004,-0.00025871057690456806
grid16,0.805,0.5,0.039014183087456376,0.039243749999999994,-0.00022956691254361755
grid16,0.8075,0.5,0.03866363925181733,0.0388609375,-0.0001972982481826674
grid16,0.81,0.5,0.03831309541617828,0.03847499999999999,-0.00016190458382171063
grid16,0.8125,0.5,0.03796255158053923,0.0380859375,-0.0001233859194607681
grid16,0.815,0.5,0.0375341713914084,0.037693750000000005,-0.00015957860859160816
grid16,0.8175,0.5,0.037105791202277534,0.037298437499999997,-0.00019264629772246245
grid16,0.82,0.5,0.0366774110131467,0.03690000000000001,-0.00022258898685331013
grid16,0.8225,0.5,0.03624903082401585,0.0364984375,-0.0002494066759841512
grid16,0.825,0.5,0.03582065063488501,0.03609375000000001,-0.0002730993651149996
grid16,0.8275,0.5,0.03539227044575415,0.0356859375,-0.0002936670542458483
grid16,0.83,0.5,0.03496389025662332,0.03527500000000001,-0.00031110974337669045
grid16,0.8325,0.5,0.03453551006749246,0.034860937499999994,-0.0003254274325075329
grid16,0.835,0.5,0.034107129878361626,0.03444375000000001,-0.0003366201216383827
grid16,0.8375,0.5,0.03367874968923077,0.034023437499999996,-0.00034468781076922583
grid16,0.84,0.5,0.033250369500099936,0.033600000000000005,-0.00034963049990006934
grid16,0.8425,0.5,0.03282198931096908,0.03317343749999999,-0.0003514481890309132
grid16,0.845,0.5,0.03239360912183824,0.03274375,-0.0003501408781617643
grid16,0.8475,0.5,0.03196522893270738,0.0323109375,-0.0003457085672926158
grid16,0.85,0.5,0.03153684874357655,0.031875,-0.00033815125642345373
grid16,0.8525,0.5,0.03110846855444569,0.0314359375,-0.0003274689455543059
grid16,0.855,0.5,0.030680088365314856,0.030993750000000004,-0.000313661634685148
grid16,0.8575,0.5,0.030251708176184,0.030548437499999994,-0.0002967293238159939
grid16,0.86,0.5,0.02982332798705316,0.030100000000000002,-0.00027667201294684016
grid16,0.8625,0.5,0.02939494779792231,0.029648437499999993,-0.0002534897020776833
grid16,0.865,0.5,0.02896656760879147,0.02919375,-0.00022718239120853023
grid16,0.8675,0.5,0.028538187419660615,0.028735937499999992,-0.00019775008033937752
grid16,0.87,0.5,0.028109807230529776,0.028275,-0.00016519276947022515
grid16,0.8725,0.5,0.027681427041398924,0.02781093749999999,-0.0001295104586010662
grid16,0.875,0.5,0.027253046852268085,0.02734375,-9.070314773191451e-05
grid16,0.8775,0.5,0.02674686614570536,0.02687343750000001,-0.00012657135429465158
grid16,0.88,0.5,0.026240685439142604,0.0264,-0.00015931456085739593
grid16,0.8825,0.5,0.025734504732579877,0.02592343750000001,-0.00018893276742013368
grid16,0.885,0.5,0.025228324026017122,0.025443749999999998,-0.00021542597398287525
grid16,0.8875,0.5,0.024722143319454395,0.02496093750000001,-0.0002387941805456137
grid16,0.89,0.5,0.02421596261289164,0.024474999999999997,-0.00025903738710835594
grid16,0.8925,0.5,0.023709781906328914,0.02398593750000001,-0.0002761555936710951
grid16,0.895,0.5,0.02320360119976616,0.023493749999999997,-0.000290148800233838
grid16,0.8975,0.5,0.022697420493203432,0.022998437500000007,-0.00030101700679657437
grid16,0.9,0.5,0.02219123978664068,0.022499999999999996,-0.00030876021335931453
grid16,0.9025,0.5,0.02168505908007795,0.021998437500000006,-0.00031337841992205503
grid16,0.905,0.5,0.021178878373515196,0.021493749999999995,-0.00031487162648479936
grid16,0.9075,0.5,0.02067269766695247,0.020985937500000006,-0.0003132398330475371
grid16,0.91,0.5,0.020166516960389715,0.020474999999999993,-0.0003084830396102786
grid16,0.9125,0.5,0.019660336253826988,0.019960937500000005,-0.00030060124617301703
grid16,0.915,0.5,0.019154155547264233,0.019443749999999992,-0.00028959445273575926
grid16,0.9175,0.5,0.018647974840701506,0.018923437500000004,-0.00027546265929849836
grid16,0.92,0.5,0.01814179413413875,0.018399999999999993,-0.0002582058658612413
grid16,0.9225,0.5,0.017635613427576025,0.017873437500000002,-0.0002378240724239776
grid16,0.925,0.5,0.017129432721013273,0.01734374999999999,-0.00021431727898671774
grid16,0.9275,0.5,0.016623252014450543,0.0168109375,-0.00018768548554945821
grid16,0.93,0.5,0.016117071307887792,0.01627499999999999,-0.00015792869211219904
grid16,0.9325,0.5,0.015610890601325061,0.0157359375,-0.0001250468986749402
grid16,0.935,0.5,0.01510470989476231,0.015193749999999989,-8.904010523767825e-05
grid16,0.9375,0.5,0.01459852918819958,0.0146484375,-4.99083118004201e-05
grid16,0.94,0.5,0.01401458802067161,0.014100000000000012,-8.541197932840187e-05
grid16,0.9425,0.5,0.013430646853143612,0.0135484375,-0.00011779064685638746
grid16,0.945,0.5,0.012846705685615642,0.01299375000000001,-0.00014704431438436819
grid16,0.9475,0.5,0.012262764518087645,0.012435937499999997,-0.00017317298191235272
grid16,0.95,0.5,0.011678823350559675,0.01187500000000001,-0.00019617664944033587
grid16,0.9525,0.5,0.011094882183031677,0.011310937499999996,-0.00021605531696831937
grid16,0.955,0.5,0.010510941015503707,0.010743750000000009,-0.00023280898449630147
grid16,0.9575,0.5,0.00992699984797571,0.010173437499999997,-0.0002464376520242874
grid16,0.96,0.5,0.00934305868044774,0.009600000000000008,-0.00025694131955226844
grid16,0.9625,0.5,0.008759117512919743,0.009023437499999995,-0.0002643199870802516
grid16,0.965,0.5,0.008175176345391772,0.008443750000000007,-0.00026857365460823505
grid16,0.9675,0.5,0.007591235177863775,0.007860937499999993,-0.000269702322136218
grid16,0.97,0.5,0.007007294010335805,0.007275000000000006,-0.0002677059896642013
grid16,0.9725,0.5,0.006423352842807808,0.006685937499999992,-0.0002625846571921841
grid16,0.975,0.5,0.005839411675279837,0.006093750000000005,-0.0002543383247201681
grid16,0.9775,0.5,0.0052554705077518405,0.005498437499999991,-0.00024296699224815067
grid16,0.98,0.5,0.00467152934022387,0.004900000000000004,-0.00022847065977613448
grid16,0.9825,0.5,0.004087588172695873,0.004298437499999991,-0.00021084932730411777
grid16,0.985,0.5,0.0035036470051679025,0.003693750000000003,-0.00019010299483210053
grid16,0.9875,0.5,0.0029197058376399057,0.0030859374999999893,-0.00016623166236008364
grid16,0.99,0.5,0.002335764670111935,0.0024750000000000024,-0.00013923532988806752
grid16,0.9925,0.5,0.0017518235025839382,0.001860937499999988,-0.0001091139974160498
grid16,0.995,0.5,0.0011678823350559674,0.0012437500000000011,-7.586766494403372e-05
grid16,0.9975,0.5,0.0005839411675279707,0.0006234374999999867,-3.949633247201604e-05
grid16,1.0,0.5,0.0,0.0,0.0
alternate4,0.0,0.5,0.0,0.0,0.0
alternate4,0.0025,0.5,0.00042187500000000054,0.0006234375000000001,-0.00020156249999999954
alternate4,0.005,0.5,0.0008437500000000011,0.00124375,-0.000399999999999999
alternate4,0.0075,0.5,0.0012656250000000016,0.0018609375,-0.0005953124999999984
alternate4,0.01,0.5,0.0016875000000000021,0.002475,-0.000787499999999998
alternate4,0.0125,0.5,0.0021093750000000027,0.0030859375,-0.0009765624999999974
alternate4,0.015,0.5,0.002531250000000003,0.00369375,-0.0011624999999999969
alternate4,0.0175,0.5,0.002953125000000004,0.0042984375,-0.0013453124999999963
alternate4,0.02,0.5,0.0033749999999999995,0.0049,-0.0015250000000000003
alternate4,0.0225,0.5,0.0037968750000000003,0.0054984375,-0.0017015624999999995
alternate4,0.025,0.5,0.004218750000000001,0.00609375,-0.001874999999999999
alternate4,0.0275,0.5,0.0046406250000000015,0.0066859375,-0.0020453124999999985
alternate4,0.03,0.5,0.005062500000000002,0.007274999999999999,-0.0022124999999999975
alternate4,0.0325,0.5,0.005484375000000002,0.0078609375,-0.0023765624999999976
alternate4,0.035,0.5,0.005906250000000003,0.00844375,-0.0025374999999999972
alternate4,0.0375,0.5,0.006328125000000003,0.0090234375,-0.002695312499999997
alternate4,0.04,0.5,0.006750000000000004,0.0096,-0.002849999999999995
alternate4,0.0425,0.5,0.007171875000000005,0.0101734375,-0.0030015624999999956
alternate4,0.045,0.5,0.007593750000000001,0.01074375,-0.003149999999999999
alternate4,0.0475,0.5,0.008015625,0.0113109375,-0.0032953124999999996
alternate4,0.05,0.5,0.008437500000000002,0.011875,-0.003437499999999998
alternate4,0.0525,0.5,0.008859375000000003,0.012435937499999999,-0.0035765624999999964
alternate4,0.055,0.5,0.009281250000000003,0.01299375,-0.003712499999999997
alternate4,0.0575,0.5,0.009703125000000003,0.013548437500000001,-0.003845312499999998
alternate4,0.06,0.5,0.010125000000000004,0.014099999999999998,-0.003974999999999994
alternate4,0.0625,0.5,0.010546875000000004,0.0146484375,-0.004101562499999996
alternate4,0.065,0.5,0.010968750000000005,0.01519375,-0.004224999999999996
alternate4,0.0675,0.5,0.011390625000000005,0.0157359375,-0.004345312499999997
alternate4,0.07,0.5,0.011812500000000005,0.016275,-0.004462499999999996
alternate4,0.0725,0.5,0.012234375000000006,0.016810937499999998,-0.004576562499999992
alternate4,0.075,0.5,0.012656250000000006,0.01734375,-0.0046874999999999955
alternate4,0.0775,0.5,0.013078125000000008,0.0178734375,-0.0047953124999999906
alternate4,0.08,0.5,0.013500000000000009,0.0184,-0.004899999999999991
alternate4,0.0825,0.5,0.013921875000000009,0.0189234375,-0.005001562499999992
alternate4,0.085,0.5,0.01434375000000001,0.019443750000000003,-0.005099999999999993
alternate4,0.0875,0.5,0.014765625000000004,0.019960937499999998,-0.005195312499999993
alternate4,0.09,0.5,0.015187500000000005,0.020475,-0.005287499999999995
alternate4,0.0925,0.5,0.015609375000000005,0.0209859375,-0.005376562499999994
alternate4,0.095,0.5,0.016031250000000007,0.021493750000000002,-0.005462499999999995
alternate4,0.0975,0.5,0.016453125000000006,0.0219984375,-0.005545312499999993
alternate4,0.1,0.5,0.016875000000000008,0.022500000000000003,-0.005624999999999995
alternate4,0.1025,0.5,0.017296875000000003,0.022998437499999996,-0.005701562499999993
alternate4,0.105,0.5,0.017718750000000005,0.02349375,-0.005774999999999995
alternate4,0.1075,0.5,0.018140625000000004,0.0239859375,-0.005845312499999995
alternate4,0.11,0.5,0.018562500000000006,0.024475,-0.005912499999999994
alternate4,0.1125,0.5,0.018984375000000005,0.0249609375,-0.005976562499999994
alternate4,0.115,0.5,0.019406250000000007,0.02544375,-0.006037499999999994
alternate4,0.1175,0.5,0.019828125000000005,0.0259234375,-0.006095312499999995
alternate4,0.12,0.5,0.020250000000000008,0.0264,-0.006149999999999992
alternate4,0.1225,0.5,0.020671875000000006,0.026873437499999996,-0.00620156249999999
alternate4,0.125,0.5,0.02109375000000001,0.02734375,-0.006249999999999992
alternate4,0.1275,0.5,0.02151562500000001,0.0278109375,-0.00629531249999999
alternate4,0.13,0.5,0.02193750000000001,0.028275,-0.0063374999999999924
alternate4,0.1325,0.5,0.02235937500000001,0.0287359375,-0.006376562499999988
alternate4,0.135,0.5,0.02278125000000001,0.02919375,-0.006412499999999991
alternate4,0.1375,0.5,0.023203125000000012,0.029648437500000003,-0.006445312499999991
alternate4,0.14,0.5,0.02362500000000001,0.030100000000000002,-0.006474999999999991
alternate4,0.1425,0.5,0.024046875000000006,0.030548437499999997,-0.006501562499999992
alternate4,0.145,0.5,0.024468750000000008,0.030993749999999997,-0.006524999999999989
alternate4,0.1475,0.5,0.02489062500000001,0.0314359375,-0.006545312499999987
alternate4,0.15,0.5,0.02531250000000001,0.031875,-0.006562499999999992
alternate4,0.1525,0.5,0.02573437500000001,0.0323109375,-0.006576562499999987
alternate4,0.155,0.5,0.02615625000000001,0.03274375,-0.006587499999999993
alternate4,0.1575,0.5,0.02657812500000001,0.0331734375,-0.006595312499999988
alternate4,0.16,0.5,0.02700000000000001,0.0336,-0.006599999999999988
alternate4,0.1625,0.5,0.027421875000000012,0.0340234375,-0.006601562499999991
alternate4,0.165,0.5,0.02784375000000001,0.03444375,-0.006599999999999991
alternate4,0.1675,0.5,0.028265625000000013,0.0348609375,-0.006595312499999988
alternate4,0.17,0.5,0.028687500000000015,0.035275,-0.006587499999999986
alternate4,0.1725,0.5,0.02910937500000001,0.0356859375,-0.00657656249999999
alternate4,0.175,0.5,0.02953125000000001,0.036093749999999994,-0.006562499999999985
alternate4,0.1775,0.5,0.02995312500000001,0.0364984375,-0.00654531249999999
alternate4,0.18,0.5,0.03037500000000001,0.0369,-0.006524999999999993
alternate4,0.1825,0.5,0.030796875000000012,0.037298437499999997,-0.006501562499999985
alternate4,0.185,0.5,0.03121875000000001,0.03769375,-0.006474999999999988
alternate4,0.1875,0.5,0.03164062500000001,0.0380859375,-0.0064453124999999875
alternate4,0.19,0.5,0.032062500000000015,0.038475,-0.006412499999999988
alternate4,0.1925,0.5,0.03248437500000002,0.0388609375,-0.006376562499999981
alternate4,0.195,0.5,0.03290625000000001,0.03924375,-0.006337499999999989
alternate4,0.1975,0.5,0.033328125000000014,0.039623437500000004,-0.00629531249999999
alternate4,0.2,0.5,0.033750000000000016,0.04000000000000001,-0.006249999999999992
alternate4,0.2025,0.5,0.03417187500000002,0.040373437500000005,-0.006201562499999987
alternate4,0.205,0.5,0.03459375000000001,0.04074375,-0.006149999999999989
alternate4,0.2075,0.5,0.035015625000000015,0.0411109375,-0.006095312499999984
alternate4,0.21,0.5,0.03543750000000001,0.041475,-0.006037499999999987
alternate4,0.2125,0.5,0.03585937500000001,0.041835937499999996,-0.005976562499999984
alternate4,0.215,0.5,0.036281250000000015,0.04219375,-0.005912499999999987
alternate4,0.2175,0.5,0.03670312500000002,0.0425484375,-0.005845312499999984
alternate4,0.22,0.5,0.03712500000000001,0.0429,-0.0057749999999999885
alternate4,0.2225,0.5,0.037546875000000014,0.0432484375,-0.005701562499999986
alternate4,0.225,0.5,0.037968750000000016,0.04359375,-0.005624999999999984
alternate4,0.2275,0.5,0.03839062500000002,0.0439359375,-0.0055453124999999825
alternate4,0.23,0.5,0.038812500000000014,0.044275,-0.005462499999999988
alternate4,0.2325,0.5,0.039234375000000016,0.0446109375,-0.005376562499999987
alternate4,0.235,0.5,0.03965625000000001,0.04494375,-0.005287499999999987
alternate4,0.2375,0.5,0.04007812500000001,0.04527343749999999,-0.0051953124999999795
alternate4,0.24,0.5,0.040500000000000015,0.0456,-0.0050999999999999865
alternate4,0.2425,0.5,0.04092187500000002,0.045923437500000004,-0.005001562499999987
alternate4,0.245,0.5,0.04134375000000001,0.04624375,-0.004899999999999988
alternate4,0.2475,0.5,0.041765625000000015,0.046560937499999996,-0.004795312499999982
alternate4,0.25,0.5,0.04218750000000002,0.046875,-0.004687499999999983
alternate4,0.2525,0.5,0.04238541666666668,0.047185937500000004,-0.004800520833333322
alternate4,0.255,0.5,0.04258333333333335,0.04749375,-0.004910416666666653
alternate4,0.2575,0.5,0.04278125000000002,0.0477984375,-0.005017187499999978
alternate4,0.26,0.5,0.042979166666666686,0.048100000000000004,-0.0051208333333333175
alternate4,0.2625,0.5,0.04317708333333335,0.0483984375,-0.00522135416666665
alternate4,0.265,0.5,0.04337500000000002,0.04869375,-0.005318749999999983
alternate4,0.2675,0.5,0.04357291666666669,0.0489859375,-0.00541302083333331
alternate4,0.27,0.5,0.043770833333333356,0.049275,-0.005504166666666643
alternate4,0.2725,0.5,0.043968750000000015,0.049560937500000006,-0.005592187499999991
alternate4,0.275,0.5,0.04416666666666669,0.04984375,-0.005677083333333312
alternate4,0.2775,0.5,0.044364583333333346,0.0501234375,-0.0057588541666666535
alternate4,0.28,0.5,0.04456250000000002,0.0504,-0.005837499999999982
alternate4,0.2825,0.5,0.04476041666666668,0.050673437499999995,-0.005913020833333317
alternate4,0.285,0.5,0.04495833333333335,0.05094375,-0.005985416666666653
alternate4,0.2875,0.5,0.045156250000000016,0.0512109375,-0.006054687499999982
alternate4,0.29,0.5,0.04535416666666668,0.05147499999999999,-0.0061208333333333115
alternate4,0.2925,0.5,0.04555208333333335,0.051735937499999995,-0.006183854166666648
alternate4,0.295,0.5,0.04575000000000001,0.051993750000000005,-0.006243749999999992
alternate4,0.2975,0.5,0.045947916666666686,0.0522484375,-0.006300520833333316
alternate4,0.3,0.5,0.04614583333333335,0.0525,-0.006354166666666647
alternate4,0.3025,0.5,0.04634375000000002,0.0527484375,-0.006404687499999985
alternate4,0.305,0.5,0.04654166666666668,0.052993750000000006,-0.006452083333333324
alternate4,0.3075,0.5,0.046739583333333355,0.0532359375,-0.006496354166666642
alternate4,0.31,0.5,0.04693750000000002,0.053474999999999995,-0.006537499999999974
alternate4,0.3125,0.5,0.04713541666666669,0.0537109375,-0.0065755208333333134
alternate4,0.315,0.5,0.04733333333333335,0.053943750000000006,-0.006610416666666653
alternate4,0.3175,0.5,0.04753125000000002,0.0541734375,-0.00664218749999998
alternate4,0.32,0.5,0.047729166666666684,0.0544,-0.006670833333333313
alternate4,0.3225,0.5,0.047927083333333356,0.054623437500000004,-0.006696354166666647
alternate4,0.325,0.5,0.048125000000000015,0.054843750000000004,-0.006718749999999989
alternate4,0.3275,0.5,0.04832291666666669,0.055060937500000004,-0.006738020833333316
alternate4,0.33,0.5,0.04852083333333335,0.055275,-0.0067541666666666444
alternate4,0.3325,0.5,0.04871875000000002,0.0554859375,-0.00676718749999998
alternate4,0.335,0.5,0.04891666666666669,0.05569375000000001,-0.0067770833333333155
alternate4,0.3375,0.5,0.04911458333333335,0.0558984375,-0.006783854166666652
alternate4,0.34,0.5,0.04931250000000002,0.0561,-0.006787499999999974
alternate4,0.3425,0.5,0.04951041666666668,0.0562984375,-0.006788020833333318
alternate4,0.345,0.5,0.049708333333333354,0.056493749999999995,-0.006785416666666641
alternate4,0.3475,0.5,0.04990625000000001,0.056685937500000005,-0.006779687499999992
alternate4,0.35,0.5,0.050104166666666686,0.056874999999999995,-0.006770833333333309
alternate4,0.3525,0.5,0.05030208333333335,0.05706093749999999,-0.0067588541666666405
alternate4,0.355,0.5,0.05050000000000002,0.057243749999999996,-0.006743749999999979
alternate4,0.3575,0.5,0.05069791666666669,0.0574234375,-0.006725520833333311
alternate4,0.36,0.5,0.05089583333333335,0.0576,-0.00670416666666665
alternate4,0.3625,0.5,0.05109375000000002,0.0577734375,-0.006679687499999976
alternate4,0.365,0.5,0.05129166666666668,0.05794375,-0.006652083333333322
alternate4,0.3675,0.5,0.05148958333333335,0.05811093750000001,-0.006621354166666656
alternate4,0.37,0.5,0.05168750000000002,0.058275,-0.006587499999999982
alternate4,0.3725,0.5,0.051885416666666684,0.05843593749999999,-0.006550520833333309
alternate4,0.375,0.5,0.052083333333333356,0.05859375,-0.0065104166666666435
alternate4,0.3775,0.5,0.052281250000000015,0.05874843750000001,-0.006467187499999992
alternate4,0.38,0.5,0.05247916666666669,0.0589,-0.006420833333333313
alternate4,0.3825,0.5,0.05267708333333335,0.059048437499999995,-0.0063713541666666484
alternate4,0.385,0.5,0.05287500000000002,0.05919375,-0.006318749999999984
alternate4,0.3875,0.5,0.053072916666666685,0.059335937500000005,-0.00626302083333332
alternate4,0.39,0.5,0.05327083333333335,0.059475,-0.0062041666666666495
alternate4,0.3925,0.5,0.05346875000000002,0.059610937499999996,-0.006142187499999972
alternate4,0.395,0.5,0.05366666666666669,0.05974375,-0.006077083333333309
alternate4,0.3975,0.5,0.053864583333333355,0.05987343750000001,-0.006008854166666654
alternate4,0.4,0.5,0.05406250000000003,0.06,-0.005937499999999971
alternate4,0.4025,0.5,0.054260416666666686,0.060123437499999995,-0.005863020833333309
alternate4,0.405,0.5,0.05445833333333336,0.06024375,-0.00578541666666664
alternate4,0.4075,0.5,0.05465625000000002,0.060360937499999996,-0.005704687499999979
alternate4,0.41,0.5,0.05485416666666669,0.06047500000000001,-0.005620833333333318
alternate4,0.4125,0.5,0.055052083333333356,0.0605859375,-0.0055338541666666435
alternate4,0.415,0.5,0.05525000000000002,0.06069374999999999,-0.0054437499999999694
alternate4,0.4175,0.5,0.05544791666666669,0.0607984375,-0.00535052083333331
alternate4,0.42,0.5,0.05564583333333335,0.0609,-0.00525416666666665
alternate4,0.4225,0.5,0.055843750000000025,0.0609984375,-0.005154687499999977
alternate4,0.425,0.5,0.05604166666666669,0.061093749999999995,-0.005052083333333304
alternate4,0.4275,0.5,0.05623958333333335,0.0611859375,-0.004946354166666653
alternate4,0.43,0.5,0.056437500000000015,0.061275,-0.004837499999999988
alternate4,0.4325,0.5,0.05663541666666669,0.0613609375,-0.004725520833333309
alternate4,0.435,0.5,0.056833333333333354,0.06144374999999999,-0.004610416666666638
alternate4,0.4375,0.5,0.05703125000000002,0.0615234375,-0.004492187499999981
alternate4,0.44,0.5,0.057229166666666685,0.06160000000000001,-0.004370833333333324
alternate4,0.4425,0.5,0.05742708333333335,0.0616734375,-0.0042463541666666466
alternate4,0.445,0.5,0.05762500000000002,0.06174374999999999,-0.00411874999999997
alternate4,0.4475,0.5,0.05782291666666669,0.0618109375,-0.003988020833333314
alternate4,0.45,0.5,0.058020833333333355,0.061875000000000006,-0.0038541666666666516
alternate4,0.4525,0.5,0.05821875000000002,0.0619359375,-0.0037171874999999827
alternate4,0.455,0.5,0.05841666666666669,0.06199374999999999,-0.0035770833333333
alternate4,0.4575,0.5,0.05861458333333336,0.0620484375,-0.003433854166666639
alternate4,0.46,0.5,0.058812500000000024,0.06210000000000001,-0.003287499999999985
alternate4,0.4625,0.5,0.05901041666666669,0.0621484375,-0.0031380208333333104
alternate4,0.465,0.5,0.05920833333333336,0.06219374999999999,-0.0029854166666666293
alternate4,0.4675,0.5,0.05940625000000003,0.0622359375,-0.0028296874999999694
alternate4,0.47,0.5,0.05960416666666669,0.062275,-0.00267083333333331
alternate4,0.4725,0.5,0.05980208333333335,0.062310937500000003,-0.0025088541666666506
alternate4,0.475,0.5,0.060000000000000026,0.062343749999999996,-0.002343749999999971
alternate4,0.4775,0.5,0.060197916666666684,0.0623734375,-0.0021755208333333123
alternate4,0.48,0.5,0.06039583333333335,0.0624,-0.002004166666666647
alternate4,0.4825,0.5,0.060593750000000016,0.062423437500000005,-0.0018296874999999893
alternate4,0.485,0.5,0.06079166666666669,0.06244375,-0.001652083333333311
alternate4,0.4875,0.5,0.060989583333333354,0.062460937499999994,-0.00147135416666664
alternate4,0.49,0.5,0.06118750000000002,0.062475,-0.001287499999999983
alternate4,0.4925,0.5,0.061385416666666685,0.062485937500000005,-0.0011005208333333197
alternate4,0.495,0.5,0.06158333333333336,0.06249375,-0.0009104166666666427
alternate4,0.4975,0.5,0.061781250000000024,0.06249843749999999,-0.0007171874999999661
alternate4,0.5,0.5,0.06197916666666669,0.0625,-0.0005208333333333107
alternate4,0.5025,0.5,0.061781250000000024,0.0624984375,-0.0007171874999999731
alternate4,0.505,0.5,0.06158333333333336,0.06249375,-0.0009104166666666427
alternate4,0.5075,0.5,0.06138541666666669,0.0624859375,-0.0011005208333333058
alternate4,0.51,0.5,0.06118750000000002,0.062475,-0.001287499999999983
alternate4,0.5125,0.5,0.06098958333333336,0.0624609375,-0.00147135416666664
alternate4,0.515,0.5,0.06079166666666669,0.06244375,-0.001652083333333311
alternate4,0.5175,0.5,0.06059375000000002,0.0624234375,-0.0018296874999999754
alternate4,0.52,0.5,0.06039583333333335,0.0624,-0.002004166666666647
alternate4,0.5225,0.5,0.060197916666666684,0.062373437500000004,-0.0021755208333333192
alternate4,0.525,0.5,0.060000000000000026,0.062343749999999996,-0.002343749999999971
alternate4,0.5275,0.5,0.05980208333333336,0.062310937500000003,-0.0025088541666666436
alternate4,0.53,0.5,0.05960416666666669,0.062275,-0.00267083333333331
alternate4,0.5325,0.5,0.05940625000000003,0.0622359375,-0.0028296874999999694
alternate4,0.535,0.5,0.059208333333333356,0.06219375,-0.002985416666666643
alternate4,0.5375,0.5,0.05901041666666669,0.0621484375,-0.0031380208333333104
alternate4,0.54,0.5,0.05881250000000002,0.0621,-0.003287499999999985
alternate4,0.5425,0.5,0.05861458333333336,0.0620484375,-0.003433854166666639
alternate4,0.545,0.5,0.058416666666666686,0.06199375,-0.003577083333333314
alternate4,0.5475,0.5,0.05821875000000002,0.0619359375,-0.0037171874999999827
alternate4,0.55,0.5,0.05802083333333335,0.061875,-0.0038541666666666516
alternate4,0.5525,0.5,0.05782291666666669,0.0618109375,-0.003988020833333314
alternate4,0.555,0.5,0.057625000000000016,0.06174375,-0.0041187499999999835
alternate4,0.5575,0.5,0.05742708333333335,0.0616734375,-0.0042463541666666466
alternate4,0.56,0.5,0.05722916666666668,0.061599999999999995,-0.004370833333333317
alternate4,0.5625,0.5,0.05703125000000002,0.0615234375,-0.004492187499999981
alternate4,0.565,0.5,0.056833333333333354,0.06144375,-0.004610416666666645
alternate4,0.5675,0.5,0.05663541666666668,0.0613609375,-0.004725520833333316
alternate4,0.57,0.5,0.05643750000000002,0.061275,-0.004837499999999981
alternate4,0.5725,0.5,0.05623958333333335,0.0611859375,-0.004946354166666653
alternate4,0.575,0.5,0.056041666666666684,0.06109375,-0.005052083333333318
alternate4,0.5775,0.5,0.05584375000000002,0.0609984375,-0.005154687499999984
alternate4,0.58,0.5,0.05564583333333336,0.0609,-0.005254166666666643
alternate4,0.5825,0.5,0.05544791666666669,0.0607984375,-0.00535052083333331
alternate4,0.585,0.5,0.05525000000000002,0.060693750000000005,-0.005443749999999983
alternate4,0.5875,0.5,0.05505208333333335,0.0605859375,-0.0055338541666666505
alternate4,0.59,0.5,0.05485416666666669,0.060475,-0.005620833333333311
alternate4,0.5925,0.5,0.05465625000000002,0.060360937499999996,-0.005704687499999979
alternate4,0.595,0.5,0.05445833333333336,0.06024375,-0.00578541666666664
alternate4,0.5975,0.5,0.054260416666666686,0.0601234375,-0.005863020833333316
alternate4,0.6,0.5,0.05406250000000002,0.06,-0.0059374999999999775
alternate4,0.6025,0.5,0.05386458333333335,0.0598734375,-0.006008854166666654
alternate4,0.605,0.5,0.05366666666666668,0.05974375,-0.006077083333333316
alternate4,0.6075,0.5,0.05346875000000001,0.059610937499999996,-0.006142187499999986
alternate4,0.61,0.5,0.05327083333333335,0.059475,-0.0062041666666666495
alternate4,0.6125,0.5,0.05307291666666668,0.0593359375,-0.00626302083333332
alternate4,0.615,0.5,0.05287500000000002,0.05919375,-0.006318749999999984
alternate4,0.6175,0.5,0.05267708333333335,0.059048437499999995,-0.0063713541666666484
alternate4,0.62,0.5,0.05247916666666668,0.0589,-0.00642083333333332
alternate4,0.6225,0.5,0.05228125000000001,0.05874843749999999,-0.006467187499999985
alternate4,0.625,0.5,0.05208333333333335,0.05859375,-0.0065104166666666505
alternate4,0.6275,0.5,0.051885416666666684,0.0584359375,-0.006550520833333316
alternate4,0.63,0.5,0.05168750000000001,0.058275,-0.006587499999999989
alternate4,0.6325,0.5,0.05148958333333335,0.0581109375,-0.006621354166666649
alternate4,0.635,0.5,0.05129166666666668,0.05794375,-0.006652083333333322
alternate4,0.6375,0.5,0.05109375000000002,0.057773437500000004,-0.0066796874999999825
alternate4,0.64,0.5,0.05089583333333335,0.0576,-0.00670416666666665
alternate4,0.6425,0.5,0.05069791666666669,0.0574234375,-0.006725520833333311
alternate4,0.645,0.5,0.05050000000000002,0.057243749999999996,-0.006743749999999979
alternate4,0.6475,0.5,0.05030208333333335,0.057060937500000006,-0.006758854166666654
alternate4,0.65,0.5,0.05010416666666668,0.056874999999999995,-0.006770833333333316
alternate4,0.6525,0.5,0.04990625000000001,0.056685937500000005,-0.006779687499999992
alternate4,0.655,0.5,0.04970833333333334,0.056493749999999995,-0.006785416666666655
alternate4,0.6575,0.5,0.04951041666666668,0.0562984375,-0.006788020833333318
alternate4,0.66,0.5,0.04931250000000001,0.0561,-0.006787499999999988
alternate4,0.6625,0.5,0.04911458333333335,0.0558984375,-0.006783854166666652
alternate4,0.665,0.5,0.04891666666666668,0.05569375,-0.0067770833333333225
alternate4,0.6675,0.5,0.04871875000000002,0.0554859375,-0.00676718749999998
alternate4,0.67,0.5,0.048520833333333346,0.055275,-0.006754166666666651
alternate4,0.6725,0.5,0.04832291666666668,0.055060937500000004,-0.006738020833333323
alternate4,0.675,0.5,0.048125000000000015,0.05484375,-0.006718749999999982
alternate4,0.6775,0.5,0.04792708333333334,0.054623437500000004,-0.006696354166666661
alternate4,0.68,0.5,0.04772916666666668,0.0544,-0.00667083333333332
alternate4,0.6825,0.5,0.04753125000000001,0.0541734375,-0.006642187499999987
alternate4,0.685,0.5,0.04733333333333334,0.05394374999999999,-0.006610416666666653
alternate4,0.6875,0.5,0.04713541666666668,0.0537109375,-0.00657552083333332
alternate4,0.69,0.5,0.04693750000000002,0.053475,-0.006537499999999981
alternate4,0.6925,0.5,0.04673958333333335,0.0532359375,-0.0064963541666666486
alternate4,0.695,0.5,0.04654166666666668,0.052993750000000006,-0.006452083333333324
alternate4,0.6975,0.5,0.04634375000000001,0.0527484375,-0.006404687499999992
alternate4,0.7,0.5,0.04614583333333335,0.052500000000000005,-0.006354166666666654
alternate4,0.7025,0.5,0.04594791666666668,0.0522484375,-0.006300520833333323
alternate4,0.705,0.5,0.04575000000000001,0.051993750000000005,-0.006243749999999992
alternate4,0.7075,0.5,0.04555208333333334,0.051735937499999995,-0.006183854166666655
alternate4,0.71,0.5,0.04535416666666668,0.05147500000000001,-0.006120833333333325
alternate4,0.7125,0.5,0.04515625000000001,0.0512109375,-0.006054687499999989
alternate4,0.715,0.5,0.04495833333333334,0.05094375,-0.00598541666666666
alternate4,0.7175,0.5,0.04476041666666667,0.050673437499999995,-0.005913020833333324
alternate4,0.72,0.5,0.04456250000000001,0.0504,-0.0058374999999999885
alternate4,0.7225,0.5,0.044364583333333346,0.0501234375,-0.0057588541666666535
alternate4,0.725,0.5,0.044166666666666674,0.04984375,-0.005677083333333326
alternate4,0.7275,0.5,0.04396875,0.0495609375,-0.005592187499999998
alternate4,0.73,0.5,0.04377083333333335,0.049275,-0.00550416666666665
alternate4,0.7325,0.5,0.043572916666666676,0.04898593749999999,-0.005413020833333317
alternate4,0.735,0.5,0.04337500000000001,0.04869375,-0.00531874999999999
alternate4,0.7375,0.5,0.043177083333333345,0.048398437499999995,-0.00522135416666665
alternate4,0.74,0.5,0.04297916666666668,0.048100000000000004,-0.0051208333333333245
alternate4,0.7425,0.5,0.04278125000000001,0.04779843749999999,-0.005017187499999985
alternate4,0.745,0.5,0.04258333333333334,0.04749375,-0.00491041666666666
alternate4,0.7475,0.5,0.042385416666666675,0.04718593749999999,-0.004800520833333315
alternate4,0.75,0.5,0.04218750000000001,0.046875,-0.00468749999999999
alternate4,0.7525,0.5,0.04176562500000002,0.0465609375,-0.004795312499999982
alternate4,0.755,0.5,0.041343750000000005,0.04624375,-0.004899999999999995
alternate4,0.7575,0.5,0.04092187500000002,0.045923437500000004,-0.005001562499999987
alternate4,0.76,0.5,0.04050000000000001,0.0456,-0.005099999999999993
alternate4,0.7625,0.5,0.04007812500000002,0.045273437500000006,-0.005195312499999986
alternate4,0.765,0.5,0.039656250000000004,0.04494375,-0.005287499999999994
alternate4,0.7675,0.5,0.039234375000000016,0.0446109375,-0.005376562499999987
alternate4,0.77,0.5,0.03881250000000001,0.044274999999999995,-0.005462499999999988
alternate4,0.7725,0.5,0.03839062500000001,0.04393593750000001,-0.005545312499999996
alternate4,0.775,0.5,0.03796875,0.043593749999999994,-0.005624999999999991
alternate4,0.7775,0.5,0.037546875000000014,0.04324843750000001,-0.005701562499999993
alternate4,0.78,0.5,0.037125000000000005,0.042899999999999994,-0.0057749999999999885
alternate4,0.7825,0.5,0.03670312500000001,0.0425484375,-0.005845312499999991
alternate4,0.785,0.5,0.03628125,0.042193749999999995,-0.005912499999999994
alternate4,0.7875,0.5,0.03585937500000001,0.0418359375,-0.0059765624999999906
alternate4,0.79,0.5,0.035437500000000004,0.041475,-0.006037499999999994
alternate4,0.7925,0.5,0.03501562500000001,0.0411109375,-0.006095312499999991
alternate4,0.795,0.5,0.03459375,0.040743749999999995,-0.006149999999999996
alternate4,0.7975,0.5,0.03417187500000001,0.040373437500000005,-0.0062015624999999935
alternate4,0.8,0.5,0.03375,0.039999999999999994,-0.006249999999999992
alternate4,0.8025,0.5,0.03332812500000001,0.039623437500000004,-0.006295312499999997
alternate4,0.805,0.5,0.03290625,0.039243749999999994,-0.006337499999999996
alternate4,0.8075,0.5,0.03248437500000001,0.0388609375,-0.006376562499999988
alternate4,0.81,0.5,0.0320625,0.03847499999999999,-0.006412499999999988
alternate4,0.8125,0.5,0.031640625000000006,0.0380859375,-0.0064453124999999944
alternate4,0.815,0.5,0.031218750000000017,0.037693750000000005,-0.006474999999999988
alternate4,0.8175,0.5,0.030796875000000005,0.037298437499999997,-0.006501562499999992
alternate4,0.82,0.5,0.030375000000000017,0.03690000000000001,-0.006524999999999993
alternate4,0.8225,0.5,0.029953125000000004,0.0364984375,-0.006545312499999997
alternate4,0.825,0.5,0.029531250000000016,0.03609375000000001,-0.006562499999999992
alternate4,0.8275,0.5,0.029109375000000003,0.0356859375,-0.006576562499999997
alternate4,0.83,0.5,0.028687500000000015,0.03527500000000001,-0.006587499999999993
alternate4,0.8325,0.5,0.028265625000000003,0.034860937499999994,-0.006595312499999992
alternate4,0.835,0.5,0.02784375000000001,0.03444375000000001,-0.006599999999999998
alternate4,0.8375,0.5,0.027421875000000002,0.034023437499999996,-0.006601562499999995
alternate4,0.84,0.5,0.02700000000000001,0.033600000000000005,-0.006599999999999995
alternate4,0.8425,0.5,0.026578125,0.03317343749999999,-0.006595312499999992
alternate4,0.845,0.5,0.02615625000000001,0.03274375,-0.006587499999999993
alternate4,0.8475,0.5,0.025734375,0.0323109375,-0.006576562499999997
alternate4,0.85,0.5,0.02531250000000001,0.031875,-0.006562499999999992
alternate4,0.8525,0.5,0.024890625,0.0314359375,-0.006545312499999997
alternate4,0.855,0.5,0.024468750000000008,0.030993750000000004,-0.006524999999999996
alternate4,0.8575,0.5,0.024046875,0.030548437499999994,-0.006501562499999995
alternate4,0.86,0.5,0.023625000000000007,0.030100000000000002,-0.006474999999999995
alternate4,0.8625,0.5,0.023203124999999998,0.029648437499999993,-0.0064453124999999944
alternate4,0.865,0.5,0.022781250000000006,0.02919375,-0.006412499999999995
alternate4,0.8675,0.5,0.022359374999999997,0.028735937499999992,-0.006376562499999995
alternate4,0.87,0.5,0.021937500000000006,0.028275,-0.006337499999999996
alternate4,0.8725,0.5,0.021515624999999997,0.02781093749999999,-0.006295312499999994
alternate4,0.875,0.5,0.021093750000000005,0.02734375,-0.006249999999999995
alternate4,0.8775,0.5,0.020671875000000013,0.02687343750000001,-0.006201562499999997
alternate4,0.88,0.5,0.020250000000000004,0.0264,-0.006149999999999996
alternate4,0.8825,0.5,0.019828125000000012,0.02592343750000001,-0.006095312499999998
alternate4,0.885,0.5,0.019406250000000003,0.025443749999999998,-0.006037499999999994
alternate4,0.8875,0.5,0.01898437500000001,0.02496093750000001,-0.0059765624999999975
alternate4,0.89,0.5,0.018562500000000003,0.024474999999999997,-0.005912499999999994
alternate4,0.8925,0.5,0.01814062500000001,0.02398593750000001,-0.005845312499999998
alternate4,0.895,0.5,0.017718750000000002,0.023493749999999997,-0.005774999999999995
alternate4,0.8975,0.5,0.01729687500000001,0.022998437500000007,-0.0057015624999999966
alternate4,0.9,0.5,0.016875,0.022499999999999996,-0.005624999999999995
alternate4,0.9025,0.5,0.01645312500000001,0.021998437500000006,-0.005545312499999996
alternate4,0.905,0.5,0.01603125,0.021493749999999995,-0.005462499999999995
alternate4,0.9075,0.5,0.015609375000000009,0.020985937500000006,-0.005376562499999998
alternate4,0.91,0.5,0.015187499999999998,0.020474999999999993,-0.005287499999999995
alternate4,0.9125,0.5,0.014765625000000008,0.019960937500000005,-0.005195312499999997
alternate4,0.915,0.5,0.014343749999999997,0.019443749999999992,-0.005099999999999995
alternate4,0.9175,0.5,0.013921875000000005,0.018923437500000004,-0.005001562499999999
alternate4,0.92,0.5,0.013499999999999996,0.018399999999999993,-0.004899999999999996
alternate4,0.9225,0.5,0.013078125000000005,0.017873437500000002,-0.0047953124999999975
alternate4,0.925,0.5,0.012656249999999996,0.01734374999999999,-0.0046874999999999955
alternate4,0.9275,0.5,0.012234375000000004,0.0168109375,-0.004576562499999997
alternate4,0.93,0.5,0.011812499999999995,0.01627499999999999,-0.004462499999999996
alternate4,0.9325,0.5,0.011390625000000003,0.0157359375,-0.0043453124999999985
alternate4,0.935,0.5,0.010968749999999994,0.015193749999999989,-0.004224999999999994
alternate4,0.9375,0.5,0.010546875000000002,0.0146484375,-0.004101562499999998
alternate4,0.94,0.5,0.01012500000000001,0.014100000000000012,-0.003975000000000001
alternate4,0.9425,0.5,0.009703125000000002,0.0135484375,-0.003845312499999998
alternate4,0.945,0.5,0.00928125000000001,0.01299375000000001,-0.0037125000000000005
alternate4,0.9475,0.5,0.008859375000000001,0.012435937499999997,-0.0035765624999999964
alternate4,0.95,0.5,0.00843750000000001,0.01187500000000001,-0.0034375000000000013
alternate4,0.9525,0.5,0.008015625,0.011310937499999996,-0.003295312499999996
alternate4,0.955,0.5,0.0075937500000000085,0.010743750000000009,-0.00315
alternate4,0.9575,0.5,0.0071718749999999986,0.010173437499999997,-0.003001562499999998
alternate4,0.96,0.5,0.006750000000000008,0.009600000000000008,-0.00285
alternate4,0.9625,0.5,0.006328124999999998,0.009023437499999995,-0.002695312499999997
alternate4,0.965,0.5,0.005906250000000007,0.008443750000000007,-0.0025375
alternate4,0.9675,0.5,0.005484374999999997,0.007860937499999993,-0.002376562499999996
alternate4,0.97,0.5,0.005062500000000005,0.007275000000000006,-0.002212500000000001
alternate4,0.9725,0.5,0.0046406249999999954,0.006685937499999992,-0.002045312499999997
alternate4,0.975,0.5,0.004218750000000005,0.006093750000000005,-0.0018750000000000008
alternate4,0.9775,0.5,0.0037968749999999947,0.005498437499999991,-0.0017015624999999965
alternate4,0.98,0.5,0.003375000000000004,0.004900000000000004,-0.0015250000000000003
alternate4,0.9825,0.5,0.002953124999999994,0.004298437499999991,-0.0013453124999999967
alternate4,0.985,0.5,0.0025312500000000027,0.003693750000000003,-0.0011625000000000003
alternate4,0.9875,0.5,0.002109374999999993,0.0030859374999999893,-0.0009765624999999961
alternate4,0.99,0.5,0.001687500000000002,0.0024750000000000024,-0.0007875000000000004
alternate4,0.9925,0.5,0.001265624999999992,0.001860937499999988,-0.000595312499999996
alternate4,0.995,0.5,0.000843750000000001,0.0012437500000000011,-0.0004000000000000002
alternate4,0.9975,0.5,0.0004218749999999911,0.0006234374999999867,-0.00020156249999999564
alternate4,1.0,0.5,0.0,0.0,0.0
