case,n,t,i,x,numerical,exact,error
r04,0,0.0,0,0.0,0.0,0.0,0.0
r04,0,0.0,1,0.05,0.15643462147469592,0.15643462147469592,0.0
r04,0,0.0,2,0.1,0.309016685357953,0.309016685357953,0.0
r04,0,0.0,3,0.15000000000000002,0.45399095373004655,0.45399095373004655,0.0
r04,0,0.0,4,0.2,0.5877846645072209,0.5877846645072209,0.0
r04,0,0.0,5,0.25,0.7071074882933287,0.7071074882933287,0.0
r04,0,0.0,6,0.30000000000000004,0.809016185357953,0.809016185357953,0.0
r04,0,0.0,7,0.35000000000000003,0.891007415194892,0.891007415194892,0.0
r04,0,0.0,8,0.4,0.9510555652386372,0.9510555652386372,0.0
r04,0,0.0,9,0.45,0.9876893282834783,0.9876893282834783,0.0
r04,0,0.0,10,0.5,0.999999,0.999999,0.0
r04,0,0.0,11,0.55,0.9876893282834782,0.9876893282834782,0.0
r04,0,0.0,12,0.6000000000000001,0.9510555652386372,0.9510555652386372,0.0
r04,0,0.0,13,0.65,0.8910074151948921,0.8910074151948921,0.0
r04,0,0.0,14,0.7000000000000001,0.809016185357953,0.809016185357953,0.0
r04,0,0.0,15,0.75,0.7071074882933288,0.7071074882933288,0.0
r04,0,0.0,16,0.8,0.587784664507221,0.587784664507221,0.0
r04,0,0.0,17,0.8500000000000001,0.4539909537300462,0.4539909537300462,0.0
r04,0,0.0,18,0.9,0.3090166853579531,0.3090166853579531,0.0
r04,0,0.0,19,0.9500000000000001,0.15643462147469603,0.15643462147469603,0.0
r04,0,0.0,20,1.0,0.0,0.0,0.0
r04,1,0.001,0,0.0,0.0,0.0,0.0
r04,1,0.001,1,0.05,0.1548935984381204,0.15489811725691088,-4.5188187904887656e-06
r04,1,0.001,2,0.1,0.30597356715348756,0.30598211126479197,-8.544111304409352e-06
r04,1,0.001,3,0.15000000000000002,0.44951873069207887,0.44953184481498265,-1.3114122903779002e-05
r04,1,0.001,4,0.2,0.5819963097107943,0.5820125615762584,-1.6251865464056436e-05
r04,1,0.001,5,0.25,0.7001418376047354,0.700162263330031,-2.0425725295591945e-05
r04,1,0.001,6,0.30000000000000004,0.8010491984668789,0.8010715672406775,-2.2368773798575603e-05
r04,1,0.001,7,0.35000000000000003,0.8822301832776145,0.8822559211929959,-2.573791538140746e-05
r04,1,0.001,8,0.4,0.9416898104390755,0.941716106509777,-2.6296070701481433e-05
r04,1,0.001,9,0.45,0.9779596917521506,0.9779882224511336,-2.8530698983009195e-05
r04,1,0.001,10,0.5,0.9901512626267827,0.990178911951771,-2.7649324988332502e-05
r04,1,0.001,11,0.55,0.9779596917521505,0.9779882224511335,-2.8530698983009195e-05
r04,1,0.001,12,0.6000000000000001,0.9416898104390756,0.941716106509777,-2.629607070137041e-05
r04,1,0.001,13,0.65,0.8822301832776145,0.882255921192996,-2.5737915381518484e-05
r04,1,0.001,14,0.7000000000000001,0.8010491984668789,0.8010715672406775,-2.2368773798575603e-05
r04,1,0.001,15,0.75,0.7001418376047354,0.7001622633300311,-2.0425725295702968e-05
r04,1,0.001,16,0.8,0.5819963097107942,0.5820125615762585,-1.625186546427848e-05
r04,1,0.001,17,0.8500000000000001,0.44951873069207887,0.4495318448149823,-1.3114122903445935e-05
r04,1,0.001,18,0.9,0.3059735671534875,0.3059821112647921,-8.544111304575885e-06
r04,1,0.001,19,0.9500000000000001,0.15489359843812045,0.154898117256911,-4.518818790544277e-06
r04,1,0.001,20,1.0,0.0,0.0,0.0
r04,2,0.002,0,0.0,0.0,0.0,0.0
r04,2,0.002,1,0.05,0.1533681465490191,0.15337684933460646,-8.702785587372253e-06
r04,2,0.002,2,0.1,0.30295964508277723,0.3029770511130882,-1.740603031097354e-05
r04,2,0.002,3,0.15000000000000002,0.44509169688412853,0.4451169533516014,-2.525646747286725e-05
r04,2,0.002,4,0.2,0.5762634892608846,0.5762965974979847,-3.310823710012123e-05
r04,2,0.002,5,0.25,0.6932465707920163,0.6932859086623664,-3.9337870350042436e-05
r04,2,0.002,6,0.30000000000000004,0.7931586480463158,0.7932042176252793,-4.5569578963511326e-05
r04,2,0.002,7,0.35000000000000003,0.8735416402179047,0.8735912088262989,-4.956860839422372e-05
r04,2,0.002,8,0.4,0.9324139120997211,0.9324674823526569,-5.35702529357307e-05
r04,2,0.002,9,0.45,0.9683283675767733,0.9683833148024575,-5.4947225684220946e-05
r04,2,0.002,10,0.5,0.980398005927077,0.9804543330243819,-5.6327097304853524e-05
r04,2,0.002,11,0.55,0.9683283675767734,0.9683833148024574,-5.49472256839989e-05
r04,2,0.002,12,0.6000000000000001,0.9324139120997211,0.9324674823526569,-5.35702529357307e-05
r04,2,0.002,13,0.65,0.8735416402179047,0.873591208826299,-4.9568608394334746e-05
r04,2,0.002,14,0.7000000000000001,0.7931586480463158,0.7932042176252793,-4.5569578963511326e-05
r04,2,0.002,15,0.75,0.6932465707920163,0.6932859086623664,-3.9337870350042436e-05
r04,2,0.002,16,0.8,0.5762634892608846,0.5762965974979848,-3.310823710023225e-05
r04,2,0.002,17,0.8500000000000001,0.4450916968841285,0.4451169533516011,-2.5256467472645205e-05
r04,2,0.002,18,0.9,0.30295964508277723,0.3029770511130883,-1.7406030311084564e-05
r04,2,0.002,19,0.9500000000000001,0.1533681465490191,0.15337684933460657,-8.702785587483275e-06
r04,2,0.002,20,1.0,0.0,0.0,0.0
r04,3,0.003,0,0.0,0.0,0.0,0.0
r04,3,0.003,1,0.05,0.1518574873429147,0.15187052602086082,-1.3038677946108912e-05
r04,3,0.003,2,0.1,0.2999758663898145,0.30000149564761863,-2.5629257804138383e-05
r04,3,0.003,3,0.15000000000000002,0.4407075931142904,0.44074543283148554,-3.783971719512058e-05
r04,3,0.003,4,0.2,0.5705880049226348,0.5706367546679199,-4.874974528501497e-05
r04,3,0.003,5,0.25,0.6864181690812834,0.6864771058225636,-5.893674128021331e-05
r04,3,0.003,6,0.30000000000000004,0.7853470140132316,0.7854141122812693,-6.709826803774632e-05
r04,3,0.003,7,0.35000000000000003,0.8649373521019957,0.8650116167284881,-7.426462649240406e-05
r04,3,0.003,8,0.4,0.9232307855378155,0.9233096642826294,-7.88787448139372e-05
r04,3,0.003,9,0.45,0.9587904407260739,0.9588727636987056,-8.232297263166544e-05
r04,3,0.003,10,0.5,0.9707422952468341,0.9708252332673013,-8.293802046721588e-05
r04,3,0.003,11,0.55,0.958790440726074,0.9588727636987054,-8.232297263144339e-05
r04,3,0.003,12,0.6000000000000001,0.9232307855378155,0.9233096642826294,-7.88787448139372e-05
r04,3,0.003,13,0.65,0.8649373521019957,0.8650116167284883,-7.426462649251508e-05
r04,3,0.003,14,0.7000000000000001,0.7853470140132316,0.7854141122812693,-6.709826803774632e-05
r04,3,0.003,15,0.75,0.6864181690812834,0.6864771058225637,-5.8936741280324334e-05
r04,3,0.003,16,0.8,0.5705880049226348,0.57063675466792,-4.874974528512599e-05
r04,3,0.003,17,0.8500000000000001,0.4407075931142904,0.4407454328314852,-3.7839717194787514e-05
r04,3,0.003,18,0.9,0.2999758663898145,0.30000149564761874,-2.5629257804249406e-05
r04,3,0.003,19,0.9500000000000001,0.1518574873429147,0.15187052602086093,-1.3038677946219934e-05
r04,3,0.003,20,1.0,0.0,0.0,0.0
r04,4,0.004,0,0.0,0.0,0.0,0.0
r04,4,0.004,1,0.05,0.15036184402450875,0.15037899651584385,-1.7152491335103992e-05
r04,4,0.004,2,0.1,0.29702120546084493,0.297055163057792,-3.395759694707623e-05
r04,4,0.004,3,0.15000000000000002,0.4363670671478378,0.4364168456164828,-4.977846864501201e-05
r04,4,0.004,4,0.2,0.5649679058627565,0.565032497050465,-6.459118770851813e-05
r04,4,0.004,5,0.25,0.6796576413906033,0.6797351731732202,-7.753178261693527e-05
r04,4,0.004,6,0.30000000000000004,0.777611611275958,0.7777005134189418,-8.890214298373778e-05
r04,4,0.004,7,0.35000000000000003,0.856418590240818,0.8565162859863285,-9.769574551043991e-05
r04,4,0.004,8,0.4,0.914137274238791,0.914241784975877,-0.00010451073708606096
r04,4,0.004,9,0.45,0.9493473204590746,0.9494556170272221,-0.00010829656814759225
r04,4,0.004,10,0.5,0.961180811630226,0.9612907007222994,-0.00010988909207343411
r04,4,0.004,11,0.55,0.9493473204590747,0.949455617027222,-0.00010829656814737021
r04,4,0.004,12,0.6000000000000001,0.914137274238791,0.914241784975877,-0.00010451073708606096
r04,4,0.004,13,0.65,0.856418590240818,0.8565162859863286,-9.769574551055094e-05
r04,4,0.004,14,0.7000000000000001,0.777611611275958,0.7777005134189418,-8.890214298373778e-05
r04,4,0.004,15,0.75,0.6796576413906033,0.6797351731732203,-7.75317826170463e-05
r04,4,0.004,16,0.8,0.5649679058627565,0.5650324970504651,-6.459118770862915e-05
r04,4,0.004,17,0.8500000000000001,0.4363670671478378,0.4364168456164825,-4.977846864467894e-05
r04,4,0.004,18,0.9,0.29702120546084493,0.2970551630577921,-3.395759694718725e-05
r04,4,0.004,19,0.9500000000000001,0.15036184402450875,0.15037899651584397,-1.7152491335215014e-05
r04,4,0.004,20,1.0,0.0,0.0,0.0
r04,5,0.005,0,0.0,0.0,0.0,0.0
r04,5,0.005,1,0.05,0.14888085098923973,0.14890211541446197,-2.126442522223937e-05
r04,5,0.005,2,0.1,0.2940958055611076,0.2941377665696199,-4.196100851228124e-05
r04,5,0.005,3,0.15000000000000002,0.43206905795900813,0.43213076972457615,-6.171176556801772e-05
r04,5,0.005,4,0.2,0.5594034645879277,0.5594832791690796,-7.981458115191575e-05
r04,5,0.005,5,0.25,0.6729633351336064,0.6730594534619352,-9.611832832878697e-05
r04,5,0.005,6,0.30000000000000004,0.7699528149077601,0.7700626702542475,-0.00010985534648733086
r04,5,0.005,7,0.35000000000000003,0.8479832722540632,0.8481043884134801,-0.00012111615941690079
r04,5,0.005,8,0.4,0.9051338191277152,0.9052629618328167,-0.00012914270510155923
r04,5,0.005,9,0.45,0.9399966984394217,0.9401309567363774,-0.00013425829695568048
r04,5,0.005,10,0.5,0.9517140186933049,0.9518498073692552,-0.0001357886759503213
r04,5,0.005,11,0.55,0.9399966984394217,0.9401309567363773,-0.00013425829695556946
r04,5,0.005,12,0.6000000000000001,0.9051338191277153,0.9052629618328167,-0.0001291427051014482
r04,5,0.005,13,0.65,0.8479832722540632,0.8481043884134802,-0.00012111615941701181
r04,5,0.005,14,0.7000000000000001,0.7699528149077601,0.7700626702542475,-0.00010985534648733086
r04,5,0.005,15,0.75,0.6729633351336064,0.6730594534619353,-9.6118328328898e-05
r04,5,0.005,16,0.8,0.5594034645879277,0.5594832791690797,-7.981458115202678e-05
r04,5,0.005,17,0.8500000000000001,0.43206905795900813,0.43213076972457587,-6.171176556774016e-05
r04,5,0.005,18,0.9,0.2940958055611076,0.29413776656962,-4.196100851239226e-05
r04,5,0.005,19,0.9500000000000001,0.14888085098923973,0.14890211541446208,-2.126442522235039e-05
r04,5,0.005,20,1.0,0.0,0.0,0.0
r04,6,0.006,0,0.0,0.0,0.0,0.0
r04,6,0.006,1,0.05,0.147414492422291,0.14743973885063005,-2.5246428339065208e-05
r04,6,0.006,2,0.1,0.29119912469152065,0.29124902200631814,-4.9897314797486825e-05
r04,6,0.006,3,0.15000000000000002,0.42781351965141573,0.4278867876401249,-7.326798870915807e-05
r04,6,0.006,4,0.2,0.5538936501546313,0.553988560487399,-9.491033276765037e-05
r04,6,0.006,5,0.25,0.6663351788249964,0.6664492963928526,-0.00011411756785617566
r04,6,0.006,6,0.30000000000000004,0.7623692059366198,0.762499838802707,-0.00013063286608716584
r04,6,0.006,7,0.35000000000000003,0.8396313080650027,0.8397751045893604,-0.00014379652435769774
r04,6,0.006,8,0.4,0.896218752102937,0.8963723202472386,-0.00015356814430156351
r04,6,0.006,9,0.45,0.9307384748162923,0.9308978744914583,-0.0001593996751659832
r04,6,0.006,10,0.5,0.9423401624901984,0.9425016335927777,-0.00016147110257935804
r04,6,0.006,11,0.55,0.9307384748162923,0.9308978744914582,-0.00015939967516587217
r04,6,0.006,12,0.6000000000000001,0.896218752102937,0.8963723202472386,-0.00015356814430156351
r04,6,0.006,13,0.65,0.8396313080650029,0.8397751045893606,-0.00014379652435769774
r04,6,0.006,14,0.7000000000000001,0.7623692059366198,0.762499838802707,-0.00013063286608716584
r04,6,0.006,15,0.75,0.6663351788249964,0.6664492963928527,-0.00011411756785628668
r04,6,0.006,16,0.8,0.5538936501546313,0.553988560487399,-9.491033276765037e-05
r04,6,0.006,17,0.8500000000000001,0.42781351965141573,0.42788678764012456,-7.3267988708825e-05
r04,6,0.006,18,0.9,0.29119912469152065,0.29124902200631825,-4.989731479759785e-05
r04,6,0.006,19,0.9500000000000001,0.147414492422291,0.14743973885063014,-2.5246428339148475e-05
r04,6,0.006,20,1.0,0.0,0.0,0.0
r04,7,0.007,0,0.0,0.0,0.0,0.0
r04,7,0.007,1,0.05,0.14596254836106645,0.14599172437432714,-2.917601326068997e-05
r04,7,0.007,2,0.1,0.2883310297677868,0.28838864797580377,-5.761820801697404e-05
r04,7,0.007,3,0.15000000000000002,0.42359981386874396,0.4236844859570668,-8.467208832285689e-05
r04,7,0.007,4,0.2,0.5484382094214911,0.5485478057658747,-0.0001095963443835668
r04,7,0.007,5,0.25,0.6597721782014997,0.6599040580709346,-0.00013187986943485885
r04,7,0.007,6,0.30000000000000004,0.7548604359433236,0.7550112823702829,-0.00015084642695928352
r04,7,0.007,7,0.35000000000000003,0.8313614448288232,0.8315276231588887,-0.00016617833006549176
r04,7,0.007,8,0.4,0.8873916635731054,0.8875689941833608,-0.00017733061025537733
r04,7,0.007,9,0.45,0.9215712608005127,0.9217554708984295,-0.00018421009791680376
r04,7,0.007,10,0.5,0.9330588123510736,0.9332452687889582,-0.00018645643788461896
r04,7,0.007,11,0.55,0.9215712608005127,0.9217554708984294,-0.00018421009791669274
r04,7,0.007,12,0.6000000000000001,0.8873916635731055,0.8875689941833608,-0.0001773306102552663
r04,7,0.007,13,0.65,0.8313614448288233,0.8315276231588887,-0.00016617833006538074
r04,7,0.007,14,0.7000000000000001,0.7548604359433236,0.7550112823702829,-0.00015084642695928352
r04,7,0.007,15,0.75,0.6597721782014997,0.6599040580709347,-0.00013187986943496988
r04,7,0.007,16,0.8,0.5484382094214911,0.5485478057658748,-0.00010959634438367782
r04,7,0.007,17,0.8500000000000001,0.42359981386874396,0.4236844859570665,-8.467208832252382e-05
r04,7,0.007,18,0.9,0.2883310297677868,0.2883886479758039,-5.761820801708506e-05
r04,7,0.007,19,0.9500000000000001,0.14596254836106645,0.14599172437432725,-2.9176013260800993e-05
r04,7,0.007,20,1.0,0.0,0.0,0.0
r04,8,0.008,0,0.0,0.0,0.0,0.0
r04,8,0.008,1,0.05,0.144524921579328,0.14455793093463173,-3.300935530373139e-05
r04,8,0.008,2,0.1,0.28549115084548154,0.2855563658493859,-6.521500390432866e-05
r04,8,0.008,3,0.15000000000000002,0.41942765844945995,0.4195234553296843,-9.579688022437471e-05
r04,8,0.008,4,0.2,0.5430364387123957,0.5431604850212427,-0.0001240463088469923
r04,8,0.008,5,0.25,0.6532738937862258,0.6534231009252782,-0.00014920713905242078
r04,8,0.008,6,0.30000000000000004,0.7474255364007939,0.747596271497592,-0.0001707350967981025
r04,8,0.008,7,0.35000000000000003,0.8231731287723363,0.8233611407358591,-0.00018801196352280503
r04,8,0.008,8,0.4,0.8786514149663555,0.8788521261102487,-0.00020071114389319522
r04,8,0.008,9,0.45,0.9124944425297741,0.9127028553968215,-0.000208412867047425
r04,8,0.008,10,0.5,0.9238687711106248,0.9240798112964123,-0.00021104018578743666
r04,8,0.008,11,0.55,0.9124944425297742,0.9127028553968214,-0.00020841286704720297
r04,8,0.008,12,0.6000000000000001,0.8786514149663555,0.8788521261102487,-0.00020071114389319522
r04,8,0.008,13,0.65,0.8231731287723363,0.8233611407358592,-0.00018801196352291605
r04,8,0.008,14,0.7000000000000001,0.7474255364007939,0.747596271497592,-0.0001707350967981025
r04,8,0.008,15,0.75,0.6532738937862258,0.6534231009252783,-0.0001492071390525318
r04,8,0.008,16,0.8,0.5430364387123957,0.5431604850212427,-0.0001240463088469923
r04,8,0.008,17,0.8500000000000001,0.41942765844945995,0.419523455329684,-9.579688022404165e-05
r04,8,0.008,18,0.9,0.28549115084548154,0.285556365849386,-6.521500390443968e-05
r04,8,0.008,19,0.9500000000000001,0.144524921579328,0.14455793093463185,-3.3009355303842414e-05
r04,8,0.008,20,1.0,0.0,0.0,0.0
r04,9,0.009000000000000001,0,0.0,0.0,0.0,0.0
r04,9,0.009000000000000001,1,0.05,0.14310144465405822,0.14313821886589434,-3.6774211836121395e-05
r04,9,0.009000000000000001,2,0.1,0.2826792621806115,0.2827518997347976,-7.263755418607243e-05
r04,9,0.009000000000000001,3,0.15000000000000002,0.4152965675130429,0.41540329043247576,-0.00010672291943286671
r04,9,0.009000000000000001,4,0.2,0.5376879086367534,0.5378260734752264,-0.0001381648384729539
r04,9,0.009000000000000001,5,0.25,0.646839568802521,0.6470057936466141,-0.00016622484409312133
r04,9,0.009000000000000001,6,0.30000000000000004,0.7400639163035836,0.7402540838893026,-0.00019016758571899217
r04,9,0.009000000000000001,7,0.35000000000000003,0.815065406301327,0.815274861824184,-0.00020945552285700497
r04,9,0.009000000000000001,8,0.4,0.8699973115141152,0.8702208669188145,-0.000223555404699316
r04,9,0.009000000000000001,9,0.45,0.9035069629367469,0.9037391461724282,-0.00023218323568130472
r04,9,0.009000000000000001,10,0.5,0.9147693082459443,0.9150043683090099,-0.00023506006306561744
r04,9,0.009000000000000001,11,0.55,0.9035069629367469,0.9037391461724281,-0.0002321832356811937
r04,9,0.009000000000000001,12,0.6000000000000001,0.8699973115141153,0.8702208669188145,-0.00022355540469920498
r04,9,0.009000000000000001,13,0.65,0.815065406301327,0.8152748618241841,-0.000209455522857116
r04,9,0.009000000000000001,14,0.7000000000000001,0.7400639163035836,0.7402540838893026,-0.00019016758571899217
r04,9,0.009000000000000001,15,0.75,0.646839568802521,0.6470057936466143,-0.00016622484409323235
r04,9,0.009000000000000001,16,0.8,0.5376879086367534,0.5378260734752265,-0.00013816483847306493
r04,9,0.009000000000000001,17,0.8500000000000001,0.4152965675130429,0.4154032904324754,-0.00010672291943253365
r04,9,0.009000000000000001,18,0.9,0.2826792621806115,0.2827518997347977,-7.263755418618345e-05
r04,9,0.009000000000000001,19,0.9500000000000001,0.14310144465405822,0.14313821886589445,-3.677421183623242e-05
r04,9,0.009000000000000001,20,1.0,0.0,0.0,0.0
r04,10,0.01,0,0.0,0.0,0.0,0.0
r04,10,0.01,1,0.05,0.14169199380305625,0.1417324498741302,-4.0456071073946553e-05
r04,10,0.01,2,0.1,0.27989505730296277,0.2799749764493264,-7.991914636362729e-05
r04,10,0.01,3,0.15000000000000002,0.4112061818295546,0.4113235899206657,-0.00011740809111110417
r04,10,0.01,4,0.2,0.5323920362535762,0.5325440515034281,-0.00015201524985186676
r04,10,0.01,5,0.25,0.640468643736639,0.6406515111257991,-0.0001828673891600685
r04,10,0.01,6,0.30000000000000004,0.7327747733022559,0.7329840043437879,-0.00020923104153192096
r04,10,0.01,7,0.35000000000000003,0.8070375723873449,0.8072679987403909,-0.00023042635304604264
r04,10,0.01,8,0.4,0.8614284099980526,0.8616743758391211,-0.0002459658410685073
r04,10,0.01,9,0.45,0.8946080404913732,0.8948634700713942,-0.0002554295800210049
r04,10,0.01,10,0.5,0.9057594319985864,0.9060180557889229,-0.0002586237903364763
r04,10,0.01,11,0.55,0.8946080404913732,0.8948634700713941,-0.0002554295800208939
r04,10,0.01,12,0.6000000000000001,0.8614284099980526,0.8616743758391211,-0.0002459658410685073
r04,10,0.01,13,0.65,0.807037572387345,0.807267998740391,-0.00023042635304604264
r04,10,0.01,14,0.7000000000000001,0.7327747733022559,0.7329840043437879,-0.00020923104153192096
r04,10,0.01,15,0.75,0.640468643736639,0.6406515111257992,-0.00018286738916017953
r04,10,0.01,16,0.8,0.5323920362535762,0.5325440515034282,-0.00015201524985197779
r04,10,0.01,17,0.8500000000000001,0.41120618182955454,0.4113235899206654,-0.00011740809111088213
r04,10,0.01,18,0.9,0.27989505730296277,0.27997497644932645,-7.99191463636828e-05
r04,10,0.01,19,0.9500000000000001,0.14169199380305625,0.1417324498741303,-4.0456071074057576e-05
r04,10,0.01,20,1.0,0.0,0.0,0.0
r04,11,0.011,0,0.0,0.0,0.0,0.0
r04,11,0.011,1,0.05,0.14029642168179635,0.14034048702354812,-4.4065341751775566e-05
r04,11,0.011,2,0.1,0.2771382817136369,0.2772253254932034,-8.70437795664758e-05
r04,11,0.011,3,0.15000000000000002,0.40715607378852653,0.40728395639110987,-0.00012788260258334017
r04,11,0.011,4,0.2,0.5271483374771927,0.5273139045847121,-0.00016556710751935988
r04,11,0.011,5,0.25,0.6341604525696607,0.6343596343929242,-0.00019918182326350564
r04,11,0.011,6,0.30000000000000004,0.7255574411100447,0.7257853246834592,-0.00022788357341452237
r04,11,0.011,7,0.35000000000000003,0.7990887877975924,0.7993397715368937,-0.0002509837393013248
r04,11,0.011,8,0.4,0.8529439271510978,0.8532118203584831,-0.00026789320738529465
r04,11,0.011,9,0.45,0.8857967448969303,0.8860749625151602,-0.0002782176182298812
r04,11,0.011,10,0.5,0.8968383187928158,0.8971199983805116,-0.00028167958769576007
r04,11,0.011,11,0.55,0.8857967448969303,0.88607496251516,-0.0002782176182297702
r04,11,0.011,12,0.6000000000000001,0.8529439271510978,0.8532118203584831,-0.00026789320738529465
r04,11,0.011,13,0.65,0.7990887877975924,0.7993397715368938,-0.0002509837393014358
r04,11,0.011,14,0.7000000000000001,0.7255574411100448,0.7257853246834592,-0.00022788357341441134
r04,11,0.011,15,0.75,0.6341604525696607,0.6343596343929243,-0.00019918182326361666
r04,11,0.011,16,0.8,0.5271483374771927,0.5273139045847122,-0.0001655671075194709
r04,11,0.011,17,0.8500000000000001,0.40715607378852653,0.4072839563911096,-0.0001278826025830626
r04,11,0.011,18,0.9,0.27713828171363686,0.27722532549320344,-8.704377956658682e-05
r04,11,0.011,19,0.9500000000000001,0.14029642168179635,0.1403404870235482,-4.406534175185883e-05
r04,11,0.011,20,1.0,0.0,0.0,0.0
r04,12,0.012,0,0.0,0.0,0.0,0.0
r04,12,0.012,1,0.05,0.13891459702181402,0.13896219472321136,-4.759770139733943e-05
r04,12,0.012,2,0.1,0.27440865453085656,0.27450267902325404,-9.402449239748201e-05
r04,12,0.012,3,0.15000000000000002,0.4031458624340371,0.4032839963435837,-0.00013813390954658944
r04,12,0.012,4,0.2,0.5219562780387134,0.5221351232510855,-0.00017884521237210294
r04,12,0.012,5,0.25,0.6279144019488271,0.6281295505570209,-0.00021514860819382697
r04,12,0.012,6,0.30000000000000004,0.7184111843689102,0.7186573436857819,-0.0002461593168717746
r04,12,0.012,7,0.35000000000000003,0.7912183048639755,0.791489407926018,-0.00027110306204247703
r04,12,0.012,8,0.4,0.8445429985080286,0.8448323761403718,-0.0002893776323431574
r04,12,0.012,9,0.45,0.8770722473569516,0.877372767416244,-0.00030052005929248615
r04,12,0.012,10,0.5,0.8880050596761074,0.8883093293250557,-0.00030426964894825215
r04,12,0.012,11,0.55,0.8770722473569516,0.8773727674162439,-0.00030052005929237513
r04,12,0.012,12,0.6000000000000001,0.8445429985080286,0.8448323761403718,-0.0002893776323431574
r04,12,0.012,13,0.65,0.7912183048639755,0.7914894079260181,-0.00027110306204258805
r04,12,0.012,14,0.7000000000000001,0.7184111843689102,0.7186573436857819,-0.0002461593168717746
r04,12,0.012,15,0.75,0.6279144019488272,0.628129550557021,-0.00021514860819382697
r04,12,0.012,16,0.8,0.5219562780387135,0.5221351232510856,-0.00017884521237210294
r04,12,0.012,17,0.8500000000000001,0.4031458624340371,0.4032839963435834,-0.00013813390954631188
r04,12,0.012,18,0.9,0.2744086545308565,0.27450267902325415,-9.402449239764854e-05
r04,12,0.012,19,0.9500000000000001,0.13891459702181402,0.13896219472321145,-4.75977013974227e-05
r04,12,0.012,20,1.0,0.0,0.0,0.0
r04,13,0.013000000000000001,0,0.0,0.0,0.0,0.0
r04,13,0.013000000000000001,1,0.05,0.13754638121670543,0.13759743871382996,-5.105749712452923e-05
r04,13,0.013000000000000001,2,0.1,0.27170591468851174,0.27180677182680774,-0.00010085713829599552
r04,13,0.013000000000000001,3,0.15000000000000002,0.39917514551463534,0.399323320142452,-0.00014817462781663293
r04,13,0.013000000000000001,4,0.2,0.5168153613608883,0.5170072030380709,-0.00019184167718255818
r04,13,0.013000000000000001,5,0.25,0.6217298653528148,0.6219606527463594,-0.00023078739354454036
r04,13,0.013000000000000001,6,0.30000000000000004,0.7113353195989031,0.7115993670149701,-0.00026404741606700366
r04,13,0.013000000000000001,7,0.35000000000000003,0.7834253341235706,0.7837161432047727,-0.00029080908120204807
r04,13,0.013000000000000001,8,0.4,0.8362248205899765,0.8365352269441166,-0.00031040635414014695
r04,13,0.013000000000000001,9,0.45,0.8684336727450447,0.8687560370948504,-0.00032236434980570383
r04,13,0.013000000000000001,10,0.5,0.8792588098207827,0.8795851903763245,-0.00032638055554179424
r04,13,0.013000000000000001,11,0.55,0.8684336727450447,0.8687560370948503,-0.0003223643498055928
r04,13,0.013000000000000001,12,0.6000000000000001,0.8362248205899765,0.8365352269441166,-0.00031040635414014695
r04,13,0.013000000000000001,13,0.65,0.7834253341235706,0.7837161432047728,-0.0002908090812021591
r04,13,0.013000000000000001,14,0.7000000000000001,0.7113353195989031,0.7115993670149701,-0.00026404741606700366
r04,13,0.013000000000000001,15,0.75,0.6217298653528149,0.6219606527463595,-0.00023078739354454036
r04,13,0.013000000000000001,16,0.8,0.5168153613608885,0.517007203038071,-0.00019184167718255818
r04,13,0.013000000000000001,17,0.8500000000000001,0.3991751455146354,0.3993233201424517,-0.00014817462781629986
r04,13,0.013000000000000001,18,0.9,0.27170591468851174,0.2718067718268078,-0.00010085713829605103
r04,13,0.013000000000000001,19,0.9500000000000001,0.1375463812167054,0.13759743871383004,-5.105749712464025e-05
r04,13,0.013000000000000001,20,1.0,0.0,0.0,0.0
r04,14,0.014,0,0.0,0.0,0.0,0.0
r04,14,0.014,1,0.05,0.1361916421187458,0.1362460860546824,-5.444393593662111e-05
r04,14,0.014,2,0.1,0.26902979363023866,0.2691373412958632,-0.0001075476656245411
r04,14,0.014,3,0.15000000000000002,0.39524353952268715,0.39540154197871435,-0.00015800245602720642
r04,14,0.014,4,0.2,0.5117250766191577,0.511929644435567,-0.00020456781640931787
r04,14,0.014,5,0.25,0.6156062454544795,0.6158523400493335,-0.0002460945948540294
r04,14,0.014,6,0.30000000000000004,0.7043291437103348,0.7046107071543507,-0.0002815634440158643
r04,14,0.014,7,0.35000000000000003,0.775709122900266,0.7760192201803605,-0.00031009728009456783
r04,14,0.014,8,0.4,0.8279885668654414,0.8283195645453958,-0.00033099767995437013
r04,14,0.014,9,0.45,0.8598801867133127,0.8602239321962974,-0.0003437454829847697
r04,14,0.014,10,0.5,0.8705987001601923,0.8709467317169748,-0.0003480315567825354
r04,14,0.014,11,0.55,0.8598801867133127,0.8602239321962973,-0.0003437454829846587
r04,14,0.014,12,0.6000000000000001,0.8279885668654414,0.8283195645453958,-0.00033099767995437013
r04,14,0.014,13,0.65,0.775709122900266,0.7760192201803606,-0.00031009728009467885
r04,14,0.014,14,0.7000000000000001,0.7043291437103348,0.7046107071543507,-0.0002815634440158643
r04,14,0.014,15,0.75,0.6156062454544796,0.6158523400493336,-0.0002460945948540294
r04,14,0.014,16,0.8,0.5117250766191578,0.511929644435567,-0.00020456781640920685
r04,14,0.014,17,0.8500000000000001,0.39524353952268715,0.3954015419787141,-0.00015800245602692886
r04,14,0.014,18,0.9,0.26902979363023866,0.2691373412958633,-0.00010754766562465212
r04,14,0.014,19,0.9500000000000001,0.13619164211874576,0.13624608605468252,-5.444393593675989e-05
r04,14,0.014,20,1.0,0.0,0.0,0.0
r04,15,0.015,0,0.0,0.0,0.0,0.0
r04,15,0.015,1,0.05,0.13485024587584463,0.13490800511066603,-5.775923482140288e-05
r04,15,0.015,2,0.1,0.2663800313826209,0.2664941274015082,-0.0001140960188872886
r04,15,0.015,3,0.15000000000000002,0.39135065600429597,0.3915182798324237,-0.00016762382812773868
r04,15,0.015,4,0.2,0.5066849293146982,0.5069019528391905,-0.0002170235244922658
r04,15,0.015,5,0.25,0.6095429372226929,0.6098040174559258,-0.0002610802332329021
r04,15,0.015,6,0.30000000000000004,0.6973919760839652,0.6976906833393932,-0.00029870725542802123
r04,15,0.015,7,0.35000000000000003,0.7680689088103637,0.7683978890964199,-0.000328980286056213
r04,15,0.015,8,0.4,0.8198334372185198,0.8201845886575063,-0.0003511514389865633
r04,15,0.015,9,0.45,0.851410944152916,0.8517756216092562,-0.0003646774563402788
r04,15,0.015,10,0.5,0.8620238894026886,0.86239311187577,-0.00036922247308135425
r04,15,0.015,11,0.55,0.851410944152916,0.8517756216092561,-0.0003646774563401678
r04,15,0.015,12,0.6000000000000001,0.8198334372185198,0.8201845886575063,-0.0003511514389865633
r04,15,0.015,13,0.65,0.7680689088103637,0.76839788909642,-0.000328980286056324
r04,15,0.015,14,0.7000000000000001,0.6973919760839652,0.6976906833393932,-0.00029870725542802123
r04,15,0.015,15,0.75,0.6095429372226929,0.6098040174559259,-0.0002610802332330131
r04,15,0.015,16,0.8,0.5066849293146982,0.5069019528391906,-0.00021702352449237683
r04,15,0.015,17,0.8500000000000001,0.391350656004296,0.39151827983242343,-0.00016762382812740562
r04,15,0.015,18,0.9,0.2663800313826209,0.2664941274015083,-0.00011409601888739962
r04,15,0.015,19,0.9500000000000001,0.13485024587584463,0.13490800511066614,-5.7759234821513905e-05
r04,15,0.015,20,1.0,0.0,0.0,0.0
r04,16,0.016,0,0.0,0.0,0.0,0.0
r04,16,0.016,1,0.05,0.1335220617282173,0.13358306553947427,-6.100381125698218e-05
r04,16,0.016,2,0.1,0.2637563670285804,0.2638768726685897,-0.0001205056400093163
r04,16,0.016,3,0.15000000000000002,0.38749611547978685,0.3876731554354735,-0.0001770399556866309
r04,16,0.016,4,0.2,0.5016944231537352,0.5019236385020976,-0.00022921534836239932
r04,16,0.016,5,0.25,0.6035393496040039,0.6038150957997476,-0.00027574619574366466
r04,16,0.016,6,0.30000000000000004,0.6905231336300157,0.6908386214913962,-0.00031548786138047014
r04,16,0.016,7,0.35000000000000003,0.7605039470830667,0.7608514075599914,-0.00034746047692468807
r04,16,0.016,8,0.4,0.8117586286290158,0.8121295068534092,-0.00037087822439341167
r04,16,0.016,9,0.45,0.8430251194790666,0.8434102823847913,-0.0003851629057247674
r04,16,0.016,10,0.5,0.8535335332028705,0.8539234976456128,-0.0003899644427423077
r04,16,0.016,11,0.55,0.8430251194790666,0.8434102823847912,-0.0003851629057246564
r04,16,0.016,12,0.6000000000000001,0.8117586286290158,0.8121295068534092,-0.00037087822439341167
r04,16,0.016,13,0.65,0.7605039470830667,0.7608514075599915,-0.0003474604769247991
r04,16,0.016,14,0.7000000000000001,0.6905231336300157,0.6908386214913962,-0.00031548786138047014
r04,16,0.016,15,0.75,0.6035393496040039,0.6038150957997477,-0.0002757461957437757
r04,16,0.016,16,0.8,0.5016944231537352,0.5019236385020978,-0.00022921534836251034
r04,16,0.016,17,0.8500000000000001,0.38749611547978685,0.3876731554354732,-0.00017703995568635333
r04,16,0.016,18,0.9,0.26375636702858046,0.26387687266858983,-0.0001205056400093718
r04,16,0.016,19,0.9500000000000001,0.1335220617282173,0.13358306553947438,-6.10038112570932e-05
r04,16,0.016,20,1.0,0.0,0.0,0.0
r04,17,0.017,0,0.0,0.0,0.0,0.0
r04,17,0.017,1,0.05,0.13220695915707562,0.1322711382789002,-6.417912182457575e-05
r04,17,0.017,2,0.1,0.2611585442889177,0.2612853221506338,-0.00012677786171610972
r04,17,0.017,3,0.15000000000000002,0.38367953916888364,0.3838657942347509,-0.00018625506586728013
r04,17,0.017,4,0.2,0.4967530706642634,0.49699421648727754,-0.000241145823014155
r04,17,0.017,5,0.25,0.5975948926343012,0.5978849917006486,-0.00029009906634736016
r04,17,0.017,6,0.30000000000000004,0.6837219454008314,0.6840538541518253,-0.00033190875099387007
r04,17,0.017,7,0.35000000000000003,0.7530134943202259,0.7533790404692005,-0.0003655461489745493
r04,17,0.017,8,0.4,0.8037633523506564,0.8041535344885383,-0.00039018213788188927
r04,17,0.017,9,0.45,0.8347218886285679,0.8351270996561981,-0.00040521102763024786
r04,17,0.017,10,0.5,0.8451268022238273,0.8455370640023827,-0.0004102617785554097
r04,17,0.017,11,0.55,0.8347218886285679,0.8351270996561981,-0.00040521102763024786
r04,17,0.017,12,0.6000000000000001,0.8037633523506564,0.8041535344885383,-0.00039018213788188927
r04,17,0.017,13,0.65,0.7530134943202259,0.7533790404692006,-0.0003655461489746603
r04,17,0.017,14,0.7000000000000001,0.6837219454008314,0.6840538541518253,-0.00033190875099387007
r04,17,0.017,15,0.75,0.5975948926343012,0.5978849917006487,-0.0002900990663474712
r04,17,0.017,16,0.8,0.49675307066426333,0.4969942164872776,-0.00024114582301426601
r04,17,0.017,17,0.8500000000000001,0.38367953916888364,0.3838657942347506,-0.00018625506586694707
r04,17,0.017,18,0.9,0.26115854428891777,0.26128532215063394,-0.00012677786171616523
r04,17,0.017,19,0.9500000000000001,0.13220695915707564,0.13227113827890027,-6.417912182463126e-05
r04,17,0.017,20,1.0,0.0,0.0,0.0
r04,18,0.018000000000000002,0,0.0,0.0,0.0,0.0
r04,18,0.018000000000000002,1,0.05,0.13090480954698222,0.13097209553426445,-6.728598728222845e-05
r04,18,0.018000000000000002,2,0.1,0.25858630818816725,0.25871922340501097,-0.00013291521684372087
r04,18,0.018000000000000002,3,0.15000000000000002,0.37990055381504917,0.3800958253556516,-0.00019527154060244856
r04,18,0.018000000000000002,4,0.2,0.49186038685412664,0.49211320662031466,-0.00025281976618801716
r04,18,0.018000000000000002,5,0.25,0.5917089849528981,0.5920131275078897,-0.00030414255499155995
r04,18,0.018000000000000002,6,0.30000000000000004,0.6769877438619771,0.6773357204172961,-0.00034797655531892957
r04,18,0.018000000000000002,7,0.35000000000000003,0.7455968179646403,0.7459800599416527,-0.00038324197701244955
r04,18,0.018000000000000002,8,0.4,0.7958468236496488,0.7962558946243689,-0.0004090709747200938
r04,18,0.018000000000000002,9,0.45,0.8265004395555071,0.8269252665596266,-0.00042482700411949903
r04,18,0.018000000000000002,10,0.5,0.8368028713476198,0.8372329940245702,-0.0004301226769504174
r04,18,0.018000000000000002,11,0.55,0.8265004395555071,0.8269252665596265,-0.000424827004119388
r04,18,0.018000000000000002,12,0.6000000000000001,0.7958468236496488,0.7962558946243689,-0.0004090709747200938
r04,18,0.018000000000000002,13,0.65,0.7455968179646403,0.7459800599416528,-0.0003832419770125606
r04,18,0.018000000000000002,14,0.7000000000000001,0.6769877438619771,0.6773357204172961,-0.00034797655531892957
r04,18,0.018000000000000002,15,0.75,0.5917089849528981,0.5920131275078898,-0.000304142554991671
r04,18,0.018000000000000002,16,0.8,0.4918603868541266,0.4921132066203147,-0.0002528197661881282
r04,18,0.018000000000000002,17,0.8500000000000001,0.37990055381504917,0.38009582535565134,-0.000195271540602171
r04,18,0.018000000000000002,18,0.9,0.25858630818816725,0.2587192234050111,-0.0001329152168438319
r04,18,0.018000000000000002,19,0.9500000000000001,0.13090480954698225,0.13097209553426453,-6.728598728228397e-05
r04,18,0.018000000000000002,20,1.0,0.0,0.0,0.0
r04,19,0.019,0,0.0,0.0,0.0,0.0
r04,19,0.019,1,0.05,0.12961548518466334,0.1296858107659669,-7.03255813035708e-05
r04,19,0.019,2,0.1,0.25603940698244604,0.2561783264683458,-0.00013891948589977998
r04,19,0.019,3,0.15000000000000002,0.37615878877992737,0.376362881565953,-0.00020409278602562253
r04,19,0.019,4,0.2,0.48701589287800423,0.487280133442615,-0.0002642405646107737
r04,19,0.019,5,0.25,0.5858810492770211,0.5861989312438745,-0.00031788196685333947
r04,19,0.019,6,0.30000000000000004,0.6703198699394108,0.6706835658751962,-0.0003636959357853353
r04,19,0.019,7,0.35000000000000003,0.7382531905975784,0.73865374524353,-0.0004005546459515674
r04,19,0.019,8,0.4,0.7880082677379887,0.7884358179527354,-0.00042755021474671917
r04,19,0.019,9,0.45,0.8183599659100088,0.8188039841554847,-0.00044401824547590785
r04,19,0.019,10,0.5,0.8285609259139296,0.8290104788137007,-0.0004495528997711107
r04,19,0.019,11,0.55,0.8183599659100088,0.8188039841554846,-0.0004440182454757968
r04,19,0.019,12,0.6000000000000001,0.7880082677379887,0.7884358179527354,-0.00042755021474671917
r04,19,0.019,13,0.65,0.7382531905975784,0.7386537452435301,-0.00040055464595167845
r04,19,0.019,14,0.7000000000000001,0.6703198699394108,0.6706835658751962,-0.0003636959357853353
r04,19,0.019,15,0.75,0.5858810492770211,0.5861989312438745,-0.00031788196685333947
r04,19,0.019,16,0.8,0.48701589287800423,0.4872801334426151,-0.00026424056461088474
r04,19,0.019,17,0.8500000000000001,0.37615878877992737,0.3763628815659527,-0.00020409278602534497
r04,19,0.019,18,0.9,0.25603940698244604,0.2561783264683459,-0.0001389194858998355
r04,19,0.019,19,0.9500000000000001,0.12961548518466334,0.129685810765967,-7.032558130365407e-05
r04,19,0.019,20,1.0,0.0,0.0,0.0
r04,20,0.02,0,0.0,0.0,0.0,0.0
r04,20,0.02,1,0.05,0.12833885982991108,0.12841215867716044,-7.329884724935343e-05
r04,20,0.02,2,0.1,0.2535175909823255,0.25366238383216816,-0.0001447928498426454
r04,20,0.02,3,0.15000000000000002,0.3724538777001656,0.3726665992400418,-0.0002127215398762261
r04,20,0.02,4,0.2,0.48221911379838023,0.482494526165092,-0.00027541236671174696
r04,20,0.02,5,0.25,0.5801105149823702,0.5804418365484321,-0.0003313215660618596
r04,20,0.02,6,0.30000000000000004,0.663717669937722,0.6640967425399382,-0.00037907260221625716
r04,20,0.02,7,0.35000000000000003,0.7309818931904755,0.7313993827193837,-0.00041748952890818813
r04,20,0.02,8,0.4,0.7802469161506327,0.7806925427208942,-0.00044562657026148145
r04,20,0.02,9,0.45,0.8102996706427691,0.8107624613506137,-0.00046279070784460696
r04,20,0.02,10,0.5,0.820400157910793,0.8208687174155399,-0.00046855950474689045
r04,20,0.02,11,0.55,0.8102996706427691,0.8107624613506136,-0.00046279070784449594
r04,20,0.02,12,0.6000000000000001,0.7802469161506327,0.7806925427208942,-0.00044562657026148145
r04,20,0.02,13,0.65,0.7309818931904755,0.7313993827193838,-0.00041748952890829916
r04,20,0.02,14,0.7000000000000001,0.663717669937722,0.6640967425399382,-0.00037907260221625716
r04,20,0.02,15,0.75,0.5801105149823702,0.5804418365484322,-0.0003313215660619706
r04,20,0.02,16,0.8,0.48221911379838023,0.48249452616509203,-0.00027541236671180247
r04,20,0.02,17,0.8500000000000001,0.3724538777001656,0.37266659924004153,-0.00021272153987594855
r04,20,0.02,18,0.9,0.2535175909823255,0.25366238383216827,-0.00014479284984275642
r04,20,0.02,19,0.9500000000000001,0.12833885982991108,0.12841215867716052,-7.32988472494367e-05
r04,20,0.02,20,1.0,0.0,0.0,0.0
r04,21,0.021,0,0.0,0.0,0.0,0.0
r04,21,0.021,1,0.05,0.1270748083589124,0.12715101520154565,-7.62068426332363e-05
r04,21,0.021,2,0.1,0.2510206132084958,0.25117115041880345,-0.00015053721030766631
r04,21,0.021,3,0.15000000000000002,0.3687854574523154,0.36900661832349385,-0.00022116087117846073
r04,21,0.021,4,0.2,0.47746957983269034,0.4777559186223065,-0.00028633878961614734
r04,21,0.021,5,0.25,0.5743968164909149,0.5747412826236492,-0.00034446613273431126
r04,21,0.021,6,0.30000000000000004,0.6571804972566827,0.65757460878984,-0.0003941115331572709
r04,21,0.021,7,0.35000000000000003,0.7237822130734369,0.7242162657226183,-0.0004340526491813934
r04,21,0.021,8,0.4,0.7725620087634244,0.7730253146573207,-0.00046330589389631527
r04,21,0.021,9,0.45,0.802318763753124,0.8027999148212283,-0.00048115106810420194
r04,21,0.021,10,0.5,0.8123197680963739,0.8128069167420728,-0.0004871486456989871
r04,21,0.021,11,0.55,0.802318763753124,0.8027999148212281,-0.0004811510681040909
r04,21,0.021,12,0.6000000000000001,0.7725620087634244,0.7730253146573207,-0.00046330589389631527
r04,21,0.021,13,0.65,0.7237822130734369,0.7242162657226184,-0.00043405264918150444
r04,21,0.021,14,0.7000000000000001,0.6571804972566827,0.65757460878984,-0.0003941115331572709
r04,21,0.021,15,0.75,0.5743968164909149,0.5747412826236493,-0.0003444661327344223
r04,21,0.021,16,0.8,0.47746957983269034,0.4777559186223066,-0.00028633878961625836
r04,21,0.021,17,0.8500000000000001,0.3687854574523154,0.3690066183234936,-0.00022116087117818317
r04,21,0.021,18,0.9,0.2510206132084958,0.25117115041880356,-0.00015053721030777734
r04,21,0.021,19,0.9500000000000001,0.1270748083589124,0.12715101520154573,-7.620684263331956e-05
r04,21,0.021,20,1.0,0.0,0.0,0.0
r04,22,0.022,0,0.0,0.0,0.0,0.0
r04,22,0.022,1,0.05,0.1258232069551808,0.12590225749128567,-7.905053610487989e-05
r04,22,0.022,2,0.1,0.24854822896619028,0.24870438355749938,-0.00015615459130910447
r04,22,0.022,3,0.15000000000000002,0.36515316870693754,0.3653825822980008,-0.00022941359106326553
r04,22,0.022,4,0.2,0.4727668255438302,0.47306384922705813,-0.00029702368322792605
r04,22,0.022,5,0.25,0.5687393941339322,0.569096714179242,-0.0003573200453098613
r04,22,0.022,6,0.30000000000000004,0.6507077112770773,0.6511165293046239,-0.00040881802754666463
r04,22,0.022,7,0.35000000000000003,0.7166534450227302,0.7171036945466566,-0.0004502495239263604
r04,22,0.022,8,0.4,0.7649527924833093,0.7654333868982357,-0.0004805944149264274
r04,22,0.022,9,0.45,0.7944164634945441,0.7949155689366123,-0.0004991054420682151
r04,22,0.022,10,0.5,0.804318964621774,0.8048242914942491,-0.0005053268724750648
r04,22,0.022,11,0.55,0.7944164634945441,0.7949155689366122,-0.000499105442068104
r04,22,0.022,12,0.6000000000000001,0.7649527924833093,0.7654333868982357,-0.0004805944149264274
r04,22,0.022,13,0.65,0.7166534450227302,0.7171036945466567,-0.00045024952392647144
r04,22,0.022,14,0.7000000000000001,0.6507077112770773,0.6511165293046239,-0.00040881802754666463
r04,22,0.022,15,0.75,0.5687393941339322,0.5690967141792421,-0.0003573200453099723
r04,22,0.022,16,0.8,0.4727668255438302,0.4730638492270582,-0.00029702368322798156
r04,22,0.022,17,0.8500000000000001,0.36515316870693754,0.3653825822980005,-0.00022941359106298798
r04,22,0.022,18,0.9,0.24854822896619028,0.24870438355749946,-0.00015615459130918774
r04,22,0.022,19,0.9500000000000001,0.1258232069551808,0.12590225749128578,-7.905053610499091e-05
r04,22,0.022,20,1.0,0.0,0.0,0.0
r04,23,0.023,0,0.0,0.0,0.0,0.0
r04,23,0.023,1,0.05,0.12458393297751227,0.1246657639050397,-8.183092752742094e-05
r04,23,0.023,2,0.1,0.2461001960580854,0.2462618429607877,-0.00016164690270231707
r04,23,0.023,3,0.15000000000000002,0.3615566555453957,0.361794138146642,-0.00023748260124634157
r04,23,0.023,4,0.2,0.4681103902451139,0.468417860925422,-0.000307470680308064
r04,23,0.023,5,0.25,0.5631376935551494,0.563507581378466,-0.00036988782331659475
r04,23,0.023,6,0.30000000000000004,0.6442986779180804,0.6447218750035314,-0.0004231970854510214
r04,23,0.023,7,0.35000000000000003,0.7095948905087006,0.7100609763567812,-0.0004660858480806107
r04,23,0.023,8,0.4,0.7574185219035716,0.7579160199148539,-0.0004974980112822935
r04,23,0.023,9,0.45,0.7865919955409422,0.7871086556835657,-0.0005166601426235262
r04,23,0.023,10,0.5,0.79639696371999,0.7969200640854872,-0.0005231003654971866
r04,23,0.023,11,0.55,0.7865919955409422,0.7871086556835656,-0.0005166601426234152
r04,23,0.023,12,0.6000000000000001,0.7574185219035716,0.7579160199148539,-0.0004974980112822935
r04,23,0.023,13,0.65,0.7095948905087006,0.7100609763567813,-0.00046608584808072173
r04,23,0.023,14,0.7000000000000001,0.6442986779180804,0.6447218750035314,-0.0004231970854510214
r04,23,0.023,15,0.75,0.5631376935551494,0.5635075813784661,-0.0003698878233167058
r04,23,0.023,16,0.8,0.4681103902451139,0.46841786092542204,-0.0003074706803081195
r04,23,0.023,17,0.8500000000000001,0.3615566555453957,0.36179413814664174,-0.00023748260124606402
r04,23,0.023,18,0.9,0.2461001960580854,0.24626184296078782,-0.0001616469027024281
r04,23,0.023,19,0.9500000000000001,0.12458393297751227,0.12466576390503978,-8.18309275275042e-05
r04,23,0.023,20,1.0,0.0,0.0,0.0
r04,24,0.024,0,0.0,0.0,0.0,0.0
r04,24,0.024,1,0.05,0.1233568650187366,0.12344141399611366,-8.454897737705802e-05
r04,24,0.024,2,0.1,0.24367627462078026,0.2438432907010778,-0.00016701608029753845
r04,24,0.024,3,0.15000000000000002,0.3579955656303589,0.35824093631949705,-0.00024537068913815796
r04,24,0.024,4,0.2,0.46349981768924087,0.46381750115222703,-0.00031768346298616246
r04,24,0.024,5,0.25,0.5575911659763076,0.5579733397845559,-0.00038217380824823177
r04,24,0.024,6,0.30000000000000004,0.6379527692091561,0.638390022984043,-0.0004372537748869032
r04,24,0.024,7,0.35000000000000003,0.7026058580304009,0.7030874251226464,-0.0004815670922455606
r04,24,0.024,8,0.4,0.7499584588005714,0.7504724814413468,-0.0005140226407753801
r04,24,0.024,9,0.45,0.7788445933576131,0.7793784145915917,-0.0005338212339786041
r04,24,0.024,10,0.5,0.7885529891767518,0.7890934645659302,-0.000540475389178452
r04,24,0.024,11,0.55,0.7788445933576131,0.7793784145915916,-0.0005338212339784931
r04,24,0.024,12,0.6000000000000001,0.7499584588005714,0.7504724814413468,-0.0005140226407753801
r04,24,0.024,13,0.65,0.7026058580304009,0.7030874251226465,-0.0004815670922456716
r04,24,0.024,14,0.7000000000000001,0.6379527692091561,0.638390022984043,-0.0004372537748869032
r04,24,0.024,15,0.75,0.5575911659763076,0.557973339784556,-0.0003821738082483428
r04,24,0.024,16,0.8,0.4634998176892408,0.4638175011522271,-0.0003176834629862735
r04,24,0.024,17,0.8500000000000001,0.35799556563035884,0.35824093631949677,-0.0002453706891379359
r04,24,0.024,18,0.9,0.24367627462078026,0.2438432907010779,-0.00016701608029764947
r04,24,0.024,19,0.9500000000000001,0.1233568650187366,0.12344141399611375,-8.454897737714129e-05
r04,24,0.024,20,1.0,0.0,0.0,0.0
r04,25,0.025,0,0.0,0.0,0.0,0.0
r04,25,0.025,1,0.05,0.12214188285205943,0.12222908850072774,-8.720564866830649e-05
r04,25,0.025,2,0.1,0.24127622718379424,0.24144849118748,-0.00017226400368575145
r04,25,0.025,3,0.15000000000000002,0.35446955005008024,0.354722630699596,-0.0002530806495157356
r04,25,0.025,4,0.2,0.45893465618051477,0.45926232178697163,-0.0003276656064568617
r04,25,0.025,5,0.25,0.5520992679546203,0.5524934503076924,-0.00039418235307209226
r04,25,0.025,6,0.30000000000000004,0.6316693634445146,0.6321203564612021,-0.00045099301668749536
r04,25,0.025,7,0.35000000000000003,0.6956856628099712,0.6961823615514509,-0.0004966987414796176
r04,25,0.025,8,0.4,0.7425718723153198,0.7431020464035114,-0.0005301740881915595
r04,25,0.025,9,0.45,0.7711734978624519,0.7717240926588196,-0.0005505947963676538
r04,25,0.025,10,0.5,0.7807862725214408,0.7813437305474442,-0.0005574580260033768
r04,25,0.025,11,0.55,0.7711734978624519,0.7717240926588196,-0.0005505947963676538
r04,25,0.025,12,0.6000000000000001,0.7425718723153198,0.7431020464035114,-0.0005301740881915595
r04,25,0.025,13,0.65,0.6956856628099712,0.696182361551451,-0.0004966987414797286
r04,25,0.025,14,0.7000000000000001,0.6316693634445146,0.6321203564612021,-0.00045099301668749536
r04,25,0.025,15,0.75,0.5520992679546203,0.5524934503076924,-0.00039418235307209226
r04,25,0.025,16,0.8,0.45893465618051477,0.45926232178697174,-0.00032766560645697274
r04,25,0.025,17,0.8500000000000001,0.3544695500500802,0.35472263069959575,-0.0002530806495155691
r04,25,0.025,18,0.9,0.24127622718379424,0.24144849118748007,-0.00017226400368583472
r04,25,0.025,19,0.9500000000000001,0.12214188285205943,0.12222908850072782,-8.720564866838976e-05
r04,25,0.025,20,1.0,0.0,0.0,0.0
r04,26,0.026000000000000002,0,0.0,0.0,0.0,0.0
r04,26,0.026000000000000002,1,0.05,0.12093886744392958,0.12102866932639877,-8.98018824691954e-05
r04,26,0.026000000000000002,2,0.1,0.23889981859761472,0.23907721114285688,-0.00017739254524215542
r04,26,0.026000000000000002,3,0.15000000000000002,0.3509782633557397,0.35123887856920466,-0.0002606152134649875
r04,26,0.026000000000000002,4,0.2,0.45441445843798317,0.45475187911017273,-0.00033742067218955896
r04,26,0.026000000000000002,5,0.25,0.5466614614409359,0.5470673791524897,-0.00040591771155384926
r04,26,0.026000000000000002,6,0.30000000000000004,0.6254478449947395,0.6259122647075345,-0.0004644197127949834
r04,26,0.026000000000000002,7,0.35000000000000003,0.6888336268659281,0.6893451130217688,-0.0005114861558407346
r04,26,0.026000000000000002,8,0.4,0.7352580387320332,0.7358039968481427,-0.0005459581161094684
r04,26,0.026000000000000002,9,0.45,0.7635779575071947,0.7641449442786552,-0.0005669867714604981
r04,26,0.026000000000000002,10,0.5,0.7730960527942498,0.7736701071293551,-0.0005740543351053784
r04,26,0.026000000000000002,11,0.55,0.7635779575071947,0.7641449442786552,-0.0005669867714604981
r04,26,0.026000000000000002,12,0.6000000000000001,0.7352580387320332,0.7358039968481427,-0.0005459581161094684
r04,26,0.026000000000000002,13,0.65,0.6888336268659281,0.6893451130217689,-0.0005114861558408457
r04,26,0.026000000000000002,14,0.7000000000000001,0.6254478449947395,0.6259122647075345,-0.0004644197127949834
r04,26,0.026000000000000002,15,0.75,0.5466614614409359,0.5470673791524897,-0.00040591771155384926
r04,26,0.026000000000000002,16,0.8,0.4544144584379831,0.4547518791101728,-0.00033742067218967
r04,26,0.026000000000000002,17,0.8500000000000001,0.3509782633557396,0.3512388785692044,-0.00026061521346476546
r04,26,0.026000000000000002,18,0.9,0.2388998185976147,0.23907721114285696,-0.00017739254524226644
r04,26,0.026000000000000002,19,0.9500000000000001,0.12093886744392958,0.12102866932639886,-8.980188246927867e-05
r04,26,0.026000000000000002,20,1.0,0.0,0.0,0.0
r04,27,0.027,0,0.0,0.0,0.0,0.0
r04,27,0.027,1,0.05,0.11974770092783181,0.11984003954043694,-9.233861260513065e-05
r04,27,0.027,2,0.1,0.23654681603939065,0.2367292195810997,-0.0001824035417090364
r04,27,0.027,3,0.15000000000000002,0.3475213634853871,0.3477893405764398,-0.00026797709105269574
r04,27,0.027,4,0.2,0.4499387816062668,0.45028573376014225,-0.0003469521538754239
r04,27,0.027,5,0.25,0.5412772136612762,0.541694597765998,-0.0004173841047218074
r04,27,0.027,6,0.30000000000000004,0.6192876043216935,0.6197651429935562,-0.0004775386718627317
r04,27,0.027,7,0.35000000000000003,0.6820490788638947,0.6825750135180294,-0.000525934654134752
r04,27,0.027,8,0.4,0.7280162414956558,0.7285776218730962,-0.000561380377440357
r04,27,0.027,9,0.45,0.7560572281119521,0.7566402311671508,-0.0005830030551987608
r04,27,0.027,10,0.5,0.7654815765646057,0.7660718468249129,-0.0005902702603072241
r04,27,0.027,11,0.55,0.7560572281119521,0.7566402311671507,-0.0005830030551986498
r04,27,0.027,12,0.6000000000000001,0.7280162414956558,0.7285776218730962,-0.000561380377440357
r04,27,0.027,13,0.65,0.6820490788638947,0.6825750135180294,-0.000525934654134752
r04,27,0.027,14,0.7000000000000001,0.6192876043216935,0.6197651429935562,-0.0004775386718627317
r04,27,0.027,15,0.75,0.5412772136612762,0.541694597765998,-0.0004173841047218074
r04,27,0.027,16,0.8,0.4499387816062668,0.45028573376014236,-0.0003469521538755349
r04,27,0.027,17,0.8500000000000001,0.34752136348538704,0.3477893405764395,-0.0002679770910524737
r04,27,0.027,18,0.9,0.23654681603939062,0.23672921958109977,-0.0001824035417091474
r04,27,0.027,19,0.9500000000000001,0.1197477009278318,0.11984003954043702,-9.23386126052278e-05
r04,27,0.027,20,1.0,0.0,0.0,0.0
r04,28,0.028,0,0.0,0.0,0.0,0.0
r04,28,0.028,1,0.05,0.11856826660132262,0.11866308335855537,-9.48167572327463e-05
r04,28,0.028,2,0.1,0.2342169889731657,0.23440428778462807,-0.00018729881146237193
r04,28,0.028,3,0.15000000000000002,0.3440985117553404,0.3443736807022135,-0.00027516894687312776
r04,28,0.028,4,0.2,0.4455071871799187,0.44586345069019007,-0.0003562635102713485
r04,28,0.028,5,0.25,0.5359459971034394,0.5363745827862181,-0.0004285856827787038
r04,28,0.028,6,0.30000000000000004,0.613188037874407,0.6136783925288681,-0.0004903546544611226
r04,28,0.028,7,0.35000000000000003,0.6753313540997187,0.6758714035656406,-0.0005400494659218991
r04,28,0.028,8,0.4,0.7208457710894699,0.7214222175580403,-0.0005764464685703574
r04,28,0.028,9,0.45,0.748610572846495,0.7492092222910899,-0.0005986494445948676
r04,28,0.028,10,0.5,0.7579420978024828,0.7585482094884801,-0.0006061116859973348
r04,28,0.028,11,0.55,0.748610572846495,0.7492092222910898,-0.0005986494445947566
r04,28,0.028,12,0.6000000000000001,0.7208457710894699,0.7214222175580403,-0.0005764464685703574
r04,28,0.028,13,0.65,0.6753313540997187,0.6758714035656406,-0.0005400494659218991
r04,28,0.028,14,0.7000000000000001,0.613188037874407,0.6136783925288681,-0.0004903546544611226
r04,28,0.028,15,0.75,0.5359459971034394,0.5363745827862182,-0.0004285856827788148
r04,28,0.028,16,0.8,0.44550718717991866,0.4458634506901901,-0.0003562635102714595
r04,28,0.028,17,0.8500000000000001,0.3440985117553404,0.3443736807022133,-0.0002751689468729057
r04,28,0.028,18,0.9,0.23421698897316565,0.23440428778462816,-0.0001872988114625107
r04,28,0.028,19,0.9500000000000001,0.11856826660132261,0.11866308335855545,-9.481675723284344e-05
r04,28,0.028,20,1.0,0.0,0.0,0.0
r04,29,0.029,0,0.0,0.0,0.0,0.0
r04,29,0.029,1,0.05,0.1174004489095308,0.11749768613359152,-9.723722406071444e-05
r04,29,0.029,2,0.1,0.23191010913729834,0.23210218928211065,-0.00019208014481231217
r04,29,0.029,3,0.15000000000000002,0.34070937281230185,0.3409915662275014,-0.00028219341519952756
r04,29,0.029,4,0.2,0.4411192409794957,0.441484599126245,-0.0003653581467493172
r04,29,0.029,5,0.25,0.5306672894424181,0.5311068159911196,-0.00043952654870149654
r04,29,0.029,6,0.30000000000000004,0.6071485480561446,0.6076514204038274,-0.000502872347682759
r04,29,0.029,7,0.35000000000000003,0.6686797944054945,0.6692336301667494,-0.000553835761254895
r04,29,0.029,8,0.4,0.7137459249963795,0.7143370868958865,-0.0005911618995070311
r04,29,0.029,9,0.45,0.7412372621260801,0.7418511937967763,-0.0006139316706962328
r04,29,0.029,10,0.5,0.7504768778376926,0.7510984622434332,-0.0006215844057406716
r04,29,0.029,11,0.55,0.7412372621260801,0.7418511937967762,-0.0006139316706961218
r04,29,0.029,12,0.6000000000000001,0.7137459249963795,0.7143370868958865,-0.0005911618995070311
r04,29,0.029,13,0.65,0.6686797944054945,0.6692336301667495,-0.000553835761255006
r04,29,0.029,14,0.7000000000000001,0.6071485480561446,0.6076514204038274,-0.000502872347682759
r04,29,0.029,15,0.75,0.5306672894424181,0.5311068159911198,-0.00043952654870160757
r04,29,0.029,16,0.8,0.4411192409794956,0.4414845991262451,-0.00036535814674948375
r04,29,0.029,17,0.8500000000000001,0.3407093728123018,0.34099156622750115,-0.00028219341519936103
r04,29,0.029,18,0.9,0.23191010913729834,0.23210218928211074,-0.00019208014481239544
r04,29,0.029,19,0.9500000000000001,0.11740044890953077,0.1174976861335916,-9.723722406082547e-05
r04,29,0.029,20,1.0,0.0,0.0,0.0
r04,30,0.03,0,0.0,0.0,0.0,0.0
r04,30,0.03,1,0.05,0.11624413343682549,0.11634373434433956,-9.960090751406914e-05
r04,30,0.03,2,0.1,0.22962595051619272,0.22982269982640455,-0.0001967493102118245
r04,30,0.03,3,0.15000000000000002,0.337353614609178,0.3376426677009324,-0.00028905309175436544
r04,30,0.03,4,0.2,0.43677451309778714,0.43714875252489427,-0.0003742394271071259
r04,30,0.03,5,0.25,0.5254405735027398,0.5258907842481622,-0.0004502107454223969
r04,30,0.03,6,0.30000000000000004,0.601168543150394,0.6016836395317917,-0.0005150963813976839
r04,30,0.03,7,0.35000000000000003,0.6620937481021085,0.6626610467366344,-0.0005672986345258701
r04,30,0.03,8,0.4,0.7067160076119058,0.7073215397248953,-0.0006055321129895264
r04,30,0.03,9,0.45,0.7339365735588448,0.7345654289395248,-0.0006288553806800268
r04,30,0.03,10,0.5,0.7430851852684026,0.7437218794107743,-0.0006366941423716632
r04,30,0.03,11,0.55,0.7339365735588448,0.7345654289395247,-0.0006288553806799158
r04,30,0.03,12,0.6000000000000001,0.7067160076119058,0.7073215397248953,-0.0006055321129895264
r04,30,0.03,13,0.65,0.6620937481021085,0.6626610467366345,-0.0005672986345259812
r04,30,0.03,14,0.7000000000000001,0.601168543150394,0.6016836395317917,-0.0005150963813976839
r04,30,0.03,15,0.75,0.5254405735027398,0.5258907842481623,-0.00045021074542250794
r04,30,0.03,16,0.8,0.4367745130977871,0.4371487525248943,-0.0003742394271072369
r04,30,0.03,17,0.8500000000000001,0.33735361460917795,0.33764266770093215,-0.0002890530917541989
r04,30,0.03,18,0.9,0.2296259505161927,0.22982269982640463,-0.00019674931021193554
r04,30,0.03,19,0.9500000000000001,0.11624413343682549,0.11634373434433964,-9.96009075141524e-05
r04,30,0.03,20,1.0,0.0,0.0,0.0
r04,31,0.031,0,0.0,0.0,0.0,0.0
r04,31,0.031,1,0.05,0.11509920689384219,0.11520111558449217,-0.00010190869064997943
r04,31,0.031,2,0.1,0.22736428932163993,0.22756559737271143,-0.00020130805107149152
r04,31,0.031,3,0.15000000000000002,0.33403090836742755,0.33432665890669705,-0.00029575053926950146
r04,31,0.031,4,0.2,0.4324725778643245,0.43285548853183303,-0.000382910667508507
r04,31,0.031,5,0.25,0.5202653371998204,0.5207259794643105,-0.0004606422644901631
r04,31,0.031,6,0.30000000000000004,0.5952474372720181,0.5957744685919324,-0.0005270313199142729
r04,31,0.031,7,0.35000000000000003,0.6555725699253416,0.6561530130407207,-0.0005804431153790812
r04,31,0.031,8,0.4,0.6997553301867625,0.7003748926614461,-0.0006195624746836437
r04,31,0.031,9,0.45,0.7267077918638923,0.7273512180138422,-0.0006434261499498328
r04,31,0.031,10,0.5,0.7357662959007564,0.7364177424384418,-0.0006514465376854517
r04,31,0.031,11,0.55,0.7267077918638923,0.7273512180138421,-0.0006434261499497218
r04,31,0.031,12,0.6000000000000001,0.6997553301867625,0.7003748926614461,-0.0006195624746836437
r04,31,0.031,13,0.65,0.6555725699253416,0.6561530130407208,-0.0005804431153791922
r04,31,0.031,14,0.7000000000000001,0.5952474372720181,0.5957744685919324,-0.0005270313199142729
r04,31,0.031,15,0.75,0.5202653371998204,0.5207259794643107,-0.0004606422644902741
r04,31,0.031,16,0.8,0.4324725778643245,0.4328554885318331,-0.0003829106675085625
r04,31,0.031,17,0.8500000000000001,0.3340309083674275,0.3343266589066968,-0.0002957505392693349
r04,31,0.031,18,0.9,0.2273642893216399,0.2275655973727115,-0.00020130805107160255
r04,31,0.031,19,0.9500000000000001,0.11509920689384218,0.11520111558449225,-0.00010190869065007657
r04,31,0.031,20,1.0,0.0,0.0,0.0
r04,32,0.032,0,0.0,0.0,0.0,0.0
r04,32,0.032,1,0.05,0.11396555710742441,0.11406971855169101,-0.00010416144426660112
r04,32,0.032,2,0.1,0.2251249039688359,0.22533066205694818,-0.00020575808811229557
r04,32,0.032,3,0.15000000000000002,0.3307409285478713,0.3310432168327708,-0.0003022882848995323
r04,32,0.032,4,0.2,0.42821301379976406,0.4286043889407234,-0.0003913751409593269
r04,32,0.032,5,0.25,0.5151410734945011,0.5156118985365413,-0.0004708250420402127
r04,32,0.032,6,0.30000000000000004,0.5893846503044684,0.5899233319726067,-0.0005386816681383078
r04,32,0.032,7,0.35000000000000003,0.6491156209685806,0.6497088951322155,-0.0005932741636349714
r04,32,0.032,8,0.4,0.6928632107530461,0.69349646903347,-0.0006332582804238207
r04,32,0.032,9,0.45,0.719550208807786,0.720207858284295,-0.0006576494765090368
r04,32,0.032,10,0.5,0.7285194926712651,0.729185339831317,-0.0006658471600518023
r04,32,0.032,11,0.55,0.719550208807786,0.720207858284295,-0.0006576494765090368
r04,32,0.032,12,0.6000000000000001,0.6928632107530461,0.69349646903347,-0.0006332582804238207
r04,32,0.032,13,0.65,0.6491156209685806,0.6497088951322155,-0.0005932741636349714
r04,32,0.032,14,0.7000000000000001,0.5893846503044684,0.5899233319726067,-0.0005386816681383078
r04,32,0.032,15,0.75,0.5151410734945011,0.5156118985365413,-0.0004708250420402127
r04,32,0.032,16,0.8,0.42821301379976406,0.4286043889407235,-0.00039137514095943793
r04,32,0.032,17,0.8500000000000001,0.3307409285478713,0.3310432168327706,-0.00030228828489931026
r04,32,0.032,18,0.9,0.22512490396883586,0.22533066205694827,-0.0002057580881124066
r04,32,0.032,19,0.9500000000000001,0.1139655571074244,0.1140697185516911,-0.00010416144426669827
r04,32,0.032,20,1.0,0.0,0.0,0.0
r04,33,0.033,0,0.0,0.0,0.0,0.0
r04,33,0.033,1,0.05,0.11284307300901923,0.11294943303668496,-0.0001063600276657306
r04,33,0.033,2,0.1,0.22290757505588546,0.22311767617432998,-0.00021010111844452228
r04,33,0.033,3,0.15000000000000002,0.32748335281701424,0.32779202163944965,-0.0003086688224354095
r04,33,0.033,4,0.2,0.4239954035769018,0.42439503965245695,-0.00039963607555515424
r04,33,0.033,5,0.25,0.5100672803405932,0.5105480433028361,-0.0004807629622428644
r04,33,0.033,6,0.30000000000000004,0.5835796078461264,0.5841296597152885,-0.000550051869162127
r04,33,0.033,7,0.35000000000000003,0.6427222686167219,0.6433280652903555,-0.0006057966736335851
r04,33,0.033,8,0.4,0.6860389740611559,0.6866855988145346,-0.0006466247533787328
r04,33,0.033,9,0.45,0.7124631231312817,0.7131346539170571,-0.0006715307857754205
r04,33,0.033,10,0.5,0.7213440655804818,0.7220239670819171,-0.000679901501435265
r04,33,0.033,11,0.55,0.7124631231312817,0.713134653917057,-0.0006715307857753094
r04,33,0.033,12,0.6000000000000001,0.6860389740611559,0.6866855988145346,-0.0006466247533787328
r04,33,0.033,13,0.65,0.6427222686167219,0.6433280652903555,-0.0006057966736335851
r04,33,0.033,14,0.7000000000000001,0.5835796078461264,0.5841296597152885,-0.000550051869162127
r04,33,0.033,15,0.75,0.5100672803405932,0.5105480433028362,-0.00048076296224297543
r04,33,0.033,16,0.8,0.4239954035769018,0.424395039652457,-0.00039963607555520975
r04,33,0.033,17,0.8500000000000001,0.32748335281701424,0.32779202163944937,-0.00030866882243513194
r04,33,0.033,18,0.9,0.22290757505588546,0.22311767617433007,-0.00021010111844460555
r04,33,0.033,19,0.9500000000000001,0.11284307300901922,0.11294943303668505,-0.00010636002766582775
r04,33,0.033,20,1.0,0.0,0.0,0.0
r04,34,0.034,0,0.0,0.0,0.0,0.0
r04,34,0.034,1,0.05,0.11173164462415804,0.11184014991259444,-0.0001085052884364085
r04,34,0.034,2,0.1,0.22071208534159048,0.22092642415816366,-0.00021433881657317855
r04,34,0.034,3,0.15000000000000002,0.32425786201651774,0.324572756628194,-0.0003148946116762752
r04,34,0.034,4,0.2,0.41981933397842336,0.4202270306348172,-0.0004076966563938411
r04,34,0.034,5,0.25,0.50504346063733,0.5055339204936554,-0.0004904598563254536
r04,34,0.034,6,0.30000000000000004,0.5778317411521513,0.5783928874590484,-0.0005611463068970757
r04,34,0.034,7,0.35000000000000003,0.6363918864862573,0.6370099019592601,-0.0006180154730027754
r04,34,0.034,8,0.4,0.6792819515114326,0.6799416185585775,-0.0006596670471449295
r04,34,0.034,9,0.45,0.7054458404829114,0.7061309159121271,-0.000685075429215698
r04,34,0.034,10,0.5,0.7142393116211218,0.7149329266017694,-0.0006936149806476832
r04,34,0.034,11,0.55,0.7054458404829114,0.706130915912127,-0.000685075429215587
r04,34,0.034,12,0.6000000000000001,0.6792819515114326,0.6799416185585775,-0.0006596670471449295
r04,34,0.034,13,0.65,0.6363918864862573,0.6370099019592601,-0.0006180154730027754
r04,34,0.034,14,0.7000000000000001,0.5778317411521513,0.5783928874590484,-0.0005611463068970757
r04,34,0.034,15,0.75,0.50504346063733,0.5055339204936554,-0.0004904598563254536
r04,34,0.034,16,0.8,0.41981933397842336,0.4202270306348173,-0.00040769665639395214
r04,34,0.034,17,0.8500000000000001,0.32425786201651774,0.3245727566281938,-0.00031489461167605315
r04,34,0.034,18,0.9,0.22071208534159048,0.22092642415816374,-0.00021433881657326181
r04,34,0.034,19,0.9500000000000001,0.11173164462415802,0.11184014991259453,-0.00010850528843650564
r04,34,0.034,20,1.0,0.0,0.0,0.0
r04,35,0.035,0,0.0,0.0,0.0,0.0
r04,35,0.035,1,0.05,0.1106311630614678,0.11074176112428155,-0.00011059806281375761
r04,35,0.035,2,0.1,0.2185382197245884,0.21875669255884952,-0.00021847283426112973
r04,35,0.035,3,0.15000000000000002,0.3210641401313091,0.3213851082107801,-0.0003209680794710179
r04,35,0.035,4,0.2,0.4156843958572238,0.4160999558825388,-0.00041556002531500935
r04,35,0.035,5,0.25,0.5000691221796958,0.5005690416838894,-0.0004999195041935911
r04,35,0.035,6,0.30000000000000004,0.5721404870798652,0.5727124563855793,-0.0005719693057141262
r04,35,0.035,7,0.35000000000000003,0.630123854362685,0.6307537896873866,-0.0006299353247015693
r04,35,0.035,8,0.4,0.672591481089954,0.6732638713352794,-0.0006723902453253938
r04,35,0.035,9,0.45,0.698497673349604,0.6991959620362145,-0.000698288686610482
r04,35,0.035,10,0.5,0.7072045347105534,0.7079115276534595,-0.0007069929429061039
r04,35,0.035,11,0.55,0.698497673349604,0.6991959620362144,-0.000698288686610371
r04,35,0.035,12,0.6000000000000001,0.672591481089954,0.6732638713352794,-0.0006723902453253938
r04,35,0.035,13,0.65,0.630123854362685,0.6307537896873867,-0.0006299353247016803
r04,35,0.035,14,0.7000000000000001,0.5721404870798652,0.5727124563855793,-0.0005719693057141262
r04,35,0.035,15,0.75,0.5000691221796959,0.5005690416838895,-0.0004999195041935911
r04,35,0.035,16,0.8,0.4156843958572238,0.4160999558825389,-0.0004155600253151204
r04,35,0.035,17,0.8500000000000001,0.3210641401313091,0.32138510821077987,-0.00032096807947079586
r04,35,0.035,18,0.9,0.2185382197245884,0.2187566925588496,-0.000218472834261213
r04,35,0.035,19,0.9500000000000001,0.1106311630614678,0.11074176112428162,-0.000110598062813827
r04,35,0.035,20,1.0,0.0,0.0,0.0
r04,36,0.036000000000000004,0,0.0,0.0,0.0,0.0
r04,36,0.036000000000000004,1,0.05,0.10954152050212891,0.10965415967782427,-0.00011263917569535875
r04,36,0.036000000000000004,2,0.1,0.21638576522202843,0.216608270023089,-0.00022250480106056347
r04,36,0.036000000000000004,3,0.15000000000000002,0.3179018742589867,0.3182287658787524,-0.00032689161976567904
r04,36,0.036000000000000004,4,0.2,0.41159018409584675,0.412013413377758,-0.00042322928191124154
r04,36,0.036000000000000004,5,0.25,0.49514377761077477,0.4956529232452802,-0.0005091456345054368
r04,36,0.036000000000000004,6,0.30000000000000004,0.5665052880329253,0.5670878131647621,-0.0005825251318367641
r04,36,0.036000000000000004,7,0.35000000000000003,0.6239175581404647,0.6245591190675783,-0.0006415609271136491
r04,36,0.036000000000000004,8,0.4,0.6659669073029064,0.666651706666073,-0.0006847993631665661
r04,36,0.036000000000000004,9,0.45,0.6916179409901237,0.6923291167562821,-0.0007111757661583118
r04,36,0.036000000000000004,10,0.5,0.7002390456217938,0.700959086283346,-0.0007200406615521793
r04,36,0.036000000000000004,11,0.55,0.6916179409901237,0.692329116756282,-0.0007111757661582008
r04,36,0.036000000000000004,12,0.6000000000000001,0.6659669073029064,0.666651706666073,-0.0006847993631665661
r04,36,0.036000000000000004,13,0.65,0.6239175581404647,0.6245591190675784,-0.0006415609271137601
r04,36,0.036000000000000004,14,0.7000000000000001,0.5665052880329254,0.5670878131647621,-0.0005825251318366531
r04,36,0.036000000000000004,15,0.75,0.49514377761077477,0.49565292324528026,-0.0005091456345054923
r04,36,0.036000000000000004,16,0.8,0.41159018409584675,0.41201341337775804,-0.00042322928191129705
r04,36,0.036000000000000004,17,0.8500000000000001,0.3179018742589867,0.31822876587875215,-0.000326891619765457
r04,36,0.036000000000000004,18,0.9,0.21638576522202843,0.21660827002308908,-0.00022250480106064674
r04,36,0.036000000000000004,19,0.9500000000000001,0.10954152050212891,0.10965415967782434,-0.00011263917569542814
r04,36,0.036000000000000004,20,1.0,0.0,0.0,0.0
r04,37,0.037,0,0.0,0.0,0.0,0.0
r04,37,0.037,1,0.05,0.10846261018923715,0.10857723963009433,-0.00011462944085717519
r04,37,0.037,2,0.1,0.21425451094885192,0.21448094727329697,-0.00022643632444505069
r04,37,0.037,3,0.15000000000000002,0.31477075457894743,0.31510342217317755,-0.00033266759423011827
r04,37,0.037,4,0.2,0.40753629756707394,0.4079670050508527,-0.00043070748377876944
r04,37,0.037,5,0.25,0.49026694437366375,0.49078508629931217,-0.0005181419256484188
r04,37,0.037,6,0.30000000000000004,0.5609255919070808,0.5615184099007656,-0.0005928179936848244
r04,37,0.037,7,0.35000000000000003,0.6177723897624257,0.6184252866777028,-0.0006528969152771458
r04,37,0.037,8,0.4,0.6594075811128166,0.6601044804607796,-0.0006968993479630203
r04,37,0.037,9,0.45,0.6848059693679048,0.6855297111737432,-0.0007237418058383405
r04,37,0.037,10,0.5,0.6933421619164578,0.6940749252549372,-0.0007327633384793808
r04,37,0.037,11,0.55,0.6848059693679048,0.6855297111737432,-0.0007237418058383405
r04,37,0.037,12,0.6000000000000001,0.6594075811128166,0.6601044804607796,-0.0006968993479630203
r04,37,0.037,13,0.65,0.6177723897624257,0.6184252866777028,-0.0006528969152771458
r04,37,0.037,14,0.7000000000000001,0.5609255919070809,0.5615184099007656,-0.0005928179936847133
r04,37,0.037,15,0.75,0.4902669443736638,0.4907850862993122,-0.0005181419256484188
r04,37,0.037,16,0.8,0.40753629756707394,0.40796700505085276,-0.00043070748377882495
r04,37,0.037,17,0.8500000000000001,0.31477075457894743,0.31510342217317727,-0.0003326675942298407
r04,37,0.037,18,0.9,0.21425451094885192,0.21448094727329703,-0.0002264363244451062
r04,37,0.037,19,0.9500000000000001,0.10846261018923715,0.1085772396300944,-0.00011462944085724458
r04,37,0.037,20,1.0,0.0,0.0,0.0
r04,38,0.038,0,0.0,0.0,0.0,0.0
r04,38,0.038,1,0.05,0.1073943264173882,0.10751089607843724,-0.00011656966104903188
r04,38,0.038,2,0.1,0.2121442480970442,0.21237451708721594,-0.00023026899017172808
r04,38,0.038,3,0.15000000000000002,0.31167047432215983,0.31200877265469484,-0.0003382983325350142
r04,38,0.038,4,0.2,0.4035223390944593,0.4039603367416663,-0.0004379976472070335
r04,38,0.038,5,0.25,0.4854381446643946,0.48596505667056406,-0.0005269120061694443
r04,38,0.038,6,0.30000000000000004,0.555400852035852,0.5560037040786767,-0.0006028520428247308
r04,38,0.038,7,0.35000000000000003,0.611687747160444,0.6123516950218723,-0.0006639478614282046
r04,38,0.038,8,0.4,0.6529128598746955,0.6536215549548691,-0.0007086950801735714
r04,38,0.038,9,0.45,0.6780610910852908,0.6787970829593043,-0.0007359918740135196
r04,38,0.038,10,0.5,0.6865132078776154,0.6872583739829214,-0.000745166105306061
r04,38,0.038,11,0.55,0.6780610910852908,0.6787970829593042,-0.0007359918740134086
r04,38,0.038,12,0.6000000000000001,0.6529128598746955,0.6536215549548691,-0.0007086950801735714
r04,38,0.038,13,0.65,0.6116877471604442,0.6123516950218723,-0.0006639478614280936
r04,38,0.038,14,0.7000000000000001,0.555400852035852,0.5560037040786767,-0.0006028520428247308
r04,38,0.038,15,0.75,0.4854381446643947,0.4859650566705641,-0.0005269120061693888
r04,38,0.038,16,0.8,0.4035223390944593,0.4039603367416664,-0.0004379976472071445
r04,38,0.038,17,0.8500000000000001,0.31167047432215983,0.3120087726546946,-0.00033829833253479213
r04,38,0.038,18,0.9,0.2121442480970442,0.212374517087216,-0.0002302689901717836
r04,38,0.038,19,0.9500000000000001,0.1073943264173882,0.1075108960784373,-0.00011656966104910127
r04,38,0.038,20,1.0,0.0,0.0,0.0
r04,39,0.039,0,0.0,0.0,0.0,0.0
r04,39,0.039,1,0.05,0.10633656452229533,0.1064550251504537,-0.00011846062815837333
r04,39,0.039,2,0.1,0.21005476991522806,0.21028877427773052,-0.0002340043625024546
r04,39,0.039,3,0.15000000000000002,0.30860072974103336,0.3089445158738606,-0.0003437861328272618
r04,39,0.039,4,0.2,0.39954791541351364,0.3999930181611126,-0.00044510274759895774
r04,39,0.039,5,0.25,0.48065690538500344,0.4811923648405195,-0.0005354594555160852
r04,39,0.039,6,0.30000000000000004,0.5499305271371059,0.5505431585116531,-0.0006126313745472567
r04,39,0.039,7,0.35000000000000003,0.6056630341963078,0.6063377524722415,-0.0006747182759336834
r04,39,0.039,8,0.4,0.6464821072732331,0.6472022986473341,-0.0007201913741010646
r04,39,0.039,9,0.45,0.6713826453179825,0.6721305762884469,-0.0007479309704643278
r04,39,0.039,10,0.5,0.6797515144437557,0.6805087684678452,-0.0007572540240895487
r04,39,0.039,11,0.55,0.6713826453179825,0.6721305762884469,-0.0007479309704643278
r04,39,0.039,12,0.6000000000000001,0.6464821072732331,0.6472022986473341,-0.0007201913741010646
r04,39,0.039,13,0.65,0.6056630341963078,0.6063377524722416,-0.0006747182759337944
r04,39,0.039,14,0.7000000000000001,0.549930527137106,0.5505431585116531,-0.0006126313745471457
r04,39,0.039,15,0.75,0.48065690538500344,0.48119236484051964,-0.0005354594555161962
r04,39,0.039,16,0.8,0.3995479154135137,0.39999301816111266,-0.00044510274759895774
r04,39,0.039,17,0.8500000000000001,0.30860072974103336,0.3089445158738604,-0.00034378613282703974
r04,39,0.039,18,0.9,0.21005476991522806,0.2102887742777306,-0.00023400436250253787
r04,39,0.039,19,0.9500000000000001,0.10633656452229533,0.10645502515045377,-0.00011846062815844272
r04,39,0.039,20,1.0,0.0,0.0,0.0
r04,40,0.04,0,0.0,0.0,0.0,0.0
r04,40,0.04,1,0.05,0.10528922087055029,0.10540952399388148,-0.00012030312333119464
r04,40,0.04,2,0.1,0.2079858716883771,0.2082235156728803,-0.00023764398450321078
r04,40,0.04,3,0.15000000000000002,0.3055612200797034,0.3059103533417841,-0.00034913326208074746
r04,40,0.04,4,0.2,0.39561263713311745,0.3960646628531577,-0.0004520257200402722
r04,40,0.04,5,0.25,0.4759227580972485,0.4764665459018319,-0.0005437878045834177
r04,40,0.04,6,0.30000000000000004,0.5445140812599457,0.5451362412885971,-0.0006221600286513418
r04,40,0.04,7,0.35000000000000003,0.5996976606033971,0.6003828732113782,-0.000685212607981045
r04,40,0.04,8,0.4,0.6401146932603627,0.640846086239177,-0.0007313929788143048
r04,40,0.04,9,0.45,0.664769977750392,0.6655295417775445,-0.0007595640271524928
r04,40,0.04,10,0.5,0.6730564191431372,0.6738254512314336,-0.000769032088296373
r04,40,0.04,11,0.55,0.664769977750392,0.6655295417775444,-0.0007595640271523818
r04,40,0.04,12,0.6000000000000001,0.6401146932603627,0.640846086239177,-0.0007313929788143048
r04,40,0.04,13,0.65,0.5996976606033972,0.6003828732113782,-0.000685212607980934
r04,40,0.04,14,0.7000000000000001,0.5445140812599457,0.5451362412885971,-0.0006221600286513418
r04,40,0.04,15,0.75,0.47592275809724854,0.47646654590183196,-0.0005437878045834177
r04,40,0.04,16,0.8,0.39561263713311745,0.3960646628531578,-0.0004520257200403277
r04,40,0.04,17,0.8500000000000001,0.3055612200797034,0.3059103533417839,-0.0003491332620805254
r04,40,0.04,18,0.9,0.2079858716883771,0.20822351567288036,-0.0002376439845032663
r04,40,0.04,19,0.9500000000000001,0.10528922087055029,0.10540952399388155,-0.00012030312333126403
r04,40,0.04,20,1.0,0.0,0.0,0.0
r04,41,0.041,0,0.0,0.0,0.0,0.0
r04,41,0.041,1,0.05,0.1042521928494609,0.10437429076657657,-0.00012209791711567664
r04,41,0.041,2,0.1,0.20593735071777688,0.20617854009606884,-0.00024118937829195608
r04,41,0.041,3,0.15000000000000002,0.3025516475445385,0.3029059895010521,-0.0003543419565135708
r04,41,0.041,4,0.2,0.39171611869740425,0.39217488815717577,-0.00045876945977152417
r04,41,0.041,5,0.25,0.47123523897667496,0.47178713951303725,-0.000551900536362282
r04,41,0.041,6,0.30000000000000004,0.5391509837322473,0.5397824257223413,-0.0006314419900939061
r04,41,0.041,7,0.35000000000000003,0.5937910419288028,0.5944864771751975,-0.0006954352463947044
r04,41,0.041,8,0.4,0.6338099939935882,0.634552298572499,-0.0007423045789107796
r04,41,0.041,9,0.45,0.6582224405114784,0.6589933364206063,-0.0007708959091279333
r04,41,0.041,10,0.5,0.6664272660289411,0.6672077712525448,-0.0007805052236037335
r04,41,0.041,11,0.55,0.6582224405114784,0.6589933364206062,-0.0007708959091278222
r04,41,0.041,12,0.6000000000000001,0.6338099939935883,0.634552298572499,-0.0007423045789106686
r04,41,0.041,13,0.65,0.5937910419288028,0.5944864771751976,-0.0006954352463948155
r04,41,0.041,14,0.7000000000000001,0.5391509837322475,0.5397824257223413,-0.0006314419900937951
r04,41,0.041,15,0.75,0.47123523897667496,0.4717871395130373,-0.0005519005363623375
r04,41,0.041,16,0.8,0.39171611869740425,0.3921748881571758,-0.0004587694597715797
r04,41,0.041,17,0.8500000000000001,0.3025516475445385,0.30290598950105185,-0.00035434195651334877
r04,41,0.041,18,0.9,0.20593735071777688,0.2061785400960689,-0.0002411893782920116
r04,41,0.041,19,0.9500000000000001,0.1042521928494609,0.10437429076657666,-0.0001220979171157599
r04,41,0.041,20,1.0,0.0,0.0,0.0
r04,42,0.042,0,0.0,0.0,0.0,0.0
r04,42,0.042,1,0.05,0.10322537885700293,0.10334922462659273,-0.0001238457695897921
r04,42,0.042,2,0.1,0.20390900630115513,0.20415364834646701,-0.0002446420453118825
r04,42,0.042,3,0.15000000000000002,0.29957171727498016,0.29993113169693786,-0.00035941442195769335
r04,42,0.042,4,0.2,0.38785797834796626,0.38832331517067353,-0.00046533682270727406
r04,42,0.042,5,0.25,0.46659388876719565,0.46715368985371253,-0.0005598010865168757
r04,42,0.042,6,0.30000000000000004,0.5338407091086406,0.5344811902983444,-0.0006404811897038343
r04,42,0.042,7,0.35000000000000003,0.5879425994760947,0.5886479899964591,-0.0007053905203643351
r04,42,0.042,8,0.4,0.6275673917748301,0.6283203225701874,-0.0007529307953573205
r04,42,0.042,9,0.45,0.6517393921113074,0.6525213235266412,-0.0007819314153337809
r04,42,0.042,10,0.5,0.6598634056149709,0.6606550839037548,-0.0007916782887839036
r04,42,0.042,11,0.55,0.6517393921113074,0.652521323526641,-0.0007819314153336698
r04,42,0.042,12,0.6000000000000001,0.6275673917748301,0.6283203225701874,-0.0007529307953573205
r04,42,0.042,13,0.65,0.5879425994760948,0.5886479899964592,-0.0007053905203643351
r04,42,0.042,14,0.7000000000000001,0.5338407091086406,0.5344811902983444,-0.0006404811897038343
r04,42,0.042,15,0.75,0.46659388876719565,0.4671536898537126,-0.0005598010865169312
r04,42,0.042,16,0.8,0.38785797834796626,0.3883233151706736,-0.00046533682270732957
r04,42,0.042,17,0.8500000000000001,0.29957171727498016,0.29993113169693764,-0.0003594144219574713
r04,42,0.042,18,0.9,0.20390900630115513,0.20415364834646707,-0.000244642045311938
r04,42,0.042,19,0.9500000000000001,0.10322537885700293,0.1033492246265928,-0.0001238457695898615
r04,42,0.042,20,1.0,0.0,0.0,0.0
r04,43,0.043000000000000003,0,0.0,0.0,0.0,0.0
r04,43,0.043000000000000003,1,0.05,0.10220867829186264,0.10233422572235845,-0.0001255474304958093
r04,43,0.043000000000000003,2,0.1,0.20190063971302427,0.20214864317960893,-0.00024800346658465644
r04,43,0.043000000000000003,3,0.15000000000000002,0.2966211373146446,0.2969854901488947,-0.00036435283425007015
r04,43,0.043000000000000003,4,0.2,0.3840378380864636,0.3845095687123819,-0.0004717306259183207
r04,43,0.043000000000000003,5,0.25,0.46199825273608186,0.4625657455800744,-0.0005674928439925453
r04,43,0.043000000000000003,6,0.30000000000000004,0.5285827371190442,0.5292320186238909,-0.000649281504846666
r04,43,0.043000000000000003,7,0.35000000000000003,0.5821517602486073,0.5828668429488171,-0.0007150827002098126
r04,43,0.043000000000000003,8,0.4,0.6213862749899268,0.622149551176197,-0.0007632761862701454
r04,43,0.043000000000000003,9,0.45,0.6453201973781819,0.6461128726576384,-0.0007926752794564784
r04,43,0.043000000000000003,10,0.5,0.6533641948120401,0.6541667508885638,-0.0008025560765236861
r04,43,0.043000000000000003,11,0.55,0.6453201973781819,0.6461128726576384,-0.0007926752794564784
r04,43,0.043000000000000003,12,0.6000000000000001,0.6213862749899269,0.622149551176197,-0.0007632761862700344
r04,43,0.043000000000000003,13,0.65,0.5821517602486073,0.5828668429488172,-0.0007150827002099236
r04,43,0.043000000000000003,14,0.7000000000000001,0.5285827371190444,0.5292320186238909,-0.000649281504846555
r04,43,0.043000000000000003,15,0.75,0.46199825273608186,0.46256574558007446,-0.0005674928439926008
r04,43,0.043000000000000003,16,0.8,0.3840378380864636,0.38450956871238196,-0.0004717306259183762
r04,43,0.043000000000000003,17,0.8500000000000001,0.29662113731464457,0.29698549014889447,-0.0003643528342499036
r04,43,0.043000000000000003,18,0.9,0.20190063971302427,0.202148643179609,-0.0002480034665847397
r04,43,0.043000000000000003,19,0.9500000000000001,0.10220867829186264,0.10233422572235852,-0.0001255474304958787
r04,43,0.043000000000000003,20,1.0,0.0,0.0,0.0
r04,44,0.044,0,0.0,0.0,0.0,0.0
r04,44,0.044,1,0.05,0.10120199154358224,0.1013291951829505,-0.00012720363936825907
r04,44,0.044,2,0.1,0.19991205418520777,0.2001633292881784,-0.0002512751029706273
r04,44,0.044,3,0.15000000000000002,0.2936996185827241,0.29406877792232766,-0.0003691593396035753
r04,44,0.044,4,0.2,0.3802553236375833,0.38073327728570927,-0.00047795364812597274
r04,44,0.044,5,0.25,0.4574478806294195,0.45802285978101365,-0.0005749791515941571
r04,44,0.044,6,0.30000000000000004,0.5233765526176845,0.5240343993777884,-0.0006578467601039417
r04,44,0.044,7,0.35000000000000003,0.5764179568933099,0.5771424728914213,-0.000724515998111408
r04,44,0.044,8,0.4,0.6152660380487011,0.6160393832964159,-0.000773345247714885
r04,44,0.044,9,0.45,0.6389642273964231,0.6397673595671568,-0.0008031321707336891
r04,44,0.044,10,0.5,0.6469289968649535,0.6477421401792199,-0.0008131433142664068
r04,44,0.044,11,0.55,0.6389642273964232,0.6397673595671568,-0.0008031321707335781
r04,44,0.044,12,0.6000000000000001,0.6152660380487011,0.6160393832964159,-0.000773345247714885
r04,44,0.044,13,0.65,0.57641795689331,0.5771424728914213,-0.000724515998111297
r04,44,0.044,14,0.7000000000000001,0.5233765526176846,0.5240343993777884,-0.0006578467601038307
r04,44,0.044,15,0.75,0.45744788062941955,0.4580228597810137,-0.0005749791515941571
r04,44,0.044,16,0.8,0.3802553236375833,0.3807332772857094,-0.00047795364812608376
r04,44,0.044,17,0.8500000000000001,0.29369961858272403,0.29406877792232744,-0.00036915933960340874
r04,44,0.044,18,0.9,0.19991205418520774,0.20016332928817845,-0.00025127510297071054
r04,44,0.044,19,0.9500000000000001,0.10120199154358224,0.10132919518295058,-0.00012720363936834234
r04,44,0.044,20,1.0,0.0,0.0,0.0
r04,45,0.045,0,0.0,0.0,0.0,0.0
r04,45,0.045,1,0.05,0.10020521998279956,0.1003340351084629,-0.0001288151256633313
r04,45,0.045,2,0.1,0.19794305488756408,0.198197513282984,-0.0002544583954199042
r04,45,0.045,3,0.15000000000000002,0.29080687484566126,0.2911807109006436,-0.00037383605498236827
r04,45,0.045,4,0.2,0.3765100644123741,0.3769940730425544,-0.00048400863018027707
r04,45,0.045,5,0.25,0.452942326627991,0.45352458993456174,-0.0005822633065707405
r04,45,0.045,6,0.30000000000000004,0.5182216455326286,0.518887826260561,-0.0006661807279323417
r04,45,0.045,7,0.35000000000000003,0.5707406276452162,0.5714743222140611,-0.0007336945688449781
r04,45,0.045,8,0.4,0.6092060813256334,0.6099892237401134,-0.0007831424144800758
r04,45,0.045,9,0.45,0.6326708594447464,0.6334841661395165,-0.0008133066947700884
r04,45,0.045,10,0.5,0.6405571812901293,0.6413806259551538,-0.0008234446650244864
r04,45,0.045,11,0.55,0.6326708594447464,0.6334841661395165,-0.0008133066947700884
r04,45,0.045,12,0.6000000000000001,0.6092060813256335,0.6099892237401134,-0.0007831424144799648
r04,45,0.045,13,0.65,0.5707406276452163,0.5714743222140612,-0.0007336945688449781
r04,45,0.045,14,0.7000000000000001,0.5182216455326287,0.518887826260561,-0.0006661807279322307
r04,45,0.045,15,0.75,0.45294232662799105,0.45352458993456185,-0.0005822633065707961
r04,45,0.045,16,0.8,0.3765100644123741,0.3769940730425545,-0.0004840086301803881
r04,45,0.045,17,0.8500000000000001,0.2908068748456612,0.2911807109006434,-0.00037383605498220174
r04,45,0.045,18,0.9,0.19794305488756406,0.19819751328298407,-0.00025445839542001525
r04,45,0.045,19,0.9500000000000001,0.10020521998279955,0.10033403510846296,-0.00012881512566341458
r04,45,0.045,20,1.0,0.0,0.0,0.0
r04,46,0.046,0,0.0,0.0,0.0,0.0
r04,46,0.046,1,0.05,0.09921826595158555,0.09934864856047046,-0.00013038260888491304
r04,46,0.046,2,0.1,0.19599344890889714,0.19625100367412115,-0.0002575547652240162
r04,46,0.046,3,0.15000000000000002,0.28794262268910753,0.2883210077575756,-0.00037838506846804565
r04,46,0.046,4,0.2,0.3728016934719357,0.37329159174747417,-0.0004898982755384695
r04,46,0.046,5,0.25,0.4484811493035993,0.4490704978647851,-0.0005893485611858096
r04,46,0.046,6,0.30000000000000004,0.5131175108158086,0.5137917979451297,-0.0006742871293211605
r04,46,0.046,7,0.35000000000000003,0.5651192162723481,0.5658618387828498,-0.0007426225105017226
r04,46,0.046,8,0.4,0.6032058111011117,0.6039984831619629,-0.0007926720608512072
r04,46,0.046,9,0.45,0.6264394769352544,0.627262680329589,-0.0008232033943346151
r04,46,0.046,10,0.5,0.634248123813823,0.6350815885420171,-0.0008334647281941221
r04,46,0.046,11,0.55,0.6264394769352544,0.6272626803295889,-0.0008232033943345041
r04,46,0.046,12,0.6000000000000001,0.6032058111011118,0.6039984831619629,-0.0007926720608510962
r04,46,0.046,13,0.65,0.5651192162723482,0.5658618387828499,-0.0007426225105017226
r04,46,0.046,14,0.7000000000000001,0.5131175108158087,0.5137917979451297,-0.0006742871293210495
r04,46,0.046,15,0.75,0.44848114930359934,0.44907049786478515,-0.0005893485611858096
r04,46,0.046,16,0.8,0.3728016934719357,0.3732915917474742,-0.000489898275538525
r04,46,0.046,17,0.8500000000000001,0.28794262268910753,0.2883210077575754,-0.0003783850684678791
r04,46,0.046,18,0.9,0.1959934489088971,0.19625100367412124,-0.00025755476522412724
r04,46,0.046,19,0.9500000000000001,0.09921826595158553,0.09934864856047053,-0.0001303826088849963
r04,46,0.046,20,1.0,0.0,0.0,0.0
r04,47,0.047,0,0.0,0.0,0.0,0.0
r04,47,0.047,1,0.05,0.09824103275387597,0.09837293955258605,-0.00013190679871008526
r04,47,0.047,2,0.1,0.19406304523805668,0.194323610852319,-0.00026056561426232583
r04,47,0.047,3,0.15000000000000002,0.28510658149015466,0.2854893899297785,-0.0003828084396238496
r04,47,0.047,4,0.2,0.3691298474914699,0.36962547274220325,-0.000495625250733378
r04,47,0.047,5,0.25,0.4440639115758176,0.44466014969910156,-0.0005962381232839653
r04,47,0.047,6,0.30000000000000004,0.5080636483935407,0.5087458180279791,-0.0006821696344384565
r04,47,0.047,7,0.35000000000000003,0.5595531720212378,0.5603044758864396,-0.0007513038652018356
r04,47,0.047,8,0.4,0.5972646395032634,0.5980665780046327,-0.000801938501369337
r04,47,0.047,9,0.45,0.6202694693530247,0.6211022961031767,-0.0008328267501519493
r04,47,0.047,10,0.5,0.6280012063109681,0.6288444143513202,-0.0008432080403520947
r04,47,0.047,11,0.55,0.6202694693530248,0.6211022961031766,-0.0008328267501517272
r04,47,0.047,12,0.6000000000000001,0.5972646395032634,0.5980665780046327,-0.000801938501369337
r04,47,0.047,13,0.65,0.5595531720212379,0.5603044758864396,-0.0007513038652017245
r04,47,0.047,14,0.7000000000000001,0.5080636483935408,0.5087458180279791,-0.0006821696344383454
r04,47,0.047,15,0.75,0.44406391157581765,0.4446601496991016,-0.0005962381232839653
r04,47,0.047,16,0.8,0.3691298474914699,0.3696254727422033,-0.0004956252507334336
r04,47,0.047,17,0.8500000000000001,0.2851065814901546,0.2854893899297783,-0.00038280843962368305
r04,47,0.047,18,0.9,0.19406304523805665,0.19432361085231908,-0.00026056561426243685
r04,47,0.047,19,0.9500000000000001,0.09824103275387595,0.09837293955258612,-0.00013190679871016853
r04,47,0.047,20,1.0,0.0,0.0,0.0
r04,48,0.048,0,0.0,0.0,0.0,0.0
r04,48,0.048,1,0.05,0.09727342464599786,0.09740681304111064,-0.000133388395112774
r04,48,0.048,2,0.1,0.19215165474522358,0.19241514707047078,-0.00026349232524719435
r04,48,0.048,3,0.15000000000000002,0.28229847338984154,0.2826855815896947,-0.0003871081998531589
r04,48,0.048,4,0.2,0.3654941667246829,0.36599535891052315,-0.0005011921858402713
r04,48,0.048,5,0.25,0.43969018066916776,0.44029311582601816,-0.0006029351568503927
r04,48,0.048,6,0.30000000000000004,0.5030595631175303,0.5037493949808023,-0.0006898318632719835
r04,48,0.048,7,0.35000000000000003,0.5540419495629691,0.5548016921827681,-0.0007597426197989421
r04,48,0.048,8,0.4,0.5913819844503577,0.5921929304419431,-0.0008109459915853767
r04,48,0.048,9,0.45,0.6141602321962976,0.6150024133779811,-0.0008421811816835545
r04,48,0.048,10,0.5,0.6218158167446135,0.622668495820663,-0.0008526790760494674
r04,48,0.048,11,0.55,0.6141602321962976,0.615002413377981,-0.0008421811816834435
r04,48,0.048,12,0.6000000000000001,0.5913819844503577,0.5921929304419431,-0.0008109459915853767
r04,48,0.048,13,0.65,0.5540419495629693,0.5548016921827682,-0.0007597426197989421
r04,48,0.048,14,0.7000000000000001,0.5030595631175304,0.5037493949808023,-0.0006898318632718725
r04,48,0.048,15,0.75,0.4396901806691678,0.44029311582601827,-0.0006029351568504482
r04,48,0.048,16,0.8,0.3654941667246829,0.3659953589105232,-0.0005011921858403268
r04,48,0.048,17,0.8500000000000001,0.28229847338984154,0.2826855815896945,-0.0003871081998529369
r04,48,0.048,18,0.9,0.19215165474522355,0.19241514707047083,-0.0002634923252472776
r04,48,0.048,19,0.9500000000000001,0.09727342464599785,0.0974068130411107,-0.00013338839511285727
r04,48,0.048,20,1.0,0.0,0.0,0.0
r04,49,0.049,0,0.0,0.0,0.0,0.0
r04,49,0.049,1,0.05,0.09631534682728901,0.09645017491577496,-0.0001348280884859443
r04,49,0.049,2,0.1,0.19025909016338047,0.19052542642534506,-0.0002663362619645948
r04,49,0.049,3,0.15000000000000002,0.2795180232659309,0.2799093096186852,-0.00039128635275431645
r04,49,0.049,4,0.2,0.3618942949685403,0.3624008966434746,-0.0005066016749342706
r04,49,0.049,5,0.25,0.43535952807071887,0.43596897085328157,-0.0006094427825626969
r04,49,0.049,6,0.30000000000000004,0.49810476471636084,0.4988020421026208,-0.0006972773862599646
r04,49,0.049,7,0.35000000000000003,0.548585008939749,0.5493529516463255,-0.0007679427065764299
r04,49,0.049,8,0.4,0.5855572695937782,0.5863769683225795,-0.0008196987288012769
r04,49,0.049,9,0.45,0.608111166917248,0.6089624379651469,-0.0008512710478989494
r04,49,0.049,10,0.5,0.6156913491059608,0.6165532313545514,-0.0008618822485906286
r04,49,0.049,11,0.55,0.608111166917248,0.6089624379651469,-0.0008512710478989494
r04,49,0.049,12,0.6000000000000001,0.5855572695937783,0.5863769683225795,-0.0008196987288011659
r04,49,0.049,13,0.65,0.5485850089397492,0.5493529516463255,-0.0007679427065763189
r04,49,0.049,14,0.7000000000000001,0.4981047647163609,0.4988020421026208,-0.0006972773862599091
r04,49,0.049,15,0.75,0.43535952807071887,0.4359689708532816,-0.0006094427825627524
r04,49,0.049,16,0.8,0.3618942949685403,0.36240089664347463,-0.0005066016749343261
r04,49,0.049,17,0.8500000000000001,0.2795180232659309,0.279909309618685,-0.0003912863527540944
r04,49,0.049,18,0.9,0.19025909016338047,0.19052542642534512,-0.0002663362619646503
r04,49,0.049,19,0.9500000000000001,0.096315346827289,0.09645017491577501,-0.00013482808848601369
r04,49,0.049,20,1.0,0.0,0.0,0.0
r04,50,0.05,0,0.0,0.0,0.0,0.0
r04,50,0.05,1,0.05,0.09536670543081,0.09550293199057233,-0.00013622655976233689
r04,50,0.05,2,0.1,0.18838516606996406,0.18865426483947736,-0.0002690987695133096
r04,50,0.05,3,0.15000000000000002,0.2767649587059545,0.27716030358042576,-0.00039534487447123734
r04,50,0.05,4,0.2,0.358329879528368,0.35884173580491324,-0.0005118562765452639
r04,50,0.05,5,0.25,0.43107152948810423,0.4316872935664414,-0.0006157640783371887
r04,50,0.05,6,0.30000000000000004,0.49319876774745935,0.493903277472376,-0.0007045097249166465
r04,50,0.05,7,0.35000000000000003,0.5431818155120054,0.5439577235159403,-0.0007759080039348998
r04,50,0.05,8,0.4,0.5797899242615544,0.5806181251143597,-0.0008282008528053275
r04,50,0.05,9,0.45,0.6021216808633452,0.6029817815113837,-0.000860100648038542
r04,50,0.05,10,0.5,0.6096272033549905,0.6104980252657972,-0.0008708219108066739
r04,50,0.05,11,0.55,0.6021216808633453,0.6029817815113837,-0.000860100648038431
r04,50,0.05,12,0.6000000000000001,0.5797899242615545,0.5806181251143597,-0.0008282008528052165
r04,50,0.05,13,0.65,0.5431818155120055,0.5439577235159404,-0.0007759080039348998
r04,50,0.05,14,0.7000000000000001,0.4931987677474594,0.493903277472376,-0.000704509724916591
r04,50,0.05,15,0.75,0.43107152948810423,0.4316872935664415,-0.0006157640783372442
r04,50,0.05,16,0.8,0.358329879528368,0.3588417358049133,-0.0005118562765453194
r04,50,0.05,17,0.8500000000000001,0.27676495870595447,0.27716030358042554,-0.0003953448744710708
r04,50,0.05,18,0.9,0.18838516606996406,0.18865426483947742,-0.0002690987695133651
r04,50,0.05,19,0.9500000000000001,0.09536670543080998,0.0955029319905724,-0.00013622655976242015
r04,50,0.05,20,1.0,0.0,0.0,0.0
r04,51,0.051000000000000004,0,0.0,0.0,0.0,0.0
r04,51,0.051000000000000004,1,0.05,0.09442740751414762,0.09456499199468145,-0.0001375844805338311
r04,51,0.051000000000000004,2,0.1,0.1865296988686986,0.1868014800432388,-0.0002717811745401866
r04,51,0.051000000000000004,3,0.15000000000000002,0.2740390099805237,0.27443829569456313,-0.00039928571403941016
r04,51,0.051000000000000004,4,0.2,0.3548005711832971,0.3553175296974027,-0.0005169585141056032
r04,51,0.051000000000000004,5,0.25,0.4268257648079518,0.4274476668878194,-0.0006219020798675645
r04,51,0.051000000000000004,6,0.30000000000000004,0.4883410915495357,0.4890526239019844,-0.0007115323524486961
r04,51,0.051000000000000004,7,0.35000000000000003,0.5378318399060066,0.5386154822430784,-0.0007836423370718437
r04,51,0.051000000000000004,8,0.4,0.5740793834024511,0.5749158398490477,-0.0008364564465965785
r04,51,0.051000000000000004,9,0.45,0.596191187219287,0.5970598614416534,-0.0008686742223663613
r04,51,0.051000000000000004,10,0.5,0.6036227853616742,0.6045022877174911,-0.0008795023558169079
r04,51,0.051000000000000004,11,0.55,0.5961911872192871,0.5970598614416534,-0.0008686742223662502
r04,51,0.051000000000000004,12,0.6000000000000001,0.5740793834024512,0.5749158398490477,-0.0008364564465964675
r04,51,0.051000000000000004,13,0.65,0.5378318399060067,0.5386154822430785,-0.0007836423370718437
r04,51,0.051000000000000004,14,0.7000000000000001,0.48834109154953576,0.4890526239019844,-0.0007115323524486405
r04,51,0.051000000000000004,15,0.75,0.4268257648079518,0.42744766688781943,-0.00062190207986762
r04,51,0.051000000000000004,16,0.8,0.35480057118329705,0.35531752969740277,-0.0005169585141057143
r04,51,0.051000000000000004,17,0.8500000000000001,0.2740390099805237,0.2744382956945629,-0.0003992857140391881
r04,51,0.051000000000000004,18,0.9,0.18652969886869858,0.18680148004323885,-0.00027178117454026984
r04,51,0.051000000000000004,19,0.9500000000000001,0.09442740751414762,0.09456499199468152,-0.0001375844805339005
r04,51,0.051000000000000004,20,1.0,0.0,0.0,0.0
r04,52,0.052000000000000005,0,0.0,0.0,0.0,0.0
r04,52,0.052000000000000005,1,0.05,0.09349736105030897,0.09363626356347823,-0.00013890251316926727
r04,52,0.052000000000000005,2,0.1,0.18469250677160826,0.18496689155708151,-0.0002743847854732584
r04,52,0.052000000000000005,3,0.15000000000000002,0.27133991001690305,0.2717430208106311,-0.0004031107937280676
r04,52,0.052000000000000005,4,0.2,0.35130602415204965,0.35182793502844284,-0.0005219108763931946
r04,52,0.052000000000000005,5,0.25,0.4226218180547235,0.4232496778358822,-0.0006278597811587017
r04,52,0.052000000000000005,6,0.30000000000000004,0.4835312601954905,0.48424960888985547,-0.0007183486943649897
r04,52,0.052000000000000005,7,0.35000000000000003,0.532534557961996,0.5333257074406493,-0.0007911494786533302
r04,52,0.052000000000000005,8,0.4,0.5684250875306076,0.5692695570677102,-0.000844469537102599
r04,52,0.052000000000000005,9,0.45,0.5903191049495076,0.5911961009024223,-0.0008769959529146831
r04,52,0.052000000000000005,10,0.5,0.5976775068477644,0.5985654346655478,-0.0008879278177833516
r04,52,0.052000000000000005,11,0.55,0.5903191049495076,0.5911961009024221,-0.0008769959529145721
r04,52,0.052000000000000005,12,0.6000000000000001,0.5684250875306077,0.5692695570677102,-0.000844469537102488
r04,52,0.052000000000000005,13,0.65,0.5325345579619961,0.5333257074406493,-0.0007911494786532192
r04,52,0.052000000000000005,14,0.7000000000000001,0.48353126019549053,0.48424960888985547,-0.0007183486943649342
r04,52,0.052000000000000005,15,0.75,0.4226218180547235,0.42324967783588224,-0.0006278597811587572
r04,52,0.052000000000000005,16,0.8,0.35130602415204965,0.3518279350284429,-0.0005219108763932501
r04,52,0.052000000000000005,17,0.8500000000000001,0.271339910016903,0.2717430208106309,-0.00040311079372790104
r04,52,0.052000000000000005,18,0.9,0.18469250677160826,0.1849668915570816,-0.00027438478547334166
r04,52,0.052000000000000005,19,0.9500000000000001,0.09349736105030895,0.0936362635634783,-0.00013890251316935054
r04,52,0.052000000000000005,20,1.0,0.0,0.0,0.0
r04,53,0.053,0,0.0,0.0,0.0,0.0
r04,53,0.053,1,0.05,0.09257647491870509,0.092716656229636,-0.00014018131093090913
r04,53,0.053,2,0.1,0.18287340978120648,0.18315032067395803,-0.00027691089275155845
r04,53,0.053,3,0.15000000000000002,0.26866739437284376,0.26907421638222195,-0.0004068220093781938
r04,53,0.053,4,0.2,0.3478458960590605,0.34837261187702956,-0.0005267158179690368
r04,53,0.053,5,0.25,0.41845927734996075,0.41909291748501265,-0.000633640135051905
r04,53,0.053,6,0.30000000000000004,0.4787688024457859,0.47949376457486476,-0.0007249621290788544
r04,53,0.053,7,0.35000000000000003,0.5272894506828384,0.5280878838323149,-0.000798433149476474
r04,53,0.053,8,0.4,0.562826482670723,0.5636787267666091,-0.0008522440958861344
r04,53,0.053,9,0.45,0.5845048587412504,0.5853899287054696,-0.0008850699642192206
r04,53,0.053,10,0.5,0.591790785329159,0.5926868878018133,-0.0008961024726543698
r04,53,0.053,11,0.55,0.5845048587412504,0.5853899287054696,-0.0008850699642192206
r04,53,0.053,12,0.6000000000000001,0.562826482670723,0.5636787267666091,-0.0008522440958861344
r04,53,0.053,13,0.65,0.5272894506828385,0.5280878838323149,-0.000798433149476363
r04,53,0.053,14,0.7000000000000001,0.47876880244578596,0.47949376457486476,-0.0007249621290787989
r04,53,0.053,15,0.75,0.41845927734996075,0.4190929174850127,-0.0006336401350519605
r04,53,0.053,16,0.8,0.3478458960590605,0.3483726118770296,-0.0005267158179690923
r04,53,0.053,17,0.8500000000000001,0.26866739437284376,0.26907421638222173,-0.00040682200937797175
r04,53,0.053,18,0.9,0.18287340978120642,0.1831503206739581,-0.00027691089275166947
r04,53,0.053,19,0.9500000000000001,0.09257647491870509,0.09271665622963607,-0.00014018131093097852
r04,53,0.053,20,1.0,0.0,0.0,0.0
r04,54,0.054,0,0.0,0.0,0.0,0.0
r04,54,0.054,1,0.05,0.0916646588962236,0.09180608041431312,-0.00014142151808951842
r04,54,0.054,2,0.1,0.18107222967286082,0.18135159044191337,-0.00027936076905255014
r04,54,0.054,3,0.15000000000000002,0.2660212012106756,0.26643162244141183,-0.0004104212307362576
r04,54,0.054,4,0.2,0.3444198479009339,0.34495122366054326,-0.000531375759609376
r04,54,0.054,5,0.25,0.4143377348719307,0.4149769809256765,-0.0006392460537457678
r04,54,0.054,6,0.30000000000000004,0.4740532517022768,0.47478462769077984,-0.0007313759885030358
r04,54,0.054,7,0.35000000000000003,0.5220960041831713,0.5229015012022967,-0.0008054970191254673
r04,54,0.054,8,0.4,0.5572830203037801,0.5581428043436258,-0.0008597840398457679
r04,54,0.054,9,0.45,0.5787478789482029,0.5796407792722483,-0.0008929003240454314
r04,54,0.054,10,0.5,0.5859620440588321,0.5868660744977329,-0.0009040304389007492
r04,54,0.054,11,0.55,0.5787478789482029,0.5796407792722482,-0.0008929003240453204
r04,54,0.054,12,0.6000000000000001,0.5572830203037802,0.5581428043436258,-0.0008597840398456569
r04,54,0.054,13,0.65,0.5220960041831713,0.5229015012022967,-0.0008054970191254673
r04,54,0.054,14,0.7000000000000001,0.4740532517022769,0.47478462769077984,-0.0007313759885029247
r04,54,0.054,15,0.75,0.41433773487193076,0.41497698092567653,-0.0006392460537457678
r04,54,0.054,16,0.8,0.3444198479009339,0.3449512236605433,-0.0005313757596094315
r04,54,0.054,17,0.8500000000000001,0.2660212012106755,0.26643162244141166,-0.00041042123073614656
r04,54,0.054,18,0.9,0.18107222967286082,0.18135159044191343,-0.00027936076905260565
r04,54,0.054,19,0.9500000000000001,0.09166465889622359,0.09180608041431318,-0.0001414215180895878
r04,54,0.054,20,1.0,0.0,0.0,0.0
r04,55,0.055,0,0.0,0.0,0.0,0.0
r04,55,0.055,1,0.05,0.09076182364838906,0.0909044474184271,-0.00014262377003804172
r04,55,0.055,2,0.1,0.17928878997733183,0.17957052564684842,-0.00028173566951658624
r04,55,0.055,3,0.15000000000000002,0.263401071271653,0.2638149815734376,-0.0004139103017845591
r04,55,0.055,4,0.2,0.34102754401322927,0.3415634371019624,-0.0005358930887331415
r04,55,0.055,5,0.25,0.4102567868156704,0.4109014672249802,-0.0006446804093098168
r04,55,0.055,6,0.30000000000000004,0.46938414596249617,0.4701217395211339,-0.000737593558637728
r04,55,0.055,7,0.35000000000000003,0.5169537096390571,0.5177660543456762,-0.0008123447066191725
r04,55,0.055,8,0.4,0.5517941573133057,0.552661250545212,-0.0008670932319062574
r04,55,0.055,9,0.45,0.5730476015346855,0.573948092578792,-0.0009004910441064995
r04,55,0.055,10,0.5,0.5801907119703288,0.5811024277485709,-0.000911715778242117
r04,55,0.055,11,0.55,0.5730476015346855,0.5739480925787919,-0.0009004910441063885
r04,55,0.055,12,0.6000000000000001,0.5517941573133057,0.552661250545212,-0.0008670932319062574
r04,55,0.055,13,0.65,0.5169537096390571,0.5177660543456764,-0.0008123447066192835
r04,55,0.055,14,0.7000000000000001,0.46938414596249617,0.4701217395211339,-0.000737593558637728
r04,55,0.055,15,0.75,0.41025678681567046,0.4109014672249803,-0.0006446804093098168
r04,55,0.055,16,0.8,0.34102754401322927,0.34156343710196246,-0.000535893088733197
r04,55,0.055,17,0.8500000000000001,0.26340107127165296,0.2638149815734374,-0.0004139103017844481
r04,55,0.055,18,0.9,0.1792887899773318,0.17957052564684847,-0.0002817356695166695
r04,55,0.055,19,0.9500000000000001,0.09076182364838904,0.09090444741842717,-0.00014262377003812499
r04,55,0.055,20,1.0,0.0,0.0,0.0
r04,56,0.056,0,0.0,0.0,0.0,0.0
r04,56,0.056,1,0.05,0.08986788072061054,0.09001166941401442,-0.00014378869340388178
r04,56,0.056,2,0.1,0.17752291596348319,0.17780695279545203,-0.00028403683196884244
r04,56,0.056,3,0.15000000000000002,0.260806747850555,0.2612240388916216,-0.0004172910410665809
r04,56,0.056,4,0.2,0.33766865203757523,0.3382089221973989,-0.0005402701598236637
r04,56,0.056,5,0.25,0.40621603335342427,0.40686597938761626,-0.0006499460341919949
r04,56,0.056,6,0.30000000000000004,0.46476102777439027,0.4655046458545416,-0.0007436180801513315
r04,56,0.056,7,0.35000000000000003,0.5118620632381321,0.5126810430191826,-0.0008189797810504995
r04,56,0.056,8,0.4,0.5463593559321581,0.5472335314138601,-0.0008741754817019887
r04,56,0.056,9,0.45,0.5674034680203909,0.5683113141011629,-0.0009078460807719901
r04,56,0.056,10,0.5,0.5744762236218142,0.5753953861181791,-0.0009191624963649225
r04,56,0.056,11,0.55,0.5674034680203909,0.5683113141011628,-0.0009078460807718791
r04,56,0.056,12,0.6000000000000001,0.5463593559321581,0.5472335314138601,-0.0008741754817019887
r04,56,0.056,13,0.65,0.5118620632381322,0.5126810430191826,-0.0008189797810503885
r04,56,0.056,14,0.7000000000000001,0.46476102777439027,0.4655046458545416,-0.0007436180801513315
r04,56,0.056,15,0.75,0.40621603335342427,0.4068659793876163,-0.0006499460341920504
r04,56,0.056,16,0.8,0.33766865203757523,0.33820892219739895,-0.0005402701598237192
r04,56,0.056,17,0.8500000000000001,0.260806747850555,0.26122403889162144,-0.00041729104106641435
r04,56,0.056,18,0.9,0.17752291596348316,0.17780695279545208,-0.0002840368319689257
r04,56,0.056,19,0.9500000000000001,0.08986788072061053,0.09001166941401449,-0.00014378869340396505
r04,56,0.056,20,1.0,0.0,0.0,0.0
r04,57,0.057,0,0.0,0.0,0.0,0.0
r04,57,0.057,1,0.05,0.08898274252951538,0.08912765943567527,-0.00014491690615989206
r04,57,0.057,2,0.1,0.17577443462116285,0.17606070009830133,-0.0002862654771384754
r04,57,0.057,3,0.15000000000000002,0.2582379767705344,0.2586585420125437,-0.00042056524200928536
r04,57,0.057,4,0.2,0.33434284288910676,0.33488735218395255,-0.0005445092948457853
r04,57,0.057,5,0.25,0.40221507859547107,0.4028701243171915,-0.0006550457217204264
r04,57,0.057,6,0.30000000000000004,0.4601834441915006,0.4609328969404549,-0.0007494527489543268
r04,57,0.057,7,0.35000000000000003,0.5068205661302458,0.5076459718924635,-0.0008254057622176791
r04,57,0.057,8,0.4,0.5409780836898408,0.5418591182360916,-0.0008810345462507696
r04,57,0.057,9,0.45,0.5618149254256671,0.5627298947614361,-0.0009149693357689559
r04,57,0.057,10,0.5,0.5688180191406755,0.5697443936843071,-0.0009263745436315363
r04,57,0.057,11,0.55,0.5618149254256671,0.5627298947614361,-0.0009149693357689559
r04,57,0.057,12,0.6000000000000001,0.5409780836898409,0.5418591182360916,-0.0008810345462506586
r04,57,0.057,13,0.65,0.5068205661302458,0.5076459718924635,-0.0008254057622176791
r04,57,0.057,14,0.7000000000000001,0.46018344419150065,0.4609328969404549,-0.0007494527489542713
r04,57,0.057,15,0.75,0.40221507859547107,0.40287012431719155,-0.0006550457217204819
r04,57,0.057,16,0.8,0.33434284288910676,0.33488735218395266,-0.0005445092948458963
r04,57,0.057,17,0.8500000000000001,0.25823797677053434,0.25865854201254346,-0.0004205652420091188
r04,57,0.057,18,0.9,0.17577443462116285,0.1760607000983014,-0.00028626547713855865
r04,57,0.057,19,0.9500000000000001,0.08898274252951537,0.08912765943567533,-0.00014491690615996144
r04,57,0.057,20,1.0,0.0,0.0,0.0
r04,58,0.058,0,0.0,0.0,0.0,0.0
r04,58,0.058,1,0.05,0.08810632235436822,0.08825233137210217,-0.0001460090177339557
r04,58,0.058,2,0.1,0.17404317464425248,0.1743315974531276,-0.0002884228088751162
r04,58,0.058,3,0.15000000000000002,0.2556945063582147,0.25611824103145614,-0.000423734673241416
r04,58,0.058,4,0.2,0.3310497907242235,0.3315984035078812,-0.0005486127836576982
r04,58,0.058,5,0.25,0.39825353055133716,0.3989135127779361,-0.0006599822265989097
r04,58,0.058,6,0.30000000000000004,0.45565094672858686,0.45640604744535274,-0.0007551007167658774
r04,58,0.058,7,0.35000000000000003,0.5018287243785857,0.502660350499836,-0.0008316261212503173
r04,58,0.058,8,0.4,0.5356498133603333,0.5365374874909542,-0.0008876741306208524
r04,58,0.058,9,0.45,0.55628142621734,0.5572032908742139,-0.0009218646568739386
r04,58,0.058,10,0.5,0.5632155441686688,0.5641488999844502,-0.000933355815781356
r04,58,0.058,11,0.55,0.55628142621734,0.5572032908742138,-0.0009218646568738276
r04,58,0.058,12,0.6000000000000001,0.5356498133603333,0.5365374874909542,-0.0008876741306208524
r04,58,0.058,13,0.65,0.5018287243785858,0.5026603504998362,-0.0008316261212503173
r04,58,0.058,14,0.7000000000000001,0.4556509467285869,0.45640604744535274,-0.0007551007167658219
r04,58,0.058,15,0.75,0.39825353055133716,0.39891351277793613,-0.0006599822265989652
r04,58,0.058,16,0.8,0.3310497907242235,0.3315984035078813,-0.0005486127836577537
r04,58,0.058,17,0.8500000000000001,0.2556945063582147,0.256118241031456,-0.00042373467324124947
r04,58,0.058,18,0.9,0.17404317464425245,0.17433159745312765,-0.00028842280887519944
r04,58,0.058,19,0.9500000000000001,0.08810632235436822,0.08825233137210223,-0.0001460090177340112
r04,58,0.058,20,1.0,0.0,0.0,0.0
r04,59,0.059000000000000004,0,0.0,0.0,0.0,0.0
r04,59,0.059000000000000004,1,0.05,0.08723853432857463,0.08738559995769196,-0.00014706562911732945
r04,59,0.059000000000000004,2,0.1,0.17232896641388368,0.1726194764282466,-0.00029051001436292134
r04,59,0.059000000000000004,3,0.15000000000000002,0.25317608741903336,0.2536028884979408,-0.0004268010789074683
r04,59,0.059000000000000004,4,0.2,0.32778917290866544,0.3283417557930832,-0.0005525828844177849
r04,59,0.059000000000000004,5,0.25,0.3943310010913916,0.39499575935678777,-0.0006647582653961925
r04,59,0.059000000000000004,6,0.30000000000000004,0.4511630913176865,0.451923656409361,-0.0007605650916744922
r04,59,0.059000000000000004,7,0.35000000000000003,0.49688604891128524,0.49772369319251,-0.0008376442812247364
r04,59,0.059000000000000004,8,0.4,0.530374022910437,0.5312681207990263,-0.0008940978885892958
r04,59,0.059000000000000004,9,0.45,0.5508024282550689,0.5517309640936651,-0.0009285358385962006
r04,59,0.059000000000000004,10,0.5,0.5576682498076058,0.5586083599622287,-0.0009401101546229196
r04,59,0.059000000000000004,11,0.55,0.5508024282550689,0.551730964093665,-0.0009285358385960896
r04,59,0.059000000000000004,12,0.6000000000000001,0.530374022910437,0.5312681207990263,-0.0008940978885892958
r04,59,0.059000000000000004,13,0.65,0.4968860489112853,0.49772369319251003,-0.0008376442812247364
r04,59,0.059000000000000004,14,0.7000000000000001,0.45116309131768656,0.451923656409361,-0.0007605650916744366
r04,59,0.059000000000000004,15,0.75,0.39433100109139163,0.3949957593567878,-0.0006647582653961925
r04,59,0.059000000000000004,16,0.8,0.32778917290866544,0.3283417557930833,-0.0005525828844178404
r04,59,0.059000000000000004,17,0.8500000000000001,0.25317608741903336,0.25360288849794066,-0.0004268010789073018
r04,59,0.059000000000000004,18,0.9,0.17232896641388368,0.17261947642824668,-0.0002905100143630046
r04,59,0.059000000000000004,19,0.9500000000000001,0.08723853432857462,0.08738559995769203,-0.00014706562911741272
r04,59,0.059000000000000004,20,1.0,0.0,0.0,0.0
r04,60,0.06,0,0.0,0.0,0.0,0.0
r04,60,0.06,1,0.05,0.08637929343126839,0.08652738076424009,-0.00014808733297169696
r04,60,0.06,2,0.1,0.17063164198181993,0.17092417024615184,-0.0002925282643319038
r04,60,0.06,3,0.15000000000000002,0.25068247321282633,0.251112239391805,-0.0004297661789786633
r04,60,0.06,4,0.2,0.32456066998590305,0.32511709180988985,-0.0005564218239867968
r04,60,0.06,5,0.25,0.3904471059088191,0.3911164824258493,-0.0006693765170301957
r04,60,0.06,6,0.30000000000000004,0.446719438264608,0.44748528720329905,-0.0007658489386910272
r04,60,0.06,7,0.35000000000000003,0.49199205547350644,0.49283551909128076,-0.0008434636177743204
r04,60,0.06,8,0.4,0.5251501954486291,0.5260505048719218,-0.0009003094232927777
r04,60,0.06,9,0.45,0.5453773947382309,0.5463123813610851,-0.0009349866228541837
r04,60,0.06,10,0.5,0.5521755925655762,0.5531222339142944,-0.0009466413487181358
r04,60,0.06,11,0.55,0.5453773947382309,0.546312381361085,-0.0009349866228540726
r04,60,0.06,12,0.6000000000000001,0.5251501954486291,0.5260505048719218,-0.0009003094232927777
r04,60,0.06,13,0.65,0.4919920554735065,0.4928355190912808,-0.0008434636177743204
r04,60,0.06,14,0.7000000000000001,0.4467194382646081,0.44748528720329905,-0.0007658489386909717
r04,60,0.06,15,0.75,0.39044710590881915,0.39111648242584934,-0.0006693765170301957
r04,60,0.06,16,0.8,0.3245606699859031,0.3251170918098899,-0.0005564218239867968
r04,60,0.06,17,0.8500000000000001,0.25068247321282633,0.2511122393918048,-0.0004297661789784968
r04,60,0.06,18,0.9,0.17063164198181993,0.17092417024615192,-0.0002925282643319871
r04,60,0.06,19,0.9500000000000001,0.08637929343126839,0.08652738076424014,-0.00014808733297175247
r04,60,0.06,20,1.0,0.0,0.0,0.0
r04,61,0.061,0,0.0,0.0,0.0,0.0
r04,61,0.061,1,0.05,0.08552851547898165,0.08567759019271635,-0.00014907471373470926
r04,61,0.061,2,0.1,0.16895103505400186,0.16924551376726849,-0.0002944787132666271
r04,61,0.061,3,0.15000000000000002,0.24821341942965444,0.24864605109921362,-0.00043263166955917476
r04,61,0.061,4,0.2,0.3213639656458388,0.32192409744416367,-0.0005601317983248699
r04,61,0.061,5,0.25,0.38660146448196825,0.38727530410521327,-0.0006738396232450206
r04,61,0.061,6,0.30000000000000004,0.4423195522058518,0.44309050748614726,-0.0007709552802954711
r04,61,0.061,7,0.35000000000000003,0.4871462645799961,0.4879953520396871,-0.0008490874596909781
r04,61,0.061,8,0.4,0.5199778191744208,0.52088413146229,-0.0009063122878691932
r04,61,0.061,9,0.45,0.5400057941533283,0.5409470148529705,-0.0009412206996421979
r04,61,0.061,10,0.5,0.5467370343036999,0.5476899874377574,-0.0009529531340575215
r04,61,0.061,11,0.55,0.5400057941533283,0.5409470148529705,-0.0009412206996421979
r04,61,0.061,12,0.6000000000000001,0.5199778191744208,0.52088413146229,-0.0009063122878691932
r04,61,0.061,13,0.65,0.48714626457999616,0.48799535203968714,-0.0008490874596909781
r04,61,0.061,14,0.7000000000000001,0.4423195522058519,0.44309050748614726,-0.0007709552802953601
r04,61,0.061,15,0.75,0.3866014644819683,0.3872753041052133,-0.0006738396232450206
r04,61,0.061,16,0.8,0.3213639656458388,0.3219240974441638,-0.0005601317983249809
r04,61,0.061,17,0.8500000000000001,0.24821341942965447,0.24864605109921342,-0.0004326316695589527
r04,61,0.061,18,0.9,0.16895103505400189,0.16924551376726857,-0.0002944787132666826
r04,61,0.061,19,0.9500000000000001,0.08552851547898165,0.08567759019271641,-0.00014907471373476477
r04,61,0.061,20,1.0,0.0,0.0,0.0
r04,62,0.062,0,0.0,0.0,0.0,0.0
r04,62,0.062,1,0.05,0.08468611711739707,0.0848361454651217,-0.00015002834772463725
r04,62,0.062,2,0.1,0.16728698097425482,0.16758334347386755,-0.00029636249961273453
r04,62,0.062,3,0.15000000000000002,0.24576868416586714,0.2462040833890568,-0.0004353992231896642
r04,62,0.062,4,0.2,0.31819874669381687,0.3187624616667013,-0.0005637149728844326
r04,62,0.062,5,0.25,0.38279370003706986,0.38347185022615393,-0.0006781501890840702
r04,62,0.062,6,0.30000000000000004,0.4379630020659561,0.43873888916293313,-0.0007758870969770126
r04,62,0.062,7,0.35000000000000003,0.48234820146810825,0.483202720557629,-0.0008545190895207222
r04,62,0.062,8,0.4,0.5148563873282139,0.5157684973143081,-0.0009121099860941451
r04,62,0.062,9,0.45,0.5346871002219139,0.5356343419296045,-0.0009472417076905604
r04,62,0.062,10,0.5,0.5413520421834026,0.5423110913781312,-0.0009590491947285562
r04,62,0.062,11,0.55,0.5346871002219139,0.5356343419296045,-0.0009472417076905604
r04,62,0.062,12,0.6000000000000001,0.5148563873282139,0.5157684973143081,-0.0009121099860941451
r04,62,0.062,13,0.65,0.4823482014681083,0.48320272055762903,-0.0008545190895207222
r04,62,0.062,14,0.7000000000000001,0.4379630020659562,0.43873888916293313,-0.0007758870969769571
r04,62,0.062,15,0.75,0.3827937000370699,0.383471850226154,-0.0006781501890840702
r04,62,0.062,16,0.8,0.31819874669381687,0.31876246166670136,-0.0005637149728844881
r04,62,0.062,17,0.8500000000000001,0.24576868416586717,0.2462040833890566,-0.00043539922318944213
r04,62,0.062,18,0.9,0.16728698097425482,0.1675833434738676,-0.00029636249961279004
r04,62,0.062,19,0.9500000000000001,0.08468611711739708,0.08483614546512176,-0.00015002834772467888
r04,62,0.062,20,1.0,0.0,0.0,0.0
r04,63,0.063,0,0.0,0.0,0.0,0.0
r04,63,0.063,1,0.05,0.08385201581318134,0.08400296461642474,-0.00015094880324340032
r04,63,0.063,2,0.1,0.16563931670815665,0.16593749745413722,-0.0002981807459805641
r04,63,0.063,3,0.15000000000000002,0.2433480279004021,0.24378609838954868,-0.0004380704891465692
r04,63,0.063,4,0.2,0.31506470301993816,0.31563187650293534,-0.0005671734829971742
r04,63,0.063,5,0.25,0.37902343951132317,0.3797057502946786,-0.0006823107833554554
r04,63,0.063,6,0.30000000000000004,0.43364936101526247,0.43443000834303047,-0.0007806473277680026
r04,63,0.063,7,0.35000000000000003,0.47759739605128965,0.47845715779544046,-0.000859761744150811
r04,63,0.063,8,0.4,0.5097853981416516,0.5107031041146587,-0.0009177059730071102
r04,63,0.063,9,0.45,0.5294207918490293,0.5303738450841458,-0.0009530532351164078
r04,63,0.063,10,0.5,0.5360200886142117,0.5369850217777864,-0.0009649331635747105
r04,63,0.063,11,0.55,0.5294207918490293,0.5303738450841458,-0.0009530532351164078
r04,63,0.063,12,0.6000000000000001,0.5097853981416517,0.5107031041146587,-0.0009177059730069992
r04,63,0.063,13,0.65,0.4775973960512897,0.4784571577954405,-0.000859761744150811
r04,63,0.063,14,0.7000000000000001,0.4336493610152625,0.43443000834303047,-0.0007806473277679471
r04,63,0.063,15,0.75,0.3790234395113232,0.3797057502946787,-0.0006823107833554554
r04,63,0.063,16,0.8,0.3150647030199382,0.3156318765029354,-0.0005671734829971742
r04,63,0.063,17,0.8500000000000001,0.2433480279004021,0.24378609838954848,-0.0004380704891463749
r04,63,0.063,18,0.9,0.16563931670815665,0.16593749745413727,-0.0002981807459806196
r04,63,0.063,19,0.9500000000000001,0.08385201581318134,0.0840029646164248,-0.00015094880324345583
r04,63,0.063,20,1.0,0.0,0.0,0.0
r04,64,0.064,0,0.0,0.0,0.0,0.0
r04,64,0.064,1,0.05,0.08302612984589892,0.08317796648657749,-0.00015183664067856817
r04,64,0.064,2,0.1,0.16400788082706472,0.1643078153864114,-0.0002999345593466818
r04,64,0.064,3,0.15000000000000002,0.24095121347131837,0.24139186056505635,-0.00044064709373797806
r04,64,0.064,4,0.2,0.31196152756867773,0.31253203700293536,-0.0005705094342576267
r04,64,0.064,5,0.25,0.3752903135163449,0.37597663745543836,-0.0006863239390934583
r04,64,0.064,6,0.30000000000000004,0.4293782064280976,0.430163445298868,-0.0007852388707704216
r04,64,0.064,7,0.35000000000000003,0.4728933828730235,0.473758201488414,-0.0008648186153905058
r04,64,0.064,8,0.4,0.5047643547884579,0.5056874584439892,-0.0009231036555312766
r04,64,0.064,9,0.45,0.5242063530721511,0.5251650118922186,-0.000958658820067515
r04,64,0.064,10,0.5,0.5307406512020658,0.5317112598249132,-0.0009706086228473687
r04,64,0.064,11,0.55,0.5242063530721512,0.5251650118922185,-0.000958658820067293
r04,64,0.064,12,0.6000000000000001,0.5047643547884579,0.5056874584439892,-0.0009231036555312766
r04,64,0.064,13,0.65,0.4728933828730236,0.4737582014884141,-0.0008648186153904502
r04,64,0.064,14,0.7000000000000001,0.42937820642809765,0.430163445298868,-0.0007852388707703661
r04,64,0.064,15,0.75,0.37529031351634495,0.3759766374554384,-0.0006863239390934583
r04,64,0.064,16,0.8,0.3119615275686778,0.3125320370029354,-0.0005705094342576267
r04,64,0.064,17,0.8500000000000001,0.24095121347131837,0.24139186056505618,-0.0004406470937378115
r04,64,0.064,18,0.9,0.16400788082706472,0.16430781538641145,-0.0002999345593467373
r04,64,0.064,19,0.9500000000000001,0.08302612984589892,0.08317796648657755,-0.00015183664067862368
r04,64,0.064,20,1.0,0.0,0.0,0.0
r04,65,0.065,0,0.0,0.0,0.0,0.0
r04,65,0.065,1,0.05,0.08220837830000567,0.0823610707126097,-0.00015269241260403021
r04,65,0.065,2,0.1,0.16239251349229986,0.16269413852355252,-0.00030162503125266693
r04,65,0.065,3,0.15000000000000002,0.23857800605256066,0.23902113669315647,-0.0004431306405958124
r04,65,0.065,4,0.2,0.30888891630880083,0.3094626412117021,-0.0005737249029012514
r04,65,0.065,5,0.25,0.3715939563019791,0.37228414845599245,-0.000690192154013336
r04,65,0.065,6,0.30000000000000004,0.4251491198413669,0.42593878442504424,-0.0007896645836773519
r04,65,0.065,7,0.35000000000000003,0.4682357010612269,0.4691053939117715,-0.0008696928505445567
r04,65,0.065,8,0.4,0.49979276533576145,0.5007210717288478,-0.0009283063930863866
r04,65,0.065,9,0.45,0.5190432730106397,0.5200073349619979,-0.0009640619513582305
r04,65,0.065,10,0.5,0.5255132126981341,0.5264892918029833,-0.0009760791048492035
r04,65,0.065,11,0.55,0.5190432730106398,0.5200073349619978,-0.0009640619513580084
r04,65,0.065,12,0.6000000000000001,0.49979276533576156,0.5007210717288478,-0.0009283063930862756
r04,65,0.065,13,0.65,0.46823570106122697,0.46910539391177153,-0.0008696928505445567
r04,65,0.065,14,0.7000000000000001,0.42514911984136694,0.42593878442504424,-0.0007896645836772964
r04,65,0.065,15,0.75,0.37159395630197917,0.3722841484559925,-0.000690192154013336
r04,65,0.065,16,0.8,0.3088889163088009,0.30946264121170214,-0.0005737249029012514
r04,65,0.065,17,0.8500000000000001,0.2385780060525607,0.2390211366931563,-0.00044313064059561813
r04,65,0.065,18,0.9,0.16239251349229986,0.16269413852355258,-0.00030162503125272244
r04,65,0.065,19,0.9500000000000001,0.08220837830000567,0.08236107071260976,-0.00015269241260408573
r04,65,0.065,20,1.0,0.0,0.0,0.0
r04,66,0.066,0,0.0,0.0,0.0,0.0
r04,66,0.066,1,0.05,0.08139868105692108,0.08155219772080062,-0.000153516663879541
r04,66,0.066,2,0.1,0.1607930564394865,0.16109630967748825,-0.0003032532380017605
r04,66,0.066,3,0.15000000000000002,0.2362281731309524,0.23667369584191703,-0.00044552271096462426
r04,66,0.066,4,0.2,0.3058465682035761,0.30642339013975445,-0.0005768219361783622
r04,66,0.066,5,0.25,0.3679340057204629,0.3686279236114241,-0.0006939178909611821
r04,66,0.066,6,0.30000000000000004,0.4209616869135558,0.4217556141978429,-0.0007939272842871214
r04,66,0.066,7,0.35000000000000003,0.4636238942830967,0.46449828183607694,-0.0008743875529802492
r04,66,0.066,8,0.4,0.4948701426958989,0.49580346019409205,-0.0009333174981931425
r04,66,0.066,9,0.45,0.5139310458156862,0.5149003118847835,-0.0009692660690973076
r04,66,0.066,10,0.5,0.5203372609481386,0.5213186090407093,-0.0009813480925706664
r04,66,0.066,11,0.55,0.5139310458156863,0.5149003118847835,-0.0009692660690971966
r04,66,0.066,12,0.6000000000000001,0.494870142695899,0.49580346019409205,-0.0009333174981930314
r04,66,0.066,13,0.65,0.4636238942830968,0.464498281836077,-0.0008743875529801937
r04,66,0.066,14,0.7000000000000001,0.42096168691355584,0.4217556141978429,-0.0007939272842870659
r04,66,0.066,15,0.75,0.367934005720463,0.36862792361142416,-0.0006939178909611821
r04,66,0.066,16,0.8,0.30584656820357614,0.3064233901397545,-0.0005768219361783622
r04,66,0.066,17,0.8500000000000001,0.23622817313095243,0.23667369584191683,-0.0004455227109644022
r04,66,0.066,18,0.9,0.16079305643948652,0.1610963096774883,-0.00030325323800178827
r04,66,0.066,19,0.9500000000000001,0.08139868105692108,0.08155219772080068,-0.0001535166638795965
r04,66,0.066,20,1.0,0.0,0.0,0.0
r04,67,0.067,0,0.0,0.0,0.0,0.0
r04,67,0.067,1,0.05,0.08059695878717882,0.08075126871892775,-0.00015430993174893326
r04,67,0.067,2,0.1,0.1592093529630467,0.1595141732038996,-0.0003048202408529044
r04,67,0.067,3,0.15000000000000002,0.23390148448341552,0.23434930934740222,-0.00044782486398670107
r04,67,0.067,4,0.2,0.30283418518128136,0.303413987734005,-0.0005798025527236628
r04,67,0.067,5,0.25,0.3643101031909453,0.3650076067693035,-0.0006975035783581829
r04,67,0.067,6,0.30000000000000004,0.416815497384135,0.4176135271351469,-0.0007980297510118972
r04,67,0.067,7,0.35000000000000003,0.4590575107004012,0.459936416483088,-0.0008789057826867896
r04,67,0.067,8,0.4,0.4899960045786929,0.49093414481576375,-0.0009381402370708392
r04,67,0.067,9,0.45,0.5088691706207522,0.5098434451860615,-0.0009742745653092966
r04,67,0.067,10,0.5,0.5152122888421767,0.5161987078624946,-0.0009864190203178191
r04,67,0.067,11,0.55,0.5088691706207523,0.5098434451860615,-0.0009742745653091855
r04,67,0.067,12,0.6000000000000001,0.489996004578693,0.49093414481576375,-0.0009381402370707281
r04,67,0.067,13,0.65,0.4590575107004013,0.45993641648308803,-0.0008789057826867341
r04,67,0.067,14,0.7000000000000001,0.4168154973841351,0.4176135271351469,-0.0007980297510117862
r04,67,0.067,15,0.75,0.36431010319094537,0.36500760676930355,-0.0006975035783581829
r04,67,0.067,16,0.8,0.3028341851812814,0.3034139877340051,-0.0005798025527236628
r04,67,0.067,17,0.8500000000000001,0.23390148448341555,0.23434930934740206,-0.0004478248639865068
r04,67,0.067,18,0.9,0.1592093529630467,0.15951417320389966,-0.0003048202408529599
r04,67,0.067,19,0.9500000000000001,0.08059695878717882,0.08075126871892781,-0.00015430993174898877
r04,67,0.067,20,1.0,0.0,0.0,0.0
r04,68,0.068,0,0.0,0.0,0.0,0.0
r04,68,0.068,1,0.05,0.07980313294265444,0.07995820568859179,-0.00015507274593734577
r04,68,0.068,2,0.1,0.15764124790084708,0.15794757498705983,-0.0003063270862127543
r04,68,0.068,3,0.15000000000000002,0.23159771215441433,0.23204775079139864,-0.00045003863698431235
r04,68,0.068,4,0.2,0.2998514721060006,0.30043414084892134,-0.0005826687429207333
r04,68,0.068,5,0.25,0.3607218936643556,0.3614228452749953,-0.0007009516106397107
r04,68,0.068,6,0.30000000000000004,0.4127101450333656,0.4135121197567454,-0.0008019747233797836
r04,68,0.068,7,0.35000000000000003,0.4545361029252114,0.45541935348204005,-0.0008832505568286408
r04,68,0.068,8,0.4,0.4851698734442,0.4861126512744279,-0.0009427778302278922
r04,68,0.068,9,0.45,0.5038571514924983,0.504836242277045,-0.0009790907845467212
r04,68,0.068,10,0.5,0.5101377942650371,0.5111290895393711,-0.0009912952743339476
r04,68,0.068,11,0.55,0.5038571514924983,0.5048362422770449,-0.0009790907845466101
r04,68,0.068,12,0.6000000000000001,0.48516987344420004,0.4861126512744279,-0.0009427778302278367
r04,68,0.068,13,0.65,0.4545361029252115,0.4554193534820401,-0.0008832505568285853
r04,68,0.068,14,0.7000000000000001,0.41271014503336567,0.4135121197567454,-0.0008019747233797281
r04,68,0.068,15,0.75,0.3607218936643557,0.36142284527499535,-0.0007009516106396552
r04,68,0.068,16,0.8,0.29985147210600066,0.3004341408489214,-0.0005826687429207333
r04,68,0.068,17,0.8500000000000001,0.23159771215441435,0.23204775079139847,-0.00045003863698411806
r04,68,0.068,18,0.9,0.15764124790084708,0.15794757498705989,-0.0003063270862128098
r04,68,0.068,19,0.9500000000000001,0.07980313294265444,0.07995820568859184,-0.00015507274593740128
r04,68,0.068,20,1.0,0.0,0.0,0.0
r04,69,0.069,0,0.0,0.0,0.0,0.0
r04,69,0.069,1,0.05,0.07901712574886972,0.07917293137761666,-0.00015580562874693837
r04,69,0.069,2,0.1,0.15608858761899694,0.1563963624248218,-0.00030777480582486194
r04,69,0.069,3,0.15000000000000002,0.22931663043362194,0.22976879597935937,-0.00045216554573743184
r04,69,0.069,4,0.2,0.2968981367487081,0.2974835592179706,-0.0005854224692625198
r04,69,0.069,5,0.25,0.35716902558861763,0.3578732899373061,-0.000704264348688477
r04,69,0.069,6,0.30000000000000004,0.40864522764249994,0.4094509925450305,-0.0008057649025305369
r04,69,0.069,7,0.35000000000000003,0.4500592279760685,0.45094665282636026,-0.0008874248502917514
r04,69,0.069,8,0.4,0.4803912764559239,0.4813385099089685,-0.0009472334530445936
r04,69,0.069,9,0.45,0.49889449738219455,0.4998782154066905,-0.0009837180244959276
r04,69,0.069,10,0.5,0.5051132800470061,0.5061092602404172,-0.0009959801934111834
r04,69,0.069,11,0.55,0.49889449738219455,0.4998782154066904,-0.000983718024495872
r04,69,0.069,12,0.6000000000000001,0.48039127645592394,0.4813385099089685,-0.0009472334530445381
r04,69,0.069,13,0.65,0.45005922797606857,0.4509466528263603,-0.0008874248502917514
r04,69,0.069,14,0.7000000000000001,0.4086452276425,0.4094509925450305,-0.0008057649025304814
r04,69,0.069,15,0.75,0.3571690255886177,0.35787328993730616,-0.000704264348688477
r04,69,0.069,16,0.8,0.29689813674870813,0.29748355921797065,-0.0005854224692625198
r04,69,0.069,17,0.8500000000000001,0.22931663043362197,0.2297687959793592,-0.00045216554573723755
r04,69,0.069,18,0.9,0.15608858761899694,0.15639636242482186,-0.00030777480582491745
r04,69,0.069,19,0.9500000000000001,0.07901712574886972,0.07917293137761672,-0.00015580562874699388
r04,69,0.069,20,1.0,0.0,0.0,0.0
r04,70,0.07,0,0.0,0.0,0.0,0.0
r04,70,0.07,1,0.05,0.07823886019737272,0.07839536929252464,-0.00015650909515191325
r04,70,0.07,2,0.1,0.15455121999679605,0.15486038441375335,-0.0003091644169573027
r04,70,0.07,3,0.15000000000000002,0.2270580158338064,0.22751222291856574,-0.00045420708475935045
r04,70,0.07,4,0.2,0.2939738897586374,0.29456195542534513,-0.0005880656667077155
r04,70,0.07,5,0.25,0.35365115087420673,0.35435859499447037,-0.0007074441202636339
r04,70,0.07,6,0.30000000000000004,0.40462034695437443,0.40542974990608077,-0.0008094029517063395
r04,70,0.07,7,0.35000000000000003,0.4456264472345832,0.44651787883080674,-0.0008914315962235131
r04,70,0.07,8,0.4,0.47565974543449,0.4766112556708399,-0.0009515102363498729
r04,70,0.07,9,0.45,0.49398072207761085,0.49496888161418684,-0.0009881595365759943
r04,70,0.07,10,0.5,0.5001382539151569,0.5011387309846548,-0.001000477069497907
r04,70,0.07,11,0.55,0.4939807220776109,0.4949688816141868,-0.0009881595365758833
r04,70,0.07,12,0.6000000000000001,0.47565974543449,0.4766112556708399,-0.0009515102363498729
r04,70,0.07,13,0.65,0.4456264472345833,0.4465178788308068,-0.0008914315962235131
r04,70,0.07,14,0.7000000000000001,0.4046203469543745,0.40542974990608077,-0.000809402951706284
r04,70,0.07,15,0.75,0.3536511508742068,0.3543585949944704,-0.0007074441202636339
r04,70,0.07,16,0.8,0.2939738897586375,0.2945619554253452,-0.0005880656667077155
r04,70,0.07,17,0.8500000000000001,0.22705801583380641,0.22751222291856557,-0.00045420708475915617
r04,70,0.07,18,0.9,0.15455121999679605,0.1548603844137534,-0.0003091644169573582
r04,70,0.07,19,0.9500000000000001,0.07823886019737272,0.07839536929252469,-0.00015650909515196876
r04,70,0.07,20,1.0,0.0,0.0,0.0
r04,71,0.07100000000000001,0,0.0,0.0,0.0,0.0
r04,71,0.07100000000000001,1,0.05,0.07746826003819296,0.07762544369108496,-0.00015718365289199565
r04,71,0.07100000000000001,2,0.1,0.15302899441183085,0.153339491334418,-0.000310496922587139
r04,71,0.07100000000000001,3,0.15000000000000002,0.22482164706893468,0.2252778117965027,-0.00045616472756801474
r04,71,0.07100000000000001,4,0.2,0.2910784446349327,0.29166904487796497,-0.0005906002430322577
r04,71,0.07100000000000001,5,0.25,0.3501679248600461,0.3508784180804692,-0.0007104932204231029
r04,71,0.07100000000000001,6,0.30000000000000004,0.4006351086343909,0.40144800013112636,-0.0008128914967354683
r04,71,0.07100000000000001,7,0.35000000000000003,0.44123732640246244,0.4421326000890283,-0.0008952736865658895
r04,71,0.07100000000000001,8,0.4,0.4709748168117756,0.47193042807876573,-0.0009556112669901196
r04,71,0.07100000000000001,9,0.45,0.48911534415538094,0.49010776268191,-0.0009924185265290375
r04,71,0.07100000000000001,10,0.5,0.4952122284451201,0.49621701759341663,-0.0010047891482965476
r04,71,0.07100000000000001,11,0.55,0.48911534415538094,0.4901077626819099,-0.000992418526528982
r04,71,0.07100000000000001,12,0.6000000000000001,0.47097481681177567,0.47193042807876573,-0.000955611266990064
r04,71,0.07100000000000001,13,0.65,0.44123732640246244,0.4421326000890284,-0.000895273686565945
r04,71,0.07100000000000001,14,0.7000000000000001,0.40063510863439095,0.40144800013112636,-0.0008128914967354128
r04,71,0.07100000000000001,15,0.75,0.35016792486004616,0.35087841808046927,-0.0007104932204231029
r04,71,0.07100000000000001,16,0.8,0.29107844463493276,0.291669044877965,-0.0005906002430322577
r04,71,0.07100000000000001,17,0.8500000000000001,0.2248216470689347,0.22527781179650255,-0.0004561647275678482
r04,71,0.07100000000000001,18,0.9,0.15302899441183088,0.15333949133441804,-0.00031049692258716677
r04,71,0.07100000000000001,19,0.9500000000000001,0.07746826003819296,0.07762544369108501,-0.00015718365289205116
r04,71,0.07100000000000001,20,1.0,0.0,0.0,0.0
r04,72,0.07200000000000001,0,0.0,0.0,0.0,0.0
r04,72,0.07200000000000001,1,0.05,0.07670524977237093,0.07686307957493582,-0.00015782980256488777
r04,72,0.07200000000000001,2,0.1,0.15152176172521722,0.15183353503680078,-0.0003117733115835519
r04,72,0.07200000000000001,3,0.15000000000000002,0.22260730503249238,0.2230653449594471,-0.0004580399269547286
r04,72,0.07200000000000001,4,0.2,0.2882115176985789,0.2888045457777558,-0.0005930280791768827
r04,72,0.07200000000000001,5,0.25,0.3467190062797387,0.3474324201916811,-0.0007134139119424066
r04,72,0.07200000000000001,6,0.30000000000000004,0.3966891222318816,0.3975053553583925,-0.0008162331265109124
r04,72,0.07200000000000001,7,0.35000000000000003,0.4368914354589591,0.43779038943154125,-0.0008989539725821616
r04,72,0.07200000000000001,8,0.4,0.46633603158549247,0.46729557117388376,-0.0009595395883912894
r04,72,0.07200000000000001,9,0.45,0.48429788693383446,0.4852943850888395,-0.0009964981550050211
r04,72,0.07200000000000001,10,0.5,0.49033472101332876,0.49134364064318337,-0.00100891962985461
r04,72,0.07200000000000001,11,0.55,0.48429788693383446,0.48529438508883943,-0.0009964981550049656
r04,72,0.07200000000000001,12,0.6000000000000001,0.46633603158549247,0.46729557117388376,-0.0009595395883912894
r04,72,0.07200000000000001,13,0.65,0.43689143545895914,0.4377903894315413,-0.0008989539725821616
r04,72,0.07200000000000001,14,0.7000000000000001,0.39668912223188163,0.3975053553583925,-0.0008162331265108569
r04,72,0.07200000000000001,15,0.75,0.34671900627973873,0.34743242019168113,-0.0007134139119424066
r04,72,0.07200000000000001,16,0.8,0.2882115176985789,0.28880454577775583,-0.0005930280791769382
r04,72,0.07200000000000001,17,0.8500000000000001,0.2226073050324924,0.22306534495944697,-0.0004580399269545621
r04,72,0.07200000000000001,18,0.9,0.15152176172521725,0.15183353503680083,-0.0003117733115835797
r04,72,0.07200000000000001,19,0.9500000000000001,0.07670524977237095,0.07686307957493588,-0.0001578298025649294
r04,72,0.07200000000000001,20,1.0,0.0,0.0,0.0
r04,73,0.073,0,0.0,0.0,0.0,0.0
r04,73,0.073,1,0.05,0.07594975464456108,0.07610820268227883,-0.00015844803771775107
r04,73,0.073,2,0.1,0.15002937426698876,0.15034236882587676,-0.0003129945588880023
r04,73,0.073,3,0.15000000000000002,0.22041477277601693,0.22087460689126598,-0.0004598341152490526
r04,73,0.073,4,0.2,0.2853728280646082,0.2859681790941989,-0.0005953510295907405
r04,73,0.073,5,0.25,0.3433040572281319,0.344020265653859,-0.0007162084257271162
r04,73,0.073,6,0.30000000000000004,0.3927820011418554,0.39360143153531807,-0.0008194303934626612
r04,73,0.073,7,0.35000000000000003,0.43258834861874146,0.4334908238841189,-0.0009024752653774559
r04,73,0.073,8,0.4,0.4617429352742159,0.46270623347533096,-0.0009632982011150704
r04,73,0.073,9,0.45,0.4795278784262954,0.4805282799644332,-0.0010004015381377962
r04,73,0.073,10,0.5,0.4855052537497333,0.4865181254188825,-0.0010128716691492068
r04,73,0.073,11,0.55,0.4795278784262954,0.48052827996443315,-0.0010004015381377407
r04,73,0.073,12,0.6000000000000001,0.46174293527421595,0.46270623347533096,-0.0009632982011150149
r04,73,0.073,13,0.65,0.43258834861874146,0.43349082388411897,-0.0009024752653775114
r04,73,0.073,14,0.7000000000000001,0.39278200114185546,0.39360143153531807,-0.0008194303934626057
r04,73,0.073,15,0.75,0.34330405722813195,0.34402026565385907,-0.0007162084257271162
r04,73,0.073,16,0.8,0.28537282806460823,0.28596817909419897,-0.0005953510295907405
r04,73,0.073,17,0.8500000000000001,0.22041477277601693,0.2208746068912658,-0.00045983411524888607
r04,73,0.073,18,0.9,0.15002937426698879,0.15034236882587682,-0.00031299455888803007
r04,73,0.073,19,0.9500000000000001,0.0759497546445611,0.07610820268227889,-0.0001584480377177927
r04,73,0.073,20,1.0,0.0,0.0,0.0
r04,74,0.074,0,0.0,0.0,0.0,0.0
r04,74,0.074,1,0.05,0.07520170063570772,0.07536073948064513,-0.00015903884493741194
r04,74,0.074,2,0.1,0.14855168582162895,0.14886584744732173,-0.0003141616256927826
r04,74,0.074,3,0.15000000000000002,0.21824383548784215,0.21870538419242314,-0.00046154870458098296
r04,74,0.074,4,0.2,0.2825620976145812,0.2831596685371512,-0.0005975709225700121
r04,74,0.074,5,0.25,0.3399227431282118,0.34064162208943305,-0.0007188789612212476
r04,74,0.074,6,0.30000000000000004,0.38891336256712045,0.3897358483811451,-0.0008224858140246649
r04,74,0.074,7,0.35000000000000003,0.42832764429017683,0.4292334846265897,-0.0009058403364128886
r04,74,0.074,8,0.4,0.4571950778728579,0.45816196793626485,-0.0009668900634069444
r04,74,0.074,9,0.45,0.47480485129483874,0.47580898304295455,-0.0010041317481158107
r04,74,0.074,10,0.5,0.480723353490983,0.4817400018676467,-0.001016648376663709
r04,74,0.074,11,0.55,0.4748048512948388,0.4758089830429545,-0.0010041317481156997
r04,74,0.074,12,0.6000000000000001,0.45719507787285796,0.45816196793626485,-0.0009668900634068889
r04,74,0.074,13,0.65,0.42832764429017683,0.4292334846265898,-0.0009058403364129441
r04,74,0.074,14,0.7000000000000001,0.38891336256712045,0.3897358483811451,-0.0008224858140246649
r04,74,0.074,15,0.75,0.33992274312821186,0.3406416220894331,-0.0007188789612212476
r04,74,0.074,16,0.8,0.2825620976145812,0.28315966853715124,-0.0005975709225700676
r04,74,0.074,17,0.8500000000000001,0.21824383548784218,0.21870538419242297,-0.00046154870458078867
r04,74,0.074,18,0.9,0.14855168582162898,0.1488658474473218,-0.00031416162569281036
r04,74,0.074,19,0.9500000000000001,0.07520170063570773,0.07536073948064519,-0.00015903884493745357
r04,74,0.074,20,1.0,0.0,0.0,0.0
r04,75,0.075,0,0.0,0.0,0.0,0.0
r04,75,0.075,1,0.05,0.07446101445579312,0.07462061715973264,-0.00015960270393952647
r04,75,0.075,2,0.1,0.14708855161374573,0.14740382707336278,-0.0003152754596170426
r04,75,0.075,3,0.15000000000000002,0.21609428047205248,0.21655746555919203,-0.0004631850871395504
r04,75,0.075,4,0.2,0.2797790509693378,0.28037874052993134,-0.0005996895605935304
r04,75,0.075,5,0.25,0.336574732698323,0.33729616038513305,-0.00072142768681005
r04,75,0.075,6,0.30000000000000004,0.38508282748077954,0.38590822934987573,-0.0008254018690961873
r04,75,0.075,7,0.35000000000000003,0.4241089050340267,0.42501795695204003,-0.0009090519180133261
r04,75,0.075,8,0.4,0.4526920138085778,0.4536623319003165,-0.0009703180917386978
r04,75,0.075,9,0.45,0.4701283428045041,0.4711360346182485,-0.0010076918137443824
r04,75,0.075,10,0.5,0.4759885517340676,0.47700880455302586,-0.0010202528189582338
r04,75,0.075,11,0.55,0.47012834280450416,0.47113603461824843,-0.0010076918137442714
r04,75,0.075,12,0.6000000000000001,0.4526920138085778,0.4536623319003165,-0.0009703180917386978
r04,75,0.075,13,0.65,0.4241089050340267,0.4250179569520401,-0.0009090519180133816
r04,75,0.075,14,0.7000000000000001,0.38508282748077954,0.38590822934987573,-0.0008254018690961873
r04,75,0.075,15,0.75,0.336574732698323,0.3372961603851331,-0.0007214276868101055
r04,75,0.075,16,0.8,0.27977905096933786,0.2803787405299314,-0.0005996895605935304
r04,75,0.075,17,0.8500000000000001,0.2160942804720525,0.21655746555919186,-0.00046318508713935613
r04,75,0.075,18,0.9,0.14708855161374576,0.14740382707336283,-0.0003152754596170704
r04,75,0.075,19,0.9500000000000001,0.07446101445579313,0.0746206171597327,-0.0001596027039395681
r04,75,0.075,20,1.0,0.0,0.0,0.0
r04,76,0.076,0,0.0,0.0,0.0,0.0
r04,76,0.076,1,0.05,0.07372762353665692,0.07388776362431361,-0.00016014008765669052
r04,76,0.076,2,0.1,0.14563982829388739,0.14595616528876817,-0.00031633699488078926
r04,76,0.076,3,0.15000000000000002,0.2139658971276439,0.21443064176307255,-0.0004647446354286433
r04,76,0.076,4,0.2,0.27702341546201775,0.27762512418267093,-0.0006017087206531824
r04,76,0.076,5,0.25,0.33325969791971155,0.33398355465993007,-0.0007238567402185203
r04,76,0.076,6,0.30000000000000004,0.3812900205890958,0.3821182015935927,-0.0008281810044969418
r04,76,0.076,7,0.35000000000000003,0.41993171752254826,0.42084383022641764,-0.0009121127038693722
r04,76,0.076,8,0.4,0.4482333018971279,0.44920688705847195,-0.0009735851613440483
r04,76,0.076,9,0.45,0.465497894777959,0.46650897949896164,-0.001011084721002642
r04,76,0.076,10,0.5,0.47130038459041684,0.47232407260964904,-0.001023688019232194
r04,76,0.076,11,0.55,0.465497894777959,0.4665089794989616,-0.0010110847210025864
r04,76,0.076,12,0.6000000000000001,0.4482333018971279,0.44920688705847195,-0.0009735851613440483
r04,76,0.076,13,0.65,0.41993171752254826,0.4208438302264177,-0.0009121127038694277
r04,76,0.076,14,0.7000000000000001,0.3812900205890958,0.3821182015935927,-0.0008281810044969418
r04,76,0.076,15,0.75,0.33325969791971155,0.3339835546599301,-0.0007238567402185758
r04,76,0.076,16,0.8,0.27702341546201775,0.277625124182671,-0.0006017087206532379
r04,76,0.076,17,0.8500000000000001,0.21396589712764394,0.2144306417630724,-0.000464744635428449
r04,76,0.076,18,0.9,0.1456398282938874,0.1459561652887682,-0.00031633699488078926
r04,76,0.076,19,0.9500000000000001,0.07372762353665693,0.07388776362431367,-0.00016014008765673216
r04,76,0.076,20,1.0,0.0,0.0,0.0
r04,77,0.077,0,0.0,0.0,0.0,0.0
r04,77,0.077,1,0.05,0.07300145602488634,0.0731621074872118,-0.00016065146232546734
r04,77,0.077,2,0.1,0.1442053739244978,0.14452272107697464,-0.0003173471524768323
r04,77,0.077,3,0.15000000000000002,0.21185847692789084,0.21232470563041025,-0.0004662287025194167
r04,77,0.077,4,0.2,0.27429492111134574,0.2748985512659274,-0.0006036301545816469
r04,77,0.077,5,0.25,0.32997731400438773,0.3307034822332921,-0.0007261682289043669
r04,77,0.077,6,0.30000000000000004,0.3775345702947231,0.37836539592614044,-0.0008308256314173423
r04,77,0.077,7,0.35000000000000003,0.4157956724989991,0.4167106978485317,-0.0009150253495325833
r04,77,0.077,8,0.4,0.44381850529962846,0.44479519940637585,-0.0009766941067473889
r04,77,0.077,9,0.45,0.4609130535506097,0.46192736696420184,-0.0010143134135921494
r04,77,0.077,10,0.5,0.46665839274045057,0.4676853496983316,-0.00102695695788102
r04,77,0.077,11,0.55,0.4609130535506097,0.4619273669642018,-0.001014313413592094
r04,77,0.077,12,0.6000000000000001,0.44381850529962846,0.44479519940637585,-0.0009766941067473889
r04,77,0.077,13,0.65,0.4157956724989991,0.41671069784853176,-0.0009150253495326388
r04,77,0.077,14,0.7000000000000001,0.3775345702947231,0.37836539592614044,-0.0008308256314173423
r04,77,0.077,15,0.75,0.32997731400438773,0.33070348223329216,-0.0007261682289044225
r04,77,0.077,16,0.8,0.27429492111134574,0.2748985512659274,-0.0006036301545816469
r04,77,0.077,17,0.8500000000000001,0.21185847692789087,0.21232470563041012,-0.0004662287025192502
r04,77,0.077,18,0.9,0.14420537392449784,0.1445227210769747,-0.00031734715247686007
r04,77,0.077,19,0.9500000000000001,0.07300145602488635,0.07316210748721186,-0.00016065146232550898
r04,77,0.077,20,1.0,0.0,0.0,0.0
r04,78,0.078,0,0.0,0.0,0.0,0.0
r04,78,0.078,1,0.05,0.07228244077477639,0.07244357806234873,-0.00016113728757234658
r04,78,0.078,2,0.1,0.14278504796601044,0.14310335480635106,-0.00031830684034062084
r04,78,0.078,3,0.15000000000000002,0.2097718133999156,0.21023945202221553,-0.00046763862229992625
r04,78,0.078,4,0.2,0.27159330059518055,0.27219875618455514,-0.0006054555893745817
r04,78,0.078,5,0.25,0.3267272593633051,0.32745562359375197,-0.0007283642304468652
r04,78,0.078,6,0.30000000000000004,0.37381610866029935,0.3746494467871628,-0.0008333381268634255
r04,78,0.078,7,0.35000000000000003,0.41170036473754046,0.4126181572104462,-0.000917792472905743
r04,78,0.078,8,0.4,0.43944719147976924,0.44042683920205583,-0.0009796477222865918
r04,78,0.078,9,0.45,0.45637336992615357,0.45739075071963403,-0.0010173807934804602
r04,78,0.078,10,0.5,0.4620621213885779,0.4630921839616233,-0.0010300625730454427
r04,78,0.078,11,0.55,0.45637336992615357,0.457390750719634,-0.0010173807934804047
r04,78,0.078,12,0.6000000000000001,0.43944719147976924,0.44042683920205583,-0.0009796477222865918
r04,78,0.078,13,0.65,0.41170036473754046,0.41261815721044626,-0.0009177924729057985
r04,78,0.078,14,0.7000000000000001,0.37381610866029935,0.3746494467871628,-0.0008333381268634255
r04,78,0.078,15,0.75,0.3267272593633051,0.327455623593752,-0.0007283642304469207
r04,78,0.078,16,0.8,0.2715933005951806,0.2721987561845552,-0.0006054555893745817
r04,78,0.078,17,0.8500000000000001,0.2097718133999156,0.21023945202221536,-0.0004676386222997597
r04,78,0.078,18,0.9,0.14278504796601046,0.1431033548063511,-0.0003183068403406486
r04,78,0.078,19,0.9500000000000001,0.0722824407747764,0.07244357806234877,-0.00016113728757237433
r04,78,0.078,20,1.0,0.0,0.0,0.0
r04,79,0.079,0,0.0,0.0,0.0,0.0
r04,79,0.079,1,0.05,0.07157050734135945,0.07173210535785807,-0.00016159801649862082
r04,79,0.079,2,0.1,0.14137871126307888,0.14169792821659682,-0.0003192169535179423
r04,79,0.079,3,0.15000000000000002,0.20770570210445952,0.2081746778141809,-0.00046897570972137537
r04,79,0.079,4,0.2,0.26891828922432437,0.2695254759518347,-0.0006071867275103116
r04,79,0.079,5,0.25,0.32350921557485296,0.3242396623677837,-0.0007304467929307168
r04,79,0.079,6,0.30000000000000004,0.37013427137239807,0.37096999220649335,-0.0008357208340952771
r04,79,0.079,7,0.35000000000000003,0.4076453930035355,0.4085658096582614,-0.0009204166547258641
r04,79,0.079,8,0.4,0.43511893216143144,0.4361013809240609,-0.0009824487626294842
r04,79,0.079,9,0.45,0.45187839913256955,0.4528986888540062,-0.0010202897214366402
r04,79,0.079,10,0.5,0.45751112021863843,0.45854412797979294,-0.001033007761154503
r04,79,0.079,11,0.55,0.45187839913256955,0.45289868885400614,-0.0010202897214365847
r04,79,0.079,12,0.6000000000000001,0.43511893216143144,0.4361013809240609,-0.0009824487626294842
r04,79,0.079,13,0.65,0.4076453930035355,0.40856580965826145,-0.0009204166547259196
r04,79,0.079,14,0.7000000000000001,0.37013427137239807,0.37096999220649335,-0.0008357208340952771
r04,79,0.079,15,0.75,0.323509215574853,0.32423966236778373,-0.0007304467929307168
r04,79,0.079,16,0.8,0.2689182892243244,0.26952547595183474,-0.0006071867275103116
r04,79,0.079,17,0.8500000000000001,0.20770570210445954,0.20817467781418075,-0.00046897570972120883
r04,79,0.079,18,0.9,0.14137871126307888,0.14169792821659688,-0.00031921695351799784
r04,79,0.079,19,0.9500000000000001,0.07157050734135946,0.07173210535785812,-0.00016159801649866246
r04,79,0.079,20,1.0,0.0,0.0,0.0
r04,80,0.08,0,0.0,0.0,0.0,0.0
r04,80,0.08,1,0.05,0.07086558597350344,0.07102762006926781,-0.000162034095764374
r04,80,0.08,2,0.1,0.13998622603094335,0.14030630440527403,-0.000320078374330679
r04,80,0.08,3,0.15000000000000002,0.20565994061585322,0.20613018187689497,-0.0004702412610417539
r04,80,0.08,4,0.2,0.26626962491658984,0.2668784501638546,-0.0006088252472647437
r04,80,0.08,5,0.25,0.32032286735365956,0.3210552852889844,-0.0007324179353248583
r04,80,0.08,6,0.30000000000000004,0.36648869770583503,0.3673266737688966,-0.000837976063061574
r04,80,0.08,7,0.35000000000000003,0.4036303600142389,0.40455326045328144,-0.0009229004390425288
r04,80,0.08,8,0.4,0.4308333032867283,0.4318184032300117,-0.0009850999432833851
r04,80,0.08,9,0.45,0.4474277007785419,0.44845074379610317,-0.001023043017561287
r04,80,0.08,10,0.5,0.4530049433497833,0.45404073872724504,-0.0010357953774617346
r04,80,0.08,11,0.55,0.4474277007785419,0.4484507437961031,-0.0010230430175612315
r04,80,0.08,12,0.6000000000000001,0.4308333032867283,0.4318184032300117,-0.0009850999432833851
r04,80,0.08,13,0.65,0.4036303600142389,0.4045532604532815,-0.0009229004390425843
r04,80,0.08,14,0.7000000000000001,0.36648869770583503,0.3673266737688966,-0.000837976063061574
r04,80,0.08,15,0.75,0.3203228673536596,0.32105528528898447,-0.0007324179353248583
r04,80,0.08,16,0.8,0.2662696249165899,0.26687845016385464,-0.0006088252472647437
r04,80,0.08,17,0.8500000000000001,0.20565994061585324,0.20613018187689483,-0.00047024126104158737
r04,80,0.08,18,0.9,0.13998622603094338,0.14030630440527408,-0.00032007837433070674
r04,80,0.08,19,0.9500000000000001,0.07086558597350344,0.07102762006926787,-0.0001620340957644295
r04,80,0.08,20,1.0,0.0,0.0,0.0
r04,81,0.081,0,0.0,0.0,0.0,0.0
r04,81,0.081,1,0.05,0.07016760760707803,0.07033005357274932,-0.0001624459656712901
r04,81,0.081,2,0.1,0.13860745584193135,0.1389283478144718,-0.00032089197254045465
r04,81,0.081,3,0.15000000000000002,0.2036343285021839,0.2041057650562503,-0.0004714365540663956
r04,81,0.081,4,0.2,0.2636470481711231,0.264257420974146,-0.0006103728030228961
r04,81,0.081,5,0.25,0.31716790251970184,0.31790218216755967,-0.0007342796478578273
r04,81,0.081,6,0.30000000000000004,0.36287903048832637,0.36371913657915445,-0.0008401060908280744
r04,81,0.081,7,0.35000000000000003,0.39965487239987313,0.40058011873356286,-0.0009252463336897332
r04,81,0.081,8,0.4,0.426589884974458,0.4275774889155575,-0.0009876039410995352
r04,81,0.081,9,0.45,0.443020838810313,0.44404648227212296,-0.0010256434618099441
r04,81,0.081,10,0.5,0.44854314929279016,0.4495815775293652,-0.0010384282365750175
r04,81,0.081,11,0.55,0.443020838810313,0.4440464822721229,-0.0010256434618098886
r04,81,0.081,12,0.6000000000000001,0.426589884974458,0.4275774889155575,-0.0009876039410995352
r04,81,0.081,13,0.65,0.39965487239987313,0.4005801187335629,-0.0009252463336897887
r04,81,0.081,14,0.7000000000000001,0.3628790304883264,0.36371913657915445,-0.0008401060908280189
r04,81,0.081,15,0.75,0.3171679025197019,0.31790218216755967,-0.0007342796478577718
r04,81,0.081,16,0.8,0.2636470481711231,0.264257420974146,-0.0006103728030228961
r04,81,0.081,17,0.8500000000000001,0.20363432850218396,0.20410576505625014,-0.0004714365540661736
r04,81,0.081,18,0.9,0.13860745584193135,0.13892834781447186,-0.00032089197254051016
r04,81,0.081,19,0.9500000000000001,0.07016760760707803,0.07033005357274937,-0.00016244596567133174
r04,81,0.081,20,1.0,0.0,0.0,0.0
r04,82,0.082,0,0.0,0.0,0.0,0.0
r04,82,0.082,1,0.05,0.06947650385818814,0.06963933791843263,-0.00016283406024449054
r04,82,0.082,2,0.1,0.13724226561209105,0.13756392421760152,-0.00032165860551047754
r04,82,0.082,3,0.15000000000000002,0.20162866730565857,0.2021012301540437,-0.00047256284838512186
r04,82,0.082,4,0.2,0.2610503020429789,0.2616621330685653,-0.0006118310255863735
r04,82,0.082,5,0.25,0.31404401196772014,0.314780045860107,-0.0007360338923868559
r04,82,0.082,6,0.30000000000000004,0.35930491606549525,0.36014702922749564,-0.0008421131620003908
r04,82,0.082,7,0.35000000000000003,0.3957185406650884,0.3966459974758404,-0.0009274568107520142
r04,82,0.082,8,0.4,0.4223882614789661,0.42337822487373644,-0.0009899633947703657
r04,82,0.082,9,0.45,0.4386573814689619,0.4396854752634712,-0.0010280937945092994
r04,82,0.082,10,0.5,0.44412530090680846,0.4451662100197882,-0.0010409091129797154
r04,82,0.082,11,0.55,0.4386573814689619,0.4396854752634711,-0.0010280937945092439
r04,82,0.082,12,0.6000000000000001,0.4223882614789661,0.42337822487373644,-0.0009899633947703657
r04,82,0.082,13,0.65,0.3957185406650884,0.39664599747584045,-0.0009274568107520698
r04,82,0.082,14,0.7000000000000001,0.3593049160654953,0.36014702922749564,-0.0008421131620003353
r04,82,0.082,15,0.75,0.3140440119677202,0.31478004586010705,-0.0007360338923868559
r04,82,0.082,16,0.8,0.26105030204297897,0.26166213306856534,-0.0006118310255863735
r04,82,0.082,17,0.8500000000000001,0.20162866730565857,0.20210123015404352,-0.0004725628483849553
r04,82,0.082,18,0.9,0.13724226561209107,0.13756392421760158,-0.0003216586055105053
r04,82,0.082,19,0.9500000000000001,0.06947650385818814,0.06963933791843267,-0.00016283406024453217
r04,82,0.082,20,1.0,0.0,0.0,0.0
r04,83,0.083,0,0.0,0.0,0.0,0.0
r04,83,0.083,1,0.05,0.06879220701647405,0.06895540582378755,-0.00016319880731349712
r04,83,0.083,2,0.1,0.1358905215879569,0.13621290070632205,-0.00032237911836516253
r04,83,0.083,3,0.15000000000000002,0.19964276052315968,0.20011638190876743,-0.0004736213856077476
r04,83,0.083,4,0.2,0.25847913211794726,0.2590923336404246,-0.0006132015224773468
r04,83,0.083,5,0.25,0.3109508896369337,0.3116885722396981,-0.0007376826027644112
r04,83,0.083,6,0.30000000000000004,0.35576600426622246,0.3566100037553657,-0.0008439994891432656
r04,83,0.083,7,0.35000000000000003,0.3918209791508022,0.3927505134578278,-0.0009295343070255813
r04,83,0.083,8,0.4,0.4182280211494133,0.4192202020547348,-0.0009921809053214936
r04,83,0.083,9,0.45,0.4343369012481022,0.435367297964971,-0.0010303967168687755
r04,83,0.083,10,0.5,0.4397509653565312,0.4407942060980873,-0.0010432407415560951
r04,83,0.083,11,0.55,0.4343369012481022,0.4353672979649709,-0.00103039671686872
r04,83,0.083,12,0.6000000000000001,0.4182280211494133,0.4192202020547348,-0.0009921809053214936
r04,83,0.083,13,0.65,0.3918209791508022,0.39275051345782785,-0.0009295343070256368
r04,83,0.083,14,0.7000000000000001,0.3557660042662225,0.3566100037553657,-0.0008439994891432101
r04,83,0.083,15,0.75,0.31095088963693374,0.31168857223969815,-0.0007376826027644112
r04,83,0.083,16,0.8,0.2584791321179473,0.25909233364042467,-0.0006132015224773468
r04,83,0.083,17,0.8500000000000001,0.19964276052315974,0.2001163819087673,-0.0004736213856075533
r04,83,0.083,18,0.9,0.1358905215879569,0.13621290070632208,-0.0003223791183651903
r04,83,0.083,19,0.9500000000000001,0.06879220701647405,0.0689554058237876,-0.00016319880731355263
r04,83,0.083,20,1.0,0.0,0.0,0.0
r04,84,0.084,0,0.0,0.0,0.0,0.0
r04,84,0.084,1,0.05,0.06811465003847757,0.06827819066706962,-0.0001635406285920571
r04,84,0.084,2,0.1,0.13455209133344487,0.13487514567759282,-0.0003230543441479494
r04,84,0.084,3,0.15000000000000002,0.1976764135869936,0.19815102697658862,-0.0004746133895950355
r04,84,0.084,4,0.2,0.2559332864876268,0.25654777236586557,-0.0006144858782387574
r04,84,0.084,5,0.25,0.3078882324810546,0.3086274601662531,-0.0007392276851984625
r04,84,0.084,6,0.30000000000000004,0.35226194836833885,0.3531077156215315,-0.0008457672531926308
r04,84,0.084,7,0.35000000000000003,0.3879618059964148,0.3888932872208873,-0.0009314812244725079
r04,84,0.084,8,0.4,0.41410875638944444,0.41510301542604144,-0.0009942590365970005
r04,84,0.084,9,0.45,0.43005897485199823,0.43109152974348225,-0.0010325548914840166
r04,84,0.084,10,0.5,0.435419714069788,0.43646513988787733,-0.0010454258180893072
r04,84,0.084,11,0.55,0.43005897485199823,0.4310915297434822,-0.001032554891483961
r04,84,0.084,12,0.6000000000000001,0.41410875638944444,0.41510301542604144,-0.0009942590365970005
r04,84,0.084,13,0.65,0.3879618059964148,0.38889328722088734,-0.0009314812244725634
r04,84,0.084,14,0.7000000000000001,0.3522619483683389,0.3531077156215315,-0.0008457672531925753
r04,84,0.084,15,0.75,0.3078882324810547,0.30862746016625314,-0.0007392276851984625
r04,84,0.084,16,0.8,0.25593328648762687,0.2565477723658656,-0.0006144858782387574
r04,84,0.084,17,0.8500000000000001,0.19767641358699364,0.19815102697658848,-0.00047461338959484123
r04,84,0.084,18,0.9,0.1345520913334449,0.13487514567759287,-0.0003230543441479772
r04,84,0.084,19,0.9500000000000001,0.06811465003847757,0.06827819066706967,-0.00016354062859209872
r04,84,0.084,20,1.0,0.0,0.0,0.0
r04,85,0.085,0,0.0,0.0,0.0,0.0
r04,85,0.085,1,0.05,0.06744376654107347,0.06760762648083052,-0.00016385993975705226
r04,85,0.085,2,0.1,0.13322684371687743,0.13355052882085475,-0.000323685103977317
r04,85,0.085,3,0.15000000000000002,0.1957294338458274,0.19620497391251582,-0.0004755400666884291
r04,85,0.085,4,0.2,0.25341251572474466,0.2540282013794753,-0.0006156856547306355
r04,85,0.085,5,0.25,0.3048557404385972,0.305596411457207,-0.0007406710186098064
r04,85,0.085,6,0.30000000000000004,0.34879240506465553,0.3496398236685202,-0.0008474186038646692
r04,85,0.085,7,0.35000000000000003,0.38414064310239626,0.38507394303306747,-0.0009332999306712053
r04,85,0.085,8,0.4,0.4100300636172541,0.4110262639329939,-0.0009962003157398258
r04,85,0.085,9,0.45,0.4258231831540926,0.4268577540969282,-0.0010345709428355998
r04,85,0.085,10,0.5,0.4311311226955562,0.43217858969533085,-0.0010474669997746489
r04,85,0.085,11,0.55,0.4258231831540926,0.42685775409692817,-0.0010345709428355443
r04,85,0.085,12,0.6000000000000001,0.4100300636172541,0.4110262639329939,-0.0009962003157398258
r04,85,0.085,13,0.65,0.3841406431023963,0.3850739430330675,-0.0009332999306712053
r04,85,0.085,14,0.7000000000000001,0.3487924050646556,0.3496398236685202,-0.0008474186038646137
r04,85,0.085,15,0.75,0.30485574043859726,0.30559641145720706,-0.0007406710186098064
r04,85,0.085,16,0.8,0.2534125157247447,0.25402820137947535,-0.0006156856547306355
r04,85,0.085,17,0.8500000000000001,0.19572943384582744,0.19620497391251565,-0.00047554006668820703
r04,85,0.085,18,0.9,0.13322684371687746,0.1335505288208548,-0.00032368510397734473
r04,85,0.085,19,0.9500000000000001,0.06744376654107347,0.06760762648083056,-0.0001638599397570939
r04,85,0.085,20,1.0,0.0,0.0,0.0
r04,86,0.08600000000000001,0,0.0,0.0,0.0,0.0
r04,86,0.08600000000000001,1,0.05,0.06677949079496566,0.06694364794549211,-0.00016415715052645052
r04,86,0.08600000000000001,2,0.1,0.13191464889813584,0.1322389211053364,-0.00032427220720054883
r04,86,0.08600000000000001,3,0.15000000000000002,0.1938016305458143,0.19427803315175002,-0.00047640260593570516
r04,86,0.08600000000000001,4,0.2,0.25091657285871877,0.2515333752501418,-0.0006168023914230325
r04,86,0.08600000000000001,5,0.25,0.3018531164034795,0.3025951308584633,-0.0007420144549837859
r04,86,0.08600000000000001,6,0.30000000000000004,0.34535703442932847,0.3462059900893866,-0.0008489556600581039
r04,86,0.08600000000000001,7,0.35000000000000003,0.3803571160932431,0.3812921088525024,-0.0009349927592593454
r04,86,0.08600000000000001,8,0.4,0.40599154322604636,0.406989550459711,-0.0009980072336646661
r04,86,0.08600000000000001,9,0.45,0.42162911115594265,0.4226655586137237,-0.0010364474577810312
r04,86,0.08600000000000001,10,0.5,0.4268847710623853,0.42793413796810026,-0.0010493669057149435
r04,86,0.08600000000000001,11,0.55,0.42162911115594265,0.4226655586137236,-0.0010364474577809757
r04,86,0.08600000000000001,12,0.6000000000000001,0.4059915432260464,0.406989550459711,-0.0009980072336646106
r04,86,0.08600000000000001,13,0.65,0.38035711609324313,0.3812921088525025,-0.0009349927592593454
r04,86,0.08600000000000001,14,0.7000000000000001,0.3453570344293285,0.3462059900893866,-0.0008489556600580483
r04,86,0.08600000000000001,15,0.75,0.30185311640347956,0.30259513085846335,-0.0007420144549837859
r04,86,0.08600000000000001,16,0.8,0.2509165728587188,0.25153337525014186,-0.0006168023914230325
r04,86,0.08600000000000001,17,0.8500000000000001,0.19380163054581437,0.19427803315174985,-0.0004764026059354831
r04,86,0.08600000000000001,18,0.9,0.13191464889813587,0.13223892110533644,-0.0003242722072005766
r04,86,0.08600000000000001,19,0.9500000000000001,0.06677949079496567,0.06694364794549217,-0.00016415715052649216
r04,86,0.08600000000000001,20,1.0,0.0,0.0,0.0
r04,87,0.08700000000000001,0,0.0,0.0,0.0,0.0
r04,87,0.08700000000000001,1,0.05,0.06612175771824746,0.06628619038298385,-0.00016443266473638307
r04,87,0.08700000000000001,2,0.1,0.13061537831593914,0.13094019476748536,-0.00032481645154622263
r04,87,0.08700000000000001,3,0.15000000000000002,0.1918928148119047,0.1923700169912197,-0.00047720217931498943
r04,87,0.08700000000000001,4,0.2,0.2484452133514613,0.24906305095714706,-0.0006178376056857615
r04,87,0.08700000000000001,5,0.25,0.2988800661959148,0.2996233260156339,-0.000743259819719122
r04,87,0.08700000000000001,6,0.30000000000000004,0.3419554998845547,0.34280588039480786,-0.000850380510253157
r04,87,0.08700000000000001,7,0.35000000000000003,0.37661085428079855,0.37754741629117206,-0.0009365620103735095
r04,87,0.08700000000000001,8,0.4,0.40199279954488354,0.402992481790411,-0.0009996822455274335
r04,87,0.08700000000000001,9,0.45,0.4174763479465612,0.41851453493260254,-0.0010381869860413562
r04,87,0.08700000000000001,10,0.5,0.4226802431372312,0.42373137125464494,-0.0010511281174137577
r04,87,0.08700000000000001,11,0.55,0.41747634794656124,0.4185145349326025,-0.0010381869860412452
r04,87,0.08700000000000001,12,0.6000000000000001,0.4019927995448836,0.402992481790411,-0.000999682245527378
r04,87,0.08700000000000001,13,0.65,0.3766108542807986,0.3775474162911721,-0.0009365620103735095
r04,87,0.08700000000000001,14,0.7000000000000001,0.34195549988455476,0.34280588039480786,-0.0008503805102531015
r04,87,0.08700000000000001,15,0.75,0.29888006619591484,0.29962332601563396,-0.000743259819719122
r04,87,0.08700000000000001,16,0.8,0.24844521335146133,0.24906305095714712,-0.0006178376056857893
r04,87,0.08700000000000001,17,0.8500000000000001,0.19189281481190476,0.19237001699121956,-0.00047720217931479514
r04,87,0.08700000000000001,18,0.9,0.1306153783159392,0.13094019476748542,-0.00032481645154622263
r04,87,0.08700000000000001,19,0.9500000000000001,0.06612175771824748,0.06628619038298389,-0.00016443266473641083
r04,87,0.08700000000000001,20,1.0,0.0,0.0,0.0
r04,88,0.088,0,0.0,0.0,0.0,0.0
r04,88,0.088,1,0.05,0.06547050287002515,0.06563518975044227,-0.00016468688041712531
r04,88,0.088,2,0.1,0.12932890467524868,0.1296542232985226,-0.0003253186232739236
r04,88,0.088,3,0.15000000000000002,0.1900027996293411,0.19048073957129627,-0.0004779399419551633
r04,88,0.088,4,0.2,0.24599819507342005,0.24661698786649375,-0.0006187927930736969
r04,88,0.088,5,0.25,0.2959362985335894,0.2966807074455605,-0.0007444089119711395
r04,88,0.088,6,0.30000000000000004,0.3385874681675963,0.3394391633805008,-0.000851695212904513
r04,88,0.088,7,0.35000000000000003,0.372901490627935,0.37383950057901666,-0.0009380099510816753
r04,88,0.088,8,0.4,0.3980334407999206,0.39903466857110725,-0.0010012277711866635
r04,88,0.088,9,0.45,0.41336448666215814,0.41440427870283875,-0.0010397920406806094
r04,88,0.088,10,0.5,0.41851712698469523,0.41956988016395624,-0.0010527531792610123
r04,88,0.088,11,0.55,0.41336448666215814,0.4144042787028387,-0.0010397920406805539
r04,88,0.088,12,0.6000000000000001,0.39803344079992065,0.39903466857110725,-0.001001227771186608
r04,88,0.088,13,0.65,0.37290149062793504,0.3738395005790167,-0.0009380099510816753
r04,88,0.088,14,0.7000000000000001,0.33858746816759633,0.3394391633805008,-0.0008516952129044575
r04,88,0.088,15,0.75,0.2959362985335894,0.2966807074455606,-0.000744408911971195
r04,88,0.088,16,0.8,0.2459981950734201,0.24661698786649378,-0.0006187927930736692
r04,88,0.088,17,0.8500000000000001,0.19000279962934116,0.19048073957129613,-0.00047793994195496903
r04,88,0.088,18,0.9,0.12932890467524874,0.12965422329852266,-0.0003253186232739236
r04,88,0.088,19,0.9500000000000001,0.06547050287002518,0.06563518975044232,-0.0001646868804171392
r04,88,0.088,20,1.0,0.0,0.0,0.0
r04,89,0.089,0,0.0,0.0,0.0,0.0
r04,89,0.089,1,0.05,0.06482566244410451,0.06499058263397275,-0.00016492018986824508
r04,89,0.089,2,0.1,0.12805510193479624,0.12838088143211945,-0.00032577949732320866
r04,89,0.089,3,0.15000000000000002,0.1881313998253357,0.18861001685768963,-0.0004786170323539396
r04,89,0.089,4,0.2,0.24357527827985623,0.2441949477074654,-0.0006196694276091597
r04,89,0.089,5,0.25,0.2930215250031244,0.29376698850811617,-0.0007454635049917724
r04,89,0.089,6,0.30000000000000004,0.335252609298129,0.336105511094959,-0.0008529017968300079
r04,89,0.089,7,0.35000000000000003,0.3692286617125937,0.3701680005284052,-0.0009393388158114857
r04,89,0.089,8,0.4,0.3941130790760214,0.3951157252716822,-0.0010026461956608168
r04,89,0.089,9,0.45,0.40929312444627797,0.41033438954485907,-0.0010412650985811012
r04,89,0.089,10,0.5,0.41439501472666557,0.4154492593256791,-0.001054244599013543
r04,89,0.089,11,0.55,0.40929312444627797,0.410334389544859,-0.0010412650985810457
r04,89,0.089,12,0.6000000000000001,0.3941130790760214,0.3951157252716822,-0.0010026461956608168
r04,89,0.089,13,0.65,0.3692286617125938,0.3701680005284052,-0.0009393388158114302
r04,89,0.089,14,0.7000000000000001,0.33525260929812906,0.336105511094959,-0.0008529017968299524
r04,89,0.089,15,0.75,0.29302152500312445,0.2937669885081162,-0.0007454635049917724
r04,89,0.089,16,0.8,0.24357527827985623,0.24419494770746544,-0.0006196694276092152
r04,89,0.089,17,0.8500000000000001,0.18813139982533578,0.1886100168576895,-0.00047861703235371755
r04,89,0.089,18,0.9,0.12805510193479627,0.12838088143211948,-0.00032577949732320866
r04,89,0.089,19,0.9500000000000001,0.06482566244410454,0.06499058263397281,-0.00016492018986827284
r04,89,0.089,20,1.0,0.0,0.0,0.0
r04,90,0.09,0,0.0,0.0,0.0,0.0
r04,90,0.09,1,0.05,0.0641871732627394,0.06435230624247232,-0.00016513297973291818
r04,90,0.09,2,0.1,0.12679384529473534,0.1271200451321952,-0.0003261998374598507
r04,90,0.09,3,0.15000000000000002,0.18627843205092812,0.1867576666235215,-0.0004792345725933844
r04,90,0.09,4,0.2,0.2411762255873553,0.24179669454941655,-0.0006204689620612491
r04,90,0.09,5,0.25,0.290135460031819,0.2908818853782837,-0.0007464253464646853
r04,90,0.09,6,0.30000000000000004,0.331950596545913,0.3328045988075077,-0.0008540022615946552
r04,90,0.09,7,0.35000000000000003,0.3655920076921789,0.36653255849895183,-0.0009405508067729107
r04,90,0.09,8,0.4,0.39023133027875295,0.39123527014833237,-0.0010039398695794177
r04,90,0.09,9,0.45,0.40526186241033035,0.40630447101124184,-0.0010426086009114877
r04,90,0.09,10,0.5,0.4103135025023555,0.41136910735062493,-0.0010556048482694425
r04,90,0.09,11,0.55,0.40526186241033035,0.4063044710112418,-0.0010426086009114321
r04,90,0.09,12,0.6000000000000001,0.39023133027875295,0.39123527014833237,-0.0010039398695794177
r04,90,0.09,13,0.65,0.3655920076921789,0.3665325584989519,-0.0009405508067729662
r04,90,0.09,14,0.7000000000000001,0.3319505965459131,0.3328045988075077,-0.0008540022615945997
r04,90,0.09,15,0.75,0.290135460031819,0.29088188537828374,-0.0007464253464647408
r04,90,0.09,16,0.8,0.24117622558735533,0.24179669454941657,-0.0006204689620612491
r04,90,0.09,17,0.8500000000000001,0.18627843205092814,0.18675766662352136,-0.0004792345725932179
r04,90,0.09,18,0.9,0.1267938452947354,0.12712004513219524,-0.0003261998374598507
r04,90,0.09,19,0.9500000000000001,0.06418717326273941,0.06435230624247236,-0.00016513297973294594
r04,90,0.09,20,1.0,0.0,0.0,0.0
r06,0,0.0,0,0.0,0.0,0.0,0.0
r06,0,0.0,1,0.05,0.15643462147469592,0.15643462147469592,0.0
r06,0,0.0,2,0.1,0.309016685357953,0.309016685357953,0.0
r06,0,0.0,3,0.15000000000000002,0.45399095373004655,0.45399095373004655,0.0
r06,0,0.0,4,0.2,0.5877846645072209,0.5877846645072209,0.0
r06,0,0.0,5,0.25,0.7071074882933287,0.7071074882933287,0.0
r06,0,0.0,6,0.30000000000000004,0.809016185357953,0.809016185357953,0.0
r06,0,0.0,7,0.35000000000000003,0.891007415194892,0.891007415194892,0.0
r06,0,0.0,8,0.4,0.9510555652386372,0.9510555652386372,0.0
r06,0,0.0,9,0.45,0.9876893282834783,0.9876893282834783,0.0
r06,0,0.0,10,0.5,0.999999,0.999999,0.0
r06,0,0.0,11,0.55,0.9876893282834782,0.9876893282834782,0.0
r06,0,0.0,12,0.6000000000000001,0.9510555652386372,0.9510555652386372,0.0
r06,0,0.0,13,0.65,0.8910074151948921,0.8910074151948921,0.0
r06,0,0.0,14,0.7000000000000001,0.809016185357953,0.809016185357953,0.0
r06,0,0.0,15,0.75,0.7071074882933288,0.7071074882933288,0.0
r06,0,0.0,16,0.8,0.587784664507221,0.587784664507221,0.0
r06,0,0.0,17,0.8500000000000001,0.4539909537300462,0.4539909537300462,0.0
r06,0,0.0,18,0.9,0.3090166853579531,0.3090166853579531,0.0
r06,0,0.0,19,0.9500000000000001,0.15643462147469603,0.15643462147469603,0.0
r06,0,0.0,20,1.0,0.0,0.0,0.0
r06,1,0.0015,0,0.0,0.0,0.0,0.0
r06,1,0.0015,1,0.05,0.15412308691983262,0.15413560498196985,-1.2518062137228947e-05
r06,1,0.0015,2,0.1,0.3044520080512549,0.30447587687151356,-2.386882025867676e-05
r06,1,0.0015,3,0.15000000000000002,0.44728261917309503,0.44731894800436617,-3.6328831271137396e-05
r06,1,0.0015,4,0.2,0.579102132312581,0.5791475335066677,-4.540119408669163e-05
r06,1,0.0015,5,0.25,0.6966590122604386,0.6967155957417209,-5.658348128234625e-05
r06,1,0.0015,6,0.30000000000000004,0.7970657050213418,0.7971281944040506,-6.2489382708808e-05
r06,1,0.0015,7,0.35000000000000003,0.8778415673189758,0.8779128666648811,-7.129934590532905e-05
r06,1,0.0015,8,0.4,0.9370069330392947,0.9370803937144568,-7.346067516211807e-05
r06,1,0.0015,9,0.45,0.9730948734864866,0.9731739094202663,-7.903593377966978e-05
r06,1,0.0015,10,0.5,0.985227393940174,0.9853046350650739,-7.72411248999294e-05
r06,1,0.0015,11,0.55,0.9730948734864867,0.9731739094202662,-7.903593377944773e-05
r06,1,0.0015,12,0.6000000000000001,0.9370069330392947,0.9370803937144568,-7.346067516211807e-05
r06,1,0.0015,13,0.65,0.8778415673189758,0.8779128666648812,-7.129934590544007e-05
r06,1,0.0015,14,0.7000000000000001,0.797065705021342,0.7971281944040506,-6.248938270858595e-05
r06,1,0.0015,15,0.75,0.6966590122604387,0.696715595741721,-5.658348128234625e-05
r06,1,0.0015,16,0.8,0.5791021323125808,0.5791475335066678,-4.54011940870247e-05
r06,1,0.0015,17,0.8500000000000001,0.44728261917309525,0.44731894800436584,-3.6328831270582285e-05
r06,1,0.0015,18,0.9,0.3044520080512547,0.3044758768715137,-2.3868820258954315e-05
r06,1,0.0015,19,0.9500000000000001,0.15412308691983267,0.15413560498196996,-1.2518062137284458e-05
r06,1,0.0015,20,1.0,0.0,0.0,0.0
r06,2,0.003,0,0.0,0.0,0.0,0.0
r06,2,0.003,1,0.05,0.15184658744678642,0.15187052602086082,-2.3938574074400254e-05
r06,2,0.003,2,0.1,0.2999530220455056,0.30000149564761863,-4.847360211301943e-05
r06,2,0.003,3,0.15000000000000002,0.4406759603836825,0.44074543283148554,-6.947244780303174e-05
r06,2,0.003,4,0.2,0.5705445523976039,0.5706367546679199,-9.220227031592199e-05
r06,2,0.003,5,0.25,0.686368899948266,0.6864771058225636,-0.00010820587429760664
r06,2,0.003,6,0.30000000000000004,0.7852872067433803,0.7854141122812693,-0.0001269055378890771
r06,2,0.003,7,0.35000000000000003,0.8648752693725867,0.8650116167284881,-0.00013634735590140057
r06,2,0.003,8,0.4,0.9231604778754184,0.9233096642826294,-0.000149186407210955
r06,2,0.003,9,0.45,0.9587216214903839,0.9588727636987056,-0.00015114220832168623
r06,2,0.003,10,0.5,0.9706683693957492,0.9708252332673013,-0.00015686387155211534
r06,2,0.003,11,0.55,0.9587216214903839,0.9588727636987054,-0.0001511422083215752
r06,2,0.003,12,0.6000000000000001,0.9231604778754186,0.9233096642826294,-0.00014918640721084397
r06,2,0.003,13,0.65,0.8648752693725869,0.8650116167284883,-0.00013634735590140057
r06,2,0.003,14,0.7000000000000001,0.7852872067433803,0.7854141122812693,-0.0001269055378890771
r06,2,0.003,15,0.75,0.6863688999482659,0.6864771058225637,-0.00010820587429782869
r06,2,0.003,16,0.8,0.5705445523976043,0.57063675466792,-9.220227031569994e-05
r06,2,0.003,17,0.8500000000000001,0.44067596038368223,0.4407454328314852,-6.947244780297623e-05
r06,2,0.003,18,0.9,0.29995302204550583,0.30000149564761874,-4.847360211290841e-05
r06,2,0.003,19,0.9500000000000001,0.1518465874467863,0.15187052602086093,-2.39385740746223e-05
r06,2,0.003,20,1.0,0.0,0.0,0.0
r06,3,0.0045000000000000005,0,0.0,0.0,0.0,0.0
r06,3,0.0045000000000000005,1,0.05,0.1496024957379461,0.14963873393978833,-3.6238201842231366e-05
r06,3,0.0045000000000000005,2,0.1,0.29552292428918026,0.29559286562742637,-6.994133824611559e-05
r06,3,0.0045000000000000005,3,0.15000000000000002,0.4341633525891292,0.4342685199469732,-0.00010516735784399378
r06,3,0.0045000000000000005,4,0.2,0.5621180057196483,0.5622510420506432,-0.00013303633099492895
r06,3,0.0045000000000000005,5,0.25,0.6762252754949373,0.6763890774950531,-0.00016380200011578694
r06,3,0.0045000000000000005,6,0.30000000000000004,0.7736890602438355,0.7738721690445829,-0.0001831088007473447
r06,3,0.0045000000000000005,7,0.35000000000000003,0.8520935568967619,0.8522999594581027,-0.00020640256134074608
r06,3,0.0045000000000000005,8,0.4,0.9095260389426987,0.9097412962479869,-0.00021525730528826337
r06,3,0.0045000000000000005,9,0.45,0.9445529840646238,0.9447817830663943,-0.0002287990017704189
r06,3,0.0045000000000000005,10,0.5,0.9563322719093108,0.9565586068343128,-0.00022633492500201413
r06,3,0.0045000000000000005,11,0.55,0.9445529840646238,0.9447817830663942,-0.00022879900177030787
r06,3,0.0045000000000000005,12,0.6000000000000001,0.9095260389426987,0.9097412962479869,-0.00021525730528826337
r06,3,0.0045000000000000005,13,0.65,0.8520935568967619,0.8522999594581028,-0.0002064025613408571
r06,3,0.0045000000000000005,14,0.7000000000000001,0.7736890602438355,0.7738721690445829,-0.0001831088007473447
r06,3,0.0045000000000000005,15,0.75,0.6762252754949375,0.6763890774950532,-0.00016380200011567592
r06,3,0.0045000000000000005,16,0.8,0.562118005719648,0.5622510420506434,-0.00013303633099537304
r06,3,0.0045000000000000005,17,0.8500000000000001,0.43416335258912964,0.43426851994697285,-0.00010516735784321662
r06,3,0.0045000000000000005,18,0.9,0.29552292428918,0.2955928656274265,-6.994133824650417e-05
r06,3,0.0045000000000000005,19,0.9500000000000001,0.14960249573794623,0.14963873393978844,-3.623820184220361e-05
r06,3,0.0045000000000000005,20,1.0,0.0,0.0,0.0
r06,4,0.006,0,0.0,0.0,0.0,0.0
r06,4,0.006,1,0.05,0.14739325542591894,0.14743973885063005,-4.648342471111344e-05
r06,4,0.006,2,0.1,0.2911549241384091,0.29124902200631814,-9.409786790903762e-05
r06,4,0.006,3,0.15000000000000002,0.4277518874874713,0.4278867876401249,-0.00013490015265360533
r06,4,0.006,4,0.2,0.5538095757065102,0.553988560487399,-0.0001789847808887357
r06,4,0.006,5,0.25,0.6662391844791029,0.6664492963928526,-0.00021011191374964433
r06,4,0.006,6,0.30000000000000004,0.7622534873862524,0.762499838802707,-0.00024635141645457104
r06,4,0.006,7,0.35000000000000003,0.8395103481325682,0.8397751045893604,-0.0002647564567922478
r06,4,0.006,8,0.4,0.8960827167882918,0.8963723202472386,-0.0002896034589467966
r06,4,0.006,9,0.45,0.930604389698281,0.9308978744914583,-0.00029348479317736764
r06,4,0.006,10,0.5,0.9421971264956864,0.9425016335927777,-0.00030450709709128887
r06,4,0.006,11,0.55,0.930604389698281,0.9308978744914582,-0.0002934847931772566
r06,4,0.006,12,0.6000000000000001,0.8960827167882918,0.8963723202472386,-0.0002896034589467966
r06,4,0.006,13,0.65,0.8395103481325682,0.8397751045893606,-0.0002647564567923588
r06,4,0.006,14,0.7000000000000001,0.7622534873862525,0.762499838802707,-0.00024635141645446
r06,4,0.006,15,0.75,0.6662391844791026,0.6664492963928527,-0.00021011191375008842
r06,4,0.006,16,0.8,0.5538095757065107,0.553988560487399,-0.00017898478088829162
r06,4,0.006,17,0.8500000000000001,0.42775188748747084,0.42788678764012456,-0.00013490015265371635
r06,4,0.006,18,0.9,0.29115492413840954,0.29124902200631825,-9.409786790870456e-05
r06,4,0.006,19,0.9500000000000001,0.14739325542591875,0.14743973885063014,-4.6483424711391e-05
r06,4,0.006,20,1.0,0.0,0.0,0.0
r06,5,0.0075,0,0.0,0.0,0.0,0.0
r06,5,0.0075,1,0.05,0.14521430339786168,0.14527305878631377,-5.875538845209749e-05
r06,5,0.0075,2,0.1,0.28685610092035235,0.28696901273166825,-0.00011291181131589667
r06,5,0.0075,3,0.15000000000000002,0.4214283224094573,0.42159883718801905,-0.0001705147785617256
r06,5,0.0075,4,0.2,0.5456327280386425,0.54584749906648,-0.00021477102783751256
r06,5,0.0075,5,0.25,0.656390000959837,0.6566555839539362,-0.0002655829940991783
r06,5,0.0075,6,0.30000000000000004,0.7509990220897522,0.7512946290495088,-0.00029560695975661133
r06,5,0.0075,7,0.35000000000000003,0.8270996528782129,0.8274343069739616,-0.00033465409574873206
r06,5,0.0075,8,0.4,0.8828522993408512,0.8831998061636911,-0.00034750682283990475
r06,5,0.0075,9,0.45,0.9168470280307307,0.9172179949535652,-0.0003709669228344481
r06,5,0.0075,10,0.5,0.9282858423387998,0.9286512326356812,-0.0003653902968813183
r06,5,0.0075,11,0.55,0.9168470280307307,0.917217994953565,-0.0003709669228343371
r06,5,0.0075,12,0.6000000000000001,0.8828522993408512,0.8831998061636911,-0.00034750682283990475
r06,5,0.0075,13,0.65,0.827099652878213,0.8274343069739617,-0.00033465409574873206
r06,5,0.0075,14,0.7000000000000001,0.750999022089752,0.7512946290495088,-0.0002956069597568334
r06,5,0.0075,15,0.75,0.6563900009598375,0.6566555839539363,-0.0002655829940988452
r06,5,0.0075,16,0.8,0.5456327280386419,0.5458474990664801,-0.0002147710278381787
r06,5,0.0075,17,0.8500000000000001,0.421428322409458,0.4215988371880187,-0.0001705147785607264
r06,5,0.0075,18,0.9,0.28685610092035185,0.28696901273166836,-0.0001129118113165073
r06,5,0.0075,19,0.9500000000000001,0.14521430339786198,0.14527305878631389,-5.87553884519032e-05
r06,5,0.0075,20,1.0,0.0,0.0,0.0
r06,6,0.009000000000000001,0,0.0,0.0,0.0,0.0
r06,6,0.009000000000000001,1,0.05,0.14307079987263907,0.14313821886589434,-6.741899325526934e-05
r06,6,0.009000000000000001,2,0.1,0.2826143553003209,0.2827518997347976,-0.0001375444344766663
r06,6,0.009000000000000001,3,0.15000000000000002,0.4152076328935055,0.41540329043247576,-0.00019565753897027305
r06,6,0.009000000000000001,4,0.2,0.5375644484138481,0.5378260734752264,-0.0002616250613782789
r06,6,0.009000000000000001,5,0.25,0.6467010498850694,0.6470057936466141,-0.0003047437615447679
r06,6,0.009000000000000001,6,0.30000000000000004,0.7398939878848795,0.7402540838893026,-0.00036009600442310497
r06,6,0.009000000000000001,7,0.35000000000000003,0.8148908622827195,0.815274861824184,-0.0003839995414645081
r06,6,0.009000000000000001,8,0.4,0.8697975486771959,0.8702208669188145,-0.00042331824161856435
r06,6,0.009000000000000001,9,0.45,0.9033134794016445,0.9037391461724282,-0.00042566677078370585
r06,6,0.009000000000000001,10,0.5,0.9145592651691169,0.9150043683090099,-0.00044510313989298833
r06,6,0.009000000000000001,11,0.55,0.9033134794016445,0.9037391461724281,-0.00042566677078359483
r06,6,0.009000000000000001,12,0.6000000000000001,0.8697975486771959,0.8702208669188145,-0.00042331824161856435
r06,6,0.009000000000000001,13,0.65,0.8148908622827193,0.8152748618241841,-0.00038399954146473014
r06,6,0.009000000000000001,14,0.7000000000000001,0.7398939878848798,0.7402540838893026,-0.0003600960044227719
r06,6,0.009000000000000001,15,0.75,0.6467010498850688,0.6470057936466143,-0.00030474376154543403
r06,6,0.009000000000000001,16,0.8,0.5375644484138489,0.5378260734752265,-0.00026162506137761277
r06,6,0.009000000000000001,17,0.8500000000000001,0.41520763289350465,0.4154032904324754,-0.00019565753897077265
r06,6,0.009000000000000001,18,0.9,0.28261435530032164,0.2827518997347977,-0.0001375444344760557
r06,6,0.009000000000000001,19,0.9500000000000001,0.1430707998726387,0.14313821886589445,-6.741899325574119e-05
r06,6,0.009000000000000001,20,1.0,0.0,0.0,0.0
r06,7,0.0105,0,0.0,0.0,0.0,0.0
r06,7,0.0105,1,0.05,0.14095445320566474,0.14103475118698955,-8.029798132480614e-05
r06,7,0.0105,2,0.1,0.27844418859962256,0.27859675873225165,-0.00015257013262909291
r06,7,0.0105,3,0.15000000000000002,0.4090657556498003,0.40929878946789366,-0.00023303381809336443
r06,7,0.0105,4,0.2,0.5296323199843753,0.5299225256220333,-0.0002902056376580253
r06,7,0.0105,5,0.25,0.6371348518022226,0.6374978104833273,-0.000362958681104697
r06,7,0.0105,6,0.30000000000000004,0.7289763497236974,0.729375783516589,-0.0003994337928916458
r06,7,0.0105,7,0.35000000000000003,0.8028367494807014,0.803294104100229,-0.0004573546195275613
r06,7,0.0105,8,0.4,0.8569630952751792,0.8574326578606369,-0.0004695625854577168
r06,7,0.0105,9,0.45,0.8899513924274588,0.8904583739286731,-0.0005069815012143097
r06,7,0.0105,10,0.5,0.90106432224815,0.9015580495686746,-0.0004937273205245507
r06,7,0.0105,11,0.55,0.8899513924274588,0.8904583739286731,-0.0005069815012143097
r06,7,0.0105,12,0.6000000000000001,0.8569630952751791,0.8574326578606369,-0.0004695625854578278
r06,7,0.0105,13,0.65,0.8028367494807016,0.8032941041002291,-0.00045735461952745027
r06,7,0.0105,14,0.7000000000000001,0.728976349723697,0.729375783516589,-0.0003994337928920899
r06,7,0.0105,15,0.75,0.6371348518022234,0.6374978104833274,-0.00036295868110403084
r06,7,0.0105,16,0.8,0.5296323199843743,0.5299225256220335,-0.00029020563765913554
r06,7,0.0105,17,0.8500000000000001,0.40906575564980135,0.4092987894678934,-0.00023303381809203216
r06,7,0.0105,18,0.9,0.27844418859962167,0.27859675873225176,-0.00015257013263009211
r06,7,0.0105,19,0.9500000000000001,0.14095445320566524,0.14103475118698966,-8.029798132441757e-05
r06,7,0.0105,20,1.0,0.0,0.0,0.0
r06,8,0.012,0,0.0,0.0,0.0,0.0
r06,8,0.012,1,0.05,0.13887562251864058,0.13896219472321136,-8.657220457078396e-05
r06,8,0.012,2,0.1,0.2743232875933545,0.27450267902325404,-0.0001793914298995336
r06,8,0.012,3,0.15000000000000002,0.40303275402043864,0.4032839963435837,-0.00025124232314505113
r06,8,0.012,4,0.2,0.5217939004743387,0.5221351232510855,-0.0003412227767467524
r06,8,0.012,5,0.25,0.6277382314643991,0.6281295505570209,-0.0003913190926218002
r06,8,0.012,6,0.30000000000000004,0.7181876908250149,0.7186573436857819,-0.0004696528607670558
r06,8,0.012,7,0.35000000000000003,0.7909963171031857,0.791489407926018,-0.0004930908228322206
r06,8,0.012,8,0.4,0.8442802660898603,0.8448323761403718,-0.0005521100505114784
r06,8,0.012,9,0.45,0.8768261720285058,0.877372767416244,-0.000546595387738269
r06,8,0.012,10,0.5,0.8877288064633205,0.8883093293250557,-0.0005805228617351554
r06,8,0.012,11,0.55,0.8768261720285058,0.8773727674162439,-0.000546595387738158
r06,8,0.012,12,0.6000000000000001,0.8442802660898604,0.8448323761403718,-0.0005521100505113674
r06,8,0.012,13,0.65,0.7909963171031853,0.7914894079260181,-0.0004930908228327757
r06,8,0.012,14,0.7000000000000001,0.7181876908250157,0.7186573436857819,-0.00046965286076627866
r06,8,0.012,15,0.75,0.6277382314643981,0.628129550557021,-0.0003913190926229104
r06,8,0.012,16,0.8,0.52179390047434,0.5221351232510856,-0.00034122277674553114
r06,8,0.012,17,0.8500000000000001,0.4030327540204373,0.4032839963435834,-0.00025124232314610584
r06,8,0.012,18,0.9,0.2743232875933556,0.27450267902325415,-0.0001793914298985344
r06,8,0.012,19,0.9500000000000001,0.13887562251863994,0.13896219472321145,-8.65722045715056e-05
r06,8,0.012,20,1.0,0.0,0.0,0.0
r06,9,0.0135,0,0.0,0.0,0.0,0.0
r06,9,0.0135,1,0.05,0.1368188480522846,0.13692009522312043,-0.00010124717083584422
r06,9,0.0135,2,0.1,0.27028036840477665,0.2704687632901041,-0.00018839488532745863
r06,9,0.0135,3,0.15000000000000002,0.39706376203652816,0.3973575927705237,-0.00029383073399552595
r06,9,0.0135,4,0.2,0.5141038111960349,0.5144621595626899,-0.000358348366655048
r06,9,0.0135,5,0.25,0.6184413084867323,0.6188989605844045,-0.00045765209767223425
r06,9,0.0135,6,0.30000000000000004,0.7076031909755479,0.7080964151886424,-0.0004932242130945008
r06,9,0.0135,7,0.35000000000000003,0.779281510728288,0.7798581860136672,-0.0005766752853791912
r06,9,0.0135,8,0.4,0.8318374402610429,0.8324172600981039,-0.000579819837061013
r06,9,0.0135,9,0.45,0.8638402091262073,0.8644794586044278,-0.0006392494782204716
r06,9,0.0135,10,0.5,0.8746456451415429,0.8752553037970766,-0.0006096586555337513
r06,9,0.0135,11,0.55,0.8638402091262074,0.8644794586044277,-0.0006392494782202496
r06,9,0.0135,12,0.6000000000000001,0.8318374402610426,0.8324172600981039,-0.0005798198370613461
r06,9,0.0135,13,0.65,0.7792815107282886,0.7798581860136672,-0.0005766752853786361
r06,9,0.0135,14,0.7000000000000001,0.7076031909755469,0.7080964151886424,-0.0004932242130955
r06,9,0.0135,15,0.75,0.6184413084867338,0.6188989605844046,-0.00045765209767079096
r06,9,0.0135,16,0.8,0.5141038111960332,0.51446215956269,-0.00035834836665682435
r06,9,0.0135,17,0.8500000000000001,0.39706376203652993,0.3973575927705234,-0.00029383073399347204
r06,9,0.0135,18,0.9,0.2702803684047752,0.2704687632901042,-0.00018839488532901294
r06,9,0.0135,19,0.9500000000000001,0.1368188480522854,0.1369200952231205,-0.00010124717083512258
r06,9,0.0135,20,1.0,0.0,0.0,0.0
r06,10,0.015,0,0.0,0.0,0.0,0.0
r06,10,0.015,1,0.05,0.13480445143240907,0.13490800511066603,-0.00010355367825695683
r06,10,0.015,2,0.1,0.26627349237233233,0.2664941274015082,-0.00022063502917585298
r06,10,0.015,3,0.15000000000000002,0.39121775535318126,0.3915182798324237,-0.00030052447924244774
r06,10,0.015,4,0.2,0.5064822800747493,0.5069019528391905,-0.0004196727644412146
r06,10,0.015,5,0.25,0.6093359396056032,0.6098040174559258,-0.0004680778503226568
r06,10,0.015,6,0.30000000000000004,0.6971130533339026,0.6976906833393932,-0.0005776300054906036
r06,10,0.015,7,0.35000000000000003,0.7678080765962969,0.7683978890964199,-0.0005898125001230214
r06,10,0.015,8,0.4,0.8195055438604886,0.8201845886575063,-0.0006790447970177471
r06,10,0.015,9,0.45,0.85112180941631,0.8517756216092562,-0.0006538121929462459
r06,10,0.015,10,0.5,0.8616791219231402,0.86239311187577,-0.0007139899526297233
r06,10,0.015,11,0.55,0.8511218094163098,0.8517756216092561,-0.000653812192946357
r06,10,0.015,12,0.6000000000000001,0.819505543860489,0.8201845886575063,-0.000679044797017303
r06,10,0.015,13,0.65,0.767808076596296,0.76839788909642,-0.0005898125001240206
r06,10,0.015,14,0.7000000000000001,0.697113053333904,0.6976906833393932,-0.0005776300054891603
r06,10,0.015,15,0.75,0.6093359396056013,0.6098040174559259,-0.0004680778503246552
r06,10,0.015,16,0.8,0.5064822800747516,0.5069019528391906,-0.00041967276443899415
r06,10,0.015,17,0.8500000000000001,0.39121775535317904,0.39151827983242343,-0.00030052447924439063
r06,10,0.015,18,0.9,0.26627349237233416,0.2664941274015083,-0.00022063502917413214
r06,10,0.015,19,0.9500000000000001,0.13480445143240805,0.13490800511066614,-0.0001035536782580948
r06,10,0.015,20,1.0,0.0,0.0,0.0
r06,11,0.0165,0,0.0,0.0,0.0,0.0
r06,11,0.0165,1,0.05,0.1328032051369176,0.1329254833870887,-0.0001222782501711095
r06,11,0.0165,2,0.1,0.2623586255968877,0.26257790021880034,-0.00021927462191262403
r06,11,0.0165,3,0.15000000000000002,0.3854099123976127,0.38576477770103645,-0.0003548653034237681
r06,11,0.0165,4,0.2,0.4990357609603208,0.4994528460763774,-0.0004170851160565925
r06,11,0.0165,5,0.25,0.6002900121240705,0.6008427277923554,-0.0005527156682848533
r06,11,0.0165,6,0.30000000000000004,0.6868637990543596,0.6874378674673978,-0.0005740684130381979
r06,11,0.0165,7,0.35000000000000003,0.7564095429973753,0.7571060053699131,-0.0006964623725378427
r06,11,0.0165,8,0.4,0.8074568228354664,0.8081316807294482,-0.0006748578939818062
r06,11,0.0165,9,0.45,0.8384864375869153,0.8392584720741435,-0.0007720344872281792
r06,11,0.0165,10,0.5,0.8490103469149438,0.8497199344971949,-0.0007095875822510367
r06,11,0.0165,11,0.55,0.8384864375869155,0.8392584720741435,-0.0007720344872279572
r06,11,0.0165,12,0.6000000000000001,0.8074568228354657,0.8081316807294482,-0.0006748578939824723
r06,11,0.0165,13,0.65,0.7564095429973766,0.7571060053699132,-0.0006964623725366215
r06,11,0.0165,14,0.7000000000000001,0.6868637990543576,0.6874378674673978,-0.0005740684130401963
r06,11,0.0165,15,0.75,0.6002900121240732,0.6008427277923555,-0.0005527156682822998
r06,11,0.0165,16,0.8,0.4990357609603179,0.4994528460763775,-0.0004170851160596456
r06,11,0.0165,17,0.8500000000000001,0.38540991239761563,0.3857647777010362,-0.00035486530342054845
r06,11,0.0165,18,0.9,0.26235862559688544,0.2625779002188004,-0.0002192746219149555
r06,11,0.0165,19,0.9500000000000001,0.1328032051369189,0.1329254833870888,-0.00012227825016988825
r06,11,0.0165,20,1.0,0.0,0.0,0.0
r06,12,0.018000000000000002,0,0.0,0.0,0.0,0.0
r06,12,0.018000000000000002,1,0.05,0.13085453433074912,0.13097209553426445,-0.00011756120351533172
r06,12,0.018000000000000002,2,0.1,0.2584561454013406,0.25871922340501097,-0.0002630780036703695
r06,12,0.018000000000000002,3,0.15000000000000002,0.3797546494548026,0.3800958253556516,-0.0003411759008490334
r06,12,0.018000000000000002,4,0.2,0.49161280252094575,0.49211320662031466,-0.0005004040993689118
r06,12,0.018000000000000002,5,0.25,0.5914817335839941,0.5920131275078897,-0.0005313939238955623
r06,12,0.018000000000000002,6,0.30000000000000004,0.6766469732619955,0.6773357204172961,-0.0006887471553005398
r06,12,0.018000000000000002,7,0.35000000000000003,0.7453104645344205,0.7459800599416527,-0.0006695954072322152
r06,12,0.018000000000000002,8,0.4,0.7954462237834811,0.7962558946243689,-0.0008096708408877884
r06,12,0.018000000000000002,9,0.45,0.826183014332863,0.8269252665596266,-0.0007422522267636067
r06,12,0.018000000000000002,10,0.5,0.8363816557213097,0.8372329940245702,-0.0008513383032604516
r06,12,0.018000000000000002,11,0.55,0.8261830143328626,0.8269252665596265,-0.0007422522267639398
r06,12,0.018000000000000002,12,0.6000000000000001,0.7954462237834822,0.7962558946243689,-0.0008096708408866782
r06,12,0.018000000000000002,13,0.65,0.7453104645344186,0.7459800599416528,-0.0006695954072342136
r06,12,0.018000000000000002,14,0.7000000000000001,0.6766469732619984,0.6773357204172961,-0.0006887471552976532
r06,12,0.018000000000000002,15,0.75,0.5914817335839906,0.5920131275078898,-0.000531393923899226
r06,12,0.018000000000000002,16,0.8,0.4916128025209497,0.4921132066203147,-0.0005004040993650261
r06,12,0.018000000000000002,17,0.8500000000000001,0.37975464945479886,0.38009582535565134,-0.00034117590085247507
r06,12,0.018000000000000002,18,0.9,0.25845614540134365,0.2587192234050111,-0.0002630780036674274
r06,12,0.018000000000000002,19,0.9500000000000001,0.13085453433074748,0.13097209553426453,-0.00011756120351705257
r06,12,0.018000000000000002,20,1.0,0.0,0.0,0.0
r06,13,0.0195,0,0.0,0.0,0.0,0.0
r06,13,0.0195,1,0.05,0.12890278037465452,0.12904741341946976,-0.00014463304481523998
r06,13,0.0195,2,0.1,0.2546742811910629,0.2549172512367416,-0.00024297004567869207
r06,13,0.0195,3,0.15000000000000002,0.37409043886241133,0.3745101803067125,-0.00041974144430118043
r06,13,0.0195,4,0.2,0.48441926931908885,0.48488142580950383,-0.00046215649041497775
r06,13,0.0195,5,0.25,0.582659518752966,0.5833132813796739,-0.00065376262670791
r06,13,0.0195,6,0.30000000000000004,0.6667459242186496,0.6673820280564857,-0.0006361038378360773
r06,13,0.0195,7,0.35000000000000003,0.7341938253204019,0.735017614288582,-0.0008237889681801391
r06,13,0.0195,8,0.4,0.7838068425636739,0.7845546274732876,-0.0007477849096136913
r06,13,0.0195,9,0.45,0.8138601248363019,0.8147733019420738,-0.0009131771057718785
r06,13,0.0195,10,0.5,0.8241432860551734,0.8249295536394882,-0.0007862675843147704
r06,13,0.0195,11,0.55,0.8138601248363027,0.8147733019420736,-0.0009131771057709903
r06,13,0.0195,12,0.6000000000000001,0.7838068425636723,0.7845546274732876,-0.0007477849096153566
r06,13,0.0195,13,0.65,0.7341938253204047,0.7350176142885821,-0.0008237889681774746
r06,13,0.0195,14,0.7000000000000001,0.6667459242186459,0.6673820280564857,-0.000636103837839852
r06,13,0.0195,15,0.75,0.5826595187529707,0.5833132813796739,-0.000653762626703136
r06,13,0.0195,16,0.8,0.48441926931908375,0.4848814258095039,-0.0004621564904201403
r06,13,0.0195,17,0.8500000000000001,0.3740904388624162,0.37451018030671224,-0.0004197414442960179
r06,13,0.0195,18,0.9,0.25467428119105906,0.2549172512367417,-0.00024297004568263336
r06,13,0.0195,19,0.9500000000000001,0.1289027803746567,0.12904741341946985,-0.0001446330448131583
r06,13,0.0195,20,1.0,0.0,0.0,0.0
r06,14,0.021,0,0.0,0.0,0.0,0.0
r06,14,0.021,1,0.05,0.12702401263970683,0.12715101520154565,-0.00012700256183881264
r06,14,0.021,2,0.1,0.25086107530402696,0.25117115041880345,-0.00031007511477648686
r06,14,0.021,3,0.15000000000000002,0.36863804253360877,0.36900661832349385,-0.0003685757898850839
r06,14,0.021,4,0.2,0.4771661207054086,0.4777559186223065,-0.000589797916897894
r06,14,0.021,5,0.25,0.5741672123720499,0.5747412826236492,-0.000574070251599279
r06,14,0.021,6,0.30000000000000004,0.6567628216002908,0.65757460878984,-0.0008117871895492179
r06,14,0.021,7,0.35000000000000003,0.7234928950053138,0.7242162657226183,-0.00072337071730455
r06,14,0.021,8,0.4,0.7720710015812875,0.7730253146573207,-0.0009543130760332197
r06,14,0.021,9,0.45,0.8019980522040481,0.8027999148212283,-0.0008018626171801824
r06,14,0.021,10,0.5,0.811803492592528,0.8128069167420728,-0.001003424149544796
r06,14,0.021,11,0.55,0.8019980522040469,0.8027999148212281,-0.0008018626171812926
r06,14,0.021,12,0.6000000000000001,0.7720710015812899,0.7730253146573207,-0.0009543130760307772
r06,14,0.021,13,0.65,0.72349289500531,0.7242162657226184,-0.0007233707173084358
r06,14,0.021,14,0.7000000000000001,0.6567628216002961,0.65757460878984,-0.0008117871895438888
r06,14,0.021,15,0.75,0.5741672123720436,0.5747412826236493,-0.0005740702516057183
r06,14,0.021,16,0.8,0.4771661207054154,0.4777559186223066,-0.0005897979168911771
r06,14,0.021,17,0.8500000000000001,0.36863804253360244,0.3690066183234936,-0.0003685757898911346
r06,14,0.021,18,0.9,0.25086107530403196,0.25117115041880356,-0.0003100751147716019
r06,14,0.021,19,0.9500000000000001,0.1270240126397041,0.12715101520154573,-0.0001270025618416437
r06,14,0.021,20,1.0,0.0,0.0,0.0
r06,15,0.0225,0,0.0,0.0,0.0,0.0
r06,15,0.0225,1,0.05,0.1251118426544748,0.1252824852384408,-0.0001706425839659853
r06,15,0.0225,2,0.1,0.24722501804318398,0.24748009990158082,-0.00025508185839684394
r06,15,0.0225,3,0.15000000000000002,0.3630887090989396,0.3635839331657818,-0.0004952240668422148
r06,15,0.0225,4,0.2,0.4702499288023135,0.47073512332954814,-0.00048519452723466694
r06,15,0.0225,5,0.25,0.5655239229090095,0.5662952524766359,-0.0007713295676263776
r06,15,0.0225,6,0.30000000000000004,0.6472435001063601,0.6479113130815581,-0.0006678129751980233
r06,15,0.0225,7,0.35000000000000003,0.7126017149078842,0.7135736468640458,-0.0009719319561616313
r06,15,0.0225,8,0.4,0.7608803680093597,0.7616654292455824,-0.0007850612362227949
r06,15,0.0225,9,0.45,0.7899250860634797,0.7910024809364593,-0.0010773948729796423
r06,15,0.0225,10,0.5,0.8000369641263514,0.8008624263599546,-0.0008254622336032469
r06,15,0.0225,11,0.55,0.7899250860634814,0.7910024809364592,-0.001077394872977755
r06,15,0.0225,12,0.6000000000000001,0.7608803680093561,0.7616654292455824,-0.0007850612362263476
r06,15,0.0225,13,0.65,0.7126017149078896,0.7135736468640459,-0.0009719319561563022
r06,15,0.0225,14,0.7000000000000001,0.6472435001063529,0.6479113130815581,-0.0006678129752052397
r06,15,0.0225,15,0.75,0.5655239229090182,0.566295252476636,-0.0007713295676178289
r06,15,0.0225,16,0.8,0.47024992880230454,0.4707351233295482,-0.00048519452724365975
r06,15,0.0225,17,0.8500000000000001,0.3630887090989479,0.3635839331657815,-0.0004952240668336105
r06,15,0.0225,18,0.9,0.24722501804317754,0.2474800999015809,-0.0002550818584033665
r06,15,0.0225,19,0.9500000000000001,0.12511184265447836,0.12528248523844088,-0.00017064258396251586
r06,15,0.0225,20,1.0,0.0,0.0,0.0
r06,16,0.024,0,0.0,0.0,0.0,0.0
r06,16,0.024,1,0.05,0.12331264229501543,0.12344141399611366,-0.00012877170109823477
r06,16,0.024,2,0.1,0.24347532744341185,0.2438432907010778,-0.00036796325766594307
r06,16,0.024,3,0.15000000000000002,0.35786722628751055,0.35824093631949705,-0.0003737100319864961
r06,16,0.024,4,0.2,0.46311759344430675,0.46381750115222703,-0.0006999077079202776
r06,16,0.024,5,0.25,0.5573912727634022,0.5579733397845559,-0.0005820670211537093
r06,16,0.024,6,0.30000000000000004,0.6374266826688642,0.638390022984043,-0.0009633403151788622
r06,16,0.024,7,0.35000000000000003,0.702353977887855,0.7030874251226464,-0.0007334472347914067
r06,16,0.024,8,0.4,0.7493400069809464,0.7504724814413468,-0.0011324744604004344
r06,16,0.024,9,0.45,0.7785653820687307,0.7793784145915917,-0.0008130325228610236
r06,16,0.024,10,0.5,0.7879027104509064,0.7890934645659302,-0.0011907541150237844
r06,16,0.024,11,0.55,0.7785653820687282,0.7793784145915916,-0.0008130325228634661
r06,16,0.024,12,0.6000000000000001,0.7493400069809514,0.7504724814413468,-0.0011324744603954384
r06,16,0.024,13,0.65,0.7023539778878475,0.7030874251226465,-0.0007334472347990673
r06,16,0.024,14,0.7000000000000001,0.6374266826688741,0.638390022984043,-0.0009633403151688702
r06,16,0.024,15,0.75,0.5573912727633908,0.557973339784556,-0.0005820670211651446
r06,16,0.024,16,0.8,0.46311759344431874,0.4638175011522271,-0.0006999077079083427
r06,16,0.024,17,0.8500000000000001,0.3578672262874997,0.35824093631949677,-0.00037371003199709873
r06,16,0.024,18,0.9,0.24347532744342026,0.2438432907010779,-0.00036796325765764415
r06,16,0.024,19,0.9500000000000001,0.12331264229501085,0.12344141399611375,-0.0001287717011028977
r06,16,0.024,20,1.0,0.0,0.0,0.0
r06,17,0.025500000000000002,0,0.0,0.0,0.0,0.0
r06,17,0.025500000000000002,1,0.05,0.12142266800704403,0.12162739795877286,-0.00020472995172883535
r06,17,0.025500000000000002,2,0.1,0.24001285566083322,0.2402599257216096,-0.00024707006077637206
r06,17,0.025500000000000002,3,0.15000000000000002,0.35238230727512904,0.3529764567362025,-0.0005941494610734455
r06,17,0.025500000000000002,4,0.2,0.45653158074168626,0.45700153592425286,-0.00046995518256659485
r06,17,0.025500000000000002,5,0.25,0.5488483111152221,0.5497737205967065,-0.0009254094814843405
r06,17,0.025500000000000002,6,0.30000000000000004,0.6283618138569815,0.6290086516736991,-0.0006468378167175937
r06,17,0.025500000000000002,7,0.35000000000000003,0.6915892182123153,0.6927553021864552,-0.0011660839741398643
r06,17,0.025500000000000002,8,0.4,0.7386836145777622,0.7394440180363471,-0.0007604034585848574
r06,17,0.025500000000000002,9,0.45,0.7666325540453656,0.7679251680881864,-0.0012926140428208832
r06,17,0.025500000000000002,10,0.5,0.776697916392294,0.777497451904179,-0.0007995355118849412
r06,17,0.025500000000000002,11,0.55,0.766632554045369,0.7679251680881863,-0.0012926140428173305
r06,17,0.025500000000000002,12,0.6000000000000001,0.7386836145777551,0.7394440180363471,-0.0007604034585919628
r06,17,0.025500000000000002,13,0.65,0.6915892182123258,0.6927553021864552,-0.0011660839741294282
r06,17,0.025500000000000002,14,0.7000000000000001,0.6283618138569682,0.6290086516736991,-0.0006468378167309163
r06,17,0.025500000000000002,15,0.75,0.5488483111152376,0.5497737205967066,-0.0009254094814690195
r06,17,0.025500000000000002,16,0.8,0.45653158074167055,0.4570015359242529,-0.00046995518258236
r06,17,0.025500000000000002,17,0.8500000000000001,0.35238230727514347,0.3529764567362022,-0.000594149461058735
r06,17,0.025500000000000002,18,0.9,0.24001285566082226,0.2402599257216097,-0.00024707006078744653
r06,17,0.025500000000000002,19,0.9500000000000001,0.12142266800704998,0.12162739795877295,-0.00020472995172296504
r06,17,0.025500000000000002,20,1.0,0.0,0.0,0.0
r06,18,0.027,0,0.0,0.0,0.0,0.0
r06,18,0.027,1,0.05,0.11972317979509113,0.11984003954043694,-0.00011685974534580978
r06,18,0.027,2,0.1,0.2362804140371372,0.2367292195810997,-0.00044880554396248273
r06,18,0.027,3,0.15000000000000002,0.3474502003864859,0.3477893405764398,-0.0003391401899539015
r06,18,0.027,4,0.2,0.4494320548858734,0.45028573376014225,-0.0008536788742688484
r06,18,0.027,5,0.25,0.5411663745361562,0.541694597765998,-0.0005282232298418066
r06,18,0.027,6,0.30000000000000004,0.6185901548251261,0.6197651429935562,-0.0011749881684300911
r06,18,0.027,7,0.35000000000000003,0.6819094134183832,0.6825750135180294,-0.0006656000996462241
r06,18,0.027,8,0.4,0.7271963404390561,0.7285776218730962,-0.0013812814340400381
r06,18,0.027,9,0.45,0.7559024077729606,0.7566402311671508,-0.0007378233941902623
r06,18,0.027,10,0.5,0.7646194815759819,0.7660718468249129,-0.001452365248930998
r06,18,0.027,11,0.55,0.7559024077729557,0.7566402311671507,-0.0007378233941950363
r06,18,0.027,12,0.6000000000000001,0.7271963404390659,0.7285776218730962,-0.0013812814340302682
r06,18,0.027,13,0.65,0.6819094134183689,0.6825750135180294,-0.000665600099660546
r06,18,0.027,14,0.7000000000000001,0.6185901548251443,0.6197651429935562,-0.0011749881684118835
r06,18,0.027,15,0.75,0.5411663745361357,0.541694597765998,-0.0005282232298623457
r06,18,0.027,16,0.8,0.4494320548858945,0.45028573376014236,-0.0008536788742478651
r06,18,0.027,17,0.8500000000000001,0.347450200386467,0.3477893405764395,-0.00033914018997249773
r06,18,0.027,18,0.9,0.2362804140371516,0.23672921958109977,-0.00044880554394816086
r06,18,0.027,19,0.9500000000000001,0.11972317979508336,0.11984003954043702,-0.00011685974535366461
r06,18,0.027,20,1.0,0.0,0.0,0.0
r06,19,0.0285,0,0.0,0.0,0.0,0.0
r06,19,0.0285,1,0.05,0.1178236124632641,0.11807894699779357,-0.0002553345345294722
r06,19,0.0285,2,0.1,0.23304794530151876,0.2332503984389439,-0.00020245313742514592
r06,19,0.0285,3,0.15000000000000002,0.34193744127650916,0.34267845095683686,-0.0007410096803276978
r06,19,0.0285,4,0.2,0.44328353397641057,0.44366862272759705,-0.0003850887511864798
r06,19,0.0285,5,0.25,0.5325800509193686,0.5337342005550642,-0.0011541496356956005
r06,19,0.0285,6,0.30000000000000004,0.6101274418076984,0.6106574710026106,-0.0005300291949121849
r06,19,0.0285,7,0.35000000000000003,0.6710900144748327,0.6725443278581195,-0.0014543133832867206
r06,19,0.0285,8,0.4,0.717247824626995,0.717870911315106,-0.000623086688111063
r06,19,0.0285,9,0.45,0.7439090116544307,0.7455211304585534,-0.0016121188041227086
r06,19,0.0285,10,0.5,0.7541589930123533,0.7548141451273334,-0.0006551521149800177
r06,19,0.0285,11,0.55,0.7439090116544376,0.7455211304585533,-0.0016121188041157142
r06,19,0.0285,12,0.6000000000000001,0.7172478246269816,0.717870911315106,-0.0006230866881244967
r06,19,0.0285,13,0.65,0.6710900144748524,0.6725443278581196,-0.0014543133832671806
r06,19,0.0285,14,0.7000000000000001,0.6101274418076739,0.6106574710026106,-0.0005300291949367208
r06,19,0.0285,15,0.75,0.5325800509193962,0.5337342005550643,-0.001154149635668067
r06,19,0.0285,16,0.8,0.4432835339763827,0.44366862272759716,-0.0003850887512144574
r06,19,0.0285,17,0.8500000000000001,0.34193744127653425,0.34267845095683663,-0.0007410096803023847
r06,19,0.0285,18,0.9,0.23304794530149991,0.233250398438944,-0.00020245313744407523
r06,19,0.0285,19,0.9500000000000001,0.11782361246327429,0.11807894699779366,-0.00025533453451936916
r06,19,0.0285,20,1.0,0.0,0.0,0.0
r06,20,0.03,0,0.0,0.0,0.0,0.0
r06,20,0.03,1,0.05,0.11626404468825843,0.11634373434433956,-7.968965608112777e-05
r06,20,0.03,2,0.1,0.2292470431835602,0.22982269982640455,-0.000575656642844341
r06,20,0.03,3,0.15000000000000002,0.33741139931145575,0.3376426677009324,-0.00023126838947662431
r06,20,0.03,4,0.2,0.4360537885222445,0.43714875252489427,-0.0010949640026497454
r06,20,0.03,5,0.25,0.5255305752865916,0.5258907842481622,-0.0003602089615705184
r06,20,0.03,6,0.30000000000000004,0.6001765508749811,0.6016836395317917,-0.0015070886568105957
r06,20,0.03,7,0.35000000000000003,0.6622071569658495,0.6626610467366344,-0.0004538897707848655
r06,20,0.03,8,0.4,0.705549850752159,0.7073215397248953,-0.001771688972736274
r06,20,0.03,9,0.45,0.7340622882527229,0.7345654289395248,-0.0005031406868019062
r06,20,0.03,10,0.5,0.7418590153828503,0.7437218794107743,-0.001862864027924016
r06,20,0.03,11,0.55,0.7340622882527135,0.7345654289395247,-0.000503140686811232
r06,20,0.03,12,0.6000000000000001,0.7055498507521777,0.7073215397248953,-0.0017716889727176222
r06,20,0.03,13,0.65,0.6622071569658228,0.6626610467366345,-0.0004538897708117329
r06,20,0.03,14,0.7000000000000001,0.6001765508750144,0.6016836395317917,-0.001507088656777289
r06,20,0.03,15,0.75,0.5255305752865547,0.5258907842481623,-0.00036020896160759985
r06,20,0.03,16,0.8,0.4360537885222817,0.4371487525248943,-0.0010949640026126084
r06,20,0.03,17,0.8500000000000001,0.3374113993114227,0.33764266770093215,-0.0002312683895094314
r06,20,0.03,18,0.9,0.22924704318358513,0.22982269982640463,-0.0005756566428194998
r06,20,0.03,19,0.9500000000000001,0.1162640446882451,0.11634373434433964,-7.968965609454759e-05
r06,20,0.03,20,1.0,0.0,0.0,0.0
r06,21,0.0315,0,0.0,0.0,0.0,0.0
r06,21,0.0315,1,0.05,0.11429541697248444,0.11463402126578238,-0.0003386042932979477
r06,21,0.0315,2,0.1,0.22635585776311648,0.22644537247949664,-8.95147163801624e-05
r06,21,0.0315,3,0.15000000000000002,0.3316982191611917,0.3326808870936615,-0.0009826679324698162
r06,21,0.0315,4,0.2,0.4305544270543796,0.43072469416301706,-0.00017026710863748962
r06,21,0.0315,5,0.25,0.5166320885810171,0.5181626297687756,-0.0015305411877585273
r06,21,0.0315,6,0.30000000000000004,0.5926073291764685,0.5928416817464524,-0.00023435256998383114
r06,21,0.0315,7,0.35000000000000003,0.6509944095831142,0.6529230039907928,-0.0019285944076786743
r06,21,0.0315,8,0.4,0.6966516969807116,0.696927194949665,-0.00027549796895343093
r06,21,0.0315,9,0.45,0.721632862030461,0.7237707254001247,-0.002137863369663706
r06,21,0.0315,10,0.5,0.7325029428266918,0.7327926185339113,-0.00028967570721949443
r06,21,0.0315,11,0.55,0.721632862030474,0.7237707254001245,-0.0021378633696504945
r06,21,0.0315,12,0.6000000000000001,0.6966516969806862,0.696927194949665,-0.00027549796897885503
r06,21,0.0315,13,0.65,0.6509944095831507,0.652923003990793,-0.001928594407642259
r06,21,0.0315,14,0.7000000000000001,0.5926073291764236,0.5928416817464524,-0.00023435257002879517
r06,21,0.0315,15,0.75,0.5166320885810668,0.5181626297687757,-0.0015305411877089004
r06,21,0.0315,16,0.8,0.4305544270543301,0.4307246941630172,-0.00017026710868706108
r06,21,0.0315,17,0.8500000000000001,0.33169821916123554,0.3326808870936612,-0.0009826679324256848
r06,21,0.0315,18,0.9,0.22635585776308367,0.22644537247949673,-8.951471641305275e-05
r06,21,0.0315,19,0.9500000000000001,0.11429541697250206,0.11463402126578247,-0.0003386042932804062
r06,21,0.0315,20,1.0,0.0,0.0,0.0
r06,22,0.033,0,0.0,0.0,0.0,0.0
r06,22,0.033,1,0.05,0.112954431263373,0.11294943303668496,4.998226688035512e-06
r06,22,0.033,2,0.1,0.22232501012758235,0.22311767617432998,-0.000792666046747631
r06,22,0.033,3,0.15000000000000002,0.3278065270582593,0.32779202163944965,1.4505418809651616e-05
r06,22,0.033,4,0.2,0.42288729923444934,0.42439503965245695,-0.0015077404180076082
r06,22,0.033,5,0.25,0.5105706360223055,0.5105480433028361,2.2592719469360922e-05
r06,22,0.033,6,0.30000000000000004,0.582054433063185,0.5841296597152885,-0.002075226652103468
r06,22,0.033,7,0.35000000000000003,0.6433565337776852,0.6433280652903555,2.8468487329735837e-05
r06,22,0.033,8,0.4,0.6842460235720027,0.6866855988145346,-0.0024395752425319106
r06,22,0.033,9,0.45,0.7131662114783499,0.7131346539170571,3.15575612928054e-05
r06,22,0.033,10,0.5,0.7194588458712227,0.7220239670819171,-0.00256512121069441
r06,22,0.033,11,0.55,0.713166211478332,0.713134653917057,3.1557561275041834e-05
r06,22,0.033,12,0.6000000000000001,0.6842460235720376,0.6866855988145346,-0.0024395752424970496
r06,22,0.033,13,0.65,0.6433565337776357,0.6433280652903555,2.846848728021989e-05
r06,22,0.033,14,0.7000000000000001,0.5820544330632458,0.5841296597152885,-0.0020752266520427387
r06,22,0.033,15,0.75,0.5105706360222388,0.5105480433028362,2.259271940263652e-05
r06,22,0.033,16,0.8,0.4228872992345154,0.424395039652457,-0.0015077404179416054
r06,22,0.033,17,0.8500000000000001,0.3278065270582012,0.32779202163944937,1.4505418751808996e-05
r06,22,0.033,18,0.9,0.22232501012762582,0.22311767617433007,-0.000792666046704249
r06,22,0.033,19,0.9500000000000001,0.1129544312633498,0.11294943303668505,4.998226664748584e-06
r06,22,0.033,20,1.0,0.0,0.0,0.0
r06,23,0.0345,0,0.0,0.0,0.0,0.0
r06,23,0.0345,1,0.05,0.11080411982387481,0.11128960043833554,-0.00048548061446072877
r06,23,0.0345,2,0.1,0.2199915729674629,0.21983888156487105,0.0001526914025918591
r06,23,0.0345,3,0.15000000000000002,0.32156608020556715,0.3229749998238615,-0.0014089196182943686
r06,23,0.0345,4,0.2,0.418448838001449,0.41815840169461826,0.0002904363068307325
r06,23,0.0345,5,0.25,0.5008509121741196,0.5030453559274836,-0.0021944437533639727
r06,23,0.0345,6,0.30000000000000004,0.5759454152673574,0.5755456639855951,0.0003997512817622839
r06,23,0.0345,7,0.35000000000000003,0.6311089672255756,0.6338741276698348,-0.0027651604442591182
r06,23,0.0345,8,0.4,0.6770644424392205,0.676594506623224,0.000469935815996525
r06,23,0.0345,9,0.45,0.6995896793702653,0.7026548833351214,-0.0030652039648561002
r06,23,0.0345,10,0.5,0.7119076845997646,0.7114135648414481,0.0004941197583164803
r06,23,0.0345,11,0.55,0.6995896793702897,0.7026548833351213,-0.0030652039648315643
r06,23,0.0345,12,0.6000000000000001,0.6770644424391731,0.676594506623224,0.0004699358159491185
r06,23,0.0345,13,0.65,0.6311089672256429,0.6338741276698348,-0.0027651604441918387
r06,23,0.0345,14,0.7000000000000001,0.5759454152672756,0.5755456639855951,0.0003997512816804605
r06,23,0.0345,15,0.75,0.500850912174209,0.5030453559274837,-0.0021944437532747108
r06,23,0.0345,16,0.8,0.41844883800136096,0.4181584016946184,0.0002904363067425808
r06,23,0.0345,17,0.8500000000000001,0.3215660802056445,0.3229749998238613,-0.0014089196182168195
r06,23,0.0345,18,0.9,0.21999157296740543,0.21983888156487114,0.00015269140253429403
r06,23,0.0345,19,0.9500000000000001,0.11080411982390553,0.1112896004383356,-0.00048548061443007273
r06,23,0.0345,20,1.0,0.0,0.0,0.0
r06,24,0.036000000000000004,0,0.0,0.0,0.0,0.0
r06,24,0.036000000000000004,1,0.05,0.10983411981570279,0.10965415967782427,0.00017996013787852094
r06,24,0.036000000000000004,2,0.1,0.2154238054241726,0.216608270023089,-0.001184464598916385
r06,24,0.036000000000000004,3,0.15000000000000002,0.31875103054023374,0.3182287658787524,0.0005222646614813642
r06,24,0.036000000000000004,4,0.2,0.40976042782752226,0.412013413377758,-0.002252985550235731
r06,24,0.036000000000000004,5,0.25,0.49646636952645995,0.4956529232452802,0.0008134462811797416
r06,24,0.036000000000000004,6,0.30000000000000004,0.5639868445863456,0.5670878131647621,-0.003100968578416463
r06,24,0.036000000000000004,7,0.35000000000000003,0.6255841211788317,0.6245591190675783,0.001025002111253337
r06,24,0.036000000000000004,8,0.4,0.6630062994696605,0.666651706666073,-0.003645407196412487
r06,24,0.036000000000000004,9,0.45,0.693465340349338,0.6923291167562821,0.001136223593055985
r06,24,0.036000000000000004,10,0.5,0.6971260783243801,0.700959086283346,-0.003833007958965906
r06,24,0.036000000000000004,11,0.55,0.6934653403493046,0.692329116756282,0.0011362235930226783
r06,24,0.036000000000000004,12,0.6000000000000001,0.663006299469725,0.666651706666073,-0.003645407196347983
r06,24,0.036000000000000004,13,0.65,0.6255841211787406,0.6245591190675784,0.0010250021111621876
r06,24,0.036000000000000004,14,0.7000000000000001,0.563986844586456,0.5670878131647621,-0.003100968578306107
r06,24,0.036000000000000004,15,0.75,0.49646636952634016,0.49565292324528026,0.000813446281059893
r06,24,0.036000000000000004,16,0.8,0.4097604278276399,0.41201341337775804,-0.0022529855501181584
r06,24,0.036000000000000004,17,0.8500000000000001,0.31875103054013093,0.31822876587875215,0.0005222646613787796
r06,24,0.036000000000000004,18,0.9,0.2154238054242489,0.21660827002308908,-0.001184464598840168
r06,24,0.036000000000000004,19,0.9500000000000001,0.10983411981566216,0.10965415967782434,0.0001799601378378174
r06,24,0.036000000000000004,20,1.0,0.0,0.0,0.0
r06,25,0.0375,0,0.0,0.0,0.0,0.0
r06,25,0.0375,1,0.05,0.107287459291363,0.10804275230830918,-0.0007552930169461708
r06,25,0.0375,2,0.1,0.2140663291287274,0.21342513348145073,0.00064119564727666
r06,25,0.0375,3,0.15000000000000002,0.3113603338429702,0.31355227955087056,-0.002191945707900378
r06,25,0.0375,4,0.2,0.4071783544745118,0.4059587278773934,0.001219626597118384
r06,25,0.0375,5,0.25,0.4849550895430287,0.4883691250238009,-0.0034140354807722373
r06,25,0.0375,6,0.30000000000000004,0.5604329255059058,0.5587542535079213,0.0016786719979845488
r06,25,0.0375,7,0.35000000000000003,0.6110790621978374,0.6153809978716263,-0.0043019356737888925
r06,25,0.0375,8,0.4,0.6588284170229697,0.6568550197352919,0.0019733972876777583
r06,25,0.0375,9,0.45,0.6773863586065567,0.6821550910362476,-0.004768732429690892
r06,25,0.0375,10,0.5,0.6927331927543096,0.690658240052941,0.002074952701368593
r06,25,0.0375,11,0.55,0.6773863586066021,0.6821550910362475,-0.004768732429645373
r06,25,0.0375,12,0.6000000000000001,0.6588284170228822,0.6568550197352919,0.0019733972875902728
r06,25,0.0375,13,0.65,0.6110790621979605,0.6153809978716264,-0.00430193567366588
r06,25,0.0375,14,0.7000000000000001,0.5604329255057573,0.5587542535079213,0.001678671997836001
r06,25,0.0375,15,0.75,0.4849550895431895,0.488369125023801,-0.003414035480611477
r06,25,0.0375,16,0.8,0.4071783544743547,0.40595872787739345,0.0012196265969612319
r06,25,0.0375,17,0.8500000000000001,0.3113603338431071,0.31355227955087034,-0.0021919457077632654
r06,25,0.0375,18,0.9,0.21406632912862608,0.2134251334814508,0.0006411956471752689
r06,25,0.0375,19,0.9500000000000001,0.10728745929141692,0.10804275230830925,-0.000755293016892325
r06,25,0.0375,20,1.0,0.0,0.0,0.0
r06,26,0.039,0,0.0,0.0,0.0,0.0
r06,26,0.039,1,0.05,0.10698230561896384,0.1064550251504537,0.0005272804685101384
r06,26,0.039,2,0.1,0.20837541005485444,0.21028877427773052,-0.0019133642228760794
r06,26,0.039,3,0.15000000000000002,0.31047474339334946,0.3089445158738606,0.001530227519488836
r06,26,0.039,4,0.2,0.396353583136697,0.3999930181611126,-0.003639435024415605
r06,26,0.039,5,0.25,0.4835757500796448,0.4811923648405195,0.0023833852391252908
r06,26,0.039,6,0.30000000000000004,0.5455339059433385,0.5505431585116531,-0.005009252568314637
r06,26,0.039,7,0.35000000000000003,0.6093409930777578,0.6063377524722415,0.0030032406055162664
r06,26,0.039,8,0.4,0.6413135690780425,0.6472022986473341,-0.005888729569291651
r06,26,0.039,9,0.45,0.6754596941450562,0.6721305762884469,0.003329117856609387
r06,26,0.039,10,0.5,0.6743169917770334,0.6805087684678452,-0.006191776690811834
r06,26,0.039,11,0.55,0.6754596941449946,0.6721305762884469,0.0033291178565477697
r06,26,0.039,12,0.6000000000000001,0.6413135690781612,0.6472022986473341,-0.005888729569172968
r06,26,0.039,13,0.65,0.6093409930775916,0.6063377524722416,0.003003240605349955
r06,26,0.039,14,0.7000000000000001,0.5455339059435386,0.5505431585116531,-0.005009252568114575
r06,26,0.039,15,0.75,0.48357575007942927,0.48119236484051964,0.00238338523890963
r06,26,0.039,16,0.8,0.396353583136907,0.39999301816111266,-0.0036394350242056617
r06,26,0.039,17,0.8500000000000001,0.31047474339316705,0.3089445158738604,0.0015302275193066484
r06,26,0.039,18,0.9,0.2083754100549892,0.2102887742777306,-0.0019133642227414094
r06,26,0.039,19,0.9500000000000001,0.10698230561889227,0.10645502515045377,0.0005272804684385013
r06,26,0.039,20,1.0,0.0,0.0,0.0
r06,27,0.0405,0,0.0,0.0,0.0,0.0
r06,27,0.0405,1,0.05,0.10362878490911989,0.1048906302150188,-0.0012618453058989149
r06,27,0.0405,2,0.1,0.20879914739641708,0.20719850500210027,0.0016006423943168147
r06,27,0.0405,3,0.15000000000000002,0.300742447236261,0.3044044649436167,-0.003662017707355747
r06,27,0.0405,4,0.2,0.3971595794564572,0.3941149766977229,0.003044602758734305
r06,27,0.0405,5,0.25,0.46841734343209235,0.47412106973291385,-0.005703726300821499
r06,27,0.0405,6,0.30000000000000004,0.5466432647057738,0.5424527285136637,0.004190536192110184
r06,27,0.0405,7,0.35000000000000003,0.590240286397277,0.5974274008210165,-0.007187114423739538
r06,27,0.0405,8,0.4,0.6426176985180799,0.6376914277722884,0.00492627074579155
r06,27,0.0405,9,0.45,0.6542863976840343,0.6622533753952948,-0.007966977711260537
r06,27,0.0405,10,0.5,0.6756882346186238,0.6705084470231267,0.005179787595497087
r06,27,0.0405,11,0.55,0.6542863976841178,0.6622533753952948,-0.007966977711177048
r06,27,0.0405,12,0.6000000000000001,0.6426176985179195,0.6376914277722884,0.004926270745631123
r06,27,0.0405,13,0.65,0.5902402863975015,0.5974274008210165,-0.007187114423515051
r06,27,0.0405,14,0.7000000000000001,0.5466432647055048,0.5424527285136637,0.0041905361918411765
r06,27,0.0405,15,0.75,0.4684173434323815,0.4741210697329139,-0.005703726300532397
r06,27,0.0405,16,0.8,0.3971595794561764,0.394114976697723,0.0030446027584534185
r06,27,0.0405,17,0.8500000000000001,0.3007424472365043,0.3044044649436165,-0.0036620177071122195
r06,27,0.0405,18,0.9,0.20879914739623776,0.20719850500210035,0.0016006423941374026
r06,27,0.0405,19,0.9500000000000001,0.10362878490921507,0.10489063021501889,-0.0012618453058038243
r06,27,0.0405,20,1.0,0.0,0.0,0.0
r06,28,0.042,0,0.0,0.0,0.0,0.0
r06,28,0.042,1,0.05,0.10455373145602627,0.10334922462659273,0.0012045068294335437
r06,28,0.042,2,0.1,0.20086290980794508,0.20415364834646701,-0.0032907385385219368
r06,28,0.042,3,0.15000000000000002,0.3034267466644724,0.29993113169693786,0.0034956149675345327
r06,28,0.042,4,0.2,0.3820639585097206,0.38832331517067353,-0.006259356660952953
r06,28,0.042,5,0.25,0.47259823781092014,0.46715368985371253,0.005444547957207613
r06,28,0.042,6,0.30000000000000004,0.5258659249564669,0.5344811902983444,-0.00861526534187751
r06,28,0.042,7,0.35000000000000003,0.5955085206548568,0.5886479899964591,0.0068605306583977566
r06,28,0.042,8,0.4,0.6181924707451708,0.6283203225701874,-0.010127851825016632
r06,28,0.042,9,0.45,0.6601262803452154,0.6525213235266412,0.0076049568185742045
r06,28,0.042,10,0.5,0.6500060302971665,0.6606550839037548,-0.010649053606588299
r06,28,0.042,11,0.55,0.6601262803451025,0.652521323526641,0.007604956818461406
r06,28,0.042,12,0.6000000000000001,0.6181924707453876,0.6283203225701874,-0.010127851824799805
r06,28,0.042,13,0.65,0.5955085206545543,0.5886479899964592,0.00686053065809511
r06,28,0.042,14,0.7000000000000001,0.5258659249568288,0.5344811902983444,-0.008615265341515577
r06,28,0.042,15,0.75,0.47259823781053245,0.4671536898537126,0.005444547956819867
r06,28,0.042,16,0.8,0.38206395851009617,0.3883233151706736,-0.00625935666057742
r06,28,0.042,17,0.8500000000000001,0.30342674666414765,0.29993113169693764,0.0034956149672100145
r06,28,0.042,18,0.9,0.20086290980818405,0.20415364834646707,-0.0032907385382830168
r06,28,0.042,19,0.9500000000000001,0.10455373145589963,0.1033492246265928,0.0012045068293068395
r06,28,0.042,20,1.0,0.0,0.0,0.0
r06,29,0.043500000000000004,0,0.0,0.0,0.0,0.0
r06,29,0.043500000000000004,1,0.05,0.0996069995935618,0.10183047054844131,-0.002223470954879514
r06,29,0.043500000000000004,2,0.1,0.20461570491071018,0.2011535369560241,0.003462167954686096
r06,29,0.043500000000000004,3,0.15000000000000002,0.2890707716577049,0.295523535693435,-0.006452764035730085
r06,29,0.043500000000000004,4,0.2,0.3892021989832914,0.3826167641956894,0.006585434787601985
r06,29,0.043500000000000004,5,0.25,0.4502382825175284,0.46028869813120815,-0.010050415613679753
r06,29,0.043500000000000004,6,0.30000000000000004,0.5356908700881728,0.5266267967081292,0.009064073380043669
r06,29,0.043500000000000004,7,0.35000000000000003,0.5673333332900112,0.5799975957759618,-0.01266426248595054
r06,29,0.043500000000000004,8,0.4,0.6297423864510091,0.6190869291341293,0.01065545731687978
r06,29,0.043500000000000004,9,0.45,0.6288938445563593,0.6429322876652938,-0.014038443108934429
r06,29,0.043500000000000004,10,0.5,0.6621503303547573,0.6509465195042101,0.011203810850547224
r06,29,0.043500000000000004,11,0.55,0.628893844556512,0.6429322876652938,-0.014038443108781773
r06,29,0.043500000000000004,12,0.6000000000000001,0.6297423864507166,0.6190869291341293,0.010655457316587236
r06,29,0.043500000000000004,13,0.65,0.567333333290419,0.5799975957759619,-0.012664262485542865
r06,29,0.043500000000000004,14,0.7000000000000001,0.5356908700876862,0.5266267967081292,0.009064073379557058
r06,29,0.043500000000000004,15,0.75,0.45023828251804854,0.4602886981312082,-0.010050415613159669
r06,29,0.043500000000000004,16,0.8,0.38920219898278885,0.3826167641956895,0.006585434787099331
r06,29,0.043500000000000004,17,0.8500000000000001,0.2890707716581386,0.2955235356934348,-0.00645276403529621
r06,29,0.043500000000000004,18,0.9,0.20461570491039155,0.20115353695602414,0.0034621679543674067
r06,29,0.043500000000000004,19,0.9500000000000001,0.09960699959373051,0.1018304705484414,-0.002223470954710885
r06,29,0.043500000000000004,20,1.0,0.0,0.0,0.0
r06,30,0.045,0,0.0,0.0,0.0,0.0
r06,30,0.045,1,0.05,0.10284802302771374,0.1003340351084629,0.0025139879192508513
r06,30,0.045,2,0.1,0.19228352176861796,0.198197513282984,-0.005913991514366029
r06,30,0.045,3,0.15000000000000002,0.29847658800486,0.2911807109006436,0.007295877104216364
r06,30,0.045,4,0.2,0.3657449927084817,0.3769940730425544,-0.01124908033407268
r06,30,0.045,5,0.25,0.4648881849393729,0.45352458993456174,0.011363595004811156
r06,30,0.045,6,0.30000000000000004,0.5034047954668892,0.518887826260561,-0.015483030793671748
r06,30,0.045,7,0.35000000000000003,0.585793287265507,0.5714743222140611,0.014318965051445809
r06,30,0.045,8,0.4,0.5917878294176205,0.6099892237401134,-0.018201394322492903
r06,30,0.045,9,0.45,0.649356861172188,0.6334841661395165,0.015872695032671524
r06,30,0.045,10,0.5,0.6222425473967713,0.6413806259551538,-0.019138078558382454
r06,30,0.045,11,0.55,0.649356861171982,0.6334841661395165,0.015872695032465467
r06,30,0.045,12,0.6000000000000001,0.5917878294180153,0.6099892237401134,-0.018201394322098108
r06,30,0.045,13,0.65,0.5857932872649578,0.5714743222140612,0.014318965050896582
r06,30,0.045,14,0.7000000000000001,0.5034047954675432,0.518887826260561,-0.015483030793017716
r06,30,0.045,15,0.75,0.46488818493867534,0.45352458993456185,0.011363595004113491
r06,30,0.045,16,0.8,0.3657449927091545,0.3769940730425545,-0.011249080333399997
r06,30,0.045,17,0.8500000000000001,0.2984765880042805,0.2911807109006434,0.007295877103637105
r06,30,0.045,18,0.9,0.19228352176904318,0.19819751328298407,-0.005913991513940897
r06,30,0.045,19,0.9500000000000001,0.10284802302748883,0.10033403510846296,0.0025139879190258646
r06,30,0.045,20,1.0,0.0,0.0,0.0
r06,31,0.0465,0,0.0,0.0,0.0,0.0
r06,31,0.0465,1,0.05,0.09480050845562803,0.09885959032623126,-0.0040590818706032344
r06,31,0.0465,2,0.1,0.20233806226582063,0.19528492944246095,0.007053132823359676
r06,31,0.0465,3,0.15000000000000002,0.2751217910852878,0.2869017054822944,-0.011779914397006597
r06,31,0.0465,4,0.2,0.3848698652248434,0.3714540093609836,0.013415855863859794
r06,31,0.0465,5,0.25,0.428512235917348,0.4468598827440268,-0.01834764682667883
r06,31,0.0465,6,0.30000000000000004,0.5297279242295501,0.5112625827709879,0.018465341458562157
r06,31,0.0465,7,0.35000000000000003,0.5399569174776044,0.5630763012268956,-0.023119383749291122
r06,31,0.0465,8,0.4,0.6227325231790929,0.601025212403493,0.021707310775599842
r06,31,0.0465,9,0.45,0.5985468538541975,0.6241748881623969,-0.025628034308199377
r06,31,0.0465,10,0.5,0.6547797239271478,0.6319553066570538,0.02282441727009399
r06,31,0.0465,11,0.55,0.5985468538544756,0.6241748881623969,-0.025628034307921266
r06,31,0.0465,12,0.6000000000000001,0.6227325231785609,0.601025212403493,0.021707310775067823
r06,31,0.0465,13,0.65,0.5399569174783436,0.5630763012268957,-0.023119383748552047
r06,31,0.0465,14,0.7000000000000001,0.5297279242286712,0.5112625827709879,0.018465341457683304
r06,31,0.0465,15,0.75,0.4285122359182836,0.4468598827440269,-0.018347646825743302
r06,31,0.0465,16,0.8,0.3848698652239426,0.37145400936098366,0.013415855862958959
r06,31,0.0465,17,0.8500000000000001,0.2751217910860625,0.2869017054822942,-0.011779914396231717
r06,31,0.0465,18,0.9,0.20233806226525297,0.195284929442461,0.007053132822791963
r06,31,0.0465,19,0.9500000000000001,0.09480050845592813,0.09885959032623133,-0.004059081870303197
r06,31,0.0465,20,1.0,0.0,0.0,0.0
r06,32,0.048,0,0.0,0.0,0.0,0.0
r06,32,0.048,1,0.05,0.10244273566836677,0.09740681304111064,0.005035922627256134
r06,32,0.048,2,0.1,0.18148576727138538,0.19241514707047078,-0.010929379799085398
r06,32,0.048,3,0.15000000000000002,0.29730039827734084,0.2826855815896947,0.014614816687646137
r06,32,0.048,4,0.2,0.3452064431566128,0.36599535891052315,-0.020788915753910342
r06,32,0.048,5,0.25,0.46305622648916644,0.44029311582601816,0.02276311066314829
r06,32,0.048,6,0.30000000000000004,0.47513590719106147,0.5037493949808023,-0.02861348778974082
r06,32,0.048,7,0.35000000000000003,0.5834848849496649,0.5548016921827681,0.028683192766896792
r06,32,0.048,8,0.4,0.5585557581632625,0.5921929304419431,-0.03363717227868057
r06,32,0.048,9,0.45,0.6467979774929049,0.6150024133779811,0.03179556411492379
r06,32,0.048,10,0.5,0.5873002798397743,0.622668495820663,-0.035368215980888684
r06,32,0.048,11,0.55,0.6467979774925301,0.615002413377981,0.03179556411454909
r06,32,0.048,12,0.6000000000000001,0.5585557581639794,0.5921929304419431,-0.0336371722779637
r06,32,0.048,13,0.65,0.5834848849486705,0.5548016921827682,0.028683192765902255
r06,32,0.048,14,0.7000000000000001,0.4751359071922421,0.5037493949808023,-0.02861348778856021
r06,32,0.048,15,0.75,0.46305622648791156,0.44029311582601827,0.022763110661893293
r06,32,0.048,16,0.8,0.3452064431578191,0.3659953589105232,-0.020788915752704085
r06,32,0.048,17,0.8500000000000001,0.29730039827630483,0.2826855815896945,0.014614816686610355
r06,32,0.048,18,0.9,0.1814857672721438,0.19241514707047083,-0.010929379798327032
r06,32,0.048,19,0.9500000000000001,0.10244273566796616,0.0974068130411107,0.005035922626855455
r06,32,0.048,20,1.0,0.0,0.0,0.0
r06,33,0.0495,0,0.0,0.0,0.0,0.0
r06,33,0.0495,1,0.05,0.08840291322915787,0.09597538484142723,-0.0075724716122693575
r06,33,0.0495,2,0.1,0.2035487269131475,0.18958753718401797,0.01396118972912952
r06,33,0.0495,3,0.15000000000000002,0.2565552466013308,0.2785314151561762,-0.02197616855484541
r06,33,0.0495,4,0.2,0.3871726862285818,0.3606169252944201,0.026555760934161732
r06,33,0.0495,5,0.25,0.3995941649107713,0.43382284991295683,-0.03422868500218551
r06,33,0.0495,6,0.30000000000000004,0.5328974854250865,0.4963466161911436,0.036550869233942906
r06,33,0.0495,7,0.35000000000000003,0.5035180222226614,0.5466486814987278,-0.04313065927606641
r06,33,0.0495,8,0.4,0.6264585658328894,0.5834904420448533,0.04296812378803605
r06,33,0.0495,9,0.45,0.5581540273032412,0.6059647314140814,-0.04781070411084021
r06,33,0.0495,10,0.5,0.6586975170233061,0.6135181580142512,0.0451793590090549
r06,33,0.0495,11,0.55,0.5581540273037462,0.6059647314140812,-0.047810704110335056
r06,33,0.0495,12,0.6000000000000001,0.6264585658319244,0.5834904420448533,0.042968123787071044
r06,33,0.0495,13,0.65,0.5035180222239988,0.5466486814987279,-0.043130659274729144
r06,33,0.0495,14,0.7000000000000001,0.5328974854235008,0.4963466161911436,0.036550869232357175
r06,33,0.0495,15,0.75,0.3995941649124544,0.4338228499129569,-0.03422868500050247
r06,33,0.0495,16,0.8,0.387172686226966,0.36061692529442013,0.026555760932545858
r06,33,0.0495,17,0.8500000000000001,0.2565552466027168,0.27853141515617597,-0.021976168553459186
r06,33,0.0495,18,0.9,0.20354872691213383,0.18958753718401802,0.013961189728115803
r06,33,0.0495,19,0.9500000000000001,0.08840291322969306,0.0959753848414273,-0.007572471611734244
r06,33,0.0495,20,1.0,0.0,0.0,0.0
r06,34,0.051000000000000004,0,0.0,0.0,0.0,0.0
r06,34,0.051000000000000004,1,0.05,0.10444865350205691,0.09456499199468145,0.009883661507375463
r06,34,0.051000000000000004,2,0.1,0.1662651505156637,0.1868014800432388,-0.020536329527575087
r06,34,0.051000000000000004,3,0.15000000000000002,0.30312179856477145,0.27443829569456313,0.02868350287020832
r06,34,0.051000000000000004,4,0.2,0.3162551096615449,0.3553175296974027,-0.0390624200358578
r06,34,0.051000000000000004,5,0.25,0.4721232700100467,0.4274476668878194,0.04467560312222735
r06,34,0.051000000000000004,6,0.30000000000000004,0.43528781519504234,0.4890526239019844,-0.05376480870694206
r06,34,0.051000000000000004,7,0.35000000000000003,0.5949100263102532,0.5386154822430784,0.05629454406717482
r06,34,0.051000000000000004,8,0.4,0.5117115165489636,0.5749158398490477,-0.06320432330008408
r06,34,0.051000000000000004,9,0.45,0.6594628442530691,0.5970598614416534,0.062402982811415764
r06,34,0.051000000000000004,10,0.5,0.5380453293595312,0.6045022877174911,-0.06645695835795995
r06,34,0.051000000000000004,11,0.55,0.6594628442523891,0.5970598614416534,0.06240298281073575
r06,34,0.051000000000000004,12,0.6000000000000001,0.5117115165502621,0.5749158398490477,-0.06320432329878556
r06,34,0.051000000000000004,13,0.65,0.5949100263084554,0.5386154822430785,0.05629454406537682
r06,34,0.051000000000000004,14,0.7000000000000001,0.43528781519717175,0.4890526239019844,-0.05376480870481265
r06,34,0.051000000000000004,15,0.75,0.4721232700077892,0.42744766688781943,0.044675603119969765
r06,34,0.051000000000000004,16,0.8,0.3162551096637095,0.35531752969740277,-0.03906242003369326
r06,34,0.051000000000000004,17,0.8500000000000001,0.30312179856291654,0.2744382956945629,0.02868350286835364
r06,34,0.051000000000000004,18,0.9,0.16626515051701915,0.18680148004323885,-0.0205363295262197
r06,34,0.051000000000000004,19,0.9500000000000001,0.10444865350134168,0.09456499199468152,0.00988366150666016
r06,34,0.051000000000000004,20,1.0,0.0,0.0,0.0
r06,35,0.0525,0,0.0,0.0,0.0,0.0
r06,35,0.0525,1,0.05,0.07886935960898685,0.09317532537878578,-0.014305965769798937
r06,35,0.0525,2,0.1,0.21128924113696426,0.1840563650155699,0.027232876121394356
r06,35,0.0525,3,0.15000000000000002,0.2288877963933709,0.27040532609761664,-0.04151752970424574
r06,35,0.0525,4,0.2,0.4018960192125819,0.3500960106273142,0.051800008585267676
r06,35,0.0525,5,0.25,0.35650110091194304,0.4211661694733227,-0.06466506856137966
r06,35,0.0525,6,0.30000000000000004,0.5531624147531715,0.48186581945651913,0.07129659529665239
r06,35,0.0525,7,0.35000000000000003,0.449217593784353,0.5307003337437284,-0.08148273995937538
r06,35,0.0525,8,0.4,0.6502814190282007,0.5664672445207387,0.08381417450746198
r06,35,0.0525,9,0.45,0.4979615386944831,0.5882858517406487,-0.09032431304616562
r06,35,0.0525,10,0.5,0.6837463472313686,0.5956189088818984,0.08812743834947023
r06,35,0.0525,11,0.55,0.4979615386953982,0.5882858517406487,-0.09032431304525051
r06,35,0.0525,12,0.6000000000000001,0.6502814190264542,0.5664672445207387,0.08381417450571549
r06,35,0.0525,13,0.65,0.4492175937867693,0.5307003337437285,-0.0814827399569592
r06,35,0.0525,14,0.7000000000000001,0.5531624147503124,0.48186581945651913,0.07129659529379323
r06,35,0.0525,15,0.75,0.35650110091497095,0.42116616947332275,-0.0646650685583518
r06,35,0.0525,16,0.8,0.40189601920968154,0.35009601062731427,0.051800008582367274
r06,35,0.0525,17,0.8500000000000001,0.2288877963958539,0.27040532609761647,-0.04151752970176256
r06,35,0.0525,18,0.9,0.2112892411351511,0.18405636501556996,0.02723287611958114
r06,35,0.0525,19,0.9500000000000001,0.07886935960994315,0.09317532537878585,-0.014305965768842702
r06,35,0.0525,20,1.0,0.0,0.0,0.0
r06,36,0.054,0,0.0,0.0,0.0,0.0
r06,36,0.054,1,0.05,0.11099967276038118,0.09180608041431312,0.01919359234606806
r06,36,0.054,2,0.1,0.1423964453740218,0.18135159044191337,-0.03895514506789158
r06,36,0.054,3,0.15000000000000002,0.3221335969310535,0.26643162244141183,0.05570197448964165
r06,36,0.054,4,0.2,0.270854134540672,0.34495122366054326,-0.07409708911987128
r06,36,0.054,5,0.25,0.5017348401970634,0.4149769809256765,0.0867578592713869
r06,36,0.054,6,0.30000000000000004,0.37279873386714335,0.47478462769077984,-0.10198589382363649
r06,36,0.054,7,0.35000000000000003,0.6322227815119527,0.5229015012022967,0.10932128030965593
r06,36,0.054,8,0.4,0.4382511956816616,0.5581428043436258,-0.11989160866196424
r06,36,0.054,9,0.45,0.7008243520168449,0.5796407792722483,0.12118357274459657
r06,36,0.054,10,0.5,0.4608045769876551,0.5868660744977329,-0.12606149751007778
r06,36,0.054,11,0.55,0.700824352015614,0.5796407792722482,0.12118357274336578
r06,36,0.054,12,0.6000000000000001,0.43825119568400966,0.5581428043436258,-0.11989160865961618
r06,36,0.054,13,0.65,0.632222781508706,0.5229015012022967,0.10932128030640931
r06,36,0.054,14,0.7000000000000001,0.3727987338709817,0.47478462769077984,-0.10198589381979811
r06,36,0.054,15,0.75,0.5017348401930022,0.41497698092567653,0.08675785926732565
r06,36,0.054,16,0.8,0.27085413454455864,0.3449512236605433,-0.07409708911598467
r06,36,0.054,17,0.8500000000000001,0.3221335969277288,0.26643162244141166,0.05570197448631714
r06,36,0.054,18,0.9,0.14239644537644802,0.18135159044191343,-0.03895514506546541
r06,36,0.054,19,0.9500000000000001,0.11099967275910202,0.09180608041431318,0.019193592344788846
r06,36,0.054,20,1.0,0.0,0.0,0.0
r06,37,0.0555,0,0.0,0.0,0.0,0.0
r06,37,0.0555,1,0.05,0.06323793267233685,0.09045695699774074,-0.027219024325403893
r06,37,0.0555,2,0.1,0.23140067274005643,0.17868656350476855,0.05271410923528788
r06,37,0.0555,3,0.15000000000000002,0.18352362856260562,0.2625163137916044,-0.07899268522899877
r06,37,0.0555,4,0.2,0.44015023536873565,0.33988204119119586,0.1002681941775398
r06,37,0.0555,5,0.25,0.28584475300527656,0.40887874473283653,-0.12303399172755997
r06,37,0.0555,6,0.30000000000000004,0.6058148262519809,0.46780749658840065,0.13800732966358026
r06,37,0.0555,7,0.35000000000000003,0.3601854014268925,0.5152172753138894,-0.1550318738869969
r06,37,0.0555,8,0.4,0.7121780409809462,0.5499406948130466,0.16223734616789953
r06,37,0.0555,9,0.45,0.3992685931982211,0.5711227492573808,-0.1718541560591597
r06,37,0.0555,10,0.5,0.7488283070219443,0.5782418661672641,0.1705864408546801
r06,37,0.0555,11,0.55,0.3992685931998762,0.5711227492573808,-0.17185415605750465
r06,37,0.0555,12,0.6000000000000001,0.71217804097779,0.5499406948130466,0.1622373461647434
r06,37,0.0555,13,0.65,0.36018540143125366,0.5152172753138894,-0.15503187388263573
r06,37,0.0555,14,0.7000000000000001,0.6058148262468286,0.46780749658840065,0.13800732965842794
r06,37,0.0555,15,0.75,0.2858447530107239,0.4088787447328366,-0.12303399172211271
r06,37,0.0555,16,0.8,0.4401502353635268,0.3398820411911959,0.1002681941723309
r06,37,0.0555,17,0.8500000000000001,0.18352362856705828,0.26251631379160417,-0.07899268522454589
r06,37,0.0555,18,0.9,0.23140067273680887,0.1786865635047686,0.05271410923204026
r06,37,0.0555,19,0.9500000000000001,0.06323793267404842,0.0904569569977408,-0.027219024323692373
r06,37,0.0555,20,1.0,0.0,0.0,0.0
r06,38,0.057,0,0.0,0.0,0.0,0.0
r06,38,0.057,1,0.05,0.12619281710956648,0.08912765943567527,0.03706515767389121
r06,38,0.057,2,0.1,0.10177680219295424,0.17606070009830133,-0.07428389790534709
r06,38,0.057,3,0.15000000000000002,0.3662258191527541,0.2586585420125437,0.10756727714021042
r06,38,0.057,4,0.2,0.19359098186698223,0.33488735218395255,-0.14129637031697032
r06,38,0.057,5,0.25,0.5704100863713746,0.4028701243171915,0.1675399620541831
r06,38,0.057,6,0.30000000000000004,0.2664551274089053,0.4609328969404549,-0.1944777695315496
r06,38,0.057,7,0.35000000000000003,0.7187586400543777,0.5076459718924635,0.2111126681619142
r06,38,0.057,8,0.4,0.3132367885788791,0.5418591182360916,-0.22862232965721246
r06,38,0.057,9,0.45,0.7967500901620899,0.5627298947614361,0.23402019540065377
r06,38,0.057,10,0.5,0.32935665043446966,0.5697443936843071,-0.24038774324983742
r06,38,0.057,11,0.55,0.7967500901598652,0.5627298947614361,0.2340201953984291
r06,38,0.057,12,0.6000000000000001,0.31323678858311993,0.5418591182360916,-0.22862232965297163
r06,38,0.057,13,0.65,0.7187586400485204,0.5076459718924635,0.2111126681560569
r06,38,0.057,14,0.7000000000000001,0.2664551274158209,0.4609328969404549,-0.19447776952463403
r06,38,0.057,15,0.75,0.5704100863640684,0.40287012431719155,0.16753996204687688
r06,38,0.057,16,0.8,0.19359098187396398,0.33488735218395266,-0.14129637030998868
r06,38,0.057,17,0.8500000000000001,0.36622581914678976,0.25865854201254346,0.1075672771342463
r06,38,0.057,18,0.9,0.10177680219730229,0.1760607000983014,-0.07428389790099912
r06,38,0.057,19,0.9500000000000001,0.12619281710727562,0.08912765943567533,0.03706515767160029
r06,38,0.057,20,1.0,0.0,0.0,0.0
r06,39,0.0585,0,0.0,0.0,0.0,0.0
r06,39,0.0585,1,0.05,0.03582751789385927,0.08781789638004425,-0.051990378486184985
r06,39,0.0585,2,0.1,0.27509582131880145,0.17347342470032331,0.10162239661847813
r06,39,0.0585,3,0.15000000000000002,0.1039755066054111,0.2548574615791916,-0.15088195497378049
r06,39,0.0585,4,0.2,0.5232633469410807,0.3299660619305583,0.1932972850105224
r06,39,0.0585,5,0.25,0.16194564829125768,0.3969498027426195,-0.2350041544513618
r06,39,0.0585,6,0.30000000000000004,0.7202102103736703,0.454159322010292,0.26605088836337826
r06,39,0.0585,7,0.35000000000000003,0.20406342158179525,0.5001859315016967,-0.2961225099199014
r06,39,0.0585,8,0.4,0.8466578804141047,0.5338963033375961,0.31276157707650865
r06,39,0.0585,9,0.45,0.2262060453755914,0.5544603762850804,-0.32825433090948897
r06,39,0.0585,10,0.5,0.890228778106279,0.5613717946199374,0.3288569834863416
r06,39,0.0585,11,0.55,0.2262060453785808,0.5544603762850804,-0.3282543309064996
r06,39,0.0585,12,0.6000000000000001,0.8466578804084073,0.5338963033375961,0.3127615770708112
r06,39,0.0585,13,0.65,0.2040634215896605,0.5001859315016968,-0.29612250991203626
r06,39,0.0585,14,0.7000000000000001,0.720210210364389,0.454159322010292,0.266050888354097
r06,39,0.0585,15,0.75,0.1619456483010573,0.3969498027426196,-0.2350041544415623
r06,39,0.0585,16,0.8,0.523263346931722,0.32996606193055833,0.19329728500116372
r06,39,0.0585,17,0.8500000000000001,0.10397550661340182,0.2548574615791914,-0.1508819549657896
r06,39,0.0585,18,0.9,0.2750958213129787,0.17347342470032337,0.10162239661265535
r06,39,0.0585,19,0.9500000000000001,0.03582751789692627,0.08781789638004432,-0.05199037848311805
r06,39,0.0585,20,1.0,0.0,0.0,0.0
r06,40,0.06,0,0.0,0.0,0.0,0.0
r06,40,0.06,1,0.05,0.157891989212509,0.08652738076424009,0.0713646084482689
r06,40,0.06,2,0.1,0.028862650435801995,0.17092417024615184,-0.14206151981034984
r06,40,0.06,3,0.15000000000000002,0.45822039963484695,0.251112239391805,0.20710816024304196
r06,40,0.06,4,0.2,0.05490002354978524,0.32511709180988985,-0.2702170682601046
r06,40,0.06,5,0.25,0.7136950047305989,0.3911164824258493,0.3225785223047496
r06,40,0.06,6,0.30000000000000004,0.07556339984909799,0.44748528720329905,-0.37192188735420106
r06,40,0.06,7,0.35000000000000003,0.8993081701563058,0.49283551909128076,0.40647265106502506
r06,40,0.06,8,0.4,0.0888301040916113,0.5260505048719218,-0.43722040078031055
r06,40,0.06,9,0.45,0.9968907860371118,0.5463123813610851,0.4505784046760267
r06,40,0.06,10,0.5,0.09340149883124771,0.5531222339142944,-0.45972073508304667
r06,40,0.06,11,0.55,0.9968907860330954,0.546312381361085,0.4505784046720105
r06,40,0.06,12,0.6000000000000001,0.08883010409926362,0.5260505048719218,-0.4372204007726582
r06,40,0.06,13,0.65,0.8993081701457455,0.4928355190912808,0.4064726510544647
r06,40,0.06,14,0.7000000000000001,0.07556339986155303,0.44748528720329905,-0.371921887341746
r06,40,0.06,15,0.75,0.7136950047174551,0.39111648242584934,0.3225785222916057
r06,40,0.06,16,0.8,0.054900023562331146,0.3251170918098899,-0.27021706824755876
r06,40,0.06,17,0.8500000000000001,0.45822039962414,0.2511122393918048,0.2071081602323352
r06,40,0.06,18,0.9,0.028862650443601173,0.17092417024615192,-0.14206151980255075
r06,40,0.06,19,0.9500000000000001,0.15789198920840194,0.08652738076424014,0.0713646084441618
r06,40,0.06,20,1.0,0.0,0.0,0.0
r06,41,0.0615,0,0.0,0.0,0.0,0.0
r06,41,0.0615,1,0.05,-0.014260807581020551,0.08525582974020235,-0.0995166373212229
r06,41,0.0615,2,0.1,0.3638949032212531,0.16841237800432407,0.19548252521692905
r06,41,0.0615,3,0.15000000000000002,-0.04138647553561692,0.24742205459334154,-0.28880853012895846
r06,41,0.0615,4,0.2,0.6921692379093103,0.3203393790515501,0.3718298588577602
r06,41,0.0615,5,0.25,-0.06446094690678972,0.385368884852063,-0.4498298317588527
r06,41,0.0615,6,0.30000000000000004,0.952689224962323,0.4409093297415157,0.5117798952208072
r06,41,0.0615,7,0.35000000000000003,-0.08122553166683544,0.48559312363856094,-0.5668186553053964
r06,41,0.0615,8,0.4,1.1199533528977281,0.518320003240444,0.6016333496572841
r06,41,0.0615,9,0.45,-0.09003919545370664,0.5382841241570802,-0.6283233196107868
r06,41,0.0615,10,0.5,1.1775886434758747,0.5449939034743831,0.6325947400014915
r06,41,0.0615,11,0.55,-0.09003919544831207,0.5382841241570802,-0.6283233196053922
r06,41,0.0615,12,0.6000000000000001,1.1199533528874517,0.518320003240444,0.6016333496470077
r06,41,0.0615,13,0.65,-0.08122553165265889,0.485593123638561,-0.5668186552912199
r06,41,0.0615,14,0.7000000000000001,0.9526892249456095,0.4409093297415157,0.5117798952040937
r06,41,0.0615,15,0.75,-0.06446094688916038,0.38536888485206305,-0.44982983174122343
r06,41,0.0615,16,0.8,0.6921692378924907,0.32033937905155013,0.3718298588409406
r06,41,0.0615,17,0.8500000000000001,-0.041386475521268506,0.24742205459334135,-0.28880853011460983
r06,41,0.0615,18,0.9,0.36389490321080487,0.16841237800432415,0.1954825252064807
r06,41,0.0615,19,0.9500000000000001,-0.014260807575519618,0.0852558297402024,-0.09951663731572202
r06,41,0.0615,20,1.0,0.0,0.0,0.0
r06,42,0.063,0,0.0,0.0,0.0,0.0
r06,42,0.063,1,0.05,0.22118910344895593,0.08400296461642474,0.13718613883253117
r06,42,0.063,2,0.1,-0.10616735051423298,0.16593749745413722,-0.2721048479683702
r06,42,0.063,3,0.15000000000000002,0.6419157797854612,0.24378609838954868,0.39812968139591254
r06,42,0.063,4,0.2,-0.20194230104730582,0.31563187650293534,-0.5175741775502412
r06,42,0.063,5,0.25,0.9998072671043378,0.3797057502946786,0.6201015168096591
r06,42,0.063,6,0.30000000000000004,-0.2779497321366392,0.43443000834303047,-0.7123797404796697
r06,42,0.063,7,0.35000000000000003,1.2598306530493977,0.47845715779544046,0.7813734952539573
r06,42,0.063,8,0.4,-0.32674950685187043,0.5107031041146587,-0.8374526109665291
r06,42,0.063,9,0.45,1.3965330369149025,0.5303738450841458,0.8661591918307567
r06,42,0.063,10,0.5,-0.34356476323638585,0.5369850217777864,-0.8805497850141722
r06,42,0.063,11,0.55,1.3965330369076576,0.5303738450841458,0.8661591918235119
r06,42,0.063,12,0.6000000000000001,-0.3267495068380726,0.5107031041146587,-0.8374526109527313
r06,42,0.063,13,0.65,1.259830653030368,0.4784571577954405,0.7813734952349275
r06,42,0.063,14,0.7000000000000001,-0.27794973211421314,0.43443000834303047,-0.7123797404572436
r06,42,0.063,15,0.75,0.9998072670806921,0.3797057502946787,0.6201015167860134
r06,42,0.063,16,0.8,-0.2019423010247553,0.3156318765029354,-0.5175741775276907
r06,42,0.063,17,0.8500000000000001,0.6419157797662309,0.24378609838954848,0.3981296813766825
r06,42,0.063,18,0.9,-0.10616735050023374,0.16593749745413727,-0.272104847954371
r06,42,0.063,19,0.9500000000000001,0.2211891034415868,0.0840029646164248,0.137186138825162
r06,42,0.063,20,1.0,0.0,0.0,0.0
r06,43,0.0645,0,0.0,0.0,0.0,0.0
r06,43,0.0645,1,0.05,-0.10793823099833089,0.08276851079687303,-0.19070674179520392
r06,43,0.0645,2,0.1,0.5390964000434968,0.1634989861649885,0.3755974138785083
r06,43,0.0645,3,0.15000000000000002,-0.3132489468940154,0.24020357387169677,-0.5534525207657122
r06,43,0.0645,4,0.2,1.0254222883433404,0.310993552399727,0.7144287359436134
r06,43,0.0645,5,0.25,-0.4878966733312343,0.37412583753924994,-0.8620225108704842
r06,43,0.0645,6,0.30000000000000004,1.4113726985195685,0.4280459029060888,0.9833267956134797
r06,43,0.0645,7,0.35000000000000003,-0.6147856740029851,0.4714260575404745,-1.0862117315434596
r06,43,0.0645,8,0.4,1.6591681153489537,0.5031981380648297,1.155969977284124
r06,43,0.0645,9,0.45,-0.6814951694359337,0.5225798104111548,-1.2040749798470884
r06,43,0.0645,10,0.5,1.7445525969408129,0.5290938334822005,1.2154587634586123
r06,43,0.0645,11,0.55,-0.6814951694262059,0.5225798104111548,-1.2040749798373607
r06,43,0.0645,12,0.6000000000000001,1.6591681153304294,0.5031981380648297,1.1559699772655998
r06,43,0.0645,13,0.65,-0.6147856739774447,0.47142605754047456,-1.0862117315179192
r06,43,0.0645,14,0.7000000000000001,1.4113726984894783,0.4280459029060888,0.9833267955833895
r06,43,0.0645,15,0.75,-0.48789667329951913,0.37412583753925,-0.8620225108387691
r06,43,0.0645,16,0.8,1.0254222883131048,0.31099355239972704,0.7144287359133777
r06,43,0.0645,17,0.8500000000000001,-0.31324894686823934,0.2402035738716966,-0.5534525207399359
r06,43,0.0645,18,0.9,0.5390964000247372,0.16349898616498856,0.37559741385974865
r06,43,0.0645,19,0.9500000000000001,-0.10793823098845748,0.08276851079687308,-0.19070674178533056
r06,43,0.0645,20,1.0,0.0,0.0,0.0
r06,44,0.066,0,0.0,0.0,0.0,0.0
r06,44,0.066,1,0.05,0.34504548622576414,0.08155219772080062,0.2634932885049635
r06,44,0.066,2,0.1,-0.360531586744107,0.16109630967748825,-0.5216278964215952
r06,44,0.066,3,0.15000000000000002,1.001361002410905,0.23667369584191703,0.764687306568988
r06,44,0.066,4,0.2,-0.6857718298038176,0.30642339013975445,-0.992195219943572
r06,44,0.066,5,0.25,1.5596563267839918,0.3686279236114241,1.1910284031725678
r06,44,0.066,6,0.30000000000000004,-0.9438839481044452,0.4217556141978429,-1.3656395623022881
r06,44,0.066,7,0.35000000000000003,1.96528162312171,0.46449828183607694,1.500783341285633
r06,44,0.066,8,0.4,-1.1096021291331417,0.49580346019409205,-1.6054055893272339
r06,44,0.066,9,0.45,2.1785314612610462,0.5149003118847835,1.6636311493762628
r06,44,0.066,10,0.5,-1.166704722705446,0.5213186090407093,-1.6880233317461553
r06,44,0.066,11,0.55,2.1785314612479856,0.5149003118847835,1.663631149363202
r06,44,0.066,12,0.6000000000000001,-1.1096021291082754,0.49580346019409205,-1.6054055893023675
r06,44,0.066,13,0.65,1.9652816230874326,0.464498281836077,1.5007833412513556
r06,44,0.066,14,0.7000000000000001,-0.9438839480640735,0.4217556141978429,-1.3656395622619164
r06,44,0.066,15,0.75,1.5596563267414532,0.36862792361142416,1.1910284031300291
r06,44,0.066,16,0.8,-0.685771829763276,0.3064233901397545,-0.9921952199030305
r06,44,0.066,17,0.8500000000000001,1.0013610023763526,0.23667369584191683,0.7646873065344357
r06,44,0.066,18,0.9,-0.36053158671896535,0.1610963096774883,-0.5216278963964537
r06,44,0.066,19,0.9500000000000001,0.3450454862125337,0.08155219772080068,0.26349328849173304
r06,44,0.066,20,1.0,0.0,0.0,0.0
r06,45,0.0675,0,0.0,0.0,0.0,0.0
r06,45,0.0675,1,0.05,-0.2853280492916169,0.08035375880344847,-0.3656818080950654
r06,45,0.0675,2,0.1,0.8799502105308226,0.1587289413863199,0.7212212691445027
r06,45,0.0675,3,0.15000000000000002,-0.8280542504109354,0.23319569064110596,-1.0612499410520413
r06,45,0.0675,4,0.2,1.6737647634777009,0.3019203880601821,1.3718443754175187
r06,45,0.0675,5,0.25,-1.2897247321017553,0.3632108035088966,-1.6529355356106519
r06,45,0.0675,6,0.30000000000000004,2.3037395595643098,0.41555776354767543,1.8881817960166343
r06,45,0.0675,7,0.35000000000000003,-1.625147970966894,0.4576723122907636,-2.0828202832576577
r06,45,0.0675,8,0.4,2.708208276456281,0.48851744977793254,2.2196908266783484
r06,45,0.0675,9,0.45,-1.8014904033553605,0.5073336663551059,-2.3088240697104663
r06,45,0.0675,10,0.5,2.847578698046507,0.513657644322711,2.333921053723796
r06,45,0.0675,11,0.55,-1.8014904033378287,0.5073336663551059,-2.3088240696929345
r06,45,0.0675,12,0.6000000000000001,2.7082082764229054,0.48851744977793254,2.219690826644973
r06,45,0.0675,13,0.65,-1.6251479709208951,0.45767231229076366,-2.082820283211659
r06,45,0.0675,14,0.7000000000000001,2.303739559510145,0.41555776354767543,1.8881817959624696
r06,45,0.0675,15,0.75,-1.2897247320446994,0.3632108035088967,-1.652935535553596
r06,45,0.0675,16,0.8,1.6737647634233384,0.3019203880601822,1.3718443753631562
r06,45,0.0675,17,0.8500000000000001,-0.8280542503646149,0.2331956906411058,-1.0612499410057206
r06,45,0.0675,18,0.9,0.8799502104971246,0.15872894138631996,0.7212212691108046
r06,45,0.0675,19,0.9500000000000001,-0.2853280492738858,0.08035375880344853,-0.3656818080773343
r06,45,0.0675,20,1.0,0.0,0.0,0.0
r06,46,0.069,0,0.0,0.0,0.0,0.0
r06,46,0.069,1,0.05,0.5850357361768167,0.07917293137761666,0.5058628047992
r06,46,0.069,2,0.1,-0.8440194219276955,0.1563963624248218,-1.0004157843525174
r06,46,0.069,3,0.15000000000000002,1.6978398344873002,0.22976879597935937,1.468071038507941
r06,46,0.069,4,0.2,-1.6054203422031543,0.2974835592179706,-1.9029039014211249
r06,46,0.069,5,0.25,2.6444475402455567,0.3578732899373061,2.2865742503082505
r06,46,0.069,6,0.30000000000000004,-2.20967153375405,0.4094509925450305,-2.6191225262990807
r06,46,0.069,7,0.35000000000000003,3.332198295805732,0.45094665282636026,2.8812516429793718
r06,46,0.069,8,0.4,-2.597624679884607,0.4813385099089685,-3.0789631897935754
r06,46,0.069,9,0.45,3.6937702653727436,0.4998782154066905,3.193892049966053
r06,46,0.069,10,0.5,-2.731304223625214,0.5061092602404172,-3.237413483865631
r06,46,0.069,11,0.55,3.693770265349212,0.4998782154066904,3.1938920499425216
r06,46,0.069,12,0.6000000000000001,-2.597624679839815,0.4813385099089685,-3.0789631897487832
r06,46,0.069,13,0.65,3.332198295744009,0.4509466528263603,2.8812516429176487
r06,46,0.069,14,0.7000000000000001,-2.2096715336813846,0.4094509925450305,-2.6191225262264153
r06,46,0.069,15,0.75,2.644447540169029,0.35787328993730616,2.286574250231723
r06,46,0.069,16,0.8,-1.605420342130256,0.29748355921797065,-1.9029039013482265
r06,46,0.069,17,0.8500000000000001,1.6978398344252004,0.2297687959793592,1.468071038445841
r06,46,0.069,18,0.9,-0.844019421882525,0.15639636242482186,-1.000415784307347
r06,46,0.069,19,0.9500000000000001,0.5850357361530517,0.07917293137761672,0.505862804775435
r06,46,0.069,20,1.0,0.0,0.0,0.0
r06,47,0.07050000000000001,0,0.0,0.0,0.0,0.0
r06,47,0.07050000000000001,1,0.05,-0.6234188003919804,0.07800945663609433,-0.7014282570280748
r06,47,0.07050000000000001,2,0.1,1.5385292267840087,0.15409806155126474,1.384431165232744
r06,47,0.07050000000000001,3,0.15000000000000002,-1.8092318253759694,0.22639226076889782,-2.035624086144867
r06,47,0.07050000000000001,4,0.2,2.9264564932803436,0.293111931173564,2.6333445621067795
r06,47,0.07050000000000001,5,0.25,-2.817944633623432,0.35261421305000945,-3.170558846673442
r06,47,0.07050000000000001,6,0.30000000000000004,4.027921808381581,0.40343396274168447,3.624487845639897
r06,47,0.07050000000000001,7,0.35000000000000003,-3.550817387344339,0.44431982935010034,-3.9951372166944394
r06,47,0.07050000000000001,8,0.4,4.735106072684005,0.4742650671469464,4.260841005537058
r06,47,0.07050000000000001,9,0.45,-3.9361113951804394,0.49253232499511773,-4.4286437201755575
r06,47,0.07050000000000001,10,0.5,4.978785163158214,0.4986718023808394,4.480113360777375
r06,47,0.07050000000000001,11,0.55,-3.9361113951488584,0.4925323249951177,-4.428643720143976
r06,47,0.07050000000000001,12,0.6000000000000001,4.7351060726238945,0.4742650671469464,4.260841005476948
r06,47,0.07050000000000001,13,0.65,-3.550817387261519,0.4443198293501004,-3.9951372166116195
r06,47,0.07050000000000001,14,0.7000000000000001,4.027921808284098,0.40343396274168447,3.624487845542414
r06,47,0.07050000000000001,15,0.75,-2.8179446335207894,0.3526142130500095,-3.170558846570799
r06,47,0.07050000000000001,16,0.8,2.926456493182588,0.29311193117356404,2.633344562009024
r06,47,0.07050000000000001,17,0.8500000000000001,-1.8092318252927078,0.22639226076889765,-2.0356240860616053
r06,47,0.07050000000000001,18,0.9,1.5385292267234558,0.1540980615512648,1.384431165172191
r06,47,0.07050000000000001,19,0.9500000000000001,-0.623418800360125,0.07800945663609439,-0.7014282569962194
r06,47,0.07050000000000001,20,1.0,0.0,0.0,0.0
r06,48,0.07200000000000001,0,0.0,0.0,0.0,0.0
r06,48,0.07200000000000001,1,0.05,1.0478012961488008,0.07686307957493582,0.9709382165738649
r06,48,0.07200000000000001,2,0.1,-1.7672962208175707,0.15183353503680078,-1.9191297558543714
r06,48,0.07200000000000001,3,0.15000000000000002,3.0408377971138045,0.2230653449594471,2.8177724521543572
r06,48,0.07200000000000001,4,0.2,-3.3615971740557073,0.2888045457777558,-3.650401719833463
r06,48,0.07200000000000001,5,0.25,4.73621590772184,0.3474324201916811,4.3887834875301595
r06,48,0.07200000000000001,6,0.30000000000000004,-4.626841574256977,0.3975053553583925,-5.024346929615369
r06,48,0.07200000000000001,7,0.35000000000000003,5.967980206108217,0.43779038943154125,5.530189816676676
r06,48,0.07200000000000001,8,0.4,-5.439178484051666,0.46729557117388376,-5.90647405522555
r06,48,0.07200000000000001,9,0.45,6.6155570205414165,0.4852943850888395,6.130262635452577
r06,48,0.07200000000000001,10,0.5,-5.7190907068292205,0.49134364064318337,-6.210434347472404
r06,48,0.07200000000000001,11,0.55,6.615557020499036,0.48529438508883943,6.130262635410197
r06,48,0.07200000000000001,12,0.6000000000000001,-5.439178483971004,0.46729557117388376,-5.906474055144887
r06,48,0.07200000000000001,13,0.65,5.967980205997097,0.4377903894315413,5.5301898165655565
r06,48,0.07200000000000001,14,0.7000000000000001,-4.626841574126203,0.3975053553583925,-5.0243469294845955
r06,48,0.07200000000000001,15,0.75,4.736215907584168,0.34743242019168113,4.388783487392487
r06,48,0.07200000000000001,16,0.8,-3.361597173924614,0.28880454577775583,-3.6504017197023697
r06,48,0.07200000000000001,17,0.8500000000000001,3.040837797002167,0.22306534495944697,2.8177724520427203
r06,48,0.07200000000000001,18,0.9,-1.7672962207363903,0.15183353503680083,-1.919129755773191
r06,48,0.07200000000000001,19,0.9500000000000001,1.047801296106098,0.07686307957493588,0.9709382165311622
r06,48,0.07200000000000001,20,1.0,0.0,0.0,0.0
r06,49,0.0735,0,0.0,0.0,0.0,0.0
r06,49,0.0735,1,0.05,-1.269937991720302,0.07573354893757028,-1.3456715406578723
r06,49,0.0735,2,0.1,2.806642700121076,0.1496022865550589,2.657040413566017
r06,49,0.0735,3,0.15000000000000002,-3.685503596346726,0.21978731937603854,-3.9052909157227647
r06,49,0.0735,4,0.2,5.338551657712526,0.2845604589616872,5.053991198750839
r06,49,0.0735,5,0.25,-5.740306430531977,0.3423267756456807,-6.082633206177658
r06,49,0.0735,6,0.30000000000000004,7.347885983149428,0.3916638709958456,6.956222112153583
r06,49,0.0735,7,0.35000000000000003,-7.233208076206826,0.43135690198422894,-7.664564978191055
r06,49,0.0735,8,0.4,8.637958032800109,0.46042849445427947,8.17752953834583
r06,49,0.0735,9,0.45,-8.018072918636813,0.4781628093163009,-8.496235727953113
r06,49,0.0735,10,0.5,9.082486565990113,0.4841231688815734,8.598363397108539
r06,49,0.0735,11,0.55,-8.01807291857994,0.47816280931630084,-8.49623572789624
r06,49,0.0735,12,0.6000000000000001,8.637958032691877,0.46042849445427947,8.177529538237598
r06,49,0.0735,13,0.65,-7.233208076057743,0.43135690198422894,-7.664564978041971
r06,49,0.0735,14,0.7000000000000001,7.347885982973997,0.3916638709958456,6.9562221119781515
r06,49,0.0735,15,0.75,-5.740306430347322,0.34232677564568076,-6.082633205993003
r06,49,0.0735,16,0.8,5.338551657536724,0.28456045896168725,5.053991198575036
r06,49,0.0735,17,0.8500000000000001,-3.6855035961970355,0.21978731937603838,-3.9052909155730737
r06,49,0.0735,18,0.9,2.806642700012236,0.14960228655505894,2.657040413457177
r06,49,0.0735,19,0.9500000000000001,-1.269937991663053,0.07573354893757034,-1.3456715406006234
r06,49,0.0735,20,1.0,0.0,0.0,0.0
r06,50,0.075,0,0.0,0.0,0.0,0.0
r06,50,0.075,1,0.05,1.9379732184167051,0.07462061715973264,1.8633526012569726
r06,50,0.075,2,0.1,-3.534593492864431,0.14740382707336278,-3.681997319937794
r06,50,0.075,3,0.15000000000000002,5.624217333969504,0.21655746555919203,5.407659868410312
r06,50,0.075,4,0.2,-6.723196347669723,0.28037874052993134,-7.003575088199654
r06,50,0.075,5,0.25,8.759923870623565,0.33729616038513305,8.422627710238432
r06,50,0.075,6,0.30000000000000004,-9.253685900673162,0.38590822934987573,-9.639594130023038
r06,50,0.075,7,0.35000000000000003,11.038148024811083,0.42501795695204003,10.613130067859043
r06,50,0.075,8,0.4,-10.8783602034662,0.4536623319003165,-11.332022535366516
r06,50,0.075,9,0.45,12.23588134300149,0.4711360346182485,11.76474530838324
r06,50,0.075,10,0.5,-11.438184815528068,0.47700880455302586,-11.915193620081094
r06,50,0.075,11,0.55,12.235881342925179,0.47113603461824843,11.76474530830693
r06,50,0.075,12,0.6000000000000001,-10.87836020332098,0.4536623319003165,-11.332022535221297
r06,50,0.075,13,0.65,11.038148024611068,0.4250179569520401,10.613130067659029
r06,50,0.075,14,0.7000000000000001,-9.253685900437835,0.38590822934987573,-9.639594129787712
r06,50,0.075,15,0.75,8.759923870375893,0.3372961603851331,8.42262770999076
r06,50,0.075,16,0.8,-6.723196347433958,0.2803787405299314,-7.003575087963889
r06,50,0.075,17,0.8500000000000001,5.624217333768781,0.21655746555919186,5.407659868209589
r06,50,0.075,18,0.9,-3.534593492718499,0.14740382707336283,-3.681997319791862
r06,50,0.075,19,0.9500000000000001,1.9379732183399514,0.0746206171597327,1.8633526011802186
r06,50,0.075,20,1.0,0.0,0.0,0.0
r06,51,0.0765,0,0.0,0.0,0.0,0.0
r06,51,0.0765,1,0.05,-2.508350739401999,0.0735240403152039,-2.581874779717203
r06,51,0.0765,2,0.1,5.24423303000461,0.1452376747455475,5.098995355259063
r06,51,0.0765,3,0.15000000000000002,-7.279517371114391,0.21337507560744842,-7.492892446721839
r06,51,0.0765,4,0.2,9.975123992289785,0.27625847395661807,9.698865518333166
r06,51,0.0765,5,0.25,-11.33811412313044,0.3323394718276659,-11.670453594958106
r06,51,0.0765,6,0.30000000000000004,13.729580317395413,0.38023716893084564,13.349343148464568
r06,51,0.0765,7,0.35000000000000003,-14.286857267445829,0.41877216500013403,-14.705629432445962
r06,51,0.0765,8,0.4,16.140089661380777,0.4469956005419856,15.693094060838792
r06,51,0.0765,9,0.45,-15.837103279996851,0.46421252090514764,-16.301315800902
r06,51,0.0765,10,0.5,16.970694574661604,0.4699989883705962,16.50069558629101
r06,51,0.0765,11,0.55,-15.837103279894457,0.4642125209051476,-16.301315800799603
r06,51,0.0765,12,0.6000000000000001,16.14008966118594,0.4469956005419856,15.693094060643954
r06,51,0.0765,13,0.65,-14.2868572671775,0.4187721650001341,-14.705629432177632
r06,51,0.0765,14,0.7000000000000001,13.729580317079742,0.38023716893084564,13.349343148148897
r06,51,0.0765,15,0.75,-11.338114122798249,0.3323394718276659,-11.670453594625915
r06,51,0.0765,16,0.8,9.975123991973593,0.2762584739566181,9.698865518016975
r06,51,0.0765,17,0.8500000000000001,-7.2795173708452285,0.21337507560744828,-7.492892446452677
r06,51,0.0765,18,0.9,5.244233029808938,0.14523767474554755,5.098995355063391
r06,51,0.0765,19,0.9500000000000001,-2.5083507392990883,0.07352404031520396,-2.5818747796142922
r06,51,0.0765,20,1.0,0.0,0.0,0.0
r06,52,0.078,0,0.0,0.0,0.0,0.0
r06,52,0.078,1,0.05,3.6482099658831637,0.07244357806234873,3.575766387820815
r06,52,0.078,2,0.1,-6.921567472310752,0.14310335480635106,-7.064670827117103
r06,52,0.078,3,0.15000000000000002,10.587517687599508,0.21023945202221553,10.377278235577293
r06,52,0.078,4,0.2,-13.165603695004851,0.27219875618455514,-13.437802451189405
r06,52,0.078,5,0.25,16.490445410437196,0.32745562359375197,16.162989786843443
r06,52,0.078,6,0.30000000000000004,-18.120898897824837,0.3746494467871628,-18.495548344612
r06,52,0.078,7,0.35000000000000003,20.77917344075487,0.4126181572104462,20.366555283544425
r06,52,0.078,8,0.4,-21.302394260741757,0.44042683920205583,-21.74282109994381
r06,52,0.078,9,0.45,23.03389119762479,0.45739075071963403,22.576500446905158
r06,52,0.078,10,0.5,-22.3986628508671,0.4630921839616233,-22.861755034828725
r06,52,0.078,11,0.55,23.033891197487414,0.457390750719634,22.57650044676778
r06,52,0.078,12,0.6000000000000001,-21.302394260480355,0.44042683920205583,-21.74282109968241
r06,52,0.078,13,0.65,20.779173440394903,0.41261815721044626,20.366555283184457
r06,52,0.078,14,0.7000000000000001,-18.12089889740139,0.3746494467871628,-18.495548344188553
r06,52,0.078,15,0.75,16.490445409991644,0.327455623593752,16.16298978639789
r06,52,0.078,16,0.8,-13.165603694580803,0.2721987561845552,-13.437802450765357
r06,52,0.078,17,0.8500000000000001,10.587517687238561,0.21023945202221536,10.377278235216346
r06,52,0.078,18,0.9,-6.921567472048376,0.1431033548063511,-7.064670826854727
r06,52,0.078,19,0.9500000000000001,3.648209965745179,0.07244357806234877,3.57576638768283
r06,52,0.078,20,1.0,0.0,0.0,0.0
r06,53,0.0795,0,0.0,0.0,0.0,0.0
r06,53,0.0795,1,0.05,-4.882582476563082,0.07137899359143861,-4.95396147015452
r06,53,0.0795,2,0.1,9.925750086551751,0.14100039946735793,9.784749687084393
r06,53,0.0795,3,0.15000000000000002,-14.169806237909256,0.20714990755489399,-14.37695614546415
r06,53,0.0795,4,0.2,18.879898597822983,0.2681986974273009,18.61169990039568
r06,53,0.0795,5,0.25,-22.06999063778524,0.32264354526860256,-22.39263418305384
r06,53,0.0795,6,0.30000000000000004,25.985951090280196,0.3691438382328556,25.61680725204734
r06,53,0.0795,7,0.35000000000000003,-27.809810583290922,0.4065545847816557,-28.216365168072578
r06,53,0.0795,8,0.4,30.548317635176133,0.4339546081758218,30.114363027000312
r06,53,0.0795,9,0.45,-30.827412506490262,0.4506692289039257,-31.27808173539419
r06,53,0.0795,10,0.5,32.12040200724073,0.4562868775309954,31.66411512970973
r06,53,0.0795,11,0.55,-30.82741250630594,0.45066922890392563,-31.278081735209867
r06,53,0.0795,12,0.6000000000000001,30.548317634825445,0.4339546081758218,30.114363026649624
r06,53,0.0795,13,0.65,-27.80981058280801,0.4065545847816557,-28.216365167589665
r06,53,0.0795,14,0.7000000000000001,25.985951089712188,0.3691438382328556,25.616807251479333
r06,53,0.0795,15,0.75,-22.069990637187637,0.3226435452686026,-22.392634182456238
r06,53,0.0795,16,0.8,18.879898597254275,0.26819869742730096,18.611699899826974
r06,53,0.0795,17,0.8500000000000001,-14.169806237425215,0.20714990755489385,-14.37695614498011
r06,53,0.0795,18,0.9,9.925750086199916,0.14100039946735796,9.784749686732557
r06,53,0.0795,19,0.9500000000000001,-4.88258247637806,0.07137899359143865,-4.9539614699694985
r06,53,0.0795,20,1.0,0.0,0.0,0.0
r06,54,0.081,0,0.0,0.0,0.0,0.0
r06,54,0.081,1,0.05,6.931966547243665,0.07033005357274932,6.8616364936709155
r06,54,0.081,2,0.1,-13.416583245993746,0.1389283478144718,-13.555511593808218
r06,54,0.081,3,0.15000000000000002,20.11735045820668,0.2041057650562503,19.91324469315043
r06,54,0.081,4,0.2,-25.519857844981278,0.264257420974146,-25.784115265955425
r06,54,0.081,5,0.25,31.333507940418947,0.31790218216755967,31.015605758251386
r06,54,0.081,6,0.30000000000000004,-35.125070950701726,0.36371913657915445,-35.48879008728088
r06,54,0.081,7,0.35000000000000003,39.482523351931974,0.40058011873356286,39.08194323319841
r06,54,0.081,8,0.4,-41.29199738090392,0.4275774889155575,-41.71957486981948
r06,54,0.081,9,0.45,43.766714286748154,0.44404648227212296,43.32266780447603
r06,54,0.081,10,0.5,-43.416975409125854,0.4495815775293652,-43.86655698665522
r06,54,0.081,11,0.55,43.766714286500864,0.4440464822721229,43.32266780422874
r06,54,0.081,12,0.6000000000000001,-41.29199738043345,0.4275774889155575,-41.71957486934901
r06,54,0.081,13,0.65,39.48252335128416,0.4005801187335629,39.08194323255059
r06,54,0.081,14,0.7000000000000001,-35.12507094993981,0.36371913657915445,-35.48879008651897
r06,54,0.081,15,0.75,31.33350793961739,0.31790218216755967,31.01560575744983
r06,54,0.081,16,0.8,-25.519857844218556,0.264257420974146,-25.784115265192703
r06,54,0.081,17,0.8500000000000001,20.11735045755755,0.20410576505625014,19.913244692501298
r06,54,0.081,18,0.9,-13.416583245521942,0.13892834781447186,-13.555511593336414
r06,54,0.081,19,0.9500000000000001,6.931966546995559,0.07033005357274937,6.86163649342281
r06,54,0.081,20,1.0,0.0,0.0,0.0
r06,55,0.0825,0,0.0,0.0,0.0,0.0
r06,55,0.0825,1,0.05,-9.436343257044978,0.06929652810542097,-9.505639785150398
r06,55,0.0825,2,0.1,18.912906852468954,0.13688674570689513,18.776020106762058
r06,55,0.0825,3,0.15000000000000002,-27.38533474622634,0.20110635732800272,-27.586441103554343
r06,55,0.0825,4,0.2,35.97448660817162,0.2603740629979605,35.714112545173656
r06,55,0.0825,5,0.25,-42.653658865493576,0.31323049510493617,-42.966889360598515
r06,55,0.0825,6,0.30000000000000004,49.514632965550874,0.35837415287001523,49.15625881268086
r06,55,0.0825,7,0.35000000000000003,-53.74674566934978,0.3946934496158108,-54.141439118965586
r06,55,0.0825,8,0.4,58.20794205938884,0.4212940837196064,57.78664797566923
r06,55,0.0825,9,0.45,-59.57872653136748,0.4375210592873234,-60.0162475906548
r06,55,0.0825,10,0.5,61.203452225774555,0.44297481432624014,60.76047741144831
r06,55,0.0825,11,0.55,-59.578726531035734,0.4375210592873233,-60.016247590323054
r06,55,0.0825,12,0.6000000000000001,58.20794205875767,0.4212940837196064,57.786647975038065
r06,55,0.0825,13,0.65,-53.74674566848077,0.3946934496158109,-54.14143911809658
r06,55,0.0825,14,0.7000000000000001,49.51463296452887,0.35837415287001523,49.15625881165886
r06,55,0.0825,15,0.75,-42.65365886441849,0.3132304951049362,-42.96688935952343
r06,55,0.0825,16,0.8,35.97448660714866,0.26037406299796056,35.7141125441507
r06,55,0.0825,17,0.8500000000000001,-27.3853347453558,0.20110635732800258,-27.5864411026838
r06,55,0.0825,18,0.9,18.912906851836247,0.13688674570689516,18.77602010612935
r06,55,0.0825,19,0.9500000000000001,-9.436343256712272,0.06929652810542103,-9.505639784817692
r06,55,0.0825,20,1.0,0.0,0.0,0.0
r06,56,0.084,0,0.0,0.0,0.0,0.0
r06,56,0.084,1,0.05,13.235012762890364,0.06827819066706962,13.166734572223294
r06,56,0.084,2,0.1,-25.875588172456577,0.13487514567759282,-26.01046331813417
r06,56,0.084,3,0.15000000000000002,38.4095030256296,0.19815102697658862,38.21135199865301
r06,56,0.084,4,0.2,-49.21829348866625,0.25654777236586557,-49.47484126103211
r06,56,0.084,5,0.25,59.82420351733217,0.3086274601662531,59.515576057165916
r06,56,0.084,6,0.30000000000000004,-67.74316931401616,0.3531077156215315,-68.09627702963769
r06,56,0.084,7,0.35000000000000003,75.38289414883376,0.3888932872208873,74.99400086161288
r06,56,0.084,8,0.4,-79.63687173230807,0.41510301542604144,-80.0519747477341
r06,56,0.084,9,0.45,83.5625818773715,0.43109152974348225,83.13149034762802
r06,56,0.084,10,0.5,-83.7351622825968,0.43646513988787733,-84.17162742248468
r06,56,0.084,11,0.55,83.56258187692646,0.4310915297434822,83.13149034718298
r06,56,0.084,12,0.6000000000000001,-79.63687173146141,0.41510301542604144,-80.05197474688745
r06,56,0.084,13,0.65,75.38289414766805,0.38889328722088734,74.99400086044717
r06,56,0.084,14,0.7000000000000001,-67.7431693126453,0.3531077156215315,-68.09627702826684
r06,56,0.084,15,0.75,59.824203515890204,0.30862746016625314,59.51557605572395
r06,56,0.084,16,0.8,-49.218293487294275,0.2565477723658656,-49.47484125966014
r06,56,0.084,17,0.8500000000000001,38.40950302446209,0.19815102697658848,38.2113519974855
r06,56,0.084,18,0.9,-25.87558817160808,0.13487514567759287,-26.010463317285673
r06,56,0.084,19,0.9500000000000001,13.235012762444201,0.06827819066706967,13.166734571777132
r06,56,0.084,20,1.0,0.0,0.0,0.0
r06,57,0.0855,0,0.0,0.0,0.0,0.0
r06,57,0.0855,1,0.05,-18.17235545605201,0.06727481806413933,-18.23963027411615
r06,57,0.0855,2,0.1,36.16182710760327,0.13289310683521913,36.028934000768054
r06,57,0.0855,3,0.15000000000000002,-52.738229601799596,0.19523912626908058,-52.933468728068675
r06,57,0.0855,4,0.2,68.78388262351028,0.2527777104526864,68.53110491305759
r06,57,0.0855,5,0.25,-82.14171838507585,0.30409206848382336,-82.44581045355967
r06,57,0.0855,6,0.30000000000000004,94.67289246250276,0.34791867056517467,94.32497379193758
r06,57,0.0855,7,0.35000000000000003,-103.50460345756126,0.3831783603013441,-103.8877818178626
r06,57,0.0855,8,0.4,111.29465996218474,0.4090029271108261,110.88565703507392
r06,57,0.0855,9,0.45,-114.73573678441717,0.4247564844519477,-115.16049326886912
r06,57,0.0855,10,0.5,117.02213070909809,0.4300511274599111,116.59207958163819
r06,57,0.0855,11,0.55,-114.73573678382019,0.42475648445194764,-115.16049326827213
r06,57,0.0855,12,0.6000000000000001,111.29465996104892,0.4090029271108261,110.8856570339381
r06,57,0.0855,13,0.65,-103.5046034559976,0.38317836030134417,-103.88778181629894
r06,57,0.0855,14,0.7000000000000001,94.672892460664,0.34791867056517467,94.32497379009882
r06,57,0.0855,15,0.75,-82.14171838314176,0.3040920684838234,-82.44581045162559
r06,57,0.0855,16,0.8,68.78388262167022,0.25277771045268643,68.53110491121753
r06,57,0.0855,17,0.8500000000000001,-52.738229600233815,0.19523912626908044,-52.933468726502895
r06,57,0.0855,18,0.9,36.16182710646538,0.13289310683521918,36.02893399963016
r06,57,0.0855,19,0.9500000000000001,-18.172355455453683,0.06727481806413937,-18.23963027351782
r06,57,0.0855,20,1.0,0.0,0.0,0.0
r06,58,0.08700000000000001,0,0.0,0.0,0.0,0.0
r06,58,0.08700000000000001,1,0.05,25.331567355772357,0.06628619038298385,25.265281165389375
r06,58,0.08700000000000001,2,0.1,-49.77871645623159,0.13094019476748536,-49.909656650999075
r06,58,0.08700000000000001,3,0.15000000000000002,73.51507175902805,0.1923700169912197,73.32270174203683
r06,58,0.08700000000000001,4,0.2,-94.68474531682729,0.24906305095714706,-94.93380836778444
r06,58,0.08700000000000001,5,0.25,114.50240872862295,0.2996233260156339,114.20278540260732
r06,58,0.08700000000000001,6,0.30000000000000004,-130.32237159808278,0.34280588039480786,-130.6651774784776
r06,58,0.08700000000000001,7,0.35000000000000003,144.28145214632468,0.37754741629117206,143.9039047300335
r06,58,0.08700000000000001,8,0.4,-153.20313613762394,0.402992481790411,-153.60612861941436
r06,58,0.08700000000000001,9,0.45,159.93722175965308,0.41851453493260254,159.5187072247205
r06,58,0.08700000000000001,10,0.5,-161.087310282762,0.42373137125464494,-161.51104165401662
r06,58,0.08700000000000001,11,0.55,159.93722175885216,0.4185145349326025,159.51870722391956
r06,58,0.08700000000000001,12,0.6000000000000001,-153.2031361361004,0.402992481790411,-153.60612861789082
r06,58,0.08700000000000001,13,0.65,144.28145214422722,0.3775474162911721,143.90390472793604
r06,58,0.08700000000000001,14,0.7000000000000001,-130.32237159561637,0.34280588039480786,-130.6651774760112
r06,58,0.08700000000000001,15,0.75,114.50240872602886,0.29962332601563396,114.20278540001323
r06,58,0.08700000000000001,16,0.8,-94.68474531435936,0.24906305095714712,-94.93380836531651
r06,58,0.08700000000000001,17,0.8500000000000001,73.51507175692808,0.19237001699121956,73.32270173993686
r06,58,0.08700000000000001,18,0.9,-49.778716454705545,0.13094019476748542,-49.90965664947303
r06,58,0.08700000000000001,19,0.9500000000000001,25.331567354969955,0.06628619038298389,25.265281164586973
r06,58,0.08700000000000001,20,1.0,0.0,0.0,0.0
r06,59,0.0885,0,0.0,0.0,0.0,0.0
r06,59,0.0885,1,0.05,-34.933543344893415,0.06531209094166715,-34.99885543583508
r06,59,0.0885,2,0.1,69.26372676012654,0.1290159814459479,69.1347107786806
r06,59,0.0885,3,0.15000000000000002,-101.3810914156409,0.18954307030753556,-101.57063448594843
r06,59,0.0885,4,0.2,131.74743735595598,0.24540297972076675,131.5020343762352
r06,59,0.0885,5,0.25,-157.90475189467057,0.2952202533274771,-158.19997214799804
r06,59,0.0885,6,0.30000000000000004,181.3347908445851,0.3377682245174174,180.99702262006767
r06,59,0.0885,7,0.35000000000000003,-198.97159507068886,0.37199922103127064,-199.34359429172014
r06,59,0.0885,8,0.4,213.1718315711113,0.3970703621287018,212.7747612089826
r06,59,0.0885,9,0.45,-220.56171220416212,0.41236431310954513,-220.97407651727167
r06,59,0.0885,10,0.5,224.14212816765544,0.417504486142939,223.7246236815125
r06,59,0.0885,11,0.55,-220.56171220308778,0.4123643131095451,-220.97407651619733
r06,59,0.0885,12,0.6000000000000001,213.17183156906765,0.3970703621287018,212.77476120693893
r06,59,0.0885,13,0.65,-198.9715950678754,0.3719992210312707,-199.34359428890667
r06,59,0.0885,14,0.7000000000000001,181.33479084127688,0.3377682245174174,180.99702261675947
r06,59,0.0885,15,0.75,-157.90475189119115,0.29522025332747714,-158.19997214451863
r06,59,0.0885,16,0.8,131.747437352646,0.2454029797207668,131.5020343729252
r06,59,0.0885,17,0.8500000000000001,-101.38109141282453,0.18954307030753542,-101.57063448313207
r06,59,0.0885,18,0.9,69.26372675807991,0.12901598144594792,69.13471077663397
r06,59,0.0885,19,0.9500000000000001,-34.933543343817306,0.06531209094166719,-34.99885543475897
r06,59,0.0885,20,1.0,0.0,0.0,0.0
r06,60,0.09,0,0.0,0.0,0.0,0.0
r06,60,0.09,1,0.05,48.544944725054584,0.06435230624247232,48.480592418812115
r06,60,0.09,2,0.1,-95.64152620834584,0.1271200451321952,-95.76864625347804
r06,60,0.09,3,0.15000000000000002,140.88291675277765,0.1867576666235215,140.69615908615413
r06,60,0.09,4,0.2,-181.92099345737796,0.24179669454941655,-182.16279015192737
r06,60,0.09,5,0.25,219.43028729925865,0.2908818853782837,219.13940541388035
r06,60,0.09,6,0.30000000000000004,-250.39276634813257,0.3328045988075077,-250.72557094694008
r06,60,0.09,7,0.35000000000000003,276.4982924635555,0.36653255849895183,276.1317599050566
r06,60,0.09,8,0.4,-294.3543506791327,0.39123527014833237,-294.74558594928106
r06,60,0.09,9,0.45,306.50071828409233,0.40630447101124184,306.0944138130811
r06,60,0.09,10,0.5,-309.502480277881,0.41136910735062493,-309.91384938523163
r06,60,0.09,11,0.55,306.50071828265123,0.4063044710112418,306.09441381164
r06,60,0.09,12,0.6000000000000001,-294.35435067639133,0.39123527014833237,-294.7455859465397
r06,60,0.09,13,0.65,276.49829245978174,0.3665325584989519,276.1317599012828
r06,60,0.09,14,0.7000000000000001,-250.39276634369523,0.3328045988075077,-250.72557094250274
r06,60,0.09,15,0.75,219.4302872945919,0.29088188537828374,219.1394054092136
r06,60,0.09,16,0.8,-181.92099345293855,0.24179669454941657,-182.16279014748795
r06,60,0.09,17,0.8500000000000001,140.8829167490004,0.18675766662352136,140.69615908237688
r06,60,0.09,18,0.9,-95.64152620560105,0.12712004513219524,-95.76864625073325
r06,60,0.09,19,0.9500000000000001,48.544944723611394,0.06435230624247236,48.480592417368925
r06,60,0.09,20,1.0,0.0,0.0,0.0
