case,i,x,initial,numerical,exact
mode_upwind_nu05_m1,0,0,1,0.88390845734357848,1
mode_upwind_nu05_m1,1,0.012500000000000001,0.99691733373312796,0.8811836625591225,0.99691733373312796
mode_upwind_nu05_m1,2,0.025000000000000001,0.98768834059513777,0.87302607747168703,0.98768834059513766
mode_upwind_nu05_m1,3,0.037500000000000006,0.97236992039767656,0.85948599630600853,0.97236992039767667
mode_upwind_nu05_m1,4,0.050000000000000003,0.95105651629515353,0.84064689816500715,0.95105651629515353
mode_upwind_nu05_m1,5,0.0625,0.92387953251128674,0.81662493235335798,0.92387953251128652
mode_upwind_nu05_m1,6,0.075000000000000011,0.8910065241883679,0.78756820227840418,0.89100652418836779
mode_upwind_nu05_m1,7,0.087500000000000008,0.85264016435409218,0.75365585234340093,0.85264016435409185
mode_upwind_nu05_m1,8,0.10000000000000001,0.80901699437494745,0.71509696346269847,0.80901699437494734
mode_upwind_nu05_m1,9,0.1125,0.76040596560003093,0.67212926400837769,0.76040596560003049
mode_upwind_nu05_m1,10,0.125,0.70710678118654757,0.62501766413578475,0.70710678118654735
mode_upwind_nu05_m1,11,0.13750000000000001,0.64944804833018355,0.57405262252433054,0.64944804833018388
mode_upwind_nu05_m1,12,0.15000000000000002,0.58778525229247303,0.51954835560314616,0.58778525229247292
mode_upwind_nu05_m1,13,0.16250000000000001,0.52249856471594891,0.4618409003023084,0.52249856471594902
mode_upwind_nu05_m1,14,0.17500000000000002,0.4539904997395468,0.40128604227342324,0.45399049973954664
mode_upwind_nu05_m1,15,0.1875,0.38268343236508984,0.33825712235277228,0.38268343236509
mode_upwind_nu05_m1,16,0.20000000000000001,0.30901699437494745,0.27314273479090911,0.30901699437494723
mode_upwind_nu05_m1,17,0.21250000000000002,0.23344536385590525,0.20634433143988379,0.23344536385590478
mode_upwind_nu05_m1,18,0.22500000000000001,0.15643446504023092,0.13827374666907849,0.15643446504023067
mode_upwind_nu05_m1,19,0.23750000000000002,0.078459095727844999,0.06935065826937159,0.078459095727844319
mode_upwind_nu05_m1,20,0.25,6.123233995736766e-17,0,-1.8369701987210297e-16
mode_upwind_nu05_m1,21,0.26250000000000001,-0.078459095727844874,-0.06935065826937159,-0.07845909572784468
mode_upwind_nu05_m1,22,0.27500000000000002,-0.15643446504023104,-0.13827374666907849,-0.15643446504023104
mode_upwind_nu05_m1,23,0.28750000000000003,-0.23344536385590556,-0.20634433143988379,-0.233445363855906
mode_upwind_nu05_m1,24,0.30000000000000004,-0.30901699437494756,-0.27314273479090911,-0.30901699437494756
mode_upwind_nu05_m1,25,0.3125,-0.38268343236508973,-0.33825712235277228,-0.38268343236509034
mode_upwind_nu05_m1,26,0.32500000000000001,-0.45399049973954669,-0.40128604227342324,-0.45399049973954692
mode_upwind_nu05_m1,27,0.33750000000000002,-0.5224985647159488,-0.4618409003023084,-0.52249856471594935
mode_upwind_nu05_m1,28,0.35000000000000003,-0.58778525229247303,-0.51954835560314616,-0.58778525229247403
mode_upwind_nu05_m1,29,0.36250000000000004,-0.64944804833018388,-0.57405262252433054,-0.6494480483301841
mode_upwind_nu05_m1,30,0.375,-0.70710678118654746,-0.62501766413578475,-0.70710678118654768
mode_upwind_nu05_m1,31,0.38750000000000001,-0.76040596560003093,-0.67212926400837769,-0.76040596560003071
mode_upwind_nu05_m1,32,0.40000000000000002,-0.80901699437494734,-0.71509696346269847,-0.80901699437494756
mode_upwind_nu05_m1,33,0.41250000000000003,-0.85264016435409218,-0.75365585234340093,-0.85264016435409251
mode_upwind_nu05_m1,34,0.42500000000000004,-0.89100652418836801,-0.78756820227840418,-0.89100652418836812
mode_upwind_nu05_m1,35,0.4375,-0.92387953251128674,-0.81662493235335798,-0.92387953251128685
mode_upwind_nu05_m1,36,0.45000000000000001,-0.95105651629515353,-0.84064689816500715,-0.95105651629515353
mode_upwind_nu05_m1,37,0.46250000000000002,-0.97236992039767656,-0.85948599630600853,-0.97236992039767667
mode_upwind_nu05_m1,38,0.47500000000000003,-0.98768834059513766,-0.87302607747168703,-0.98768834059513777
mode_upwind_nu05_m1,39,0.48750000000000004,-0.99691733373312796,-0.8811836625591225,-0.99691733373312807
mode_upwind_nu05_m1,40,0.5,-1,-0.88390845734357848,-1
mode_upwind_nu05_m1,41,0.51250000000000007,-0.99691733373312796,-0.8811836625591225,-0.99691733373312796
mode_upwind_nu05_m1,42,0.52500000000000002,-0.98768834059513777,-0.87302607747168703,-0.98768834059513766
mode_upwind_nu05_m1,43,0.53749999999999998,-0.97236992039767667,-0.85948599630600853,-0.97236992039767656
mode_upwind_nu05_m1,44,0.55000000000000004,-0.95105651629515353,-0.84064689816500715,-0.95105651629515342
mode_upwind_nu05_m1,45,0.5625,-0.92387953251128685,-0.81662493235335798,-0.92387953251128674
mode_upwind_nu05_m1,46,0.57500000000000007,-0.89100652418836768,-0.78756820227840418,-0.89100652418836757
mode_upwind_nu05_m1,47,0.58750000000000002,-0.85264016435409229,-0.75365585234340093,-0.85264016435409218
mode_upwind_nu05_m1,48,0.60000000000000009,-0.80901699437494723,-0.71509696346269847,-0.80901699437494712
mode_upwind_nu05_m1,49,0.61250000000000004,-0.76040596560003071,-0.67212926400837769,-0.7604059656000306
mode_upwind_nu05_m1,50,0.625,-0.70710678118654768,-0.62501766413578475,-0.70710678118654746
mode_upwind_nu05_m1,51,0.63750000000000007,-0.64944804833018344,-0.57405262252433054,-0.64944804833018321
mode_upwind_nu05_m1,52,0.65000000000000002,-0.58778525229247325,-0.51954835560314616,-0.58778525229247303
mode_upwind_nu05_m1,53,0.66250000000000009,-0.52249856471594858,-0.4618409003023084,-0.52249856471594847
mode_upwind_nu05_m1,54,0.67500000000000004,-0.45399049973954692,-0.40128604227342313,-0.4539904997395463
mode_upwind_nu05_m1,55,0.6875,-0.38268343236509034,-0.33825712235277217,-0.38268343236508973
mode_upwind_nu05_m1,56,0.70000000000000007,-0.30901699437494756,-0.27314273479090906,-0.30901699437494695
mode_upwind_nu05_m1,57,0.71250000000000002,-0.23344536385590514,-0.20634433143988373,-0.23344536385590511
mode_upwind_nu05_m1,58,0.72500000000000009,-0.15643446504023018,-0.13827374666907838,-0.15643446504023015
mode_upwind_nu05_m1,59,0.73750000000000004,-0.07845909572784468,-0.069350658269371507,-0.078459095727844666
mode_upwind_nu05_m1,60,0.75,-1.8369701987210297e-16,9.3675067702747583e-17,6.123233995736766e-17
mode_upwind_nu05_m1,61,0.76250000000000007,0.078459095727845207,0.069350658269371701,0.078459095727845443
mode_upwind_nu05_m1,62,0.77500000000000002,0.15643446504023067,0.1382737466690786,0.15643446504023115
mode_upwind_nu05_m1,63,0.78750000000000009,0.23344536385590567,0.2063443314398839,0.23344536385590611
mode_upwind_nu05_m1,64,0.80000000000000004,0.30901699437494723,0.27314273479090923,0.30901699437494767
mode_upwind_nu05_m1,65,0.8125,0.38268343236509,0.33825712235277239,0.38268343236508984
mode_upwind_nu05_m1,66,0.82500000000000007,0.45399049973954664,0.40128604227342335,0.45399049973954725
mode_upwind_nu05_m1,67,0.83750000000000002,0.52249856471594902,0.46184090030230851,0.52249856471594913
mode_upwind_nu05_m1,68,0.85000000000000009,0.58778525229247369,0.51954835560314616,0.58778525229247358
mode_upwind_nu05_m1,69,0.86250000000000004,0.64944804833018388,0.57405262252433065,0.64944804833018388
mode_upwind_nu05_m1,70,0.875,0.70710678118654735,0.62501766413578475,0.70710678118654757
mode_upwind_nu05_m1,71,0.88750000000000007,0.76040596560003104,0.6721292640083778,0.76040596560003126
mode_upwind_nu05_m1,72,0.90000000000000002,0.80901699437494734,0.71509696346269847,0.80901699437494745
mode_upwind_nu05_m1,73,0.91250000000000009,0.85264016435409229,0.75365585234340093,0.85264016435409251
mode_upwind_nu05_m1,74,0.92500000000000004,0.89100652418836779,0.78756820227840418,0.89100652418836801
mode_upwind_nu05_m1,75,0.9375,0.92387953251128652,0.81662493235335798,0.92387953251128674
mode_upwind_nu05_m1,76,0.95000000000000007,0.95105651629515353,0.84064689816500715,0.95105651629515375
mode_upwind_nu05_m1,77,0.96250000000000002,0.97236992039767667,0.85948599630600853,0.97236992039767667
mode_upwind_nu05_m1,78,0.97500000000000009,0.98768834059513788,0.87302607747168703,0.98768834059513777
mode_upwind_nu05_m1,79,0.98750000000000004,0.99691733373312796,0.8811836625591225,0.99691733373312796
mode_lax_wendroff_nu05_m1,0,0,1,0.99984575161116118,1
mode_lax_wendroff_nu05_m1,1,0.012500000000000001,0.99691733373312796,0.9963837959232511,0.99691733373312796
mode_lax_wendroff_nu05_m1,2,0.025000000000000001,0.98768834059513777,0.98677880280224017,0.98768834059513766
mode_lax_wendroff_nu05_m1,3,0.037500000000000006,0.97236992039767656,0.97108999022470377,0.97236992039767667
mode_lax_wendroff_nu05_m1,4,0.050000000000000003,0.95105651629515353,0.94941408493724155,0.95105651629515353
mode_lax_wendroff_nu05_m1,5,0.0625,0.92387953251128674,0.92188472610392092,0.92387953251128652
mode_lax_wendroff_nu05_m1,6,0.075000000000000011,0.8910065241883679,0.88867164137638976,0.89100652418836779
mode_lax_wendroff_nu05_m1,7,0.087500000000000008,0.85264016435409218,0.84997960046646515,0.85264016435409185
mode_lax_wendroff_nu05_m1,8,0.10000000000000001,0.80901699437494745,0.80604715267276617,0.80901699437494734
mode_lax_wendroff_nu05_m1,9,0.1125,0.76040596560003093,0.75714515614496214,0.76040596560003049
mode_lax_wendroff_nu05_m1,10,0.125,0.70710678118654757,0.70357510795321088,0.70710678118654735
mode_lax_wendroff_nu05_m1,11,0.13750000000000001,0.64944804833018355,0.64566728525846306,0.64944804833018388
mode_lax_wendroff_nu05_m1,12,0.15000000000000002,0.58778525229247303,0.58377870904393681,0.58778525229247292
mode_lax_wendroff_nu05_m1,13,0.16250000000000001,0.52249856471594891,0.51829094296203471,0.52249856471594902
mode_lax_wendroff_nu05_m1,14,0.17500000000000002,0.4539904997395468,0.44960774086754418,0.45399049973954664
mode_lax_wendroff_nu05_m1,15,0.1875,0.38268343236508984,0.37815255754085986,0.38268343236509
mode_lax_wendroff_nu05_m1,16,0.20000000000000001,0.30901699437494745,0.30436593794845029,0.30901699437494723
mode_lax_wendroff_nu05_m1,17,0.21250000000000002,0.23344536385590525,0.22870280113664371,0.23344536385590478
mode_lax_wendroff_nu05_m1,18,0.22500000000000001,0.15643446504023092,0.15162963550443093,0.15643446504023067
mode_lax_wendroff_nu05_m1,19,0.23750000000000002,0.078459095727844999,0.073621622747362864,0.078459095727844319
mode_lax_wendroff_nu05_m1,20,0.25,6.123233995736766e-17,-0.0048402917956165961,-1.8369701987210297e-16
mode_lax_wendroff_nu05_m1,21,0.26250000000000001,-0.078459095727844874,-0.083272364330115645,-0.07845909572784468
mode_lax_wendroff_nu05_m1,22,0.27500000000000002,-0.15643446504023104,-0.16119103504764826,-0.15643446504023104
mode_lax_wendroff_nu05_m1,23,0.28750000000000003,-0.23344536385590556,-0.23811590943265371,-0.233445363855906
mode_lax_wendroff_nu05_m1,24,0.30000000000000004,-0.30901699437494756,-0.3135727200544321,-0.30901699437494756
mode_lax_wendroff_nu05_m1,25,0.3125,-0.38268343236508973,-0.38709625058356462,-0.38268343236509034
mode_lax_wendroff_nu05_m1,26,0.32500000000000001,-0.45399049973954669,-0.45823320400528383,-0.45399049973954692
mode_lax_wendroff_nu05_m1,27,0.33750000000000002,-0.5224985647159488,-0.52654499734630733,-0.52249856471594935
mode_lax_wendroff_nu05_m1,28,0.35000000000000003,-0.58778525229247303,-0.59161046568471143,-0.58778525229247403
mode_lax_wendroff_nu05_m1,29,0.36250000000000004,-0.64944804833018388,-0.65302845877172644,-0.6494480483301841
mode_lax_wendroff_nu05_m1,30,0.375,-0.70710678118654746,-0.71042031425641494,-0.70710678118654768
mode_lax_wendroff_nu05_m1,31,0.38750000000000001,-0.76040596560003093,-0.76343219226498571,-0.76040596560003071
mode_lax_wendroff_nu05_m1,32,0.40000000000000002,-0.80901699437494734,-0.81173725694127796,-0.80901699437494756
mode_lax_wendroff_nu05_m1,33,0.41250000000000003,-0.85264016435409218,-0.85503769149849773,-0.85264016435409251
mode_lax_wendroff_nu05_m1,34,0.42500000000000004,-0.89100652418836801,-0.89306653435874439,-0.89100652418836812
mode_lax_wendroff_nu05_m1,35,0.4375,-0.92387953251128674,-0.92558932505991098,-0.92387953251128685
mode_lax_wendroff_nu05_m1,36,0.45000000000000001,-0.95105651629515353,-0.95240554978239977,-0.95105651629515353
mode_lax_wendroff_nu05_m1,37,0.46250000000000002,-0.97236992039767656,-0.97334987758349722,-0.97236992039767667
mode_lax_wendroff_nu05_m1,38,0.47500000000000003,-0.98768834059513766,-0.98829317971761288,-0.98768834059513777
mode_lax_wendroff_nu05_m1,39,0.48750000000000004,-0.99691733373312796,-0.99714332575793818,-0.99691733373312807
mode_lax_wendroff_nu05_m1,40,0.5,-1,-0.99984575161116218,-1
mode_lax_wendroff_nu05_m1,41,0.51250000000000007,-0.99691733373312796,-0.99638379592325199,-0.99691733373312796
mode_lax_wendroff_nu05_m1,42,0.52500000000000002,-0.98768834059513777,-0.98677880280224073,-0.98768834059513766
mode_lax_wendroff_nu05_m1,43,0.53749999999999998,-0.97236992039767667,-0.97108999022470399,-0.97236992039767656
mode_lax_wendroff_nu05_m1,44,0.55000000000000004,-0.95105651629515353,-0.94941408493724155,-0.95105651629515342
mode_lax_wendroff_nu05_m1,45,0.5625,-0.92387953251128685,-0.92188472610392103,-0.92387953251128674
mode_lax_wendroff_nu05_m1,46,0.57500000000000007,-0.89100652418836768,-0.88867164137638999,-0.89100652418836757
mode_lax_wendroff_nu05_m1,47,0.58750000000000002,-0.85264016435409229,-0.84997960046646548,-0.85264016435409218
mode_lax_wendroff_nu05_m1,48,0.60000000000000009,-0.80901699437494723,-0.80604715267276628,-0.80901699437494712
mode_lax_wendroff_nu05_m1,49,0.61250000000000004,-0.76040596560003071,-0.75714515614496214,-0.7604059656000306
mode_lax_wendroff_nu05_m1,50,0.625,-0.70710678118654768,-0.70357510795321088,-0.70710678118654746
mode_lax_wendroff_nu05_m1,51,0.63750000000000007,-0.64944804833018344,-0.64566728525846295,-0.64944804833018321
mode_lax_wendroff_nu05_m1,52,0.65000000000000002,-0.58778525229247325,-0.58377870904393681,-0.58778525229247303
mode_lax_wendroff_nu05_m1,53,0.66250000000000009,-0.52249856471594858,-0.51829094296203482,-0.52249856471594847
mode_lax_wendroff_nu05_m1,54,0.67500000000000004,-0.45399049973954692,-0.44960774086754429,-0.4539904997395463
mode_lax_wendroff_nu05_m1,55,0.6875,-0.38268343236509034,-0.37815255754085997,-0.38268343236508973
mode_lax_wendroff_nu05_m1,56,0.70000000000000007,-0.30901699437494756,-0.30436593794845046,-0.30901699437494695
mode_lax_wendroff_nu05_m1,57,0.71250000000000002,-0.23344536385590514,-0.22870280113664385,-0.23344536385590511
mode_lax_wendroff_nu05_m1,58,0.72500000000000009,-0.15643446504023018,-0.1516296355044312,-0.15643446504023015
mode_lax_wendroff_nu05_m1,59,0.73750000000000004,-0.07845909572784468,-0.073621622747363197,-0.078459095727844666
mode_lax_wendroff_nu05_m1,60,0.75,-1.8369701987210297e-16,0.0048402917956161971,6.123233995736766e-17
mode_lax_wendroff_nu05_m1,61,0.76250000000000007,0.078459095727845207,0.083272364330115353,0.078459095727845443
mode_lax_wendroff_nu05_m1,62,0.77500000000000002,0.15643446504023067,0.16119103504764837,0.15643446504023115
mode_lax_wendroff_nu05_m1,63,0.78750000000000009,0.23344536385590567,0.23811590943265426,0.23344536385590611
mode_lax_wendroff_nu05_m1,64,0.80000000000000004,0.30901699437494723,0.31357272005443287,0.30901699437494767
mode_lax_wendroff_nu05_m1,65,0.8125,0.38268343236509,0.38709625058356512,0.38268343236508984
mode_lax_wendroff_nu05_m1,66,0.82500000000000007,0.45399049973954664,0.45823320400528428,0.45399049973954725
mode_lax_wendroff_nu05_m1,67,0.83750000000000002,0.52249856471594902,0.52654499734630766,0.52249856471594913
mode_lax_wendroff_nu05_m1,68,0.85000000000000009,0.58778525229247369,0.59161046568471176,0.58778525229247358
mode_lax_wendroff_nu05_m1,69,0.86250000000000004,0.64944804833018388,0.65302845877172644,0.64944804833018388
mode_lax_wendroff_nu05_m1,70,0.875,0.70710678118654735,0.71042031425641516,0.70710678118654757
mode_lax_wendroff_nu05_m1,71,0.88750000000000007,0.76040596560003104,0.76343219226498582,0.76040596560003126
mode_lax_wendroff_nu05_m1,72,0.90000000000000002,0.80901699437494734,0.81173725694127763,0.80901699437494745
mode_lax_wendroff_nu05_m1,73,0.91250000000000009,0.85264016435409229,0.85503769149849762,0.85264016435409251
mode_lax_wendroff_nu05_m1,74,0.92500000000000004,0.89100652418836779,0.89306653435874439,0.89100652418836801
mode_lax_wendroff_nu05_m1,75,0.9375,0.92387953251128652,0.92558932505991132,0.92387953251128674
mode_lax_wendroff_nu05_m1,76,0.95000000000000007,0.95105651629515353,0.9524055497824,0.95105651629515375
mode_lax_wendroff_nu05_m1,77,0.96250000000000002,0.97236992039767667,0.97334987758349689,0.97236992039767667
mode_lax_wendroff_nu05_m1,78,0.97500000000000009,0.98768834059513788,0.98829317971761221,0.98768834059513777
mode_lax_wendroff_nu05_m1,79,0.98750000000000004,0.99691733373312796,0.99714332575793729,0.99691733373312796
mode_upwind_nu05_m4,0,0,1,0.13778068208799957,1
mode_upwind_nu05_m4,1,0.012500000000000001,0.95105651629515353,0.13103721551938297,0.95105651629515386
mode_upwind_nu05_m4,2,0.025000000000000001,0.80901699437494745,0.11146691330576361,0.8090169943749469
mode_upwind_nu05_m4,3,0.037500000000000006,0.58778525229247303,0.080985452982123937,0.5877852522924738
mode_upwind_nu05_m4,4,0.050000000000000003,0.30901699437494745,0.042576572261763874,0.30901699437494656
mode_upwind_nu05_m4,5,0.0625,6.123233995736766e-17,1.0234868508263162e-16,-2.6948419387607653e-15
mode_upwind_nu05_m4,6,0.075000000000000011,-0.30901699437494756,-0.042576572261763673,-0.30901699437494828
mode_upwind_nu05_m4,7,0.087500000000000008,-0.58778525229247303,-0.080985452982123757,-0.58778525229247525
mode_upwind_nu05_m4,8,0.10000000000000001,-0.80901699437494734,-0.11146691330576347,-0.8090169943749479
mode_upwind_nu05_m4,9,0.1125,-0.95105651629515353,-0.13103721551938285,-0.95105651629515442
mode_upwind_nu05_m4,10,0.125,-1,-0.13778068208799948,-1
mode_upwind_nu05_m4,11,0.13750000000000001,-0.95105651629515353,-0.13103721551938291,-0.95105651629515386
mode_upwind_nu05_m4,12,0.15000000000000002,-0.80901699437494723,-0.11146691330576354,-0.8090169943749469
mode_upwind_nu05_m4,13,0.16250000000000001,-0.58778525229247325,-0.08098545298212384,-0.58778525229247391
mode_upwind_nu05_m4,14,0.17500000000000002,-0.30901699437494756,-0.042576572261763777,-0.30901699437494667
mode_upwind_nu05_m4,15,0.1875,-1.8369701987210297e-16,-1.3877787807814457e-17,-9.8033641995447082e-16
mode_upwind_nu05_m4,16,0.20000000000000001,0.30901699437494723,0.04257657226176375,0.30901699437494817
mode_upwind_nu05_m4,17,0.21250000000000002,0.58778525229247369,0.080985452982123812,0.58778525229247514
mode_upwind_nu05_m4,18,0.22500000000000001,0.80901699437494734,0.1114669133057635,0.8090169943749479
mode_upwind_nu05_m4,19,0.23750000000000002,0.95105651629515353,0.13103721551938285,0.95105651629515431
mode_upwind_nu05_m4,20,0.25,1,0.13778068208799948,1
mode_upwind_nu05_m4,21,0.26250000000000001,0.95105651629515364,0.13103721551938285,0.95105651629515386
mode_upwind_nu05_m4,22,0.27500000000000002,0.80901699437494701,0.11146691330576348,0.80901699437494701
mode_upwind_nu05_m4,23,0.28750000000000003,0.58778525229247269,0.080985452982123785,0.58778525229247114
mode_upwind_nu05_m4,24,0.30000000000000004,0.30901699437494684,0.042576572261763715,0.30901699437494679
mode_upwind_nu05_m4,25,0.3125,3.0616169978683831e-16,-5.5511151231257827e-17,-2.4499125789312946e-15
mode_upwind_nu05_m4,26,0.32500000000000001,-0.30901699437494712,-0.042576572261763826,-0.30901699437494806
mode_upwind_nu05_m4,27,0.33750000000000002,-0.58778525229247292,-0.080985452982123896,-0.58778525229247514
mode_upwind_nu05_m4,28,0.35000000000000003,-0.80901699437494723,-0.1114669133057636,-0.80901699437494989
mode_upwind_nu05_m4,29,0.36250000000000004,-0.95105651629515398,-0.13103721551938297,-0.95105651629515431
mode_upwind_nu05_m4,30,0.375,-1,-0.1377806820879996,-1
mode_upwind_nu05_m4,31,0.38750000000000001,-0.95105651629515364,-0.13103721551938297,-0.95105651629515398
mode_upwind_nu05_m4,32,0.40000000000000002,-0.80901699437494767,-0.1114669133057636,-0.80901699437494712
mode_upwind_nu05_m4,33,0.41250000000000003,-0.58778525229247347,-0.080985452982123896,-0.58778525229247125
mode_upwind_nu05_m4,34,0.42500000000000004,-0.30901699437494612,-0.042576572261763833,-0.30901699437494518
mode_upwind_nu05_m4,35,0.4375,-4.2862637970157361e-16,-6.9388939039072284e-17,5.5109105961630896e-16
mode_upwind_nu05_m4,36,0.45000000000000001,0.30901699437494701,0.042576572261763687,0.30901699437494623
mode_upwind_nu05_m4,37,0.46250000000000002,0.5877852522924728,0.080985452982123743,0.58778525229247358
mode_upwind_nu05_m4,38,0.47500000000000003,0.80901699437494712,0.11146691330576344,0.80901699437494878
mode_upwind_nu05_m4,39,0.48750000000000004,0.95105651629515398,0.1310372155193828,0.95105651629515431
mode_upwind_nu05_m4,40,0.5,1,0.1377806820879994,1
mode_upwind_nu05_m4,41,0.51250000000000007,0.9510565162951532,0.13103721551938274,0.95105651629515287
mode_upwind_nu05_m4,42,0.52500000000000002,0.80901699437494767,0.11146691330576336,0.80901699437494712
mode_upwind_nu05_m4,43,0.53749999999999998,0.58778525229247358,0.080985452982123673,0.5877852522924728
mode_upwind_nu05_m4,44,0.55000000000000004,0.30901699437494623,0.04257657226176359,0.30901699437494534
mode_upwind_nu05_m4,45,0.5625,5.5109105961630896e-16,-1.9081958235744878e-16,-4.2862637970157361e-16
mode_upwind_nu05_m4,46,0.57500000000000007,-0.30901699437494856,-0.042576572261763965,-0.30901699437494951
mode_upwind_nu05_m4,47,0.58750000000000002,-0.58778525229247269,-0.08098545298212402,-0.58778525229247347
mode_upwind_nu05_m4,48,0.60000000000000009,-0.80901699437494812,-0.11146691330576372,-0.80901699437494867
mode_upwind_nu05_m4,49,0.61250000000000004,-0.95105651629515398,-0.13103721551938308,-0.9510565162951542
mode_upwind_nu05_m4,50,0.625,-1,-0.13778068208799968,-1
mode_upwind_nu05_m4,51,0.63750000000000007,-0.9510565162951532,-0.13103721551938302,-0.95105651629515287
mode_upwind_nu05_m4,52,0.65000000000000002,-0.80901699437494778,-0.11146691330576364,-0.80901699437494723
mode_upwind_nu05_m4,53,0.66250000000000009,-0.58778525229247225,-0.080985452982123923,-0.58778525229247147
mode_upwind_nu05_m4,54,0.67500000000000004,-0.30901699437494806,-0.04257657226176384,-0.30901699437494545
mode_upwind_nu05_m4,55,0.6875,-2.4499125789312946e-15,-5.5511151231257827e-17,3.0616169978683831e-16
mode_upwind_nu05_m4,56,0.70000000000000007,0.30901699437494679,0.042576572261763729,0.30901699437494939
mode_upwind_nu05_m4,57,0.71250000000000002,0.58778525229247403,0.080985452982123812,0.58778525229247403
mode_upwind_nu05_m4,58,0.72500000000000009,0.80901699437494912,0.11146691330576353,0.80901699437494912
mode_upwind_nu05_m4,59,0.73750000000000004,0.95105651629515386,0.13103721551938288,0.95105651629515398
mode_upwind_nu05_m4,60,0.75,1,0.13778068208799948,1
mode_upwind_nu05_m4,61,0.76250000000000007,0.95105651629515331,0.13103721551938285,0.95105651629515298
mode_upwind_nu05_m4,62,0.77500000000000002,0.8090169943749479,0.11146691330576347,0.80901699437494679
mode_upwind_nu05_m4,63,0.78750000000000009,0.58778525229247236,0.080985452982123757,0.58778525229247081
mode_upwind_nu05_m4,64,0.80000000000000004,0.30901699437494817,0.042576572261763673,0.3090169943749464
mode_upwind_nu05_m4,65,0.8125,-9.8033641995447082e-16,-1.1102230246251565e-16,-1.8369701987210297e-16
mode_upwind_nu05_m4,66,0.82500000000000007,-0.30901699437494667,-0.042576572261763895,-0.30901699437494928
mode_upwind_nu05_m4,67,0.83750000000000002,-0.58778525229247391,-0.080985452982123979,-0.58778525229247403
mode_upwind_nu05_m4,68,0.85000000000000009,-0.80901699437494901,-0.11146691330576369,-0.80901699437494878
mode_upwind_nu05_m4,69,0.86250000000000004,-0.95105651629515386,-0.13103721551938308,-0.95105651629515398
mode_upwind_nu05_m4,70,0.875,-1,-0.13778068208799971,-1
mode_upwind_nu05_m4,71,0.88750000000000007,-0.95105651629515331,-0.13103721551938308,-0.95105651629515298
mode_upwind_nu05_m4,72,0.90000000000000002,-0.8090169943749479,-0.11146691330576369,-0.80901699437494712
mode_upwind_nu05_m4,73,0.91250000000000009,-0.58778525229247247,-0.080985452982123979,-0.58778525229247125
mode_upwind_nu05_m4,74,0.92500000000000004,-0.30901699437494828,-0.042576572261763895,-0.30901699437494629
mode_upwind_nu05_m4,75,0.9375,-2.6948419387607653e-15,-9.3675067702747583e-17,6.123233995736766e-17
mode_upwind_nu05_m4,76,0.95000000000000007,0.30901699437494656,0.042576572261763708,0.30901699437494917
mode_upwind_nu05_m4,77,0.96250000000000002,0.5877852522924738,0.080985452982123812,0.58778525229247358
mode_upwind_nu05_m4,78,0.97500000000000009,0.80901699437494901,0.11146691330576353,0.80901699437494878
mode_upwind_nu05_m4,79,0.98750000000000004,0.95105651629515386,0.13103721551938291,0.95105651629515386
mode_lax_wendroff_nu05_m4,0,0,1,0.91978917416109429,1
mode_lax_wendroff_nu05_m4,1,0.012500000000000001,0.95105651629515353,0.78487443116096101,0.95105651629515386
mode_lax_wendroff_nu05_m4,2,0.025000000000000001,0.80901699437494745,0.57313071029707352,0.8090169943749469
mode_lax_wendroff_nu05_m4,3,0.037500000000000006,0.58778525229247303,0.30528496227284213,0.5877852522924738
mode_lax_wendroff_nu05_m4,4,0.050000000000000003,0.30901699437494745,0.0075557950959396838,0.30901699437494656
mode_lax_wendroff_nu05_m4,5,0.0625,6.123233995736766e-17,-0.29091298594927334,-2.6948419387607653e-15
mode_lax_wendroff_nu05_m4,6,0.075000000000000011,-0.30901699437494756,-0.56090517701981335,-0.30901699437494828
mode_lax_wendroff_nu05_m4,7,0.087500000000000008,-0.58778525229247303,-0.77599206130748699,-0.58778525229247525
mode_lax_wendroff_nu05_m4,8,0.10000000000000001,-0.80901699437494734,-0.91511943597977408,-0.8090169943749479
mode_lax_wendroff_nu05_m4,9,0.1125,-0.95105651629515353,-0.96466854424633253,-0.95105651629515442
mode_lax_wendroff_nu05_m4,10,0.125,-1,-0.9197891741610944,-1
mode_lax_wendroff_nu05_m4,11,0.13750000000000001,-0.95105651629515353,-0.78487443116096078,-0.95105651629515386
mode_lax_wendroff_nu05_m4,12,0.15000000000000002,-0.80901699437494723,-0.57313071029707308,-0.8090169943749469
mode_lax_wendroff_nu05_m4,13,0.16250000000000001,-0.58778525229247325,-0.30528496227284196,-0.58778525229247391
mode_lax_wendroff_nu05_m4,14,0.17500000000000002,-0.30901699437494756,-0.0075557950959398018,-0.30901699437494667
mode_lax_wendroff_nu05_m4,15,0.1875,-1.8369701987210297e-16,0.29091298594927306,-9.8033641995447082e-16
mode_lax_wendroff_nu05_m4,16,0.20000000000000001,0.30901699437494723,0.56090517701981302,0.30901699437494817
mode_lax_wendroff_nu05_m4,17,0.21250000000000002,0.58778525229247369,0.77599206130748644,0.58778525229247514
mode_lax_wendroff_nu05_m4,18,0.22500000000000001,0.80901699437494734,0.91511943597977363,0.8090169943749479
mode_lax_wendroff_nu05_m4,19,0.23750000000000002,0.95105651629515353,0.96466854424633197,0.95105651629515431
mode_lax_wendroff_nu05_m4,20,0.25,1,0.91978917416109407,1
mode_lax_wendroff_nu05_m4,21,0.26250000000000001,0.95105651629515364,0.78487443116096056,0.95105651629515386
mode_lax_wendroff_nu05_m4,22,0.27500000000000002,0.80901699437494701,0.57313071029707285,0.80901699437494701
mode_lax_wendroff_nu05_m4,23,0.28750000000000003,0.58778525229247269,0.30528496227284174,0.58778525229247114
mode_lax_wendroff_nu05_m4,24,0.30000000000000004,0.30901699437494684,0.0075557950959394965,0.30901699437494679
mode_lax_wendroff_nu05_m4,25,0.3125,3.0616169978683831e-16,-0.29091298594927345,-2.4499125789312946e-15
mode_lax_wendroff_nu05_m4,26,0.32500000000000001,-0.30901699437494712,-0.56090517701981346,-0.30901699437494806
mode_lax_wendroff_nu05_m4,27,0.33750000000000002,-0.58778525229247292,-0.77599206130748688,-0.58778525229247514
mode_lax_wendroff_nu05_m4,28,0.35000000000000003,-0.80901699437494723,-0.91511943597977408,-0.80901699437494989
mode_lax_wendroff_nu05_m4,29,0.36250000000000004,-0.95105651629515398,-0.96466854424633253,-0.95105651629515431
mode_lax_wendroff_nu05_m4,30,0.375,-1,-0.91978917416109451,-1
mode_lax_wendroff_nu05_m4,31,0.38750000000000001,-0.95105651629515364,-0.78487443116096112,-0.95105651629515398
mode_lax_wendroff_nu05_m4,32,0.40000000000000002,-0.80901699437494767,-0.57313071029707341,-0.80901699437494712
mode_lax_wendroff_nu05_m4,33,0.41250000000000003,-0.58778525229247347,-0.30528496227284202,-0.58778525229247125
mode_lax_wendroff_nu05_m4,34,0.42500000000000004,-0.30901699437494612,-0.0075557950959394792,-0.30901699437494518
mode_lax_wendroff_nu05_m4,35,0.4375,-4.2862637970157361e-16,0.29091298594927351,5.5109105961630896e-16
mode_lax_wendroff_nu05_m4,36,0.45000000000000001,0.30901699437494701,0.56090517701981346,0.30901699437494623
mode_lax_wendroff_nu05_m4,37,0.46250000000000002,0.5877852522924728,0.7759920613074871,0.58778525229247358
mode_lax_wendroff_nu05_m4,38,0.47500000000000003,0.80901699437494712,0.91511943597977408,0.80901699437494878
mode_lax_wendroff_nu05_m4,39,0.48750000000000004,0.95105651629515398,0.96466854424633219,0.95105651629515431
mode_lax_wendroff_nu05_m4,40,0.5,1,0.91978917416109396,1
mode_lax_wendroff_nu05_m4,41,0.51250000000000007,0.9510565162951532,0.78487443116096067,0.95105651629515287
mode_lax_wendroff_nu05_m4,42,0.52500000000000002,0.80901699437494767,0.57313071029707308,0.80901699437494712
mode_lax_wendroff_nu05_m4,43,0.53749999999999998,0.58778525229247358,0.30528496227284213,0.5877852522924728
mode_lax_wendroff_nu05_m4,44,0.55000000000000004,0.30901699437494623,0.0075557950959400655,0.30901699437494534
mode_lax_wendroff_nu05_m4,45,0.5625,5.5109105961630896e-16,-0.29091298594927267,-4.2862637970157361e-16
mode_lax_wendroff_nu05_m4,46,0.57500000000000007,-0.30901699437494856,-0.56090517701981268,-0.30901699437494951
mode_lax_wendroff_nu05_m4,47,0.58750000000000002,-0.58778525229247269,-0.77599206130748632,-0.58778525229247347
mode_lax_wendroff_nu05_m4,48,0.60000000000000009,-0.80901699437494812,-0.91511943597977363,-0.80901699437494867
mode_lax_wendroff_nu05_m4,49,0.61250000000000004,-0.95105651629515398,-0.96466854424633275,-0.9510565162951542
mode_lax_wendroff_nu05_m4,50,0.625,-1,-0.91978917416109496,-1
mode_lax_wendroff_nu05_m4,51,0.63750000000000007,-0.9510565162951532,-0.78487443116096178,-0.95105651629515287
mode_lax_wendroff_nu05_m4,52,0.65000000000000002,-0.80901699437494778,-0.57313071029707408,-0.80901699437494723
mode_lax_wendroff_nu05_m4,53,0.66250000000000009,-0.58778525229247225,-0.30528496227284235,-0.58778525229247147
mode_lax_wendroff_nu05_m4,54,0.67500000000000004,-0.30901699437494806,-0.0075557950959396526,-0.30901699437494545
mode_lax_wendroff_nu05_m4,55,0.6875,-2.4499125789312946e-15,0.29091298594927362,3.0616169978683831e-16
mode_lax_wendroff_nu05_m4,56,0.70000000000000007,0.30901699437494679,0.56090517701981391,0.30901699437494939
mode_lax_wendroff_nu05_m4,57,0.71250000000000002,0.58778525229247403,0.77599206130748732,0.58778525229247403
mode_lax_wendroff_nu05_m4,58,0.72500000000000009,0.80901699437494912,0.91511943597977408,0.80901699437494912
mode_lax_wendroff_nu05_m4,59,0.73750000000000004,0.95105651629515386,0.96466854424633242,0.95105651629515398
mode_lax_wendroff_nu05_m4,60,0.75,1,0.91978917416109407,1
mode_lax_wendroff_nu05_m4,61,0.76250000000000007,0.95105651629515331,0.78487443116096045,0.95105651629515298
mode_lax_wendroff_nu05_m4,62,0.77500000000000002,0.8090169943749479,0.57313071029707296,0.80901699437494679
mode_lax_wendroff_nu05_m4,63,0.78750000000000009,0.58778525229247236,0.30528496227284196,0.58778525229247081
mode_lax_wendroff_nu05_m4,64,0.80000000000000004,0.30901699437494817,0.0075557950959398365,0.3090169943749464
mode_lax_wendroff_nu05_m4,65,0.8125,-9.8033641995447082e-16,-0.29091298594927295,-1.8369701987210297e-16
mode_lax_wendroff_nu05_m4,66,0.82500000000000007,-0.30901699437494667,-0.56090517701981302,-0.30901699437494928
mode_lax_wendroff_nu05_m4,67,0.83750000000000002,-0.58778525229247391,-0.77599206130748666,-0.58778525229247403
mode_lax_wendroff_nu05_m4,68,0.85000000000000009,-0.80901699437494901,-0.9151194359797743,-0.80901699437494878
mode_lax_wendroff_nu05_m4,69,0.86250000000000004,-0.95105651629515386,-0.96466854424633341,-0.95105651629515398
mode_lax_wendroff_nu05_m4,70,0.875,-1,-0.91978917416109551,-1
mode_lax_wendroff_nu05_m4,71,0.88750000000000007,-0.95105651629515331,-0.78487443116096201,-0.95105651629515298
mode_lax_wendroff_nu05_m4,72,0.90000000000000002,-0.8090169943749479,-0.57313071029707419,-0.80901699437494712
mode_lax_wendroff_nu05_m4,73,0.91250000000000009,-0.58778525229247247,-0.30528496227284241,-0.58778525229247125
mode_lax_wendroff_nu05_m4,74,0.92500000000000004,-0.30901699437494828,-0.0075557950959397741,-0.30901699437494629
mode_lax_wendroff_nu05_m4,75,0.9375,-2.6948419387607653e-15,0.29091298594927339,6.123233995736766e-17
mode_lax_wendroff_nu05_m4,76,0.95000000000000007,0.30901699437494656,0.56090517701981346,0.30901699437494917
mode_lax_wendroff_nu05_m4,77,0.96250000000000002,0.5877852522924738,0.77599206130748699,0.58778525229247358
mode_lax_wendroff_nu05_m4,78,0.97500000000000009,0.80901699437494901,0.91511943597977385,0.80901699437494878
mode_lax_wendroff_nu05_m4,79,0.98750000000000004,0.95105651629515386,0.96466854424633219,0.95105651629515386
mode_upwind_nu05_m10,0,0,1,3.151050383705926e-06,1
mode_upwind_nu05_m10,1,0.012500000000000001,0.70710678118654757,2.2281290942445399e-06,0.70710678118654768
mode_upwind_nu05_m10,2,0.025000000000000001,6.123233995736766e-17,2.1068737541000884e-16,-4.164418097737589e-15
mode_upwind_nu05_m10,3,0.037500000000000006,-0.70710678118654779,-2.2281290938266443e-06,-0.70710678118654857
mode_upwind_nu05_m10,4,0.050000000000000003,-1,-3.1510503832984168e-06,-1
mode_upwind_nu05_m10,5,0.0625,-0.70710678118654768,-2.2281290938364525e-06,-0.70710678118654524
mode_upwind_nu05_m10,6,0.075000000000000011,7.0448139982802221e-16,1.9261571572210152e-16,4.8923973902235293e-16
mode_upwind_nu05_m10,7,0.087500000000000008,0.70710678118654802,2.2281290942211766e-06,0.70710678118655101
mode_upwind_nu05_m10,8,0.10000000000000001,1,3.1510503836814459e-06,1
mode_upwind_nu05_m10,9,0.1125,0.70710678118654768,2.2281290942062951e-06,0.7071067811865428
mode_upwind_nu05_m10,10,0.125,3.0616169978683831e-16,1.6315453338805767e-16,-3.9194887379081187e-15
mode_upwind_nu05_m10,11,0.13750000000000001,-0.70710678118654791,-2.2281290938798261e-06,-0.70710678118654835
mode_upwind_nu05_m10,12,0.15000000000000002,-1,-3.151050383354573e-06,-1
mode_upwind_nu05_m10,13,0.16250000000000001,-0.70710678118654713,-2.2281290938938886e-06,-0.70710678118654546
mode_upwind_nu05_m10,14,0.17500000000000002,1.3477304596986769e-15,1.3467230938280297e-16,7.3497377367938845e-15
mode_upwind_nu05_m10,15,0.1875,0.70710678118654657,2.2281290941626716e-06,0.70710678118655079
mode_upwind_nu05_m10,16,0.20000000000000001,1,3.1510503836216043e-06,1
mode_upwind_nu05_m10,17,0.21250000000000002,0.70710678118654724,2.2281290941437269e-06,0.70710678118654302
mode_upwind_nu05_m10,18,0.22500000000000001,5.5109105961630896e-16,9.5966291825070466e-17,-3.6745593780786476e-15
mode_upwind_nu05_m10,19,0.23750000000000002,-0.70710678118654779,-2.2281290939538924e-06,-0.70710678118655323
mode_upwind_nu05_m10,20,0.25,-1,-3.1510503834379456e-06,-1
mode_upwind_nu05_m10,21,0.26250000000000001,-0.70710678118654735,-2.2281290939889079e-06,-0.70710678118655068
mode_upwind_nu05_m10,22,0.27500000000000002,1.1028010998692062e-15,2.6086814830419535e-17,-6.1898063658835771e-19
mode_upwind_nu05_m10,23,0.28750000000000003,0.70710678118654891,2.2281290940393978e-06,0.70710678118655068
mode_upwind_nu05_m10,24,0.30000000000000004,1,3.1510503834836951e-06,1
mode_upwind_nu05_m10,25,0.3125,0.70710678118654746,2.2281290939927288e-06,0.70710678118654824
mode_upwind_nu05_m10,26,0.32500000000000001,-9.8033641995447082e-16,-6.4884735462929135e-17,3.6757973393518245e-15
mode_upwind_nu05_m10,27,0.33750000000000002,-0.70710678118654879,-2.2281290941196584e-06,-0.70710678118654802
mode_upwind_nu05_m10,28,0.35000000000000003,-1,-3.1510503836021823e-06,-1
mode_upwind_nu05_m10,29,0.36250000000000004,-0.70710678118654502,-2.2281290941440733e-06,-0.7071067811865458
mode_upwind_nu05_m10,30,0.375,-2.6948419387607653e-15,-1.1194980353975911e-16,-2.4554834046605899e-16
mode_upwind_nu05_m10,31,0.38750000000000001,0.70710678118654624,2.2281290939263731e-06,0.70710678118654546
mode_upwind_nu05_m10,32,0.40000000000000002,1,3.1510503834026827e-06,1
mode_upwind_nu05_m10,33,0.41250000000000003,0.70710678118654757,2.22812909394921e-06,0.70710678118654335
mode_upwind_nu05_m10,34,0.42500000000000004,-7.3540706012500023e-16,-6.7432822326506884e-17,-3.1847006584197066e-15
mode_upwind_nu05_m10,35,0.4375,-0.70710678118654613,-2.2281290940800397e-06,-0.70710678118654791
mode_upwind_nu05_m10,36,0.45000000000000001,-1,-3.1510503835215388e-06,-1
mode_upwind_nu05_m10,37,0.46250000000000002,-0.70710678118654768,-2.2281290940257352e-06,-0.70710678118654602
mode_upwind_nu05_m10,38,0.47500000000000003,6.1294238021026498e-16,3.8870236070381436e-17,6.614949657305472e-15
mode_upwind_nu05_m10,39,0.48750000000000004,0.70710678118654857,2.2281290941029723e-06,0.70710678118655035
mode_upwind_nu05_m10,40,0.5,1,3.1510503835972767e-06,1
mode_upwind_nu05_m10,41,0.51250000000000007,0.70710678118654524,2.2281290941532975e-06,0.70710678118654358
mode_upwind_nu05_m10,42,0.52500000000000002,-4.9047770029552963e-16,1.3720472613685652e-16,-2.9397712985902359e-15
mode_upwind_nu05_m10,43,0.53749999999999998,-0.70710678118654602,-2.2281290938840647e-06,-0.70710678118654768
mode_upwind_nu05_m10,44,0.55000000000000004,-1,-3.1510503833436221e-06,-1
mode_upwind_nu05_m10,45,0.5625,-0.70710678118654791,-2.2281290938754177e-06,-0.70710678118654613
mode_upwind_nu05_m10,46,0.57500000000000007,3.9207266991812956e-15,1.5194585227615992e-16,6.3700202974760017e-15
mode_upwind_nu05_m10,47,0.58750000000000002,0.70710678118654835,2.2281290941691777e-06,0.70710678118655013
mode_upwind_nu05_m10,48,0.60000000000000009,1,3.1510503836072442e-06,1
mode_upwind_nu05_m10,49,0.61250000000000004,0.70710678118654546,2.22812909409835e-06,0.70710678118654369
mode_upwind_nu05_m10,50,0.625,-2.4554834046605899e-16,9.9820715251551159e-18,-2.6948419387607653e-15
mode_upwind_nu05_m10,51,0.63750000000000007,-0.70710678118655079,-2.2281290940887925e-06,-0.70710678118655002
mode_upwind_nu05_m10,52,0.65000000000000002,-1,-3.1510503836280227e-06,-1
mode_upwind_nu05_m10,53,0.66250000000000009,-0.70710678118654302,-2.2281290942376556e-06,-0.7071067811865438
mode_upwind_nu05_m10,54,0.67500000000000004,3.6757973393518245e-15,-2.8148651842714112e-16,2.5723772588460301e-15
mode_upwind_nu05_m10,55,0.6875,0.70710678118654824,2.2281290936764925e-06,0.70710678118654746
mode_upwind_nu05_m10,56,0.70000000000000007,1,3.1510503830725656e-06,1
mode_upwind_nu05_m10,57,0.71250000000000002,0.70710678118654557,2.2281290935436764e-06,0.70710678118654635
mode_upwind_nu05_m10,58,0.72500000000000009,-7.1060463382375895e-15,-5.3916527004756881e-16,-6.0026262577317955e-15
mode_upwind_nu05_m10,59,0.73750000000000004,-0.70710678118655068,-2.2281290946051692e-06,-0.7071067811865499
mode_upwind_nu05_m10,60,0.75,-1,-3.151050384084875e-06,-1
mode_upwind_nu05_m10,61,0.76250000000000007,-0.70710678118654824,-2.2281290946110798e-06,-0.70710678118654402
mode_upwind_nu05_m10,62,0.77500000000000002,-3.6745593780786476e-15,-5.5262769407387344e-16,2.3274478990165594e-15
mode_upwind_nu05_m10,63,0.78750000000000009,0.70710678118654802,2.2281290935197372e-06,0.70710678118655224
mode_upwind_nu05_m10,64,0.80000000000000004,1,3.1510503830345906e-06,1
mode_upwind_nu05_m10,65,0.8125,0.70710678118655079,2.2281290936211084e-06,0.70710678118654657
mode_upwind_nu05_m10,66,0.82500000000000007,2.4431037919288229e-16,-3.5663284628781929e-16,-3.9813400585020747e-15
mode_upwind_nu05_m10,67,0.83750000000000002,-0.70710678118654546,-2.2281290943331997e-06,-0.70710678118654846
mode_upwind_nu05_m10,68,0.85000000000000009,-1,-3.1510503837424378e-06,-1
mode_upwind_nu05_m10,69,0.86250000000000004,-0.70710678118654835,-2.2281290942182742e-06,-0.70710678118654535
mode_upwind_nu05_m10,70,0.875,-3.9194887379081187e-15,-1.2871152677473765e-16,3.0616169978683831e-16
mode_upwind_nu05_m10,71,0.88750000000000007,0.70710678118654791,2.2281290939578366e-06,0.7071067811865509
mode_upwind_nu05_m10,72,0.90000000000000002,1,3.1510503834731275e-06,1
mode_upwind_nu05_m10,73,0.91250000000000009,0.70710678118654602,2.2281290940497109e-06,0.70710678118654358
mode_upwind_nu05_m10,74,0.92500000000000004,4.8923973902235293e-16,5.4677564932041189e-17,-2.8482322789724788e-15
mode_upwind_nu05_m10,75,0.9375,-0.70710678118654524,-2.2281290939442345e-06,-0.70710678118654768
mode_upwind_nu05_m10,76,0.95000000000000007,-1,-3.151050383379402e-06,-1
mode_upwind_nu05_m10,77,0.96250000000000002,-0.70710678118654857,-2.2281290938840164e-06,-0.70710678118654646
mode_upwind_nu05_m10,78,0.97500000000000009,2.9410092598634128e-15,1.7417136153740232e-16,5.6123474630831503e-15
mode_upwind_nu05_m10,79,0.98750000000000004,0.70710678118654768,2.2281290942268301e-06,0.70710678118654946
mode_lax_wendroff_nu05_m10,0,0,1,-0.052114100480102836,1
mode_lax_wendroff_nu05_m10,1,0.012500000000000001,0.70710678118654757,0.15284181181819348,0.70710678118654768
mode_lax_wendroff_nu05_m10,2,0.025000000000000001,6.123233995736766e-17,0.2682650636510685,-4.164418097737589e-15
mode_lax_wendroff_nu05_m10,3,0.037500000000000006,-0.70710678118654779,0.22654227950802927,-0.70710678118654857
mode_lax_wendroff_nu05_m10,4,0.050000000000000003,-1,0.052114100480103079,-1
mode_lax_wendroff_nu05_m10,5,0.0625,-0.70710678118654768,-0.15284181181819323,-0.70710678118654524
mode_lax_wendroff_nu05_m10,6,0.075000000000000011,7.0448139982802221e-16,-0.26826506365106817,4.8923973902235293e-16
mode_lax_wendroff_nu05_m10,7,0.087500000000000008,0.70710678118654802,-0.2265422795080288,0.70710678118655101
mode_lax_wendroff_nu05_m10,8,0.10000000000000001,1,-0.052114100480102503,1
mode_lax_wendroff_nu05_m10,9,0.1125,0.70710678118654768,0.1528418118181937,0.7071067811865428
mode_lax_wendroff_nu05_m10,10,0.125,3.0616169978683831e-16,0.2682650636510685,-3.9194887379081187e-15
mode_lax_wendroff_nu05_m10,11,0.13750000000000001,-0.70710678118654791,0.22654227950802902,-0.70710678118654835
mode_lax_wendroff_nu05_m10,12,0.15000000000000002,-1,0.052114100480102621,-1
mode_lax_wendroff_nu05_m10,13,0.16250000000000001,-0.70710678118654713,-0.15284181181819365,-0.70710678118654546
mode_lax_wendroff_nu05_m10,14,0.17500000000000002,1.3477304596986769e-15,-0.2682650636510685,7.3497377367938845e-15
mode_lax_wendroff_nu05_m10,15,0.1875,0.70710678118654657,-0.2265422795080291,0.70710678118655079
mode_lax_wendroff_nu05_m10,16,0.20000000000000001,1,-0.052114100480102683,1
mode_lax_wendroff_nu05_m10,17,0.21250000000000002,0.70710678118654724,0.15284181181819387,0.70710678118654302
mode_lax_wendroff_nu05_m10,18,0.22500000000000001,5.5109105961630896e-16,0.26826506365106906,-3.6745593780786476e-15
mode_lax_wendroff_nu05_m10,19,0.23750000000000002,-0.70710678118654779,0.22654227950802985,-0.70710678118655323
mode_lax_wendroff_nu05_m10,20,0.25,-1,0.052114100480103592,-1
mode_lax_wendroff_nu05_m10,21,0.26250000000000001,-0.70710678118654735,-0.15284181181819281,-0.70710678118655068
mode_lax_wendroff_nu05_m10,22,0.27500000000000002,1.1028010998692062e-15,-0.26826506365106789,-6.1898063658835771e-19
mode_lax_wendroff_nu05_m10,23,0.28750000000000003,0.70710678118654891,-0.22654227950802874,0.70710678118655068
mode_lax_wendroff_nu05_m10,24,0.30000000000000004,1,-0.052114100480102787,1
mode_lax_wendroff_nu05_m10,25,0.3125,0.70710678118654746,0.15284181181819312,0.70710678118654824
mode_lax_wendroff_nu05_m10,26,0.32500000000000001,-9.8033641995447082e-16,0.26826506365106773,3.6757973393518245e-15
mode_lax_wendroff_nu05_m10,27,0.33750000000000002,-0.70710678118654879,0.22654227950802819,-0.70710678118654802
mode_lax_wendroff_nu05_m10,28,0.35000000000000003,-1,0.052114100480101996,-1
mode_lax_wendroff_nu05_m10,29,0.36250000000000004,-0.70710678118654502,-0.15284181181819392,-0.7071067811865458
mode_lax_wendroff_nu05_m10,30,0.375,-2.6948419387607653e-15,-0.26826506365106839,-2.4554834046605899e-16
mode_lax_wendroff_nu05_m10,31,0.38750000000000001,0.70710678118654624,-0.22654227950802863,0.70710678118654546
mode_lax_wendroff_nu05_m10,32,0.40000000000000002,1,-0.052114100480102288,1
mode_lax_wendroff_nu05_m10,33,0.41250000000000003,0.70710678118654757,0.15284181181819381,0.70710678118654335
mode_lax_wendroff_nu05_m10,34,0.42500000000000004,-7.3540706012500023e-16,0.26826506365106839,-3.1847006584197066e-15
mode_lax_wendroff_nu05_m10,35,0.4375,-0.70710678118654613,0.22654227950802874,-0.70710678118654791
mode_lax_wendroff_nu05_m10,36,0.45000000000000001,-1,0.052114100480102531,-1
mode_lax_wendroff_nu05_m10,37,0.46250000000000002,-0.70710678118654768,-0.15284181181819334,-0.70710678118654602
mode_lax_wendroff_nu05_m10,38,0.47500000000000003,6.1294238021026498e-16,-0.26826506365106778,6.614949657305472e-15
mode_lax_wendroff_nu05_m10,39,0.48750000000000004,0.70710678118654857,-0.22654227950802802,0.70710678118655035
mode_lax_wendroff_nu05_m10,40,0.5,1,-0.052114100480101677,1
mode_lax_wendroff_nu05_m10,41,0.51250000000000007,0.70710678118654524,0.15284181181819437,0.70710678118654358
mode_lax_wendroff_nu05_m10,42,0.52500000000000002,-4.9047770029552963e-16,0.26826506365106872,-2.9397712985902359e-15
mode_lax_wendroff_nu05_m10,43,0.53749999999999998,-0.70710678118654602,0.22654227950802891,-0.70710678118654768
mode_lax_wendroff_nu05_m10,44,0.55000000000000004,-1,0.052114100480102246,-1
mode_lax_wendroff_nu05_m10,45,0.5625,-0.70710678118654791,-0.15284181181819412,-0.70710678118654613
mode_lax_wendroff_nu05_m10,46,0.57500000000000007,3.9207266991812956e-15,-0.26826506365106878,6.3700202974760017e-15
mode_lax_wendroff_nu05_m10,47,0.58750000000000002,0.70710678118654835,-0.22654227950802888,0.70710678118655013
mode_lax_wendroff_nu05_m10,48,0.60000000000000009,1,-0.05211410048010201,1
mode_lax_wendroff_nu05_m10,49,0.61250000000000004,0.70710678118654546,0.15284181181819484,0.70710678118654369
mode_lax_wendroff_nu05_m10,50,0.625,-2.4554834046605899e-16,0.26826506365107011,-2.6948419387607653e-15
mode_lax_wendroff_nu05_m10,51,0.63750000000000007,-0.70710678118655079,0.2265422795080306,-0.70710678118655002
mode_lax_wendroff_nu05_m10,52,0.65000000000000002,-1,0.052114100480103738,-1
mode_lax_wendroff_nu05_m10,53,0.66250000000000009,-0.70710678118654302,-0.15284181181819356,-0.7071067811865438
mode_lax_wendroff_nu05_m10,54,0.67500000000000004,3.6757973393518245e-15,-0.26826506365106972,2.5723772588460301e-15
mode_lax_wendroff_nu05_m10,55,0.6875,0.70710678118654824,-0.22654227950803124,0.70710678118654746
mode_lax_wendroff_nu05_m10,56,0.70000000000000007,1,-0.052114100480105438,1
mode_lax_wendroff_nu05_m10,57,0.71250000000000002,0.70710678118654557,0.1528418118181909,0.70710678118654635
mode_lax_wendroff_nu05_m10,58,0.72500000000000009,-7.1060463382375895e-15,0.26826506365106639,-6.0026262577317955e-15
mode_lax_wendroff_nu05_m10,59,0.73750000000000004,-0.70710678118655068,0.22654227950802783,-0.7071067811865499
mode_lax_wendroff_nu05_m10,60,0.75,-1,0.052114100480102316,-1
mode_lax_wendroff_nu05_m10,61,0.76250000000000007,-0.70710678118654824,-0.15284181181819348,-0.70710678118654402
mode_lax_wendroff_nu05_m10,62,0.77500000000000002,-3.6745593780786476e-15,-0.26826506365106817,2.3274478990165594e-15
mode_lax_wendroff_nu05_m10,63,0.78750000000000009,0.70710678118654802,-0.2265422795080288,0.70710678118655224
mode_lax_wendroff_nu05_m10,64,0.80000000000000004,1,-0.052114100480102621,1
mode_lax_wendroff_nu05_m10,65,0.8125,0.70710678118655079,0.15284181181819342,0.70710678118654657
mode_lax_wendroff_nu05_m10,66,0.82500000000000007,2.4431037919288229e-16,0.26826506365106806,-3.9813400585020747e-15
mode_lax_wendroff_nu05_m10,67,0.83750000000000002,-0.70710678118654546,0.22654227950802847,-0.70710678118654846
mode_lax_wendroff_nu05_m10,68,0.85000000000000009,-1,0.052114100480102066,-1
mode_lax_wendroff_nu05_m10,69,0.86250000000000004,-0.70710678118654835,-0.15284181181819409,-0.70710678118654535
mode_lax_wendroff_nu05_m10,70,0.875,-3.9194887379081187e-15,-0.26826506365106884,3.0616169978683831e-16
mode_lax_wendroff_nu05_m10,71,0.88750000000000007,0.70710678118654791,-0.22654227950802916,0.7071067811865509
mode_lax_wendroff_nu05_m10,72,0.90000000000000002,1,-0.052114100480102489,1
mode_lax_wendroff_nu05_m10,73,0.91250000000000009,0.70710678118654602,0.15284181181819412,0.70710678118654358
mode_lax_wendroff_nu05_m10,74,0.92500000000000004,4.8923973902235293e-16,0.26826506365106922,-2.8482322789724788e-15
mode_lax_wendroff_nu05_m10,75,0.9375,-0.70710678118654524,0.2265422795080298,-0.70710678118654768
mode_lax_wendroff_nu05_m10,76,0.95000000000000007,-1,0.052114100480103322,-1
mode_lax_wendroff_nu05_m10,77,0.96250000000000002,-0.70710678118654857,-0.15284181181819317,-0.70710678118654646
mode_lax_wendroff_nu05_m10,78,0.97500000000000009,2.9410092598634128e-15,-0.26826506365106823,5.6123474630831503e-15
mode_lax_wendroff_nu05_m10,79,0.98750000000000004,0.70710678118654768,-0.22654227950802908,0.70710678118654946
mode_upwind_nu08_m1,0,0,1,0.9518504906761629,1
mode_upwind_nu08_m1,1,0.012500000000000001,0.99691733373312796,0.94897415946551456,0.99691733373312796
mode_upwind_nu08_m1,2,0.025000000000000001,0.98768834059513777,0.94024708699583082,0.98768834059513766
mode_upwind_nu08_m1,3,0.037500000000000006,0.97236992039767656,0.92572307857093372,0.97236992039767667
mode_upwind_nu08_m1,4,0.050000000000000003,0.95105651629515353,0.90549167953248555,0.95105651629515353
mode_upwind_nu08_m1,5,0.0625,0.92387953251128674,0.87967762318318132,0.92387953251128652
mode_upwind_nu08_m1,6,0.075000000000000011,0.8910065241883679,0.84844006176445896,0.89100652418836779
mode_upwind_nu08_m1,7,0.087500000000000008,0.85264016435409218,0.81197158523000845,0.85264016435409185
mode_upwind_nu08_m1,8,0.10000000000000001,0.80901699437494745,0.77049703386466339,0.80901699437494734
mode_upwind_nu08_m1,9,0.1125,0.76040596560003093,0.72427211206927933,0.76040596560003049
mode_upwind_nu08_m1,10,0.125,0.70710678118654757,0.67358181185807087,0.70710678118654735
mode_upwind_nu08_m1,11,0.13750000000000001,0.64944804833018355,0.61873865578807574,0.64944804833018388
mode_upwind_nu08_m1,12,0.15000000000000002,0.58778525229247303,0.56008077015366542,0.58778525229247292
mode_upwind_nu08_m1,13,0.16250000000000001,0.52249856471594891,0.49796980032550225,0.52249856471594902
mode_upwind_nu08_m1,14,0.17500000000000002,0.4539904997395468,0.43278868108657043,0.45399049973954664
mode_upwind_nu08_m1,15,0.1875,0.38268343236508984,0.36493927571189932,0.38268343236509
mode_upwind_nu08_m1,16,0.20000000000000001,0.30901699437494745,0.29483989834784052,0.30901699437494723
mode_upwind_nu08_m1,17,0.21250000000000002,0.23344536385590525,0.22292273496625206,0.23344536385590478
mode_upwind_nu08_m1,18,0.22500000000000001,0.15643446504023092,0.14963117879426496,0.15643446504023067
mode_upwind_nu08_m1,19,0.23750000000000002,0.078459095727844999,0.075417096647595105,0.078459095727844319
mode_upwind_nu08_m1,20,0.25,6.123233995736766e-17,0.00073804302136335452,-1.8369701987210297e-16
mode_upwind_nu08_m1,21,0.26250000000000001,-0.078459095727844874,-0.073945560885519332,-0.07845909572784468
mode_upwind_nu08_m1,22,0.27500000000000002,-0.15643446504023104,-0.14817326582014861,-0.15643446504023104
mode_upwind_nu08_m1,23,0.28750000000000003,-0.23344536385590556,-0.2214874332983858,-0.233445363855906
mode_upwind_nu08_m1,24,0.30000000000000004,-0.30901699437494756,-0.29343605709829296,-0.30901699437494756
mode_upwind_nu08_m1,25,0.3125,-0.38268343236508973,-0.36357555002879854,-0.38268343236509034
mode_upwind_nu08_m1,26,0.32500000000000001,-0.45399049973954669,-0.43147347879223769,-0.45399049973954692
mode_upwind_nu08_m1,27,0.33750000000000002,-0.5224985647159488,-0.49671123007943119,-0.52249856471594935
mode_upwind_nu08_m1,28,0.35000000000000003,-0.58778525229247303,-0.55888659145993991,-0.58778525229247403
mode_upwind_nu08_m1,29,0.36250000000000004,-0.64944804833018388,-0.61761623115544739,-0.6494480483301841
mode_upwind_nu08_m1,30,0.375,-0.70710678118654746,-0.67253806140764383,-0.70710678118654768
mode_upwind_nu08_m1,31,0.38750000000000001,-0.76040596560003093,-0.72331347086966302,-0.76040596560003071
mode_upwind_nu08_m1,32,0.40000000000000002,-0.80901699437494734,-0.76962941225763393,-0.80901699437494756
mode_upwind_nu08_m1,33,0.41250000000000003,-0.85264016435409218,-0.81120033239128642,-0.85264016435409251
mode_upwind_nu08_m1,34,0.42500000000000004,-0.89100652418836801,-0.84776993272426304,-0.89100652418836812
mode_upwind_nu08_m1,35,0.4375,-0.92387953251128674,-0.87911274950988449,-0.92387953251128685
mode_upwind_nu08_m1,36,0.45000000000000001,-0.95105651629515353,-0.90503554386012341,-0.95105651629515353
mode_upwind_nu08_m1,37,0.46250000000000002,-0.97236992039767656,-0.92537849312760667,-0.97236992039767667
mode_upwind_nu08_m1,38,0.47500000000000003,-0.98768834059513766,-0.94001617626538336,-0.98768834059513777
mode_upwind_nu08_m1,39,0.48750000000000004,-0.99691733373312796,-0.94885834708938543,-0.99691733373312807
mode_upwind_nu08_m1,40,0.5,-1,-0.9518504906761629,-1
mode_upwind_nu08_m1,41,0.51250000000000007,-0.99691733373312796,-0.94897415946551456,-0.99691733373312796
mode_upwind_nu08_m1,42,0.52500000000000002,-0.98768834059513777,-0.94024708699583082,-0.98768834059513766
mode_upwind_nu08_m1,43,0.53749999999999998,-0.97236992039767667,-0.92572307857093372,-0.97236992039767656
mode_upwind_nu08_m1,44,0.55000000000000004,-0.95105651629515353,-0.90549167953248555,-0.95105651629515342
mode_upwind_nu08_m1,45,0.5625,-0.92387953251128685,-0.87967762318318132,-0.92387953251128674
mode_upwind_nu08_m1,46,0.57500000000000007,-0.89100652418836768,-0.84844006176445896,-0.89100652418836757
mode_upwind_nu08_m1,47,0.58750000000000002,-0.85264016435409229,-0.81197158523000845,-0.85264016435409218
mode_upwind_nu08_m1,48,0.60000000000000009,-0.80901699437494723,-0.77049703386466339,-0.80901699437494712
mode_upwind_nu08_m1,49,0.61250000000000004,-0.76040596560003071,-0.72427211206927933,-0.7604059656000306
mode_upwind_nu08_m1,50,0.625,-0.70710678118654768,-0.67358181185807087,-0.70710678118654746
mode_upwind_nu08_m1,51,0.63750000000000007,-0.64944804833018344,-0.61873865578807574,-0.64944804833018321
mode_upwind_nu08_m1,52,0.65000000000000002,-0.58778525229247325,-0.56008077015366542,-0.58778525229247303
mode_upwind_nu08_m1,53,0.66250000000000009,-0.52249856471594858,-0.49796980032550225,-0.52249856471594847
mode_upwind_nu08_m1,54,0.67500000000000004,-0.45399049973954692,-0.43278868108657037,-0.4539904997395463
mode_upwind_nu08_m1,55,0.6875,-0.38268343236509034,-0.36493927571189921,-0.38268343236508973
mode_upwind_nu08_m1,56,0.70000000000000007,-0.30901699437494756,-0.29483989834784052,-0.30901699437494695
mode_upwind_nu08_m1,57,0.71250000000000002,-0.23344536385590514,-0.22292273496625203,-0.23344536385590511
mode_upwind_nu08_m1,58,0.72500000000000009,-0.15643446504023018,-0.14963117879426488,-0.15643446504023015
mode_upwind_nu08_m1,59,0.73750000000000004,-0.07845909572784468,-0.075417096647595036,-0.078459095727844666
mode_upwind_nu08_m1,60,0.75,-1.8369701987210297e-16,-0.00073804302136325564,6.123233995736766e-17
mode_upwind_nu08_m1,61,0.76250000000000007,0.078459095727845207,0.073945560885519429,0.078459095727845443
mode_upwind_nu08_m1,62,0.77500000000000002,0.15643446504023067,0.14817326582014867,0.15643446504023115
mode_upwind_nu08_m1,63,0.78750000000000009,0.23344536385590567,0.22148743329838583,0.23344536385590611
mode_upwind_nu08_m1,64,0.80000000000000004,0.30901699437494723,0.29343605709829301,0.30901699437494767
mode_upwind_nu08_m1,65,0.8125,0.38268343236509,0.36357555002879854,0.38268343236508984
mode_upwind_nu08_m1,66,0.82500000000000007,0.45399049973954664,0.43147347879223769,0.45399049973954725
mode_upwind_nu08_m1,67,0.83750000000000002,0.52249856471594902,0.49671123007943119,0.52249856471594913
mode_upwind_nu08_m1,68,0.85000000000000009,0.58778525229247369,0.55888659145993991,0.58778525229247358
mode_upwind_nu08_m1,69,0.86250000000000004,0.64944804833018388,0.61761623115544739,0.64944804833018388
mode_upwind_nu08_m1,70,0.875,0.70710678118654735,0.67253806140764383,0.70710678118654757
mode_upwind_nu08_m1,71,0.88750000000000007,0.76040596560003104,0.72331347086966302,0.76040596560003126
mode_upwind_nu08_m1,72,0.90000000000000002,0.80901699437494734,0.76962941225763393,0.80901699437494745
mode_upwind_nu08_m1,73,0.91250000000000009,0.85264016435409229,0.81120033239128642,0.85264016435409251
mode_upwind_nu08_m1,74,0.92500000000000004,0.89100652418836779,0.84776993272426304,0.89100652418836801
mode_upwind_nu08_m1,75,0.9375,0.92387953251128652,0.87911274950988449,0.92387953251128674
mode_upwind_nu08_m1,76,0.95000000000000007,0.95105651629515353,0.90503554386012341,0.95105651629515375
mode_upwind_nu08_m1,77,0.96250000000000002,0.97236992039767667,0.92537849312760667,0.97236992039767667
mode_upwind_nu08_m1,78,0.97500000000000009,0.98768834059513788,0.94001617626538336,0.98768834059513777
mode_upwind_nu08_m1,79,0.98750000000000004,0.99691733373312796,0.94885834708938543,0.99691733373312796
mode_lax_wendroff_nu08_m1,0,0,1,0.99988783770120593,1
mode_lax_wendroff_nu08_m1,1,0.012500000000000001,0.99691733373312796,0.99662335499354848,0.99691733373312796
mode_lax_wendroff_nu08_m1,2,0.025000000000000001,0.98768834059513777,0.98721435789146006,0.98768834059513766
mode_lax_wendroff_nu08_m1,3,0.037500000000000006,0.97236992039767656,0.97171885599088426,0.97236992039767667
mode_lax_wendroff_nu08_m1,4,0.050000000000000003,0.95105651629515353,0.95023238421381528,0.95105651629515353
mode_lax_wendroff_nu08_m1,5,0.0625,0.92387953251128674,0.92288741380373596,0.92387953251128652
mode_lax_wendroff_nu08_m1,6,0.075000000000000011,0.8910065241883679,0.88985253559634936,0.89100652418836779
mode_lax_wendroff_nu08_m1,7,0.087500000000000008,0.85264016435409218,0.85133142060101608,0.85264016435409185
mode_lax_wendroff_nu08_m1,8,0.10000000000000001,0.80901699437494745,0.80756156430125281,0.80901699437494734
mode_lax_wendroff_nu08_m1,9,0.1125,0.76040596560003093,0.75881282241610182,0.76040596560003049
mode_lax_wendroff_nu08_m1,10,0.125,0.70710678118654757,0.70538574714988678,0.70710678118654735
mode_lax_wendroff_nu08_m1,11,0.13750000000000001,0.64944804833018355,0.64760973418792922,0.64944804833018388
mode_lax_wendroff_nu08_m1,12,0.15000000000000002,0.58778525229247303,0.58584099186261329,0.58778525229247292
mode_lax_wendroff_nu08_m1,13,0.16250000000000001,0.52249856471594891,0.52046034501056593,0.52249856471594902
mode_lax_wendroff_nu08_m1,14,0.17500000000000002,0.4539904997395468,0.45187088706090145,0.45399049973954664
mode_lax_wendroff_nu08_m1,15,0.1875,0.38268343236508984,0.38049549483018846,0.38268343236509
mode_lax_wendroff_nu08_m1,16,0.20000000000000001,0.30901699437494745,0.30677422134625582,0.30901699437494723
mode_lax_wendroff_nu08_m1,17,0.21250000000000002,0.23344536385590525,0.23116158277494306,0.23344536385590478
mode_lax_wendroff_nu08_m1,18,0.22500000000000001,0.15643446504023092,0.15412375617679619,0.15643446504023067
mode_lax_wendroff_nu08_m1,19,0.23750000000000002,0.078459095727844999,0.076135705370469667,0.078459095727844319
mode_lax_wendroff_nu08_m1,20,0.25,6.123233995736766e-17,-0.0023217473771568451,-1.8369701987210297e-16
mode_lax_wendroff_nu08_m1,21,0.26250000000000001,-0.078459095727844874,-0.080764885780143764,-0.07845909572784468
mode_lax_wendroff_nu08_m1,22,0.27500000000000002,-0.15643446504023104,-0.15871008180524623,-0.15643446504023104
mode_lax_wendroff_nu08_m1,23,0.28750000000000003,-0.23344536385590556,-0.23567677739956172,-0.233445363855906
mode_lax_wendroff_nu08_m1,24,0.30000000000000004,-0.30901699437494756,-0.31119044729072787,-0.30901699437494756
mode_lax_wendroff_nu08_m1,25,0.3125,-0.38268343236508973,-0.38478552459302207,-0.38268343236509034
mode_lax_wendroff_nu08_m1,26,0.32500000000000001,-0.45399049973954669,-0.45600827118202913,-0.45399049973954692
mode_lax_wendroff_nu08_m1,27,0.33750000000000002,-0.5224985647159488,-0.5244195751410613,-0.52249856471594935
mode_lax_wendroff_nu08_m1,28,0.35000000000000003,-0.58778525229247303,-0.58959765803214415,-0.58778525229247403
mode_lax_wendroff_nu08_m1,29,0.36250000000000004,-0.64944804833018388,-0.65114067530034203,-0.6494480483301841
mode_lax_wendroff_nu08_m1,30,0.375,-0.70710678118654746,-0.70866919377906634,-0.70710678118654768
mode_lax_wendroff_nu08_m1,31,0.38750000000000001,-0.76040596560003093,-0.76182853102172254,-0.76040596560003071
mode_lax_wendroff_nu08_m1,32,0.40000000000000002,-0.80901699437494734,-0.81029094203693597,-0.80901699437494756
mode_lax_wendroff_nu08_m1,33,0.41250000000000003,-0.85264016435409218,-0.85375763994541132,-0.85264016435409251
mode_lax_wendroff_nu08_m1,34,0.42500000000000004,-0.89100652418836801,-0.89196063810039861,-0.89100652418836812
mode_lax_wendroff_nu08_m1,35,0.4375,-0.92387953251128674,-0.92466440231448632,-0.92387953251128685
mode_lax_wendroff_nu08_m1,36,0.45000000000000001,-0.95105651629515353,-0.95166730300618985,-0.95105651629515353
mode_lax_wendroff_nu08_m1,37,0.46250000000000002,-0.97236992039767656,-0.97280285831336866,-0.97236992039767667
mode_lax_wendroff_nu08_m1,38,0.47500000000000003,-0.98768834059513766,-0.98794076050926882,-0.98768834059513777
mode_lax_wendroff_nu08_m1,39,0.48750000000000004,-0.99691733373312796,-0.99698767939298916,-0.99691733373312807
mode_lax_wendroff_nu08_m1,40,0.5,-1,-0.99988783770120604,-1
mode_lax_wendroff_nu08_m1,41,0.51250000000000007,-0.99691733373312796,-0.99662335499354848,-0.99691733373312796
mode_lax_wendroff_nu08_m1,42,0.52500000000000002,-0.98768834059513777,-0.98721435789146017,-0.98768834059513766
mode_lax_wendroff_nu08_m1,43,0.53749999999999998,-0.97236992039767667,-0.97171885599088437,-0.97236992039767656
mode_lax_wendroff_nu08_m1,44,0.55000000000000004,-0.95105651629515353,-0.95023238421381528,-0.95105651629515342
mode_lax_wendroff_nu08_m1,45,0.5625,-0.92387953251128685,-0.92288741380373573,-0.92387953251128674
mode_lax_wendroff_nu08_m1,46,0.57500000000000007,-0.89100652418836768,-0.88985253559634914,-0.89100652418836757
mode_lax_wendroff_nu08_m1,47,0.58750000000000002,-0.85264016435409229,-0.85133142060101596,-0.85264016435409218
mode_lax_wendroff_nu08_m1,48,0.60000000000000009,-0.80901699437494723,-0.80756156430125259,-0.80901699437494712
mode_lax_wendroff_nu08_m1,49,0.61250000000000004,-0.76040596560003071,-0.75881282241610171,-0.7604059656000306
mode_lax_wendroff_nu08_m1,50,0.625,-0.70710678118654768,-0.70538574714988689,-0.70710678118654746
mode_lax_wendroff_nu08_m1,51,0.63750000000000007,-0.64944804833018344,-0.64760973418792944,-0.64944804833018321
mode_lax_wendroff_nu08_m1,52,0.65000000000000002,-0.58778525229247325,-0.58584099186261362,-0.58778525229247303
mode_lax_wendroff_nu08_m1,53,0.66250000000000009,-0.52249856471594858,-0.52046034501056604,-0.52249856471594847
mode_lax_wendroff_nu08_m1,54,0.67500000000000004,-0.45399049973954692,-0.45187088706090145,-0.4539904997395463
mode_lax_wendroff_nu08_m1,55,0.6875,-0.38268343236509034,-0.3804954948301883,-0.38268343236508973
mode_lax_wendroff_nu08_m1,56,0.70000000000000007,-0.30901699437494756,-0.30677422134625548,-0.30901699437494695
mode_lax_wendroff_nu08_m1,57,0.71250000000000002,-0.23344536385590514,-0.23116158277494278,-0.23344536385590511
mode_lax_wendroff_nu08_m1,58,0.72500000000000009,-0.15643446504023018,-0.15412375617679594,-0.15643446504023015
mode_lax_wendroff_nu08_m1,59,0.73750000000000004,-0.07845909572784468,-0.076135705370469556,-0.078459095727844666
mode_lax_wendroff_nu08_m1,60,0.75,-1.8369701987210297e-16,0.0023217473771569006,6.123233995736766e-17
mode_lax_wendroff_nu08_m1,61,0.76250000000000007,0.078459095727845207,0.080764885780143847,0.078459095727845443
mode_lax_wendroff_nu08_m1,62,0.77500000000000002,0.15643446504023067,0.1587100818052464,0.15643446504023115
mode_lax_wendroff_nu08_m1,63,0.78750000000000009,0.23344536385590567,0.23567677739956197,0.23344536385590611
mode_lax_wendroff_nu08_m1,64,0.80000000000000004,0.30901699437494723,0.31119044729072814,0.30901699437494767
mode_lax_wendroff_nu08_m1,65,0.8125,0.38268343236509,0.38478552459302257,0.38268343236508984
mode_lax_wendroff_nu08_m1,66,0.82500000000000007,0.45399049973954664,0.45600827118202969,0.45399049973954725
mode_lax_wendroff_nu08_m1,67,0.83750000000000002,0.52249856471594902,0.52441957514106174,0.52249856471594913
mode_lax_wendroff_nu08_m1,68,0.85000000000000009,0.58778525229247369,0.58959765803214437,0.58778525229247358
mode_lax_wendroff_nu08_m1,69,0.86250000000000004,0.64944804833018388,0.65114067530034203,0.64944804833018388
mode_lax_wendroff_nu08_m1,70,0.875,0.70710678118654735,0.70866919377906656,0.70710678118654757
mode_lax_wendroff_nu08_m1,71,0.88750000000000007,0.76040596560003104,0.76182853102172288,0.76040596560003126
mode_lax_wendroff_nu08_m1,72,0.90000000000000002,0.80901699437494734,0.8102909420369363,0.80901699437494745
mode_lax_wendroff_nu08_m1,73,0.91250000000000009,0.85264016435409229,0.85375763994541154,0.85264016435409251
mode_lax_wendroff_nu08_m1,74,0.92500000000000004,0.89100652418836779,0.89196063810039861,0.89100652418836801
mode_lax_wendroff_nu08_m1,75,0.9375,0.92387953251128652,0.92466440231448643,0.92387953251128674
mode_lax_wendroff_nu08_m1,76,0.95000000000000007,0.95105651629515353,0.95166730300618985,0.95105651629515375
mode_lax_wendroff_nu08_m1,77,0.96250000000000002,0.97236992039767667,0.97280285831336866,0.97236992039767667
mode_lax_wendroff_nu08_m1,78,0.97500000000000009,0.98768834059513788,0.98794076050926871,0.98768834059513777
mode_lax_wendroff_nu08_m1,79,0.98750000000000004,0.99691733373312796,0.99698767939298927,0.99691733373312796
mode_upwind_nu08_m4,0,0,1,0.4536019492661032,1
mode_upwind_nu08_m4,1,0.012500000000000001,0.95105651629515353,0.43839237298810813,0.95105651629515386
mode_upwind_nu08_m4,2,0.025000000000000001,0.80901699437494745,0.38026989678276818,0.8090169943749469
mode_upwind_nu08_m4,3,0.037500000000000006,0.58778525229247303,0.28492395358416611,0.5877852522924738
mode_upwind_nu08_m4,4,0.050000000000000003,0.30901699437494745,0.16168766862683001,0.30901699437494656
mode_upwind_nu08_m4,5,0.0625,6.123233995736766e-17,0.022624268120070144,-2.6948419387607653e-15
mode_upwind_nu08_m4,6,0.075000000000000011,-0.30901699437494756,-0.11865375338282716,-0.30901699437494828
mode_upwind_nu08_m4,7,0.087500000000000008,-0.58778525229247303,-0.24831711879530194,-0.58778525229247525
mode_upwind_nu08_m4,8,0.10000000000000001,-0.80901699437494734,-0.35367347449299213,-0.8090169943749479
mode_upwind_nu08_m4,9,0.1125,-0.95105651629515353,-0.42440980631931396,-0.95105651629515442
mode_upwind_nu08_m4,10,0.125,-1,-0.45360194926610303,-1
mode_upwind_nu08_m4,11,0.13750000000000001,-0.95105651629515353,-0.43839237298810785,-0.95105651629515386
mode_upwind_nu08_m4,12,0.15000000000000002,-0.80901699437494723,-0.38026989678276796,-0.8090169943749469
mode_upwind_nu08_m4,13,0.16250000000000001,-0.58778525229247325,-0.28492395358416583,-0.58778525229247391
mode_upwind_nu08_m4,14,0.17500000000000002,-0.30901699437494756,-0.16168766862682976,-0.30901699437494667
mode_upwind_nu08_m4,15,0.1875,-1.8369701987210297e-16,-0.022624268120069974,-9.8033641995447082e-16
mode_upwind_nu08_m4,16,0.20000000000000001,0.30901699437494723,0.1186537533828273,0.30901699437494817
mode_upwind_nu08_m4,17,0.21250000000000002,0.58778525229247369,0.24831711879530205,0.58778525229247514
mode_upwind_nu08_m4,18,0.22500000000000001,0.80901699437494734,0.35367347449299219,0.8090169943749479
mode_upwind_nu08_m4,19,0.23750000000000002,0.95105651629515353,0.42440980631931396,0.95105651629515431
mode_upwind_nu08_m4,20,0.25,1,0.45360194926610303,1
mode_upwind_nu08_m4,21,0.26250000000000001,0.95105651629515364,0.43839237298810785,0.95105651629515386
mode_upwind_nu08_m4,22,0.27500000000000002,0.80901699437494701,0.3802698967827679,0.80901699437494701
mode_upwind_nu08_m4,23,0.28750000000000003,0.58778525229247269,0.28492395358416578,0.58778525229247114
mode_upwind_nu08_m4,24,0.30000000000000004,0.30901699437494684,0.16168766862682968,0.30901699437494679
mode_upwind_nu08_m4,25,0.3125,3.0616169978683831e-16,0.022624268120069894,-2.4499125789312946e-15
mode_upwind_nu08_m4,26,0.32500000000000001,-0.30901699437494712,-0.11865375338282733,-0.30901699437494806
mode_upwind_nu08_m4,27,0.33750000000000002,-0.58778525229247292,-0.24831711879530205,-0.58778525229247514
mode_upwind_nu08_m4,28,0.35000000000000003,-0.80901699437494723,-0.35367347449299219,-0.80901699437494989
mode_upwind_nu08_m4,29,0.36250000000000004,-0.95105651629515398,-0.42440980631931396,-0.95105651629515431
mode_upwind_nu08_m4,30,0.375,-1,-0.45360194926610303,-1
mode_upwind_nu08_m4,31,0.38750000000000001,-0.95105651629515364,-0.43839237298810785,-0.95105651629515398
mode_upwind_nu08_m4,32,0.40000000000000002,-0.80901699437494767,-0.38026989678276801,-0.80901699437494712
mode_upwind_nu08_m4,33,0.41250000000000003,-0.58778525229247347,-0.28492395358416595,-0.58778525229247125
mode_upwind_nu08_m4,34,0.42500000000000004,-0.30901699437494612,-0.16168766862682987,-0.30901699437494518
mode_upwind_nu08_m4,35,0.4375,-4.2862637970157361e-16,-0.022624268120070037,5.5109105961630896e-16
mode_upwind_nu08_m4,36,0.45000000000000001,0.30901699437494701,0.11865375338282723,0.30901699437494623
mode_upwind_nu08_m4,37,0.46250000000000002,0.5877852522924728,0.24831711879530194,0.58778525229247358
mode_upwind_nu08_m4,38,0.47500000000000003,0.80901699437494712,0.35367347449299213,0.80901699437494878
mode_upwind_nu08_m4,39,0.48750000000000004,0.95105651629515398,0.42440980631931396,0.95105651629515431
mode_upwind_nu08_m4,40,0.5,1,0.45360194926610298,1
mode_upwind_nu08_m4,41,0.51250000000000007,0.9510565162951532,0.43839237298810785,0.95105651629515287
mode_upwind_nu08_m4,42,0.52500000000000002,0.80901699437494767,0.38026989678276785,0.80901699437494712
mode_upwind_nu08_m4,43,0.53749999999999998,0.58778525229247358,0.28492395358416578,0.5877852522924728
mode_upwind_nu08_m4,44,0.55000000000000004,0.30901699437494623,0.16168766862682962,0.30901699437494534
mode_upwind_nu08_m4,45,0.5625,5.5109105961630896e-16,0.022624268120069825,-4.2862637970157361e-16
mode_upwind_nu08_m4,46,0.57500000000000007,-0.30901699437494856,-0.11865375338282741,-0.30901699437494951
mode_upwind_nu08_m4,47,0.58750000000000002,-0.58778525229247269,-0.24831711879530211,-0.58778525229247347
mode_upwind_nu08_m4,48,0.60000000000000009,-0.80901699437494812,-0.35367347449299219,-0.80901699437494867
mode_upwind_nu08_m4,49,0.61250000000000004,-0.95105651629515398,-0.42440980631931402,-0.9510565162951542
mode_upwind_nu08_m4,50,0.625,-1,-0.4536019492661032,-1
mode_upwind_nu08_m4,51,0.63750000000000007,-0.9510565162951532,-0.43839237298810813,-0.95105651629515287
mode_upwind_nu08_m4,52,0.65000000000000002,-0.80901699437494778,-0.38026989678276818,-0.80901699437494723
mode_upwind_nu08_m4,53,0.66250000000000009,-0.58778525229247225,-0.28492395358416611,-0.58778525229247147
mode_upwind_nu08_m4,54,0.67500000000000004,-0.30901699437494806,-0.16168766862683001,-0.30901699437494545
mode_upwind_nu08_m4,55,0.6875,-2.4499125789312946e-15,-0.022624268120070144,3.0616169978683831e-16
mode_upwind_nu08_m4,56,0.70000000000000007,0.30901699437494679,0.11865375338282716,0.30901699437494939
mode_upwind_nu08_m4,57,0.71250000000000002,0.58778525229247403,0.24831711879530194,0.58778525229247403
mode_upwind_nu08_m4,58,0.72500000000000009,0.80901699437494912,0.35367347449299213,0.80901699437494912
mode_upwind_nu08_m4,59,0.73750000000000004,0.95105651629515386,0.42440980631931402,0.95105651629515398
mode_upwind_nu08_m4,60,0.75,1,0.45360194926610314,1
mode_upwind_nu08_m4,61,0.76250000000000007,0.95105651629515331,0.43839237298810796,0.95105651629515298
mode_upwind_nu08_m4,62,0.77500000000000002,0.8090169943749479,0.38026989678276796,0.80901699437494679
mode_upwind_nu08_m4,63,0.78750000000000009,0.58778525229247236,0.28492395358416589,0.58778525229247081
mode_upwind_nu08_m4,64,0.80000000000000004,0.30901699437494817,0.16168766862682968,0.3090169943749464
mode_upwind_nu08_m4,65,0.8125,-9.8033641995447082e-16,0.022624268120069815,-1.8369701987210297e-16
mode_upwind_nu08_m4,66,0.82500000000000007,-0.30901699437494667,-0.11865375338282752,-0.30901699437494928
mode_upwind_nu08_m4,67,0.83750000000000002,-0.58778525229247391,-0.24831711879530233,-0.58778525229247403
mode_upwind_nu08_m4,68,0.85000000000000009,-0.80901699437494901,-0.35367347449299258,-0.80901699437494878
mode_upwind_nu08_m4,69,0.86250000000000004,-0.95105651629515386,-0.42440980631931446,-0.95105651629515398
mode_upwind_nu08_m4,70,0.875,-1,-0.45360194926610348,-1
mode_upwind_nu08_m4,71,0.88750000000000007,-0.95105651629515331,-0.43839237298810835,-0.95105651629515298
mode_upwind_nu08_m4,72,0.90000000000000002,-0.8090169943749479,-0.38026989678276835,-0.80901699437494712
mode_upwind_nu08_m4,73,0.91250000000000009,-0.58778525229247247,-0.28492395358416633,-0.58778525229247125
mode_upwind_nu08_m4,74,0.92500000000000004,-0.30901699437494828,-0.16168766862683009,-0.30901699437494629
mode_upwind_nu08_m4,75,0.9375,-2.6948419387607653e-15,-0.022624268120070238,6.123233995736766e-17
mode_upwind_nu08_m4,76,0.95000000000000007,0.30901699437494656,0.11865375338282708,0.30901699437494917
mode_upwind_nu08_m4,77,0.96250000000000002,0.5877852522924738,0.24831711879530183,0.58778525229247358
mode_upwind_nu08_m4,78,0.97500000000000009,0.80901699437494901,0.35367347449299213,0.80901699437494878
mode_upwind_nu08_m4,79,0.98750000000000004,0.95105651629515386,0.42440980631931402,0.95105651629515386
mode_lax_wendroff_nu08_m4,0,0,1,0.96251728165514727,1
mode_lax_wendroff_nu08_m4,1,0.012500000000000001,0.95105651629515353,0.8718709483399486,0.95105651629515386
mode_lax_wendroff_nu08_m4,2,0.025000000000000001,0.80901699437494745,0.6958798119191395,0.8090169943749469
mode_lax_wendroff_nu08_m4,3,0.037500000000000006,0.58778525229247303,0.4517711110279386,0.5877852522924738
mode_lax_wendroff_nu08_m4,4,0.050000000000000003,0.30901699437494745,0.16343990611490511,0.30901699437494656
mode_lax_wendroff_nu08_m4,5,0.0625,6.123233995736766e-17,-0.14088993556144122,-2.6948419387607653e-15
mode_lax_wendroff_nu08_m4,6,0.075000000000000011,-0.30901699437494756,-0.43142848870713113,-0.30901699437494828
mode_lax_wendroff_nu08_m4,7,0.087500000000000008,-0.58778525229247303,-0.67973581543913297,-0.58778525229247525
mode_lax_wendroff_nu08_m4,8,0.10000000000000001,-0.80901699437494734,-0.86150586455804357,-0.8090169943749479
mode_lax_wendroff_nu08_m4,9,0.1125,-0.95105651629515353,-0.95894571718970179,-0.95105651629515442
mode_lax_wendroff_nu08_m4,10,0.125,-1,-0.96251728165514716,-1
mode_lax_wendroff_nu08_m4,11,0.13750000000000001,-0.95105651629515353,-0.87187094833994883,-0.95105651629515386
mode_lax_wendroff_nu08_m4,12,0.15000000000000002,-0.80901699437494723,-0.69587981191913995,-0.8090169943749469
mode_lax_wendroff_nu08_m4,13,0.16250000000000001,-0.58778525229247325,-0.45177111102793893,-0.58778525229247391
mode_lax_wendroff_nu08_m4,14,0.17500000000000002,-0.30901699437494756,-0.16343990611490539,-0.30901699437494667
mode_lax_wendroff_nu08_m4,15,0.1875,-1.8369701987210297e-16,0.14088993556144097,-9.8033641995447082e-16
mode_lax_wendroff_nu08_m4,16,0.20000000000000001,0.30901699437494723,0.4314284887071308,0.30901699437494817
mode_lax_wendroff_nu08_m4,17,0.21250000000000002,0.58778525229247369,0.67973581543913275,0.58778525229247514
mode_lax_wendroff_nu08_m4,18,0.22500000000000001,0.80901699437494734,0.86150586455804357,0.8090169943749479
mode_lax_wendroff_nu08_m4,19,0.23750000000000002,0.95105651629515353,0.95894571718970212,0.95105651629515431
mode_lax_wendroff_nu08_m4,20,0.25,1,0.96251728165514705,1
mode_lax_wendroff_nu08_m4,21,0.26250000000000001,0.95105651629515364,0.8718709483399486,0.95105651629515386
mode_lax_wendroff_nu08_m4,22,0.27500000000000002,0.80901699437494701,0.69587981191913961,0.80901699437494701
mode_lax_wendroff_nu08_m4,23,0.28750000000000003,0.58778525229247269,0.45177111102793888,0.58778525229247114
mode_lax_wendroff_nu08_m4,24,0.30000000000000004,0.30901699437494684,0.16343990611490547,0.30901699437494679
mode_lax_wendroff_nu08_m4,25,0.3125,3.0616169978683831e-16,-0.14088993556144086,-2.4499125789312946e-15
mode_lax_wendroff_nu08_m4,26,0.32500000000000001,-0.30901699437494712,-0.43142848870713069,-0.30901699437494806
mode_lax_wendroff_nu08_m4,27,0.33750000000000002,-0.58778525229247292,-0.67973581543913253,-0.58778525229247514
mode_lax_wendroff_nu08_m4,28,0.35000000000000003,-0.80901699437494723,-0.86150586455804312,-0.80901699437494989
mode_lax_wendroff_nu08_m4,29,0.36250000000000004,-0.95105651629515398,-0.95894571718970145,-0.95105651629515431
mode_lax_wendroff_nu08_m4,30,0.375,-1,-0.96251728165514661,-1
mode_lax_wendroff_nu08_m4,31,0.38750000000000001,-0.95105651629515364,-0.87187094833994838,-0.95105651629515398
mode_lax_wendroff_nu08_m4,32,0.40000000000000002,-0.80901699437494767,-0.69587981191913961,-0.80901699437494712
mode_lax_wendroff_nu08_m4,33,0.41250000000000003,-0.58778525229247347,-0.45177111102793882,-0.58778525229247125
mode_lax_wendroff_nu08_m4,34,0.42500000000000004,-0.30901699437494612,-0.16343990611490533,-0.30901699437494518
mode_lax_wendroff_nu08_m4,35,0.4375,-4.2862637970157361e-16,0.14088993556144111,5.5109105961630896e-16
mode_lax_wendroff_nu08_m4,36,0.45000000000000001,0.30901699437494701,0.43142848870713102,0.30901699437494623
mode_lax_wendroff_nu08_m4,37,0.46250000000000002,0.5877852522924728,0.67973581543913297,0.58778525229247358
mode_lax_wendroff_nu08_m4,38,0.47500000000000003,0.80901699437494712,0.86150586455804345,0.80901699437494878
mode_lax_wendroff_nu08_m4,39,0.48750000000000004,0.95105651629515398,0.95894571718970167,0.95105651629515431
mode_lax_wendroff_nu08_m4,40,0.5,1,0.96251728165514683,1
mode_lax_wendroff_nu08_m4,41,0.51250000000000007,0.9510565162951532,0.87187094833994827,0.95105651629515287
mode_lax_wendroff_nu08_m4,42,0.52500000000000002,0.80901699437494767,0.6958798119191395,0.80901699437494712
mode_lax_wendroff_nu08_m4,43,0.53749999999999998,0.58778525229247358,0.45177111102793832,0.5877852522924728
mode_lax_wendroff_nu08_m4,44,0.55000000000000004,0.30901699437494623,0.16343990611490494,0.30901699437494534
mode_lax_wendroff_nu08_m4,45,0.5625,5.5109105961630896e-16,-0.1408899355614413,-4.2862637970157361e-16
mode_lax_wendroff_nu08_m4,46,0.57500000000000007,-0.30901699437494856,-0.43142848870713107,-0.30901699437494951
mode_lax_wendroff_nu08_m4,47,0.58750000000000002,-0.58778525229247269,-0.67973581543913297,-0.58778525229247347
mode_lax_wendroff_nu08_m4,48,0.60000000000000009,-0.80901699437494812,-0.86150586455804368,-0.80901699437494867
mode_lax_wendroff_nu08_m4,49,0.61250000000000004,-0.95105651629515398,-0.9589457171897019,-0.9510565162951542
mode_lax_wendroff_nu08_m4,50,0.625,-1,-0.96251728165514738,-1
mode_lax_wendroff_nu08_m4,51,0.63750000000000007,-0.9510565162951532,-0.87187094833994938,-0.95105651629515287
mode_lax_wendroff_nu08_m4,52,0.65000000000000002,-0.80901699437494778,-0.69587981191914039,-0.80901699437494723
mode_lax_wendroff_nu08_m4,53,0.66250000000000009,-0.58778525229247225,-0.45177111102793927,-0.58778525229247147
mode_lax_wendroff_nu08_m4,54,0.67500000000000004,-0.30901699437494806,-0.16343990611490547,-0.30901699437494545
mode_lax_wendroff_nu08_m4,55,0.6875,-2.4499125789312946e-15,0.14088993556144139,3.0616169978683831e-16
mode_lax_wendroff_nu08_m4,56,0.70000000000000007,0.30901699437494679,0.43142848870713146,0.30901699437494939
mode_lax_wendroff_nu08_m4,57,0.71250000000000002,0.58778525229247403,0.67973581543913342,0.58778525229247403
mode_lax_wendroff_nu08_m4,58,0.72500000000000009,0.80901699437494912,0.8615058645580439,0.80901699437494912
mode_lax_wendroff_nu08_m4,59,0.73750000000000004,0.95105651629515386,0.95894571718970223,0.95105651629515398
mode_lax_wendroff_nu08_m4,60,0.75,1,0.96251728165514749,1
mode_lax_wendroff_nu08_m4,61,0.76250000000000007,0.95105651629515331,0.87187094833994916,0.95105651629515298
mode_lax_wendroff_nu08_m4,62,0.77500000000000002,0.8090169943749479,0.69587981191914006,0.80901699437494679
mode_lax_wendroff_nu08_m4,63,0.78750000000000009,0.58778525229247236,0.45177111102793871,0.58778525229247081
mode_lax_wendroff_nu08_m4,64,0.80000000000000004,0.30901699437494817,0.16343990611490489,0.3090169943749464
mode_lax_wendroff_nu08_m4,65,0.8125,-9.8033641995447082e-16,-0.14088993556144164,-1.8369701987210297e-16
mode_lax_wendroff_nu08_m4,66,0.82500000000000007,-0.30901699437494667,-0.43142848870713135,-0.30901699437494928
mode_lax_wendroff_nu08_m4,67,0.83750000000000002,-0.58778525229247391,-0.67973581543913308,-0.58778525229247403
mode_lax_wendroff_nu08_m4,68,0.85000000000000009,-0.80901699437494901,-0.86150586455804357,-0.80901699437494878
mode_lax_wendroff_nu08_m4,69,0.86250000000000004,-0.95105651629515386,-0.95894571718970167,-0.95105651629515398
mode_lax_wendroff_nu08_m4,70,0.875,-1,-0.96251728165514727,-1
mode_lax_wendroff_nu08_m4,71,0.88750000000000007,-0.95105651629515331,-0.87187094833994916,-0.95105651629515298
mode_lax_wendroff_nu08_m4,72,0.90000000000000002,-0.8090169943749479,-0.69587981191914061,-0.80901699437494712
mode_lax_wendroff_nu08_m4,73,0.91250000000000009,-0.58778525229247247,-0.45177111102793982,-0.58778525229247125
mode_lax_wendroff_nu08_m4,74,0.92500000000000004,-0.30901699437494828,-0.163439906114906,-0.30901699437494629
mode_lax_wendroff_nu08_m4,75,0.9375,-2.6948419387607653e-15,0.1408899355614408,6.123233995736766e-17
mode_lax_wendroff_nu08_m4,76,0.95000000000000007,0.30901699437494656,0.43142848870713113,0.30901699437494917
mode_lax_wendroff_nu08_m4,77,0.96250000000000002,0.5877852522924738,0.67973581543913353,0.58778525229247358
mode_lax_wendroff_nu08_m4,78,0.97500000000000009,0.80901699437494901,0.86150586455804423,0.80901699437494878
mode_lax_wendroff_nu08_m4,79,0.98750000000000004,0.95105651629515386,0.95894571718970234,0.95105651629515386
mode_upwind_nu08_m10,0,0,1,0.0050958198212868368,1
mode_upwind_nu08_m10,1,0.012500000000000001,0.70710678118654757,0.0072937204697596982,0.70710678118654768
mode_upwind_nu08_m10,2,0.025000000000000001,6.123233995736766e-17,0.0052190585872057549,-4.164418097737589e-15
mode_upwind_nu08_m10,3,0.037500000000000006,-0.70710678118654779,8.7142967086601352e-05,-0.70710678118654857
mode_upwind_nu08_m10,4,0.050000000000000003,-1,-0.005095819821286306,-1
mode_upwind_nu08_m10,5,0.0625,-0.70710678118654768,-0.0072937204697592038,-0.70710678118654524
mode_upwind_nu08_m10,6,0.075000000000000011,7.0448139982802221e-16,-0.0052190585872052969,4.8923973902235293e-16
mode_upwind_nu08_m10,7,0.087500000000000008,0.70710678118654802,-8.7142967086179597e-05,0.70710678118655101
mode_upwind_nu08_m10,8,0.10000000000000001,1,0.0050958198212866972,1
mode_upwind_nu08_m10,9,0.1125,0.70710678118654768,0.0072937204697595681,0.7071067811865428
mode_upwind_nu08_m10,10,0.125,3.0616169978683831e-16,0.0052190585872056395,-3.9194887379081187e-15
mode_upwind_nu08_m10,11,0.13750000000000001,-0.70710678118654791,8.7142967086497269e-05,-0.70710678118654835
mode_upwind_nu08_m10,12,0.15000000000000002,-1,-0.0050958198212864014,-1
mode_upwind_nu08_m10,13,0.16250000000000001,-0.70710678118654713,-0.007293720469759294,-0.70710678118654546
mode_upwind_nu08_m10,14,0.17500000000000002,1.3477304596986769e-15,-0.0052190585872053854,7.3497377367938845e-15
mode_upwind_nu08_m10,15,0.1875,0.70710678118654657,-8.7142967086265032e-05,0.70710678118655079
mode_upwind_nu08_m10,16,0.20000000000000001,1,0.0050958198212866165,1
mode_upwind_nu08_m10,17,0.21250000000000002,0.70710678118654724,0.0072937204697594979,0.70710678118654302
mode_upwind_nu08_m10,18,0.22500000000000001,5.5109105961630896e-16,0.0052190585872055849,-3.6745593780786476e-15
mode_upwind_nu08_m10,19,0.23750000000000002,-0.70710678118654779,8.7142967086461924e-05,-0.70710678118655323
mode_upwind_nu08_m10,20,0.25,-1,-0.0050958198212864205,-1
mode_upwind_nu08_m10,21,0.26250000000000001,-0.70710678118654735,-0.0072937204697593027,-0.70710678118655068
mode_upwind_nu08_m10,22,0.27500000000000002,1.1028010998692062e-15,-0.0052190585872053949,-6.1898063658835771e-19
mode_upwind_nu08_m10,23,0.28750000000000003,0.70710678118654891,-8.7142967086289535e-05,0.70710678118655068
mode_upwind_nu08_m10,24,0.30000000000000004,1,0.0050958198212865593,1
mode_upwind_nu08_m10,25,0.3125,0.70710678118654746,0.0072937204697593903,0.70710678118654824
mode_upwind_nu08_m10,26,0.32500000000000001,-9.8033641995447082e-16,0.0052190585872054157,3.6757973393518245e-15
mode_upwind_nu08_m10,27,0.33750000000000002,-0.70710678118654879,8.7142967086232073e-05,-0.70710678118654802
mode_upwind_nu08_m10,28,0.35000000000000003,-1,-0.0050958198212867015,-1
mode_upwind_nu08_m10,29,0.36250000000000004,-0.70710678118654502,-0.0072937204697596158,-0.7071067811865458
mode_upwind_nu08_m10,30,0.375,-2.6948419387607653e-15,-0.0052190585872057106,-2.4554834046605899e-16
mode_upwind_nu08_m10,31,0.38750000000000001,0.70710678118654624,-8.7142967086576632e-05,0.70710678118654546
mode_upwind_nu08_m10,32,0.40000000000000002,1,0.0050958198212863338,1
mode_upwind_nu08_m10,33,0.41250000000000003,0.70710678118654757,0.0072937204697592533,0.70710678118654335
mode_upwind_nu08_m10,34,0.42500000000000004,-7.3540706012500023e-16,0.0052190585872053819,-3.1847006584197066e-15
mode_upwind_nu08_m10,35,0.4375,-0.70710678118654613,8.7142967086302763e-05,-0.70710678118654791
mode_upwind_nu08_m10,36,0.45000000000000001,-1,-0.0050958198212865385,-1
mode_upwind_nu08_m10,37,0.46250000000000002,-0.70710678118654768,-0.0072937204697593825,-0.70710678118654602
mode_upwind_nu08_m10,38,0.47500000000000003,6.1294238021026498e-16,-0.0052190585872054348,6.614949657305472e-15
mode_upwind_nu08_m10,39,0.48750000000000004,0.70710678118654857,-8.7142967086285741e-05,0.70710678118655035
mode_upwind_nu08_m10,40,0.5,1,0.0050958198212866183,1
mode_upwind_nu08_m10,41,0.51250000000000007,0.70710678118654524,0.0072937204697595178,0.70710678118654358
mode_upwind_nu08_m10,42,0.52500000000000002,-4.9047770029552963e-16,0.0052190585872056265,-2.9397712985902359e-15
mode_upwind_nu08_m10,43,0.53749999999999998,-0.70710678118654602,8.7142967086527843e-05,-0.70710678118654768
mode_upwind_nu08_m10,44,0.55000000000000004,-1,-0.0050958198212863277,-1
mode_upwind_nu08_m10,45,0.5625,-0.70710678118654791,-0.0072937204697591821,-0.70710678118654613
mode_upwind_nu08_m10,46,0.57500000000000007,3.9207266991812956e-15,-0.0052190585872052466,6.3700202974760017e-15
mode_upwind_nu08_m10,47,0.58750000000000002,0.70710678118654835,-8.7142967086114111e-05,0.70710678118655013
mode_upwind_nu08_m10,48,0.60000000000000009,1,0.005095819821286764,1
mode_upwind_nu08_m10,49,0.61250000000000004,0.70710678118654546,0.0072937204697596254,0.70710678118654369
mode_upwind_nu08_m10,50,0.625,-2.4554834046605899e-16,0.0052190585872056777,-2.6948419387607653e-15
mode_upwind_nu08_m10,51,0.63750000000000007,-0.70710678118655079,8.7142967086507243e-05,-0.70710678118655002
mode_upwind_nu08_m10,52,0.65000000000000002,-1,-0.0050958198212864431,-1
mode_upwind_nu08_m10,53,0.66250000000000009,-0.70710678118654302,-0.0072937204697594233,-0.7071067811865438
mode_upwind_nu08_m10,54,0.67500000000000004,3.6757973393518245e-15,-0.0052190585872056473,2.5723772588460301e-15
mode_upwind_nu08_m10,55,0.6875,0.70710678118654824,-8.714296708670652e-05,0.70710678118654746
mode_upwind_nu08_m10,56,0.70000000000000007,1,0.0050958198212859643,1
mode_upwind_nu08_m10,57,0.71250000000000002,0.70710678118654557,0.0072937204697586296,0.70710678118654635
mode_upwind_nu08_m10,58,0.72500000000000009,-7.1060463382375895e-15,0.0052190585872045345,-6.0026262577317955e-15
mode_upwind_nu08_m10,59,0.73750000000000004,-0.70710678118655068,8.7142967085299008e-05,-0.7071067811865499
mode_upwind_nu08_m10,60,0.75,-1,-0.0050958198212876001,-1
mode_upwind_nu08_m10,61,0.76250000000000007,-0.70710678118654824,-0.0072937204697603982,-0.70710678118654402
mode_upwind_nu08_m10,62,0.77500000000000002,-3.6745593780786476e-15,-0.0052190585872063169,2.3274478990165594e-15
mode_upwind_nu08_m10,63,0.78750000000000009,0.70710678118654802,-8.7142967086979739e-05,0.70710678118655224
mode_upwind_nu08_m10,64,0.80000000000000004,1,0.0050958198212861213,1
mode_upwind_nu08_m10,65,0.8125,0.70710678118655079,0.0072937204697591865,0.70710678118654657
mode_upwind_nu08_m10,66,0.82500000000000007,2.4431037919288229e-16,0.0052190585872053975,-3.9813400585020747e-15
mode_upwind_nu08_m10,67,0.83750000000000002,-0.70710678118654546,8.7142967086333771e-05,-0.70710678118654846
mode_upwind_nu08_m10,68,0.85000000000000009,-1,-0.0050958198212865437,-1
mode_upwind_nu08_m10,69,0.86250000000000004,-0.70710678118654835,-0.0072937204697594519,-0.70710678118654535
mode_upwind_nu08_m10,70,0.875,-3.9194887379081187e-15,-0.0052190585872055727,3.0616169978683831e-16
mode_upwind_nu08_m10,71,0.88750000000000007,0.70710678118654791,-8.7142967086466911e-05,0.7071067811865509
mode_upwind_nu08_m10,72,0.90000000000000002,1,0.0050958198212864275,1
mode_upwind_nu08_m10,73,0.91250000000000009,0.70710678118654602,0.0072937204697593539,0.70710678118654358
mode_upwind_nu08_m10,74,0.92500000000000004,4.8923973902235293e-16,0.0052190585872055068,-2.8482322789724788e-15
mode_upwind_nu08_m10,75,0.9375,-0.70710678118654524,8.7142967086464309e-05,-0.70710678118654768
mode_upwind_nu08_m10,76,0.95000000000000007,-1,-0.0050958198212863381,-1
mode_upwind_nu08_m10,77,0.96250000000000002,-0.70710678118654857,-0.0072937204697591518,-0.70710678118654646
mode_upwind_nu08_m10,78,0.97500000000000009,2.9410092598634128e-15,-0.0052190585872051911,5.6123474630831503e-15
mode_upwind_nu08_m10,79,0.98750000000000004,0.70710678118654768,-8.7142967086044723e-05,0.70710678118654946
mode_lax_wendroff_nu08_m10,0,0,1,-0.15859510257319959,1
mode_lax_wendroff_nu08_m10,1,0.012500000000000001,0.70710678118654757,-0.34739104483489125,0.70710678118654768
mode_lax_wendroff_nu08_m10,2,0.025000000000000001,6.123233995736766e-17,-0.33269002447926355,-4.164418097737589e-15
mode_lax_wendroff_nu08_m10,3,0.037500000000000006,-0.70710678118654779,-0.12310369984992008,-0.70710678118654857
mode_lax_wendroff_nu08_m10,4,0.050000000000000003,-1,0.15859510257319978,-1
mode_lax_wendroff_nu08_m10,5,0.0625,-0.70710678118654768,0.34739104483489136,-0.70710678118654524
mode_lax_wendroff_nu08_m10,6,0.075000000000000011,7.0448139982802221e-16,0.3326900244792636,4.8923973902235293e-16
mode_lax_wendroff_nu08_m10,7,0.087500000000000008,0.70710678118654802,0.12310369984992024,0.70710678118655101
mode_lax_wendroff_nu08_m10,8,0.10000000000000001,1,-0.1585951025731995,1
mode_lax_wendroff_nu08_m10,9,0.1125,0.70710678118654768,-0.34739104483489103,0.7071067811865428
mode_lax_wendroff_nu08_m10,10,0.125,3.0616169978683831e-16,-0.33269002447926316,-3.9194887379081187e-15
mode_lax_wendroff_nu08_m10,11,0.13750000000000001,-0.70710678118654791,-0.12310369984991962,-0.70710678118654835
mode_lax_wendroff_nu08_m10,12,0.15000000000000002,-1,0.15859510257320028,-1
mode_lax_wendroff_nu08_m10,13,0.16250000000000001,-0.70710678118654713,0.34739104483489175,-0.70710678118654546
mode_lax_wendroff_nu08_m10,14,0.17500000000000002,1.3477304596986769e-15,0.3326900244792636,7.3497377367938845e-15
mode_lax_wendroff_nu08_m10,15,0.1875,0.70710678118654657,0.12310369984991994,0.70710678118655079
mode_lax_wendroff_nu08_m10,16,0.20000000000000001,1,-0.15859510257319998,1
mode_lax_wendroff_nu08_m10,17,0.21250000000000002,0.70710678118654724,-0.34739104483489147,0.70710678118654302
mode_lax_wendroff_nu08_m10,18,0.22500000000000001,5.5109105961630896e-16,-0.33269002447926349,-3.6745593780786476e-15
mode_lax_wendroff_nu08_m10,19,0.23750000000000002,-0.70710678118654779,-0.12310369984991995,-0.70710678118655323
mode_lax_wendroff_nu08_m10,20,0.25,-1,0.15859510257319998,-1
mode_lax_wendroff_nu08_m10,21,0.26250000000000001,-0.70710678118654735,0.34739104483489158,-0.70710678118655068
mode_lax_wendroff_nu08_m10,22,0.27500000000000002,1.1028010998692062e-15,0.33269002447926377,-6.1898063658835771e-19
mode_lax_wendroff_nu08_m10,23,0.28750000000000003,0.70710678118654891,0.12310369984992021,0.70710678118655068
mode_lax_wendroff_nu08_m10,24,0.30000000000000004,1,-0.15859510257319967,1
mode_lax_wendroff_nu08_m10,25,0.3125,0.70710678118654746,-0.34739104483489119,0.70710678118654824
mode_lax_wendroff_nu08_m10,26,0.32500000000000001,-9.8033641995447082e-16,-0.33269002447926344,3.6757973393518245e-15
mode_lax_wendroff_nu08_m10,27,0.33750000000000002,-0.70710678118654879,-0.12310369984992026,-0.70710678118654802
mode_lax_wendroff_nu08_m10,28,0.35000000000000003,-1,0.15859510257319942,-1
mode_lax_wendroff_nu08_m10,29,0.36250000000000004,-0.70710678118654502,0.34739104483489092,-0.7071067811865458
mode_lax_wendroff_nu08_m10,30,0.375,-2.6948419387607653e-15,0.33269002447926305,-2.4554834046605899e-16
mode_lax_wendroff_nu08_m10,31,0.38750000000000001,0.70710678118654624,0.12310369984991976,0.70710678118654546
mode_lax_wendroff_nu08_m10,32,0.40000000000000002,1,-0.15859510257319986,1
mode_lax_wendroff_nu08_m10,33,0.41250000000000003,0.70710678118654757,-0.34739104483489114,0.70710678118654335
mode_lax_wendroff_nu08_m10,34,0.42500000000000004,-7.3540706012500023e-16,-0.3326900244792631,-3.1847006584197066e-15
mode_lax_wendroff_nu08_m10,35,0.4375,-0.70710678118654613,-0.12310369984991967,-0.70710678118654791
mode_lax_wendroff_nu08_m10,36,0.45000000000000001,-1,0.15859510257319989,-1
mode_lax_wendroff_nu08_m10,37,0.46250000000000002,-0.70710678118654768,0.34739104483489114,-0.70710678118654602
mode_lax_wendroff_nu08_m10,38,0.47500000000000003,6.1294238021026498e-16,0.33269002447926316,6.614949657305472e-15
mode_lax_wendroff_nu08_m10,39,0.48750000000000004,0.70710678118654857,0.12310369984991978,0.70710678118655035
mode_lax_wendroff_nu08_m10,40,0.5,1,-0.15859510257319981,1
mode_lax_wendroff_nu08_m10,41,0.51250000000000007,0.70710678118654524,-0.34739104483489092,0.70710678118654358
mode_lax_wendroff_nu08_m10,42,0.52500000000000002,-4.9047770029552963e-16,-0.33269002447926266,-2.9397712985902359e-15
mode_lax_wendroff_nu08_m10,43,0.53749999999999998,-0.70710678118654602,-0.12310369984991901,-0.70710678118654768
mode_lax_wendroff_nu08_m10,44,0.55000000000000004,-1,0.15859510257320064,-1
mode_lax_wendroff_nu08_m10,45,0.5625,-0.70710678118654791,0.34739104483489169,-0.70710678118654613
mode_lax_wendroff_nu08_m10,46,0.57500000000000007,3.9207266991812956e-15,0.33269002447926316,6.3700202974760017e-15
mode_lax_wendroff_nu08_m10,47,0.58750000000000002,0.70710678118654835,0.12310369984991941,0.70710678118655013
mode_lax_wendroff_nu08_m10,48,0.60000000000000009,1,-0.1585951025732002,1
mode_lax_wendroff_nu08_m10,49,0.61250000000000004,0.70710678118654546,-0.34739104483489103,0.70710678118654369
mode_lax_wendroff_nu08_m10,50,0.625,-2.4554834046605899e-16,-0.33269002447926233,-2.6948419387607653e-15
mode_lax_wendroff_nu08_m10,51,0.63750000000000007,-0.70710678118655079,-0.12310369984991831,-0.70710678118655002
mode_lax_wendroff_nu08_m10,52,0.65000000000000002,-1,0.15859510257320159,-1
mode_lax_wendroff_nu08_m10,53,0.66250000000000009,-0.70710678118654302,0.34739104483489258,-0.7071067811865438
mode_lax_wendroff_nu08_m10,54,0.67500000000000004,3.6757973393518245e-15,0.33269002447926377,2.5723772588460301e-15
mode_lax_wendroff_nu08_m10,55,0.6875,0.70710678118654824,0.12310369984991937,0.70710678118654746
mode_lax_wendroff_nu08_m10,56,0.70000000000000007,1,-0.15859510257320142,1
mode_lax_wendroff_nu08_m10,57,0.71250000000000002,0.70710678118654557,-0.3473910448348938,0.70710678118654635
mode_lax_wendroff_nu08_m10,58,0.72500000000000009,-7.1060463382375895e-15,-0.33269002447926638,-6.0026262577317955e-15
mode_lax_wendroff_nu08_m10,59,0.73750000000000004,-0.70710678118655068,-0.12310369984992281,-0.7071067811865499
mode_lax_wendroff_nu08_m10,60,0.75,-1,0.15859510257319775,-1
mode_lax_wendroff_nu08_m10,61,0.76250000000000007,-0.70710678118654824,0.34739104483489036,-0.70710678118654402
mode_lax_wendroff_nu08_m10,62,0.77500000000000002,-3.6745593780786476e-15,0.33269002447926355,2.3274478990165594e-15
mode_lax_wendroff_nu08_m10,63,0.78750000000000009,0.70710678118654802,0.12310369984992081,0.70710678118655224
mode_lax_wendroff_nu08_m10,64,0.80000000000000004,1,-0.15859510257319878,1
mode_lax_wendroff_nu08_m10,65,0.8125,0.70710678118655079,-0.34739104483489058,0.70710678118654657
mode_lax_wendroff_nu08_m10,66,0.82500000000000007,2.4431037919288229e-16,-0.33269002447926327,-3.9813400585020747e-15
mode_lax_wendroff_nu08_m10,67,0.83750000000000002,-0.70710678118654546,-0.12310369984992044,-0.70710678118654846
mode_lax_wendroff_nu08_m10,68,0.85000000000000009,-1,0.15859510257319898,-1
mode_lax_wendroff_nu08_m10,69,0.86250000000000004,-0.70710678118654835,0.34739104483489031,-0.70710678118654535
mode_lax_wendroff_nu08_m10,70,0.875,-3.9194887379081187e-15,0.33269002447926233,3.0616169978683831e-16
mode_lax_wendroff_nu08_m10,71,0.88750000000000007,0.70710678118654791,0.12310369984991919,0.7071067811865509
mode_lax_wendroff_nu08_m10,72,0.90000000000000002,1,-0.15859510257320025,1
mode_lax_wendroff_nu08_m10,73,0.91250000000000009,0.70710678118654602,-0.34739104483489142,0.70710678118654358
mode_lax_wendroff_nu08_m10,74,0.92500000000000004,4.8923973902235293e-16,-0.33269002447926327,-2.8482322789724788e-15
mode_lax_wendroff_nu08_m10,75,0.9375,-0.70710678118654524,-0.12310369984991962,-0.70710678118654768
mode_lax_wendroff_nu08_m10,76,0.95000000000000007,-1,0.15859510257320042,-1
mode_lax_wendroff_nu08_m10,77,0.96250000000000002,-0.70710678118654857,0.34739104483489203,-0.70710678118654646
mode_lax_wendroff_nu08_m10,78,0.97500000000000009,2.9410092598634128e-15,0.33269002447926405,5.6123474630831503e-15
mode_lax_wendroff_nu08_m10,79,0.98750000000000004,0.70710678118654768,0.12310369984992042,0.70710678118654946
wave_upwind_40,0,0,1.25,0.95664182806843057,1.25
wave_upwind_40,1,0.025000000000000001,1.1899425891888746,0.9423549237461748,1.1899425891888744
wave_upwind_40,2,0.050000000000000003,1.0283107648888903,0.88805170083121743,1.0283107648888903
wave_upwind_40,3,0.075000000000000011,0.81375227559463104,0.80276756971691876,0.8137522755946307
wave_upwind_40,4,0.10000000000000001,0.60676274578121059,0.69978208071362613,0.60676274578121037
wave_upwind_40,5,0.125,0.45710678118654757,0.5920217209384917,0.45710678118654735
wave_upwind_40,6,0.15000000000000002,0.38553100369873622,0.48777274899818596,0.38553100369873616
wave_upwind_40,7,0.17500000000000002,0.37673625114580989,0.38832560602598842,0.37673625114581
wave_upwind_40,8,0.20000000000000001,0.38627124296868426,0.28843072590488927,0.38627124296868426
wave_upwind_40,9,0.22500000000000001,0.35868871363396776,0.17936828015506034,0.35868871363396765
wave_upwind_40,10,0.25,0.25000000000000006,0.053433105559719148,0.24999999999999981
wave_upwind_40,11,0.27500000000000002,0.045819783553505716,-0.091906696840591787,0.045819783553505716
wave_upwind_40,12,0.30000000000000004,-0.23176274578121087,-0.25179586421723421,-0.23176274578121087
wave_upwind_40,13,0.32500000000000001,-0.5312447483332835,-0.41459910980454134,-0.53124474833328394
wave_upwind_40,14,0.35000000000000003,-0.79003950088620978,-0.56512810542265002,-0.79003950088621155
wave_upwind_40,15,0.375,-0.95710678118654746,-0.6892856850336988,-0.95710678118654768
wave_upwind_40,16,0.40000000000000002,-1.0112712429686843,-0.77838183605940436,-1.0112712429686843
wave_upwind_40,17,0.42500000000000004,-0.96826077278210454,-0.83149923010673454,-0.96826077278210443
wave_upwind_40,18,0.45000000000000001,-0.87380226770141678,-0.85502822547085033,-0.873802267701417
wave_upwind_40,19,0.47500000000000003,-0.78543409200140091,-0.85956903215813751,-0.78543409200140057
wave_upwind_40,20,0.5,-0.75,-0.85540048302653071,-0.75
wave_upwind_40,21,0.52500000000000002,-0.78543409200140091,-0.84825806250314828,-0.78543409200140091
wave_upwind_40,22,0.55000000000000004,-0.873802267701417,-0.83704112614721771,-0.87380226770141711
wave_upwind_40,23,0.57500000000000007,-0.96826077278210487,-0.81432758733556931,-0.96826077278210498
wave_upwind_40,24,0.60000000000000009,-1.0112712429686843,-0.76949715681514985,-1.0112712429686843
wave_upwind_40,25,0.625,-0.95710678118654768,-0.69326306598039189,-0.95710678118654746
wave_upwind_40,26,0.65000000000000002,-0.79003950088621022,-0.58186961024121286,-0.79003950088620978
wave_upwind_40,27,0.67500000000000004,-0.53124474833328394,-0.43933618070998826,-0.53124474833328272
wave_upwind_40,28,0.70000000000000007,-0.23176274578121087,-0.27687070828623905,-0.23176274578120959
wave_upwind_40,29,0.72500000000000009,0.045819783553507104,-0.10965320405353686,0.045819783553507132
wave_upwind_40,30,0.75,0.24999999999999981,0.047808239482181117,0.25000000000000006
wave_upwind_40,31,0.77500000000000002,0.35868871363396765,0.18600355808361857,0.35868871363396782
wave_upwind_40,32,0.80000000000000004,0.38627124296868426,0.30280643890123388,0.38627124296868426
wave_upwind_40,33,0.82500000000000007,0.37673625114581,0.4030390921858909,0.37673625114580994
wave_upwind_40,34,0.85000000000000009,0.38553100369873644,0.49541302932112607,0.38553100369873639
wave_upwind_40,35,0.875,0.45710678118654735,0.58804433999179806,0.45710678118654757
wave_upwind_40,36,0.90000000000000002,0.60676274578121037,0.68428497481637707,0.6067627457812107
wave_upwind_40,37,0.92500000000000004,0.8137522755946307,0.78048865542273438,0.81375227559463148
wave_upwind_40,38,0.95000000000000007,1.0283107648888903,0.86658824308949989,1.0283107648888909
wave_upwind_40,39,0.97500000000000009,1.1899425891888751,0.92928410825966046,1.1899425891888749
wave_lax_wendroff_40,0,0,1.25,1.1724587633355661,1.25
wave_lax_wendroff_40,1,0.025000000000000001,1.1899425891888746,1.0641609883105072,1.1899425891888744
wave_lax_wendroff_40,2,0.050000000000000003,1.0283107648888903,0.9014935675427167,1.0283107648888903
wave_lax_wendroff_40,3,0.075000000000000011,0.81375227559463104,0.73300807768263765,0.8137522755946307
wave_lax_wendroff_40,4,0.10000000000000001,0.60676274578121059,0.60114286900534664,0.60676274578121037
wave_lax_wendroff_40,5,0.125,0.45710678118654757,0.52655273667307867,0.45710678118654735
wave_lax_wendroff_40,6,0.15000000000000002,0.38553100369873622,0.50095112941356224,0.38553100369873616
wave_lax_wendroff_40,7,0.17500000000000002,0.37673625114580989,0.49118091324909469,0.37673625114581
wave_lax_wendroff_40,8,0.20000000000000001,0.38627124296868426,0.45293649843821104,0.38627124296868426
wave_lax_wendroff_40,9,0.22500000000000001,0.35868871363396776,0.34886991105605186,0.35868871363396765
wave_lax_wendroff_40,10,0.25,0.25000000000000006,0.16413577977210525,0.24999999999999981
wave_lax_wendroff_40,11,0.27500000000000002,0.045819783553505716,-0.086593920123238091,0.045819783553505716
wave_lax_wendroff_40,12,0.30000000000000004,-0.23176274578121087,-0.36335786077909388,-0.23176274578121087
wave_lax_wendroff_40,13,0.32500000000000001,-0.5312447483332835,-0.61479503056073459,-0.53124474833328394
wave_lax_wendroff_40,14,0.35000000000000003,-0.79003950088620978,-0.79642453353257259,-0.79003950088621155
wave_lax_wendroff_40,15,0.375,-0.95710678118654746,-0.88636621244861802,-0.95710678118654768
wave_lax_wendroff_40,16,0.40000000000000002,-1.0112712429686843,-0.89252861255538762,-1.0112712429686843
wave_lax_wendroff_40,17,0.42500000000000004,-0.96826077278210454,-0.84854752562571423,-0.96826077278210443
wave_lax_wendroff_40,18,0.45000000000000001,-0.87380226770141678,-0.80005207687358781,-0.873802267701417
wave_lax_wendroff_40,19,0.47500000000000003,-0.78543409200140091,-0.78652606353789178,-0.78543409200140057
wave_lax_wendroff_40,20,0.5,-0.75,-0.82571037704627881,-0.75
wave_lax_wendroff_40,21,0.52500000000000002,-0.78543409200140091,-0.90651696167414308,-0.78543409200140091
wave_lax_wendroff_40,22,0.55000000000000004,-0.873802267701417,-0.99316856061097292,-0.87380226770141711
wave_lax_wendroff_40,23,0.57500000000000007,-0.96826077278210487,-1.0389853590218516,-0.96826077278210498
wave_lax_wendroff_40,24,0.60000000000000009,-1.0112712429686843,-1.0045495169292278,-1.0112712429686843
wave_lax_wendroff_40,25,0.625,-0.95710678118654768,-0.87330112296236628,-0.95710678118654746
wave_lax_wendroff_40,26,0.65000000000000002,-0.79003950088621022,-0.65859515604992669,-0.79003950088620978
wave_lax_wendroff_40,27,0.67500000000000004,-0.53124474833328394,-0.39950592018083869,-0.53124474833328272
wave_lax_wendroff_40,28,0.70000000000000007,-0.23176274578121087,-0.14695921709899748,-0.23176274578120959
wave_lax_wendroff_40,29,0.72500000000000009,0.045819783553507104,0.054536736867828575,0.045819783553507132
wave_lax_wendroff_40,30,0.75,0.24999999999999981,0.18261260651718192,0.25000000000000006
wave_lax_wendroff_40,31,0.77500000000000002,0.35868871363396765,0.24423794675960239,0.35868871363396782
wave_lax_wendroff_40,32,0.80000000000000004,0.38627124296868426,0.27168286771083788,0.38627124296868426
wave_lax_wendroff_40,33,0.82500000000000007,0.37673625114581,0.30881774922152117,0.37673625114580994
wave_lax_wendroff_40,34,0.85000000000000009,0.38553100369873644,0.39301788560869255,0.38553100369873639
wave_lax_wendroff_40,35,0.875,0.45710678118654735,0.53961782615933129,0.45710678118654757
wave_lax_wendroff_40,36,0.90000000000000002,0.60676274578121037,0.73488458591902384,0.6067627457812107
wave_lax_wendroff_40,37,0.92500000000000004,0.8137522755946307,0.94022251869397044,0.81375227559463148
wave_lax_wendroff_40,38,0.95000000000000007,1.0283107648888903,1.1060293582128011,1.0283107648888909
wave_lax_wendroff_40,39,0.97500000000000009,1.1899425891888751,1.1899327114617724,1.1899425891888749
wave_upwind_80,0,0,1.25,1.0652509779926886,1.25
wave_upwind_80,1,0.012500000000000001,1.2346814628069163,1.0585722527125412,1.2346814628069165
wave_upwind_80,2,0.025000000000000001,1.1899425891888746,1.0353145611915227,1.1899425891888744
wave_upwind_80,3,0.037500000000000006,1.1193162334707949,0.99695406696697508,1.1193162334707951
wave_upwind_80,4,0.050000000000000003,1.0283107648888903,0.94591359668919284,1.0283107648888903
wave_upwind_80,5,0.0625,0.92387953251128674,0.8853336902131983,0.92387953251128585
wave_upwind_80,6,0.075000000000000011,0.81375227559463104,0.81877662341875168,0.8137522755946307
wave_upwind_80,7,0.087500000000000008,0.70569385128097395,0.74989230553118236,0.70569385128097306
wave_upwind_80,8,0.10000000000000001,0.60676274578121059,0.68207866524141458,0.60676274578121037
wave_upwind_80,9,0.1125,0.52264183652624252,0.6181696604894501,0.52264183652624185
wave_upwind_80,10,0.125,0.45710678118654757,0.5601813245415449,0.45710678118654735
wave_upwind_80,11,0.13750000000000001,0.41168391925639514,0.50914056254104878,0.41168391925639541
wave_upwind_80,12,0.15000000000000002,0.38553100369873622,0.46501329595797358,0.38553100369873616
wave_upwind_80,13,0.16250000000000001,0.37555225164283057,0.426738811929461,0.37555225164283057
wave_upwind_80,14,0.17500000000000002,0.37673625114580989,0.39236676392986308,0.37673625114581
wave_upwind_80,15,0.1875,0.38268343236508978,0.35928320868188163,0.38268343236508978
wave_upwind_80,16,0.20000000000000001,0.38627124296868426,0.3245033366935472,0.38627124296868426
wave_upwind_80,17,0.21250000000000002,0.38039167692902365,0.28500201466507741,0.38039167692902354
wave_upwind_80,18,0.22500000000000001,0.35868871363396776,0.23804954741751283,0.35868871363396765
wave_upwind_80,19,0.23750000000000002,0.3162232248016334,0.18151954822742353,0.3162232248016329
wave_upwind_80,20,0.25,0.25000000000000006,0.11413853033788901,0.24999999999999981
wave_upwind_80,21,0.26250000000000001,0.15930503334594354,0.035652532361507568,0.15930503334594379
wave_upwind_80,22,0.27500000000000002,0.045819783553505716,-0.053105791624456666,0.045819783553505716
wave_upwind_80,23,0.28750000000000003,-0.086499050782787384,-0.15025644490234435,-0.086499050782788217
wave_upwind_80,24,0.30000000000000004,-0.23176274578121087,-0.25301413994158561,-0.23176274578121087
wave_upwind_80,25,0.3125,-0.38268343236508967,-0.35791948299878107,-0.38268343236509095
wave_upwind_80,26,0.32500000000000001,-0.5312447483332835,-0.46113691713794447,-0.53124474833328394
wave_upwind_80,27,0.33750000000000002,-0.66944487778906703,-0.55879050977825662,-0.66944487778906814
wave_upwind_80,28,0.35000000000000003,-0.79003950088620978,-0.64730496008318816,-0.79003950088621155
wave_upwind_80,29,0.36250000000000004,-0.8872121774039724,-0.72371868273527629,-0.88721217740397273
wave_upwind_80,30,0.375,-0.95710678118654746,-0.78593854872417024,-0.95710678118654768
wave_upwind_80,31,0.38750000000000001,-0.99817009467381934,-0.83291156411669054,-0.99817009467381923
wave_upwind_80,32,0.40000000000000002,-1.0112712429686843,-0.86469688645332621,-1.0112712429686843
wave_upwind_80,33,0.41250000000000003,-0.99958647742721052,-0.88243132078732833,-0.9995864774272103
wave_upwind_80,34,0.42500000000000004,-0.96826077278210454,-0.88819184988097066,-0.96826077278210443
wave_upwind_80,35,0.4375,-0.92387953251128685,-0.88476881653990214,-0.92387953251128674
wave_upwind_80,36,0.45000000000000001,-0.87380226770141678,-0.87537210551441702,-0.873802267701417
wave_upwind_80,37,0.46250000000000002,-0.82542360732455833,-0.8632992134287818,-0.82542360732455822
wave_upwind_80,38,0.47500000000000003,-0.78543409200140091,-0.85159780764213622,-0.78543409200140057
wave_upwind_80,39,0.48750000000000004,-0.75915320465933944,-0.84275589550955787,-0.75915320465933944
wave_upwind_80,40,0.5,-0.75,-0.83845000335963793,-0.75
wave_upwind_80,41,0.51250000000000007,-0.75915320465933966,-0.83937606621848815,-0.75915320465933978
wave_upwind_80,42,0.52500000000000002,-0.78543409200140091,-0.84517961280013965,-0.78543409200140091
wave_upwind_80,43,0.53749999999999998,-0.82542360732455822,-0.8544920901748928,-0.82542360732455833
wave_upwind_80,44,0.55000000000000004,-0.873802267701417,-0.86506976237577871,-0.87380226770141711
wave_upwind_80,45,0.5625,-0.92387953251128674,-0.87402155615316424,-0.92387953251128685
wave_upwind_80,46,0.57500000000000007,-0.96826077278210487,-0.87810350011016602,-0.96826077278210498
wave_upwind_80,47,0.58750000000000002,-0.99958647742721052,-0.8740508649288341,-0.99958647742721052
wave_upwind_80,48,0.60000000000000009,-1.0112712429686843,-0.85891540248791154,-1.0112712429686843
wave_upwind_80,49,0.61250000000000004,-0.99817009467381923,-0.830374563649108,-0.99817009467381912
wave_upwind_80,50,0.625,-0.95710678118654768,-0.78698229917459694,-0.95710678118654746
wave_upwind_80,51,0.63750000000000007,-0.88721217740397174,-0.72833674903510282,-0.8872121774039714
wave_upwind_80,52,0.65000000000000002,-0.79003950088621022,-0.65514824434935748,-0.79003950088620978
wave_upwind_80,53,0.66250000000000009,-0.66944487778906669,-0.56920078872154378,-0.66944487778906636
wave_upwind_80,54,0.67500000000000004,-0.53124474833328394,-0.47321059824327771,-0.53124474833328272
wave_upwind_80,55,0.6875,-0.38268343236509095,-0.37059534274191669,-0.38268343236508967
wave_upwind_80,56,0.70000000000000007,-0.23176274578121087,-0.26517646000213357,-0.23176274578120959
wave_upwind_80,57,0.71250000000000002,-0.086499050782786635,-0.16084345526742652,-0.086499050782786607
wave_upwind_80,58,0.72500000000000009,0.045819783553507104,-0.061212810171016895,0.045819783553507132
wave_upwind_80,59,0.73750000000000004,0.15930503334594379,0.030685354932233403,0.15930503334594381
wave_upwind_80,60,0.75,0.24999999999999981,0.11266244429516242,0.25000000000000006
wave_upwind_80,61,0.76250000000000007,0.31622322480163356,0.18354365413254636,0.31622322480163367
wave_upwind_80,62,0.77500000000000002,0.35868871363396765,0.24324074001584062,0.35868871363396782
wave_upwind_80,63,0.78750000000000009,0.38039167692902376,0.2927184216944273,0.38039167692902381
wave_upwind_80,64,0.80000000000000004,0.38627124296868426,0.33385797425500047,0.38627124296868426
wave_upwind_80,65,0.8125,0.38268343236508978,0.36923161705881613,0.38268343236508978
wave_upwind_80,66,0.82500000000000007,0.37673625114581,0.4018100404465309,0.37673625114580994
wave_upwind_80,67,0.83750000000000002,0.37555225164283057,0.43463195038060587,0.37555225164283063
wave_upwind_80,68,0.85000000000000009,0.38553100369873644,0.47046822283669221,0.38553100369873639
wave_upwind_80,69,0.86250000000000004,0.41168391925639541,0.51151377957561917,0.41168391925639536
wave_upwind_80,70,0.875,0.45710678118654735,0.55913757409111831,0.45710678118654757
wave_upwind_80,71,0.88750000000000007,0.52264183652624274,0.61371537762263584,0.52264183652624308
wave_upwind_80,72,0.90000000000000002,0.60676274578121037,0.67456193806194142,0.6067627457812107
wave_upwind_80,73,0.91250000000000009,0.70569385128097417,0.73996934399524439,0.70569385128097473
wave_upwind_80,74,0.92500000000000004,0.8137522755946307,0.80734801556755509,0.81375227559463148
wave_upwind_80,75,0.9375,0.92387953251128585,0.87345668247986663,0.92387953251128674
wave_upwind_80,76,0.95000000000000007,1.0283107648888903,0.93469898220582981,1.0283107648888909
wave_upwind_80,77,0.96250000000000002,1.1193162334707951,0.98745777282643199,1.1193162334707951
wave_upwind_80,78,0.97500000000000009,1.1899425891888751,1.0284345448886314,1.1899425891888749
wave_upwind_80,79,0.98750000000000004,1.2346814628069165,1.054960798669214,1.2346814628069165
wave_lax_wendroff_80,0,0,1.25,1.2405171581149932,1.25
wave_lax_wendroff_80,1,0.012500000000000001,1.2346814628069163,1.2145910920785359,1.2346814628069165
wave_lax_wendroff_80,2,0.025000000000000001,1.1899425891888746,1.1611843108712452,1.1899425891888744
wave_lax_wendroff_80,3,0.037500000000000006,1.1193162334707949,1.0846616337478689,1.1193162334707951
wave_lax_wendroff_80,4,0.050000000000000003,1.0283107648888903,0.99109236074254214,1.0283107648888903
wave_lax_wendroff_80,5,0.0625,0.92387953251128674,0.88766492991337598,0.92387953251128585
wave_lax_wendroff_80,6,0.075000000000000011,0.81375227559463104,0.78199541341956702,0.8137522755946307
wave_lax_wendroff_80,7,0.087500000000000008,0.70569385128097395,0.68139746674123292,0.70569385128097306
wave_lax_wendroff_80,8,0.10000000000000001,0.60676274578121059,0.59218509816174192,0.60676274578121037
wave_lax_wendroff_80,9,0.1125,0.52264183652624252,0.51907639311867659,0.52264183652624185
wave_lax_wendroff_80,10,0.125,0.45710678118654757,0.46475642673610029,0.45710678118654735
wave_lax_wendroff_80,11,0.13750000000000001,0.41168391925639514,0.42964199710294204,0.41168391925639541
wave_lax_wendroff_80,12,0.15000000000000002,0.38553100369873622,0.41187103888282828,0.38553100369873616
wave_lax_wendroff_80,13,0.16250000000000001,0.37555225164283057,0.40751756725358124,0.37555225164283057
wave_lax_wendroff_80,14,0.17500000000000002,0.37673625114580989,0.41101091053217509,0.37673625114581
wave_lax_wendroff_80,15,0.1875,0.38268343236508978,0.41571797872054878,0.38268343236508978
wave_lax_wendroff_80,16,0.20000000000000001,0.38627124296868426,0.41463134352303871,0.38627124296868426
wave_lax_wendroff_80,17,0.21250000000000002,0.38039167692902365,0.40109553663472658,0.38039167692902354
wave_lax_wendroff_80,18,0.22500000000000001,0.35868871363396776,0.36950022231630741,0.35868871363396765
wave_lax_wendroff_80,19,0.23750000000000002,0.3162232248016334,0.31587213466789538,0.3162232248016329
wave_lax_wendroff_80,20,0.25,0.25000000000000006,0.23830757303662997,0.24999999999999981
wave_lax_wendroff_80,21,0.26250000000000001,0.15930503334594354,0.13720285130484325,0.15930503334594379
wave_lax_wendroff_80,22,0.27500000000000002,0.045819783553505716,0.015259871174538392,0.045819783553505716
wave_lax_wendroff_80,23,0.28750000000000003,-0.086499050782787384,-0.12273399964257732,-0.086499050782788217
wave_lax_wendroff_80,24,0.30000000000000004,-0.23176274578121087,-0.27033047076200156,-0.23176274578121087
wave_lax_wendroff_80,25,0.3125,-0.38268343236508967,-0.42000800848338216,-0.38268343236509095
wave_lax_wendroff_80,26,0.32500000000000001,-0.5312447483332835,-0.5638653933588117,-0.53124474833328394
wave_lax_wendroff_80,27,0.33750000000000002,-0.66944487778906703,-0.69435352900084435,-0.66944487778906814
wave_lax_wendroff_80,28,0.35000000000000003,-0.79003950088620978,-0.80497412417165481,-0.79003950088621155
wave_lax_wendroff_80,29,0.36250000000000004,-0.8872121774039724,-0.89087710459776726,-0.88721217740397273
wave_lax_wendroff_80,30,0.375,-0.95710678118654746,-0.94929851419285305,-0.95710678118654768
wave_lax_wendroff_80,31,0.38750000000000001,-0.99817009467381934,-0.97979626810670972,-0.99817009467381923
wave_lax_wendroff_80,32,0.40000000000000002,-1.0112712429686843,-0.98426089501672087,-1.0112712429686843
wave_lax_wendroff_80,33,0.41250000000000003,-0.99958647742721052,-0.9667004177023959,-0.9995864774272103
wave_lax_wendroff_80,34,0.42500000000000004,-0.96826077278210454,-0.9328206146291248,-0.96826077278210443
wave_lax_wendroff_80,35,0.4375,-0.92387953251128685,-0.8894419184241259,-0.92387953251128674
wave_lax_wendroff_80,36,0.45000000000000001,-0.87380226770141678,-0.8438101808294064,-0.873802267701417
wave_lax_wendroff_80,37,0.46250000000000002,-0.82542360732455833,-0.80286890445358472,-0.82542360732455822
wave_lax_wendroff_80,38,0.47500000000000003,-0.78543409200140091,-0.77256429436975727,-0.78543409200140057
wave_lax_wendroff_80,39,0.48750000000000004,-0.75915320465933944,-0.75725125009556327,-0.75915320465933944
wave_lax_wendroff_80,40,0.5,-0.75,-0.75925851728741889,-0.75
wave_lax_wendroff_80,41,0.51250000000000007,-0.75915320465933966,-0.77865561790856108,-0.75915320465933978
wave_lax_wendroff_80,42,0.52500000000000002,-0.78543409200140091,-0.81324440491167505,-0.78543409200140091
wave_lax_wendroff_80,43,0.53749999999999998,-0.82542360732455822,-0.8587760782338999,-0.82542360732455833
wave_lax_wendroff_80,44,0.55000000000000004,-0.873802267701417,-0.90937240768508976,-0.87380226770141711
wave_lax_wendroff_80,45,0.5625,-0.92387953251128674,-0.95810989769409705,-0.92387953251128685
wave_lax_wendroff_80,46,0.57500000000000007,-0.96826077278210487,-0.99770965777313303,-0.96826077278210498
wave_lax_wendroff_80,47,0.58750000000000002,-0.99958647742721052,-1.0212653744608,-0.99958647742721052
wave_lax_wendroff_80,48,0.60000000000000009,-1.0112712429686843,-1.0229380304407643,-1.0112712429686843
wave_lax_wendroff_80,49,0.61250000000000004,-0.99817009467381923,-0.9985492517135276,-0.99817009467381912
wave_lax_wendroff_80,50,0.625,-0.95710678118654768,-0.94601506756367393,-0.95710678118654746
wave_lax_wendroff_80,51,0.63750000000000007,-0.88721217740397174,-0.86557747127291695,-0.8872121774039714
wave_lax_wendroff_80,52,0.65000000000000002,-0.79003950088621022,-0.75981094484239875,-0.79003950088620978
wave_lax_wendroff_80,53,0.66250000000000009,-0.66944487778906669,-0.63340312276755106,-0.66944487778906636
wave_lax_wendroff_80,54,0.67500000000000004,-0.53124474833328394,-0.4927308635896277,-0.53124474833328272
wave_lax_wendroff_80,55,0.6875,-0.38268343236509095,-0.34527301093982782,-0.38268343236508967
wave_lax_wendroff_80,56,0.70000000000000007,-0.23176274578121087,-0.19891709916947264,-0.23176274578120959
wave_lax_wendroff_80,57,0.71250000000000002,-0.086499050782786635,-0.061227628915159441,-0.086499050782786607
wave_lax_wendroff_80,58,0.72500000000000009,0.045819783553507104,0.061252709962715007,0.045819783553507132
wave_lax_wendroff_80,59,0.73750000000000004,0.15930503334594379,0.16360072392695593,0.15930503334594381
wave_lax_wendroff_80,60,0.75,0.24999999999999981,0.24295106779094366,0.25000000000000006
wave_lax_wendroff_80,61,0.76250000000000007,0.31622322480163356,0.29873262286513097,0.31622322480163367
wave_lax_wendroff_80,62,0.77500000000000002,0.35868871363396765,0.33268003478503128,0.35868871363396782
wave_lax_wendroff_80,63,0.78750000000000009,0.38039167692902376,0.34861955515654658,0.38039167692902381
wave_lax_wendroff_80,64,0.80000000000000004,0.38627124296868426,0.35205042381945434,0.38627124296868426
wave_lax_wendroff_80,65,0.8125,0.38268343236508978,0.34956304070266198,0.38268343236508978
wave_lax_wendroff_80,66,0.82500000000000007,0.37673625114581,0.34815114900524646,0.37673625114580994
wave_lax_wendroff_80,67,0.83750000000000002,0.37555225164283057,0.35448562128127803,0.37555225164283063
wave_lax_wendroff_80,68,0.85000000000000009,0.38553100369873644,0.37422119189263298,0.38553100369873639
wave_lax_wendroff_80,69,0.86250000000000004,0.41168391925639541,0.41140424600291597,0.41168391925639536
wave_lax_wendroff_80,70,0.875,0.45710678118654735,0.46803987336527886,0.45710678118654757
wave_lax_wendroff_80,71,0.88750000000000007,0.52264183652624274,0.54386079393673437,0.52264183652624308
wave_lax_wendroff_80,72,0.90000000000000002,0.60676274578121037,0.6363209890571504,0.6067627457812107
wave_lax_wendroff_80,73,0.91250000000000009,0.70569385128097417,0.74081486218842596,0.70569385128097473
wave_lax_wendroff_80,74,0.92500000000000004,0.8137522755946307,0.85110066157167197,0.81375227559463148
wave_lax_wendroff_80,75,0.9375,0.92387953251128585,0.95988688620484697,0.92387953251128674
wave_lax_wendroff_80,76,0.95000000000000007,1.0283107648888903,1.0595244251829732,1.0283107648888909
wave_lax_wendroff_80,77,0.96250000000000002,1.1193162334707951,1.1427368121731523,1.1193162334707951
wave_lax_wendroff_80,78,0.97500000000000009,1.1899425891888751,1.2033172266487799,1.1899425891888749
wave_lax_wendroff_80,79,0.98750000000000004,1.2346814628069165,1.2367241086904148,1.2346814628069165
wave_upwind_160,0,0,1.25,1.1440769384849576,1.25
wave_upwind_160,1,0.0062500000000000003,1.2461511213895073,1.1415855112072173,1.2461511213895073
wave_upwind_160,2,0.012500000000000001,1.2346814628069163,1.1334861219046528,1.2346814628069165
wave_upwind_160,3,0.018750000000000003,1.2158200880020182,1.1199263186102479,1.2158200880020178
wave_upwind_160,4,0.025000000000000001,1.1899425891888746,1.101153486943903,1.1899425891888744
wave_upwind_160,5,0.03125,1.1575619756998674,1.0775088920368603,1.157561975699867
wave_upwind_160,6,0.037500000000000006,1.1193162334707949,1.0494194620005803,1.1193162334707951
wave_upwind_160,7,0.043750000000000004,1.0759528613885341,1.0173875149706932,1.0759528613885339
wave_upwind_160,8,0.050000000000000003,1.0283107648888903,0.9819786823111093,1.0283107648888903
wave_upwind_160,9,0.056250000000000001,0.97729995218254184,0.94380832489892719,0.97729995218254118
wave_upwind_160,10,0.0625,0.92387953251128674,0.90352677643585522,0.92387953251128585
wave_upwind_160,11,0.068750000000000006,0.86903455756502346,0.8618037765349057,0.86903455756502357
wave_upwind_160,12,0.075000000000000011,0.81375227559463104,0.8193124762030124,0.8137522755946307
wave_upwind_160,13,0.081250000000000003,0.75899838213791049,0.77671340879181439,0.75899838213790971
wave_upwind_160,14,0.087500000000000008,0.70569385128097395,0.73463882026284488,0.70569385128097306
wave_upwind_160,15,0.09375,0.65469291700590837,0.6936777436908842,0.65469291700590837
wave_upwind_160,16,0.10000000000000001,0.60676274578121059,0.6543621845300539,0.60676274578121037
wave_upwind_160,17,0.10625000000000001,0.56256529983365278,0.61715475574452872,0.56256529983365344
wave_upwind_160,18,0.1125,0.52264183652624252,0.5824380661348687,0.52264183652624185
wave_upwind_160,19,0.11875000000000001,0.48740042428690111,0.55050612195282755,0.48740042428690111
wave_upwind_160,20,0.125,0.45710678118654757,0.52155795225685286,0.45710678118654735
wave_upwind_160,21,0.13125000000000001,0.43187866038415734,0.49569361363977599,0.43187866038415712
wave_upwind_160,22,0.13750000000000001,0.41168391925639514,0.47291267130936743,0.41168391925639541
wave_upwind_160,23,0.14375000000000002,0.39634231826274202,0.45311519246577037,0.39634231826274174
wave_upwind_160,24,0.15000000000000002,0.38553100369873622,0.43610522600035728,0.38553100369873616
wave_upwind_160,25,0.15625,0.37879353772296537,0.42159668126301653,0.37879353772296526
wave_upwind_160,26,0.16250000000000001,0.37555225164283057,0.40922145951822397,0.37555225164283057
wave_upwind_160,27,0.16875000000000001,0.37512361656206822,0.39853963619045918,0.37512361656206827
wave_upwind_160,28,0.17500000000000002,0.37673625114580989,0.38905144145374781,0.37673625114581
wave_upwind_160,29,0.18125000000000002,0.37955112127737034,0.38021074239303521,0.3795511212773704
wave_upwind_160,30,0.1875,0.38268343236508978,0.37143969294826407,0.38268343236508978
wave_upwind_160,31,0.19375000000000001,0.3852256733375507,0.36214418905699358,0.3852256733375507
wave_upwind_160,32,0.20000000000000001,0.38627124296868426,0.35172974654724215,0.38627124296868426
wave_upwind_160,33,0.20625000000000002,0.38493807479996101,0.3396174088881479,0.38493807479996095
wave_upwind_160,34,0.21250000000000002,0.38039167692902365,0.32525929113923452,0.38039167692902354
wave_upwind_160,35,0.21875,0.37186701731276517,0.30815337536847787,0.37186701731276517
wave_upwind_160,36,0.22500000000000001,0.35868871363396776,0.28785719121516956,0.35868871363396765
wave_upwind_160,37,0.23125000000000001,0.34028902850492965,0.26400004270257982,0.34028902850492987
wave_upwind_160,38,0.23750000000000002,0.3162232248016334,0.2362934781822934,0.3162232248016329
wave_upwind_160,39,0.24375000000000002,0.28618190090785289,0.20453974353589713,0.28618190090785306
wave_upwind_160,40,0.25,0.25000000000000006,0.16863800840566698,0.24999999999999981
wave_upwind_160,41,0.25625000000000003,0.20766226938971566,0.12858821005159843,0.20766226938971535
wave_upwind_160,42,0.26250000000000001,0.15930503334594354,0.084492418087578708,0.15930503334594379
wave_upwind_160,43,0.26874999999999999,0.10521423358925443,0.036553684390424147,0.10521423358925311
wave_upwind_160,44,0.27500000000000002,0.045819783553505716,-0.014927595601118483,0.045819783553505716
wave_upwind_160,45,0.28125,-0.018313626719491272,-0.069559722699245444,-0.018313626719492077
wave_upwind_160,46,0.28750000000000003,-0.086499050782787384,-0.12686798826387824,-0.086499050782788217
wave_upwind_160,47,0.29375000000000001,-0.15794282493018746,-0.18630502083282519,-0.15794282493018746
wave_upwind_160,48,0.30000000000000004,-0.23176274578121087,-0.2472629323866353,-0.23176274578121087
wave_upwind_160,49,0.30625000000000002,-0.30700844081743556,-0.30908696722038964,-0.307008440817436
wave_upwind_160,50,0.3125,-0.38268343236508967,-0.3710903193762477,-0.38268343236509095
wave_upwind_160,51,0.31875000000000003,-0.45776835379748609,-0.43256975579433143,-0.45776835379748737
wave_upwind_160,52,0.32500000000000001,-0.5312447483332835,-0.49282166247457204,-0.53124474833328394
wave_upwind_160,53,0.33125000000000004,-0.60211886643184187,-0.55115812049765589,-0.60211886643184231
wave_upwind_160,54,0.33750000000000002,-0.66944487778906703,-0.60692261798639535,-0.66944487778906814
wave_upwind_160,55,0.34375,-0.7323469283162386,-0.65950501301865838,-0.73234692831623904
wave_upwind_160,56,0.35000000000000003,-0.79003950088620978,-0.70835538090958794,-0.79003950088621155
wave_upwind_160,57,0.35625000000000001,-0.84184558035692614,-0.75299640671104395,-0.84184558035692536
wave_upwind_160,58,0.36250000000000004,-0.8872121774039724,-0.7930340195546659,-0.88721217740397273
wave_upwind_160,59,0.36875000000000002,-0.92572283068172623,-0.8281660087107412,-0.92572283068172645
wave_upwind_160,60,0.375,-0.95710678118654746,-0.85818841088341613,-0.95710678118654768
wave_upwind_160,61,0.38125000000000003,-0.98124459458447011,-0.88299951309124214,-0.98124459458447044
wave_upwind_160,62,0.38750000000000001,-0.99817009467381934,-0.90260137414065178,-0.99817009467381923
wave_upwind_160,63,0.39375000000000004,-1.0080685619278369,-0.91709882874441284,-1.0080685619278369
wave_upwind_160,64,0.40000000000000002,-1.0112712429686843,-0.92669600026437715,-1.0112712429686843
wave_upwind_160,65,0.40625,-1.0082463075991821,-0.93169040934317238,-1.0082463075991821
wave_upwind_160,66,0.41250000000000003,-0.99958647742721052,-0.93246482482390947,-0.9995864774272103
wave_upwind_160,67,0.41875000000000001,-0.98599363200768375,-0.92947705888452525,-0.98599363200768386
wave_upwind_160,68,0.42500000000000004,-0.96826077278210454,-0.92324795886685207,-0.96826077278210443
wave_upwind_160,69,0.43125000000000002,-0.94725179008513893,-0.91434789261524363,-0.94725179008513882
wave_upwind_160,70,0.4375,-0.92387953251128685,-0.90338206116399244,-0.92387953251128674
wave_upwind_160,71,0.44375000000000003,-0.89908271966242637,-0.89097500141532338,-0.89908271966242592
wave_upwind_160,72,0.45000000000000001,-0.87380226770141678,-0.87775466132131796,-0.873802267701417
wave_upwind_160,73,0.45625000000000004,-0.84895761151876048,-0.86433644053452929,-0.84895761151876037
wave_upwind_160,74,0.46250000000000002,-0.82542360732455833,-0.85130759026606628,-0.82542360732455822
wave_upwind_160,75,0.46875,-0.80400858510659379,-0.83921235716758813,-0.80400858510659368
wave_upwind_160,76,0.47500000000000003,-0.78543409200140091,-0.82853823765481827,-0.78543409200140057
wave_upwind_160,77,0.48125000000000001,-0.77031682590783435,-0.81970368166796703,-0.77031682590783435
wave_upwind_160,78,0.48750000000000004,-0.75915320465933944,-0.81304754909424637,-0.75915320465933944
wave_upwind_160,79,0.49375000000000002,-0.75230695109193846,-0.80882057884032965,-0.75230695109193846
wave_upwind_160,80,0.5,-0.75,-0.80717908090296397,-0.75
wave_upwind_160,81,0.50624999999999998,-0.75230695109193846,-0.80818100696635642,-0.75230695109193846
wave_upwind_160,82,0.51250000000000007,-0.75915320465933966,-0.81178449640544592,-0.75915320465933978
wave_upwind_160,83,0.51875000000000004,-0.77031682590783435,-0.81784893353896837,-0.77031682590783446
wave_upwind_160,84,0.52500000000000002,-0.78543409200140091,-0.82613849005836903,-0.78543409200140091
wave_upwind_160,85,0.53125,-0.80400858510659368,-0.83632806528283932,-0.80400858510659379
wave_upwind_160,86,0.53749999999999998,-0.82542360732455822,-0.84801147776602948,-0.82542360732455833
wave_upwind_160,87,0.54375000000000007,-0.8489576115187607,-0.86071170626224436,-0.84895761151876081
wave_upwind_160,88,0.55000000000000004,-0.873802267701417,-0.87389292751636205,-0.87380226770141711
wave_upwind_160,89,0.55625000000000002,-0.89908271966242648,-0.88697405401698182,-0.8990827196624267
wave_upwind_160,90,0.5625,-0.92387953251128674,-0.89934343783795678,-0.92387953251128685
wave_upwind_160,91,0.56874999999999998,-0.94725179008513882,-0.91037437790103892,-0.94725179008513893
wave_upwind_160,92,0.57500000000000007,-0.96826077278210487,-0.91944104813095928,-0.96826077278210498
wave_upwind_160,93,0.58125000000000004,-0.98599363200768386,-0.92593445353303072,-0.98599363200768397
wave_upwind_160,94,0.58750000000000002,-0.99958647742721052,-0.92927802045954777,-0.99958647742721052
wave_upwind_160,95,0.59375,-1.0082463075991821,-0.9289424362637605,-1.0082463075991821
wave_upwind_160,96,0.60000000000000009,-1.0112712429686843,-0.92445937194920957,-1.0112712429686843
wave_upwind_160,97,0.60625000000000007,-1.0080685619278369,-0.9154337488545321,-1.0080685619278369
wave_upwind_160,98,0.61250000000000004,-0.99817009467381923,-0.90155424619412838,-0.99817009467381912
wave_upwind_160,99,0.61875000000000002,-0.98124459458446989,-0.88260178952240287,-0.98124459458446978
wave_upwind_160,100,0.625,-0.95710678118654768,-0.85845580983884984,-0.95710678118654746
wave_upwind_160,101,0.63125000000000009,-0.92572283068172567,-0.82909811788063981,-0.92572283068172556
wave_upwind_160,102,0.63750000000000007,-0.88721217740397174,-0.7946142968085772,-0.8872121774039714
wave_upwind_160,103,0.64375000000000004,-0.84184558035692536,-0.75519257753705238,-0.84184558035692558
wave_upwind_160,104,0.65000000000000002,-0.79003950088621022,-0.71112022288589349,-0.79003950088620978
wave_upwind_160,105,0.65625,-0.73234692831623904,-0.66277750801703905,-0.7323469283162386
wave_upwind_160,106,0.66250000000000009,-0.66944487778906669,-0.61062944375277572,-0.66944487778906636
wave_upwind_160,107,0.66875000000000007,-0.60211886643184076,-0.55521544489890884,-0.60211886643184109
wave_upwind_160,108,0.67500000000000004,-0.53124474833328394,-0.49713719624849589,-0.53124474833328272
wave_upwind_160,109,0.68125000000000002,-0.45776835379748571,-0.43704501327498102,-0.45776835379748521
wave_upwind_160,110,0.6875,-0.38268343236509095,-0.37562303154616333,-0.38268343236508967
wave_upwind_160,111,0.69375000000000009,-0.30700844081743428,-0.31357358769086108,-0.30700844081743384
wave_upwind_160,112,0.70000000000000007,-0.23176274578121087,-0.25160117461929621,-0.23176274578120959
wave_upwind_160,113,0.70625000000000004,-0.15794282493018746,-0.1903963641469327,-0.15794282493018702
wave_upwind_160,114,0.71250000000000002,-0.086499050782786635,-0.13062009094253302,-0.086499050782786607
wave_upwind_160,115,0.71875,-0.018313626719492077,-0.072888682795603302,-0.018313626719491272
wave_upwind_160,116,0.72500000000000009,0.045819783553507104,-0.017760003796015597,0.045819783553507132
wave_upwind_160,117,0.73125000000000007,0.10521423358925437,0.034278950407421786,0.10521423358925507
wave_upwind_160,118,0.73750000000000004,0.15930503334594379,0.082822701876964666,0.15930503334594381
wave_upwind_160,119,0.74375000000000002,0.20766226938971535,0.12755592403367677,0.20766226938971616
wave_upwind_160,120,0.75,0.24999999999999981,0.16825984917632886,0.25000000000000006
wave_upwind_160,121,0.75625000000000009,0.28618190090785306,0.20481629418926467,0.28618190090785367
wave_upwind_160,122,0.76250000000000007,0.31622322480163356,0.23720920741163065,0.31622322480163367
wave_upwind_160,123,0.76875000000000004,0.34028902850492987,0.26552370068085784,0.34028902850492976
wave_upwind_160,124,0.77500000000000002,0.35868871363396765,0.28994259248665499,0.35868871363396782
wave_upwind_160,125,0.78125,0.37186701731276517,0.31074054945326862,0.37186701731276517
wave_upwind_160,126,0.78750000000000009,0.38039167692902376,0.32827597249843082,0.38039167692902381
wave_upwind_160,127,0.79375000000000007,0.38493807479996101,0.34298082954127579,0.38493807479996095
wave_upwind_160,128,0.80000000000000004,0.38627124296868426,0.35534868718138446,0.38627124296868426
wave_upwind_160,129,0.80625000000000002,0.3852256733375507,0.36592123810233645,0.3852256733375507
wave_upwind_160,130,0.8125,0.38268343236508978,0.37527365797414791,0.38268343236508978
wave_upwind_160,131,0.81875000000000009,0.37955112127737034,0.38399915442819982,0.37955112127737034
wave_upwind_160,132,0.82500000000000007,0.37673625114581,0.39269309054662682,0.37673625114580994
wave_upwind_160,133,0.83125000000000004,0.37512361656206827,0.40193707575644144,0.37512361656206827
wave_upwind_160,134,0.83750000000000002,0.37555225164283057,0.41228341778969463,0.37555225164283063
wave_upwind_160,135,0.84375,0.37879353772296526,0.42424032044578441,0.37879353772296537
wave_upwind_160,136,0.85000000000000009,0.38553100369873644,0.43825819349043432,0.38553100369873639
wave_upwind_160,137,0.85625000000000007,0.39634231826274202,0.45471741360104245,0.39634231826274224
wave_upwind_160,138,0.86250000000000004,0.41168391925639541,0.47391783949540767,0.41168391925639536
wave_upwind_160,139,0.86875000000000002,0.43187866038415712,0.49607034114116672,0.43187866038415745
wave_upwind_160,140,0.875,0.45710678118654735,0.52129055330141949,0.45710678118654757
wave_upwind_160,141,0.88125000000000009,0.48740042428690111,0.54959500885037815,0.48740042428690156
wave_upwind_160,142,0.88750000000000007,0.52264183652624274,0.58089974864144134,0.52264183652624308
wave_upwind_160,143,0.89375000000000004,0.56256529983365344,0.61502144367312961,0.56256529983365333
wave_upwind_160,144,0.90000000000000002,0.60676274578121037,0.65168100337883927,0.6067627457812107
wave_upwind_160,145,0.90625,0.65469291700590837,0.69050958258914807,0.65469291700590837
wave_upwind_160,146,0.91250000000000009,0.70569385128097417,0.73105684058935594,0.70569385128097473
wave_upwind_160,147,0.91875000000000007,0.75899838213791093,0.77280125017607393,0.75899838213791104
wave_upwind_160,148,0.92500000000000004,0.8137522755946307,0.81516220407210238,0.81375227559463148
wave_upwind_160,149,0.93125000000000002,0.86903455756502357,0.85751362173329637,0.86903455756502379
wave_upwind_160,150,0.9375,0.92387953251128585,0.8991987225660919,0.92387953251128674
wave_upwind_160,151,0.94375000000000009,0.9772999521825424,0.93954560278145482,0.97729995218254262
wave_upwind_160,152,0.95000000000000007,1.0283107648888903,0.97788323324926274,1.0283107648888909
wave_upwind_160,153,0.95625000000000004,1.0759528613885339,1.0135574852757434,1.0759528613885343
wave_upwind_160,154,0.96250000000000002,1.1193162334707951,1.0459467904627662,1.1193162334707951
wave_upwind_160,155,0.96875,1.157561975699867,1.0744770497404608,1.1575619756998674
wave_upwind_160,156,0.97500000000000009,1.1899425891888751,1.0986354250739703,1.1899425891888749
wave_upwind_160,157,0.98125000000000007,1.2158200880020182,1.1179826747779666,1.2158200880020185
wave_upwind_160,158,0.98750000000000004,1.2346814628069165,1.1321637291535023,1.2346814628069165
wave_upwind_160,159,0.99375000000000002,1.2461511213895073,1.1409162464099012,1.2461511213895073
wave_lax_wendroff_160,0,0,1.25,1.2489441767178879,1.25
wave_lax_wendroff_160,1,0.0062500000000000003,1.2461511213895073,1.2436442037930702,1.2461511213895073
wave_lax_wendroff_160,2,0.012500000000000001,1.2346814628069163,1.2307843331725064,1.2346814628069165
wave_lax_wendroff_160,3,0.018750000000000003,1.2158200880020182,1.2106273351770775,1.2158200880020178
wave_lax_wendroff_160,4,0.025000000000000001,1.1899425891888746,1.1835801816152143,1.1899425891888744
wave_lax_wendroff_160,5,0.03125,1.1575619756998674,1.1501841625735418,1.157561975699867
wave_lax_wendroff_160,6,0.037500000000000006,1.1193162334707949,1.1111017503377907,1.1193162334707951
wave_lax_wendroff_160,7,0.043750000000000004,1.0759528613885341,1.0671005336013641,1.0759528613885339
wave_lax_wendroff_160,8,0.050000000000000003,1.0283107648888903,1.0190346171746134,1.0283107648888903
wave_lax_wendroff_160,9,0.056250000000000001,0.97729995218254184,0.96782394473268751,0.97729995218254118
wave_lax_wendroff_160,10,0.0625,0.92387953251128674,0.91443205319923637,0.92387953251128585
wave_lax_wendroff_160,11,0.068750000000000006,0.86903455756502346,0.85984280590015283,0.86903455756502357
wave_lax_wendroff_160,12,0.075000000000000011,0.81375227559463104,0.80503667668715084,0.8137522755946307
wave_lax_wendroff_160,13,0.081250000000000003,0.75899838213791049,0.75096716820822484,0.75899838213790971
wave_lax_wendroff_160,14,0.087500000000000008,0.70569385128097395,0.69853794412073289,0.70569385128097306
wave_lax_wendroff_160,15,0.09375,0.65469291700590837,0.64858123738639317,0.65469291700590837
wave_lax_wendroff_160,16,0.10000000000000001,0.60676274578121059,0.60183806529073958,0.60676274578121037
wave_lax_wendroff_160,17,0.10625000000000001,0.56256529983365278,0.5589407372682228,0.56256529983365344
wave_lax_wendroff_160,18,0.1125,0.52264183652624252,0.52039808508554719,0.52264183652624185
wave_lax_wendroff_160,19,0.11875000000000001,0.48740042428690111,0.48658377783200379,0.48740042428690111
wave_lax_wendroff_160,20,0.125,0.45710678118654757,0.45772800813894926,0.45710678118654735
wave_lax_wendroff_160,21,0.13125000000000001,0.43187866038415734,0.43391275297331683,0.43187866038415712
wave_lax_wendroff_160,22,0.13750000000000001,0.41168391925639514,0.41507072426784969,0.41168391925639541
wave_lax_wendroff_160,23,0.14375000000000002,0.39634231826274202,0.40098803373262926,0.39634231826274174
wave_lax_wendroff_160,24,0.15000000000000002,0.38553100369873622,0.39131050467719641,0.38553100369873616
wave_lax_wendroff_160,25,0.15625,0.37879353772296537,0.38555347381366439,0.37879353772296526
wave_lax_wendroff_160,26,0.16250000000000001,0.37555225164283057,0.38311484002138618,0.37555225164283057
wave_lax_wendroff_160,27,0.16875000000000001,0.37512361656206822,0.38329103705042855,0.37512361656206827
wave_lax_wendroff_160,28,0.17500000000000002,0.37673625114580989,0.3852955350943284,0.37673625114581
wave_lax_wendroff_160,29,0.18125000000000002,0.37955112127737034,0.38827941384648451,0.3795511212773704
wave_lax_wendroff_160,30,0.1875,0.38268343236508978,0.39135349860356888,0.38268343236508978
wave_lax_wendroff_160,31,0.19375000000000001,0.3852256733375507,0.39361151245063047,0.3852256733375507
wave_lax_wendroff_160,32,0.20000000000000001,0.38627124296868426,0.39415367250489475,0.38627124296868426
wave_lax_wendroff_160,33,0.20625000000000002,0.38493807479996101,0.39211014722567955,0.38493807479996095
wave_lax_wendroff_160,34,0.21250000000000002,0.38039167692902365,0.38666379518652794,0.38039167692902354
wave_lax_wendroff_160,35,0.21875,0.37186701731276517,0.37707162336920325,0.37186701731276517
wave_lax_wendroff_160,36,0.22500000000000001,0.35868871363396776,0.36268443454270977,0.35868871363396765
wave_lax_wendroff_160,37,0.23125000000000001,0.34028902850492965,0.34296417785832156,0.34028902850492987
wave_lax_wendroff_160,38,0.23750000000000002,0.3162232248016334,0.31749857332633918,0.3162232248016329
wave_lax_wendroff_160,39,0.24375000000000002,0.28618190090785289,0.28601264794991493,0.28618190090785306
wave_lax_wendroff_160,40,0.25,0.25000000000000006,0.24837689732335205,0.24999999999999981
wave_lax_wendroff_160,41,0.25625000000000003,0.20766226938971566,0.20461186958464869,0.20766226938971535
wave_lax_wendroff_160,42,0.26250000000000001,0.15930503334594354,0.1548890566989834,0.15930503334594379
wave_lax_wendroff_160,43,0.26874999999999999,0.10521423358925443,0.099528068972329659,0.10521423358925311
wave_lax_wendroff_160,44,0.27500000000000002,0.045819783553505716,0.038990160213648033,0.045819783553505716
wave_lax_wendroff_160,45,0.28125,-0.018313626719491272,-0.026131739173381654,-0.018313626719492077
wave_lax_wendroff_160,46,0.28750000000000003,-0.086499050782787384,-0.095126237895073476,-0.086499050782788217
wave_lax_wendroff_160,47,0.29375000000000001,-0.15794282493018746,-0.1671796249887344,-0.15794282493018746
wave_lax_wendroff_160,48,0.30000000000000004,-0.23176274578121087,-0.24139454123058424,-0.23176274578121087
wave_lax_wendroff_160,49,0.30625000000000002,-0.30700844081743556,-0.31681072308307628,-0.307008440817436
wave_lax_wendroff_160,50,0.3125,-0.38268343236508967,-0.39242731048149992,-0.38268343236509095
wave_lax_wendroff_160,51,0.31875000000000003,-0.45776835379748609,-0.46722617122981647,-0.45776835379748737
wave_lax_wendroff_160,52,0.32500000000000001,-0.5312447483332835,-0.54019566971719513,-0.53124474833328394
wave_lax_wendroff_160,53,0.33125000000000004,-0.60211886643184187,-0.6103542966967278,-0.60211886643184231
wave_lax_wendroff_160,54,0.33750000000000002,-0.66944487778906703,-0.67677358025649115,-0.66944487778906814
wave_lax_wendroff_160,55,0.34375,-0.7323469283162386,-0.73859971577708006,-0.73234692831623904
wave_lax_wendroff_160,56,0.35000000000000003,-0.79003950088620978,-0.79507338417408613,-0.79003950088621155
wave_lax_wendroff_160,57,0.35625000000000001,-0.84184558035692614,-0.8455472722930425,-0.84184558035692536
wave_lax_wendroff_160,58,0.36250000000000004,-0.8872121774039724,-0.88950086586073562,-0.88721217740397273
wave_lax_wendroff_160,59,0.36875000000000002,-0.92572283068172623,-0.92655215250845191,-0.92572283068172645
wave_lax_wendroff_160,60,0.375,-0.95710678118654746,-0.95646594841722954,-0.95710678118654768
wave_lax_wendroff_160,61,0.38125000000000003,-0.98124459458447011,-0.97915864522039819,-0.98124459458447044
wave_lax_wendroff_160,62,0.38750000000000001,-0.99817009467381934,-0.99469926188884494,-0.99817009467381923
wave_lax_wendroff_160,63,0.39375000000000004,-1.0080685619278369,-1.0033067772505582,-1.0080685619278369
wave_lax_wendroff_160,64,0.40000000000000002,-1.0112712429686843,-1.0053438103192662,-1.0112712429686843
wave_lax_wendroff_160,65,0.40625,-1.0082463075991821,-1.0013068054738732,-1.0082463075991821
wave_lax_wendroff_160,66,0.41250000000000003,-0.99958647742721052,-0.99181296552820297,-0.9995864774272103
wave_lax_wendroff_160,67,0.41875000000000001,-0.98599363200768375,-0.97758425574181029,-0.98599363200768386
wave_lax_wendroff_160,68,0.42500000000000004,-0.96826077278210454,-0.95942887387728304,-0.96826077278210443
wave_lax_wendroff_160,69,0.43125000000000002,-0.94725179008513893,-0.93822064373343461,-0.94725179008513882
wave_lax_wendroff_160,70,0.4375,-0.92387953251128685,-0.91487684064251229,-0.92387953251128674
wave_lax_wendroff_160,71,0.44375000000000003,-0.89908271966242637,-0.89033499595595889,-0.89908271966242592
wave_lax_wendroff_160,72,0.45000000000000001,-0.87380226770141678,-0.86552925260853919,-0.873802267701417
wave_lax_wendroff_160,73,0.45625000000000004,-0.84895761151876048,-0.84136685482771389,-0.84895761151876037
wave_lax_wendroff_160,74,0.46250000000000002,-0.82542360732455833,-0.81870535167385505,-0.82542360732455822
wave_lax_wendroff_160,75,0.46875,-0.80400858510659379,-0.79833107644060919,-0.80400858510659368
wave_lax_wendroff_160,76,0.47500000000000003,-0.78543409200140091,-0.78093943244831254,-0.78543409200140057
wave_lax_wendroff_160,77,0.48125000000000001,-0.77031682590783435,-0.76711747120252216,-0.77031682590783435
wave_lax_wendroff_160,78,0.48750000000000004,-0.75915320465933944,-0.75732919236179697,-0.75915320465933944
wave_lax_wendroff_160,79,0.49375000000000002,-0.75230695109193846,-0.75190392785589277,-0.75230695109193846
wave_lax_wendroff_160,80,0.5,-0.75,-0.75102809646992874,-0.75
wave_lax_wendroff_160,81,0.50624999999999998,-0.75230695109193846,-0.75474053213399506,-0.75230695109193846
wave_lax_wendroff_160,82,0.51250000000000007,-0.75915320465933966,-0.7629315010768225,-0.75915320465933978
wave_lax_wendroff_160,83,0.51875000000000004,-0.77031682590783435,-0.77534543208550888,-0.77031682590783446
wave_lax_wendroff_160,84,0.52500000000000002,-0.78543409200140091,-0.7915872925996883,-0.78543409200140091
wave_lax_wendroff_160,85,0.53125,-0.80400858510659368,-0.81113245351143271,-0.80400858510659379
wave_lax_wendroff_160,86,0.53749999999999998,-0.82542360732455822,-0.8333397995543167,-0.82542360732455833
wave_lax_wendroff_160,87,0.54375000000000007,-0.8489576115187607,-0.85746776216387754,-0.84895761151876081
wave_lax_wendroff_160,88,0.55000000000000004,-0.873802267701417,-0.88269287964718535,-0.87380226770141711
wave_lax_wendroff_160,89,0.55625000000000002,-0.89908271966242648,-0.90813042718552739,-0.8990827196624267
wave_lax_wendroff_160,90,0.5625,-0.92387953251128674,-0.9328566081457822,-0.92387953251128685
wave_lax_wendroff_160,91,0.56874999999999998,-0.94725179008513882,-0.95593175965002841,-0.94725179008513893
wave_lax_wendroff_160,92,0.57500000000000007,-0.96826077278210487,-0.97642400029808052,-0.96826077278210498
wave_lax_wendroff_160,93,0.58125000000000004,-0.98599363200768386,-0.99343273697099088,-0.98599363200768397
wave_lax_wendroff_160,94,0.58750000000000002,-0.99958647742721052,-1.0061114510353082,-0.99958647742721052
wave_lax_wendroff_160,95,0.59375,-1.0082463075991821,-1.013689201934596,-1.0082463075991821
wave_lax_wendroff_160,96,0.60000000000000009,-1.0112712429686843,-1.0154903176615298,-1.0112712429686843
wave_lax_wendroff_160,97,0.60625000000000007,-1.0080685619278369,-1.0109517861751136,-1.0080685619278369
wave_lax_wendroff_160,98,0.61250000000000004,-0.99817009467381923,-0.99963791836578608,-0.99817009467381912
wave_lax_wendroff_160,99,0.61875000000000002,-0.98124459458446989,-0.9812519202844121,-0.98124459458446978
wave_lax_wendroff_160,100,0.625,-0.95710678118654768,-0.95564408838690718,-0.95710678118654746
wave_lax_wendroff_160,101,0.63125000000000009,-0.92572283068172567,-0.92281642463239044,-0.92572283068172556
wave_lax_wendroff_160,102,0.63750000000000007,-0.88721217740397174,-0.88292355636353281,-0.8872121774039714
wave_lax_wendroff_160,103,0.64375000000000004,-0.84184558035692536,-0.83626993682419748,-0.84184558035692558
wave_lax_wendroff_160,104,0.65000000000000002,-0.79003950088621022,-0.7833033936927225,-0.79003950088620978
wave_lax_wendroff_160,105,0.65625,-0.73234692831623904,-0.72460518287577402,-0.7323469283162386
wave_lax_wendroff_160,106,0.66250000000000009,-0.66944487778906669,-0.66087679080486139,-0.66944487778906636
wave_lax_wendroff_160,107,0.66875000000000007,-0.60211886643184076,-0.5929238084879167,-0.60211886643184109
wave_lax_wendroff_160,108,0.67500000000000004,-0.53124474833328394,-0.52163727262175807,-0.53124474833328272
wave_lax_wendroff_160,109,0.68125000000000002,-0.45776835379748571,-0.4479729313936458,-0.45776835379748521
wave_lax_wendroff_160,110,0.6875,-0.38268343236509095,-0.37292894365702417,-0.38268343236508967
wave_lax_wendroff_160,111,0.69375000000000009,-0.30700844081743428,-0.29752255870075595,-0.30700844081743384
wave_lax_wendroff_160,112,0.70000000000000007,-0.23176274578121087,-0.22276634889396646,-0.23176274578120959
wave_lax_wendroff_160,113,0.70625000000000004,-0.15794282493018746,-0.14964457846291473,-0.15794282493018702
wave_lax_wendroff_160,114,0.71250000000000002,-0.086499050782786635,-0.079090288271953385,-0.086499050782786607
wave_lax_wendroff_160,115,0.71875,-0.018313626719492077,-0.011963658821001453,-0.018313626719491272
wave_lax_wendroff_160,116,0.72500000000000009,0.045819783553507104,0.050967817828079284,0.045819783553507132
wave_lax_wendroff_160,117,0.73125000000000007,0.10521423358925437,0.10904687104856819,0.10521423358925507
wave_lax_wendroff_160,118,0.73750000000000004,0.15930503334594379,0.16174125995389901,0.15930503334594381
wave_lax_wendroff_160,119,0.74375000000000002,0.20766226938971535,0.20865549450249307,0.20766226938971616
wave_lax_wendroff_160,120,0.75,0.24999999999999981,0.24953918292460597,0.25000000000000006
wave_lax_wendroff_160,121,0.75625000000000009,0.28618190090785306,0.28429180207442534,0.28618190090785367
wave_lax_wendroff_160,122,0.76250000000000007,0.31622322480163356,0.31296377539670023,0.31622322480163367
wave_lax_wendroff_160,123,0.76875000000000004,0.34028902850492987,0.33575383411923893,0.34028902850492976
wave_lax_wendroff_160,124,0.77500000000000002,0.35868871363396765,0.35300272880187833,0.35868871363396782
wave_lax_wendroff_160,125,0.78125,0.37186701731276517,0.36518344823549154,0.37186701731276517
wave_lax_wendroff_160,126,0.78750000000000009,0.38039167692902376,0.37288818867854873,0.38039167692902381
wave_lax_wendroff_160,127,0.79375000000000007,0.38493807479996101,0.37681239642622255,0.38493807479996095
wave_lax_wendroff_160,128,0.80000000000000004,0.38627124296868426,0.37773627875801385,0.38627124296868426
wave_lax_wendroff_160,129,0.80625000000000002,0.3852256733375507,0.37650424063023752,0.3852256733375507
wave_lax_wendroff_160,130,0.8125,0.38268343236508978,0.37400275553495499,0.38268343236508978
wave_lax_wendroff_160,131,0.81875000000000009,0.37955112127737034,0.37113721747994149,0.37955112127737034
wave_lax_wendroff_160,132,0.82500000000000007,0.37673625114581,0.36880834610626606,0.37673625114580994
wave_lax_wendroff_160,133,0.83125000000000004,0.37512361656206827,0.3678887279339621,0.37512361656206827
wave_lax_wendroff_160,134,0.83750000000000002,0.37555225164283057,0.36920007334191562,0.37555225164283063
wave_lax_wendroff_160,135,0.84375,0.37879353772296526,0.37349175122887757,0.37879353772296537
wave_lax_wendroff_160,136,0.85000000000000009,0.38553100369873644,0.38142113180329662,0.38553100369873639
wave_lax_wendroff_160,137,0.85625000000000007,0.39634231826274202,0.39353622338615224,0.39634231826274224
wave_lax_wendroff_160,138,0.86250000000000004,0.41168391925639541,0.41026103258049712,0.41168391925639536
wave_lax_wendroff_160,139,0.86875000000000002,0.43187866038415712,0.43188401005604393,0.43187866038415745
wave_lax_wendroff_160,140,0.875,0.45710678118654735,0.4585498681692719,0.45710678118654757
wave_lax_wendroff_160,141,0.88125000000000009,0.48740042428690111,0.49025497356132464,0.48740042428690156
wave_lax_wendroff_160,142,0.88750000000000007,0.52264183652624274,0.52684642979316165,0.52264183652624308
wave_lax_wendroff_160,143,0.89375000000000004,0.56256529983365344,0.56802487415899006,0.56256529983365333
wave_lax_wendroff_160,144,0.90000000000000002,0.60676274578121037,0.61335092130374036,0.6067627457812107
wave_lax_wendroff_160,145,0.90625,0.65469291700590837,0.66225509641176405,0.65469291700590837
wave_lax_wendroff_160,146,0.91250000000000009,0.70569385128097417,0.71405101474472921,0.70569385128097473
wave_lax_wendroff_160,147,0.91875000000000007,0.75899838213791093,0.76795148430432358,0.75899838213791104
wave_lax_wendroff_160,148,0.92500000000000004,0.8137522755946307,0.8230871363498552,0.81375227559463148
wave_lax_wendroff_160,149,0.93125000000000002,0.86903455756502357,0.87852712618627538,0.86903455756502379
wave_lax_wendroff_160,150,0.9375,0.92387953251128585,0.93330139558905856,0.92387953251128674
wave_lax_wendroff_160,151,0.94375000000000009,0.9772999521825424,0.98642394970583414,0.97729995218254262
wave_lax_wendroff_160,152,0.95000000000000007,1.0283107648888903,1.0369165762194672,1.0283107648888909
wave_lax_wendroff_160,153,0.95625000000000004,1.0759528613885339,1.0838324235904782,1.0759528613885343
wave_lax_wendroff_160,154,0.96250000000000002,1.1193162334707951,1.1262788585884291,1.1193162334707951
wave_lax_wendroff_160,155,0.96875,1.157561975699867,1.1634390409888107,1.1575619756998674
wave_lax_wendroff_160,156,0.97500000000000009,1.1899425891888751,1.1945916848191021,1.1899425891888749
wave_lax_wendroff_160,157,0.98125000000000007,1.2158200880020182,1.2191285201094122,1.2158200880020185
wave_lax_wendroff_160,158,0.98750000000000004,1.2346814628069165,1.2365690256420354,1.2346814628069165
wave_lax_wendroff_160,159,0.99375000000000002,1.2461511213895073,1.2465720703083014,1.2461511213895073
wave_upwind_320,0,0,1.25,1.192955826226469,1.25
wave_upwind_320,1,0.0031250000000000002,1.2490365739153468,1.1921836920898234,1.2490365739153468
wave_upwind_320,2,0.0062500000000000003,1.2461511213895073,1.189769200063175,1.2461511213895073
wave_upwind_320,3,0.0093750000000000014,1.241358090284135,1.1857239407843048,1.2413580902841348
wave_upwind_320,4,0.012500000000000001,1.2346814628069163,1.1800673598986524,1.2346814628069165
wave_upwind_320,5,0.015625,1.2261546098000187,1.1728266402887635,1.2261546098000187
wave_upwind_320,6,0.018750000000000003,1.2158200880020182,1.1640365374481234,1.2158200880020178
wave_upwind_320,7,0.021875000000000002,1.2037293815321002,1.1537391690132051,1.2037293815321002
wave_upwind_320,8,0.025000000000000001,1.1899425891888746,1.1419837597498652,1.1899425891888744
wave_upwind_320,9,0.028125000000000001,1.1745280594898992,1.1288263435645434,1.174528059489899
wave_upwind_320,10,0.03125,1.1575619756998674,1.114329424375337,1.157561975699867
wave_upwind_320,11,0.034375000000000003,1.1391278934034184,1.0985615979313561,1.1391278934034177
wave_upwind_320,12,0.037500000000000006,1.1193162334707949,1.0815971369092006,1.1193162334707951
wave_upwind_320,13,0.040625000000000001,1.0982237335392471,1.0635155418414852,1.0982237335392462
wave_upwind_320,14,0.043750000000000004,1.0759528613885341,1.0444010606426823,1.0759528613885339
wave_upwind_320,15,0.046875,1.0526111938234812,1.0243421796908339,1.0526111938234812
wave_upwind_320,16,0.050000000000000003,1.0283107648888903,1.0034310895987346,1.0283107648888903
wave_upwind_320,17,0.053125000000000006,1.0031673874308544,0.98176312896392592,1.003167387430854
wave_upwind_320,18,0.056250000000000001,0.97729995218254184,0.95943620952228181,0.97729995218254118
wave_upwind_320,19,0.059375000000000004,0.95082970869076477,0.93655022624431805,0.95082970869076522
wave_upwind_320,20,0.0625,0.92387953251128674,0.91320645600587547,0.92387953251128585
wave_upwind_320,21,0.065625000000000003,0.89657318318517476,0.88950694853495804,0.89657318318517365
wave_upwind_320,22,0.068750000000000006,0.86903455756502346,0.86555391338382337,0.86903455756502357
wave_upwind_320,23,0.071875000000000008,0.84138694308824502,0.84144910669962314,0.84138694308824491
wave_upwind_320,24,0.075000000000000011,0.81375227559463104,0.81729322156783235,0.8137522755946307
wave_upwind_320,25,0.078125,0.78625040625708265,0.79318528568037538,0.78625040625708209
wave_upwind_320,26,0.081250000000000003,0.75899838213791049,0.76922207003490406,0.75899838213790971
wave_upwind_320,27,0.084375000000000006,0.73210974479880464,0.74549751230337713,0.73210974479880497
wave_upwind_320,28,0.087500000000000008,0.70569385128097395,0.72210215841735648,0.70569385128097306
wave_upwind_320,29,0.090625000000000011,0.67985522163374057,0.69912262580483731,0.67985522163374079
wave_upwind_320,30,0.09375,0.65469291700590837,0.67664109157965158,0.65469291700590837
wave_upwind_320,31,0.096875000000000003,0.63029995212550582,0.65473480883036572,0.63029995212550571
wave_upwind_320,32,0.10000000000000001,0.60676274578121059,0.63347565398206684,0.60676274578121037
wave_upwind_320,33,0.10312500000000001,0.58416061268418407,0.61292970801258617,0.58416061268418362
wave_upwind_320,34,0.10625000000000001,0.56256529983365278,0.59315687409570872,0.56256529983365344
wave_upwind_320,35,0.109375,0.54204057023491536,0.57421053401906763,0.5420405702349147
wave_upwind_320,36,0.1125,0.52264183652624252,0.5561372454850978,0.52264183652624185
wave_upwind_320,37,0.11562500000000001,0.50441584676317763,0.53897648215110394,0.50441584676317774
wave_upwind_320,38,0.11875000000000001,0.48740042428690111,0.52276041800074147,0.48740042428690111
wave_upwind_320,39,0.12187500000000001,0.47162426326963669,0.50751375736563842,0.47162426326963669
wave_upwind_320,40,0.125,0.45710678118654757,0.49325361163418707,0.45710678118654735
wave_upwind_320,41,0.12812500000000002,0.44385802911235384,0.47998942339645012,0.44385802911235367
wave_upwind_320,42,0.13125000000000001,0.43187866038415734,0.4677229384814261,0.43187866038415712
wave_upwind_320,43,0.13437499999999999,0.42115995781186255,0.45644822604740931,0.42115995781186227
wave_upwind_320,44,0.13750000000000001,0.41168391925639514,0.44615174658968471,0.41168391925639541
wave_upwind_320,45,0.140625,0.40342340103582375,0.43681246743414931,0.40342340103582386
wave_upwind_320,46,0.14375000000000002,0.39634231826274202,0.42840202499245639,0.39634231826274174
wave_upwind_320,47,0.14687500000000001,0.39039590086504838,0.42088493276576733,0.39039590086504827
wave_upwind_320,48,0.15000000000000002,0.38553100369873622,0.41421883380192337,0.38553100369873616
wave_upwind_320,49,0.15312500000000001,0.3816864688276046,0.40835479603657643,0.38168646882760449
wave_upwind_320,50,0.15625,0.37879353772296537,0.40323764868421735,0.37879353772296526
wave_upwind_320,51,0.15937500000000002,0.37677631082845431,0.39880635759175798,0.3767763108284542
wave_upwind_320,52,0.16250000000000001,0.37555225164283057,0.39499443722691696,0.37555225164283057
wave_upwind_320,53,0.16562500000000002,0.37503273219899741,0.39173039674760068,0.37503273219899735
wave_upwind_320,54,0.16875000000000001,0.37512361656206822,0.38893821738817291,0.37512361656206827
wave_upwind_320,55,0.171875,0.37572587873472524,0.38653785820524933,0.37572587873472524
wave_upwind_320,56,0.17500000000000002,0.37673625114580989,0.38444578705063809,0.37673625114581
wave_upwind_320,57,0.17812500000000001,0.37804789970936575,0.38257553348334367,0.37804789970936575
wave_upwind_320,58,0.18125000000000002,0.37955112127737034,0.38083826019713762,0.3795511212773704
wave_upwind_320,59,0.18437500000000001,0.38113405917117976,0.37914334942588335,0.38113405917117971
wave_upwind_320,60,0.1875,0.38268343236508978,0.37739900069631466,0.38268343236508978
wave_upwind_320,61,0.19062500000000002,0.38408527381111091,0.3755128362278638,0.38408527381111096
wave_upwind_320,62,0.19375000000000001,0.3852256733375507,0.37339251023185149,0.3852256733375507
wave_upwind_320,63,0.19687500000000002,0.38599152052566987,0.37094631833817737,0.38599152052566987
wave_upwind_320,64,0.20000000000000001,0.38627124296868426,0.36808380337673963,0.38627124296868426
wave_upwind_320,65,0.203125,0.38595553534573485,0.36471635376316858,0.38595553534573479
wave_upwind_320,66,0.20625000000000002,0.38493807479996101,0.36075779078394088,0.38493807479996095
wave_upwind_320,67,0.20937500000000001,0.38311621819414515,0.35612494114427296,0.38311621819414521
wave_upwind_320,68,0.21250000000000002,0.38039167692902365,0.35073819123295252,0.38039167692902354
wave_upwind_320,69,0.21562500000000001,0.37667116514759669,0.3445220196708908,0.37667116514759669
wave_upwind_320,70,0.21875,0.37186701731276517,0.3374055048439808,0.37186701731276517
wave_upwind_320,71,0.22187500000000002,0.36589777133436219,0.3293228042749905,0.36589777133436219
wave_upwind_320,72,0.22500000000000001,0.35868871363396776,0.32021360286276818,0.35868871363396765
wave_upwind_320,73,0.22812500000000002,0.35017238277049106,0.31002352720890919,0.35017238277049095
wave_upwind_320,74,0.23125000000000001,0.34028902850492965,0.29870452346105125,0.34028902850492987
wave_upwind_320,75,0.234375,0.3289870234573824,0.28621519632684078,0.32898702345738196
wave_upwind_320,76,0.23750000000000002,0.3162232248016334,0.27252110715195804,0.3162232248016329
wave_upwind_320,77,0.24062500000000001,0.30196328375060816,0.25759502920792499,0.30196328375060827
wave_upwind_320,78,0.24375000000000002,0.28618190090785289,0.24141715859919952,0.28618190090785306
wave_upwind_320,79,0.24687500000000001,0.26886302589391026,0.22397527947265025,0.2688630258939102
wave_upwind_320,80,0.25,0.25000000000000006,0.20526488249421782,0.24999999999999981
wave_upwind_320,81,0.25312499999999999,0.22959564097265389,0.185289235845677,0.22959564097265336
wave_upwind_320,82,0.25625000000000003,0.20766226938971566,0.16405940828712692,0.20766226938971535
wave_upwind_320,83,0.25937500000000002,0.18422167644823007,0.14159424412636368,0.18422167644822948
wave_upwind_320,84,0.26250000000000001,0.15930503334594354,0.11792029023279724,0.15930503334594379
wave_upwind_320,85,0.265625,0.13295274279826103,0.093071675529244391,0.1329527427982613
wave_upwind_320,86,0.26874999999999999,0.10521423358925443,0.067089943687930725,0.10521423358925311
wave_upwind_320,87,0.27187500000000003,0.076147699406554969,0.040023840045566229,0.076147699406553554
wave_upwind_320,88,0.27500000000000002,0.045819783553505716,0.011929054034638131,0.045819783553505716
wave_upwind_320,89,0.27812500000000001,0.014305211465653167,-0.017132081297643979,0.014305211465652751
wave_upwind_320,90,0.28125,-0.018313626719491272,-0.047090930846710483,-0.018313626719492077
wave_upwind_320,91,0.28437499999999999,-0.051947140982504525,-0.077872937994965877,-0.051947140982505718
wave_upwind_320,92,0.28750000000000003,-0.086499050782787384,-0.10939804181334122,-0.086499050782788217
wave_upwind_320,93,0.29062500000000002,-0.12186693583617084,-0.14158112836424916,-0.12186693583617209
wave_upwind_320,94,0.29375000000000001,-0.15794282493018746,-0.17433251333981636,-0.15794282493018746
wave_upwind_320,95,0.296875,-0.19461381916318954,-0.20755845307600496,-0.19461381916319004
wave_upwind_320,96,0.30000000000000004,-0.23176274578121087,-0.24116168080821176,-0.23176274578121087
wave_upwind_320,97,0.30312500000000003,-0.26926883859771722,-0.27504196487822963,-0.26926883859771938
wave_upwind_320,98,0.30625000000000002,-0.30700844081743556,-0.30909668546702823,-0.307008440817436
wave_upwind_320,99,0.30937500000000001,-0.3448557259471885,-0.34322142631350039,-0.34485572594718772
wave_upwind_320,100,0.3125,-0.38268343236508967,-0.37731057778682298,-0.38268343236509095
wave_upwind_320,101,0.31562500000000004,-0.42036360703510267,-0.41125794760997847,-0.42036360703510361
wave_upwind_320,102,0.31875000000000003,-0.45776835379748609,-0.44495737548469544,-0.45776835379748737
wave_upwind_320,103,0.32187500000000002,-0.49477058163731891,-0.478303347843896,-0.49477058163731852
wave_upwind_320,104,0.32500000000000001,-0.5312447483332835,-0.51119160895682381,-0.53124474833328394
wave_upwind_320,105,0.328125,-0.56706759491727021,-0.54351976463438567,-0.56706759491727055
wave_upwind_320,106,0.33125000000000004,-0.60211886643184187,-0.57518787482772149,-0.60211886643184231
wave_upwind_320,107,0.33437500000000003,-0.6362820145569722,-0.60609903148135502,-0.63628201455697264
wave_upwind_320,108,0.33750000000000002,-0.66944487778906703,-0.63615991809303651,-0.66944487778906814
wave_upwind_320,109,0.34062500000000001,-0.70150033499354625,-0.66528134754502155,-0.7015003349935458
wave_upwind_320,110,0.34375,-0.7323469283162386,-0.69337877490532995,-0.73234692831623904
wave_upwind_320,111,0.34687500000000004,-0.76188945162762034,-0.7203727820516882,-0.76188945162762012
wave_upwind_320,112,0.35000000000000003,-0.79003950088620978,-0.74618953114440512,-0.79003950088621155
wave_upwind_320,113,0.35312500000000002,-0.81671598304209447,-0.77076118416631012,-0.81671598304209481
wave_upwind_320,114,0.35625000000000001,-0.84184558035692614,-0.79402628595691682,-0.84184558035692536
wave_upwind_320,115,0.359375,-0.86536316729146701,-0.81593010839284763,-0.86536316729146778
wave_upwind_320,116,0.36250000000000004,-0.8872121774039724,-0.83642495360592073,-0.88721217740397273
wave_upwind_320,117,0.36562500000000003,-0.90734491801070094,-0.85547041438263471,-0.90734491801070161
wave_upwind_320,118,0.36875000000000002,-0.92572283068172623,-0.87303359015259296,-0.92572283068172645
wave_upwind_320,119,0.37187500000000001,-0.94231669597891776,-0.88908925724699506,-0.94231669597891787
wave_upwind_320,120,0.375,-0.95710678118654746,-0.90361999239005875,-0.95710678118654768
wave_upwind_320,121,0.37812500000000004,-0.97008293013620084,-0.91661624867435176,-0.97008293013620084
wave_upwind_320,122,0.38125000000000003,-0.98124459458447011,-0.92807638356374378,-0.98124459458447044
wave_upwind_320,123,0.38437500000000002,-0.99060080696201602,-0.93800663876322554,-0.99060080696201602
wave_upwind_320,124,0.38750000000000001,-0.99817009467381934,-0.94642107209136839,-0.99817009467381923
wave_upwind_320,125,0.390625,-1.0039803364905586,-0.9533414417868854,-1.0039803364905586
wave_upwind_320,126,0.39375000000000004,-1.0080685619278369,-0.95879704397376553,-1.0080685619278369
wave_upwind_320,127,0.39687500000000003,-1.0104806948612302,-0.96282450429801392,-1.0104806948612302
wave_upwind_320,128,0.40000000000000002,-1.0112712429686843,-0.96546752503131561,-1.0112712429686843
wave_upwind_320,129,0.40312500000000001,-1.0105029349255212,-0.96677658921125942,-1.0105029349255212
wave_upwind_320,130,0.40625,-1.0082463075991821,-0.96680862365237985,-1.0082463075991821
wave_upwind_320,131,0.40937500000000004,-1.0045792457988325,-0.96562662291559176,-1.0045792457988323
wave_upwind_320,132,0.41250000000000003,-0.99958647742721052,-0.9632992365640306,-0.9995864774272103
wave_upwind_320,133,0.41562500000000002,-0.99335902715677904,-0.95990032225939592,-0.99335902715677893
wave_upwind_320,134,0.41875000000000001,-0.98599363200768375,-0.95550846746322859,-0.98599363200768386
wave_upwind_320,135,0.421875,-0.97759212243962756,-0.95020648270083408,-0.97759212243962745
wave_upwind_320,136,0.42500000000000004,-0.96826077278210454,-0.94408086952061632,-0.96826077278210443
wave_upwind_320,137,0.42812500000000003,-0.9581096250161979,-0.93722126643731229,-0.95810962501619745
wave_upwind_320,138,0.43125000000000002,-0.94725179008513893,-0.92971987628306962,-0.94725179008513882
wave_upwind_320,139,0.43437500000000001,-0.93580273104909728,-0.92167087850464757,-0.93580273104909717
wave_upwind_320,140,0.4375,-0.92387953251128685,-0.9131698300375416,-0.92387953251128674
wave_upwind_320,141,0.44062500000000004,-0.91160016082684237,-0.90431305845796894,-0.91160016082684225
wave_upwind_320,142,0.44375000000000003,-0.89908271966242637,-0.89519705116095638,-0.89908271966242592
wave_upwind_320,143,0.44687500000000002,-0.88644470550290144,-0.8859178443369824,-0.88644470550290133
wave_upwind_320,144,0.45000000000000001,-0.87380226770141678,-0.87657041552055781,-0.873802267701417
wave_upwind_320,145,0.453125,-0.86126947764093642,-0.86724808346180526,-0.86126947764093631
wave_upwind_320,146,0.45625000000000004,-0.84895761151876048,-0.85804191902664417,-0.84895761151876037
wave_upwind_320,147,0.45937500000000003,-0.83697445118127245,-0.84904017076287763,-0.83697445118127201
wave_upwind_320,148,0.46250000000000002,-0.82542360732455833,-0.84032770867875684,-0.82542360732455822
wave_upwind_320,149,0.46562500000000001,-0.81440386923832642,-0.83198548966798558,-0.81440386923832664
wave_upwind_320,150,0.46875,-0.80400858510659379,-0.82409004788136797,-0.80400858510659368
wave_upwind_320,151,0.47187500000000004,-0.79432507668988384,-0.8167130131911764,-0.79432507668988372
wave_upwind_320,152,0.47500000000000003,-0.78543409200140091,-0.80992066072079461,-0.78543409200140057
wave_upwind_320,153,0.47812500000000002,-0.77740929935505421,-0.80377349422034894,-0.7774092993550541
wave_upwind_320,154,0.48125000000000001,-0.77031682590783435,-0.79832586586004539,-0.77031682590783435
wave_upwind_320,155,0.484375,-0.76421484354437519,-0.79362563478808323,-0.76421484354437519
wave_upwind_320,156,0.48750000000000004,-0.75915320465933944,-0.7897138665606882,-0.75915320465933944
wave_upwind_320,157,0.49062500000000003,-0.75517313008529685,-0.78662457529951046,-0.75517313008529663
wave_upwind_320,158,0.49375000000000002,-0.75230695109193846,-0.78438451016785815,-0.75230695109193846
wave_upwind_320,159,0.49687500000000001,-0.7505779070487828,-0.78301298748369252,-0.7505779070487828
wave_upwind_320,160,0.5,-0.75,-0.78252176950560037,-0.75
wave_upwind_320,161,0.50312500000000004,-0.7505779070487828,-0.78291499063989212,-0.7505779070487828
wave_upwind_320,162,0.50624999999999998,-0.75230695109193846,-0.78418913152427294,-0.75230695109193846
wave_upwind_320,163,0.50937500000000002,-0.75517313008529685,-0.78633304114803348,-0.75517313008529674
wave_upwind_320,164,0.51250000000000007,-0.75915320465933966,-0.78932800687222049,-0.75915320465933978
wave_upwind_320,165,0.515625,-0.76421484354437519,-0.79314787191759883,-0.76421484354437519
wave_upwind_320,166,0.51875000000000004,-0.77031682590783435,-0.79775919959523711,-0.77031682590783446
wave_upwind_320,167,0.52187499999999998,-0.7774092993550541,-0.80312148326603439,-0.77740929935505421
wave_upwind_320,168,0.52500000000000002,-0.78543409200140091,-0.80918740073325357,-0.78543409200140091
wave_upwind_320,169,0.52812500000000007,-0.79432507668988417,-0.81590311149784744,-0.79432507668988417
wave_upwind_320,170,0.53125,-0.80400858510659368,-0.82320859504178179,-0.80400858510659379
wave_upwind_320,171,0.53437500000000004,-0.81440386923832664,-0.83103802805128246,-0.81440386923832686
wave_upwind_320,172,0.53749999999999998,-0.82542360732455822,-0.83932019825153359,-0.82542360732455833
wave_upwind_320,173,0.54062500000000002,-0.83697445118127256,-0.847978952298307,-0.83697445118127267
wave_upwind_320,174,0.54375000000000007,-0.8489576115187607,-0.85693367496171557,-0.84895761151876081
wave_upwind_320,175,0.546875,-0.86126947764093631,-0.86609979664403303,-0.86126947764093642
wave_upwind_320,176,0.55000000000000004,-0.873802267701417,-0.8753893260985155,-0.87380226770141711
wave_upwind_320,177,0.55312499999999998,-0.88644470550290133,-0.88471140506047452,-0.88644470550290144
wave_upwind_320,178,0.55625000000000002,-0.89908271966242648,-0.89397288136643582,-0.8990827196624267
wave_upwind_320,179,0.55937500000000007,-0.91160016082684237,-0.90307889702292377,-0.91160016082684259
wave_upwind_320,180,0.5625,-0.92387953251128674,-0.91193348759392945,-0.92387953251128685
wave_upwind_320,181,0.56562500000000004,-0.93580273104909717,-0.92044018920602477,-0.93580273104909728
wave_upwind_320,182,0.56874999999999998,-0.94725179008513882,-0.92850264942281957,-0.94725179008513893
wave_upwind_320,183,0.57187500000000002,-0.9581096250161979,-0.93602523821628947,-0.95810962501619812
wave_upwind_320,184,0.57500000000000007,-0.96826077278210487,-0.94291365526161397,-0.96826077278210498
wave_upwind_320,185,0.578125,-0.97759212243962745,-0.94907552980451693,-0.97759212243962756
wave_upwind_320,186,0.58125000000000004,-0.98599363200768386,-0.95442100939561381,-0.98599363200768397
wave_upwind_320,187,0.58437499999999998,-0.99335902715677893,-0.95886333385459976,-0.99335902715677904
wave_upwind_320,188,0.58750000000000002,-0.99958647742721052,-0.96231939091789354,-0.99958647742721052
wave_upwind_320,189,0.59062500000000007,-1.0045792457988325,-0.96471025013598699,-1.0045792457988325
wave_upwind_320,190,0.59375,-1.0082463075991821,-0.96596167172056546,-1.0082463075991821
wave_upwind_320,191,0.59687500000000004,-1.0105029349255212,-0.96600458719561888,-1.0105029349255215
wave_upwind_320,192,0.60000000000000009,-1.0112712429686843,-0.96477554888033257,-1.0112712429686843
wave_upwind_320,193,0.60312500000000002,-1.0104806948612302,-0.96221714542342218,-1.0104806948612302
wave_upwind_320,194,0.60625000000000007,-1.0080685619278369,-0.95827838081761785,-1.0080685619278369
wave_upwind_320,195,0.609375,-1.0039803364905586,-0.95291501454788796,-1.0039803364905586
wave_upwind_320,196,0.61250000000000004,-0.99817009467381923,-0.94608986076635015,-0.99817009467381912
wave_upwind_320,197,0.61562500000000009,-0.9906008069620158,-0.93777304463917632,-0.99060080696201569
wave_upwind_320,198,0.61875000000000002,-0.98124459458446989,-0.92794221427458112,-0.98124459458446978
wave_upwind_320,199,0.62187500000000007,-0.97008293013620073,-0.91658270691459731,-0.97008293013620051
wave_upwind_320,200,0.625,-0.95710678118654768,-0.90368766835506587,-0.95710678118654746
wave_upwind_320,201,0.62812500000000004,-0.94231669597891787,-0.88925812484639144,-0.94231669597891776
wave_upwind_320,202,0.63125000000000009,-0.92572283068172567,-0.87330300702033736,-0.92572283068172556
wave_upwind_320,203,0.63437500000000002,-0.90734491801070072,-0.85583912568368947,-0.9073449180107005
wave_upwind_320,204,0.63750000000000007,-0.88721217740397174,-0.83689109961612462,-0.8872121774039714
wave_upwind_320,205,0.640625,-0.86536316729146778,-0.81649123580532079,-0.86536316729146701
wave_upwind_320,206,0.64375000000000004,-0.84184558035692536,-0.79467936284534901,-0.84184558035692558
wave_upwind_320,207,0.64687500000000009,-0.81671598304209359,-0.77150261851294322,-0.81671598304209336
wave_upwind_320,208,0.65000000000000002,-0.79003950088621022,-0.74701519281853956,-0.79003950088620978
wave_upwind_320,209,0.65312500000000007,-0.76188945162762012,-0.72127802810327624,-0.76188945162761901
wave_upwind_320,210,0.65625,-0.73234692831623904,-0.69435847801777528,-0.7323469283162386
wave_upwind_320,211,0.65937500000000004,-0.7015003349935458,-0.66632992747183373,-0.70150033499354547
wave_upwind_320,212,0.66250000000000009,-0.66944487778906669,-0.63727137588458582,-0.66944487778906636
wave_upwind_320,213,0.66562500000000002,-0.63628201455697109,-0.60726698629078057,-0.63628201455697153
wave_upwind_320,214,0.66875000000000007,-0.60211886643184076,-0.57640560306914113,-0.60211886643184109
wave_upwind_320,215,0.671875,-0.56706759491727055,-0.54478024125205127,-0.56706759491727021
wave_upwind_320,216,0.67500000000000004,-0.53124474833328394,-0.51248755055085793,-0.53124474833328272
wave_upwind_320,217,0.67812500000000009,-0.49477058163731685,-0.47962725738679568,-0.49477058163731724
wave_upwind_320,218,0.68125000000000002,-0.45776835379748571,-0.44630158835298395,-0.45776835379748521
wave_upwind_320,219,0.68437500000000007,-0.42036360703510189,-0.41261467864727747,-0.42036360703510139
wave_upwind_320,220,0.6875,-0.38268343236509095,-0.37867196910826006,-0.38268343236508967
wave_upwind_320,221,0.69062500000000004,-0.34485572594718772,-0.34457959555679613,-0.34485572594718761
wave_upwind_320,222,0.69375000000000009,-0.30700844081743428,-0.3104437741928544,-0.30700844081743384
wave_upwind_320,223,0.69687500000000002,-0.26926883859771766,-0.27637018682150999,-0.26926883859771678
wave_upwind_320,224,0.70000000000000007,-0.23176274578121087,-0.24246336968295734,-0.23176274578120959
wave_upwind_320,225,0.703125,-0.19461381916319004,-0.20882610963902665,-0.19461381916318954
wave_upwind_320,226,0.70625000000000004,-0.15794282493018746,-0.17555885142323113,-0.15794282493018702
wave_upwind_320,227,0.70937500000000009,-0.12186693583617045,-0.1427591195930509,-0.12186693583616959
wave_upwind_320,228,0.71250000000000002,-0.086499050782786635,-0.11052095873241682,-0.086499050782786607
wave_upwind_320,229,0.71562500000000007,-0.051947140982504192,-0.078934395339743016,-0.051947140982504136
wave_upwind_320,230,0.71875,-0.018313626719492077,-0.04808492470306952,-0.018313626719491272
wave_upwind_320,231,0.72187500000000004,0.014305211465652751,-0.018053025909740138,0.014305211465653861
wave_upwind_320,232,0.72500000000000009,0.045819783553507104,0.011086292035494681,0.045819783553507132
wave_upwind_320,233,0.72812500000000002,0.076147699406554914,0.039263910201924018,0.076147699406555303
wave_upwind_320,234,0.73125000000000007,0.10521423358925437,0.066416983260855378,0.10521423358925507
wave_upwind_320,235,0.734375,0.1329527427982613,0.092489284201976968,0.13295274279826103
wave_upwind_320,236,0.73750000000000004,0.15930503334594379,0.1174315081292918,0.15930503334594381
wave_upwind_320,237,0.74062500000000009,0.18422167644823059,0.14120153328014501,0.1842216764482309
wave_upwind_320,238,0.74375000000000002,0.20766226938971535,0.16376463767463756,0.20766226938971616
wave_upwind_320,239,0.74687500000000007,0.22959564097265434,0.18509367007630595,0.22959564097265411
wave_upwind_320,240,0.75,0.24999999999999981,0.20516917422665881,0.25000000000000006
wave_upwind_320,241,0.75312500000000004,0.2688630258939102,0.22397946560426218,0.26886302589391065
wave_upwind_320,242,0.75625000000000009,0.28618190090785306,0.24152066025178232,0.28618190090785367
wave_upwind_320,243,0.75937500000000002,0.30196328375060827,0.25779665550991449,0.30196328375060832
wave_upwind_320,244,0.76250000000000007,0.31622322480163356,0.27281906279364104,0.31622322480163367
wave_upwind_320,245,0.765625,0.32898702345738196,0.28660709284192604,0.3289870234573824
wave_upwind_320,246,0.76875000000000004,0.34028902850492987,0.29918739416496121,0.34028902850492976
wave_upwind_320,247,0.77187500000000009,0.35017238277049134,0.31059384570160953,0.35017238277049134
wave_upwind_320,248,0.77500000000000002,0.35868871363396765,0.32086730498197835,0.35868871363396782
wave_upwind_320,249,0.77812500000000007,0.36589777133436219,0.33005531336434457,0.36589777133436241
wave_upwind_320,250,0.78125,0.37186701731276517,0.3382117601802701,0.37186701731276517
wave_upwind_320,251,0.78437500000000004,0.37667116514759669,0.34539650787504372,0.37667116514759674
wave_upwind_320,252,0.78750000000000009,0.38039167692902376,0.35167498047101242,0.38039167692902381
wave_upwind_320,253,0.79062500000000002,0.38311621819414521,0.35711771790743169,0.38311621819414521
wave_upwind_320,254,0.79375000000000007,0.38493807479996101,0.36179989902078735,0.38493807479996095
wave_upwind_320,255,0.796875,0.38595553534573479,0.36580083612280967,0.38595553534573485
wave_upwind_320,256,0.80000000000000004,0.38627124296868426,0.3692034443084346,0.38627124296868426
wave_upwind_320,257,0.80312500000000009,0.38599152052566982,0.37209368878168458,0.38599152052566987
wave_upwind_320,258,0.80625000000000002,0.3852256733375507,0.37456001362287761,0.3852256733375507
wave_upwind_320,259,0.80937500000000007,0.38408527381111091,0.37669275553489778,0.38408527381111091
wave_upwind_320,260,0.8125,0.38268343236508978,0.37858354619877183,0.38268343236508978
wave_upwind_320,261,0.81562500000000004,0.38113405917117971,0.38032470693891418,0.38113405917117971
wave_upwind_320,262,0.81875000000000009,0.37955112127737034,0.38200863944570151,0.37955112127737034
wave_upwind_320,263,0.82187500000000002,0.37804789970936575,0.38372721632723167,0.3780478997093657
wave_upwind_320,264,0.82500000000000007,0.37673625114581,0.38557117526304452,0.37673625114580994
wave_upwind_320,265,0.828125,0.37572587873472524,0.38762952051024668,0.37572587873472524
wave_upwind_320,266,0.83125000000000004,0.37512361656206827,0.38998893546701452,0.37512361656206827
wave_upwind_320,267,0.83437500000000009,0.37503273219899735,0.3927332099301355,0.37503273219899735
wave_upwind_320,268,0.83750000000000002,0.37555225164283057,0.39594268559250323,0.37555225164283063
wave_upwind_320,269,0.84062500000000007,0.37677631082845431,0.3996937232138757,0.37677631082845431
wave_upwind_320,270,0.84375,0.37879353772296526,0.40405819476442012,0.37879353772296537
wave_upwind_320,271,0.84687500000000004,0.38168646882760449,0.40910300368643904,0.3816864688276046
wave_upwind_320,272,0.85000000000000009,0.38553100369873644,0.41488963624614278,0.38553100369873639
wave_upwind_320,273,0.85312500000000002,0.39039590086504827,0.42147374675547711,0.39039590086504838
wave_upwind_320,274,0.85625000000000007,0.39634231826274202,0.42890477923500986,0.39634231826274224
wave_upwind_320,275,0.859375,0.40342340103582386,0.43722562786402941,0.40342340103582375
wave_upwind_320,276,0.86250000000000004,0.41168391925639541,0.44647233832466993,0.41168391925639536
wave_upwind_320,277,0.86562500000000009,0.42115995781186277,0.45667385189456361,0.42115995781186288
wave_upwind_320,278,0.86875000000000002,0.43187866038415712,0.46785179387875475,0.43187866038415745
wave_upwind_320,279,0.87187500000000007,0.44385802911235428,0.48002030769803772,0.44385802911235417
wave_upwind_320,280,0.875,0.45710678118654735,0.49318593566918079,0.45710678118654757
wave_upwind_320,281,0.87812500000000004,0.47162426326963669,0.50734754722441122,0.47162426326963708
wave_upwind_320,282,0.88125000000000009,0.48740042428690111,0.52249631502483329,0.48740042428690156
wave_upwind_320,283,0.88437500000000002,0.50441584676317774,0.53861573912694605,0.50441584676317774
wave_upwind_320,284,0.88750000000000007,0.52264183652624274,0.55568171906492903,0.52264183652624308
wave_upwind_320,285,0.890625,0.5420405702349147,0.57366267341571353,0.54204057023491536
wave_upwind_320,286,0.89375000000000004,0.56256529983365344,0.5925197061208719,0.56256529983365333
wave_upwind_320,287,0.89687500000000009,0.58416061268418473,0.61220681855083603,0.58416061268418473
wave_upwind_320,288,0.90000000000000002,0.60676274578121037,0.63267116601469686,0.6067627457812107
wave_upwind_320,289,0.90312500000000007,0.63029995212550571,0.6538533571445565,0.63029995212550649
wave_upwind_320,290,0.90625,0.65469291700590837,0.67568779431881809,0.65469291700590837
wave_upwind_320,291,0.90937500000000004,0.67985522163374079,0.69810305303551212,0.67985522163374112
wave_upwind_320,292,0.91250000000000009,0.70569385128097417,0.72102229790635775,0.70569385128097473
wave_upwind_320,293,0.91562500000000002,0.73210974479880497,0.74436373271621237,0.73210974479880475
wave_upwind_320,294,0.91875000000000007,0.75899838213791093,0.76804108178225716,0.75899838213791104
wave_upwind_320,295,0.921875,0.78625040625708209,0.79196409965402947,0.78625040625708265
wave_upwind_320,296,0.92500000000000004,0.8137522755946307,0.81603910602039376,0.81375227559463148
wave_upwind_320,297,0.92812500000000009,0.84138694308824624,0.84016954253385778,0.84138694308824591
wave_upwind_320,298,0.93125000000000002,0.86903455756502357,0.86425654812722075,0.86903455756502379
wave_upwind_320,299,0.93437500000000007,0.89657318318517487,0.88819954928325051,0.89657318318517532
wave_upwind_320,300,0.9375,0.92387953251128585,0.91189686162559291,0.92387953251128674
wave_upwind_320,301,0.94062500000000004,0.95082970869076522,0.93524629912903323,0.95082970869076522
wave_upwind_320,302,0.94375000000000009,0.9772999521825424,0.95814578719994992,0.97729995218254262
wave_upwind_320,303,0.94687500000000002,1.003167387430854,0.98049397585364628,1.0031673874308547
wave_upwind_320,304,0.95000000000000007,1.0283107648888903,1.0021908492143363,1.0283107648888909
wave_upwind_320,305,0.953125,1.0526111938234812,1.0231383275859434,1.0526111938234812
wave_upwind_320,306,0.95625000000000004,1.0759528613885339,1.0432408583873498,1.0759528613885343
wave_upwind_320,307,0.95937500000000009,1.0982237335392471,1.0624059923140956,1.0982237335392477
wave_upwind_320,308,0.96250000000000002,1.1193162334707951,1.080544941179288,1.1193162334707951
wave_upwind_320,309,0.96562500000000007,1.1391278934034186,1.0975731139991285,1.1391278934034188
wave_upwind_320,310,0.96875,1.157561975699867,1.1134106280222742,1.1575619756998674
wave_upwind_320,311,0.97187500000000004,1.174528059489899,1.1279827915564216,1.1745280594898997
wave_upwind_320,312,0.97500000000000009,1.1899425891888751,1.141220555619052,1.1899425891888749
wave_upwind_320,313,0.97812500000000002,1.2037293815321002,1.1530609316311764,1.2037293815321004
wave_upwind_320,314,0.98125000000000007,1.2158200880020182,1.1634473725819461,1.2158200880020185
wave_upwind_320,315,0.984375,1.2261546098000187,1.1723301153168941,1.2261546098000187
wave_upwind_320,316,0.98750000000000004,1.2346814628069165,1.1796664818419311,1.2346814628069165
wave_upwind_320,317,0.99062500000000009,1.2413580902841352,1.1854211377875732,1.2413580902841352
wave_upwind_320,318,0.99375000000000002,1.2461511213895073,1.1895663064416875,1.2461511213895073
wave_upwind_320,319,0.99687500000000007,1.2490365739153468,1.1920819370326408,1.2490365739153468
wave_lax_wendroff_320,0,0,1.25,1.249878049907192,1.25
wave_lax_wendroff_320,1,0.0031250000000000002,1.2490365739153468,1.2487300415184324,1.2490365739153468
wave_lax_wendroff_320,2,0.0062500000000000003,1.2461511213895073,1.2456618701158764,1.2461511213895073
wave_lax_wendroff_320,3,0.0093750000000000014,1.241358090284135,1.2406890936042272,1.2413580902841348
wave_lax_wendroff_320,4,0.012500000000000001,1.2346814628069163,1.2338367859183352,1.2346814628069165
wave_lax_wendroff_320,5,0.015625,1.2261546098000187,1.2251393845871332,1.2261546098000187
wave_lax_wendroff_320,6,0.018750000000000003,1.2158200880020182,1.2146404814254228,1.2158200880020178
wave_lax_wendroff_320,7,0.021875000000000002,1.2037293815321002,1.2023925576428114,1.2037293815321002
wave_lax_wendroff_320,8,0.025000000000000001,1.1899425891888746,1.1884566650014488,1.1899425891888744
wave_lax_wendroff_320,9,0.028125000000000001,1.1745280594898992,1.1729020549865088,1.174528059489899
wave_lax_wendroff_320,10,0.03125,1.1575619756998674,1.155805758273559,1.157561975699867
wave_lax_wendroff_320,11,0.034375000000000003,1.1391278934034184,1.1372521170830605,1.1391278934034177
wave_lax_wendroff_320,12,0.037500000000000006,1.1193162334707949,1.1173322733023858,1.1193162334707951
wave_lax_wendroff_320,13,0.040625000000000001,1.0982237335392471,1.0961436155281232,1.0982237335392462
wave_lax_wendroff_320,14,0.043750000000000004,1.0759528613885341,1.0737891884343751,1.0759528613885339
wave_lax_wendroff_320,15,0.046875,1.0526111938234812,1.0503770681047191,1.0526111938234812
wave_lax_wendroff_320,16,0.050000000000000003,1.0283107648888903,1.0260197071750166,1.0283107648888903
wave_lax_wendroff_320,17,0.053125000000000006,1.0031673874308544,1.0008332538200539,1.003167387430854
wave_lax_wendroff_320,18,0.056250000000000001,0.97729995218254184,0.97493684877795861,0.97729995218254118
wave_lax_wendroff_320,19,0.059375000000000004,0.95082970869076477,0.94845190474140584,0.95082970869076522
wave_lax_wendroff_320,20,0.0625,0.92387953251128674,0.92150137255303977,0.92387953251128585
wave_lax_wendroff_320,21,0.065625000000000003,0.89657318318517476,0.89420899872357329,0.89657318318517365
wave_lax_wendroff_320,22,0.068750000000000006,0.86903455756502346,0.86669857884421897,0.86903455756502357
wave_lax_wendroff_320,23,0.071875000000000008,0.84138694308824502,0.83909321149010707,0.84138694308824491
wave_lax_wendroff_320,24,0.075000000000000011,0.81375227559463104,0.81151455720801802,0.8137522755946307
wave_lax_wendroff_320,25,0.078125,0.78625040625708265,0.78408210715009974,0.78625040625708209
wave_lax_wendroff_320,26,0.081250000000000003,0.75899838213791049,0.75691246585547545,0.75899838213790971
wave_lax_wendroff_320,27,0.084375000000000006,0.73210974479880464,0.73011865259411701,0.73210974479880497
wave_lax_wendroff_320,28,0.087500000000000008,0.70569385128097395,0.70380942557262871,0.70569385128097306
wave_lax_wendroff_320,29,0.090625000000000011,0.67985522163374057,0.67808863316033552,0.67985522163374079
wave_lax_wendroff_320,30,0.09375,0.65469291700590837,0.65305459612719607,0.65469291700590837
wave_lax_wendroff_320,31,0.096875000000000003,0.63029995212550582,0.62879952469357725,0.63029995212550571
wave_lax_wendroff_320,32,0.10000000000000001,0.60676274578121059,0.60540897397701376,0.60676274578121037
wave_lax_wendroff_320,33,0.10312500000000001,0.58416061268418407,0.58296134118407372,0.58416061268418362
wave_lax_wendroff_320,34,0.10625000000000001,0.56256529983365278,0.56152740763779607,0.56256529983365344
wave_lax_wendroff_320,35,0.109375,0.54204057023491536,0.54116992845447398,0.5420405702349147
wave_lax_wendroff_320,36,0.1125,0.52264183652624252,0.52194327238951432,0.52264183652624185
wave_lax_wendroff_320,37,0.11562500000000001,0.50441584676317763,0.50389311406252624,0.50441584676317774
wave_lax_wendroff_320,38,0.11875000000000001,0.48740042428690111,0.48705618044860466,0.48740042428690111
wave_lax_wendroff_320,39,0.12187500000000001,0.47162426326963669,0.47146005318794165,0.47162426326963669
wave_lax_wendroff_320,40,0.125,0.45710678118654757,0.45712302792151194,0.45710678118654735
wave_lax_wendroff_320,41,0.12812500000000002,0.44385802911235384,0.4440540315087475,0.44385802911235367
wave_lax_wendroff_320,42,0.13125000000000001,0.43187866038415734,0.43225259762600921,0.43187866038415712
wave_lax_wendroff_320,43,0.13437499999999999,0.42115995781186255,0.42170890088448754,0.42115995781186227
wave_lax_wendroff_320,44,0.13750000000000001,0.41168391925639514,0.41240384924514012,0.41168391925639541
wave_lax_wendroff_320,45,0.140625,0.40342340103582375,0.4043092341486243,0.40342340103582386
wave_lax_wendroff_320,46,0.14375000000000002,0.39634231826274202,0.39738793742212197,0.39634231826274174
wave_lax_wendroff_320,47,0.14687500000000001,0.39039590086504838,0.39159419367469084,0.39039590086504827
wave_lax_wendroff_320,48,0.15000000000000002,0.38553100369873622,0.38687390655045312,0.38553100369873616
wave_lax_wendroff_320,49,0.15312500000000001,0.3816864688276046,0.38316501687667109,0.38168646882760449
wave_lax_wendroff_320,50,0.15625,0.37879353772296537,0.38039792042360454,0.37879353772296526
wave_lax_wendroff_320,51,0.15937500000000002,0.37677631082845431,0.37849593268697485,0.3767763108284542
wave_lax_wendroff_320,52,0.16250000000000001,0.37555225164283057,0.37737579781375102,0.37555225164283057
wave_lax_wendroff_320,53,0.16562500000000002,0.37503273219899741,0.37694823851963138,0.37503273219899735
wave_lax_wendroff_320,54,0.16875000000000001,0.37512361656206822,0.37711854359367686,0.37512361656206827
wave_lax_wendroff_320,55,0.171875,0.37572587873472524,0.37778718935364164,0.37572587873472524
wave_lax_wendroff_320,56,0.17500000000000002,0.37673625114580989,0.37885049120605363,0.37673625114581
wave_lax_wendroff_320,57,0.17812500000000001,0.37804789970936575,0.38020128127932312,0.37804789970936575
wave_lax_wendroff_320,58,0.18125000000000002,0.37955112127737034,0.38172960793725014,0.3795511212773704
wave_lax_wendroff_320,59,0.18437500000000001,0.38113405917117976,0.38332345284524416,0.38113405917117971
wave_lax_wendroff_320,60,0.1875,0.38268343236508978,0.38486946115319859,0.38268343236508978
wave_lax_wendroff_320,61,0.19062500000000002,0.38408527381111091,0.3862536802779537,0.38408527381111096
wave_lax_wendroff_320,62,0.19375000000000001,0.3852256733375507,0.3873623027151204,0.3852256733375507
wave_lax_wendroff_320,63,0.19687500000000002,0.38599152052566987,0.38808240828506335,0.38599152052566987
wave_lax_wendroff_320,64,0.20000000000000001,0.38627124296868426,0.38830270122120425,0.38627124296868426
wave_lax_wendroff_320,65,0.203125,0.38595553534573485,0.38791423754048404,0.38595553534573479
wave_lax_wendroff_320,66,0.20625000000000002,0.38493807479996101,0.38681113819562141,0.38493807479996095
wave_lax_wendroff_320,67,0.20937500000000001,0.38311621819414515,0.38489128359635694,0.38311621819414521
wave_lax_wendroff_320,68,0.21250000000000002,0.38039167692902365,0.38205698520163633,0.38039167692902354
wave_lax_wendroff_320,69,0.21562500000000001,0.37667116514759669,0.37821563002595515,0.37667116514759669
wave_lax_wendroff_320,70,0.21875,0.37186701731276517,0.37328029406999075,0.37186701731276517
wave_lax_wendroff_320,71,0.22187500000000002,0.36589777133436219,0.36717032087715701,0.36589777133436219
wave_lax_wendroff_320,72,0.22500000000000001,0.35868871363396776,0.35981186163264761,0.35868871363396765
wave_lax_wendroff_320,73,0.22812500000000002,0.35017238277049106,0.35113837345856874,0.35017238277049095
wave_lax_wendroff_320,74,0.23125000000000001,0.34028902850492965,0.34109107281643203,0.34028902850492987
wave_lax_wendroff_320,75,0.234375,0.3289870234573824,0.32961934120499603,0.32898702345738196
wave_lax_wendroff_320,76,0.23750000000000002,0.3162232248016334,0.31668108063551226,0.3162232248016329
wave_lax_wendroff_320,77,0.24062500000000001,0.30196328375060816,0.30224301667602127,0.30196328375060827
wave_lax_wendroff_320,78,0.24375000000000002,0.28618190090785289,0.28628094717956126,0.28618190090785306
wave_lax_wendroff_320,79,0.24687500000000001,0.26886302589391026,0.26877993514599707,0.2688630258939102
wave_lax_wendroff_320,80,0.25,0.25000000000000006,0.24973444451158447,0.24999999999999981
wave_lax_wendroff_320,81,0.25312499999999999,0.22959564097265389,0.22914841801223643,0.22959564097265336
wave_lax_wendroff_320,82,0.25625000000000003,0.20766226938971566,0.20703529662357717,0.20766226938971535
wave_lax_wendroff_320,83,0.25937500000000002,0.18422167644823007,0.18341798044106652,0.18422167644822948
wave_lax_wendroff_320,84,0.26250000000000001,0.15930503334594354,0.15832873122451355,0.15930503334594379
wave_lax_wendroff_320,85,0.265625,0.13295274279826103,0.13180901719096674,0.1329527427982613
wave_lax_wendroff_320,86,0.26874999999999999,0.10521423358925443,0.1039093009960378,0.10521423358925311
wave_lax_wendroff_320,87,0.27187500000000003,0.076147699406554969,0.074688772193998346,0.076147699406553554
wave_lax_wendroff_320,88,0.27500000000000002,0.045819783553505716,0.044215025809320956,0.045819783553505716
wave_lax_wendroff_320,89,0.27812500000000001,0.014305211465653167,0.012563688984610206,0.014305211465652751
wave_lax_wendroff_320,90,0.28125,-0.018313626719491272,-0.020182002009965991,-0.018313626719492077
wave_lax_wendroff_320,91,0.28437499999999999,-0.051947140982504525,-0.053931671814550941,-0.051947140982505718
wave_lax_wendroff_320,92,0.28750000000000003,-0.086499050782787384,-0.088588320183471375,-0.086499050782788217
wave_lax_wendroff_320,93,0.29062500000000002,-0.12186693583617084,-0.12404887720144339,-0.12186693583617209
wave_lax_wendroff_320,94,0.29375000000000001,-0.15794282493018746,-0.16020479610552818,-0.15794282493018746
wave_lax_wendroff_320,95,0.296875,-0.19461381916318954,-0.19694268007433111,-0.19461381916319004
wave_lax_wendroff_320,96,0.30000000000000004,-0.23176274578121087,-0.23414493913644102,-0.23176274578121087
wave_lax_wendroff_320,97,0.30312500000000003,-0.26926883859771722,-0.27169047316432726,-0.26926883859771938
wave_lax_wendroff_320,98,0.30625000000000002,-0.30700844081743556,-0.30945537675899709,-0.307008440817436
wave_lax_wendroff_320,99,0.30937500000000001,-0.3448557259471885,-0.34731366169565586,-0.34485572594718772
wave_lax_wendroff_320,100,0.3125,-0.38268343236508967,-0.3851379924922409,-0.38268343236509095
wave_lax_wendroff_320,101,0.31562500000000004,-0.42036360703510267,-0.42280043058168382,-0.42036360703510361
wave_lax_wendroff_320,102,0.31875000000000003,-0.45776835379748609,-0.46017318251559691,-0.45776835379748737
wave_lax_wendroff_320,103,0.32187500000000002,-0.49477058163731891,-0.49712934760210453,-0.49477058163731852
wave_lax_wendroff_320,104,0.32500000000000001,-0.5312447483332835,-0.5335436603839,-0.53124474833328394
wave_lax_wendroff_320,105,0.328125,-0.56706759491727021,-0.56929322339428912,-0.56706759491727055
wave_lax_wendroff_320,106,0.33125000000000004,-0.60211886643184187,-0.60425822568878218,-0.60211886643184231
wave_lax_wendroff_320,107,0.33437500000000003,-0.6362820145569722,-0.6383226427373504,-0.63628201455697264
wave_lax_wendroff_320,108,0.33750000000000002,-0.66944487778906703,-0.67137491337722732,-0.66944487778906814
wave_lax_wendroff_320,109,0.34062500000000001,-0.70150033499354625,-0.70330858966741328,-0.7015003349935458
wave_lax_wendroff_320,110,0.34375,-0.7323469283162386,-0.73402295565294684,-0.73234692831623904
wave_lax_wendroff_320,111,0.34687500000000004,-0.76188945162762034,-0.76342361123852032,-0.76188945162762012
wave_lax_wendroff_320,112,0.35000000000000003,-0.79003950088620978,-0.79142301758595746,-0.79003950088621155
wave_lax_wendroff_320,113,0.35312500000000002,-0.81671598304209447,-0.81794100068711151,-0.81671598304209481
wave_lax_wendroff_320,114,0.35625000000000001,-0.84184558035692614,-0.84290521002141683,-0.84184558035692536
wave_lax_wendroff_320,115,0.359375,-0.86536316729146701,-0.86625152948406159,-0.86536316729146778
wave_lax_wendroff_320,116,0.36250000000000004,-0.8872121774039724,-0.88792443806481636,-0.88721217740397273
wave_lax_wendroff_320,117,0.36562500000000003,-0.90734491801070094,-0.90787731806716043,-0.90734491801070161
wave_lax_wendroff_320,118,0.36875000000000002,-0.92572283068172623,-0.92607270898057292,-0.92572283068172645
wave_lax_wendroff_320,119,0.37187500000000001,-0.94231669597891776,-0.94248250545371359,-0.94231669597891787
wave_lax_wendroff_320,120,0.375,-0.95710678118654746,-0.95708809816063722,-0.95710678118654768
wave_lax_wendroff_320,121,0.37812500000000004,-0.97008293013620084,-0.96988045670405099,-0.97008293013620084
wave_lax_wendroff_320,122,0.38125000000000003,-0.98124459458447011,-0.98086015405675919,-0.98124459458447044
wave_lax_wendroff_320,123,0.38437500000000002,-0.99060080696201602,-0.99003733240264613,-0.99060080696201602
wave_lax_wendroff_320,124,0.38750000000000001,-0.99817009467381934,-0.99743161059960861,-0.99817009467381923
wave_lax_wendroff_320,125,0.390625,-1.0039803364905586,-1.0030719338465248,-1.0039803364905586
wave_lax_wendroff_320,126,0.39375000000000004,-1.0080685619278369,-1.00699636649244,-1.0080685619278369
wave_lax_wendroff_320,127,0.39687500000000003,-1.0104806948612302,-1.0092518292764474,-1.0104806948612302
wave_lax_wendroff_320,128,0.40000000000000002,-1.0112712429686843,-1.0098937826290906,-1.0112712429686843
wave_lax_wendroff_320,129,0.40312500000000001,-1.0105029349255212,-1.0089858579984106,-1.0105029349255212
wave_lax_wendroff_320,130,0.40625,-1.0082463075991821,-1.0065994394839475,-1.0082463075991821
wave_lax_wendroff_320,131,0.40937500000000004,-1.0045792457988325,-1.0028131983681019,-1.0045792457988323
wave_lax_wendroff_320,132,0.41250000000000003,-0.99958647742721052,-0.99771258342440727,-0.9995864774272103
wave_lax_wendroff_320,133,0.41562500000000002,-0.99335902715677904,-0.99138927015463685,-0.99335902715677893
wave_lax_wendroff_320,134,0.41875000000000001,-0.98599363200768375,-0.98394057235961185,-0.98599363200768386
wave_lax_wendroff_320,135,0.421875,-0.97759212243962756,-0.97546881968052246,-0.97759212243962745
wave_lax_wendroff_320,136,0.42500000000000004,-0.96826077278210454,-0.96608070495709719,-0.96826077278210443
wave_lax_wendroff_320,137,0.42812500000000003,-0.9581096250161979,-0.95588660543475779,-0.95810962501619745
wave_lax_wendroff_320,138,0.43125000000000002,-0.94725179008513893,-0.944999882013837,-0.94725179008513882
wave_lax_wendroff_320,139,0.43437500000000001,-0.93580273104909728,-0.9335361608690228,-0.93580273104909717
wave_lax_wendroff_320,140,0.4375,-0.92387953251128685,-0.92161260187559269,-0.92387953251128674
wave_lax_wendroff_320,141,0.44062500000000004,-0.91160016082684237,-0.9093471583600411,-0.91160016082684225
wave_lax_wendroff_320,142,0.44375000000000003,-0.89908271966242637,-0.89685783274589315,-0.89908271966242592
wave_lax_wendroff_320,143,0.44687500000000002,-0.88644470550290144,-0.88426193269050091,-0.88644470550290133
wave_lax_wendroff_320,144,0.45000000000000001,-0.87380226770141678,-0.87167533230528293,-0.873802267701417
wave_lax_wendroff_320,145,0.453125,-0.86126947764093642,-0.85921174302022318,-0.86126947764093631
wave_lax_wendroff_320,146,0.45625000000000004,-0.84895761151876048,-0.84698199859367151,-0.84895761151876037
wave_lax_wendroff_320,147,0.45937500000000003,-0.83697445118127245,-0.83509335868096291,-0.83697445118127201
wave_lax_wendroff_320,148,0.46250000000000002,-0.82542360732455833,-0.82364883526064314,-0.82542360732455822
wave_lax_wendroff_320,149,0.46562500000000001,-0.81440386923832642,-0.81274654607583652,-0.81440386923832664
wave_lax_wendroff_320,150,0.46875,-0.80400858510659379,-0.80247909908142434,-0.80400858510659368
wave_lax_wendroff_320,151,0.47187500000000004,-0.79432507668988384,-0.79293301169621844,-0.79432507668988372
wave_lax_wendroff_320,152,0.47500000000000003,-0.78543409200140091,-0.78418816844440442,-0.78543409200140057
wave_lax_wendroff_320,153,0.47812500000000002,-0.77740929935505421,-0.77631732033352863,-0.7774092993550541
wave_lax_wendroff_320,154,0.48125000000000001,-0.77031682590783435,-0.76938562905865349,-0.77031682590783435
wave_lax_wendroff_320,155,0.484375,-0.76421484354437519,-0.76345025884561468,-0.76421484354437519
wave_lax_wendroff_320,156,0.48750000000000004,-0.75915320465933944,-0.75856001845227294,-0.75915320465933944
wave_lax_wendroff_320,157,0.49062500000000003,-0.75517313008529685,-0.75475505553708999,-0.75517313008529663
wave_lax_wendroff_320,158,0.49375000000000002,-0.75230695109193846,-0.75206660528115998,-0.75230695109193846
wave_lax_wendroff_320,159,0.49687500000000001,-0.7505779070487828,-0.75051679481501132,-0.7505779070487828
wave_lax_wendroff_320,160,0.5,-0.75,-0.75011850465711061,-0.75
wave_lax_wendroff_320,161,0.50312500000000004,-0.7505779070487828,-0.75087528801916958,-0.7505779070487828
wave_lax_wendroff_320,162,0.50624999999999998,-0.75230695109193846,-0.7527813484762601,-0.75230695109193846
wave_lax_wendroff_320,163,0.50937500000000002,-0.75517313008529685,-0.75582157613957102,-0.75517313008529674
wave_lax_wendroff_320,164,0.51250000000000007,-0.75915320465933966,-0.75997164210862,-0.75915320465933978
wave_lax_wendroff_320,165,0.515625,-0.76421484354437519,-0.76519815062009622,-0.76421484354437519
wave_lax_wendroff_320,166,0.51875000000000004,-0.77031682590783435,-0.77145884795445163,-0.77031682590783446
wave_lax_wendroff_320,167,0.52187499999999998,-0.7774092993550541,-0.778702886811103,-0.77740929935505421
wave_lax_wendroff_320,168,0.52500000000000002,-0.78543409200140091,-0.78687114452079276,-0.78543409200140091
wave_lax_wendroff_320,169,0.52812500000000007,-0.79432507668988417,-0.79589659313140493,-0.79432507668988417
wave_lax_wendroff_320,170,0.53125,-0.80400858510659368,-0.80570471908338148,-0.80400858510659379
wave_lax_wendroff_320,171,0.53437500000000004,-0.81440386923832664,-0.81621398988482619,-0.81440386923832686
wave_lax_wendroff_320,172,0.53749999999999998,-0.82542360732455822,-0.82733636490628293,-0.82542360732455833
wave_lax_wendroff_320,173,0.54062500000000002,-0.83697445118127256,-0.8389778471428383,-0.83697445118127267
wave_lax_wendroff_320,174,0.54375000000000007,-0.8489576115187607,-0.85103907253829902,-0.84895761151876081
wave_lax_wendroff_320,175,0.546875,-0.86126947764093631,-0.86341593323428167,-0.86126947764093642
wave_lax_wendroff_320,176,0.55000000000000004,-0.873802267701417,-0.87600023089757983,-0.87380226770141711
wave_lax_wendroff_320,177,0.55312499999999998,-0.88644470550290133,-0.88868035609340645,-0.88644470550290144
wave_lax_wendroff_320,178,0.55625000000000002,-0.89908271966242648,-0.90134198951120825,-0.8990827196624267
wave_lax_wendroff_320,179,0.55937500000000007,-0.91160016082684237,-0.91386882071470621,-0.91160016082684259
wave_lax_wendroff_320,180,0.5625,-0.92387953251128674,-0.926143279979458,-0.92387953251128685
wave_lax_wendroff_320,181,0.56562500000000004,-0.93580273104909717,-0.93804727870023519,-0.93580273104909728
wave_lax_wendroff_320,182,0.56874999999999998,-0.94725179008513882,-0.94946295379736056,-0.94725179008513893
wave_lax_wendroff_320,183,0.57187500000000002,-0.9581096250161979,-0.96027341152619472,-0.95810962501619812
wave_lax_wendroff_320,184,0.57500000000000007,-0.96826077278210487,-0.97036346609732338,-0.96826077278210498
wave_lax_wendroff_320,185,0.578125,-0.97759212243962745,-0.97962036854669832,-0.97759212243962756
wave_lax_wendroff_320,186,0.58125000000000004,-0.98599363200768386,-0.98793452135478677,-0.98599363200768397
wave_lax_wendroff_320,187,0.58437499999999998,-0.99335902715677893,-0.99520017440135877,-0.99335902715677904
wave_lax_wendroff_320,188,0.58750000000000002,-0.99958647742721052,-1.0013160979573081,-0.99958647742721052
wave_lax_wendroff_320,189,0.59062500000000007,-1.0045792457988325,-1.0061862285561933,-1.0045792457988325
wave_lax_wendroff_320,190,0.59375,-1.0082463075991821,-1.0097202837550954,-1.0082463075991821
wave_lax_wendroff_320,191,0.59687500000000004,-1.0105029349255212,-1.0118343419859155,-1.0105029349255215
wave_lax_wendroff_320,192,0.60000000000000009,-1.0112712429686843,-1.0124513839131815,-1.0112712429686843
wave_lax_wendroff_320,193,0.60312500000000002,-1.0104806948612302,-1.0115017919514775,-1.0104806948612302
wave_lax_wendroff_320,194,0.60625000000000007,-1.0080685619278369,-1.0089238048532947,-1.0080685619278369
wave_lax_wendroff_320,195,0.609375,-1.0039803364905586,-1.004663924554835,-1.0039803364905586
wave_lax_wendroff_320,196,0.61250000000000004,-0.99817009467381923,-0.9986772727613854,-0.99817009467381912
wave_lax_wendroff_320,197,0.61562500000000009,-0.9906008069620158,-0.99092789506347245,-0.99060080696201569
wave_lax_wendroff_320,198,0.61875000000000002,-0.98124459458446989,-0.9813890106982559,-0.98124459458446978
wave_lax_wendroff_320,199,0.62187500000000007,-0.97008293013620073,-0.97004320640546193,-0.97008293013620051
wave_lax_wendroff_320,200,0.625,-0.95710678118654768,-0.95688257317159231,-0.95710678118654746
wave_lax_wendroff_320,201,0.62812500000000004,-0.94231669597891787,-0.94190878500800901,-0.94231669597891776
wave_lax_wendroff_320,202,0.63125000000000009,-0.92572283068172567,-0.9251331192656238,-0.92572283068172556
wave_lax_wendroff_320,203,0.63437500000000002,-0.90734491801070072,-0.9065764183491416,-0.9073449180107005
wave_lax_wendroff_320,204,0.63750000000000007,-0.88721217740397174,-0.8862689930548534,-0.8872121774039714
wave_lax_wendroff_320,205,0.640625,-0.86536316729146778,-0.86425046811565942,-0.86536316729146701
wave_lax_wendroff_320,206,0.64375000000000004,-0.84184558035692536,-0.84056957089309148,-0.84184558035692558
wave_lax_wendroff_320,207,0.64687500000000009,-0.81671598304209359,-0.81528386450639811,-0.81671598304209336
wave_lax_wendroff_320,208,0.65000000000000002,-0.79003950088621022,-0.78845942703110827,-0.79003950088620978
wave_lax_wendroff_320,209,0.65312500000000007,-0.76188945162762012,-0.76017047873177401,-0.76188945162761901
wave_lax_wendroff_320,210,0.65625,-0.73234692831623904,-0.73049895961378064,-0.7323469283162386
wave_lax_wendroff_320,211,0.65937500000000004,-0.7015003349935458,-0.69953405988520745,-0.70150033499354547
wave_lax_wendroff_320,212,0.66250000000000009,-0.66944487778906669,-0.66737170620985298,-0.66944487778906636
wave_lax_wendroff_320,213,0.66562500000000002,-0.63628201455697109,-0.63411400690491526,-0.63628201455697153
wave_lax_wendroff_320,214,0.66875000000000007,-0.60211886643184076,-0.59986865948975165,-0.60211886643184109
wave_lax_wendroff_320,215,0.671875,-0.56706759491727055,-0.56474832422407817,-0.56706759491727021
wave_lax_wendroff_320,216,0.67500000000000004,-0.53124474833328394,-0.52886996748348958,-0.53124474833328272
wave_lax_wendroff_320,217,0.67812500000000009,-0.49477058163731685,-0.49235417900596973,-0.49477058163731724
wave_lax_wendroff_320,218,0.68125000000000002,-0.45776835379748571,-0.45532446720399972,-0.45776835379748521
wave_lax_wendroff_320,219,0.68437500000000007,-0.42036360703510189,-0.41790653687194301,-0.42036360703510139
wave_lax_wendroff_320,220,0.6875,-0.38268343236509095,-0.38022755372677974,-0.38268343236508967
wave_lax_wendroff_320,221,0.69062500000000004,-0.34485572594718772,-0.34241540030129203,-0.34485572594718761
wave_lax_wendroff_320,222,0.69375000000000009,-0.30700844081743428,-0.30459792776197941,-0.30700844081743384
wave_lax_wendroff_320,223,0.69687500000000002,-0.26926883859771766,-0.26690220824897659,-0.26926883859771678
wave_lax_wendroff_320,224,0.70000000000000007,-0.23176274578121087,-0.22945379233189969,-0.23176274578120959
wave_lax_wendroff_320,225,0.703125,-0.19461381916319004,-0.19237597614388657,-0.19461381916318954
wave_lax_wendroff_320,226,0.70625000000000004,-0.15794282493018746,-0.15578908269631131,-0.15794282493018702
wave_lax_wendroff_320,227,0.70937500000000009,-0.12186693583617045,-0.11980976178911656,-0.12186693583616959
wave_lax_wendroff_320,228,0.71250000000000002,-0.086499050782786635,-0.084550312816958212,-0.086499050782786607
wave_lax_wendroff_320,229,0.71562500000000007,-0.051947140982504192,-0.050118034630098375,-0.051947140982504136
wave_lax_wendroff_320,230,0.71875,-0.018313626719492077,-0.016614606442092675,-0.018313626719491272
wave_lax_wendroff_320,231,0.72187500000000004,0.014305211465652751,0.015864496415179851,0.014305211465653861
wave_lax_wendroff_320,232,0.72500000000000009,0.045819783553507104,0.047230548303518916,0.045819783553507132
wave_lax_wendroff_320,233,0.72812500000000002,0.076147699406554914,0.077402077308834388,0.076147699406555303
wave_lax_wendroff_320,234,0.73125000000000007,0.10521423358925437,0.10630532439906627,0.10521423358925507
wave_lax_wendroff_320,235,0.734375,0.1329527427982613,0.13387465489536485,0.13295274279826103
wave_lax_wendroff_320,236,0.73750000000000004,0.15930503334594379,0.16005291973635852,0.15930503334594381
wave_lax_wendroff_320,237,0.74062500000000009,0.18422167644823059,0.18479176432492486,0.1842216764482309
wave_lax_wendroff_320,238,0.74375000000000002,0.20766226938971535,0.2080518830700902,0.20766226938971616
wave_lax_wendroff_320,239,0.74687500000000007,0.22959564097265434,0.22980321807152379,0.22959564097265411
wave_lax_wendroff_320,240,0.75,0.24999999999999981,0.2500251007384971,0.25000000000000006
wave_lax_wendroff_320,241,0.75312500000000004,0.2688630258939102,0.26870633548702644,0.26886302589391065
wave_lax_wendroff_320,242,0.75625000000000009,0.28618190090785306,0.2858452250160386,0.28618190090785367
wave_lax_wendroff_320,243,0.75937500000000002,0.30196328375060827,0.30144953702358862,0.30196328375060832
wave_lax_wendroff_320,244,0.76250000000000007,0.31622322480163356,0.31553641258520049,0.31622322480163367
wave_lax_wendroff_320,245,0.765625,0.32898702345738196,0.32813221677606885,0.3289870234573824
wave_lax_wendroff_320,246,0.76875000000000004,0.34028902850492987,0.3392723324749321,0.34028902850492976
wave_lax_wendroff_320,247,0.77187500000000009,0.35017238277049134,0.3490008986377095,0.35017238277049134
wave_lax_wendroff_320,248,0.77500000000000002,0.35868871363396765,0.3573704946713348,0.35868871363396782
wave_lax_wendroff_320,249,0.77812500000000007,0.36589777133436219,0.36444177287049356,0.36589777133436241
wave_lax_wendroff_320,250,0.78125,0.37186701731276517,0.37028304120014338,0.37186701731276517
wave_lax_wendroff_320,251,0.78437500000000004,0.37667116514759669,0.3749697990127851,0.37667116514759674
wave_lax_wendroff_320,252,0.78750000000000009,0.38039167692902376,0.37858422857957463,0.38039167692902381
wave_lax_wendroff_320,253,0.79062500000000002,0.38311621819414521,0.38121464558672857,0.38311621819414521
wave_lax_wendroff_320,254,0.79375000000000007,0.38493807479996101,0.38295491200160414,0.38493807479996095
wave_lax_wendroff_320,255,0.796875,0.38595553534573479,0.38390381494476844,0.38595553534573485
wave_lax_wendroff_320,256,0.80000000000000004,0.38627124296868426,0.3841644154138773,0.38627124296868426
wave_lax_wendroff_320,257,0.80312500000000009,0.38599152052566982,0.38384337089097414,0.38599152052566987
wave_lax_wendroff_320,258,0.80625000000000002,0.3852256733375507,0.38305023602574673,0.3852256733375507
wave_lax_wendroff_320,259,0.80937500000000007,0.38408527381111091,0.3818967457223546,0.38408527381111091
wave_lax_wendroff_320,260,0.8125,0.38268343236508978,0.38049608506582189,0.38268343236508978
wave_lax_wendroff_320,261,0.81562500000000004,0.38113405917117971,0.37896215060502175,0.38113405917117971
wave_lax_wendroff_320,262,0.81875000000000009,0.37955112127737034,0.37740880756245521,0.37955112127737034
wave_lax_wendroff_320,263,0.82187500000000002,0.37804789970936575,0.37594914756601688,0.3780478997093657
wave_lax_wendroff_320,264,0.82500000000000007,0.37673625114581,0.37469475149459447,0.37673625114580994
wave_lax_wendroff_320,265,0.828125,0.37572587873472524,0.37375496199769065,0.37572587873472524
wave_lax_wendroff_320,266,0.83125000000000004,0.37512361656206827,0.37323617018947108,0.37512361656206827
wave_lax_wendroff_320,267,0.83437500000000009,0.37503273219899735,0.37324112093010919,0.37503273219899735
wave_lax_wendroff_320,268,0.83750000000000002,0.37555225164283057,0.3738682409925484,0.37555225164283063
wave_lax_wendroff_320,269,0.84062500000000007,0.37677631082845431,0.3752109942715558,0.37677631082845431
wave_lax_wendroff_320,270,0.84375,0.37879353772296526,0.37735726802504821,0.37879353772296537
wave_lax_wendroff_320,271,0.84687500000000004,0.38168646882760449,0.38038879394618302,0.3816864688276046
wave_lax_wendroff_320,272,0.85000000000000009,0.38553100369873644,0.38438060764979076,0.38553100369873639
wave_lax_wendroff_320,273,0.85312500000000002,0.39039590086504827,0.38940054991970818,0.39039590086504838
wave_lax_wendroff_320,274,0.85625000000000007,0.39634231826274202,0.39550881280591832,0.39634231826274224
wave_lax_wendroff_320,275,0.859375,0.40342340103582386,0.40275753338370024,0.40342340103582375
wave_lax_wendroff_320,276,0.86250000000000004,0.41168391925639541,0.41119043769294461,0.41168391925639536
wave_lax_wendroff_320,277,0.86562500000000009,0.42115995781186277,0.42084253706621294,0.42115995781186288
wave_lax_wendroff_320,278,0.86875000000000002,0.43187866038415712,0.43173987873092001,0.43187866038415745
wave_lax_wendroff_320,279,0.87187500000000007,0.44385802911235428,0.4438993522361917,0.44385802911235417
wave_lax_wendroff_320,280,0.875,0.45710678118654735,0.45732855291055552,0.45710678118654757
wave_lax_wendroff_320,281,0.87812500000000004,0.47162426326963669,0.4720257032047892,0.47162426326963708
wave_lax_wendroff_320,282,0.88125000000000009,0.48740042428690111,0.48797963241714515,0.48740042428690156
wave_lax_wendroff_320,283,0.88437500000000002,0.50441584676317774,0.50516981493799296,0.50441584676317774
wave_lax_wendroff_320,284,0.88750000000000007,0.52264183652624274,0.52356646678989671,0.52264183652624308
wave_lax_wendroff_320,285,0.890625,0.5420405702349147,0.54313069987949114,0.54204057023491536
wave_lax_wendroff_320,286,0.89375000000000004,0.56256529983365344,0.56381473302147223,0.56256529983365333
wave_lax_wendroff_320,287,0.89687500000000009,0.58416061268418473,0.5855621584447418,0.58416061268418473
wave_lax_wendroff_320,288,0.90000000000000002,0.60676274578121037,0.60830826214843714,0.6067627457812107
wave_lax_wendroff_320,289,0.90312500000000007,0.63029995212550571,0.63198039614330936,0.63029995212550649
wave_lax_wendroff_320,290,0.90625,0.65469291700590837,0.65649840029377249,0.65469291700590837
wave_lax_wendroff_320,291,0.90937500000000004,0.67985522163374079,0.68177507116986946,0.67985522163374112
wave_lax_wendroff_320,292,0.91250000000000009,0.70569385128097417,0.70771667502830493,0.70569385128097473
wave_lax_wendroff_320,293,0.91562500000000002,0.73210974479880497,0.73422350176935225,0.73210974479880475
wave_lax_wendroff_320,294,0.91875000000000007,0.75899838213791093,0.76119045646353634,0.75899838213791104
wave_lax_wendroff_320,295,0.921875,0.78625040625708209,0.78850768481008526,0.78625040625708265
wave_lax_wendroff_320,296,0.92500000000000004,0.8137522755946307,0.8160612286796608,0.81375227559463148
wave_lax_wendroff_320,297,0.92812500000000009,0.84138694308824624,0.84373370770811096,0.84138694308824591
wave_lax_wendroff_320,298,0.93125000000000002,0.86903455756502357,0.87140502274708742,0.86903455756502379
wave_lax_wendroff_320,299,0.93437500000000007,0.89657318318517487,0.89895307684232395,0.89657318318517532
wave_lax_wendroff_320,300,0.9375,0.92387953251128585,0.92625450930201181,0.92387953251128674
wave_lax_wendroff_320,301,0.94062500000000004,0.95082970869076522,0.95318543833670355,0.95082970869076522
wave_lax_wendroff_320,302,0.94375000000000009,0.9772999521825424,0.97962220769903574,0.97729995218254262
wave_lax_wendroff_320,303,0.94687500000000002,1.003167387430854,1.0054421327265899,1.0031673874308547
wave_lax_wendroff_320,304,0.95000000000000007,1.0283107648888903,1.0305242411945894,1.0283107648888909
wave_lax_wendroff_320,305,0.953125,1.0526111938234812,1.0547500044168219,1.0526111938234812
wave_lax_wendroff_320,306,0.95625000000000004,1.0759528613885339,1.0780040540929818,1.0759528613885343
wave_lax_wendroff_320,307,0.95937500000000009,1.0982237335392471,1.100174880488203,1.0982237335392477
wave_lax_wendroff_320,308,0.96250000000000002,1.1193162334707951,1.1211555076453212,1.1193162334707951
wave_lax_wendroff_320,309,0.96562500000000007,1.1391278934034186,1.1408441414716932,1.1391278934034188
wave_lax_wendroff_320,310,0.96875,1.157561975699867,1.1591447867093223,1.1575619756998674
wave_lax_wendroff_320,311,0.97187500000000004,1.174528059489899,1.1759678289885553,1.1745280594898997
wave_lax_wendroff_320,312,0.97500000000000009,1.1899425891888751,1.1912305783805712,1.1899425891888749
wave_lax_wendroff_320,313,0.97812500000000002,1.2037293815321002,1.2048577711009323,1.2037293815321004
wave_lax_wendroff_320,314,0.98125000000000007,1.2158200880020182,1.2167820262741527,1.2158200880020185
wave_lax_wendroff_320,315,0.984375,1.2261546098000187,1.2269442549459761,1.2261546098000187
wave_lax_wendroff_320,316,0.98750000000000004,1.2346814628069165,1.2352940188241441,1.2346814628069165
wave_lax_wendroff_320,317,0.99062500000000009,1.2413580902841352,1.2417898365380369,1.2413580902841352
wave_lax_wendroff_320,318,0.99375000000000002,1.2461511213895073,1.2463994355308117,1.2461511213895073
wave_lax_wendroff_320,319,0.99687500000000007,1.2490365739153468,1.2490999480325322,1.2490365739153468
shift_upwind_-1,0,0,1.25,1.25,1.25
shift_upwind_-1,1,0.025000000000000001,1.1899425891888746,1.1899425891888746,1.1899425891888753
shift_upwind_-1,2,0.050000000000000003,1.0283107648888903,1.0283107648888903,1.0283107648888907
shift_upwind_-1,3,0.075000000000000011,0.81375227559463104,0.81375227559463104,0.81375227559463137
shift_upwind_-1,4,0.10000000000000001,0.60676274578121059,0.60676274578121059,0.60676274578120981
shift_upwind_-1,5,0.125,0.45710678118654757,0.45710678118654757,0.45710678118654768
shift_upwind_-1,6,0.15000000000000002,0.38553100369873622,0.38553100369873622,0.3855310036987365
shift_upwind_-1,7,0.17500000000000002,0.37673625114580989,0.37673625114580989,0.37673625114580989
shift_upwind_-1,8,0.20000000000000001,0.38627124296868426,0.38627124296868426,0.38627124296868431
shift_upwind_-1,9,0.22500000000000001,0.35868871363396776,0.35868871363396776,0.35868871363396748
shift_upwind_-1,10,0.25,0.25000000000000006,0.25000000000000006,0.25000000000000033
shift_upwind_-1,11,0.27500000000000002,0.045819783553505716,0.045819783553505716,0.045819783553507881
shift_upwind_-1,12,0.30000000000000004,-0.23176274578121087,-0.23176274578121087,-0.23176274578120998
shift_upwind_-1,13,0.32500000000000001,-0.5312447483332835,-0.5312447483332835,-0.53124474833328139
shift_upwind_-1,14,0.35000000000000003,-0.79003950088620978,-0.79003950088620978,-0.79003950088620956
shift_upwind_-1,15,0.375,-0.95710678118654746,-0.95710678118654746,-0.95710678118654668
shift_upwind_-1,16,0.40000000000000002,-1.0112712429686843,-1.0112712429686843,-1.0112712429686843
shift_upwind_-1,17,0.42500000000000004,-0.96826077278210454,-0.96826077278210454,-0.96826077278210443
shift_upwind_-1,18,0.45000000000000001,-0.87380226770141678,-0.87380226770141678,-0.87380226770141689
shift_upwind_-1,19,0.47500000000000003,-0.78543409200140091,-0.78543409200140091,-0.78543409200140057
shift_upwind_-1,20,0.5,-0.75,-0.75,-0.75
shift_upwind_-1,21,0.52500000000000002,-0.78543409200140091,-0.78543409200140091,-0.78543409200140024
shift_upwind_-1,22,0.55000000000000004,-0.873802267701417,-0.873802267701417,-0.87380226770141645
shift_upwind_-1,23,0.57500000000000007,-0.96826077278210487,-0.96826077278210487,-0.96826077278210498
shift_upwind_-1,24,0.60000000000000009,-1.0112712429686843,-1.0112712429686843,-1.0112712429686843
shift_upwind_-1,25,0.625,-0.95710678118654768,-0.95710678118654768,-0.95710678118654713
shift_upwind_-1,26,0.65000000000000002,-0.79003950088621022,-0.79003950088621022,-0.79003950088621056
shift_upwind_-1,27,0.67500000000000004,-0.53124474833328394,-0.53124474833328394,-0.53124474833328272
shift_upwind_-1,28,0.70000000000000007,-0.23176274578121087,-0.23176274578121087,-0.23176274578120798
shift_upwind_-1,29,0.72500000000000009,0.045819783553507104,0.045819783553507104,0.045819783553506743
shift_upwind_-1,30,0.75,0.24999999999999981,0.24999999999999981,0.24999999999999958
shift_upwind_-1,31,0.77500000000000002,0.35868871363396765,0.35868871363396765,0.3586887136339672
shift_upwind_-1,32,0.80000000000000004,0.38627124296868426,0.38627124296868426,0.38627124296868431
shift_upwind_-1,33,0.82500000000000007,0.37673625114581,0.37673625114581,0.37673625114580989
shift_upwind_-1,34,0.85000000000000009,0.38553100369873644,0.38553100369873644,0.38553100369873622
shift_upwind_-1,35,0.875,0.45710678118654735,0.45710678118654735,0.45710678118654657
shift_upwind_-1,36,0.90000000000000002,0.60676274578121037,0.60676274578121037,0.60676274578120992
shift_upwind_-1,37,0.92500000000000004,0.8137522755946307,0.8137522755946307,0.81375227559463159
shift_upwind_-1,38,0.95000000000000007,1.0283107648888903,1.0283107648888903,1.0283107648888921
shift_upwind_-1,39,0.97500000000000009,1.1899425891888751,1.1899425891888751,1.1899425891888749
shift_lax_wendroff_-1,0,0,1.25,1.25,1.25
shift_lax_wendroff_-1,1,0.025000000000000001,1.1899425891888746,1.1899425891888749,1.1899425891888753
shift_lax_wendroff_-1,2,0.050000000000000003,1.0283107648888903,1.0283107648888903,1.0283107648888907
shift_lax_wendroff_-1,3,0.075000000000000011,0.81375227559463104,0.81375227559463115,0.81375227559463137
shift_lax_wendroff_-1,4,0.10000000000000001,0.60676274578121059,0.60676274578121059,0.60676274578120981
shift_lax_wendroff_-1,5,0.125,0.45710678118654757,0.45710678118654757,0.45710678118654768
shift_lax_wendroff_-1,6,0.15000000000000002,0.38553100369873622,0.38553100369873627,0.3855310036987365
shift_lax_wendroff_-1,7,0.17500000000000002,0.37673625114580989,0.37673625114580989,0.37673625114580989
shift_lax_wendroff_-1,8,0.20000000000000001,0.38627124296868426,0.38627124296868431,0.38627124296868431
shift_lax_wendroff_-1,9,0.22500000000000001,0.35868871363396776,0.3586887136339677,0.35868871363396748
shift_lax_wendroff_-1,10,0.25,0.25000000000000006,0.25,0.25000000000000033
shift_lax_wendroff_-1,11,0.27500000000000002,0.045819783553505716,0.045819783553505689,0.045819783553507881
shift_lax_wendroff_-1,12,0.30000000000000004,-0.23176274578121087,-0.23176274578121087,-0.23176274578120998
shift_lax_wendroff_-1,13,0.32500000000000001,-0.5312447483332835,-0.5312447483332835,-0.53124474833328139
shift_lax_wendroff_-1,14,0.35000000000000003,-0.79003950088620978,-0.79003950088620978,-0.79003950088620956
shift_lax_wendroff_-1,15,0.375,-0.95710678118654746,-0.95710678118654746,-0.95710678118654668
shift_lax_wendroff_-1,16,0.40000000000000002,-1.0112712429686843,-1.0112712429686843,-1.0112712429686843
shift_lax_wendroff_-1,17,0.42500000000000004,-0.96826077278210454,-0.96826077278210443,-0.96826077278210443
shift_lax_wendroff_-1,18,0.45000000000000001,-0.87380226770141678,-0.87380226770141678,-0.87380226770141689
shift_lax_wendroff_-1,19,0.47500000000000003,-0.78543409200140091,-0.78543409200140091,-0.78543409200140057
shift_lax_wendroff_-1,20,0.5,-0.75,-0.75,-0.75
shift_lax_wendroff_-1,21,0.52500000000000002,-0.78543409200140091,-0.78543409200140091,-0.78543409200140024
shift_lax_wendroff_-1,22,0.55000000000000004,-0.873802267701417,-0.873802267701417,-0.87380226770141645
shift_lax_wendroff_-1,23,0.57500000000000007,-0.96826077278210487,-0.96826077278210487,-0.96826077278210498
shift_lax_wendroff_-1,24,0.60000000000000009,-1.0112712429686843,-1.0112712429686841,-1.0112712429686843
shift_lax_wendroff_-1,25,0.625,-0.95710678118654768,-0.95710678118654746,-0.95710678118654713
shift_lax_wendroff_-1,26,0.65000000000000002,-0.79003950088621022,-0.79003950088621022,-0.79003950088621056
shift_lax_wendroff_-1,27,0.67500000000000004,-0.53124474833328394,-0.53124474833328383,-0.53124474833328272
shift_lax_wendroff_-1,28,0.70000000000000007,-0.23176274578121087,-0.23176274578121081,-0.23176274578120798
shift_lax_wendroff_-1,29,0.72500000000000009,0.045819783553507104,0.045819783553507132,0.045819783553506743
shift_lax_wendroff_-1,30,0.75,0.24999999999999981,0.24999999999999978,0.24999999999999958
shift_lax_wendroff_-1,31,0.77500000000000002,0.35868871363396765,0.3586887136339677,0.3586887136339672
shift_lax_wendroff_-1,32,0.80000000000000004,0.38627124296868426,0.3862712429686842,0.38627124296868431
shift_lax_wendroff_-1,33,0.82500000000000007,0.37673625114581,0.37673625114581,0.37673625114580989
shift_lax_wendroff_-1,34,0.85000000000000009,0.38553100369873644,0.38553100369873639,0.38553100369873622
shift_lax_wendroff_-1,35,0.875,0.45710678118654735,0.45710678118654735,0.45710678118654657
shift_lax_wendroff_-1,36,0.90000000000000002,0.60676274578121037,0.60676274578121037,0.60676274578120992
shift_lax_wendroff_-1,37,0.92500000000000004,0.8137522755946307,0.8137522755946307,0.81375227559463159
shift_lax_wendroff_-1,38,0.95000000000000007,1.0283107648888903,1.0283107648888903,1.0283107648888921
shift_lax_wendroff_-1,39,0.97500000000000009,1.1899425891888751,1.1899425891888749,1.1899425891888749
shift_upwind_0,0,0,1.25,1.25,1.25
shift_upwind_0,1,0.025000000000000001,1.1899425891888746,1.1899425891888746,1.1899425891888746
shift_upwind_0,2,0.050000000000000003,1.0283107648888903,1.0283107648888903,1.0283107648888903
shift_upwind_0,3,0.075000000000000011,0.81375227559463104,0.81375227559463104,0.81375227559463104
shift_upwind_0,4,0.10000000000000001,0.60676274578121059,0.60676274578121059,0.60676274578121059
shift_upwind_0,5,0.125,0.45710678118654757,0.45710678118654757,0.45710678118654757
shift_upwind_0,6,0.15000000000000002,0.38553100369873622,0.38553100369873622,0.38553100369873622
shift_upwind_0,7,0.17500000000000002,0.37673625114580989,0.37673625114580989,0.37673625114580989
shift_upwind_0,8,0.20000000000000001,0.38627124296868426,0.38627124296868426,0.38627124296868426
shift_upwind_0,9,0.22500000000000001,0.35868871363396776,0.35868871363396776,0.35868871363396776
shift_upwind_0,10,0.25,0.25000000000000006,0.25000000000000006,0.25000000000000006
shift_upwind_0,11,0.27500000000000002,0.045819783553505716,0.045819783553505716,0.045819783553505716
shift_upwind_0,12,0.30000000000000004,-0.23176274578121087,-0.23176274578121087,-0.23176274578121087
shift_upwind_0,13,0.32500000000000001,-0.5312447483332835,-0.5312447483332835,-0.5312447483332835
shift_upwind_0,14,0.35000000000000003,-0.79003950088620978,-0.79003950088620978,-0.79003950088620978
shift_upwind_0,15,0.375,-0.95710678118654746,-0.95710678118654746,-0.95710678118654746
shift_upwind_0,16,0.40000000000000002,-1.0112712429686843,-1.0112712429686843,-1.0112712429686843
shift_upwind_0,17,0.42500000000000004,-0.96826077278210454,-0.96826077278210454,-0.96826077278210454
shift_upwind_0,18,0.45000000000000001,-0.87380226770141678,-0.87380226770141678,-0.87380226770141678
shift_upwind_0,19,0.47500000000000003,-0.78543409200140091,-0.78543409200140091,-0.78543409200140091
shift_upwind_0,20,0.5,-0.75,-0.75,-0.75
shift_upwind_0,21,0.52500000000000002,-0.78543409200140091,-0.78543409200140091,-0.78543409200140091
shift_upwind_0,22,0.55000000000000004,-0.873802267701417,-0.873802267701417,-0.873802267701417
shift_upwind_0,23,0.57500000000000007,-0.96826077278210487,-0.96826077278210487,-0.96826077278210487
shift_upwind_0,24,0.60000000000000009,-1.0112712429686843,-1.0112712429686843,-1.0112712429686843
shift_upwind_0,25,0.625,-0.95710678118654768,-0.95710678118654768,-0.95710678118654768
shift_upwind_0,26,0.65000000000000002,-0.79003950088621022,-0.79003950088621022,-0.79003950088621022
shift_upwind_0,27,0.67500000000000004,-0.53124474833328394,-0.53124474833328394,-0.53124474833328394
shift_upwind_0,28,0.70000000000000007,-0.23176274578121087,-0.23176274578121087,-0.23176274578121087
shift_upwind_0,29,0.72500000000000009,0.045819783553507104,0.045819783553507104,0.045819783553507104
shift_upwind_0,30,0.75,0.24999999999999981,0.24999999999999981,0.24999999999999981
shift_upwind_0,31,0.77500000000000002,0.35868871363396765,0.35868871363396765,0.35868871363396765
shift_upwind_0,32,0.80000000000000004,0.38627124296868426,0.38627124296868426,0.38627124296868426
shift_upwind_0,33,0.82500000000000007,0.37673625114581,0.37673625114581,0.37673625114581
shift_upwind_0,34,0.85000000000000009,0.38553100369873644,0.38553100369873644,0.38553100369873644
shift_upwind_0,35,0.875,0.45710678118654735,0.45710678118654735,0.45710678118654735
shift_upwind_0,36,0.90000000000000002,0.60676274578121037,0.60676274578121037,0.60676274578121037
shift_upwind_0,37,0.92500000000000004,0.8137522755946307,0.8137522755946307,0.8137522755946307
shift_upwind_0,38,0.95000000000000007,1.0283107648888903,1.0283107648888903,1.0283107648888903
shift_upwind_0,39,0.97500000000000009,1.1899425891888751,1.1899425891888751,1.1899425891888751
shift_lax_wendroff_0,0,0,1.25,1.25,1.25
shift_lax_wendroff_0,1,0.025000000000000001,1.1899425891888746,1.1899425891888746,1.1899425891888746
shift_lax_wendroff_0,2,0.050000000000000003,1.0283107648888903,1.0283107648888903,1.0283107648888903
shift_lax_wendroff_0,3,0.075000000000000011,0.81375227559463104,0.81375227559463104,0.81375227559463104
shift_lax_wendroff_0,4,0.10000000000000001,0.60676274578121059,0.60676274578121059,0.60676274578121059
shift_lax_wendroff_0,5,0.125,0.45710678118654757,0.45710678118654757,0.45710678118654757
shift_lax_wendroff_0,6,0.15000000000000002,0.38553100369873622,0.38553100369873622,0.38553100369873622
shift_lax_wendroff_0,7,0.17500000000000002,0.37673625114580989,0.37673625114580989,0.37673625114580989
shift_lax_wendroff_0,8,0.20000000000000001,0.38627124296868426,0.38627124296868426,0.38627124296868426
shift_lax_wendroff_0,9,0.22500000000000001,0.35868871363396776,0.35868871363396776,0.35868871363396776
shift_lax_wendroff_0,10,0.25,0.25000000000000006,0.25000000000000006,0.25000000000000006
shift_lax_wendroff_0,11,0.27500000000000002,0.045819783553505716,0.045819783553505716,0.045819783553505716
shift_lax_wendroff_0,12,0.30000000000000004,-0.23176274578121087,-0.23176274578121087,-0.23176274578121087
shift_lax_wendroff_0,13,0.32500000000000001,-0.5312447483332835,-0.5312447483332835,-0.5312447483332835
shift_lax_wendroff_0,14,0.35000000000000003,-0.79003950088620978,-0.79003950088620978,-0.79003950088620978
shift_lax_wendroff_0,15,0.375,-0.95710678118654746,-0.95710678118654746,-0.95710678118654746
shift_lax_wendroff_0,16,0.40000000000000002,-1.0112712429686843,-1.0112712429686843,-1.0112712429686843
shift_lax_wendroff_0,17,0.42500000000000004,-0.96826077278210454,-0.96826077278210454,-0.96826077278210454
shift_lax_wendroff_0,18,0.45000000000000001,-0.87380226770141678,-0.87380226770141678,-0.87380226770141678
shift_lax_wendroff_0,19,0.47500000000000003,-0.78543409200140091,-0.78543409200140091,-0.78543409200140091
shift_lax_wendroff_0,20,0.5,-0.75,-0.75,-0.75
shift_lax_wendroff_0,21,0.52500000000000002,-0.78543409200140091,-0.78543409200140091,-0.78543409200140091
shift_lax_wendroff_0,22,0.55000000000000004,-0.873802267701417,-0.873802267701417,-0.873802267701417
shift_lax_wendroff_0,23,0.57500000000000007,-0.96826077278210487,-0.96826077278210487,-0.96826077278210487
shift_lax_wendroff_0,24,0.60000000000000009,-1.0112712429686843,-1.0112712429686843,-1.0112712429686843
shift_lax_wendroff_0,25,0.625,-0.95710678118654768,-0.95710678118654768,-0.95710678118654768
shift_lax_wendroff_0,26,0.65000000000000002,-0.79003950088621022,-0.79003950088621022,-0.79003950088621022
shift_lax_wendroff_0,27,0.67500000000000004,-0.53124474833328394,-0.53124474833328394,-0.53124474833328394
shift_lax_wendroff_0,28,0.70000000000000007,-0.23176274578121087,-0.23176274578121087,-0.23176274578121087
shift_lax_wendroff_0,29,0.72500000000000009,0.045819783553507104,0.045819783553507104,0.045819783553507104
shift_lax_wendroff_0,30,0.75,0.24999999999999981,0.24999999999999981,0.24999999999999981
shift_lax_wendroff_0,31,0.77500000000000002,0.35868871363396765,0.35868871363396765,0.35868871363396765
shift_lax_wendroff_0,32,0.80000000000000004,0.38627124296868426,0.38627124296868426,0.38627124296868426
shift_lax_wendroff_0,33,0.82500000000000007,0.37673625114581,0.37673625114581,0.37673625114581
shift_lax_wendroff_0,34,0.85000000000000009,0.38553100369873644,0.38553100369873644,0.38553100369873644
shift_lax_wendroff_0,35,0.875,0.45710678118654735,0.45710678118654735,0.45710678118654735
shift_lax_wendroff_0,36,0.90000000000000002,0.60676274578121037,0.60676274578121037,0.60676274578121037
shift_lax_wendroff_0,37,0.92500000000000004,0.8137522755946307,0.8137522755946307,0.8137522755946307
shift_lax_wendroff_0,38,0.95000000000000007,1.0283107648888903,1.0283107648888903,1.0283107648888903
shift_lax_wendroff_0,39,0.97500000000000009,1.1899425891888751,1.1899425891888751,1.1899425891888751
shift_upwind_1,0,0,1.25,1.25,1.25
shift_upwind_1,1,0.025000000000000001,1.1899425891888746,1.1899425891888746,1.1899425891888744
shift_upwind_1,2,0.050000000000000003,1.0283107648888903,1.0283107648888903,1.0283107648888903
shift_upwind_1,3,0.075000000000000011,0.81375227559463104,0.81375227559463104,0.8137522755946307
shift_upwind_1,4,0.10000000000000001,0.60676274578121059,0.60676274578121059,0.60676274578121037
shift_upwind_1,5,0.125,0.45710678118654757,0.45710678118654757,0.45710678118654735
shift_upwind_1,6,0.15000000000000002,0.38553100369873622,0.38553100369873622,0.38553100369873616
shift_upwind_1,7,0.17500000000000002,0.37673625114580989,0.37673625114580989,0.37673625114581
shift_upwind_1,8,0.20000000000000001,0.38627124296868426,0.38627124296868426,0.38627124296868426
shift_upwind_1,9,0.22500000000000001,0.35868871363396776,0.35868871363396776,0.35868871363396765
shift_upwind_1,10,0.25,0.25000000000000006,0.25000000000000006,0.24999999999999981
shift_upwind_1,11,0.27500000000000002,0.045819783553505716,0.045819783553505716,0.045819783553505716
shift_upwind_1,12,0.30000000000000004,-0.23176274578121087,-0.23176274578121087,-0.23176274578121087
shift_upwind_1,13,0.32500000000000001,-0.5312447483332835,-0.5312447483332835,-0.53124474833328394
shift_upwind_1,14,0.35000000000000003,-0.79003950088620978,-0.79003950088620978,-0.79003950088621155
shift_upwind_1,15,0.375,-0.95710678118654746,-0.95710678118654746,-0.95710678118654768
shift_upwind_1,16,0.40000000000000002,-1.0112712429686843,-1.0112712429686843,-1.0112712429686843
shift_upwind_1,17,0.42500000000000004,-0.96826077278210454,-0.96826077278210454,-0.96826077278210443
shift_upwind_1,18,0.45000000000000001,-0.87380226770141678,-0.87380226770141678,-0.873802267701417
shift_upwind_1,19,0.47500000000000003,-0.78543409200140091,-0.78543409200140091,-0.78543409200140057
shift_upwind_1,20,0.5,-0.75,-0.75,-0.75
shift_upwind_1,21,0.52500000000000002,-0.78543409200140091,-0.78543409200140091,-0.78543409200140091
shift_upwind_1,22,0.55000000000000004,-0.873802267701417,-0.873802267701417,-0.87380226770141711
shift_upwind_1,23,0.57500000000000007,-0.96826077278210487,-0.96826077278210487,-0.96826077278210498
shift_upwind_1,24,0.60000000000000009,-1.0112712429686843,-1.0112712429686843,-1.0112712429686843
shift_upwind_1,25,0.625,-0.95710678118654768,-0.95710678118654768,-0.95710678118654746
shift_upwind_1,26,0.65000000000000002,-0.79003950088621022,-0.79003950088621022,-0.79003950088620978
shift_upwind_1,27,0.67500000000000004,-0.53124474833328394,-0.53124474833328394,-0.53124474833328272
shift_upwind_1,28,0.70000000000000007,-0.23176274578121087,-0.23176274578121087,-0.23176274578120959
shift_upwind_1,29,0.72500000000000009,0.045819783553507104,0.045819783553507104,0.045819783553507132
shift_upwind_1,30,0.75,0.24999999999999981,0.24999999999999981,0.25000000000000006
shift_upwind_1,31,0.77500000000000002,0.35868871363396765,0.35868871363396765,0.35868871363396782
shift_upwind_1,32,0.80000000000000004,0.38627124296868426,0.38627124296868426,0.38627124296868426
shift_upwind_1,33,0.82500000000000007,0.37673625114581,0.37673625114581,0.37673625114580994
shift_upwind_1,34,0.85000000000000009,0.38553100369873644,0.38553100369873644,0.38553100369873639
shift_upwind_1,35,0.875,0.45710678118654735,0.45710678118654735,0.45710678118654757
shift_upwind_1,36,0.90000000000000002,0.60676274578121037,0.60676274578121037,0.6067627457812107
shift_upwind_1,37,0.92500000000000004,0.8137522755946307,0.8137522755946307,0.81375227559463148
shift_upwind_1,38,0.95000000000000007,1.0283107648888903,1.0283107648888903,1.0283107648888909
shift_upwind_1,39,0.97500000000000009,1.1899425891888751,1.1899425891888751,1.1899425891888749
shift_lax_wendroff_1,0,0,1.25,1.25,1.25
shift_lax_wendroff_1,1,0.025000000000000001,1.1899425891888746,1.1899425891888749,1.1899425891888744
shift_lax_wendroff_1,2,0.050000000000000003,1.0283107648888903,1.0283107648888903,1.0283107648888903
shift_lax_wendroff_1,3,0.075000000000000011,0.81375227559463104,0.81375227559463104,0.8137522755946307
shift_lax_wendroff_1,4,0.10000000000000001,0.60676274578121059,0.60676274578121059,0.60676274578121037
shift_lax_wendroff_1,5,0.125,0.45710678118654757,0.45710678118654757,0.45710678118654735
shift_lax_wendroff_1,6,0.15000000000000002,0.38553100369873622,0.38553100369873616,0.38553100369873616
shift_lax_wendroff_1,7,0.17500000000000002,0.37673625114580989,0.37673625114580989,0.37673625114581
shift_lax_wendroff_1,8,0.20000000000000001,0.38627124296868426,0.3862712429686842,0.38627124296868426
shift_lax_wendroff_1,9,0.22500000000000001,0.35868871363396776,0.3586887136339677,0.35868871363396765
shift_lax_wendroff_1,10,0.25,0.25000000000000006,0.25000000000000011,0.24999999999999981
shift_lax_wendroff_1,11,0.27500000000000002,0.045819783553505716,0.045819783553505689,0.045819783553505716
shift_lax_wendroff_1,12,0.30000000000000004,-0.23176274578121087,-0.23176274578121081,-0.23176274578121087
shift_lax_wendroff_1,13,0.32500000000000001,-0.5312447483332835,-0.53124474833328339,-0.53124474833328394
shift_lax_wendroff_1,14,0.35000000000000003,-0.79003950088620978,-0.79003950088620978,-0.79003950088621155
shift_lax_wendroff_1,15,0.375,-0.95710678118654746,-0.95710678118654768,-0.95710678118654768
shift_lax_wendroff_1,16,0.40000000000000002,-1.0112712429686843,-1.0112712429686845,-1.0112712429686843
shift_lax_wendroff_1,17,0.42500000000000004,-0.96826077278210454,-0.96826077278210465,-0.96826077278210443
shift_lax_wendroff_1,18,0.45000000000000001,-0.87380226770141678,-0.87380226770141678,-0.873802267701417
shift_lax_wendroff_1,19,0.47500000000000003,-0.78543409200140091,-0.78543409200140091,-0.78543409200140057
shift_lax_wendroff_1,20,0.5,-0.75,-0.75,-0.75
shift_lax_wendroff_1,21,0.52500000000000002,-0.78543409200140091,-0.78543409200140091,-0.78543409200140091
shift_lax_wendroff_1,22,0.55000000000000004,-0.873802267701417,-0.873802267701417,-0.87380226770141711
shift_lax_wendroff_1,23,0.57500000000000007,-0.96826077278210487,-0.96826077278210487,-0.96826077278210498
shift_lax_wendroff_1,24,0.60000000000000009,-1.0112712429686843,-1.0112712429686841,-1.0112712429686843
shift_lax_wendroff_1,25,0.625,-0.95710678118654768,-0.95710678118654746,-0.95710678118654746
shift_lax_wendroff_1,26,0.65000000000000002,-0.79003950088621022,-0.79003950088621022,-0.79003950088620978
shift_lax_wendroff_1,27,0.67500000000000004,-0.53124474833328394,-0.53124474833328383,-0.53124474833328272
shift_lax_wendroff_1,28,0.70000000000000007,-0.23176274578121087,-0.23176274578121087,-0.23176274578120959
shift_lax_wendroff_1,29,0.72500000000000009,0.045819783553507104,0.045819783553507076,0.045819783553507132
shift_lax_wendroff_1,30,0.75,0.24999999999999981,0.24999999999999978,0.25000000000000006
shift_lax_wendroff_1,31,0.77500000000000002,0.35868871363396765,0.35868871363396759,0.35868871363396782
shift_lax_wendroff_1,32,0.80000000000000004,0.38627124296868426,0.38627124296868431,0.38627124296868426
shift_lax_wendroff_1,33,0.82500000000000007,0.37673625114581,0.37673625114581,0.37673625114580994
shift_lax_wendroff_1,34,0.85000000000000009,0.38553100369873644,0.3855310036987365,0.38553100369873639
shift_lax_wendroff_1,35,0.875,0.45710678118654735,0.45710678118654735,0.45710678118654757
shift_lax_wendroff_1,36,0.90000000000000002,0.60676274578121037,0.60676274578121037,0.6067627457812107
shift_lax_wendroff_1,37,0.92500000000000004,0.8137522755946307,0.8137522755946307,0.81375227559463148
shift_lax_wendroff_1,38,0.95000000000000007,1.0283107648888903,1.0283107648888903,1.0283107648888909
shift_lax_wendroff_1,39,0.97500000000000009,1.1899425891888751,1.1899425891888749,1.1899425891888749
